# https://github.com/mikedh/trimesh
v -0.00499476 -0.23040894 0.33873618
v 0.00499476 -0.23040894 0.33873618
v -0.00499476 -0.23040894 0.34358412
v -0.03496333 -0.23022857 0.33903301
v -0.08499086 -0.22846994 -0.23490515
v -0.07496138 -0.22851503 -0.23490515
v 0.03496333 -0.23031875 0.34496927
v 0.00499476 -0.23040894 0.34417775
v 0.07496138 -0.22851503 -0.23490515
v 0.02837024 -0.23004818 0.35011402
v -0.03496333 -0.22986782 0.34843209
v -0.03496333 -0.23022857 0.34338626
v -0.04103696 -0.23013839 0.33942875
v -0.09498038 -0.22810921 -0.23490515
v -0.09498038 -0.22797394 -0.25498953
v -0.08499086 -0.22815430 -0.27497497
v -0.07496138 -0.22828957 -0.26498225
v 0.04259532 -0.23013839 0.34496927
v 0.04235557 -0.23004818 0.35021296
v 0.08499086 -0.22846994 -0.23490515
v 0.03496333 -0.23004818 0.35031191
v 0.07496138 -0.22828957 -0.26498225
v -0.07068586 -0.22035325 0.40156168
v -0.04499281 -0.22869542 0.35496199
v -0.04463319 -0.22968745 0.34526607
v -0.04103696 -0.23013839 0.34219900
v -0.10496990 -0.22752300 -0.23490515
v -0.09498038 -0.22810921 0.23495044
v -0.10496990 -0.22720733 -0.27497497
v -0.10496990 -0.22680151 -0.32493854
v -0.09498038 -0.22738773 -0.32493854
v -0.08499086 -0.22761318 -0.33493125
v -0.07496138 -0.22765827 -0.33493125
v 0.09498038 -0.22810921 0.23495044
v 0.09498038 -0.22788373 0.26492858
v 0.09498038 -0.22738773 0.32498384
v 0.09498038 -0.22725245 0.33497655
v 0.10496990 -0.22666624 0.33497655
v 0.09498038 -0.22810921 -0.23490515
v 0.11499938 -0.22598985 0.33497655
v 0.11499938 -0.22517818 0.34496927
v 0.07072582 -0.22035325 0.40205637
v 0.06497186 -0.22039834 0.40205637
v 0.08499086 -0.22815430 -0.27497497
v 0.09498038 -0.22806412 -0.24499680
v 0.07496138 -0.22765827 -0.33493125
v -0.12091318 -0.22026306 0.37138566
v -0.11499938 -0.22359994 0.35496199
v -0.11499938 -0.22517818 0.34496927
v -0.07496138 -0.21521267 0.42491099
v -0.09126428 -0.21056813 0.44153255
v -0.10496990 -0.22666624 0.33497655
v -0.09498038 -0.22725245 0.33497655
v -0.09498038 -0.22738773 0.32498384
v -0.09498038 -0.22797394 0.25493586
v -0.11499938 -0.22671133 -0.22491243
v -0.11499938 -0.22662115 -0.24499680
v -0.11499938 -0.22657606 -0.25498953
v -0.11499938 -0.22603494 -0.33493125
v -0.10496990 -0.22752300 0.23495044
v -0.10496990 -0.22671133 -0.33493125
v -0.09498038 -0.22729754 -0.33493125
v -0.08499086 -0.22675642 -0.34492397
v 0.10496990 -0.22752300 0.22495772
v 0.10496990 -0.22743282 0.24494316
v 0.10496990 -0.22711715 0.28491402
v 0.10496990 -0.22693679 0.30499840
v 0.10496990 -0.22752300 -0.23490515
v 0.12395000 -0.22278824 0.33497655
v 0.12375020 -0.22242752 0.34496927
v 0.11499938 -0.22617021 0.31499112
v 0.12319079 -0.22161585 0.35496199
v 0.12211192 -0.22080418 0.36495471
v 0.12091318 -0.22026306 0.37138566
v 0.11499938 -0.22359994 0.35496199
v 0.07496138 -0.21742222 0.41491827
v 0.09122432 -0.21056813 0.44133466
v 0.07496138 -0.21512249 0.42491099
v 0.08499086 -0.22761318 -0.33493125
v 0.09498038 -0.22747791 -0.31494582
v 0.10496990 -0.22729754 -0.26498225
v 0.10496990 -0.22689170 -0.31494582
v 0.08499086 -0.22675642 -0.34492397
v -0.12498891 -0.21656546 0.38494012
v -0.12454937 -0.21845934 0.37484848
v -0.12211192 -0.22080418 0.36495471
v -0.11152302 -0.20073789 0.47151071
v -0.12323075 -0.22161585 0.35496199
v -0.12379016 -0.22242752 0.34496927
v -0.11499938 -0.22598985 0.33497655
v -0.08499086 -0.21065831 0.44173044
v -0.10496990 -0.20091826 0.47180751
v -0.10496990 -0.22680151 0.32498384
v -0.10496990 -0.22689170 0.31499112
v -0.10496990 -0.22729754 0.26492858
v -0.12406987 -0.22305882 -0.22491243
v -0.12402991 -0.22305882 -0.24499680
v -0.12402991 -0.22301373 -0.26498225
v -0.12398995 -0.22287846 -0.31494582
v -0.11499938 -0.22671133 0.22495772
v -0.12398995 -0.22278824 -0.33493125
v -0.12379016 -0.22242752 -0.34492397
v -0.11499938 -0.22526836 -0.34492397
v -0.11499938 -0.22617021 0.31499112
v -0.11499938 -0.22657606 0.25493586
v -0.10496990 -0.22589967 -0.34492397
v -0.09498038 -0.22644076 -0.34492397
v -0.09498038 -0.22481743 -0.35491669
v -0.08499086 -0.22504291 -0.35491669
v 0.11499938 -0.22671133 0.22495772
v 0.11499938 -0.22662115 0.24494316
v 0.11499938 -0.22603494 -0.33493125
v 0.11499938 -0.22657606 -0.25498953
v 0.11499938 -0.22662115 -0.24499680
v 0.11499938 -0.22671133 -0.22491243
v 0.12398995 -0.22283334 0.32498384
v 0.12894475 -0.21904555 0.33497655
v 0.12874496 -0.21895537 0.34496927
v 0.12818556 -0.21877500 0.35496199
v 0.12710668 -0.21863973 0.36495471
v 0.12454937 -0.21845934 0.37474954
v 0.12498891 -0.21652037 0.38494012
v 0.11152302 -0.20073789 0.47141176
v 0.10496990 -0.20087317 0.47170857
v 0.09498038 -0.22729754 -0.33493125
v 0.10496990 -0.22671133 -0.33493125
v 0.09498038 -0.22644076 -0.34492397
v 0.08499086 -0.22504291 -0.35491669
v 0.09498038 -0.22481743 -0.35491669
v -0.13166191 -0.21088377 0.40314469
v -0.13298053 -0.21187580 0.39493284
v -0.14085227 -0.20042226 0.44163150
v -0.12710668 -0.21863973 0.36495471
v -0.12498891 -0.19099787 0.49119931
v -0.13102257 -0.19072729 0.49080357
v -0.15140121 -0.19099787 0.47240114
v -0.12822551 -0.21882010 0.35496199
v -0.12878492 -0.21900046 0.34496927
v -0.12395000 -0.22278824 0.33497655
v 0.11499938 -0.19415435 0.48496625
v -0.11499938 -0.19419944 0.48496625
v -0.12906463 -0.21913573 -0.23490515
v -0.12902467 -0.21909064 -0.28496769
v -0.12898472 -0.21904555 -0.33493125
v -0.12406987 -0.22305882 0.22495772
v -0.12398995 -0.22283334 0.32498384
v -0.12402991 -0.22296864 0.27492130
v -0.12402991 -0.22305882 0.24494316
v -0.12878492 -0.21895537 -0.34492397
v -0.12822551 -0.21882010 -0.35491669
v -0.12722656 -0.21863973 -0.36490941
v -0.12323075 -0.22170603 -0.35491669
v -0.12223180 -0.22089437 -0.36490941
v -0.12103305 -0.22030815 -0.37163720
v -0.11499938 -0.22369012 -0.35491669
v -0.10496990 -0.22432142 -0.35491669
v -0.10496990 -0.22269806 -0.36490941
v -0.09498038 -0.22310391 -0.36490941
v -0.08499086 -0.22323918 -0.36490941
v 0.12406987 -0.22305882 0.22495772
v 0.12402991 -0.22305882 0.24494316
v 0.12402991 -0.22296864 0.27492130
v 0.11499938 -0.22526836 -0.34492397
v 0.12379016 -0.22242752 -0.34492397
v 0.12398995 -0.22278824 -0.33493125
v 0.12398995 -0.22287846 -0.31494582
v 0.12402991 -0.22301373 -0.26498225
v 0.12402991 -0.22305882 -0.24499680
v 0.12406987 -0.22305882 -0.22491243
v 0.12898472 -0.21904555 0.32498384
v 0.13917403 -0.20903498 0.35496199
v 0.13909411 -0.20898986 0.36495471
v 0.13417926 -0.21376970 0.35496199
v 0.13405938 -0.21363443 0.36495471
v 0.13385960 -0.21336386 0.37494743
v 0.13353993 -0.21286786 0.38494012
v 0.13290061 -0.21187580 0.39493284
v 0.13162194 -0.21083868 0.40314469
v 0.15148112 -0.19099787 0.47240114
v 0.14089222 -0.20037717 0.44153255
v 0.13102257 -0.19072729 0.49080357
v 0.12498891 -0.19099787 0.49110040
v 0.14496794 -0.19424453 0.46498081
v 0.10496990 -0.22589967 -0.34492397
v 0.08499086 -0.22323918 -0.36490941
v 0.09498038 -0.22310391 -0.36490941
v 0.10496990 -0.22265297 -0.36490941
v -0.13357989 -0.21286786 0.38494012
v -0.15236020 -0.19180954 0.46498081
v -0.00499476 -0.18080691 0.50089520
v -0.01498428 -0.18080691 0.50079632
v -0.04499281 -0.18053633 0.50049949
v -0.08499086 -0.18017560 0.50010371
v -0.12498891 -0.18495542 0.49575046
v -0.15499742 -0.17498994 0.49792710
v -0.15499742 -0.18170875 0.49307916
v -0.16123089 -0.18103236 0.49189189
v -0.13389955 -0.21340898 0.37494743
v -0.13409935 -0.21363443 0.36495471
v -0.13417926 -0.21385989 0.35496199
v -0.12898472 -0.21904555 0.33497655
v -0.13917403 -0.20903498 -0.35491669
v -0.12906463 -0.21913573 0.23495044
v -0.13909411 -0.20898986 -0.36490941
v -0.13417926 -0.21381480 -0.35491669
v -0.13409935 -0.21363443 -0.36490941
v -0.12898472 -0.21909064 0.31499112
v -0.12902467 -0.21909064 0.29490674
v -0.13385960 -0.21340898 -0.37490213
v -0.13353993 -0.21291295 -0.38499379
v -0.13298053 -0.21196601 -0.39498651
v -0.12462928 -0.21854955 -0.37500107
v -0.12498891 -0.21674582 -0.38499379
v -0.11499938 -0.21967685 -0.37826601
v -0.11499938 -0.22062379 -0.37331912
v -0.11499938 -0.22206676 -0.36490941
v -0.10492995 -0.22080418 -0.37559471
v -0.10153350 -0.22008270 -0.38024476
v -0.09498038 -0.22125509 -0.37490213
v -0.08499086 -0.22134528 -0.37490213
v 0.12906463 -0.21913573 0.23495044
v 0.12902467 -0.21909064 0.28491402
v 0.12898472 -0.21909064 0.30499840
v 0.11499938 -0.22369012 -0.35491669
v 0.12103305 -0.22030815 -0.37163720
v 0.12223180 -0.22089437 -0.36490941
v 0.12327071 -0.22170603 -0.35491669
v 0.12722656 -0.21868482 -0.36490941
v 0.12826547 -0.21886519 -0.35491669
v 0.12878492 -0.21900046 -0.34492397
v 0.12898472 -0.21904555 -0.33493125
v 0.12898472 -0.21909064 -0.31494582
v 0.12902467 -0.21909064 -0.29496041
v 0.12906463 -0.21913573 -0.23490515
v 0.19087979 -0.15100059 0.25493586
v 0.16250955 -0.18283609 0.44499537
v 0.15799429 -0.18784136 0.44499537
v 0.13917403 -0.20898986 -0.35491669
v 0.19087979 -0.15100059 -0.24499680
v 0.13885435 -0.20885459 0.37494743
v 0.15775454 -0.18775117 0.45498809
v 0.15299952 -0.19271138 0.44499537
v 0.13853469 -0.20867422 0.38494012
v 0.15275978 -0.19239575 0.45498809
v 0.15244012 -0.19185463 0.46498081
v 0.16123089 -0.18103236 0.49189189
v 0.15499742 -0.18170875 0.49307916
v 0.15499742 -0.17498994 0.49792710
v 0.12498891 -0.18495542 0.49565151
v 0.05498233 -0.18035597 0.50040054
v 0.04499281 -0.18044615 0.50049949
v 0.02497381 -0.18062654 0.50069737
v 0.00499476 -0.18076181 0.50089520
v 0.08499086 -0.22134528 -0.37490213
v 0.09498038 -0.22125509 -0.37490213
v 0.10153350 -0.22008270 -0.38024476
v 0.10488998 -0.22080418 -0.37559471
v 0.11499938 -0.22206676 -0.36490941
v 0.11499938 -0.22062379 -0.37331912
v -0.16183026 -0.18184403 0.48496625
v -0.15259995 -0.19230556 0.45498809
v 0.00499476 -0.17498994 0.50317079
v -0.00499476 -0.17498994 0.50317079
v -0.09286260 -0.18008542 0.50000477
v -0.09949564 -0.17990506 0.49990582
v -0.11499938 -0.17837188 0.49970797
v -0.12498891 -0.17728966 0.49951011
v -0.13497843 -0.17602706 0.49911433
v -0.14117193 -0.17021009 0.50000477
v -0.15499742 -0.16497934 0.49941117
v -0.16274931 -0.17498994 0.49377170
v -0.16594595 -0.17498994 0.48496625
v -0.13861461 -0.20871931 0.38494012
v -0.13909411 -0.20898986 0.36495471
v -0.13889432 -0.20885459 0.37494743
v -0.13413930 -0.21399516 0.34496927
v -0.19087979 -0.15100059 -0.25498953
v -0.19083984 -0.15100059 -0.32493854
v -0.16246960 -0.18279099 -0.44495010
v -0.13917403 -0.20898986 0.35496199
v -0.19087979 -0.15100059 0.24494316
v -0.14828447 -0.19821271 -0.41497195
v -0.13885435 -0.20885459 -0.37490213
v -0.15775454 -0.18775117 -0.44495010
v -0.13857466 -0.20867422 -0.38499379
v -0.14328972 -0.20272198 -0.41497195
v -0.14285018 -0.20213577 -0.42496467
v -0.14185122 -0.20114374 -0.43495739
v -0.13134225 -0.21074849 -0.40497923
v -0.13010354 -0.21002701 -0.41012397
v -0.12498891 -0.21444610 -0.39498651
v -0.11499938 -0.21796334 -0.38499379
v -0.09498038 -0.22012779 -0.38044265
v -0.11499938 -0.21521267 -0.39498651
v -0.11499938 -0.21052304 -0.41180593
v -0.11499938 -0.20673522 -0.42496467
v -0.11499938 -0.20384929 -0.43495739
v -0.10496990 -0.21065831 -0.41230062
v 0.11499938 -0.21963176 -0.37826601
v 0.12498891 -0.21674582 -0.38499379
v 0.12462928 -0.21854955 -0.37500107
v 0.13306044 -0.21196601 -0.39498651
v 0.13361984 -0.21291295 -0.38499379
v 0.13389955 -0.21340898 -0.37490213
v 0.13409935 -0.21367952 -0.36490941
v 0.13417926 -0.21385989 -0.35491669
v 0.13413930 -0.21399516 -0.34492397
v 0.19543502 -0.14495817 0.25493586
v 0.19083984 -0.15100059 0.32498384
v 0.18132982 -0.16150719 0.39493284
v 0.16238968 -0.18274587 0.45498809
v 0.16226980 -0.18261060 0.46498081
v 0.16214992 -0.18243024 0.47497353
v 0.13909411 -0.20898986 -0.36490941
v 0.16250955 -0.18274587 -0.44495010
v 0.19083984 -0.15100059 -0.32493854
v 0.19543502 -0.14495817 -0.24499680
v 0.15743487 -0.18761590 0.46498081
v 0.16195014 -0.18193421 0.48496625
v 0.16586603 -0.17498994 0.48496625
v 0.16258946 -0.17498994 0.49377170
v 0.15499742 -0.16497934 0.49931222
v 0.14185122 -0.17034537 0.50000477
v 0.13497843 -0.17616233 0.49911433
v 0.12498891 -0.17728966 0.49951011
v 0.11499938 -0.17823660 0.49960902
v 0.09498038 -0.17963448 0.49990582
v 0.08990570 -0.17995015 0.49990582
v 0.08323270 -0.18004033 0.50000477
v 0.07496138 -0.18017560 0.50010371
v 0.09498038 -0.22012779 -0.38044265
v 0.11499938 -0.21796334 -0.38499379
v 0.10820650 -0.21985722 -0.37935433
v 0.10496990 -0.21065831 -0.41230062
v 0.11499938 -0.20384929 -0.43495739
v 0.11499938 -0.20673522 -0.42496467
v 0.11499938 -0.21052304 -0.41180593
v 0.12498891 -0.20628431 -0.42496467
v -0.17130034 -0.17183343 0.44499537
v -0.17162000 -0.17205891 0.43490371
v -0.16750431 -0.17683873 0.44499537
v -0.16230977 -0.18261060 0.45498809
v -0.15783446 -0.18779626 0.44499537
v -0.15759471 -0.18761590 0.45498809
v -0.15735495 -0.18725517 0.46498081
v -0.17018150 -0.17030028 0.47121388
v -0.17050117 -0.17079630 0.46498081
v -0.18013106 -0.16019952 0.43094620
v -0.18037082 -0.16056025 0.42491099
v 0.03496333 -0.17498994 0.50237930
v 0.00499476 -0.16497934 0.50455594
v -0.00499476 -0.16497934 0.50455594
v -0.07496138 -0.17498994 0.50129098
v -0.09569962 -0.17593688 0.50059843
v -0.11499938 -0.17336661 0.50040054
v -0.13497843 -0.17106685 0.50010371
v -0.00499476 -0.15496874 0.50485271
v -0.15551688 0.16428798 0.50030160
v -0.16035181 0.16712883 0.50010371
v -0.16342859 -0.16497934 0.49446428
v -0.16806373 -0.16497934 0.48496625
v -0.14828447 -0.19821271 0.41491827
v -0.16250955 -0.18279099 0.44499537
v -0.19543502 -0.14495817 -0.25498953
v -0.19535510 -0.14495817 -0.32493854
v -0.19083984 -0.15095550 -0.33493125
v -0.16750431 -0.17683873 -0.44495010
v -0.16230977 -0.18252042 -0.45494282
v -0.18132982 -0.16150719 -0.39498651
v -0.19083984 -0.15100059 0.32498384
v -0.19543502 -0.14495817 0.24494316
v -0.14784493 -0.19807744 -0.42496467
v -0.15295957 -0.19280156 -0.43495739
v -0.15731500 -0.18752572 -0.45494282
v -0.15275978 -0.19239575 -0.44495010
v -0.15232024 -0.19189972 -0.45494282
v -0.15172087 -0.19126841 -0.46493554
v -0.15088175 -0.19059202 -0.47156435
v -0.14073239 -0.20033208 -0.44119045
v -0.12498891 -0.20628431 -0.42496467
v -0.13497843 -0.20069280 -0.44247666
v -0.09498038 -0.21863973 -0.38548848
v -0.12498891 -0.20100847 -0.44356495
v -0.12498891 -0.19771668 -0.45494282
v -0.11499938 -0.20118883 -0.44405964
v -0.11499938 -0.19496602 -0.46493554
v 0.12498891 -0.21444610 -0.39498651
v 0.13010354 -0.21002701 -0.41012397
v 0.13138220 -0.21074849 -0.40497923
v 0.14181127 -0.20114374 -0.43495739
v 0.15172087 -0.19126841 -0.46493554
v 0.14285018 -0.20213577 -0.42496467
v 0.14328972 -0.20272198 -0.41497195
v 0.13861461 -0.20871931 -0.38499379
v 0.13889432 -0.20889968 -0.37490213
v 0.19955070 -0.13896081 0.23495044
v 0.19535510 -0.14495817 0.31499112
v 0.19531514 -0.14495817 0.33497655
v 0.19075991 -0.15091041 0.34496927
v 0.19064005 -0.15086532 0.35496199
v 0.19052017 -0.15073004 0.36495471
v 0.18105011 -0.16137192 0.40492555
v 0.18073043 -0.16105628 0.41491827
v 0.15775454 -0.18775117 -0.44495010
v 0.16230977 -0.18252042 -0.45494282
v 0.16750431 -0.17683873 -0.44495010
v 0.18128985 -0.16146210 -0.39498651
v 0.19075991 -0.15091041 -0.34492397
v 0.19531514 -0.14495817 -0.33493125
v 0.19535510 -0.14495817 -0.31494582
v 0.19539505 -0.14495817 -0.28496769
v 0.19955070 -0.13896081 -0.23490515
v 0.17050117 -0.17084140 0.46498081
v 0.17018150 -0.17034537 0.47121388
v 0.18037082 -0.16056025 0.42491099
v 0.18009111 -0.16019952 0.43094620
v 0.16710474 -0.16497934 0.48496625
v 0.16290914 -0.16497934 0.49446428
v 0.14700581 -0.16497934 0.49990582
v 0.16031185 0.16717392 0.50010371
v 0.01498428 -0.15496874 0.50455594
v 0.03496333 -0.16497934 0.50366551
v 0.11499938 -0.17323130 0.50049949
v 0.12498891 -0.17228436 0.50030160
v 0.09498038 -0.21863973 -0.38548848
v 0.11499938 -0.19496602 -0.46493554
v 0.11499938 -0.20118883 -0.44405964
v 0.12498891 -0.19478565 -0.46493554
v 0.12498891 -0.19956550 -0.44851184
v 0.12498891 -0.20344347 -0.43495739
v 0.13497843 -0.20069280 -0.44237772
v -0.18069048 -0.16101119 0.41491827
v -0.18097019 -0.16132683 0.40492555
v -0.18128985 -0.16146210 0.39493284
v -0.18876201 -0.14428177 0.40403512
v -0.18972100 -0.14775389 0.39493284
v -0.18992080 -0.14982817 0.38919446
v -0.19012059 -0.15018892 0.38246667
v 0.00499476 -0.15496874 0.50485271
v -0.00499476 0.16496438 0.50524849
v -0.04499281 0.16496438 0.50396228
v -0.10496990 0.16496438 0.50198352
v -0.15499742 0.17100680 0.50030160
v -0.16035181 0.17051077 0.50010371
v -0.16294909 0.16428798 0.49594834
v -0.16770411 0.16496438 0.48496625
v -0.17333819 0.13497770 0.46498081
v -0.18912163 0.11495651 0.40680540
v -0.19231829 0.11495651 0.39493284
v -0.19499548 -0.11497147 0.38494012
v -0.19475573 -0.12498207 0.38494012
v -0.19415636 -0.13499266 0.38494012
v -0.19955070 -0.13896081 -0.23490515
v -0.19951074 -0.13864517 -0.31494582
v -0.19531514 -0.14495817 -0.33493125
v -0.19955070 -0.13891572 -0.25498953
v -0.19075991 -0.15095550 -0.34492397
v -0.17162000 -0.17205891 -0.43495739
v -0.17126037 -0.17183343 -0.44495010
v -0.16730452 -0.17638782 -0.45494282
v -0.16183026 -0.18202439 -0.46493554
v -0.19064005 -0.15086532 -0.35491669
v -0.19052017 -0.15073004 -0.36490941
v -0.18105011 -0.16141701 -0.40497923
v -0.19079988 -0.15095550 0.33497655
v -0.19531514 -0.14495817 0.33497655
v -0.19535510 -0.14495817 0.31499112
v -0.19539505 -0.14495817 0.28491402
v -0.19955070 -0.13896081 0.23495044
v -0.15671563 -0.18702969 -0.46493554
v -0.16039178 -0.18044615 -0.48234859
v -0.15963256 -0.17967957 -0.48897740
v -0.15295957 -0.18116763 -0.49224237
v -0.14496794 -0.18626311 -0.48492095
v -0.14496794 -0.18923923 -0.47799531
v -0.14496794 -0.19104296 -0.47304842
v -0.13497843 -0.19428962 -0.46493554
v -0.12498891 -0.19478565 -0.46493554
v -0.12458932 -0.19135860 -0.47591761
v -0.11499938 -0.19176444 -0.47492823
v 0.13497843 -0.20272198 -0.43495739
v 0.14069243 -0.20033208 -0.44119045
v 0.15088175 -0.19059202 -0.47156435
v 0.15963256 -0.17967957 -0.48897740
v 0.15671563 -0.18698460 -0.46493554
v 0.15232024 -0.19189972 -0.45494282
v 0.14784493 -0.19807744 -0.42496467
v 0.14352946 -0.20317292 -0.40497923
v 0.14828447 -0.19821271 -0.41497195
v 0.20134881 -0.13395554 0.23495044
v 0.19955070 -0.13891572 0.25493586
v 0.19951074 -0.13864517 0.31499112
v 0.19947079 -0.13855499 0.33497655
v 0.19515531 -0.14495817 0.34496927
v 0.19479568 -0.14495817 0.35496199
v 0.19032039 -0.15045947 0.37494743
v 0.19016054 -0.15018892 0.38256562
v 0.18992080 -0.14987326 0.38929340
v 0.15731500 -0.18752572 -0.45494282
v 0.16730452 -0.17638782 -0.45494282
v 0.16179031 -0.18197930 -0.46493554
v 0.16682503 -0.17584670 -0.46493554
v 0.17130034 -0.17187855 -0.44495010
v 0.17165995 -0.17205891 -0.43495739
v 0.18101014 -0.16132683 -0.40497923
v 0.19032039 -0.15045947 -0.37490213
v 0.19048022 -0.15068492 -0.36490941
v 0.19515531 -0.14495817 -0.34492397
v 0.19947079 -0.13855499 -0.33493125
v 0.19951074 -0.13864517 -0.31494582
v 0.19955070 -0.13891572 -0.25498953
v 0.20134881 -0.13395554 -0.23490515
v 0.17801329 -0.15496874 0.44499537
v 0.17050117 -0.16497934 0.47190645
v 0.18972100 -0.14806956 0.39493284
v 0.18880197 -0.14455232 0.40423301
v 0.17285870 -0.15496874 0.46498081
v 0.17321832 -0.14495817 0.46498081
v 0.17333819 -0.13499266 0.46498081
v 0.17094071 -0.14495817 0.47269794
v 0.16878296 0.16496438 0.48496625
v 0.16338862 0.16428798 0.49594834
v 0.15499742 0.17096171 0.50030160
v 0.03496333 -0.15496874 0.50386333
v 0.16031185 0.17051077 0.50010371
v 0.01498428 0.16496438 0.50485271
v 0.11499938 -0.19176444 -0.47492823
v 0.12454937 -0.19131351 -0.47591761
v 0.13497843 -0.19424453 -0.46493554
v 0.13497843 -0.19140369 -0.47413674
v 0.14496794 -0.19104296 -0.47294948
v -0.19032039 -0.15041438 0.37494743
v -0.19048022 -0.15063983 0.36495471
v -0.19071996 -0.15091041 0.34496927
v -0.19631410 -0.13499266 0.37494743
v -0.19783249 -0.13499266 0.36495471
v -0.19163899 -0.14590511 0.38543481
v -0.19331723 -0.14495817 0.37494743
v -0.19939087 -0.13747275 0.34496927
v -0.19415636 -0.14495817 0.36495471
v -0.19475573 -0.14495817 0.35496199
v 0.00499476 0.16496438 0.50514954
v -0.12498891 0.17339671 0.50069737
v -0.13497843 0.17272031 0.50059843
v 0.01498428 0.17497498 0.50287396
v 0.00499476 0.17497498 0.50287396
v -0.12498891 0.17840201 0.49951011
v -0.13497843 0.17772561 0.49891648
v -0.15499742 0.17601210 0.49753135
v -0.16107106 0.18088213 0.49149615
v -0.16246960 0.17429858 0.49486002
v -0.18005115 0.13218194 0.44014743
v -0.16606583 0.17497498 0.48496625
v -0.19004068 0.14029863 0.40017655
v -0.19411640 0.13497770 0.38494012
v -0.19167896 0.13497770 0.39493284
v -0.19471577 0.12496709 0.38494012
v -0.19215845 0.12496709 0.39493284
v -0.19499548 0.11495651 0.38494012
v -0.19735301 -0.10496088 0.37494743
v -0.19731304 -0.11497147 0.37494743
v -0.19699338 -0.12498207 0.37494743
v -0.20134881 -0.13395554 -0.23490515
v -0.19947079 -0.13855499 -0.33493125
v -0.20130886 -0.13391042 -0.25498953
v -0.19519527 -0.14495817 -0.34492397
v -0.17094071 -0.17138252 -0.45494282
v -0.18073043 -0.16110137 -0.41497195
v -0.17054112 -0.17084140 -0.46493554
v -0.16682503 -0.17584670 -0.46493554
v -0.16103110 -0.18116763 -0.47492823
v -0.19032039 -0.15050456 -0.37490213
v -0.19016054 -0.15023401 -0.38281715
v -0.19515531 -0.14495817 0.34496927
v -0.19947079 -0.13855499 0.33497655
v -0.19951074 -0.13864517 0.31499112
v -0.19955070 -0.13891572 0.25493586
v -0.20134881 -0.13395554 0.23495044
v -0.17022146 -0.17039049 -0.47077286
v -0.16123089 -0.17300585 -0.49234131
v -0.15543696 -0.17539576 -0.49560624
v -0.14496794 -0.18197930 -0.49392429
v -0.14496794 -0.17796606 -0.49897012
v -0.13853469 -0.17945412 -0.49966270
v -0.13509829 -0.18206951 -0.49580413
v -0.13497843 -0.18716499 -0.48492095
v -0.13497843 -0.18969017 -0.47918257
v -0.13497843 -0.19140369 -0.47413674
v -0.12762614 -0.18991563 -0.47987515
v -0.12099309 -0.19000581 -0.47997406
v 0.14496794 -0.18923923 -0.47799531
v 0.15295957 -0.18116763 -0.49224237
v 0.16035181 -0.18040106 -0.48224965
v 0.15543696 -0.17539576 -0.49560624
v 0.16119093 -0.17300585 -0.49234131
v 0.17022146 -0.17039049 -0.47077286
v 0.16099115 -0.18107745 -0.47492823
v 0.15271981 -0.19235066 -0.44495010
v 0.20310697 -0.12498207 0.23495044
v 0.20126890 -0.13386533 0.26492858
v 0.20098919 -0.13354969 0.33497655
v 0.19939087 -0.13756293 0.34496927
v 0.19419631 -0.14495817 0.36495471
v 0.20110907 -0.13368496 0.30499840
v 0.19331723 -0.14495817 0.37494743
v 0.19787246 -0.13499266 0.36495471
v 0.19167896 -0.14590511 0.38553375
v 0.17094071 -0.17138252 -0.45494282
v 0.17054112 -0.17084140 -0.46493554
v 0.18037082 -0.16060534 -0.42496467
v 0.18073043 -0.16105628 -0.41497195
v 0.19012059 -0.15018892 -0.38271821
v 0.19479568 -0.14495817 -0.35491669
v 0.19423628 -0.14495817 -0.36490941
v 0.19939087 -0.13765314 -0.34492397
v 0.20102915 -0.13354969 -0.33493125
v 0.20126890 -0.13386533 -0.26498225
v 0.20310697 -0.12498207 -0.23490515
v 0.17545597 -0.15496874 0.45498809
v 0.18620470 -0.14495817 0.41491827
v 0.19635405 -0.13499266 0.37494743
v 0.19423628 -0.13499266 0.38494012
v 0.19008063 -0.14089981 0.40037444
v 0.17585555 -0.14495817 0.45498809
v 0.17997123 -0.13968229 0.43994954
v 0.19044025 -0.12498207 0.40166062
v 0.18005115 -0.13300857 0.44014743
v 0.17605534 -0.13499266 0.45498809
v 0.16598590 0.17497498 0.48496625
v 0.16250955 0.17429858 0.49486002
v 0.19503543 -0.11497147 0.38494012
v 0.19495551 0.11495651 0.38494012
v 0.19467582 0.12496709 0.38494012
v 0.19407643 0.13497770 0.38494012
v 0.19607435 0.13497770 0.37494743
v 0.19187875 0.14386097 0.38494012
v 0.12450941 0.17569643 0.50059843
v 0.12754622 0.17952934 0.49990582
v 0.16107106 0.18088213 0.49149615
v 0.15499742 0.17596701 0.49753135
v 0.12091318 -0.19000581 -0.47997406
v 0.12758619 -0.18991563 -0.47977620
v 0.13497843 -0.18969017 -0.47918257
v -0.19863166 -0.12498207 0.36495471
v -0.20158856 -0.12498207 0.34496927
v -0.20015007 -0.13097939 0.35110340
v -0.19911116 -0.13458681 0.35466516
v -0.20058961 -0.13251257 0.34496927
v -0.20098919 -0.13354969 0.33497655
v 0.02497381 0.17497498 0.50277507
v 0.09498038 0.17497498 0.50148886
v 0.11499938 0.18020573 0.50010371
v 0.09498038 0.18047628 0.50030160
v 0.02497381 0.18043119 0.50040054
v 0.01498428 0.18038610 0.50040054
v -0.11499938 0.18498555 0.49634409
v -0.12498891 0.18498555 0.49584940
v -0.12498891 0.19111818 0.49129826
v -0.15499742 0.18155852 0.49258447
v -0.15020245 0.19008103 0.48011830
v -0.15140121 0.19102800 0.47497353
v -0.16175035 0.18178397 0.48496625
v -0.18944131 0.14891136 0.38494012
v -0.19279778 0.14453736 0.37494743
v -0.19191870 0.14390606 0.38494012
v -0.19611430 0.13497770 0.37494743
v -0.18848231 0.14417660 0.40413406
v -0.19691347 0.12496709 0.37494743
v -0.19731304 0.11495651 0.37494743
v -0.19735301 0.10499100 0.37494743
v -0.19919108 0.10499100 0.36505362
v -0.19935091 -0.10509616 0.36396533
v -0.19927099 -0.11406962 0.36396533
v -0.19991033 -0.11677518 0.35941419
v -0.20310697 -0.12498207 -0.23490515
v -0.20102915 -0.13354969 -0.33493125
v -0.19939087 -0.13769823 -0.34492397
v -0.19483565 -0.14495817 -0.35491669
v -0.20306700 -0.12498207 -0.24499680
v -0.18037082 -0.16060534 -0.42496467
v -0.18996076 -0.14991835 -0.38954493
v -0.18013106 -0.16019952 -0.43119773
v -0.19427623 -0.14495817 -0.36490941
v -0.20110907 -0.13368496 0.30499840
v -0.20122893 -0.13382024 0.27492130
v -0.20310697 -0.12498207 0.23495044
v -0.17829299 -0.15496874 -0.44495010
v -0.17058109 -0.16497934 -0.47196010
v -0.16906267 -0.16497934 -0.47700593
v -0.16610578 -0.16497934 -0.48492095
v -0.18892185 -0.14482287 -0.40438560
v -0.16203006 -0.16497934 -0.49412218
v -0.15959261 -0.15911728 -0.49976164
v -0.15815412 -0.16497934 -0.49906906
v -0.15128133 -0.17115706 -0.50025630
v -0.13186170 -0.18017560 -0.50015736
v -0.14496794 -0.17296076 -0.50065207
v -0.13509829 -0.17566633 -0.50114673
v -0.12498891 -0.18292627 -0.49491367
v -0.12458932 -0.18811193 -0.48393157
v -0.11499938 -0.18766099 -0.48501989
v 0.14496794 -0.18621802 -0.48492095
v 0.14496794 -0.18197930 -0.49392429
v 0.13853469 -0.17945412 -0.49966270
v 0.14496794 -0.17796606 -0.49897012
v 0.15124136 -0.17115706 -0.50025630
v 0.15815412 -0.16497934 -0.49906906
v 0.16199009 -0.16497934 -0.49412218
v 0.16606583 -0.16497934 -0.48492095
v 0.15959261 -0.15911728 -0.49976164
v 0.18013106 -0.16019952 -0.43119773
v 0.16906267 -0.16497934 -0.47690699
v 0.17058109 -0.16497934 -0.47196010
v 0.17833295 -0.15496874 -0.44495010
v 0.18888189 -0.14473268 -0.40428665
v 0.20378625 -0.11497147 0.23495044
v 0.20306700 -0.12498207 0.24494316
v 0.20238772 -0.12498207 0.33497655
v 0.20062956 -0.13255766 0.34496927
v 0.20278731 -0.12498207 0.28491402
v 0.20262747 -0.12498207 0.30499840
v 0.19915111 -0.13467699 0.35476410
v 0.20015007 -0.13111469 0.35130128
v 0.20162852 -0.12498207 0.34496927
v 0.19971053 -0.12498207 0.35812798
v 0.19871157 -0.12498207 0.36495471
v 0.18996076 -0.14987326 -0.38944599
v 0.19915111 -0.13467699 -0.35481775
v 0.20062956 -0.13264784 -0.34492397
v 0.19339715 -0.14495817 -0.37490213
v 0.19795237 -0.13499266 -0.36490941
v 0.20242769 -0.12498207 -0.33493125
v 0.20306700 -0.12498207 -0.24499680
v 0.20378625 -0.11497147 -0.23490515
v 0.17845283 -0.14495817 0.44499537
v 0.18364738 -0.14495817 0.42491099
v 0.18896180 -0.13499266 0.40601388
v 0.19024046 -0.13499266 0.40096804
v 0.19699338 -0.12498207 0.37494743
v 0.19479568 -0.12498207 0.38494012
v 0.19175887 -0.13499266 0.39493284
v 0.19219841 -0.12498207 0.39493284
v 0.16159052 0.18169379 0.48496625
v 0.19279778 0.14449227 0.37494743
v 0.18940134 0.14886627 0.38494012
v 0.18964109 0.14949757 0.37494743
v 0.19735301 -0.11497147 0.37494743
v 0.19735301 0.10499100 0.37494743
v 0.19727309 0.11495651 0.37494743
v 0.19687350 0.12496709 0.37494743
v 0.19851179 0.12496709 0.36495471
v 0.20011011 0.13046840 0.35080659
v 0.19739296 0.13497770 0.36495471
v 0.12087322 0.18002534 0.50000477
v 0.12450941 0.18403861 0.49703667
v 0.11499938 0.18521103 0.49693772
v 0.15140121 0.19102800 0.47497353
v 0.15020245 0.19008103 0.48011830
v 0.12498891 0.19107309 0.49129826
v 0.15499742 0.18155852 0.49258447
v 0.11499938 -0.18766099 -0.48501989
v 0.12498891 -0.18292627 -0.49491367
v 0.12454937 -0.18811193 -0.48393157
v 0.13497843 -0.18711987 -0.48492095
v 0.13509829 -0.18206951 -0.49580413
v -0.20218793 -0.11497147 0.34496927
v -0.20302705 -0.11497147 0.33497655
v -0.20238772 -0.12498207 0.33497655
v -0.20262747 -0.12498207 0.30499840
v -0.20270739 -0.12498207 0.29490674
v -0.20298709 -0.12498207 0.25493586
v 0.10496990 0.18043119 0.50020266
v -0.11499938 0.19179457 0.49189189
v -0.11036424 0.20009163 0.48021722
v -0.15248007 0.19211021 0.46498081
v -0.14496794 0.19495106 0.46498081
v -0.14081231 0.20036218 0.44173044
v -0.13194162 0.21122953 0.39493284
v -0.15751480 0.18719509 0.46498081
v -0.16179031 0.18223488 0.47497353
v -0.18968105 0.14954266 0.37494743
v -0.19327728 0.14480790 0.36495471
v -0.19871157 0.13660103 0.34496927
v -0.19743292 0.13497770 0.36495471
v -0.20011011 0.13051349 0.35090554
v -0.19859171 0.12496709 0.36495471
v -0.19923103 0.11409974 0.36396533
v -0.19999024 0.11017667 0.36000782
v -0.20238772 0.10499100 0.34496927
v -0.20238772 -0.10496088 0.34496927
v -0.19999024 -0.11010145 0.36000782
v -0.20378625 -0.11497147 -0.23490515
v -0.20250760 -0.12498207 -0.32493854
v -0.20242769 -0.12498207 -0.33493125
v -0.20066953 -0.13269293 -0.34492397
v -0.19919108 -0.13472211 -0.35491669
v -0.19799234 -0.13499266 -0.36490941
v -0.19339715 -0.14495817 -0.37490213
v -0.20366639 -0.11497147 -0.25498953
v -0.18976097 -0.14852047 -0.39498651
v -0.20378625 -0.11497147 0.23495044
v -0.17325827 -0.15496874 -0.46493554
v -0.18644445 -0.14495817 -0.41497195
v -0.18396704 -0.14495817 -0.42496467
v -0.17098066 -0.15496874 -0.47324631
v -0.16942230 -0.15496874 -0.47819319
v -0.16682503 -0.15496874 -0.48492095
v -0.16207001 -0.15546477 -0.49580413
v -0.19651389 -0.13499266 -0.37490213
v -0.19443606 -0.13499266 -0.38499379
v -0.19016054 -0.14139584 -0.40062597
v -0.16027190 -0.15244356 -0.50025630
v -0.15575664 -0.15546477 -0.50114673
v -0.15315935 -0.16497934 -0.50065207
v -0.14496794 -0.15496874 -0.50322443
v -0.14496794 -0.16497934 -0.50203723
v -0.13497843 -0.16497934 -0.50322443
v -0.12498891 -0.18026578 -0.50025630
v -0.12498891 -0.17498994 -0.50183934
v 0.13186170 -0.18017560 -0.50015736
v 0.13509829 -0.17566633 -0.50114673
v 0.14496794 -0.17296076 -0.50065207
v 0.14496794 -0.16497934 -0.50203723
v 0.14496794 -0.15496874 -0.50322443
v 0.15315935 -0.16497934 -0.50065207
v 0.16027190 -0.15244356 -0.50025630
v 0.16207001 -0.15546477 -0.49580413
v 0.16678506 -0.15496874 -0.48492095
v 0.16938235 -0.15496874 -0.47819319
v 0.15575664 -0.15546477 -0.50114673
v 0.18976097 -0.14834011 -0.39498651
v 0.17098066 -0.15496874 -0.47314736
v 0.17325827 -0.15496874 -0.46493554
v 0.17581560 -0.15496874 -0.45494282
v 0.17997123 -0.14946744 -0.43980533
v 0.18640448 -0.14495817 -0.41497195
v 0.19439611 -0.13499266 -0.38499379
v 0.19647393 -0.13499266 -0.37490213
v 0.20410591 -0.10496088 0.22495772
v 0.20406596 -0.10496088 0.23495044
v 0.20358646 -0.11497147 0.26492858
v 0.20302705 -0.11497147 0.33497655
v 0.20326680 -0.11497147 0.30499840
v 0.20218793 -0.11497147 0.34496927
v 0.19991033 -0.11695556 0.35951313
v 0.19927099 -0.11415980 0.36396533
v 0.20019002 -0.13115978 -0.35135493
v 0.20166847 -0.12498207 -0.34492397
v 0.19879149 -0.12498207 -0.36490941
v 0.19975048 -0.12498207 -0.35828057
v 0.20306700 -0.11497147 -0.33493125
v 0.20358646 -0.11497147 -0.26498225
v 0.20406596 -0.10496088 -0.23490515
v 0.20410591 -0.10496088 -0.22491243
v 0.16171038 0.18200943 0.45498809
v 0.15739492 0.18687946 0.46498081
v 0.15240015 0.19206512 0.46498081
v 0.18061057 0.16068056 0.39493284
v 0.19871157 0.13655594 0.34496927
v 0.19327728 0.14476281 0.36495471
v 0.18980092 0.14976811 0.36495471
v 0.19919108 -0.10496088 0.36505362
v 0.19935091 0.10472044 0.36396533
v 0.19999024 0.11008649 0.36000782
v 0.19919108 0.11405465 0.36396533
v 0.19983041 0.11676021 0.35911736
v 0.20210801 0.11495651 0.34496927
v 0.19963062 0.12496709 0.35743544
v 0.20142873 0.12496709 0.34496927
v 0.20050970 0.13155064 0.34496927
v 0.11499938 0.19174948 0.49199083
v 0.14077234 0.20036218 0.44173044
v 0.14496794 0.19490597 0.46498081
v 0.11036424 0.20009163 0.48021722
v 0.13190165 0.21122953 0.39493284
v 0.12498891 -0.18026578 -0.50025630
v -0.20326680 -0.10496088 0.33497655
v -0.20338668 -0.10496088 0.32498384
v -0.20326680 -0.11497147 0.30499840
v -0.20350654 -0.11497147 0.27492130
v -0.08998562 0.20996696 0.43994954
v -0.12055355 0.22020301 0.36129400
v -0.12498891 0.21492714 0.38494012
v -0.13090271 0.21046296 0.40175956
v -0.15248007 0.19242585 0.45498809
v -0.13262090 0.21204120 0.38494012
v -0.13286065 0.21244705 0.37494743
v -0.13302048 0.21271759 0.36495471
v -0.12147259 0.22069901 0.35496199
v -0.12251150 0.22151068 0.34496927
v -0.19020051 0.15021905 0.25493586
v -0.19016054 0.15017393 0.33497655
v -0.13817507 0.20802796 0.35496199
v -0.13829495 0.20798287 0.34496927
v -0.13829495 0.20793778 -0.34492397
v -0.19020051 0.15021905 -0.25498953
v -0.18065052 0.16068056 0.39493284
v -0.18996076 0.14994848 0.35822693
v -0.18984088 0.14981321 0.36495471
v -0.19287769 0.14593524 0.35496199
v -0.19383669 0.14498827 0.34496927
v -0.19879149 0.13745779 0.33497655
v -0.20054965 0.13159573 0.34496927
v -0.20090927 0.13245249 0.33497655
v -0.20146869 0.12496709 0.34496927
v -0.20038982 0.12496709 0.35268641
v -0.19967057 0.12496709 0.35763329
v -0.20210801 0.11495651 0.34496927
v -0.19987036 0.11685040 0.35921630
v -0.20054965 0.11409974 0.35555559
v -0.20326680 0.10499100 0.33497655
v -0.20410591 -0.10496088 -0.22491243
v -0.20406596 -0.10496088 -0.23490515
v -0.20306700 -0.11497147 -0.33493125
v -0.20170844 -0.12498207 -0.34492397
v -0.20019002 -0.13124996 -0.35155281
v -0.20050970 -0.12498207 -0.35353157
v -0.19979045 -0.12498207 -0.35847846
v -0.20386617 -0.10496088 -0.26498225
v -0.20406596 -0.10496088 0.23495044
v -0.20410591 -0.10496088 0.22495772
v -0.17633505 -0.14495817 -0.45494282
v -0.17377773 -0.14495817 -0.46493554
v -0.19199862 -0.13499266 -0.39498651
v -0.19507539 -0.12498207 -0.38499379
v -0.18912163 -0.13499266 -0.40656224
v -0.18700387 -0.13499266 -0.41497195
v -0.18013106 -0.14261332 -0.44049791
v -0.17122041 -0.14495817 -0.47403780
v -0.16970201 -0.14495817 -0.47908363
v -0.16734448 -0.14495817 -0.48492095
v -0.16310892 -0.14495817 -0.49491367
v -0.19883145 -0.12498207 -0.36490941
v -0.19719318 -0.12498207 -0.37490213
v -0.16043173 -0.14495817 -0.50045419
v -0.15499742 -0.14495817 -0.50203723
v -0.14496794 -0.14495817 -0.50381809
v -0.13497843 -0.14495817 -0.50500536
v -0.13497843 -0.15496874 -0.50431275
v -0.12498891 -0.15496874 -0.50480747
v -0.12498891 -0.16497934 -0.50362021
v 0.12498891 -0.17498994 -0.50183934
v 0.13497843 -0.16497934 -0.50312549
v 0.15499742 -0.14495817 -0.50203723
v 0.13497843 -0.15496874 -0.50431275
v 0.13497843 -0.14495817 -0.50500536
v 0.14496794 -0.14495817 -0.50381809
v 0.16043173 -0.14495817 -0.50045419
v 0.16310892 -0.14495817 -0.49491367
v 0.16734448 -0.14495817 -0.48492095
v 0.16970201 -0.14495817 -0.47908363
v 0.17126037 -0.14495817 -0.47403780
v 0.17377773 -0.14495817 -0.46493554
v 0.17633505 -0.14495817 -0.45494282
v 0.18013106 -0.14279372 -0.44049791
v 0.18116997 -0.14567965 -0.43584782
v 0.19503543 -0.12498207 -0.38499379
v 0.18392709 -0.14495817 -0.42496467
v 0.19719318 -0.12498207 -0.37490213
v 0.20410591 0.10499100 0.22495772
v 0.20406596 0.10499100 0.23495044
v 0.20362642 -0.10496088 0.29490674
v 0.20354651 -0.10496088 0.30499840
v 0.20338668 -0.10496088 0.32498384
v 0.20326680 -0.10496088 0.33497655
v 0.20238772 -0.10496088 0.34496927
v 0.19999024 -0.11028183 0.36000782
v 0.20226786 -0.11497147 -0.34492397
v 0.19995028 -0.11857890 -0.35966572
v 0.20330676 -0.10496088 -0.33493125
v 0.20386617 -0.10496088 -0.26498225
v 0.20406596 0.10499100 -0.23490515
v 0.20410591 0.10499100 -0.22491243
v 0.19012059 0.15017393 0.33497655
v 0.19016054 0.15017393 0.32498384
v 0.13829495 0.20793778 0.34496927
v 0.13821504 0.20798287 0.35496199
v 0.19020051 0.15021905 0.25493586
v 0.19020051 0.15021905 -0.25498953
v 0.13821504 0.20802796 -0.35491669
v 0.13330019 0.21307835 0.34496927
v 0.13322027 0.21289799 0.35496199
v 0.13306044 0.21271759 0.36495471
v 0.13286065 0.21244705 0.37494743
v 0.13258094 0.21204120 0.38494012
v 0.19008063 0.15008375 0.34496927
v 0.20090927 0.13245249 0.33497655
v 0.19879149 0.13745779 0.33497655
v 0.19379674 0.14498827 0.34496927
v 0.19283774 0.14593524 0.35417047
v 0.20238772 0.10499100 0.34496927
v 0.20326680 0.10499100 0.33497655
v 0.20294714 0.11495651 0.33497655
v 0.20222789 0.12496709 0.33497655
v 0.13090271 0.21046296 0.40185851
v 0.08998562 0.20996696 0.43994954
v 0.12498891 0.21497223 0.38494012
v 0.12051360 0.22020301 0.36129400
v 0.12251150 0.22151068 0.34496927
v 0.12147259 0.22069901 0.35496199
v -0.20338668 0.10499100 0.32498384
v -0.20354651 -0.10496088 0.30499840
v -0.20362642 -0.10496088 0.29490674
v -0.03052798 0.23003322 0.35011402
v -0.06305387 0.22042847 0.39156896
v -0.11499938 0.21966189 0.36802176
v -0.11499938 0.22178125 0.35496199
v -0.11499938 0.22335950 0.34496927
v -0.13318031 0.21285287 0.35496199
v -0.13326024 0.21303326 0.34496927
v -0.12291108 0.22196162 0.33497655
v -0.12750626 0.21803856 0.34496927
v -0.12790585 0.21812874 0.33497655
v -0.11499938 0.22421625 0.33497655
v -0.19407643 0.14498827 0.25493586
v -0.19399652 0.14498827 0.32498384
v -0.19395657 0.14498827 0.33497655
v -0.19008063 0.15008375 0.34496927
v -0.19403648 0.14498827 0.29490674
v -0.13330019 0.21312344 0.33497655
v -0.13326024 0.21321362 0.23495044
v -0.13326024 0.21321362 -0.24499680
v -0.13330019 0.21312344 -0.33493125
v -0.13821504 0.20798287 -0.35491669
v -0.16167043 0.18182907 -0.44495010
v -0.19016054 0.15017393 -0.33493125
v -0.19407643 0.14498827 -0.25498953
v -0.20098919 0.13254267 0.32498384
v -0.19883145 0.13759306 0.31499112
v -0.20126890 0.13290343 0.24494316
v -0.20102915 0.13258776 0.31499112
v -0.20222789 0.12496709 0.33497655
v -0.20234777 0.12496709 0.32498384
v -0.20294714 0.11495651 0.33497655
v -0.20410591 0.10499100 -0.22491243
v -0.20406596 0.10499100 -0.23490515
v -0.20330676 -0.10496088 -0.33493125
v -0.20226786 -0.11497147 -0.34492397
v -0.19995028 -0.11884945 -0.35976467
v -0.20386617 0.10499100 -0.26498225
v -0.20406596 0.10499100 0.23495044
v -0.20410591 0.10499100 0.22495772
v -0.17897229 -0.13499266 -0.44603840
v -0.17405744 -0.13499266 -0.46493554
v -0.18444654 -0.13499266 -0.42496467
v -0.19759275 -0.11497147 -0.37490213
v -0.19535510 -0.11497147 -0.38499379
v -0.19251807 -0.12498207 -0.39498651
v -0.17134029 -0.13499266 -0.47443354
v -0.16978192 -0.13499266 -0.47938046
v -0.16750431 -0.13499266 -0.48492095
v -0.16318883 -0.13499266 -0.49491367
v -0.16047169 -0.13499266 -0.50045419
v -0.15499742 -0.13499266 -0.50213611
v -0.14496794 -0.13499266 -0.50391704
v -0.13497843 0.13497770 -0.50500536
v -0.12498891 0.05498314 -0.50550002
v -0.12498891 -0.14495817 -0.50540107
v 0.12498891 -0.15496874 -0.50480747
v 0.12498891 -0.16497934 -0.50362021
v 0.15499742 -0.13499266 -0.50213611
v 0.13497843 0.13497770 -0.50500536
v 0.14496794 -0.13499266 -0.50391704
v 0.12498891 -0.14495817 -0.50540107
v 0.12498891 0.05498314 -0.50550002
v 0.16047169 -0.13499266 -0.50045419
v 0.16318883 -0.13499266 -0.49491367
v 0.16750431 -0.13499266 -0.48492095
v 0.16978192 -0.13499266 -0.47938046
v 0.17134029 -0.13499266 -0.47443354
v 0.17405744 -0.13499266 -0.46493554
v 0.18029089 -0.13499266 -0.44109151
v 0.18444654 -0.13499266 -0.42496467
v 0.19247812 -0.12498207 -0.39498651
v 0.19535510 -0.11497147 -0.38499379
v 0.19755280 -0.11497147 -0.37490213
v 0.19935091 -0.11510675 -0.36411792
v 0.20374630 0.11495651 0.22495772
v 0.20370634 0.11495651 0.23495044
v 0.20358646 0.11495651 0.25493586
v 0.20362642 0.10499100 0.29490674
v 0.20354651 0.10499100 0.30499840
v 0.20338668 0.10499100 0.32498384
v 0.20250760 -0.10496088 -0.34492397
v 0.20062956 -0.11510675 -0.35580713
v 0.20003019 -0.11190517 -0.36025935
v 0.20330676 0.10499100 -0.33493125
v 0.20386617 0.10499100 -0.26498225
v 0.20366639 0.11495651 -0.24499680
v 0.20374630 0.11495651 -0.22491243
v 0.19395657 0.14498827 0.33497655
v 0.19399652 0.14498827 0.32498384
v 0.19407643 0.14498827 0.25493586
v 0.13326024 0.21321362 0.24494316
v 0.13330019 0.21312344 0.33497655
v 0.19407643 0.14498827 -0.25498953
v 0.19016054 0.15017393 -0.33493125
v 0.16167043 0.18182907 -0.44495010
v 0.15208049 0.19220039 -0.42496467
v 0.13805521 0.20798287 -0.36490941
v 0.13322027 0.21289799 -0.35491669
v 0.13326024 0.21303326 -0.34492397
v 0.13330019 0.21312344 -0.33493125
v 0.13326024 0.21321362 -0.23490515
v 0.12790585 0.21812874 0.33497655
v 0.12750626 0.21803856 0.34496927
v 0.12291108 0.22196162 0.33497655
v 0.20234777 0.12496709 0.32498384
v 0.20098919 0.13254267 0.32498384
v 0.20122893 0.13285834 0.25493586
v 0.19883145 0.13759306 0.31499112
v 0.20318688 0.11495651 0.30499840
v 0.11499938 0.21966189 0.36792284
v 0.04499281 0.22737274 0.35496199
v 0.03588236 0.22962740 0.34526607
v 0.03496333 0.22791386 0.35496199
v 0.02497381 0.22967249 0.34744272
v -0.02956899 0.23003322 0.35011402
v 0.11499938 0.22335950 0.34496927
v 0.11499938 0.22421625 0.33497655
v -0.20306700 0.11495651 0.32498384
v -0.20354651 0.10499100 0.30499840
v -0.20362642 0.10499100 0.29490674
v -0.02573301 0.23021358 0.34457350
v -0.03276563 0.23016849 0.34496927
v -0.03776040 0.22980776 0.34496927
v -0.05498233 0.22390062 0.37494743
v -0.11499938 0.22439662 0.31499112
v -0.11499938 0.22453192 0.29490674
v -0.11499938 0.22484756 0.24494316
v -0.12295104 0.22200671 0.32498384
v -0.12299100 0.22205180 0.30499840
v -0.12794580 0.21812874 0.32498384
v -0.19887140 0.13795382 0.23495044
v -0.19887140 0.13781855 0.26492858
v -0.12798576 0.21817383 0.29490674
v -0.12802573 0.21817383 0.27492130
v -0.12806568 0.21821892 0.22495772
v -0.12806568 0.21821892 -0.22491243
v -0.12798576 0.21817383 -0.30495310
v -0.12794580 0.21812874 -0.33493125
v -0.13330019 0.21307835 -0.34492397
v -0.12802573 0.21817383 -0.28496769
v -0.13809516 0.20798287 -0.36490941
v -0.16159052 0.18164870 -0.45494282
v -0.17102063 0.17118716 -0.43495739
v -0.18061057 0.16068056 -0.39498651
v -0.14265038 0.20257172 -0.39498651
v -0.15204053 0.19220039 -0.42496467
v -0.19008063 0.15008375 -0.34492397
v -0.19395657 0.14498827 -0.33493125
v -0.19399652 0.14498827 -0.32493854
v -0.19887140 0.13795382 -0.23490515
v -0.20290717 0.12496709 0.24494316
v -0.20278731 0.12496709 0.26492858
v -0.20250760 0.12496709 0.30499840
v -0.20126890 0.13294852 0.23495044
v -0.20298709 0.12496709 0.22495772
v -0.20374630 0.11495651 -0.22491243
v -0.20366639 0.11495651 -0.24499680
v -0.20330676 0.10499100 -0.33493125
v -0.20250760 -0.10496088 -0.34492397
v -0.20062956 -0.11533222 -0.35580713
v -0.20003019 -0.11222082 -0.36025935
v -0.19935091 -0.11533222 -0.36411792
v -0.20306700 0.11495651 -0.32493854
v -0.20358646 0.11495651 0.25493586
v -0.20370634 0.11495651 0.23495044
v -0.20374630 0.11495651 0.22495772
v -0.18732353 -0.12498207 -0.41497195
v -0.17673463 -0.12498207 -0.45494282
v -0.17405744 0.12496709 -0.46493554
v -0.19927099 -0.10496088 -0.36550304
v -0.19763272 -0.10496088 -0.37490213
v -0.19535510 0.10499100 -0.38499379
v -0.18472625 -0.11497147 -0.42496467
v -0.17134029 0.13497770 -0.47443354
v -0.16978192 0.13497770 -0.47938046
v -0.16750431 0.13497770 -0.48492095
v -0.16318883 0.13497770 -0.49491367
v -0.16047169 0.13497770 -0.50045419
v -0.15499742 0.13497770 -0.50213611
v -0.14496794 0.13497770 -0.50391704
v -0.13497843 0.14498827 -0.50480747
v -0.12498891 0.13497770 -0.50550002
v -0.11499938 -0.00499023 -0.50550002
v 0.15499742 0.13497770 -0.50213611
v 0.13497843 0.14498827 -0.50480747
v 0.14496794 0.13497770 -0.50391704
v 0.12498891 0.13497770 -0.50550002
v 0.11499938 -0.00499023 -0.50550002
v 0.16047169 0.13497770 -0.50045419
v 0.16318883 0.13497770 -0.49491367
v 0.16750431 0.13497770 -0.48492095
v 0.16978192 0.13497770 -0.47938046
v 0.17134029 0.13497770 -0.47443354
v 0.17405744 0.12496709 -0.46493554
v 0.17673463 -0.12498207 -0.45494282
v 0.18472625 -0.11497147 -0.42496467
v 0.19535510 0.10499100 -0.38499379
v 0.19763272 -0.10496088 -0.37490213
v 0.19927099 -0.10496088 -0.36550304
v 0.20298709 0.12496709 0.22495772
v 0.20290717 0.12496709 0.24494316
v 0.20270739 0.12496709 0.27492130
v 0.20242769 0.12496709 0.31499112
v 0.20094924 -0.10496088 -0.35491669
v 0.20250760 0.10499100 -0.34492397
v 0.20222789 0.11495651 -0.34492397
v 0.20298709 0.11495651 -0.33493125
v 0.20314692 0.11495651 -0.31494582
v 0.20278731 0.12496709 -0.26498225
v 0.20290717 0.12496709 -0.24499680
v 0.20250760 0.12496709 -0.30495310
v 0.20298709 0.12496709 -0.22491243
v 0.19887140 0.13786364 0.25493586
v 0.19887140 0.13795382 0.23495044
v 0.12806568 0.21821892 0.22495772
v 0.12798576 0.21817383 0.30499840
v 0.12802573 0.21817383 0.28491402
v 0.19887140 0.13795382 -0.23490515
v 0.19403648 0.14498827 -0.29496041
v 0.19399652 0.14498827 -0.32493854
v 0.19395657 0.14498827 -0.33493125
v 0.19383669 0.14498827 -0.34492397
v 0.19008063 0.15008375 -0.34492397
v 0.18065052 0.16068056 -0.39498651
v 0.17102063 0.17118716 -0.43495739
v 0.16159052 0.18164870 -0.45494282
v 0.13785541 0.20793778 -0.37490213
v 0.15204053 0.19183967 -0.43495739
v 0.12794580 0.21812874 -0.33493125
v 0.13306044 0.21271759 -0.36490941
v 0.12798576 0.21817383 -0.29496041
v 0.12802573 0.21817383 -0.27497497
v 0.12806568 0.21821892 -0.22491243
v 0.12299100 0.22205180 0.30499840
v 0.12295104 0.22200671 0.32498384
v 0.11499938 0.22484756 0.24494316
v 0.11499938 0.22466719 0.27492130
v 0.11499938 0.22439662 0.31499112
v 0.20126890 0.13294852 0.23495044
v 0.03312526 0.23016849 0.34210005
v 0.02497381 0.23025867 0.34239689
v -0.02497381 0.23025867 0.33942875
v -0.03312526 0.23016849 0.33952770
v -0.10496990 0.22565922 0.23495044
v -0.11499938 0.22489265 0.23495044
v -0.12303096 0.22214198 0.26492858
v -0.12303096 0.22218707 0.24494316
v -0.12303096 0.22218707 -0.24499680
v -0.12303096 0.22214198 -0.26498225
v -0.12291108 0.22196162 -0.33493125
v -0.12758619 0.21808365 -0.34492397
v -0.13306044 0.21276268 -0.36490941
v -0.13322027 0.21294308 -0.35491669
v -0.12299100 0.22205180 -0.30495310
v -0.12295104 0.22200671 -0.32493854
v -0.13785541 0.20793778 -0.37490213
v -0.15623613 0.18665400 -0.45494282
v -0.16103110 0.18106249 -0.46493554
v -0.16674511 0.17407310 -0.46493554
v -0.16662523 0.17547098 -0.45494282
v -0.15200058 0.19183967 -0.43495739
v -0.17066100 0.17091662 -0.44495010
v -0.18017103 0.16022962 -0.41289425
v -0.18037082 0.16045511 -0.40497923
v -0.18968105 0.14954266 -0.37490213
v -0.18984088 0.14976811 -0.36490941
v -0.18992080 0.14990339 -0.35729119
v -0.14257047 0.20225608 -0.40497923
v -0.19379674 0.14498827 -0.34492397
v -0.19879149 0.13750288 -0.33493125
v -0.19883145 0.13759306 -0.31494582
v -0.19887140 0.13786364 -0.25498953
v -0.19887140 0.13790873 -0.24499680
v -0.20126890 0.13294852 -0.23490515
v -0.20298709 0.12496709 -0.22491243
v -0.20290717 0.12496709 -0.24499680
v -0.20270739 0.12496709 -0.27497497
v -0.20242769 0.12496709 -0.31494582
v -0.20298709 0.11495651 -0.33493125
v -0.20250760 0.10499100 -0.34492397
v -0.20094924 -0.10496088 -0.35491669
v -0.17673463 0.12496709 -0.45494282
v -0.17401747 0.13497770 -0.46493554
v -0.19927099 0.10499100 -0.36550304
v -0.19763272 0.10499100 -0.37490213
v -0.19531514 0.11495651 -0.38499379
v -0.19267790 0.11495651 -0.39498651
v -0.18204905 0.12496709 -0.43495739
v -0.18472625 0.11495651 -0.42496467
v -0.17122041 0.14498827 -0.47393885
v -0.16966204 0.14498827 -0.47898468
v -0.16726457 0.14498827 -0.48492095
v -0.16298905 0.14498827 -0.49491367
v -0.16039178 0.14498827 -0.50035524
v -0.15499742 0.14498827 -0.50193828
v -0.14496794 0.14498827 -0.50371915
v -0.13497843 0.15499887 -0.50411487
v -0.12498891 0.14498827 -0.50530213
v 0.15499742 0.14498827 -0.50193828
v 0.16039178 0.14498827 -0.50035524
v 0.13497843 0.15499887 -0.50411487
v 0.14496794 0.14498827 -0.50371915
v 0.12498891 0.14498827 -0.50530213
v 0.16302900 0.14498827 -0.49491367
v 0.16726457 0.14498827 -0.48492095
v 0.16966204 0.14498827 -0.47898468
v 0.17122041 0.14498827 -0.47393885
v 0.17401747 0.13497770 -0.46493554
v 0.17673463 0.12496709 -0.45494282
v 0.18472625 0.11495651 -0.42496467
v 0.18204905 0.12496709 -0.43495739
v 0.19267790 0.11495651 -0.39498651
v 0.19531514 0.11495651 -0.38499379
v 0.19763272 0.10499100 -0.37490213
v 0.19927099 0.10499100 -0.36550304
v 0.20094924 0.10499100 -0.35491669
v 0.20003019 0.11148436 -0.36025935
v 0.20062956 0.11486632 -0.35570821
v 0.19991033 0.11815809 -0.35946783
v 0.19871157 0.12496709 -0.36490941
v 0.19971053 0.12496709 -0.35808271
v 0.20042978 0.12496709 -0.35303688
v 0.20154861 0.12496709 -0.34492397
v 0.20226786 0.12496709 -0.33493125
v 0.20094924 0.13249758 -0.33493125
v 0.20126890 0.13290343 -0.24499680
v 0.20102915 0.13258776 -0.31494582
v 0.20126890 0.13294852 -0.23490515
v 0.12303096 0.22218707 0.24494316
v 0.12303096 0.22214198 0.26492858
v 0.19887140 0.13790873 -0.24499680
v 0.19883145 0.13759306 -0.31494582
v 0.19887140 0.13781855 -0.26498225
v 0.19879149 0.13750288 -0.33493125
v 0.19331723 0.14480790 -0.36490941
v 0.19287769 0.14593524 -0.35501564
v 0.18996076 0.14994848 -0.35847846
v 0.18045074 0.16054529 -0.40497923
v 0.17066100 0.17087153 -0.44495010
v 0.16662523 0.17547098 -0.45494282
v 0.16107106 0.18110758 -0.46493554
v 0.15623613 0.18665400 -0.45494282
v 0.13753575 0.20775738 -0.38499379
v 0.14253050 0.20216590 -0.40497923
v 0.15172087 0.19147891 -0.44495010
v 0.12754622 0.21803856 -0.34492397
v 0.12291108 0.22196162 -0.33493125
v 0.12295104 0.22200671 -0.32493854
v 0.12299100 0.22205180 -0.30495310
v 0.12303096 0.22214198 -0.26498225
v 0.12303096 0.22218707 -0.24499680
v 0.13282070 0.21244705 -0.37490213
v 0.11499938 0.22489265 0.23495044
v 0.10496990 0.22565922 0.23495044
v 0.03312526 0.23016849 0.33952770
v 0.09498038 0.22629052 0.22495772
v 0.02497381 0.23025867 0.33942875
v -0.07496138 0.22660616 -0.24499680
v -0.08499086 0.22656107 -0.24499680
v -0.09498038 0.22629052 0.22495772
v -0.08499086 0.22665125 -0.22491243
v -0.09498038 0.22629052 -0.22491243
v -0.10496990 0.22565922 -0.23490515
v -0.11499938 0.22489265 -0.23490515
v -0.11499938 0.22426134 -0.33493125
v -0.12255146 0.22155577 -0.34492397
v -0.13286065 0.21249214 -0.37490213
v -0.11499938 0.22484756 -0.24499680
v -0.11499938 0.22466719 -0.27497497
v -0.13757570 0.20780250 -0.38499379
v -0.15124136 0.19098288 -0.45494282
v -0.15068196 0.19048688 -0.46315464
v -0.15439805 0.18683437 -0.46592492
v -0.15168090 0.19143382 -0.44495010
v -0.16039178 0.18043119 -0.47225693
v -0.17010158 0.17015004 -0.46157163
v -0.16362837 0.17587683 -0.47532400
v -0.16986184 0.16947365 -0.46829942
v -0.17034134 0.17046568 -0.45494282
v -0.17997123 0.15995908 -0.41952309
v -0.18940134 0.14895645 -0.38499379
v -0.19287769 0.14453736 -0.37490213
v -0.19331723 0.14476281 -0.36490941
v -0.13258094 0.21199611 -0.38499379
v -0.14221084 0.20180514 -0.41497195
v -0.19871157 0.13664612 -0.34492397
v -0.20094924 0.13249758 -0.33493125
v -0.20102915 0.13258776 -0.31494582
v -0.20126890 0.13290343 -0.24499680
v -0.20226786 0.12496709 -0.33493125
v -0.20154861 0.12496709 -0.34492397
v -0.20218793 0.11495651 -0.34492397
v -0.20003019 0.11125889 -0.36025935
v -0.20094924 0.10499100 -0.35491669
v -0.18025094 0.13497770 -0.44099259
v -0.17369781 0.14498827 -0.46493554
v -0.19751284 0.11495651 -0.37490213
v -0.19495551 0.12496709 -0.38499379
v -0.18180931 0.13497770 -0.43495739
v -0.17094071 0.15499887 -0.47294948
v -0.17317836 0.15499887 -0.46493554
v -0.16934238 0.15499887 -0.47799531
v -0.16666520 0.15499887 -0.48492095
v -0.16199009 0.15508905 -0.49570519
v -0.16019198 0.15184239 -0.50015736
v -0.14496794 0.15499887 -0.50302660
v -0.15555684 0.15508905 -0.50104785
v -0.12498891 0.15499887 -0.50460958
v -0.13497843 0.16496438 -0.50292766
v 0.14496794 0.15499887 -0.50302660
v 0.15555684 0.15508905 -0.50104785
v 0.16019198 0.15184239 -0.50015736
v 0.12498891 0.15499887 -0.50460958
v 0.13497843 0.16496438 -0.50292766
v 0.16670515 0.15499887 -0.48492095
v 0.16199009 0.15508905 -0.49570519
v 0.16934238 0.15499887 -0.47799531
v 0.17094071 0.15499887 -0.47304842
v 0.17369781 0.14498827 -0.46493554
v 0.18025094 0.13497770 -0.44099259
v 0.18468629 0.12496709 -0.42496467
v 0.18728356 0.12496709 -0.41497195
v 0.18928146 0.12496709 -0.40725479
v 0.19243816 0.12496709 -0.39498651
v 0.19495551 0.12496709 -0.38499379
v 0.19751284 0.11495651 -0.37490213
v 0.19931094 0.11486632 -0.36411792
v 0.19707330 0.12496709 -0.37490213
v 0.19623418 0.13497770 -0.37490213
v 0.20015007 0.13060370 -0.35115707
v 0.20058961 0.13168591 -0.34492397
v 0.19875154 0.13669121 -0.34492397
v 0.19287769 0.14453736 -0.37490213
v 0.18944131 0.14900154 -0.38499379
v 0.18968105 0.14954266 -0.37490213
v 0.18984088 0.14981321 -0.36490941
v 0.18480617 0.15499887 -0.39498651
v 0.18017103 0.16027471 -0.41299319
v 0.17030138 0.17046568 -0.45494282
v 0.17997123 0.15995908 -0.41972095
v 0.17010158 0.17015004 -0.46147269
v 0.16678506 0.17407310 -0.46493554
v 0.16043173 0.18047628 -0.47255373
v 0.15439805 0.18687946 -0.46592492
v 0.15068196 0.19048688 -0.46315464
v 0.15124136 0.19102800 -0.45494282
v 0.14668615 0.19720569 -0.42496467
v 0.14217088 0.20176005 -0.41497195
v 0.12255146 0.22155577 -0.34492397
v 0.11499938 0.22426134 -0.33493125
v 0.11499938 0.22453192 -0.29496041
v 0.11499938 0.22484756 -0.24499680
v 0.11499938 0.22489265 -0.23490515
v 0.13250102 0.21199611 -0.38499379
v 0.10496990 0.22565922 -0.23490515
v 0.09498038 0.22629052 -0.22491243
v 0.08499086 0.22665125 -0.22491243
v 0.08499086 0.22656107 -0.24499680
v 0.07496138 0.22660616 -0.24499680
v -0.08499086 0.22579449 -0.33493125
v -0.09498038 0.22588468 -0.28496769
v -0.09498038 0.22620034 -0.24499680
v -0.10496990 0.22561413 -0.24499680
v -0.09498038 0.22543377 -0.33493125
v -0.11499938 0.22344968 -0.34492397
v -0.10496990 0.22529849 -0.28496769
v -0.12159247 0.22078919 -0.35491669
v -0.14169139 0.20121896 -0.42496467
v -0.14093219 0.20058766 -0.43228605
v -0.14976291 0.18994576 -0.46988243
v -0.15979239 0.17979988 -0.47898468
v -0.16270934 0.17402801 -0.48492095
v -0.16115098 0.17222431 -0.49224237
v -0.16906267 0.16568586 -0.47492823
v -0.17054112 0.16279992 -0.47166330
v -0.17805324 0.15499887 -0.44495010
v -0.18852226 0.14426678 -0.40418771
v -0.19199862 0.14395115 -0.38499379
v -0.17977144 0.15941796 -0.42496467
v -0.19747289 0.13497770 -0.36490941
v -0.13170186 0.21109426 -0.39498651
v -0.19867162 0.13434640 -0.35461989
v -0.20054965 0.13168591 -0.34492397
v -0.19991033 0.11793263 -0.35936889
v -0.20015007 0.13055861 -0.35105813
v -0.19863166 0.12496709 -0.36490941
v -0.19931094 0.11477613 -0.36411792
v -0.17625514 0.14498827 -0.45494282
v -0.19703335 0.12496709 -0.37490213
v -0.19427623 0.13497770 -0.38499379
v -0.18384717 0.14498827 -0.42496467
v -0.17897229 0.14530393 -0.44425753
v -0.18436663 0.13497770 -0.42496467
v -0.17993128 0.14882118 -0.43970639
v -0.17569572 0.15499887 -0.45494282
v -0.16586603 0.16496438 -0.48492095
v -0.16195014 0.16496438 -0.49392429
v -0.15931290 0.15851611 -0.49956375
v -0.15267986 0.16496438 -0.50055313
v -0.14496794 0.16496438 -0.50183934
v -0.12498891 0.16496438 -0.50342232
v -0.15092170 0.17055586 -0.50015736
v -0.14496794 0.17168319 -0.50055313
v -0.13497843 0.17308107 -0.50114673
v 0.14496794 0.16496438 -0.50183934
v 0.15267986 0.16496438 -0.50055313
v 0.15931290 0.15851611 -0.49956375
v 0.16195014 0.16496438 -0.49392429
v 0.12498891 0.16496438 -0.50342232
v 0.13497843 0.17308107 -0.50114673
v 0.14496794 0.17168319 -0.50055313
v 0.15096167 0.17055586 -0.50015736
v 0.16590598 0.16496438 -0.48492095
v 0.17054112 0.16279992 -0.47166330
v 0.17313839 0.15499887 -0.46493554
v 0.17569572 0.15499887 -0.45494282
v 0.18009111 0.14196706 -0.44039896
v 0.18692394 0.13497770 -0.41497195
v 0.18180931 0.13497770 -0.43495739
v 0.18908168 0.13497770 -0.40636435
v 0.19187875 0.13497770 -0.39498651
v 0.19431619 0.13497770 -0.38499379
v 0.19751284 0.13497770 -0.36490941
v 0.18856223 0.14435697 -0.40428665
v 0.19075991 0.14223763 -0.39498651
v 0.19199862 0.14399624 -0.38499379
v 0.16986184 0.16947365 -0.46820047
v 0.17977144 0.15941796 -0.42496467
v 0.18416683 0.15499887 -0.40497923
v 0.16362837 0.17587683 -0.47552186
v 0.15983236 0.17984498 -0.47918257
v 0.14093219 0.20058766 -0.43228605
v 0.14169139 0.20121896 -0.42496467
v 0.14976291 0.18994576 -0.46988243
v 0.12155250 0.22078919 -0.35491669
v 0.11499938 0.22344968 -0.34492397
v 0.10496990 0.22408098 -0.34492397
v 0.09498038 0.22543377 -0.33493125
v 0.09498038 0.22579449 -0.29496041
v 0.10496990 0.22511810 -0.30495310
v 0.10496990 0.22552395 -0.25498953
v 0.13166191 0.21109426 -0.39498651
v 0.09498038 0.22620034 -0.24499680
v 0.08499086 0.22579449 -0.33493125
v -0.07496138 0.22493774 -0.34492397
v -0.08499086 0.22489265 -0.34492397
v -0.09498038 0.22462210 -0.34492397
v -0.10233267 0.22015792 -0.37074673
v -0.10900567 0.21993244 -0.36955950
v -0.11499938 0.22187144 -0.35491669
v -0.12063348 0.22024810 -0.36154553
v -0.13066295 0.21032768 -0.40121958
v -0.14308992 0.19021630 -0.47057498
v -0.13497843 0.18877333 -0.47651124
v -0.14584702 0.18863806 -0.47433463
v -0.14496794 0.18439934 -0.48492095
v -0.15160099 0.18052137 -0.49105510
v -0.15355894 0.18196434 -0.48492095
v -0.15855370 0.17903331 -0.48492095
v -0.12498891 0.21267250 -0.39498651
v -0.12498891 0.21068844 -0.40250579
v -0.13497843 0.20112875 -0.43406692
v -0.13497843 0.19973087 -0.43911275
v -0.13497843 0.19810754 -0.44495010
v -0.13497843 0.19242585 -0.46493554
v -0.15459785 0.17470440 -0.49501261
v -0.15767463 0.16496438 -0.49887118
v -0.18620470 0.14498827 -0.41497195
v -0.19008063 0.14047900 -0.40032914
v -0.19623418 0.13497770 -0.37490213
v -0.19075991 0.14210233 -0.39498651
v -0.12498891 0.21492714 -0.38499379
v -0.18109006 0.14530393 -0.43584782
v -0.12498891 0.17362219 -0.50144356
v -0.14496794 0.17668849 -0.49718925
v -0.13497843 0.17808637 -0.49827757
v -0.12498891 0.17862749 -0.49867332
v 0.15767463 0.16496438 -0.49887118
v 0.16115098 0.17222431 -0.49224237
v 0.12498891 0.17362219 -0.50144356
v 0.12498891 0.17862749 -0.49867332
v 0.13497843 0.17808637 -0.49827757
v 0.14496794 0.17668849 -0.49728820
v 0.15459785 0.17474949 -0.49501261
v 0.16906267 0.16568586 -0.47492823
v 0.17801329 0.15499887 -0.44495010
v 0.18624465 0.14498827 -0.41497195
v 0.18384717 0.14498827 -0.42496467
v 0.19012059 0.14061427 -0.40042809
v 0.16270934 0.17407310 -0.48492095
v 0.15859365 0.17907840 -0.48492095
v 0.13066295 0.21032768 -0.40121958
v 0.15359889 0.18196434 -0.48492095
v 0.15164095 0.18052137 -0.49115404
v 0.14496794 0.18439934 -0.48492095
v 0.14584702 0.18863806 -0.47433463
v 0.13497843 0.18877333 -0.47651124
v 0.14308992 0.19021630 -0.47067392
v 0.13497843 0.19977599 -0.43911275
v 0.13497843 0.20112875 -0.43416587
v 0.12063348 0.22024810 -0.36154553
v 0.11499938 0.22191653 -0.35491669
v 0.09498038 0.22462210 -0.34492397
v 0.10552932 0.22078919 -0.36579984
v 0.12498891 0.21492714 -0.38499379
v 0.08499086 0.22489265 -0.34492397
v 0.07496138 0.22493774 -0.34492397
v -0.08499086 0.22317913 -0.35491669
v -0.09498038 0.22024810 -0.37124142
v -0.09498038 0.22133031 -0.36490941
v -0.09498038 0.22299874 -0.35491669
v -0.09498038 0.21921095 -0.37618834
v -0.10540944 0.21921095 -0.37440744
v -0.11499938 0.21848947 -0.37490213
v -0.11499938 0.21970698 -0.36827329
v -0.11499938 0.22051865 -0.36332640
v -0.13497843 0.19048688 -0.47146541
v -0.12498891 0.19075742 -0.47225693
v -0.12498891 0.18904391 -0.47720382
v -0.13497843 0.18530121 -0.48492095
v -0.14496794 0.18106249 -0.49224237
v -0.11499938 0.21618974 -0.38499379
v -0.11499938 0.21343908 -0.39498651
v -0.12498891 0.20721629 -0.41497195
v -0.12498891 0.20442054 -0.42496467
v -0.12558827 0.20130914 -0.43584782
v -0.12263138 0.20013672 -0.44059682
v -0.12498891 0.19296697 -0.46493554
v -0.13497843 0.18151340 -0.49323174
v -0.12498891 0.18173888 -0.49372643
v 0.12498891 0.18173888 -0.49372643
v 0.13497843 0.18151340 -0.49323174
v 0.14496794 0.18106249 -0.49224237
v 0.12498891 0.21262741 -0.39498651
v 0.13497843 0.18530121 -0.48492095
v 0.12498891 0.18904391 -0.47720382
v 0.13497843 0.19048688 -0.47156435
v 0.13497843 0.19242585 -0.46493554
v 0.12942426 0.19995636 -0.43980533
v 0.12498891 0.20442054 -0.42496467
v 0.12498891 0.20721629 -0.41497195
v 0.12498891 0.20929056 -0.40745267
v 0.12498891 0.21064332 -0.40240684
v 0.11499938 0.22056374 -0.36342534
v 0.11499938 0.21853456 -0.37490213
v 0.11499938 0.21975207 -0.36847118
v 0.09498038 0.22299874 -0.35491669
v 0.10257242 0.22015792 -0.37074673
v 0.10924542 0.21993244 -0.36965844
v 0.09498038 0.22133031 -0.36490941
v 0.09498038 0.22024810 -0.37124142
v 0.08499086 0.22317913 -0.35491669
v -0.08499086 0.22142050 -0.36490941
v -0.08499086 0.21921095 -0.37628725
v -0.09498038 0.21695632 -0.38499379
v -0.10496990 0.21673086 -0.38499379
v -0.11499938 0.19080251 -0.47245479
v -0.11499938 0.19314733 -0.46493554
v -0.11499938 0.18908900 -0.47740170
v -0.12498891 0.18579721 -0.48492095
v -0.11499938 0.20960620 -0.40863991
v -0.11499938 0.20027199 -0.44089365
v -0.11499938 0.20780250 -0.41497195
v -0.11499938 0.20491657 -0.42496467
v -0.11499938 0.19878393 -0.44593948
v -0.11499938 0.19612348 -0.45494282
v -0.11499938 0.18584231 -0.48492095
v 0.11499938 0.18584231 -0.48492095
v 0.12498891 0.18579721 -0.48492095
v 0.11499938 0.21618974 -0.38499379
v 0.11499938 0.18908900 -0.47740170
v 0.12498891 0.19075742 -0.47225693
v 0.12498891 0.19296697 -0.46493554
v 0.12275125 0.20013672 -0.44059682
v 0.12566820 0.20130914 -0.43584782
v 0.11499938 0.21100408 -0.40359411
v 0.10552932 0.21921095 -0.37440744
v 0.09498038 0.21921095 -0.37618834
v 0.08499086 0.21921095 -0.37628725
v 0.08499086 0.22142050 -0.36490941
v -0.10496990 0.20802796 -0.41497195
v -0.10496990 0.20974147 -0.40913460
v -0.10496990 0.21389002 -0.39498651
v 0.09498038 0.21695632 -0.38499379
v 0.11499938 0.19080251 -0.47245479
v 0.11499938 0.19314733 -0.46493554
v 0.10496990 0.21673086 -0.38499379
v 0.11499938 0.19612348 -0.45494282
v 0.11499938 0.19878393 -0.44593948
v 0.11499938 0.20027199 -0.44089365
v 0.10496990 0.21118444 -0.40418771
v 0.10496990 0.21384493 -0.39498651
v 0.11499938 0.20960620 -0.40854099
v 0.10496990 0.20974147 -0.40913460
v 0.10496990 0.20802796 -0.41497195
f 1 2 8
f 1 8 3
f 1 3 12
f 1 12 4
f 1 4 5
f 1 5 6
f 1 6 9
f 1 9 2
f 2 7 8
f 2 9 7
f 3 8 10
f 3 10 11
f 3 11 12
f 4 12 26
f 4 26 13
f 4 13 5
f 5 14 15
f 5 15 16
f 5 16 17
f 5 17 6
f 5 13 14
f 6 17 22
f 6 22 9
f 7 18 19
f 7 19 8
f 7 9 20
f 7 20 18
f 8 19 21
f 8 21 10
f 9 22 20
f 10 21 23
f 10 23 24
f 10 24 11
f 11 24 25
f 11 25 26
f 11 26 12
f 13 26 28
f 13 28 14
f 14 27 15
f 14 28 60
f 14 60 27
f 15 27 29
f 15 29 30
f 15 30 31
f 15 31 16
f 16 31 62
f 16 62 32
f 16 32 33
f 16 33 17
f 17 33 46
f 17 46 22
f 18 34 35
f 18 35 36
f 18 36 37
f 18 37 38
f 18 38 19
f 18 20 39
f 18 39 34
f 19 38 40
f 19 40 41
f 19 41 42
f 19 42 43
f 19 43 21
f 20 22 44
f 20 44 45
f 20 45 39
f 21 43 23
f 22 46 79
f 22 79 44
f 23 47 48
f 23 48 49
f 23 49 24
f 23 43 50
f 23 50 51
f 23 51 47
f 24 49 25
f 25 49 52
f 25 52 26
f 26 52 53
f 26 53 54
f 26 54 55
f 26 55 28
f 27 56 57
f 27 57 58
f 27 58 59
f 27 59 29
f 27 60 100
f 27 100 56
f 28 55 60
f 29 59 30
f 30 59 61
f 30 61 62
f 30 62 31
f 32 62 107
f 32 107 63
f 32 63 33
f 33 63 83
f 33 83 46
f 34 64 65
f 34 65 35
f 34 39 68
f 34 68 64
f 35 65 66
f 35 66 36
f 36 38 37
f 36 66 67
f 36 67 38
f 38 67 71
f 38 71 40
f 39 45 68
f 40 69 70
f 40 70 41
f 40 71 69
f 41 70 72
f 41 72 73
f 41 73 74
f 41 74 75
f 41 75 42
f 42 76 43
f 42 75 74
f 42 74 77
f 42 77 76
f 43 76 78
f 43 78 50
f 44 79 125
f 44 125 80
f 44 80 45
f 45 81 68
f 45 80 82
f 45 82 81
f 46 83 79
f 47 84 85
f 47 85 86
f 47 86 49
f 47 49 48
f 47 51 87
f 47 87 84
f 49 86 88
f 49 88 89
f 49 89 90
f 49 90 52
f 50 78 91
f 50 91 51
f 51 91 92
f 51 92 87
f 52 90 93
f 52 93 54
f 52 54 53
f 54 93 94
f 54 94 55
f 55 95 60
f 55 94 95
f 56 96 97
f 56 97 98
f 56 98 99
f 56 99 57
f 56 100 145
f 56 145 96
f 57 99 101
f 57 101 58
f 58 101 59
f 59 101 102
f 59 102 103
f 59 103 61
f 60 95 104
f 60 104 105
f 60 105 100
f 61 103 106
f 61 106 62
f 62 106 107
f 63 107 108
f 63 108 158
f 63 158 109
f 63 109 128
f 63 128 83
f 64 110 111
f 64 111 65
f 64 68 115
f 64 115 110
f 65 111 71
f 65 71 66
f 66 71 67
f 68 81 112
f 68 112 113
f 68 113 114
f 68 114 115
f 69 116 117
f 69 117 118
f 69 118 70
f 69 71 111
f 69 111 116
f 70 118 119
f 70 119 120
f 70 120 72
f 72 120 73
f 73 120 121
f 73 121 74
f 74 121 122
f 74 122 123
f 74 123 77
f 76 77 78
f 77 123 124
f 77 124 91
f 77 91 78
f 79 83 127
f 79 127 125
f 80 125 126
f 80 126 82
f 81 82 112
f 82 126 112
f 83 128 186
f 83 186 129
f 83 129 127
f 84 130 131
f 84 131 85
f 84 87 132
f 84 132 130
f 85 131 133
f 85 133 86
f 86 133 88
f 87 92 134
f 87 134 135
f 87 135 136
f 87 136 132
f 88 133 89
f 89 133 137
f 89 137 138
f 89 138 139
f 89 139 90
f 90 139 104
f 90 104 94
f 90 94 93
f 91 124 92
f 92 124 140
f 92 140 141
f 92 141 134
f 94 104 95
f 96 142 143
f 96 143 144
f 96 144 97
f 96 145 203
f 96 203 142
f 97 144 98
f 98 144 99
f 99 144 101
f 100 105 146
f 100 146 147
f 100 147 148
f 100 148 145
f 101 144 149
f 101 149 102
f 102 149 150
f 102 150 151
f 102 151 152
f 102 152 103
f 103 152 153
f 103 153 154
f 103 154 155
f 103 155 156
f 103 156 106
f 104 139 105
f 105 139 146
f 106 156 107
f 107 156 157
f 107 157 108
f 108 157 158
f 109 158 159
f 109 159 185
f 109 185 128
f 110 160 161
f 110 161 162
f 110 162 116
f 110 116 111
f 110 115 169
f 110 169 160
f 112 126 163
f 112 163 164
f 112 164 165
f 112 165 113
f 113 165 166
f 113 166 114
f 114 166 115
f 115 166 167
f 115 167 168
f 115 168 169
f 116 162 117
f 117 162 170
f 117 170 171
f 117 171 172
f 117 172 173
f 117 173 174
f 117 174 118
f 118 174 175
f 118 175 119
f 119 175 176
f 119 176 120
f 120 176 177
f 120 177 121
f 121 177 122
f 122 177 178
f 122 178 179
f 122 179 180
f 122 180 123
f 123 179 181
f 123 181 182
f 123 182 124
f 123 180 183
f 123 183 179
f 124 182 140
f 125 127 184
f 125 184 126
f 126 184 163
f 127 129 187
f 127 187 184
f 128 185 186
f 129 186 187
f 130 132 136
f 130 136 131
f 131 188 133
f 131 136 189
f 131 189 188
f 133 188 137
f 134 141 140
f 134 140 182
f 134 182 190
f 134 190 191
f 134 191 192
f 134 192 193
f 134 193 194
f 134 194 135
f 135 194 195
f 135 195 196
f 135 196 197
f 135 197 136
f 136 197 189
f 137 188 198
f 137 198 138
f 138 198 199
f 138 199 200
f 138 200 201
f 138 201 139
f 139 201 146
f 142 202 143
f 142 203 202
f 143 202 144
f 144 202 204
f 144 204 205
f 144 205 206
f 144 206 149
f 145 148 207
f 145 207 208
f 145 208 203
f 146 201 147
f 147 201 148
f 148 201 207
f 149 206 209
f 149 209 150
f 150 209 210
f 150 210 151
f 151 210 211
f 151 211 212
f 151 212 152
f 152 212 153
f 153 212 154
f 154 212 213
f 154 213 214
f 154 214 215
f 154 215 216
f 154 216 155
f 155 216 157
f 155 157 156
f 157 216 215
f 157 215 217
f 157 217 158
f 158 217 218
f 158 218 219
f 158 219 159
f 159 219 220
f 159 220 254
f 159 254 185
f 160 221 222
f 160 222 223
f 160 223 161
f 160 169 234
f 160 234 221
f 161 223 170
f 161 170 162
f 163 184 224
f 163 224 225
f 163 225 226
f 163 226 227
f 163 227 164
f 164 227 228
f 164 228 229
f 164 229 165
f 165 229 230
f 165 230 231
f 165 231 166
f 166 231 167
f 167 231 232
f 167 232 168
f 168 232 233
f 168 233 169
f 169 233 234
f 170 223 171
f 171 235 236
f 171 236 237
f 171 237 172
f 171 223 222
f 171 222 221
f 171 221 234
f 171 234 238
f 171 238 239
f 171 239 235
f 172 240 174
f 172 174 173
f 172 237 241
f 172 241 242
f 172 242 240
f 174 240 175
f 175 240 243
f 175 243 242
f 175 242 244
f 175 244 176
f 176 244 245
f 176 245 177
f 177 245 179
f 177 179 178
f 179 246 181
f 179 183 180
f 179 245 246
f 181 246 247
f 181 247 248
f 181 248 249
f 181 249 182
f 182 249 250
f 182 250 251
f 182 251 252
f 182 252 253
f 182 253 190
f 184 187 258
f 184 258 224
f 185 254 255
f 185 255 186
f 186 255 256
f 186 256 257
f 186 257 187
f 187 257 259
f 187 259 258
f 188 189 198
f 189 197 260
f 189 260 261
f 189 261 198
f 190 253 262
f 190 262 263
f 190 263 191
f 191 263 192
f 192 263 193
f 193 263 264
f 193 264 194
f 194 264 265
f 194 265 266
f 194 266 267
f 194 267 195
f 195 267 268
f 195 268 269
f 195 269 270
f 195 270 271
f 195 271 197
f 195 197 196
f 197 272 260
f 197 271 272
f 198 273 199
f 198 261 273
f 199 274 200
f 199 273 275
f 199 275 274
f 200 276 201
f 200 274 276
f 201 276 207
f 202 277 278
f 202 278 279
f 202 279 204
f 202 203 280
f 202 280 281
f 202 281 277
f 203 208 276
f 203 276 280
f 204 282 283
f 204 283 206
f 204 206 205
f 204 279 284
f 204 284 282
f 206 283 285
f 206 285 209
f 207 276 208
f 209 285 286
f 209 286 210
f 210 286 287
f 210 287 211
f 211 287 288
f 211 288 289
f 211 289 213
f 211 213 212
f 213 289 290
f 213 290 291
f 213 291 214
f 214 291 292
f 214 292 218
f 214 218 217
f 214 217 215
f 218 293 219
f 218 292 294
f 218 294 295
f 218 295 296
f 218 296 297
f 218 297 298
f 218 298 293
f 219 293 220
f 220 293 331
f 220 331 254
f 224 258 225
f 225 259 299
f 225 299 300
f 225 300 301
f 225 301 226
f 225 258 259
f 226 301 228
f 226 228 227
f 228 301 302
f 228 302 303
f 228 303 229
f 229 303 304
f 229 304 230
f 230 304 305
f 230 305 306
f 230 306 231
f 231 306 307
f 231 307 232
f 232 307 233
f 233 307 234
f 234 307 238
f 235 308 309
f 235 309 236
f 235 239 317
f 235 317 308
f 236 309 310
f 236 310 311
f 236 311 237
f 237 311 312
f 237 312 313
f 237 313 241
f 238 307 314
f 238 314 315
f 238 315 239
f 239 315 316
f 239 316 317
f 240 242 243
f 241 318 242
f 241 313 318
f 242 318 244
f 244 318 245
f 245 318 319
f 245 319 246
f 246 319 320
f 246 320 321
f 246 321 248
f 246 248 247
f 248 322 323
f 248 323 324
f 248 324 325
f 248 325 249
f 248 321 322
f 249 325 326
f 249 326 327
f 249 327 328
f 249 328 329
f 249 329 330
f 249 330 250
f 250 330 329
f 250 329 262
f 250 262 251
f 251 262 252
f 252 262 253
f 254 331 255
f 255 331 256
f 256 332 333
f 256 333 257
f 256 331 334
f 256 334 335
f 256 335 336
f 256 336 337
f 256 337 338
f 256 338 332
f 257 333 259
f 259 333 299
f 260 339 340
f 260 340 341
f 260 341 342
f 260 342 343
f 260 343 344
f 260 344 345
f 260 345 261
f 260 272 346
f 260 346 347
f 260 347 348
f 260 348 349
f 260 349 339
f 261 345 344
f 261 344 273
f 262 350 351
f 262 351 352
f 262 352 263
f 262 329 328
f 262 328 327
f 262 327 350
f 263 352 353
f 263 353 354
f 263 354 265
f 263 265 264
f 265 354 266
f 266 354 355
f 266 355 356
f 266 356 267
f 267 356 269
f 267 269 268
f 269 356 352
f 269 352 357
f 269 357 358
f 269 358 359
f 269 359 270
f 270 360 271
f 270 359 360
f 271 360 361
f 271 361 272
f 272 361 346
f 273 362 275
f 273 344 362
f 274 280 276
f 274 275 343
f 274 343 363
f 274 363 280
f 275 362 343
f 277 364 278
f 277 281 371
f 277 371 364
f 278 365 366
f 278 366 279
f 278 364 365
f 279 367 368
f 279 368 284
f 279 366 369
f 279 369 367
f 280 363 281
f 281 363 370
f 281 370 371
f 282 372 285
f 282 285 283
f 282 284 373
f 282 373 372
f 284 368 374
f 284 374 375
f 284 375 373
f 285 372 286
f 286 372 375
f 286 375 376
f 286 376 287
f 287 376 377
f 287 377 288
f 288 377 378
f 288 378 379
f 288 379 289
f 289 379 290
f 290 380 294
f 290 294 292
f 290 292 291
f 290 379 381
f 290 381 380
f 293 298 382
f 293 382 425
f 293 425 331
f 294 380 295
f 295 380 383
f 295 383 296
f 296 383 297
f 297 383 384
f 297 384 385
f 297 385 298
f 298 334 425
f 298 425 382
f 298 385 386
f 298 386 426
f 298 426 334
f 299 333 332
f 299 332 387
f 299 387 300
f 300 387 388
f 300 388 389
f 300 389 302
f 300 302 301
f 302 389 390
f 302 390 391
f 302 391 392
f 302 392 303
f 303 392 393
f 303 393 304
f 304 393 394
f 304 394 305
f 305 394 395
f 305 395 314
f 305 314 306
f 306 314 307
f 308 396 397
f 308 397 309
f 308 317 412
f 308 412 396
f 309 397 398
f 309 398 399
f 309 399 310
f 310 399 400
f 310 400 401
f 310 401 402
f 310 402 313
f 310 313 312
f 310 312 311
f 313 319 318
f 313 402 403
f 313 403 319
f 314 395 404
f 314 404 315
f 315 404 405
f 315 405 406
f 315 406 407
f 315 407 316
f 316 407 408
f 316 408 409
f 316 409 410
f 316 410 411
f 316 411 317
f 317 411 412
f 319 413 414
f 319 414 320
f 319 403 415
f 319 415 416
f 319 416 413
f 320 414 417
f 320 417 321
f 321 418 322
f 321 417 418
f 322 419 323
f 322 418 420
f 322 420 419
f 323 325 324
f 323 419 421
f 323 421 422
f 323 422 351
f 323 351 423
f 323 423 424
f 323 424 325
f 325 424 423
f 325 423 350
f 325 350 327
f 325 327 326
f 331 425 334
f 332 338 388
f 332 388 387
f 334 426 427
f 334 427 335
f 335 427 428
f 335 428 429
f 335 429 336
f 336 429 337
f 337 429 430
f 337 430 338
f 338 430 431
f 338 431 388
f 339 349 432
f 339 432 433
f 339 433 340
f 340 433 434
f 340 434 341
f 341 363 342
f 341 434 363
f 342 363 343
f 343 362 344
f 346 361 435
f 346 435 348
f 346 348 347
f 348 435 436
f 348 436 437
f 348 437 349
f 349 437 438
f 349 438 432
f 350 423 351
f 351 422 421
f 351 421 439
f 351 439 357
f 351 357 352
f 352 356 355
f 352 355 354
f 352 354 353
f 357 439 440
f 357 440 441
f 357 441 442
f 357 442 358
f 358 442 443
f 358 443 444
f 358 444 359
f 359 444 445
f 359 445 360
f 360 445 361
f 361 445 446
f 361 446 447
f 361 447 448
f 361 448 449
f 361 449 450
f 361 450 451
f 361 451 452
f 361 452 435
f 363 434 370
f 364 453 365
f 364 371 469
f 364 469 453
f 365 454 455
f 365 455 366
f 365 453 456
f 365 456 454
f 366 455 457
f 366 457 369
f 367 369 458
f 367 458 459
f 367 459 460
f 367 460 368
f 368 460 461
f 368 461 374
f 369 457 462
f 369 462 463
f 369 463 464
f 369 464 458
f 370 434 465
f 370 465 466
f 370 466 467
f 370 467 468
f 370 468 371
f 371 468 469
f 372 373 375
f 374 376 375
f 374 461 470
f 374 470 376
f 376 470 377
f 377 470 471
f 377 471 378
f 378 471 472
f 378 472 473
f 378 473 474
f 378 474 475
f 378 475 476
f 378 476 379
f 379 476 381
f 380 381 383
f 381 476 477
f 381 477 383
f 383 477 384
f 384 477 478
f 384 478 385
f 385 478 386
f 386 478 479
f 386 479 480
f 386 480 527
f 386 527 426
f 388 431 481
f 388 481 482
f 388 482 389
f 389 482 390
f 390 482 483
f 390 483 391
f 391 483 484
f 391 484 485
f 391 485 486
f 391 486 392
f 392 486 393
f 393 486 487
f 393 487 488
f 393 488 394
f 394 488 395
f 395 488 489
f 395 489 404
f 396 490 491
f 396 491 397
f 396 412 512
f 396 512 490
f 397 491 398
f 398 492 493
f 398 493 494
f 398 494 400
f 398 400 399
f 398 491 492
f 400 494 401
f 401 494 495
f 401 495 496
f 401 496 402
f 402 496 497
f 402 497 403
f 403 497 498
f 403 498 415
f 404 499 405
f 404 489 487
f 404 487 499
f 405 500 406
f 405 499 501
f 405 501 502
f 405 502 500
f 406 503 504
f 406 504 407
f 406 500 503
f 407 505 506
f 407 506 507
f 407 507 408
f 407 504 505
f 408 508 409
f 408 507 508
f 409 508 509
f 409 509 510
f 409 510 511
f 409 511 410
f 410 511 412
f 410 412 411
f 412 511 512
f 413 416 414
f 414 513 514
f 414 514 417
f 414 416 515
f 414 515 516
f 414 516 513
f 415 498 416
f 416 498 515
f 417 514 517
f 417 517 518
f 417 518 519
f 417 519 520
f 417 520 521
f 417 521 418
f 418 522 420
f 418 521 522
f 419 420 523
f 419 523 524
f 419 524 421
f 420 525 523
f 420 522 525
f 421 524 523
f 421 523 526
f 421 526 542
f 421 542 439
f 426 428 427
f 426 527 528
f 426 528 428
f 428 529 429
f 428 528 530
f 428 530 529
f 429 529 430
f 430 529 431
f 431 482 481
f 431 529 531
f 431 531 482
f 432 438 433
f 433 438 532
f 433 532 434
f 434 532 533
f 434 533 534
f 434 534 465
f 435 452 535
f 435 535 436
f 436 535 536
f 436 536 537
f 436 537 437
f 437 537 536
f 437 536 538
f 437 538 539
f 437 539 540
f 437 540 438
f 438 540 541
f 438 541 532
f 439 542 440
f 440 543 544
f 440 544 443
f 440 443 441
f 440 542 650
f 440 650 545
f 440 545 546
f 440 546 547
f 440 547 543
f 441 443 442
f 443 544 547
f 443 547 444
f 444 547 548
f 444 548 549
f 444 549 550
f 444 550 551
f 444 551 445
f 445 551 446
f 446 552 447
f 446 551 553
f 446 553 554
f 446 554 555
f 446 555 556
f 446 556 557
f 446 557 558
f 446 558 559
f 446 559 552
f 447 552 448
f 448 552 449
f 449 559 450
f 449 552 559
f 450 559 670
f 450 670 560
f 450 560 561
f 450 561 451
f 451 561 562
f 451 562 452
f 452 562 535
f 453 563 456
f 453 469 578
f 453 578 563
f 454 564 455
f 454 456 563
f 454 563 565
f 454 565 564
f 455 564 566
f 455 566 457
f 457 566 462
f 458 464 459
f 459 567 460
f 459 464 568
f 459 568 567
f 460 567 569
f 460 569 570
f 460 570 461
f 461 570 571
f 461 571 470
f 462 566 463
f 463 572 464
f 463 566 572
f 464 572 573
f 464 573 568
f 465 534 466
f 466 534 574
f 466 574 575
f 466 575 576
f 466 576 577
f 466 577 467
f 467 577 469
f 467 469 468
f 469 577 578
f 470 571 471
f 471 571 579
f 471 579 472
f 472 579 580
f 472 580 581
f 472 581 473
f 473 582 474
f 473 581 583
f 473 583 584
f 473 584 582
f 474 582 585
f 474 585 586
f 474 586 587
f 474 587 475
f 475 587 476
f 476 587 588
f 476 588 477
f 477 588 478
f 478 588 479
f 479 588 589
f 479 589 590
f 479 590 480
f 480 590 641
f 480 641 527
f 482 531 483
f 483 531 591
f 483 591 592
f 483 592 484
f 484 593 485
f 484 592 594
f 484 594 595
f 484 595 596
f 484 596 593
f 485 597 501
f 485 501 499
f 485 499 486
f 485 593 597
f 486 499 598
f 486 598 487
f 487 489 488
f 487 598 499
f 490 599 600
f 490 600 493
f 490 493 492
f 490 492 491
f 490 512 618
f 490 618 599
f 493 601 602
f 493 602 603
f 493 603 495
f 493 495 494
f 493 600 604
f 493 604 601
f 495 603 497
f 495 497 496
f 497 603 498
f 498 603 602
f 498 602 605
f 498 605 606
f 498 606 607
f 498 607 515
f 500 608 503
f 500 502 609
f 500 609 608
f 501 597 502
f 502 597 593
f 502 593 596
f 502 596 609
f 503 608 610
f 503 610 611
f 503 611 504
f 504 611 505
f 505 611 506
f 506 611 612
f 506 612 613
f 506 613 508
f 506 508 507
f 508 613 509
f 509 613 614
f 509 614 615
f 509 615 616
f 509 616 617
f 509 617 512
f 509 512 510
f 510 512 511
f 512 617 618
f 513 619 514
f 513 516 620
f 513 620 736
f 513 736 619
f 514 619 517
f 515 607 606
f 515 606 621
f 515 621 516
f 516 621 622
f 516 622 623
f 516 623 620
f 517 619 735
f 517 735 624
f 517 624 518
f 518 624 625
f 518 625 626
f 518 626 627
f 518 627 628
f 518 628 519
f 519 628 521
f 519 521 520
f 521 629 630
f 521 630 522
f 521 628 631
f 521 631 632
f 521 632 633
f 521 633 634
f 521 634 635
f 521 635 636
f 521 636 629
f 522 630 525
f 523 637 542
f 523 542 526
f 523 525 638
f 523 638 637
f 525 630 639
f 525 639 640
f 525 640 638
f 527 641 528
f 528 641 642
f 528 642 530
f 529 530 531
f 530 642 643
f 530 643 531
f 531 643 591
f 532 541 574
f 532 574 533
f 533 574 534
f 535 562 644
f 535 644 536
f 536 644 645
f 536 645 646
f 536 646 647
f 536 647 539
f 536 539 538
f 539 647 648
f 539 648 649
f 539 649 575
f 539 575 540
f 540 575 541
f 541 575 574
f 542 637 651
f 542 651 652
f 542 652 650
f 543 547 544
f 545 650 653
f 545 653 654
f 545 654 546
f 546 654 655
f 546 655 547
f 547 656 657
f 547 657 548
f 547 655 656
f 548 657 549
f 549 657 658
f 549 658 659
f 549 659 550
f 550 659 658
f 550 658 660
f 550 660 661
f 550 661 662
f 550 662 553
f 550 553 551
f 553 662 663
f 553 663 664
f 553 664 665
f 553 665 666
f 553 666 667
f 553 667 554
f 554 667 666
f 554 666 555
f 555 666 668
f 555 668 557
f 555 557 556
f 557 668 669
f 557 669 559
f 557 559 558
f 559 669 670
f 560 670 671
f 560 671 672
f 560 672 561
f 561 672 673
f 561 673 562
f 562 673 674
f 562 674 644
f 563 675 565
f 563 578 686
f 563 686 675
f 564 676 677
f 564 677 678
f 564 678 566
f 564 565 676
f 565 675 679
f 565 679 676
f 566 678 572
f 567 568 680
f 567 680 569
f 568 573 681
f 568 681 680
f 569 579 570
f 569 680 682
f 569 682 579
f 570 579 571
f 572 678 573
f 573 678 683
f 573 683 681
f 575 649 684
f 575 684 685
f 575 685 578
f 575 578 576
f 576 578 577
f 578 685 686
f 579 687 688
f 579 688 689
f 579 689 690
f 579 690 580
f 579 682 691
f 579 691 687
f 580 690 692
f 580 692 693
f 580 693 694
f 580 694 581
f 581 694 695
f 581 695 583
f 582 584 696
f 582 696 585
f 583 695 584
f 584 695 697
f 584 697 698
f 584 698 696
f 585 696 589
f 585 589 586
f 586 589 587
f 587 589 588
f 589 696 699
f 589 699 700
f 589 700 590
f 590 700 699
f 590 699 701
f 590 701 761
f 590 761 641
f 591 643 702
f 591 702 592
f 592 702 703
f 592 703 704
f 592 704 705
f 592 705 594
f 594 705 706
f 594 706 707
f 594 707 595
f 595 708 709
f 595 709 596
f 595 707 710
f 595 710 708
f 596 711 609
f 596 709 712
f 596 712 713
f 596 713 714
f 596 714 715
f 596 715 711
f 599 716 717
f 599 717 600
f 599 618 734
f 599 734 716
f 600 717 604
f 601 718 719
f 601 719 602
f 601 604 717
f 601 717 720
f 601 720 721
f 601 721 718
f 602 719 722
f 602 722 606
f 602 606 605
f 606 722 723
f 606 723 724
f 606 724 725
f 606 725 726
f 606 726 621
f 608 609 610
f 609 711 610
f 610 727 611
f 610 711 727
f 611 727 612
f 612 727 613
f 613 727 614
f 614 727 615
f 615 728 729
f 615 729 616
f 615 727 730
f 615 730 731
f 615 731 728
f 616 729 732
f 616 732 733
f 616 733 617
f 617 733 618
f 618 733 734
f 619 736 737
f 619 737 735
f 620 623 738
f 620 738 737
f 620 737 736
f 621 739 622
f 621 726 739
f 622 739 740
f 622 740 623
f 623 741 738
f 623 740 741
f 624 735 625
f 625 735 737
f 625 737 742
f 625 742 626
f 626 742 631
f 626 631 627
f 627 631 628
f 629 743 639
f 629 639 630
f 629 636 744
f 629 744 745
f 629 745 746
f 629 746 743
f 631 742 740
f 631 740 747
f 631 747 748
f 631 748 632
f 632 748 749
f 632 749 633
f 633 749 750
f 633 750 634
f 634 750 635
f 635 750 751
f 635 751 752
f 635 752 753
f 635 753 636
f 636 753 744
f 637 638 754
f 637 754 651
f 638 640 755
f 638 755 756
f 638 756 754
f 639 743 757
f 639 757 758
f 639 758 759
f 639 759 760
f 639 760 640
f 640 760 759
f 640 759 755
f 641 761 762
f 641 762 763
f 641 763 642
f 642 764 643
f 642 763 765
f 642 765 764
f 643 764 702
f 644 674 766
f 644 766 645
f 645 648 646
f 645 766 767
f 645 767 768
f 645 768 648
f 646 648 647
f 648 768 649
f 649 768 769
f 649 769 770
f 649 770 771
f 649 771 686
f 649 686 684
f 650 652 772
f 650 772 653
f 651 754 652
f 652 754 756
f 652 756 772
f 653 772 756
f 653 756 654
f 654 756 773
f 654 773 655
f 655 773 656
f 656 773 657
f 657 773 658
f 658 773 774
f 658 774 660
f 660 774 661
f 661 775 662
f 661 774 776
f 661 776 777
f 661 777 778
f 661 778 775
f 662 775 779
f 662 779 780
f 662 780 781
f 662 781 663
f 663 781 782
f 663 782 664
f 664 782 783
f 664 783 784
f 664 784 665
f 665 784 666
f 666 784 785
f 666 785 786
f 666 786 668
f 668 786 787
f 668 787 669
f 669 787 788
f 669 788 671
f 669 671 670
f 671 788 789
f 671 789 790
f 671 790 791
f 671 791 672
f 672 791 673
f 673 791 674
f 674 791 766
f 675 792 679
f 675 686 801
f 675 801 792
f 676 793 794
f 676 794 795
f 676 795 677
f 676 679 793
f 677 795 796
f 677 796 797
f 677 797 798
f 677 798 681
f 677 681 683
f 677 683 678
f 679 792 799
f 679 799 793
f 680 681 682
f 681 798 797
f 681 797 800
f 681 800 682
f 682 800 691
f 684 686 685
f 686 771 801
f 687 802 688
f 687 691 803
f 687 803 804
f 687 804 802
f 688 802 805
f 688 805 689
f 689 805 806
f 689 806 690
f 690 807 808
f 690 808 692
f 690 806 807
f 691 800 809
f 691 809 810
f 691 810 811
f 691 811 803
f 692 808 812
f 692 812 693
f 693 812 813
f 693 813 814
f 693 814 695
f 693 695 694
f 695 814 815
f 695 815 816
f 695 816 817
f 695 817 697
f 696 818 699
f 696 698 819
f 696 819 818
f 697 817 698
f 698 817 819
f 699 818 876
f 699 876 762
f 699 762 761
f 699 761 701
f 702 764 765
f 702 765 703
f 703 765 820
f 703 820 704
f 704 820 821
f 704 821 822
f 704 822 706
f 704 706 705
f 706 822 823
f 706 823 824
f 706 824 825
f 706 825 710
f 706 710 707
f 708 710 826
f 708 826 827
f 708 827 709
f 709 828 829
f 709 829 712
f 709 827 828
f 710 825 830
f 710 830 826
f 711 715 831
f 711 831 727
f 712 829 832
f 712 832 713
f 713 833 834
f 713 834 714
f 713 832 833
f 714 834 835
f 714 835 836
f 714 836 715
f 715 836 837
f 715 837 838
f 715 838 831
f 716 839 840
f 716 840 841
f 716 841 717
f 716 734 854
f 716 854 839
f 717 841 720
f 718 842 724
f 718 724 719
f 718 721 843
f 718 843 842
f 719 724 723
f 719 723 722
f 720 841 721
f 721 841 843
f 724 844 725
f 724 842 844
f 725 844 726
f 726 844 845
f 726 845 846
f 726 846 739
f 727 731 730
f 727 831 731
f 728 847 729
f 728 731 847
f 729 848 732
f 729 847 848
f 731 831 838
f 731 838 849
f 731 849 850
f 731 850 848
f 731 848 847
f 732 848 851
f 732 851 852
f 732 852 733
f 733 852 734
f 734 852 971
f 734 971 853
f 734 853 854
f 737 738 740
f 737 740 742
f 738 741 740
f 739 747 740
f 739 846 747
f 743 855 856
f 743 856 857
f 743 857 757
f 743 746 858
f 743 858 855
f 744 753 859
f 744 859 860
f 744 860 745
f 745 860 746
f 746 860 861
f 746 861 858
f 747 846 862
f 747 862 748
f 748 862 863
f 748 863 749
f 749 863 864
f 749 864 865
f 749 865 750
f 750 865 751
f 751 865 866
f 751 866 867
f 751 867 868
f 751 868 752
f 752 869 870
f 752 870 753
f 752 868 869
f 753 870 859
f 755 759 871
f 755 871 756
f 756 871 773
f 757 872 873
f 757 873 874
f 757 874 758
f 757 857 875
f 757 875 872
f 758 874 759
f 759 874 871
f 762 876 820
f 762 820 763
f 763 820 765
f 766 791 790
f 766 790 877
f 766 877 767
f 767 877 878
f 767 878 1002
f 767 1002 879
f 767 879 769
f 767 769 768
f 769 879 880
f 769 880 770
f 770 880 801
f 770 801 771
f 773 871 774
f 774 871 874
f 774 874 996
f 774 996 881
f 774 881 882
f 774 882 883
f 774 883 884
f 774 884 776
f 775 885 779
f 775 778 886
f 775 886 887
f 775 887 888
f 775 888 885
f 776 884 777
f 777 884 778
f 778 884 882
f 778 882 889
f 778 889 890
f 778 890 886
f 779 891 892
f 779 892 780
f 779 885 893
f 779 893 894
f 779 894 895
f 779 895 896
f 779 896 891
f 780 892 897
f 780 897 898
f 780 898 899
f 780 899 781
f 781 899 900
f 781 900 782
f 782 900 901
f 782 901 902
f 782 902 783
f 783 903 784
f 783 902 904
f 783 904 903
f 784 903 785
f 785 903 905
f 785 905 906
f 785 906 907
f 785 907 786
f 786 907 908
f 786 908 909
f 786 909 787
f 787 909 910
f 787 910 788
f 788 910 789
f 789 910 908
f 789 908 911
f 789 911 877
f 789 877 790
f 792 912 913
f 792 913 799
f 792 801 921
f 792 921 912
f 793 914 794
f 793 799 914
f 794 914 915
f 794 915 795
f 795 915 916
f 795 916 796
f 796 916 797
f 797 809 800
f 797 916 915
f 797 915 917
f 797 917 918
f 797 918 809
f 799 913 919
f 799 919 914
f 801 880 920
f 801 920 921
f 802 922 923
f 802 923 805
f 802 804 922
f 803 811 810
f 803 810 924
f 803 924 804
f 804 924 925
f 804 925 926
f 804 926 927
f 804 927 928
f 804 928 922
f 805 929 930
f 805 930 806
f 805 923 929
f 806 930 807
f 807 930 931
f 807 931 932
f 807 932 808
f 808 932 812
f 809 918 933
f 809 933 934
f 809 934 810
f 810 934 925
f 810 925 924
f 812 932 935
f 812 935 936
f 812 936 813
f 813 936 815
f 813 815 814
f 815 817 816
f 815 936 937
f 815 937 938
f 815 938 939
f 815 939 817
f 817 939 940
f 817 940 941
f 817 941 819
f 818 819 942
f 818 942 876
f 819 941 1060
f 819 1060 942
f 820 876 942
f 820 942 821
f 821 942 943
f 821 943 822
f 822 943 823
f 823 943 945
f 823 945 824
f 824 944 830
f 824 830 825
f 824 945 946
f 824 946 947
f 824 947 944
f 826 948 949
f 826 949 827
f 826 830 944
f 826 944 948
f 827 949 828
f 828 949 950
f 828 950 951
f 828 951 829
f 829 951 832
f 832 951 952
f 832 952 833
f 833 952 953
f 833 953 954
f 833 954 834
f 834 954 835
f 835 954 955
f 835 955 956
f 835 956 957
f 835 957 958
f 835 958 836
f 836 958 957
f 836 957 837
f 837 957 959
f 837 959 838
f 838 959 849
f 839 960 961
f 839 961 840
f 839 854 973
f 839 973 960
f 840 961 1081
f 840 1081 962
f 840 962 841
f 841 962 963
f 841 963 843
f 842 964 965
f 842 965 844
f 842 843 963
f 842 963 964
f 844 966 967
f 844 967 845
f 844 965 966
f 845 967 846
f 846 967 862
f 848 968 851
f 848 850 969
f 848 969 968
f 849 959 969
f 849 969 850
f 851 968 1084
f 851 1084 970
f 851 970 971
f 851 971 852
f 853 972 973
f 853 973 854
f 853 971 1088
f 853 1088 972
f 855 858 974
f 855 974 975
f 855 975 856
f 856 976 977
f 856 977 857
f 856 975 978
f 856 978 979
f 856 979 980
f 856 980 976
f 857 977 981
f 857 981 982
f 857 982 983
f 857 983 984
f 857 984 985
f 857 985 875
f 858 861 986
f 858 986 974
f 859 870 987
f 859 987 988
f 859 988 860
f 860 988 989
f 860 989 990
f 860 990 861
f 861 990 989
f 861 989 986
f 862 967 966
f 862 966 991
f 862 991 864
f 862 864 863
f 864 866 865
f 864 991 867
f 864 867 866
f 867 869 868
f 867 991 992
f 867 992 993
f 867 993 869
f 869 993 994
f 869 994 870
f 870 994 987
f 872 875 995
f 872 995 873
f 873 995 874
f 874 995 997
f 874 997 998
f 874 998 996
f 875 985 999
f 875 999 1000
f 875 1000 998
f 875 998 995
f 877 911 1001
f 877 1001 878
f 878 1001 1122
f 878 1122 1002
f 879 1002 880
f 880 1003 920
f 880 1002 1003
f 881 1004 1005
f 881 1005 1006
f 881 1006 882
f 881 996 1118
f 881 1118 1004
f 882 1006 1007
f 882 1007 1008
f 882 1008 889
f 882 884 883
f 885 888 1009
f 885 1009 1010
f 885 1010 893
f 886 890 1011
f 886 1011 887
f 887 1011 1012
f 887 1012 1013
f 887 1013 888
f 888 1013 1009
f 889 1008 890
f 890 1008 1014
f 890 1014 1011
f 891 1015 892
f 891 896 1027
f 891 1027 1015
f 892 1016 1017
f 892 1017 901
f 892 901 1018
f 892 1018 897
f 892 1015 1019
f 892 1019 1016
f 893 1010 1020
f 893 1020 894
f 894 1020 1021
f 894 1021 1022
f 894 1022 895
f 895 1022 1023
f 895 1023 1024
f 895 1024 1025
f 895 1025 896
f 896 1025 1026
f 896 1026 1027
f 897 1018 898
f 898 1018 901
f 898 901 900
f 898 900 899
f 901 1017 902
f 902 1028 904
f 902 1017 1029
f 902 1029 1030
f 902 1030 1031
f 902 1031 1028
f 903 904 1032
f 903 1032 905
f 904 1028 1033
f 904 1033 1032
f 905 908 906
f 905 1032 1034
f 905 1034 908
f 906 908 907
f 908 910 909
f 908 1034 911
f 911 1034 1121
f 911 1121 1001
f 912 1035 1036
f 912 1036 913
f 912 921 1042
f 912 1042 1035
f 913 1036 1040
f 913 1040 919
f 914 1037 1162
f 914 1162 1038
f 914 1038 915
f 914 919 1037
f 915 1038 917
f 917 1038 1039
f 917 1039 918
f 918 1039 933
f 919 1040 1161
f 919 1161 1037
f 920 1003 1123
f 920 1123 1041
f 920 1041 1042
f 920 1042 921
f 922 928 927
f 922 927 1045
f 922 1045 923
f 923 1043 1044
f 923 1044 929
f 923 1045 1043
f 925 934 1046
f 925 1046 1047
f 925 1047 1048
f 925 1048 1045
f 925 1045 927
f 925 927 926
f 929 1049 930
f 929 1044 1049
f 930 1049 1050
f 930 1050 931
f 931 1050 1051
f 931 1051 932
f 932 1051 1052
f 932 1052 935
f 933 1039 934
f 934 1039 1046
f 935 1053 1054
f 935 1054 936
f 935 1052 1053
f 936 1054 1055
f 936 1055 937
f 937 1055 938
f 938 940 939
f 938 1055 1183
f 938 1183 1056
f 938 1056 1185
f 938 1185 1057
f 938 1057 1058
f 938 1058 940
f 940 1059 1060
f 940 1060 941
f 940 1058 1064
f 940 1064 1059
f 942 1060 943
f 943 1060 1059
f 943 1059 945
f 944 947 1063
f 944 1063 1061
f 944 1061 948
f 945 1059 946
f 946 1062 1189
f 946 1189 1063
f 946 1063 947
f 946 1059 1064
f 946 1064 1065
f 946 1065 1190
f 946 1190 1062
f 948 1061 1066
f 948 1066 1067
f 948 1067 949
f 949 1067 1068
f 949 1068 950
f 950 1068 1069
f 950 1069 951
f 951 1070 952
f 951 1069 1070
f 952 1070 1071
f 952 1071 953
f 953 1071 1072
f 953 1072 1073
f 953 1073 955
f 953 955 954
f 955 1073 956
f 956 1073 957
f 957 1073 1074
f 957 1074 1075
f 957 1075 1076
f 957 1076 959
f 959 1076 1077
f 959 1077 969
f 960 1078 1079
f 960 1079 961
f 960 973 1090
f 960 1090 1078
f 961 1079 1080
f 961 1080 1081
f 962 1081 1082
f 962 1082 963
f 963 1082 1083
f 963 1083 964
f 964 1083 992
f 964 992 965
f 965 992 991
f 965 991 966
f 968 969 1085
f 968 1085 1084
f 969 1077 1086
f 969 1086 1085
f 970 1084 1208
f 970 1208 1087
f 970 1087 1088
f 970 1088 971
f 972 1089 973
f 972 1088 1089
f 973 1089 1090
f 974 986 1091
f 974 1091 1092
f 974 1092 975
f 975 1092 1093
f 975 1093 978
f 976 1094 1095
f 976 1095 977
f 976 980 1094
f 977 1095 981
f 978 1093 1096
f 978 1096 979
f 979 1096 1097
f 979 1097 1098
f 979 1098 980
f 980 1098 1099
f 980 1099 1100
f 980 1100 1101
f 980 1101 1102
f 980 1102 1103
f 980 1103 1104
f 980 1104 1094
f 981 1095 1105
f 981 1105 982
f 982 1105 983
f 983 1105 1106
f 983 1106 984
f 984 1106 1107
f 984 1107 985
f 985 1107 999
f 986 989 1091
f 987 994 1108
f 987 1108 1109
f 987 1109 988
f 988 1091 989
f 988 1109 1110
f 988 1110 1111
f 988 1111 1091
f 992 1083 993
f 993 1108 994
f 993 1083 1082
f 993 1082 1112
f 993 1112 1206
f 993 1206 1108
f 995 998 997
f 996 998 1113
f 996 1113 1114
f 996 1114 1115
f 996 1115 1116
f 996 1116 1117
f 996 1117 1118
f 998 1000 1119
f 998 1119 1113
f 999 1107 1120
f 999 1120 1119
f 999 1119 1000
f 1001 1121 1122
f 1002 1122 1123
f 1002 1123 1003
f 1004 1118 1124
f 1004 1124 1125
f 1004 1125 1126
f 1004 1126 1014
f 1004 1014 1008
f 1004 1008 1007
f 1004 1007 1127
f 1004 1127 1005
f 1005 1127 1006
f 1006 1127 1007
f 1009 1013 1010
f 1010 1013 1020
f 1011 1014 1128
f 1011 1128 1129
f 1011 1129 1130
f 1011 1130 1131
f 1011 1131 1013
f 1011 1013 1012
f 1013 1131 1132
f 1013 1132 1133
f 1013 1133 1020
f 1014 1126 1128
f 1015 1134 1019
f 1015 1027 1153
f 1015 1153 1134
f 1016 1029 1017
f 1016 1019 1134
f 1016 1134 1135
f 1016 1135 1029
f 1020 1133 1136
f 1020 1136 1137
f 1020 1137 1138
f 1020 1138 1021
f 1021 1138 1139
f 1021 1139 1022
f 1022 1139 1023
f 1023 1140 1141
f 1023 1141 1142
f 1023 1142 1024
f 1023 1139 1143
f 1023 1143 1140
f 1024 1142 1144
f 1024 1144 1025
f 1025 1145 1146
f 1025 1146 1147
f 1025 1147 1026
f 1025 1144 1148
f 1025 1148 1149
f 1025 1149 1145
f 1026 1147 1150
f 1026 1150 1151
f 1026 1151 1152
f 1026 1152 1027
f 1027 1152 1153
f 1028 1031 1154
f 1028 1154 1155
f 1028 1155 1156
f 1028 1156 1033
f 1029 1135 1030
f 1030 1135 1134
f 1030 1134 1157
f 1030 1157 1158
f 1030 1158 1154
f 1030 1154 1031
f 1032 1033 1121
f 1032 1121 1034
f 1033 1156 1121
f 1035 1159 1160
f 1035 1160 1036
f 1035 1042 1169
f 1035 1169 1159
f 1036 1160 1040
f 1037 1161 1283
f 1037 1283 1162
f 1038 1162 1163
f 1038 1163 1039
f 1039 1163 1164
f 1039 1164 1165
f 1039 1165 1046
f 1040 1160 1166
f 1040 1166 1282
f 1040 1282 1161
f 1041 1123 1167
f 1041 1167 1168
f 1041 1168 1169
f 1041 1169 1042
f 1043 1045 1048
f 1043 1048 1170
f 1043 1170 1044
f 1044 1171 1285
f 1044 1285 1172
f 1044 1172 1177
f 1044 1177 1049
f 1044 1170 1047
f 1044 1047 1176
f 1044 1176 1171
f 1046 1173 1174
f 1046 1174 1047
f 1046 1165 1164
f 1046 1164 1173
f 1047 1170 1048
f 1047 1174 1288
f 1047 1288 1175
f 1047 1175 1292
f 1047 1292 1176
f 1049 1177 1178
f 1049 1178 1050
f 1050 1178 1179
f 1050 1179 1051
f 1051 1179 1180
f 1051 1180 1052
f 1052 1180 1181
f 1052 1181 1053
f 1053 1181 1182
f 1053 1182 1054
f 1054 1182 1183
f 1054 1183 1055
f 1056 1183 1299
f 1056 1299 1184
f 1056 1184 1301
f 1056 1301 1185
f 1057 1186 1058
f 1057 1185 1190
f 1057 1190 1065
f 1057 1065 1191
f 1057 1191 1186
f 1058 1186 1191
f 1058 1191 1064
f 1061 1187 1192
f 1061 1192 1066
f 1061 1063 1189
f 1061 1189 1187
f 1062 1188 1305
f 1062 1305 1189
f 1062 1190 1306
f 1062 1306 1188
f 1064 1191 1065
f 1066 1192 1193
f 1066 1193 1067
f 1067 1193 1194
f 1067 1194 1068
f 1068 1194 1195
f 1068 1195 1069
f 1069 1195 1196
f 1069 1196 1070
f 1070 1196 1197
f 1070 1197 1071
f 1071 1197 1312
f 1071 1312 1198
f 1071 1198 1199
f 1071 1199 1075
f 1071 1075 1072
f 1072 1075 1074
f 1072 1074 1073
f 1075 1199 1313
f 1075 1313 1200
f 1075 1200 1317
f 1075 1317 1201
f 1075 1201 1076
f 1076 1201 1202
f 1076 1202 1077
f 1077 1202 1086
f 1078 1203 1204
f 1078 1204 1079
f 1078 1090 1215
f 1078 1215 1203
f 1079 1204 1080
f 1080 1204 1205
f 1080 1205 1206
f 1080 1206 1112
f 1080 1112 1082
f 1080 1082 1081
f 1084 1085 1086
f 1084 1086 1207
f 1084 1207 1319
f 1084 1319 1208
f 1086 1202 1207
f 1087 1208 1209
f 1087 1209 1210
f 1087 1210 1211
f 1087 1211 1088
f 1088 1211 1089
f 1089 1212 1213
f 1089 1213 1215
f 1089 1215 1090
f 1089 1211 1214
f 1089 1214 1212
f 1091 1111 1092
f 1092 1111 1216
f 1092 1216 1217
f 1092 1217 1093
f 1093 1217 1221
f 1093 1221 1096
f 1094 1218 1095
f 1094 1104 1236
f 1094 1236 1218
f 1095 1219 1105
f 1095 1218 1220
f 1095 1220 1219
f 1096 1221 1222
f 1096 1222 1097
f 1097 1222 1223
f 1097 1223 1224
f 1097 1224 1225
f 1097 1225 1226
f 1097 1226 1227
f 1097 1227 1098
f 1098 1228 1229
f 1098 1229 1099
f 1098 1227 1228
f 1099 1230 1100
f 1099 1229 1231
f 1099 1231 1230
f 1100 1230 1101
f 1101 1232 1102
f 1101 1230 1233
f 1101 1233 1232
f 1102 1232 1103
f 1103 1232 1234
f 1103 1234 1235
f 1103 1235 1236
f 1103 1236 1104
f 1105 1107 1106
f 1105 1219 1237
f 1105 1237 1238
f 1105 1238 1107
f 1107 1238 1239
f 1107 1239 1240
f 1107 1240 1241
f 1107 1241 1120
f 1108 1206 1109
f 1109 1206 1205
f 1109 1205 1204
f 1109 1204 1110
f 1110 1204 1203
f 1110 1203 1242
f 1110 1242 1111
f 1111 1242 1216
f 1113 1119 1114
f 1114 1119 1115
f 1115 1119 1243
f 1115 1243 1117
f 1115 1117 1116
f 1117 1243 1244
f 1117 1244 1118
f 1118 1244 1124
f 1119 1120 1243
f 1120 1241 1243
f 1121 1156 1167
f 1121 1167 1123
f 1121 1123 1122
f 1124 1244 1245
f 1124 1245 1125
f 1125 1245 1246
f 1125 1246 1247
f 1125 1247 1126
f 1126 1247 1129
f 1126 1129 1128
f 1129 1247 1130
f 1130 1247 1248
f 1130 1248 1131
f 1131 1248 1132
f 1132 1248 1249
f 1132 1249 1133
f 1133 1249 1136
f 1134 1153 1277
f 1134 1277 1157
f 1136 1249 1250
f 1136 1250 1137
f 1137 1250 1138
f 1138 1250 1251
f 1138 1251 1139
f 1139 1251 1143
f 1140 1143 1251
f 1140 1251 1252
f 1140 1252 1141
f 1141 1253 1254
f 1141 1254 1255
f 1141 1255 1256
f 1141 1256 1142
f 1141 1252 1257
f 1141 1257 1258
f 1141 1258 1253
f 1142 1256 1144
f 1144 1256 1259
f 1144 1259 1148
f 1145 1260 1261
f 1145 1261 1262
f 1145 1262 1263
f 1145 1263 1146
f 1145 1149 1264
f 1145 1264 1260
f 1146 1263 1265
f 1146 1265 1266
f 1146 1266 1267
f 1146 1267 1147
f 1147 1267 1268
f 1147 1268 1269
f 1147 1269 1270
f 1147 1270 1150
f 1148 1259 1271
f 1148 1271 1149
f 1149 1271 1264
f 1150 1270 1269
f 1150 1269 1272
f 1150 1272 1151
f 1151 1272 1273
f 1151 1273 1274
f 1151 1274 1152
f 1152 1274 1275
f 1152 1275 1276
f 1152 1276 1153
f 1153 1276 1392
f 1153 1392 1277
f 1154 1158 1169
f 1154 1169 1168
f 1154 1168 1167
f 1154 1167 1155
f 1155 1167 1156
f 1157 1277 1278
f 1157 1278 1158
f 1158 1278 1159
f 1158 1159 1169
f 1159 1278 1279
f 1159 1279 1160
f 1160 1279 1280
f 1160 1280 1281
f 1160 1281 1166
f 1161 1282 1395
f 1161 1395 1283
f 1162 1284 1164
f 1162 1164 1163
f 1162 1283 1397
f 1162 1397 1284
f 1164 1284 1173
f 1166 1281 1393
f 1166 1393 1282
f 1171 1176 1292
f 1171 1292 1285
f 1172 1285 1286
f 1172 1286 1177
f 1173 1287 1288
f 1173 1288 1174
f 1173 1284 1397
f 1173 1397 1287
f 1175 1289 1290
f 1175 1290 1291
f 1175 1291 1292
f 1175 1288 1289
f 1177 1286 1293
f 1177 1293 1294
f 1177 1294 1178
f 1178 1295 1179
f 1178 1294 1295
f 1179 1295 1296
f 1179 1296 1180
f 1180 1296 1297
f 1180 1297 1181
f 1181 1297 1182
f 1182 1297 1298
f 1182 1298 1299
f 1182 1299 1183
f 1184 1299 1409
f 1184 1409 1300
f 1184 1300 1411
f 1184 1411 1301
f 1185 1301 1306
f 1185 1306 1190
f 1187 1302 1303
f 1187 1303 1192
f 1187 1189 1305
f 1187 1305 1302
f 1188 1304 1413
f 1188 1413 1305
f 1188 1306 1416
f 1188 1416 1304
f 1192 1303 1193
f 1193 1303 1307
f 1193 1307 1194
f 1194 1308 1195
f 1194 1307 1308
f 1195 1308 1309
f 1195 1309 1196
f 1196 1309 1310
f 1196 1310 1311
f 1196 1311 1197
f 1197 1311 1312
f 1198 1312 1313
f 1198 1313 1199
f 1200 1313 1314
f 1200 1314 1315
f 1200 1315 1316
f 1200 1316 1317
f 1201 1317 1318
f 1201 1318 1202
f 1202 1318 1319
f 1202 1319 1207
f 1203 1215 1331
f 1203 1331 1242
f 1208 1319 1320
f 1208 1320 1321
f 1208 1321 1209
f 1209 1321 1322
f 1209 1322 1323
f 1209 1323 1324
f 1209 1324 1325
f 1209 1325 1326
f 1209 1326 1210
f 1210 1326 1327
f 1210 1327 1214
f 1210 1214 1211
f 1212 1214 1328
f 1212 1328 1213
f 1213 1329 1215
f 1213 1328 1330
f 1213 1330 1329
f 1214 1327 1328
f 1215 1329 1331
f 1216 1242 1217
f 1217 1242 1331
f 1217 1331 1221
f 1218 1332 1220
f 1218 1236 1354
f 1218 1354 1332
f 1219 1220 1332
f 1219 1332 1333
f 1219 1333 1237
f 1221 1331 1329
f 1221 1329 1334
f 1221 1334 1223
f 1221 1223 1222
f 1223 1335 1224
f 1223 1334 1336
f 1223 1336 1335
f 1224 1337 1225
f 1224 1335 1337
f 1225 1337 1338
f 1225 1338 1339
f 1225 1339 1340
f 1225 1340 1226
f 1226 1340 1227
f 1227 1340 1341
f 1227 1341 1228
f 1228 1342 1343
f 1228 1343 1229
f 1228 1341 1342
f 1229 1343 1344
f 1229 1344 1345
f 1229 1345 1231
f 1230 1346 1233
f 1230 1231 1347
f 1230 1347 1346
f 1231 1345 1348
f 1231 1348 1347
f 1232 1233 1349
f 1232 1349 1350
f 1232 1350 1351
f 1232 1351 1352
f 1232 1352 1353
f 1232 1353 1354
f 1232 1354 1234
f 1233 1346 1355
f 1233 1355 1349
f 1234 1354 1235
f 1235 1354 1236
f 1237 1333 1356
f 1237 1356 1238
f 1238 1356 1239
f 1239 1356 1357
f 1239 1357 1240
f 1240 1357 1243
f 1240 1243 1241
f 1243 1358 1360
f 1243 1360 1244
f 1243 1357 1359
f 1243 1359 1459
f 1243 1459 1358
f 1244 1360 1245
f 1245 1361 1362
f 1245 1362 1246
f 1245 1360 1462
f 1245 1462 1361
f 1246 1363 1247
f 1246 1362 1364
f 1246 1364 1365
f 1246 1365 1363
f 1247 1363 1365
f 1247 1365 1366
f 1247 1366 1367
f 1247 1367 1248
f 1248 1250 1249
f 1248 1367 1251
f 1248 1251 1250
f 1251 1367 1252
f 1252 1367 1257
f 1253 1368 1369
f 1253 1369 1370
f 1253 1370 1254
f 1253 1258 1371
f 1253 1371 1372
f 1253 1372 1368
f 1254 1370 1255
f 1255 1370 1373
f 1255 1373 1259
f 1255 1259 1256
f 1257 1367 1258
f 1258 1367 1371
f 1259 1373 1271
f 1260 1374 1375
f 1260 1375 1376
f 1260 1376 1261
f 1260 1264 1377
f 1260 1377 1374
f 1261 1376 1378
f 1261 1378 1262
f 1262 1379 1263
f 1262 1378 1380
f 1262 1380 1381
f 1262 1381 1379
f 1263 1379 1382
f 1263 1382 1265
f 1264 1271 1377
f 1265 1382 1383
f 1265 1383 1266
f 1266 1383 1268
f 1266 1268 1267
f 1268 1384 1385
f 1268 1385 1386
f 1268 1386 1272
f 1268 1272 1269
f 1268 1383 1384
f 1271 1373 1370
f 1271 1370 1387
f 1271 1387 1388
f 1271 1388 1377
f 1272 1386 1273
f 1273 1389 1390
f 1273 1390 1391
f 1273 1391 1392
f 1273 1392 1274
f 1273 1386 1389
f 1274 1392 1275
f 1275 1392 1276
f 1277 1392 1278
f 1278 1392 1279
f 1279 1392 1391
f 1279 1391 1390
f 1279 1390 1280
f 1280 1390 1281
f 1281 1390 1393
f 1282 1393 1394
f 1282 1394 1395
f 1283 1395 1396
f 1283 1396 1397
f 1285 1292 1291
f 1285 1291 1286
f 1286 1291 1289
f 1286 1289 1398
f 1286 1398 1399
f 1286 1399 1293
f 1287 1400 1288
f 1287 1397 1396
f 1287 1396 1400
f 1288 1400 1289
f 1289 1400 1401
f 1289 1401 1496
f 1289 1496 1402
f 1289 1402 1398
f 1289 1291 1290
f 1293 1403 1294
f 1293 1399 1404
f 1293 1404 1403
f 1294 1403 1405
f 1294 1405 1406
f 1294 1406 1295
f 1295 1406 1296
f 1296 1406 1407
f 1296 1407 1408
f 1296 1408 1297
f 1297 1408 1298
f 1298 1409 1299
f 1298 1408 1410
f 1298 1410 1409
f 1300 1409 1503
f 1300 1503 1412
f 1300 1412 1504
f 1300 1504 1411
f 1301 1411 1416
f 1301 1416 1306
f 1302 1305 1413
f 1302 1413 1414
f 1302 1414 1415
f 1302 1415 1303
f 1303 1415 1307
f 1304 1416 1512
f 1304 1512 1417
f 1304 1417 1508
f 1304 1508 1413
f 1307 1418 1308
f 1307 1415 1419
f 1307 1419 1418
f 1308 1418 1309
f 1309 1420 1421
f 1309 1421 1310
f 1309 1418 1420
f 1310 1421 1422
f 1310 1422 1311
f 1311 1422 1423
f 1311 1423 1424
f 1311 1424 1314
f 1311 1314 1312
f 1312 1314 1313
f 1314 1424 1316
f 1314 1316 1315
f 1316 1424 1425
f 1316 1425 1426
f 1316 1426 1427
f 1316 1427 1428
f 1316 1428 1429
f 1316 1429 1317
f 1317 1429 1318
f 1318 1429 1320
f 1318 1320 1319
f 1320 1430 1321
f 1320 1429 1430
f 1321 1430 1322
f 1322 1430 1323
f 1323 1431 1432
f 1323 1432 1324
f 1323 1430 1431
f 1324 1433 1325
f 1324 1432 1433
f 1325 1433 1326
f 1326 1433 1434
f 1326 1434 1327
f 1327 1434 1328
f 1328 1434 1435
f 1328 1435 1337
f 1328 1337 1330
f 1329 1336 1334
f 1329 1330 1337
f 1329 1337 1335
f 1329 1335 1336
f 1332 1356 1333
f 1332 1354 1456
f 1332 1456 1356
f 1337 1435 1338
f 1338 1436 1437
f 1338 1437 1438
f 1338 1438 1439
f 1338 1439 1339
f 1338 1435 1436
f 1339 1439 1340
f 1340 1439 1341
f 1341 1439 1438
f 1341 1438 1440
f 1341 1440 1441
f 1341 1441 1342
f 1342 1442 1343
f 1342 1441 1443
f 1342 1443 1442
f 1343 1442 1444
f 1343 1444 1445
f 1343 1445 1344
f 1344 1445 1446
f 1344 1446 1447
f 1344 1447 1345
f 1345 1447 1448
f 1345 1448 1449
f 1345 1449 1348
f 1346 1347 1355
f 1347 1450 1451
f 1347 1451 1355
f 1347 1348 1450
f 1348 1449 1451
f 1348 1451 1450
f 1349 1355 1350
f 1350 1355 1452
f 1350 1452 1453
f 1350 1453 1454
f 1350 1454 1455
f 1350 1455 1351
f 1351 1455 1456
f 1351 1456 1352
f 1352 1456 1353
f 1353 1456 1354
f 1355 1451 1457
f 1355 1457 1452
f 1356 1456 1458
f 1356 1458 1357
f 1357 1458 1459
f 1357 1459 1359
f 1358 1459 1460
f 1358 1460 1461
f 1358 1461 1360
f 1360 1461 1462
f 1361 1462 1547
f 1361 1547 1463
f 1361 1463 1362
f 1362 1464 1465
f 1362 1465 1365
f 1362 1365 1364
f 1362 1463 1464
f 1365 1465 1466
f 1365 1466 1366
f 1366 1466 1371
f 1366 1371 1367
f 1368 1467 1550
f 1368 1550 1468
f 1368 1468 1369
f 1368 1372 1466
f 1368 1466 1469
f 1368 1469 1464
f 1368 1464 1467
f 1369 1468 1470
f 1369 1470 1387
f 1369 1387 1370
f 1371 1466 1372
f 1374 1377 1388
f 1374 1388 1471
f 1374 1471 1375
f 1375 1471 1472
f 1375 1472 1473
f 1375 1473 1474
f 1375 1474 1376
f 1376 1474 1378
f 1378 1474 1380
f 1379 1381 1383
f 1379 1383 1382
f 1380 1474 1475
f 1380 1475 1381
f 1381 1475 1476
f 1381 1476 1477
f 1381 1477 1478
f 1381 1478 1479
f 1381 1479 1480
f 1381 1480 1481
f 1381 1481 1385
f 1381 1385 1482
f 1381 1482 1383
f 1383 1482 1385
f 1383 1385 1384
f 1385 1483 1389
f 1385 1389 1386
f 1385 1481 1483
f 1387 1484 1471
f 1387 1471 1388
f 1387 1470 1484
f 1389 1485 1486
f 1389 1486 1390
f 1389 1483 1485
f 1390 1486 1393
f 1393 1486 1394
f 1394 1487 1395
f 1394 1486 1488
f 1394 1488 1489
f 1394 1489 1487
f 1395 1487 1396
f 1396 1487 1490
f 1396 1490 1400
f 1398 1402 1399
f 1399 1402 1496
f 1399 1496 1491
f 1399 1491 1404
f 1400 1492 1401
f 1400 1490 1492
f 1401 1492 1493
f 1401 1493 1494
f 1401 1494 1495
f 1401 1495 1496
f 1403 1404 1478
f 1403 1478 1405
f 1404 1491 1495
f 1404 1495 1497
f 1404 1497 1498
f 1404 1498 1478
f 1405 1478 1499
f 1405 1499 1406
f 1406 1499 1407
f 1407 1499 1500
f 1407 1500 1408
f 1408 1500 1501
f 1408 1501 1410
f 1409 1410 1502
f 1409 1502 1503
f 1410 1501 1502
f 1411 1504 1512
f 1411 1512 1416
f 1412 1503 1505
f 1412 1505 1506
f 1412 1506 1507
f 1412 1507 1504
f 1413 1508 1509
f 1413 1509 1414
f 1414 1509 1510
f 1414 1510 1415
f 1415 1510 1511
f 1415 1511 1419
f 1417 1512 1513
f 1417 1513 1514
f 1417 1514 1515
f 1417 1515 1508
f 1418 1516 1420
f 1418 1419 1516
f 1419 1511 1516
f 1420 1517 1421
f 1420 1516 1517
f 1421 1517 1518
f 1421 1518 1422
f 1422 1518 1519
f 1422 1519 1520
f 1422 1520 1521
f 1422 1521 1522
f 1422 1522 1423
f 1423 1522 1426
f 1423 1426 1425
f 1423 1425 1424
f 1426 1522 1427
f 1427 1521 1428
f 1427 1522 1521
f 1428 1521 1523
f 1428 1523 1524
f 1428 1524 1525
f 1428 1525 1431
f 1428 1431 1429
f 1429 1431 1430
f 1431 1525 1432
f 1432 1526 1433
f 1432 1525 1527
f 1432 1527 1528
f 1432 1528 1529
f 1432 1529 1526
f 1433 1526 1434
f 1434 1526 1435
f 1435 1526 1436
f 1436 1526 1529
f 1436 1529 1530
f 1436 1530 1531
f 1436 1531 1437
f 1437 1440 1438
f 1437 1531 1532
f 1437 1532 1443
f 1437 1443 1441
f 1437 1441 1440
f 1442 1443 1444
f 1443 1532 1531
f 1443 1531 1530
f 1443 1530 1444
f 1444 1530 1445
f 1445 1530 1533
f 1445 1533 1446
f 1446 1533 1534
f 1446 1534 1447
f 1447 1534 1448
f 1448 1535 1536
f 1448 1536 1449
f 1448 1534 1537
f 1448 1537 1535
f 1449 1536 1451
f 1451 1536 1457
f 1452 1538 1539
f 1452 1539 1453
f 1452 1457 1538
f 1453 1539 1540
f 1453 1540 1541
f 1453 1541 1542
f 1453 1542 1543
f 1453 1543 1544
f 1453 1544 1454
f 1454 1544 1458
f 1454 1458 1455
f 1455 1458 1456
f 1457 1536 1545
f 1457 1545 1538
f 1458 1544 1546
f 1458 1546 1459
f 1459 1546 1461
f 1459 1461 1460
f 1461 1546 1542
f 1461 1542 1547
f 1461 1547 1462
f 1463 1547 1610
f 1463 1610 1548
f 1463 1548 1549
f 1463 1549 1550
f 1463 1550 1467
f 1463 1467 1464
f 1464 1469 1466
f 1464 1466 1465
f 1468 1550 1551
f 1468 1551 1552
f 1468 1552 1553
f 1468 1553 1554
f 1468 1554 1470
f 1470 1554 1484
f 1471 1484 1472
f 1472 1484 1555
f 1472 1555 1473
f 1473 1556 1557
f 1473 1557 1558
f 1473 1558 1559
f 1473 1559 1560
f 1473 1560 1561
f 1473 1561 1562
f 1473 1562 1474
f 1473 1555 1563
f 1473 1563 1564
f 1473 1564 1565
f 1473 1565 1566
f 1473 1566 1567
f 1473 1567 1568
f 1473 1568 1556
f 1474 1562 1475
f 1475 1562 1476
f 1476 1500 1499
f 1476 1499 1477
f 1476 1562 1560
f 1476 1560 1569
f 1476 1569 1505
f 1476 1505 1570
f 1476 1570 1501
f 1476 1501 1500
f 1477 1499 1478
f 1478 1498 1479
f 1479 1498 1494
f 1479 1494 1571
f 1479 1571 1480
f 1480 1571 1572
f 1480 1572 1493
f 1480 1493 1573
f 1480 1573 1574
f 1480 1574 1481
f 1481 1574 1573
f 1481 1573 1483
f 1483 1573 1488
f 1483 1488 1486
f 1483 1486 1485
f 1484 1575 1555
f 1484 1554 1575
f 1487 1489 1492
f 1487 1492 1490
f 1488 1573 1489
f 1489 1573 1492
f 1491 1496 1495
f 1492 1573 1493
f 1493 1572 1571
f 1493 1571 1494
f 1494 1498 1497
f 1494 1497 1576
f 1494 1576 1495
f 1495 1576 1497
f 1501 1570 1505
f 1501 1505 1502
f 1502 1505 1503
f 1504 1507 1577
f 1504 1577 1583
f 1504 1583 1512
f 1505 1569 1578
f 1505 1578 1579
f 1505 1579 1506
f 1506 1579 1507
f 1507 1579 1580
f 1507 1580 1577
f 1508 1515 1509
f 1509 1515 1510
f 1510 1515 1581
f 1510 1581 1582
f 1510 1582 1511
f 1511 1582 1516
f 1512 1583 1513
f 1513 1583 1584
f 1513 1584 1585
f 1513 1585 1514
f 1514 1585 1515
f 1515 1585 1586
f 1515 1586 1587
f 1515 1587 1582
f 1515 1582 1581
f 1516 1582 1588
f 1516 1588 1517
f 1517 1588 1530
f 1517 1530 1589
f 1517 1589 1519
f 1517 1519 1518
f 1519 1589 1590
f 1519 1590 1591
f 1519 1591 1520
f 1520 1591 1521
f 1521 1591 1523
f 1523 1591 1524
f 1524 1591 1525
f 1525 1591 1592
f 1525 1592 1527
f 1527 1529 1528
f 1527 1592 1590
f 1527 1590 1589
f 1527 1589 1530
f 1527 1530 1529
f 1530 1588 1582
f 1530 1582 1593
f 1530 1593 1533
f 1533 1593 1534
f 1534 1593 1594
f 1534 1594 1537
f 1535 1537 1595
f 1535 1595 1545
f 1535 1545 1536
f 1537 1594 1596
f 1537 1596 1597
f 1537 1597 1598
f 1537 1598 1599
f 1537 1599 1600
f 1537 1600 1601
f 1537 1601 1602
f 1537 1602 1603
f 1537 1603 1595
f 1538 1604 1539
f 1538 1545 1604
f 1539 1604 1605
f 1539 1605 1540
f 1540 1606 1541
f 1540 1605 1607
f 1540 1607 1606
f 1541 1606 1547
f 1541 1547 1542
f 1542 1546 1544
f 1542 1544 1543
f 1545 1595 1608
f 1545 1608 1604
f 1547 1606 1609
f 1547 1609 1610
f 1548 1610 1655
f 1548 1655 1683
f 1548 1683 1656
f 1548 1656 1611
f 1548 1611 1549
f 1549 1611 1612
f 1549 1612 1613
f 1549 1613 1614
f 1549 1614 1550
f 1550 1614 1551
f 1551 1613 1612
f 1551 1612 1615
f 1551 1615 1616
f 1551 1616 1617
f 1551 1617 1552
f 1551 1614 1613
f 1552 1617 1618
f 1552 1618 1619
f 1552 1619 1553
f 1553 1619 1554
f 1554 1619 1618
f 1554 1618 1617
f 1554 1617 1575
f 1555 1575 1563
f 1556 1620 1557
f 1556 1568 1620
f 1557 1620 1621
f 1557 1621 1622
f 1557 1622 1623
f 1557 1623 1559
f 1557 1559 1558
f 1559 1623 1632
f 1559 1632 1624
f 1559 1624 1560
f 1560 1624 1578
f 1560 1578 1569
f 1560 1562 1561
f 1563 1575 1617
f 1563 1617 1625
f 1563 1625 1564
f 1564 1625 1626
f 1564 1626 1627
f 1564 1627 1567
f 1564 1567 1566
f 1564 1566 1565
f 1567 1627 1628
f 1567 1628 1629
f 1567 1629 1568
f 1568 1629 1630
f 1568 1630 1631
f 1568 1631 1620
f 1577 1580 1584
f 1577 1584 1583
f 1578 1624 1579
f 1579 1624 1632
f 1579 1632 1580
f 1580 1632 1633
f 1580 1633 1634
f 1580 1634 1584
f 1582 1597 1594
f 1582 1594 1593
f 1582 1587 1597
f 1584 1634 1635
f 1584 1635 1585
f 1585 1635 1636
f 1585 1636 1597
f 1585 1597 1586
f 1586 1597 1587
f 1590 1592 1591
f 1594 1597 1596
f 1595 1637 1608
f 1595 1603 1637
f 1597 1636 1598
f 1598 1636 1635
f 1598 1635 1638
f 1598 1638 1600
f 1598 1600 1599
f 1600 1639 1675
f 1600 1675 1640
f 1600 1640 1601
f 1600 1638 1639
f 1601 1640 1641
f 1601 1641 1602
f 1602 1641 1642
f 1602 1642 1643
f 1602 1643 1644
f 1602 1644 1645
f 1602 1645 1603
f 1603 1645 1646
f 1603 1646 1637
f 1604 1647 1605
f 1604 1608 1648
f 1604 1648 1649
f 1604 1649 1647
f 1605 1647 1607
f 1606 1650 1609
f 1606 1607 1651
f 1606 1651 1650
f 1607 1652 1651
f 1607 1647 1652
f 1608 1637 1648
f 1609 1650 1653
f 1609 1653 1654
f 1609 1654 1655
f 1609 1655 1610
f 1611 1656 1612
f 1612 1657 1615
f 1612 1656 1683
f 1612 1683 1654
f 1612 1654 1682
f 1612 1682 1657
f 1615 1657 1658
f 1615 1658 1659
f 1615 1659 1616
f 1616 1659 1625
f 1616 1625 1617
f 1620 1631 1621
f 1621 1660 1662
f 1621 1662 1622
f 1621 1631 1661
f 1621 1661 1660
f 1622 1662 1663
f 1622 1663 1623
f 1623 1663 1632
f 1625 1659 1626
f 1626 1659 1664
f 1626 1664 1628
f 1626 1628 1627
f 1628 1664 1630
f 1628 1630 1629
f 1630 1665 1631
f 1630 1664 1666
f 1630 1666 1667
f 1630 1667 1665
f 1631 1668 1669
f 1631 1669 1661
f 1631 1665 1668
f 1632 1663 1633
f 1633 1663 1670
f 1633 1670 1671
f 1633 1671 1634
f 1634 1671 1672
f 1634 1672 1635
f 1635 1672 1638
f 1637 1673 1648
f 1637 1646 1673
f 1638 1672 1639
f 1639 1674 1688
f 1639 1688 1675
f 1639 1672 1674
f 1640 1675 1676
f 1640 1676 1641
f 1641 1676 1677
f 1641 1677 1642
f 1642 1677 1678
f 1642 1678 1643
f 1643 1679 1644
f 1643 1678 1677
f 1643 1677 1679
f 1644 1679 1673
f 1644 1673 1645
f 1645 1673 1646
f 1647 1649 1652
f 1648 1680 1651
f 1648 1651 1652
f 1648 1652 1649
f 1648 1673 1680
f 1650 1651 1653
f 1651 1654 1653
f 1651 1680 1681
f 1651 1681 1654
f 1654 1681 1682
f 1654 1683 1655
f 1657 1682 1687
f 1657 1687 1658
f 1658 1684 1685
f 1658 1685 1686
f 1658 1686 1659
f 1658 1687 1698
f 1658 1698 1691
f 1658 1691 1689
f 1658 1689 1661
f 1658 1661 1669
f 1658 1669 1684
f 1659 1686 1664
f 1660 1688 1674
f 1660 1674 1662
f 1660 1661 1689
f 1660 1689 1688
f 1662 1670 1663
f 1662 1674 1671
f 1662 1671 1670
f 1664 1686 1666
f 1665 1667 1686
f 1665 1686 1685
f 1665 1685 1684
f 1665 1684 1668
f 1666 1686 1667
f 1668 1684 1669
f 1671 1674 1672
f 1673 1690 1680
f 1673 1679 1690
f 1675 1688 1689
f 1675 1689 1676
f 1676 1689 1691
f 1676 1691 1692
f 1676 1692 1693
f 1676 1693 1677
f 1677 1693 1694
f 1677 1694 1695
f 1677 1695 1690
f 1677 1690 1696
f 1677 1696 1679
f 1679 1696 1690
f 1680 1690 1681
f 1681 1690 1687
f 1681 1687 1682
f 1687 1690 1695
f 1687 1695 1694
f 1687 1694 1697
f 1687 1697 1698
f 1691 1698 1692
f 1692 1698 1693
f 1693 1698 1697
f 1693 1697 1694

