# simplified by tools/simplify_meshes.py
v 0.22119888 -0.13565370 0.18018538
v 0.21832489 -0.13835138 0.18060797
v 0.21728047 -0.13354190 0.17502483
v 0.21496118 -0.13208714 0.18065288
v 0.22045886 -0.12940278 0.18582044
v 0.21433503 -0.13706761 0.17897555
v 0.23054713 0.11946662 0.22100429
v 0.22955822 0.11944923 0.22484327
v 0.22886073 0.11287669 0.22142149
v 0.22391368 0.11670959 0.22149802
v 0.22444125 0.11904957 0.22474137
v 0.22438920 0.12270887 0.21621440
v 0.22784039 0.11549717 0.22594036
v 0.10713536 0.23689697 0.21873822
v 0.11018071 0.23439434 0.21916081
v 0.10554578 0.23273922 0.21357766
v 0.10440184 0.23025189 0.21920570
v 0.10797838 0.23016829 0.22106969
v 0.10103180 0.23535808 0.22437328
v 0.10970603 0.23095785 0.21637895
v 0.07932690 0.24756694 0.23425796
v 0.08267167 0.24548134 0.23468055
v 0.07829120 0.24323787 0.22909741
v 0.07748021 0.24062297 0.23472545
v 0.08103728 0.24100491 0.23658944
v 0.07347512 0.24524783 0.23989302
v 0.08264767 0.24201231 0.23189872
v 0.02772129 0.25869239 0.22276107
v 0.03149455 0.25755228 0.22318366
v 0.02785165 0.25424304 0.21760051
v 0.02775145 0.25150709 0.22322856
v 0.02267787 0.25492602 0.22839613
v 0.03237773 0.25345509 0.22155122
v 0.05323809 0.25446133 0.26122310
v 0.05683117 0.25284050 0.26164569
v 0.05278906 0.25003280 0.25606255
v 0.05233411 0.24733307 0.26169059
v 0.05580846 0.24818606 0.26355458
v 0.04774793 0.25138240 0.26685816
v 0.05727008 0.24939927 0.25886385
v 0.02187090 0.25907067 0.28525794
v 0.02564415 0.25793056 0.28568053
v 0.02200123 0.25462134 0.28009739
v 0.02190100 0.25188538 0.28572543
v 0.01682746 0.25530434 0.29089300
v 0.02652730 0.25383336 0.28404810
v -0.10937942 0.20915430 0.39751675
v -0.10550254 0.20997449 0.39740283
v -0.10854705 0.20841174 0.39079362
v -0.10613109 0.20369620 0.39412487
v -0.10335484 0.20539900 0.39650518
v -0.11081777 0.20125398 0.40014189
v -0.10393260 0.20927407 0.39330186
v -0.15970684 0.14611436 0.43092844
v -0.15643638 0.14835422 0.43087400
v -0.15834945 0.14548162 0.42427993
v -0.15446951 0.14219052 0.42792479
v -0.15813605 0.13837794 0.43393767
v -0.15359902 0.14739509 0.42751819
v -0.10735156 0.17882114 0.44710820
v -0.10360898 0.18012835 0.44711529
v -0.10597855 0.17751430 0.44056204
v -0.10322353 0.17352124 0.44451627
v -0.10796545 0.17110875 0.45050191
v -0.10100756 0.17829261 0.44393809
v -0.18079283 0.11253530 0.43779524
v -0.17784017 0.11518051 0.43777322
v -0.17918386 0.11196372 0.43119752
v -0.17501088 0.10927269 0.43500736
v -0.17364119 0.11225769 0.43734976
v -0.17831485 0.10512531 0.44100879
v -0.17581759 0.11515034 0.43381323
v -0.04391830 0.21331898 0.42840503
v -0.03996077 0.21309366 0.42835055
v -0.04323043 0.21198868 0.42175653
v -0.04217006 0.20701265 0.42540138
v -0.04740214 0.20623503 0.43141427
v -0.03830078 0.21060068 0.42499479
v -0.03678479 0.20162534 0.45448577
v -0.03282698 0.20139858 0.45449286
v -0.03601745 0.19989247 0.44793955
v -0.03500284 0.19514828 0.45189347
v -0.03193426 0.19635060 0.45421969
v -0.04030719 0.19473672 0.45787917
v -0.03139913 0.19983049 0.45058441
v -0.10432188 0.17083890 0.46617769
v -0.10058099 0.17214865 0.46625575
v -0.10269076 0.16914503 0.45978119
v -0.10010020 0.16539858 0.46407345
v -0.09781848 0.16782280 0.46635156
v -0.10507965 0.16334225 0.46999885
v -0.09850805 0.17101769 0.46248786
v -0.13221302 0.14675768 0.47437150
v -0.12870625 0.14857929 0.47468785
v -0.12939405 0.14416770 0.46873317
v -0.12711873 0.14168193 0.47400707
v -0.12552247 0.14478358 0.47603314
v -0.13271966 0.14006052 0.47949658
v -0.12594020 0.14708271 0.47154415
v -0.16850417 0.18352943 0.37631806
v -0.16496648 0.18531569 0.37621903
v -0.16744214 0.18294867 0.36961132
v -0.16393078 0.17904937 0.37302254
v -0.16170808 0.18143464 0.37539806
v -0.16789396 0.17555505 0.37904057
v -0.16322856 0.18499487 0.37213858
v -0.16688115 0.19941219 0.32283197
v -0.16340204 0.20126541 0.32325276
v -0.16365659 0.19635832 0.31766267
v -0.16179024 0.19434022 0.32328536
v -0.16779138 0.19317652 0.32845894
v -0.15988777 0.19898701 0.32161240
v -0.18750714 0.18053946 0.30038470
v -0.18430631 0.18284021 0.30080549
v -0.18390407 0.17794300 0.29521540
v -0.18178521 0.17619188 0.30083809
v -0.18078400 0.17962483 0.30270504
v -0.18757750 0.17423811 0.30601167
v -0.18111076 0.18150330 0.29801717
v -0.11302243 0.23415648 0.22770395
v -0.10918465 0.23505574 0.22812655
v -0.11068490 0.23036841 0.22254341
v -0.10940374 0.22794888 0.22817145
v -0.11550705 0.22837303 0.23333902
v -0.10637122 0.23194901 0.22649413
v -0.21311090 0.14894134 0.29887231
v -0.21023624 0.15163857 0.29929310
v -0.20920092 0.14683519 0.29370301
v -0.20687244 0.14537431 0.29932571
v -0.21236168 0.14268430 0.30449929
v -0.20624904 0.15035661 0.29765275
v -0.22032900 0.13726653 0.34863823
v -0.21741656 0.13993856 0.34894438
v -0.21698272 0.13553631 0.34295894
v -0.21408998 0.13369909 0.34819605
v -0.21334041 0.13709767 0.35023586
v -0.21902378 0.13063866 0.35371196
v -0.21438425 0.13923497 0.34576895
v -0.24216516 0.08239942 0.36276599
v -0.24296909 0.08208446 0.35889685
v -0.23961669 0.07614244 0.36187123
v -0.23602531 0.08065204 0.35943483
v -0.23527147 0.08708441 0.36414550
v -0.24031184 0.07920421 0.35668889
v -0.25628015 0.04369736 0.29495430
v -0.25532913 0.04393655 0.29111324
v -0.25293281 0.03777594 0.29453341
v -0.24915806 0.04276735 0.29444611
v -0.25028504 0.04488661 0.29120391
v -0.25117207 0.04843744 0.29973075
v -0.25264148 0.04056936 0.29001233
v -0.24875896 0.07586185 0.24000312
v -0.24667859 0.07919028 0.23944683
v -0.24437190 0.07499599 0.24514601
v -0.24182051 0.07399884 0.23951871
v -0.24222378 0.07749250 0.23754266
v -0.24650291 0.06982650 0.23453869
v -0.24317842 0.07925722 0.24218871
v 0.21067260 0.06491028 0.42291153
v 0.20802873 0.06458417 0.42584742
v 0.20838314 0.05869380 0.42131188
v 0.20433552 0.06325925 0.41991765
v 0.20774467 0.06970101 0.41659872
v 0.20464877 0.06174612 0.42497956
v 0.21986734 0.06144786 0.40989707
v 0.21711278 0.06109333 0.41272593
v 0.21763498 0.05525228 0.40814302
v 0.21364792 0.05983813 0.40664512
v 0.21270252 0.06160117 0.41014807
v 0.21718761 0.06631108 0.40352969
v 0.21474424 0.05738770 0.41206884
v 0.23339741 0.05017605 0.39244779
v 0.23059064 0.04991316 0.39523506
v 0.23059467 0.04435075 0.39029004
v 0.22708728 0.04938860 0.38906995
v 0.22627880 0.05101013 0.39267411
v 0.23127126 0.05567019 0.38639227
v 0.22788160 0.04650481 0.39433077
v 0.24411744 -0.01549820 0.38276071
v 0.24135406 -0.01556369 0.38560238
v 0.24024034 -0.02041373 0.38006794
v 0.23772064 -0.01470813 0.37955067
v 0.23728545 -0.01339862 0.38334130
v 0.24296596 -0.00903587 0.37744209
v 0.23804094 -0.01828458 0.38442198
v 0.25935654 -0.00593332 0.34228273
v 0.25843266 -0.00546971 0.34610994
v 0.25459564 -0.01079888 0.34260702
v 0.25222651 -0.00500634 0.34267101
v 0.25380336 -0.00325698 0.34594613
v 0.25571820 -0.00002689 0.33746073
v 0.25495273 -0.00803790 0.34714326
v 0.25239390 0.06153403 0.30636954
v 0.25142746 0.06177345 0.31020680
v 0.24904488 0.05561263 0.30677738
v 0.24526981 0.06060403 0.30684931
v 0.24638378 0.06272348 0.31009583
v 0.24730498 0.06627382 0.30157240
v 0.24873542 0.05840631 0.31129708
v 0.25871266 -0.01945201 0.27596634
v 0.25784755 -0.01897262 0.27980531
v 0.25395723 -0.02431587 0.27638353
v 0.25158941 -0.01852295 0.27646007
v 0.25321628 -0.01676027 0.27970342
v 0.25500084 -0.01356519 0.27117644
v 0.25438383 -0.02153630 0.28090241
v 0.23662645 0.10714436 0.29876882
v 0.23563012 0.10712499 0.30260587
v 0.23493924 0.10055422 0.29917935
v 0.22999204 0.10438708 0.29924833
v 0.23051336 0.10672537 0.30249390
v 0.23047778 0.11038909 0.29396873
v 0.23391018 0.10317236 0.30369759
v 0.25758219 0.03538055 0.23273722
v 0.25662304 0.03562192 0.23657620
v 0.25423396 0.02945936 0.23315442
v 0.25045902 0.03445079 0.23323095
v 0.25157916 0.03657190 0.23647431
v 0.25248417 0.04011790 0.22794733
v 0.25393308 0.03225534 0.23767329
v 0.23942141 0.10106804 0.34006944
v 0.23837580 0.10103547 0.34389324
v 0.23772908 0.09447660 0.34043546
v 0.23278140 0.09830942 0.34045394
v 0.23326089 0.10063649 0.34371402
v 0.23333506 0.10432959 0.33520182
v 0.23664193 0.09707918 0.34494910
v 0.20762537 0.10228953 0.40415284
v 0.20479208 0.10180772 0.40688341
v 0.20605378 0.09583705 0.40262285
v 0.20173167 0.09995307 0.40073923
v 0.20047286 0.10177862 0.40410903
v 0.20479478 0.10658032 0.39744821
v 0.20280674 0.09786915 0.40631819
v 0.18172233 0.09978170 0.44890794
v 0.17923643 0.09938154 0.45197004
v 0.18006127 0.09326352 0.44781275
v 0.17549694 0.09727067 0.44630277
v 0.17462127 0.09921288 0.44972826
v 0.17806919 0.10379218 0.44243140
v 0.17724713 0.09540875 0.45178851
v 0.20268476 0.01494033 0.45716198
v 0.20034264 0.01490987 0.46036034
v 0.19894752 0.00951043 0.45543153
v 0.19587184 0.01492804 0.45483140
v 0.19582855 0.01653297 0.45853211
v 0.20025000 0.02078809 0.45157173
v 0.19716363 0.01183914 0.45987257
v 0.20665602 -0.02270783 0.44727998
v 0.20421780 -0.02267332 0.45040561
v 0.20244269 -0.02761402 0.44513005
v 0.19995905 -0.02188075 0.44476720
v 0.19995688 -0.02048962 0.44855371
v 0.20501989 -0.01633489 0.44198054
v 0.20075938 -0.02536450 0.44965048
v 0.19067318 0.05128841 0.47541016
v 0.19037702 0.05158473 0.47935227
v 0.18827591 0.04501339 0.47656009
v 0.18393681 0.04947847 0.47719709
v 0.18531195 0.05187526 0.48013608
v 0.18422616 0.05510420 0.47150488
v 0.18839758 0.04795661 0.48099302
v 0.13105549 0.05854747 0.49450406
v 0.13164367 0.05473144 0.49360523
v 0.13616174 0.05948753 0.49008957
v 0.13075367 0.05796153 0.48733373
v 0.12438527 0.06172252 0.49040497
v 0.13352932 0.05405399 0.48957819
v 0.13100562 -0.00256037 0.49425253
v 0.13164838 -0.00638901 0.49344996
v 0.13636955 -0.00168188 0.49014136
v 0.13113880 -0.00325684 0.48708702
v 0.13008521 -0.00685232 0.48858216
v 0.12459487 0.00054292 0.48970860
v 0.13482287 -0.00676993 0.49035951
v 0.12241262 -0.05297817 0.49450333
v 0.12299940 -0.05679674 0.49361451
v 0.12751200 -0.05205072 0.49007823
v 0.12209966 -0.05358455 0.48733519
v 0.11573604 -0.04981480 0.49040558
v 0.12487881 -0.05748569 0.48958647
v 0.14472636 -0.11526096 0.48113597
v 0.14793900 -0.11297055 0.48152167
v 0.14817574 -0.11772305 0.47579881
v 0.15045748 -0.11961661 0.48131050
v 0.14481822 -0.12170418 0.48659963
v 0.15167549 -0.11471592 0.47972606
v 0.07876214 -0.11865284 0.49451627
v 0.07934757 -0.12247036 0.49362201
v 0.08385485 -0.11772015 0.49008460
v 0.07843839 -0.11925073 0.48734788
v 0.07207940 -0.11548462 0.49043230
v 0.08122091 -0.12315452 0.48959034
v 0.07209779 -0.01797617 0.48977878
v 0.07269358 -0.02180831 0.48895684
v 0.07724230 -0.01711852 0.48539200
v 0.07185834 -0.01869657 0.48261833
v 0.06546364 -0.01487934 0.48556297
v 0.07461418 -0.02256100 0.48495980
v 0.06711082 0.03220567 0.48851549
v 0.06783322 0.02847451 0.48738747
v 0.07280420 0.03346731 0.48498861
v 0.06785988 0.03223677 0.48135406
v 0.06110228 0.03578616 0.48377702
v 0.07028795 0.02812411 0.48363469
v 0.04507022 0.02433492 0.48569881
v 0.04571009 0.02056286 0.48466054
v 0.05042139 0.02546480 0.48163267
v 0.04518098 0.02407997 0.47850364
v 0.04413169 0.02039932 0.47977835
v 0.03864564 0.02771090 0.48137412
v 0.04887488 0.02037280 0.48154263
v -0.01412703 0.05087587 0.48877465
v -0.01351807 0.04699352 0.48825284
v -0.00889651 0.05140754 0.48443830
v -0.01422600 0.04962308 0.48168463
v -0.02067456 0.05364476 0.48420975
v -0.01151971 0.04594610 0.48436166
v -0.01453976 0.09723436 0.49446208
v -0.01395495 0.09341948 0.49355630
v -0.00945008 0.09818000 0.49002971
v -0.01486843 0.09665741 0.48729223
v -0.02122530 0.10041450 0.49039202
v -0.01208437 0.09274708 0.48952137
v 0.03112690 0.12369593 0.49451035
v 0.03171242 0.11987938 0.49361202
v 0.03622009 0.12463344 0.49008023
v 0.03080391 0.12310586 0.48734129
v 0.02984271 0.11948894 0.48884701
v 0.02444459 0.12686860 0.49042914
v 0.03468378 0.11954326 0.49032087
v -0.04341725 0.16240775 0.49309798
v -0.04279019 0.15849560 0.49323070
v -0.03796066 0.16227898 0.48901704
v -0.04313905 0.16004826 0.48630067
v -0.04970433 0.16437876 0.48780997
v -0.04058863 0.15685805 0.48966651
v 0.12665128 0.12248823 0.48055479
v 0.12471428 0.12196928 0.48397454
v 0.12656420 0.11567437 0.48046100
v 0.12099820 0.11824082 0.47919472
v 0.12138938 0.12454688 0.47427393
v 0.12250013 0.11806491 0.48426661
v 0.10714249 0.10300534 0.49451627
v 0.10772792 0.09918782 0.49362201
v 0.11223521 0.10393802 0.49008460
v 0.10681874 0.10240745 0.48734788
v 0.10045974 0.10617356 0.49043230
v 0.10960126 0.09850366 0.48959034
v 0.15522390 0.00665234 0.49451627
v 0.15580933 0.00283482 0.49362201
v 0.16031661 0.00758503 0.49008460
v 0.15490015 0.00605445 0.48734788
v 0.14854115 0.00982056 0.49043230
v 0.15768267 0.00215065 0.48959034
v 0.18041063 -0.04012993 0.47699950
v 0.18120013 -0.03993360 0.47311951
v 0.18374128 -0.04605511 0.47650523
v 0.18750588 -0.04106435 0.47620437
v 0.18571088 -0.03533577 0.48150487
v 0.18478706 -0.04232874 0.47184317
v -0.15312073 0.01520468 0.49447758
v -0.15251131 0.01138541 0.49360715
v -0.14791163 0.01612897 0.49018151
v -0.15325301 0.01459202 0.48730437
v -0.15969237 0.01836357 0.49021025
v -0.15053099 0.01069322 0.48962831
v -0.18002348 -0.04197333 0.46952594
v -0.18116419 -0.04178069 0.47331768
v -0.18338548 -0.04789862 0.46970796
v -0.18716169 -0.04290773 0.46966849
v -0.18619789 -0.04082837 0.47298816
v -0.18488974 -0.03717420 0.46455975
v -0.18390199 -0.04516038 0.47424265
v -0.13260983 -0.12951848 0.48129444
v -0.13372886 -0.12983354 0.48508445
v -0.13256828 -0.13632497 0.48163372
v -0.13833062 -0.13388697 0.48148575
v -0.13856308 -0.13152822 0.48475000
v -0.13917640 -0.12790405 0.47622994
v -0.13442333 -0.13410625 0.48610185
v -0.08273173 -0.16560877 0.48551916
v -0.07969728 -0.16813344 0.48588514
v -0.08417487 -0.16947029 0.48009226
v -0.08547196 -0.17226748 0.48553869
v -0.08194822 -0.17245789 0.48749324
v -0.08898744 -0.16745557 0.49088858
v -0.08009223 -0.17140867 0.48290349
v -0.02942670 -0.13182255 0.49451627
v -0.02884127 -0.13564008 0.49362201
v -0.02433398 -0.13088987 0.49008460
v -0.02975045 -0.13242045 0.48734788
v -0.03610944 -0.12865433 0.49043230
v -0.02696792 -0.13632424 0.48959034
v -0.00306560 -0.18540341 0.48858152
v 0.00070606 -0.18656808 0.48894749
v -0.00291395 -0.18952301 0.48315461
v -0.00303648 -0.19260386 0.48860110
v 0.00028984 -0.19142548 0.49055559
v -0.00813122 -0.18951245 0.49395093
v 0.00160009 -0.18974359 0.48596585
v 0.03341906 -0.14258253 0.49451627
v 0.03400450 -0.14640006 0.49362201
v 0.03851178 -0.14164986 0.49008460
v 0.03309531 -0.14318043 0.48734788
v 0.02673632 -0.13941432 0.49043230
v 0.03587783 -0.14708423 0.48959034
v -0.11442487 0.01550796 0.48804140
v -0.11384039 0.01169085 0.48714488
v -0.10933689 0.01644262 0.48360476
v -0.11475628 0.01491325 0.48087315
v -0.12111197 0.01867799 0.48396605
v -0.11197136 0.01100846 0.48311091
v -0.12322549 -0.02473775 0.48771048
v -0.12299988 -0.02862792 0.48698146
v -0.12074154 -0.02427732 0.48138095
v -0.12676241 -0.02597638 0.48156203
v -0.13112497 -0.02186243 0.48687027
v -0.12315026 -0.02969845 0.48261530
v 0.12469945 0.01946979 0.49039523
v 0.12269159 0.01930284 0.48698108
v 0.12866987 0.01488064 0.48729353
v 0.12940141 0.02068881 0.48507986
v 0.12576961 0.02175090 0.48368160
v 0.12963785 0.02631400 0.49077505
v 0.12489584 0.01678028 0.48405681
v 0.12699098 -0.00029916 0.49329594
v 0.12794058 -0.00414308 0.49310014
v 0.13339635 0.00051399 0.49111531
v 0.12950833 -0.00155171 0.48666706
v 0.12239017 0.00211772 0.48663513
v 0.13125313 -0.00507998 0.49020513
v -0.05563607 0.08495882 0.49446177
v -0.05505162 0.08114395 0.49355564
v -0.05054816 0.08590456 0.49002735
v -0.05596758 0.08438205 0.48729199
v -0.06232323 0.08813904 0.49039438
v -0.05318263 0.08047166 0.48951994
v 0.19166552 -0.05714403 0.46499276
v 0.18943411 -0.05688646 0.46825928
v 0.18635602 -0.06073982 0.46268520
v 0.18523420 -0.05459067 0.46300123
v 0.18571001 -0.05362924 0.46688995
v 0.19130519 -0.05005856 0.46040562
v 0.18542374 -0.05864625 0.46748896
v 0.20956460 -0.05594121 0.42981307
v 0.20691162 -0.05588986 0.43275834
v 0.20511001 -0.06028047 0.42702511
v 0.20317304 -0.05433014 0.42691474
v 0.20889525 -0.04910374 0.42489610
v 0.20272797 -0.05695024 0.43149164
v 0.21130353 -0.09139084 0.40613918
v 0.20834231 -0.09130325 0.40877343
v 0.20662971 -0.09449795 0.40227313
v 0.20563842 -0.08834996 0.40289772
v 0.20516544 -0.08775401 0.40685928
v 0.21228782 -0.08392607 0.40230728
v 0.20459869 -0.09278287 0.40688415
v 0.24744248 -0.07721801 0.34491414
v 0.24666545 -0.07654742 0.34874329
v 0.24157624 -0.08067392 0.34521270
v 0.24080082 -0.07446420 0.34530475
v 0.24277428 -0.07320247 0.34858904
v 0.24547940 -0.07054404 0.34012043
v 0.24263420 -0.07812325 0.34976274
v 0.25238266 -0.06105325 0.06614873
v 0.25158719 -0.06046549 0.06998772
v 0.24703542 -0.06525780 0.06656593
v 0.24544058 -0.05920627 0.06664247
v 0.24728274 -0.05766998 0.06988582
v 0.24946743 -0.05473395 0.06135884
v 0.24781966 -0.06255725 0.07108480
v 0.25888362 -0.01680707 0.12104195
v 0.25801850 -0.01632768 0.12488093
v 0.25412819 -0.02167093 0.12145914
v 0.25176036 -0.01587801 0.12153568
v 0.25338724 -0.01411532 0.12477903
v 0.25517180 -0.01092024 0.11625205
v 0.25455478 -0.01889135 0.12597802
v 0.25767098 0.03493030 0.08733503
v 0.25671183 0.03517167 0.09117402
v 0.25432274 0.02900911 0.08775223
v 0.25054781 0.03400053 0.08782877
v 0.25166795 0.03612164 0.09107212
v 0.25257296 0.03966765 0.08254514
v 0.25402186 0.03180508 0.09227111
v 0.25805313 0.03031425 -0.00025138
v 0.25713350 0.03067822 0.00358757
v 0.25396375 0.02487844 0.00016582
v 0.25086955 0.03031815 0.00024235
v 0.25225586 0.03227568 0.00348569
v 0.25361406 0.03567399 -0.00504127
v 0.25402881 0.02768980 0.00468468
v 0.25798918 -0.03063902 -0.06194486
v 0.25712409 -0.03015963 -0.05810590
v 0.25323377 -0.03550287 -0.06152766
v 0.25086594 -0.02970995 -0.06145113
v 0.25249281 -0.02794727 -0.05820778
v 0.25427738 -0.02475219 -0.06673475
v 0.25366036 -0.03272331 -0.05700879
v 0.25833890 0.02589779 -0.20336602
v 0.25741927 0.02626176 -0.19952707
v 0.25424951 0.02046197 -0.20294882
v 0.25115532 0.02590169 -0.20287229
v 0.25254162 0.02785923 -0.19962894
v 0.25389983 0.03125753 -0.20815591
v 0.25431458 0.02327334 -0.19842996
v 0.25878290 -0.01836882 -0.24779886
v 0.25791780 -0.01788943 -0.24395991
v 0.25402749 -0.02323267 -0.24738167
v 0.25165966 -0.01743976 -0.24730514
v 0.25328654 -0.01567707 -0.24406179
v 0.25507110 -0.01248199 -0.25258876
v 0.25445409 -0.02045310 -0.24286281
v 0.25780291 0.03426330 -0.30303688
v 0.25684376 0.03450466 -0.29919793
v 0.25445470 0.02834211 -0.30261970
v 0.25067976 0.03333353 -0.30254316
v 0.25179990 0.03545464 -0.29929982
v 0.25270491 0.03900065 -0.30782678
v 0.25415381 0.03113808 -0.29810083
v 0.25917833 0.01291490 -0.32189371
v 0.25825870 0.01327888 -0.31805476
v 0.25508894 0.00747909 -0.32147652
v 0.25199475 0.01291880 -0.32139998
v 0.25338105 0.01487634 -0.31815664
v 0.25473926 0.01827465 -0.32668361
v 0.25515401 0.01029045 -0.31695766
v 0.25634310 -0.04099241 -0.36609211
v 0.25554764 -0.04040465 -0.36225316
v 0.25099586 -0.04519696 -0.36567492
v 0.24940102 -0.03914544 -0.36559838
v 0.25124318 -0.03760914 -0.36235504
v 0.25342787 -0.03467310 -0.37088201
v 0.25178011 -0.04249642 -0.36115606
v 0.25918785 0.01202313 -0.39599806
v 0.25828173 0.01239073 -0.39215624
v 0.25509998 0.00658772 -0.39556134
v 0.25200606 0.01202750 -0.39547904
v 0.25340377 0.01398809 -0.39224245
v 0.25473192 0.01737835 -0.40077736
v 0.25518094 0.00940334 -0.39104539
v 0.25140271 0.06546930 -0.42483330
v 0.25054533 0.06573791 -0.42097213
v 0.24806737 0.05955144 -0.42428583
v 0.24429520 0.06454355 -0.42414489
v 0.24550042 0.06668749 -0.42094739
v 0.24617930 0.07017295 -0.42952020
v 0.24788571 0.06237937 -0.41978050
v 0.25034177 0.07021748 -0.34198142
v 0.24935900 0.07032877 -0.33814246
v 0.24781320 0.06390262 -0.34156424
v 0.24340625 0.06834597 -0.34148770
v 0.24423348 0.07059752 -0.33824436
v 0.24465747 0.07423256 -0.34677131
v 0.24714210 0.06663348 -0.33704537
v 0.23420826 0.11205994 -0.27989581
v 0.23321937 0.11204254 -0.27605686
v 0.23252187 0.10547000 -0.27947863
v 0.22757482 0.10930290 -0.27940209
v 0.22810239 0.11164287 -0.27615874
v 0.22805034 0.11530218 -0.28468571
v 0.23150153 0.10809047 -0.27495976
v 0.25251108 0.06106847 -0.20794552
v 0.25155193 0.06130984 -0.20410656
v 0.24916284 0.05514728 -0.20752832
v 0.24538791 0.06013871 -0.20745179
v 0.24650804 0.06225982 -0.20420845
v 0.24741306 0.06580583 -0.21273541
v 0.24886197 0.05794326 -0.20300945
v 0.24754477 0.07841797 -0.15792527
v 0.24656200 0.07852925 -0.15408631
v 0.24501622 0.07210310 -0.15750807
v 0.24060925 0.07654645 -0.15743153
v 0.24186046 0.08243304 -0.16271515
v 0.24327311 0.07568278 -0.15294058
v 0.23843258 0.10351263 -0.11351906
v 0.23744369 0.10349524 -0.10968010
v 0.23674619 0.09692269 -0.11310186
v 0.23179914 0.10075560 -0.11302532
v 0.23232670 0.10309556 -0.10978197
v 0.23227466 0.10675487 -0.11830894
v 0.23572585 0.09954317 -0.10858299
v 0.25936383 0.01004756 -0.10038969
v 0.25844419 0.01041154 -0.09655072
v 0.25527444 0.00461175 -0.09997248
v 0.25218024 0.01005147 -0.09989595
v 0.25356655 0.01200900 -0.09665260
v 0.25492475 0.01540731 -0.10517958
v 0.25533949 0.00742312 -0.09545362
v 0.25643594 0.04118754 -0.06122095
v 0.25547680 0.04142891 -0.05738200
v 0.25308772 0.03526634 -0.06080375
v 0.24931280 0.04025778 -0.06072722
v 0.25043292 0.04237888 -0.05748387
v 0.25133794 0.04592488 -0.06601084
v 0.25278685 0.03806232 -0.05628488
v 0.24758889 -0.07762333 -0.00689235
v 0.24687892 -0.07693473 -0.00305338
v 0.24172864 -0.08107712 -0.00647515
v 0.24095516 -0.07486694 -0.00639861
v 0.24298578 -0.07359008 -0.00315527
v 0.24554254 -0.07097165 -0.01168223
v 0.24286606 -0.07850529 -0.00195628
v 0.23667571 -0.10640193 -0.17817799
v 0.23606127 -0.10562690 -0.17433902
v 0.23041629 -0.10906479 -0.17776078
v 0.23045649 -0.10280676 -0.17768425
v 0.23263584 -0.10180464 -0.17444091
v 0.23551123 -0.09954072 -0.18296787
v 0.23187831 -0.10666260 -0.17324192
v 0.20688110 -0.15712240 -0.24547925
v 0.20400713 -0.15982009 -0.24505669
v 0.20296269 -0.15501062 -0.25063984
v 0.20064339 -0.15355587 -0.24501179
v 0.20009990 -0.15709186 -0.24314781
v 0.20614105 -0.15087148 -0.23984421
v 0.20066039 -0.15890682 -0.24783854
v 0.23467499 -0.11045026 -0.29692193
v 0.23406055 -0.10967523 -0.29308298
v 0.22841558 -0.11311312 -0.29650474
v 0.22845577 -0.10685510 -0.29642821
v 0.23063512 -0.10585297 -0.29318486
v 0.23351051 -0.10358906 -0.30171183
v 0.22987760 -0.11071094 -0.29198588
v 0.24467319 -0.08617229 -0.22068362
v 0.24396321 -0.08548368 -0.21684466
v 0.23881294 -0.08962608 -0.22026642
v 0.23803945 -0.08341591 -0.22018989
v 0.24007008 -0.08213903 -0.21694653
v 0.24262684 -0.07952061 -0.22547350
v 0.23995036 -0.08705426 -0.21574755
v 0.24809396 -0.07614256 -0.12992168
v 0.24738399 -0.07545396 -0.12608272
v 0.24223371 -0.07959636 -0.12950447
v 0.24146022 -0.07338618 -0.12942794
v 0.24349085 -0.07210930 -0.12618460
v 0.24604761 -0.06949089 -0.13471156
v 0.24337113 -0.07702453 -0.12498561
v 0.22410207 -0.13130034 -0.01136649
v 0.22122808 -0.13399801 -0.01094393
v 0.22018369 -0.12918852 -0.01652708
v 0.21786441 -0.12773374 -0.01089903
v 0.21732087 -0.13126973 -0.00903504
v 0.22336210 -0.12504942 -0.00573145
v 0.21788133 -0.13308469 -0.01372578
v 0.19502417 -0.17090593 0.07229627
v 0.19182396 -0.17320719 0.07271886
v 0.19141348 -0.16830277 0.06713572
v 0.18930293 -0.16655890 0.07276376
v 0.18830446 -0.16999426 0.07462774
v 0.19510286 -0.16461185 0.07793133
v 0.18862430 -0.17186667 0.06993702
v 0.22455945 -0.13061439 0.11594620
v 0.22168547 -0.13331207 0.11636879
v 0.22064105 -0.12850260 0.11078564
v 0.21832175 -0.12704783 0.11641368
v 0.21777824 -0.13058382 0.11827768
v 0.22381944 -0.12436347 0.12158125
v 0.21833873 -0.13239878 0.11358695
v 0.20486847 -0.15964806 0.22583349
v 0.20166824 -0.16194932 0.22625608
v 0.20125777 -0.15704490 0.22067294
v 0.19914723 -0.15530104 0.22630098
v 0.19814875 -0.15873639 0.22816497
v 0.20494716 -0.15335397 0.23146855
v 0.19846860 -0.16060880 0.22347424
v 0.24407927 -0.08791366 0.23804325
v 0.24336929 -0.08722506 0.24188224
v 0.23821902 -0.09136745 0.23846045
v 0.23744553 -0.08515728 0.23853699
v 0.23947616 -0.08388041 0.24178034
v 0.24203293 -0.08126199 0.23325336
v 0.23935644 -0.08879562 0.24297933
v 0.22491118 -0.13008716 0.28710063
v 0.22203719 -0.13278482 0.28752323
v 0.22099278 -0.12797535 0.28194008
v 0.21867350 -0.12652058 0.28756813
v 0.21812997 -0.13005657 0.28943211
v 0.22417117 -0.12383623 0.29273570
v 0.21869045 -0.13187153 0.28474139
v 0.17789613 -0.18885330 0.30832203
v 0.17441702 -0.19070655 0.30874281
v 0.17467157 -0.18579946 0.30315272
v 0.17280519 -0.18378137 0.30877542
v 0.17880631 -0.18261763 0.31394901
v 0.17090276 -0.18842816 0.30710245
v 0.20869650 -0.13834846 0.37268570
v 0.20607797 -0.14121399 0.37188078
v 0.20319679 -0.13521221 0.37520804
v 0.20331782 -0.13535206 0.36895215
v 0.20336042 -0.13926802 0.36798438
v 0.21051755 -0.13377275 0.36582111
v 0.20196563 -0.13980634 0.37281926
v 0.24577167 -0.08294302 0.29510447
v 0.24505294 -0.08225677 0.29894224
v 0.23991049 -0.08639706 0.29550619
v 0.23913684 -0.08018694 0.29558478
v 0.24116005 -0.07891204 0.29883351
v 0.24373626 -0.07628842 0.29031400
v 0.24103760 -0.08382800 0.30002922
v 0.23611438 -0.10753766 0.22554290
v 0.23549993 -0.10676262 0.22938189
v 0.22985497 -0.11020053 0.22596010
v 0.22989515 -0.10394250 0.22603664
v 0.23207451 -0.10294037 0.22927999
v 0.23494989 -0.10067646 0.22075301
v 0.23131699 -0.10779834 0.23047898
v 0.24418591 -0.08760096 0.16941453
v 0.24347593 -0.08691235 0.17325352
v 0.23832565 -0.09105475 0.16983172
v 0.23755217 -0.08484457 0.16990826
v 0.23958279 -0.08356771 0.17315162
v 0.24213956 -0.08094928 0.16462464
v 0.23946307 -0.08848293 0.17435060
v 0.23297373 -0.11389245 0.07958810
v 0.23235929 -0.11311741 0.08342708
v 0.22671431 -0.11655530 0.08000529
v 0.22675451 -0.11029727 0.08008183
v 0.22893386 -0.10929515 0.08332519
v 0.23180925 -0.10703123 0.07479820
v 0.22817633 -0.11415312 0.08452417
v 0.21804354 -0.14038487 0.01732129
v 0.21516954 -0.14308253 0.01774387
v 0.21412516 -0.13827304 0.01216072
v 0.21180587 -0.13681827 0.01778877
v 0.21126233 -0.14035424 0.01965276
v 0.21730356 -0.13413394 0.02295635
v 0.21182279 -0.14216920 0.01496204
v 0.21010430 -0.15228931 -0.03540682
v 0.20723030 -0.15498698 -0.03498427
v 0.20618592 -0.15017749 -0.04056741
v 0.20386664 -0.14872271 -0.03493935
v 0.20332310 -0.15225870 -0.03307537
v 0.20936433 -0.14603839 -0.02977178
v 0.20388356 -0.15407365 -0.03776610
v 0.21424454 -0.14608126 -0.09868518
v 0.21137058 -0.14877895 -0.09826262
v 0.21032614 -0.14396947 -0.10384576
v 0.20800685 -0.14251471 -0.09821771
v 0.20746335 -0.14605071 -0.09635373
v 0.21350452 -0.13983034 -0.09305013
v 0.20802383 -0.14786565 -0.10104445
v 0.21253323 -0.14864723 -0.17596296
v 0.20965925 -0.15134492 -0.17554040
v 0.20861481 -0.14653546 -0.18112355
v 0.20629551 -0.14508071 -0.17549549
v 0.20575202 -0.14861669 -0.17363151
v 0.21179318 -0.14239631 -0.17032792
v 0.20631251 -0.15043165 -0.17832224
v 0.22407082 -0.13134724 -0.28488750
v 0.22119686 -0.13404495 -0.28446494
v 0.22015241 -0.12923549 -0.29004809
v 0.21783310 -0.12778073 -0.28442004
v 0.21728962 -0.13131674 -0.28255605
v 0.22333075 -0.12509632 -0.27925247
v 0.21785012 -0.13313169 -0.28724680
v 0.21491839 -0.14507096 -0.36580284
v 0.21204440 -0.14776866 -0.36538028
v 0.21099997 -0.14295919 -0.37096343
v 0.20868068 -0.14150443 -0.36533538
v 0.20813717 -0.14504042 -0.36347139
v 0.21417833 -0.13882004 -0.36016780
v 0.20869767 -0.14685537 -0.36816213
v 0.23202750 -0.11580678 -0.37402053
v 0.23141305 -0.11503174 -0.37018157
v 0.22576808 -0.11846963 -0.37360333
v 0.22580829 -0.11221160 -0.37352680
v 0.22798763 -0.11120948 -0.37028345
v 0.23086302 -0.10894556 -0.37881042
v 0.22723011 -0.11606745 -0.36908447
v 0.24633875 -0.08128873 -0.30134887
v 0.24562879 -0.08060013 -0.29750992
v 0.24047852 -0.08474252 -0.30093169
v 0.23970503 -0.07853234 -0.30085515
v 0.24429243 -0.07463706 -0.30613877
v 0.24128600 -0.08084375 -0.29636421
v 0.25119091 -0.06667805 -0.40489919
v 0.25041024 -0.06608634 -0.40105780
v 0.24584536 -0.07088218 -0.40445708
v 0.24425078 -0.06483058 -0.40438065
v 0.24610540 -0.06329093 -0.40114600
v 0.24825725 -0.06036369 -0.40968434
v 0.24664697 -0.06817696 -0.39994405
v 0.11245573 -0.23360199 -0.26900613
v 0.10861796 -0.23450127 -0.26858358
v 0.11011818 -0.22981393 -0.27416672
v 0.10883698 -0.22739442 -0.26853867
v 0.11494029 -0.22781851 -0.26337110
v 0.10580451 -0.23139458 -0.27021601
v -0.00418949 -0.25957075 -0.29707075
v -0.00796275 -0.25843064 -0.29664818
v -0.00431985 -0.25512140 -0.30223134
v -0.00421963 -0.25238545 -0.29660328
v -0.00755364 -0.25368277 -0.29473929
v 0.00085395 -0.25580438 -0.29143572
v -0.00884520 -0.25507564 -0.29943002
v 0.03560183 -0.25727755 -0.34564099
v 0.03166237 -0.25714379 -0.34521842
v 0.03433421 -0.25301063 -0.35080157
v 0.03372908 -0.25034057 -0.34517353
v 0.03083955 -0.25244991 -0.34330953
v 0.03951004 -0.25234323 -0.34000596
v 0.02994863 -0.25412754 -0.34800027
v 0.06128989 -0.25220621 -0.28794412
v 0.05735043 -0.25207245 -0.28752155
v 0.06002227 -0.24793929 -0.29310471
v 0.05941713 -0.24526923 -0.28747666
v 0.05652761 -0.24737856 -0.28561267
v 0.06519810 -0.24727189 -0.28230909
v 0.05563669 -0.24905620 -0.29030340
v 0.07708958 -0.24766436 -0.17721746
v 0.07316747 -0.24805721 -0.17679490
v 0.07526419 -0.24360462 -0.18237805
v 0.07430834 -0.24103911 -0.17674999
v 0.08030477 -0.24225287 -0.17158243
v 0.07078167 -0.24461121 -0.17842733
v 0.13317687 -0.22279700 -0.09940731
v 0.12948687 -0.22418306 -0.09898476
v 0.13037092 -0.21934153 -0.10456791
v 0.12878879 -0.21710719 -0.09893985
v 0.12692814 -0.22016278 -0.09707587
v 0.13489587 -0.21674169 -0.09377227
v 0.12674810 -0.22205376 -0.10176660
v 0.06568817 -0.25133797 0.01732275
v 0.06174871 -0.25120421 0.01774534
v 0.06442055 -0.24707105 0.01216219
v 0.06381540 -0.24440099 0.01779024
v 0.06092589 -0.24651031 0.01965423
v 0.06959637 -0.24640364 0.02295781
v 0.06003496 -0.24818796 0.01496352
v 0.00686053 -0.25937602 -0.01209041
v 0.00297187 -0.25873140 -0.01166784
v 0.00615822 -0.25498055 -0.01725099
v 0.00590523 -0.25225448 -0.01162294
v 0.00276608 -0.25397038 -0.00975894
v 0.01137688 -0.25499149 -0.00645537
v 0.00166467 -0.25551799 -0.01444968
v 0.06431512 -0.25160923 -0.00574509
v 0.06037566 -0.25147547 -0.00532253
v 0.06304749 -0.24734231 -0.01090569
v 0.06244236 -0.24467224 -0.00527763
v 0.05955284 -0.24678158 -0.00341363
v 0.06822332 -0.24667490 -0.00011006
v 0.05866191 -0.24845921 -0.00810438
v 0.08976206 -0.24334224 0.06011445
v 0.08583996 -0.24373509 0.06053704
v 0.08793667 -0.23928250 0.05495391
v 0.08698082 -0.23671700 0.06058195
v 0.08439845 -0.23919287 0.06244593
v 0.09297725 -0.23793075 0.06574952
v 0.08373923 -0.24097435 0.05775522
v 0.08486190 -0.24501330 0.14834674
v 0.08093980 -0.24540615 0.14876932
v 0.08303651 -0.24095355 0.14318619
v 0.08208067 -0.23838805 0.14881423
v 0.07949829 -0.24086392 0.15067821
v 0.08807709 -0.23960180 0.15398179
v 0.07883907 -0.24264541 0.14598750
v 0.04035430 -0.25633943 0.19096203
v 0.03641484 -0.25620566 0.19138462
v 0.03908668 -0.25207250 0.18580148
v 0.03848154 -0.24940244 0.19142952
v 0.03559202 -0.25151177 0.19329351
v 0.04426251 -0.25140510 0.19659709
v 0.03470110 -0.25318941 0.18860280
v 0.07455608 -0.24852823 0.20043810
v 0.07063398 -0.24892108 0.20086069
v 0.07273069 -0.24446848 0.19527755
v 0.07177485 -0.24190298 0.20090559
v 0.06919247 -0.24437885 0.20276957
v 0.07777127 -0.24311673 0.20607316
v 0.06853326 -0.24616034 0.19807886
v 0.08003977 -0.24665801 0.26428088
v 0.07611766 -0.24705085 0.26470347
v 0.07821438 -0.24259826 0.25912034
v 0.07725854 -0.24003276 0.26474837
v 0.07467616 -0.24250863 0.26661235
v 0.08325496 -0.24124652 0.26991594
v 0.07401694 -0.24429010 0.26192165
v 0.05127942 -0.25418235 0.28201379
v 0.04733996 -0.25404860 0.28243638
v 0.05001180 -0.24991543 0.27685325
v 0.04940666 -0.24724537 0.28248129
v 0.04651714 -0.24935470 0.28434527
v 0.05518763 -0.24924803 0.28764886
v 0.04562622 -0.25103234 0.27965456
v 0.11670129 -0.23147439 0.30696488
v 0.11286313 -0.23237291 0.30738567
v 0.11436825 -0.22769541 0.30179558
v 0.11308219 -0.22526600 0.30741828
v 0.11084186 -0.22805321 0.30928518
v 0.11918099 -0.22568103 0.31259187
v 0.11042385 -0.22991350 0.30459736
v 0.04449329 -0.23570768 0.39018111
v 0.04053682 -0.23548776 0.39006375
v 0.04388815 -0.23479651 0.38345437
v 0.04278473 -0.22960246 0.38676720
v 0.03965861 -0.23051336 0.38914852
v 0.04794239 -0.22844786 0.39278379
v 0.03920691 -0.23441579 0.38595821
v 0.11051176 -0.19622414 0.41444350
v 0.10663394 -0.19704239 0.41434998
v 0.10961784 -0.19535703 0.40774324
v 0.10723295 -0.19070430 0.41118337
v 0.11197481 -0.18837376 0.41720147
v 0.10444067 -0.19519050 0.41088702
v 0.04931788 -0.20596743 0.43895046
v 0.04536010 -0.20574089 0.43892846
v 0.04858799 -0.20442426 0.43235269
v 0.04755126 -0.19956803 0.43616222
v 0.04446938 -0.20070297 0.43850464
v 0.05282146 -0.19898347 0.44216366
v 0.04395468 -0.20428635 0.43496831
v 0.09434188 -0.18601456 0.44501439
v 0.09046210 -0.18682886 0.44502148
v 0.09314860 -0.18454174 0.43846823
v 0.09093081 -0.18022714 0.44242247
v 0.08828255 -0.18218896 0.44474863
v 0.09594394 -0.17844547 0.44840811
v 0.08867431 -0.18568768 0.44111318
v -0.00426361 -0.21922280 0.42477052
v -0.00803084 -0.21798959 0.42471616
v -0.00458708 -0.21776012 0.41812210
v -0.00433520 -0.21267883 0.42176730
v 0.00092122 -0.21327010 0.42778019
v -0.00899558 -0.21515392 0.42136052
v -0.05722403 -0.22633199 0.40105948
v -0.06080001 -0.22462461 0.40094552
v -0.05743304 -0.22523673 0.39433626
v -0.05648200 -0.22002414 0.39766717
v -0.05972131 -0.21968664 0.40004749
v -0.05127648 -0.22093633 0.40368417
v -0.06162005 -0.22311396 0.39684443
v 0.01330924 -0.25895881 0.29116480
v 0.00942058 -0.25831418 0.29158739
v 0.01260693 -0.25456334 0.28600425
v 0.01235394 -0.25183727 0.29163229
v 0.00921478 -0.25355316 0.29349628
v 0.01782560 -0.25457427 0.29679986
v 0.00811338 -0.25510079 0.28880557
v -0.03063270 -0.25786066 0.23021155
v -0.03440595 -0.25672055 0.23063414
v -0.03076304 -0.25341131 0.22505101
v -0.03066280 -0.25067535 0.23067905
v -0.02558925 -0.25409431 0.23584662
v -0.03528911 -0.25262333 0.22900172
v -0.00274563 -0.25966412 0.13038053
v 0.00114808 -0.25901979 0.13075432
v -0.00210876 -0.25526438 0.12521506
v -0.00178446 -0.25254292 0.13084168
v -0.00719020 -0.25528421 0.13607594
v 0.00253080 -0.25506912 0.12910744
v -0.00277531 -0.25966216 0.06460529
v -0.00654857 -0.25852206 0.06502788
v -0.00290565 -0.25521281 0.05944474
v -0.00280542 -0.25247686 0.06507278
v 0.00226815 -0.25589582 0.07024035
v -0.00743171 -0.25442484 0.06339546
v -0.06419026 -0.25170151 0.00875332
v -0.06778333 -0.25008066 0.00917587
v -0.06374123 -0.24727297 0.00359273
v -0.06328626 -0.24457326 0.00922078
v -0.06676060 -0.24542624 0.01108478
v -0.05870009 -0.24862262 0.01438835
v -0.06822224 -0.24663943 0.00639404
v -0.00631329 -0.25943336 -0.08857941
v -0.01008653 -0.25829325 -0.08815685
v -0.00644362 -0.25498401 -0.09374000
v -0.00634339 -0.25224805 -0.08811195
v -0.00126983 -0.25566702 -0.08294439
v -0.01096969 -0.25419603 -0.08978928
v -0.00098938 -0.25977764 -0.16015378
v -0.00476262 -0.25863754 -0.15973122
v -0.00111972 -0.25532830 -0.16531437
v -0.00101948 -0.25259234 -0.15968632
v 0.00405408 -0.25601131 -0.15451876
v -0.00564578 -0.25454032 -0.16136364
v -0.03830337 0.25747733 0.04665166
v -0.03436391 0.25734357 0.04707425
v -0.03703577 0.25321040 0.04149111
v -0.03643065 0.25054033 0.04711915
v -0.03354111 0.25264965 0.04898313
v -0.04221160 0.25254303 0.05228671
v -0.03265018 0.25432729 0.04429242
v -0.03851461 0.25743563 -0.01884224
v -0.03457515 0.25730185 -0.01841969
v -0.03724701 0.25316871 -0.02400284
v -0.03664188 0.25049863 -0.01837478
v -0.04242284 0.25250134 -0.01320721
v -0.03267028 0.25356843 -0.02005211
v 0.01093716 0.25977764 -0.04839651
v 0.01471041 0.25863751 -0.04797395
v 0.01106748 0.25532830 -0.05355710
v 0.01096724 0.25259236 -0.04792905
v 0.01430126 0.25388964 -0.04606506
v 0.00589370 0.25601132 -0.04276147
v 0.01559283 0.25528250 -0.05075579
v -0.04313885 0.25652304 -0.17841191
v -0.03919939 0.25638927 -0.17798936
v -0.04187125 0.25225611 -0.18357251
v -0.04126613 0.24958604 -0.17794445
v -0.03837660 0.25169537 -0.17608045
v -0.04704709 0.25158874 -0.17277689
v -0.03748566 0.25337300 -0.18077120
v 0.03472621 0.25811603 -0.22874778
v 0.03831929 0.25649516 -0.22832522
v 0.03427717 0.25368748 -0.23390837
v 0.03382222 0.25098777 -0.22828032
v 0.03729656 0.25184075 -0.22641631
v 0.02923604 0.25503711 -0.22311274
v 0.03875819 0.25305394 -0.23110706
v -0.01345695 0.25963699 -0.28908445
v -0.00956828 0.25899235 -0.28866189
v -0.01275464 0.25524148 -0.29424504
v -0.01250163 0.25251542 -0.28861699
v -0.00936248 0.25423133 -0.28675300
v -0.01797329 0.25525242 -0.28344941
v -0.00826108 0.25577895 -0.29144375
v -0.07018188 0.25080228 -0.36321268
v -0.06625977 0.25119513 -0.36279011
v -0.06835649 0.24674253 -0.36837326
v -0.06740065 0.24417702 -0.36274521
v -0.07339707 0.24539079 -0.35757765
v -0.06387397 0.24774911 -0.36442255
v -0.11416838 0.23359073 -0.29095171
v -0.11033059 0.23448997 -0.29052914
v -0.11183086 0.22980265 -0.29611230
v -0.11054969 0.22738313 -0.29048424
v -0.10831099 0.23017361 -0.28862025
v -0.11665300 0.22780728 -0.28531669
v -0.10788889 0.23202566 -0.29331099
v -0.19832036 0.16819322 -0.20324005
v -0.19512014 0.17049451 -0.20281748
v -0.19470965 0.16559010 -0.20840063
v -0.19259912 0.16384622 -0.20277258
v -0.19160065 0.16728158 -0.20090858
v -0.19839904 0.16189915 -0.19760501
v -0.19192049 0.16915400 -0.20559932
v -0.18095442 0.18718241 -0.02646030
v -0.17747587 0.18903630 -0.02603774
v -0.17772316 0.18412096 -0.03162090
v -0.17586407 0.18211118 -0.02599284
v -0.17441634 0.18538267 -0.02412883
v -0.18187186 0.18095506 -0.02082527
v -0.17448359 0.18728101 -0.02881958
v -0.12880469 0.22635682 0.05548675
v -0.12496689 0.22725607 0.05590933
v -0.12646713 0.22256874 0.05032620
v -0.12518596 0.22014924 0.05595424
v -0.12294727 0.22293973 0.05781822
v -0.13128928 0.22057335 0.06112181
v -0.12252518 0.22479178 0.05312751
v -0.20503665 0.16051274 0.08072617
v -0.20183643 0.16281402 0.08114876
v -0.20142595 0.15790961 0.07556562
v -0.19931541 0.15616574 0.08119366
v -0.19831695 0.15960110 0.08305764
v -0.20511533 0.15421866 0.08636123
v -0.19863679 0.16147352 0.07836694
v -0.18721465 0.18089427 0.19713165
v -0.18401442 0.18319553 0.19755424
v -0.18360394 0.17829111 0.19197111
v -0.18149340 0.17654724 0.19759915
v -0.18049493 0.17998260 0.19946312
v -0.18729334 0.17460018 0.20276671
v -0.18081477 0.18185501 0.19477242
v -0.13760887 0.22069009 0.31268074
v -0.13391840 0.22207546 0.31310153
v -0.13480855 0.21724307 0.30751144
v -0.13322030 0.21499952 0.31313414
v -0.13932178 0.21462561 0.31830772
v -0.13073006 0.21935964 0.31146118
v -0.05866138 0.23743757 0.38424825
v -0.05470491 0.23721764 0.38413089
v -0.05805625 0.23652641 0.37752151
v -0.05695284 0.23133235 0.38083434
v -0.05382672 0.23224325 0.38321567
v -0.06211049 0.23017776 0.38685093
v -0.05337500 0.23614568 0.38002535
v 0.02545665 0.25883912 0.16792326
v 0.02922990 0.25769901 0.16834585
v 0.02558699 0.25438977 0.16276271
v 0.02548677 0.25165382 0.16839076
v 0.02882079 0.25295112 0.17025473
v 0.02041321 0.25507277 0.17355832
v 0.03011233 0.25434399 0.16556401
v 0.11434314 0.23333457 -0.04978514
v 0.11738850 0.23083195 -0.04936258
v 0.11275359 0.22917681 -0.05494573
v 0.11160964 0.22668949 -0.04931767
v 0.11518618 0.22660589 -0.04745368
v 0.10823959 0.23179566 -0.04415010
v 0.11691384 0.22739546 -0.05214442
v -0.08980072 0.24411165 -0.12427974
v -0.08587861 0.24450451 -0.12385718
v -0.08797531 0.24005192 -0.12944034
v -0.08701946 0.23748640 -0.12381228
v -0.09301589 0.23870014 -0.11864472
v -0.08349280 0.24105850 -0.12548961
v -0.12642947 0.22753023 -0.21287112
v -0.12259169 0.22842948 -0.21244855
v -0.12409193 0.22374215 -0.21803170
v -0.12281076 0.22132263 -0.21240365
v -0.12057207 0.22411313 -0.21053965
v -0.12891407 0.22174676 -0.20723608
v -0.12014997 0.22596518 -0.21523039
v -0.23611430 -0.03192925 0.39416228
v -0.23743477 -0.03189872 0.39042445
v -0.23155137 -0.03630042 0.39160930
v -0.23051022 -0.03036461 0.38992036
v -0.23382796 -0.02923845 0.38792097
v -0.23145271 -0.02509508 0.39587669
v -0.23467388 -0.03422718 0.38783043
v -0.17880615 -0.14808964 0.40306272
v -0.18057549 -0.14781150 0.39952610
v -0.17343225 -0.14988632 0.39927614
v -0.17474837 -0.14377543 0.39896769
v -0.17850011 -0.14357639 0.39749871
v -0.17658553 -0.14050223 0.40604190
v -0.17758243 -0.14840458 0.39629140
v -0.20310085 -0.05904912 0.44043795
v -0.20413645 -0.05883459 0.43661732
v -0.19793033 -0.06272250 0.43794451
v -0.19739137 -0.05659255 0.43680271
v -0.20065097 -0.05563309 0.43462844
v -0.19931730 -0.05195919 0.44304425
v -0.20096308 -0.06065543 0.43408990
v -0.11797983 -0.18107314 0.43044599
v -0.11999349 -0.18071917 0.42704959
v -0.11261926 -0.18132515 0.42624532
v -0.11507263 -0.17559325 0.42678995
v -0.11703143 -0.17361443 0.43429873
v -0.11758747 -0.17902856 0.42364593
v -0.10186965 -0.23900302 0.13972968
v -0.10491502 -0.23650041 0.14015227
v -0.10028013 -0.23484527 0.13456914
v -0.09913619 -0.23235793 0.14019717
v -0.10271272 -0.23227436 0.14206116
v -0.09576611 -0.23746410 0.14536474
v -0.10444038 -0.23306393 0.13737045
v -0.18750293 -0.17989866 0.05476765
v -0.18710791 -0.17899191 0.05092867
v -0.18076982 -0.18086628 0.05435046
v -0.18241440 -0.17482808 0.05427392
v -0.18477792 -0.17441870 0.05103057
v -0.18813794 -0.17296836 0.05955755
v -0.18279926 -0.17891965 0.04983158
v -0.14111729 -0.21772931 -0.05612508
v -0.14097268 -0.21675089 -0.05996404
v -0.13436505 -0.21690568 -0.05654228
v -0.13752889 -0.21150617 -0.05661881
v -0.14353944 -0.21120509 -0.05133519
v -0.13737762 -0.21430246 -0.06110976
v -0.17648067 -0.19042869 -0.18890837
v -0.17621013 -0.18947736 -0.19274734
v -0.16967866 -0.19048964 -0.18932558
v -0.17211389 -0.18472473 -0.18940211
v -0.17451090 -0.18463424 -0.19264546
v -0.17803434 -0.18364501 -0.18411849
v -0.17194960 -0.18883108 -0.19384444
v -0.10814984 -0.23589916 -0.29367667
v -0.11119520 -0.23339656 -0.29325411
v -0.10656030 -0.23174141 -0.29883726
v -0.10541635 -0.22925409 -0.29320921
v -0.10899289 -0.22917050 -0.29134522
v -0.10204629 -0.23436024 -0.28804165
v -0.11072055 -0.22996006 -0.29603596
v -0.09090836 -0.24306808 -0.19508334
v -0.09425316 -0.24098251 -0.19466078
v -0.08987270 -0.23873900 -0.20024393
v -0.08906173 -0.23612408 -0.19461588
v -0.09261880 -0.23650606 -0.19275188
v -0.08505660 -0.24074893 -0.18944832
v -0.09422918 -0.23751348 -0.19744262
v -0.20783262 -0.15620882 -0.07900628
v -0.20732311 -0.15536111 -0.08284524
v -0.20128237 -0.15804333 -0.07942349
v -0.20212823 -0.15184260 -0.07950001
v -0.20441849 -0.15112951 -0.08274336
v -0.20756152 -0.14925479 -0.07421639
v -0.20304160 -0.15584945 -0.08394235
v -0.22844050 -0.12375705 -0.27133639
v -0.22782605 -0.12298201 -0.27517534
v -0.22218108 -0.12641989 -0.27175357
v -0.22222130 -0.12016186 -0.27183011
v -0.22440064 -0.11915974 -0.27507346
v -0.22727604 -0.11689583 -0.26654649
v -0.22364310 -0.12401771 -0.27627244
v -0.24435887 -0.08809780 -0.05743920
v -0.24364891 -0.08740920 -0.06127816
v -0.23849861 -0.09155158 -0.05785640
v -0.23772515 -0.08534140 -0.05793293
v -0.23975577 -0.08406454 -0.06117628
v -0.24231255 -0.08144613 -0.05264931
v -0.23963603 -0.08897975 -0.06237527
v -0.18619699 -0.18139169 0.03855518
v -0.18580197 -0.18048495 0.03471620
v -0.17946387 -0.18235932 0.03813799
v -0.18110845 -0.17632111 0.03806145
v -0.18347198 -0.17591174 0.03481810
v -0.18683199 -0.17446140 0.04334508
v -0.18149331 -0.18041269 0.03361911
v -0.11957499 -0.23025264 0.05985700
v -0.12262035 -0.22775004 0.06027959
v -0.11798547 -0.22609488 0.05469645
v -0.11684152 -0.22360755 0.06032449
v -0.12041806 -0.22352399 0.06218848
v -0.11347144 -0.22871371 0.06549206
v -0.12214572 -0.22431356 0.05749777
v -0.12276364 -0.22867657 0.14955779
v -0.12580899 -0.22617395 0.14998038
v -0.12117409 -0.22451882 0.14439724
v -0.12003014 -0.22203148 0.15002528
v -0.12360668 -0.22194790 0.15188927
v -0.11666008 -0.22713765 0.15519285
v -0.12533434 -0.22273746 0.14719856
v -0.14305045 -0.21643989 0.22816144
v -0.14290585 -0.21546147 0.22432245
v -0.13629822 -0.21561628 0.22774425
v -0.13946205 -0.21021677 0.22766771
v -0.14185048 -0.21043859 0.22442436
v -0.14547261 -0.20991569 0.23295133
v -0.13876545 -0.21426694 0.22322537
v -0.19718910 -0.16878425 0.30629363
v -0.19680220 -0.16787967 0.30245330
v -0.19045689 -0.16975211 0.30586275
v -0.19210163 -0.16371395 0.30578629
v -0.19447198 -0.16330639 0.30254769
v -0.19781400 -0.16185124 0.31108091
v -0.19249587 -0.16780803 0.30134707
v -0.25630819 -0.04290167 -0.29487246
v -0.25551273 -0.04231391 -0.29871141
v -0.25096096 -0.04710622 -0.29528964
v -0.24936611 -0.04105469 -0.29536617
v -0.25120828 -0.03951841 -0.29860952
v -0.25339298 -0.03658236 -0.29008255
v -0.25174520 -0.04440567 -0.29980850
v -0.23987465 -0.10062136 -0.15879587
v -0.23926020 -0.09984633 -0.16263484
v -0.23361523 -0.10328419 -0.15921308
v -0.23365544 -0.09702617 -0.15928961
v -0.23583479 -0.09602405 -0.16253296
v -0.23871019 -0.09376014 -0.15400599
v -0.23507725 -0.10088201 -0.16373194
v -0.25778869 -0.03540054 0.11382651
v -0.25699323 -0.03481278 0.10998753
v -0.25244145 -0.03960508 0.11340932
v -0.25084662 -0.03355355 0.11333278
v -0.25268878 -0.03201726 0.11008943
v -0.25487349 -0.02908122 0.11861641
v -0.25322568 -0.03690453 0.10889044
v -0.24336932 -0.09099743 0.25262069
v -0.24265936 -0.09030882 0.24878170
v -0.23750907 -0.09445120 0.25220350
v -0.23673560 -0.08824103 0.25212695
v -0.23876623 -0.08696417 0.24888360
v -0.24132302 -0.08434575 0.25741058
v -0.23864649 -0.09187938 0.24768461
v -0.22842491 -0.12370956 0.31129529
v -0.22781788 -0.12293652 0.30745476
v -0.22216630 -0.12637262 0.31086737
v -0.22220666 -0.12011463 0.31078770
v -0.22439229 -0.11911419 0.30754804
v -0.22725119 -0.11684586 0.31607935
v -0.22363706 -0.12397278 0.30635008
v -0.23547306 -0.10952713 0.10990764
v -0.23485860 -0.10875209 0.10606866
v -0.22921364 -0.11218997 0.10949045
v -0.22925386 -0.10593194 0.10941391
v -0.23143320 -0.10492982 0.10617056
v -0.23430860 -0.10266591 0.11469754
v -0.23067566 -0.10978778 0.10497157
v -0.19739565 -0.16858557 0.16071137
v -0.19700062 -0.16767883 0.15687239
v -0.19066254 -0.16955320 0.16029418
v -0.19230712 -0.16351500 0.16021764
v -0.19467064 -0.16310562 0.15697428
v -0.19803066 -0.16165528 0.16550126
v -0.19269198 -0.16760657 0.15577530
v -0.13046348 -0.22483421 -0.34054504
v -0.13031888 -0.22385579 -0.34438399
v -0.12371124 -0.22401059 -0.34096222
v -0.12687508 -0.21861108 -0.34103876
v -0.12926351 -0.21883289 -0.34428210
v -0.13288563 -0.21831000 -0.33575514
v -0.12617848 -0.22266125 -0.34548108
v -0.19144890 -0.17538595 -0.37079678
v -0.19105388 -0.17447921 -0.37463575
v -0.18471578 -0.17635356 -0.37121397
v -0.18636036 -0.17031536 -0.37129051
v -0.18872388 -0.16990598 -0.37453386
v -0.19208390 -0.16845566 -0.36600689
v -0.18674522 -0.17440694 -0.37573284
v -0.03247170 -0.25761439 -0.41801886
v -0.03624506 -0.25647583 -0.41759310
v -0.03260090 -0.25314666 -0.42316357
v -0.03250198 -0.25043082 -0.41752576
v -0.03583642 -0.25173479 -0.41566719
v -0.02742958 -0.25386814 -0.41236926
v -0.03712689 -0.25311093 -0.42036316
v 0.06418805 -0.25138555 -0.42515812
v 0.06025089 -0.25126342 -0.42471129
v 0.06289348 -0.24698200 -0.43019577
v 0.06231831 -0.24446368 -0.42449510
v 0.06812637 -0.24660369 -0.41941367
v 0.05833768 -0.24748772 -0.42623304
v -0.11034264 -0.23459504 -0.42345179
v -0.11339325 -0.23210306 -0.42300497
v -0.10869140 -0.23031248 -0.42848946
v -0.10761597 -0.22796379 -0.42278880
v -0.11121481 -0.22792532 -0.42096672
v -0.10430792 -0.23319541 -0.41770736
v -0.11288548 -0.22859960 -0.42569593
v 0.20382813 0.16137397 -0.40633956
v 0.20289159 0.16110738 -0.40249669
v 0.20389067 0.15457238 -0.40591559
v 0.19812610 0.15700773 -0.40581938
v 0.19804811 0.15940807 -0.40257818
v 0.19702607 0.16292272 -0.41110491
v 0.20224953 0.15684799 -0.40139271
v 0.18335996 0.18416877 -0.43305327
v 0.18257548 0.18380677 -0.42918424
v 0.18433955 0.17743907 -0.43260969
v 0.17830702 0.17908658 -0.43235554
v 0.17800108 0.18147774 -0.42912107
v 0.17628117 0.18476567 -0.43762600
v 0.18253760 0.17950763 -0.42804876
v 0.05745752 0.25319203 -0.43191014
v 0.06105290 0.25158284 -0.43146332
v 0.05698151 0.24862688 -0.43694780
v 0.05655651 0.24607892 -0.43124712
v 0.06004060 0.24698128 -0.42942505
v 0.05199744 0.25026558 -0.42616570
v 0.06147732 0.24806828 -0.43415427
v 0.01351471 0.25953270 -0.40447112
v 0.01728806 0.25839409 -0.40404537
v 0.01364385 0.25506497 -0.40961582
v 0.01354492 0.25234912 -0.40397802
v 0.00847256 0.25578650 -0.39882151
v 0.01817083 0.25429109 -0.40566337
v -0.01484205 0.25601995 0.36131847
v -0.01094732 0.25528160 0.36136086
v -0.01429140 0.25396966 0.35484246
v -0.01391132 0.24927801 0.35896734
v -0.01071783 0.25015394 0.36127114
v -0.01923795 0.24977250 0.36492691
v -0.00972645 0.25340295 0.35751984
v 0.00411908 0.21981192 0.42488696
v 0.00788631 0.21857870 0.42483259
v 0.00444256 0.21834924 0.41823853
v 0.00419068 0.21326795 0.42188374
v -0.00106575 0.21385922 0.42789662
v 0.00885105 0.21574305 0.42147696
v 0.04710052 0.19795968 0.45801995
v 0.05067537 0.19624651 0.45805705
v 0.04711337 0.19587073 0.45153294
v 0.04627267 0.19121707 0.45563256
v 0.04958160 0.19123218 0.45793995
v 0.04124507 0.19303049 0.46159653
v 0.05137731 0.19413766 0.45420566
v -0.05550661 0.25400512 -0.40342495
v -0.05156743 0.25387283 -0.40299920
v -0.05423542 0.24972010 -0.40856965
v -0.05363419 0.24706980 -0.40293185
v -0.05074595 0.24918566 -0.40107327
v -0.05941873 0.24909060 -0.39777535
v -0.04985176 0.25084683 -0.40576925
v -0.10448020 0.23837836 -0.28388514
v -0.10064241 0.23927760 -0.28346257
v -0.10214266 0.23459028 -0.28904573
v -0.10086150 0.23217077 -0.28341768
v -0.09862281 0.23496125 -0.28155369
v -0.10696482 0.23259491 -0.27825012
v -0.09820071 0.23681329 -0.28624443
v -0.17598421 0.19152841 -0.34436781
v -0.17250565 0.19338229 -0.34394525
v -0.17275298 0.18846694 -0.34952840
v -0.17089387 0.18645716 -0.34390035
v -0.16944614 0.18972864 -0.34203636
v -0.17690168 0.18530105 -0.33873279
v -0.16951338 0.19162699 -0.34672710
v -0.23643685 0.10824334 -0.36253989
v -0.23544794 0.10822595 -0.36637884
v -0.23475044 0.10165341 -0.36295707
v -0.22980338 0.10548632 -0.36303361
v -0.23033097 0.10782629 -0.36627696
v -0.23027893 0.11148559 -0.35774999
v -0.23373010 0.10427388 -0.36747594
v -0.25007518 0.07185286 -0.39599515
v -0.24907645 0.07196841 -0.39982987
v -0.24754485 0.06553846 -0.39640886
v -0.24313765 0.06998191 -0.39646212
v -0.24395140 0.07223707 -0.39970637
v -0.24441086 0.07586260 -0.39117720
v -0.24685498 0.06827436 -0.40092185
v -0.24420987 -0.08847471 -0.38795530
v -0.24348662 -0.08778256 -0.39179113
v -0.23834821 -0.09192812 -0.38835540
v -0.23757450 -0.08571788 -0.38842350
v -0.23959387 -0.08443800 -0.39167266
v -0.24218015 -0.08182749 -0.38315218
v -0.23946998 -0.08935210 -0.39287579
v -0.22123622 -0.13611081 -0.37769545
v -0.22072671 -0.13526310 -0.38153440
v -0.21468597 -0.13794532 -0.37811264
v -0.21553183 -0.13174459 -0.37818917
v -0.21782211 -0.13103150 -0.38143252
v -0.22096513 -0.12915677 -0.37290555
v -0.21644520 -0.13575144 -0.38263150
v 0.16776187 0.19752209 -0.11903986
v 0.16673857 0.19374576 -0.12258450
v 0.16342668 0.19268759 -0.11916010
v 0.16512395 0.19843142 -0.11704298
v 0.16173320 0.19654342 -0.12024763
v 0.16712043 0.19285346 -0.11652116
v 0.16100575 0.20342978 -0.17750231
v 0.15998245 0.19965345 -0.18104695
v 0.15667055 0.19859528 -0.17762256
v 0.15836782 0.20433910 -0.17550543
v 0.15497707 0.20245110 -0.17871009
v 0.16036429 0.19876115 -0.17498362
v 0.20548586 0.15858213 -0.21815183
v 0.20396803 0.15497603 -0.22169645
v 0.20054458 0.15436904 -0.21827207
v 0.20299279 0.15983517 -0.21615494
v 0.19938051 0.15841628 -0.21935960
v 0.20422744 0.15404078 -0.21563313
v 0.16649473 0.19862953 -0.27753416
v 0.16547143 0.19485320 -0.28107880
v 0.16215952 0.19379503 -0.27765440
v 0.16385681 0.19953885 -0.27553727
v 0.16046605 0.19765085 -0.27874194
v 0.16585328 0.19396090 -0.27501547
v 0.10779281 0.23581873 -0.34814251
v 0.10305708 0.23423694 -0.34985801
v 0.10480808 0.23005111 -0.34806142
v 0.10911691 0.23399095 -0.34555816
v 0.10462530 0.23213576 -0.34424843
v 0.10830650 0.23117357 -0.35073283
v 0.07413326 0.24862454 -0.22154971
v 0.06964329 0.24644063 -0.22326521
v 0.07192349 0.24251790 -0.22146861
v 0.07568369 0.24698435 -0.21896535
v 0.07147130 0.24456110 -0.21765564
v 0.07524634 0.24408554 -0.22414002
v 0.06890746 0.25040690 -0.12636534
v 0.06441749 0.24822298 -0.12808084
v 0.06669770 0.24430025 -0.12628425
v 0.07045789 0.24876670 -0.12378098
v 0.06624550 0.24634345 -0.12247126
v 0.07002054 0.24586789 -0.12895565
v 0.08763307 0.24402042 0.01696094
v 0.08314310 0.24183653 0.01524546
v 0.08542326 0.23791380 0.01704205
v 0.08918350 0.24238021 0.01954531
v 0.08497110 0.23995700 0.02085503
v 0.08874613 0.23948140 0.01437064
v 0.19557518 0.16991579 0.10177993
v 0.19405737 0.16630969 0.09823527
v 0.19063392 0.16570270 0.10165965
v 0.19308213 0.17116883 0.10377676
v 0.18946986 0.16974994 0.10057211
v 0.19431678 0.16537444 0.10429860
v 0.11434050 0.23258271 0.09569372
v 0.10960478 0.23100092 0.09397824
v 0.11135578 0.22681509 0.09577482
v 0.11566460 0.23075492 0.09827809
v 0.11117299 0.22889973 0.09958781
v 0.11485419 0.22793754 0.09310341
v 0.07767280 0.24741766 0.16034792
v 0.07318283 0.24523374 0.15863244
v 0.07546304 0.24131101 0.16042902
v 0.07922323 0.24577746 0.16293228
v 0.07501085 0.24335421 0.16424201
v 0.07878589 0.24287865 0.15775761
v 0.12226908 0.22866431 0.24629015
v 0.11753334 0.22708252 0.24457466
v 0.11928435 0.22289669 0.24637124
v 0.12359317 0.22683652 0.24887450
v 0.11910156 0.22498134 0.25018423
v 0.12278276 0.22401914 0.24369983
v -0.03014506 0.25788104 0.15623134
v -0.03345538 0.25414323 0.15451585
v -0.02984603 0.25139375 0.15631244
v -0.02808445 0.25696017 0.15881569
v -0.03104667 0.25310769 0.16012542
v -0.02737757 0.25411506 0.15364103
v -0.04881080 0.25471472 0.27231120
v -0.05160725 0.25057841 0.27059572
v -0.04767117 0.24832134 0.27239231
v -0.04664799 0.25406949 0.27489557
v -0.04908439 0.24986471 0.27620529
v -0.04557732 0.25134038 0.26972090
v -0.03824625 0.25677305 0.30733791
v -0.04104337 0.25264006 0.30561554
v -0.03710661 0.25037953 0.30740632
v -0.03608246 0.25612284 0.30992025
v -0.03851837 0.25191556 0.31122277
v -0.03501377 0.25340371 0.30473990
v 0.04075691 0.25483633 0.35405477
v 0.03667301 0.25245126 0.35170841
v 0.03940087 0.24858827 0.35291298
v 0.04242173 0.25295903 0.35639510
v 0.03853510 0.24981789 0.35699420
v 0.04257345 0.25103336 0.35077014
v 0.04937140 0.23663169 0.38700055
v 0.04549358 0.23529052 0.38367854
v 0.04817984 0.23121679 0.38361831
v 0.05089187 0.23402322 0.38863063
v 0.04701372 0.23092501 0.38779838
v 0.05146319 0.23422298 0.38271409
v -0.00337133 0.24205777 0.38692921
v -0.00677519 0.23976627 0.38360735
v -0.00313361 0.23651818 0.38354734
v -0.00123248 0.23992686 0.38855943
v -0.00418584 0.23593726 0.38772746
v -0.00073152 0.24026614 0.38264290
v -0.06217478 0.22417459 0.40226974
v -0.06485885 0.22106349 0.39895478
v -0.06049556 0.21887849 0.39890642
v -0.05955559 0.22268108 0.40390751
v -0.06136417 0.21805622 0.40308818
v -0.05915420 0.22312067 0.39798997
v -0.06927926 0.19898884 0.44073775
v -0.07186664 0.19559425 0.43763061
v -0.06750677 0.19341927 0.43790600
v -0.06671244 0.19764890 0.44257869
v -0.06850171 0.19296744 0.44211599
v -0.06613285 0.19756601 0.43666016
v -0.11252562 0.20902258 0.39419651
v -0.11478747 0.20559896 0.39087465
v -0.11017729 0.20399974 0.39081464
v -0.10973210 0.20787727 0.39582673
v -0.11092547 0.20305905 0.39499476
v -0.10940000 0.20838301 0.38991020
v -0.16845199 0.18516035 0.37284374
v -0.16959104 0.18107812 0.36969568
v -0.16472891 0.18071997 0.36991076
v -0.16554767 0.18487252 0.37464789
v -0.16542931 0.17986882 0.37411823
v -0.16504785 0.18509364 0.36872564
v -0.16476427 0.20037857 0.31812353
v -0.16512014 0.19540072 0.31640117
v -0.16058054 0.19541144 0.31819193
v -0.16256527 0.20089737 0.32070586
v -0.16257117 0.19603579 0.32200839
v -0.16028018 0.19907688 0.31552551
v -0.18952411 0.17722699 0.19340390
v -0.18921035 0.17224393 0.19168842
v -0.18471539 0.17286232 0.19348500
v -0.18741778 0.17803777 0.19598827
v -0.18677715 0.17322053 0.19729799
v -0.18490265 0.17653163 0.19081360
v -0.21676175 0.14226853 0.28333749
v -0.21580302 0.13736851 0.28162201
v -0.21142654 0.13856586 0.28341859
v -0.21477864 0.14334619 0.28592185
v -0.21351737 0.13865306 0.28723158
v -0.21208910 0.14217969 0.28074718
v -0.24961333 0.07126426 0.23244382
v -0.24683897 0.06850553 0.23598848
v -0.24344170 0.06924507 0.23256410
v -0.24778350 0.07337073 0.23044697
v -0.24390302 0.07343106 0.23365163
v -0.24672350 0.06754186 0.22992516
v -0.25037801 0.06902229 0.22645922
v -0.24760365 0.06626356 0.23000387
v -0.24420637 0.06700311 0.22657950
v -0.24854817 0.07112876 0.22446236
v -0.24466770 0.07118908 0.22766703
v -0.24748818 0.06529989 0.22394055
v -0.25585109 0.04239635 0.28796044
v -0.25273357 0.04003229 0.29150509
v -0.24946529 0.04121835 0.28808072
v -0.25431857 0.04472805 0.28596359
v -0.25048080 0.04530540 0.28916827
v -0.25249060 0.03909263 0.28544178
v -0.23138676 -0.11627147 0.05772224
v -0.22747431 -0.11625138 0.06126690
v -0.22560178 -0.11332187 0.05784252
v -0.23158881 -0.11348855 0.05572540
v -0.22889400 -0.11069574 0.05893007
v -0.22670985 -0.11684938 0.05520358
v -0.25888054 -0.01168370 0.09125512
v -0.25526080 -0.01316870 0.09479978
v -0.25240626 -0.01118376 0.09137540
v -0.25799760 -0.00903684 0.08925829
v -0.25443645 -0.00749410 0.09246294
v -0.25478486 -0.01401456 0.08873645
v -0.25076666 0.06788211 0.10116006
v -0.24799230 0.06512337 0.10470472
v -0.24459502 0.06586291 0.10128034
v -0.24893682 0.06998858 0.09916321
v -0.24505635 0.07004889 0.10236789
v -0.24787682 0.06415969 0.09864140
v -0.25786116 0.02811248 0.16529331
v -0.25446284 0.02617365 0.16883797
v -0.25137643 0.02777442 0.16541359
v -0.25664467 0.03062358 0.16329648
v -0.25291450 0.03169482 0.16650113
v -0.25409980 0.02527354 0.16277464
v -0.25901238 0.01031172 0.22680607
v -0.25561404 0.00837288 0.23035072
v -0.25252763 0.00997364 0.22692634
v -0.25779588 0.01282282 0.22480922
v -0.25406571 0.01389405 0.22801389
v -0.25525101 0.00747277 0.22428740
v -0.25913162 -0.00779987 0.29171137
v -0.25551187 -0.00928487 0.29525603
v -0.25265734 -0.00729992 0.29183165
v -0.25824867 -0.00515301 0.28971453
v -0.25468753 -0.00361027 0.29291919
v -0.25503594 -0.01013073 0.28919271
v -0.25844478 0.01798573 0.32996093
v -0.25503936 0.01604880 0.33349978
v -0.25195980 0.01764773 0.33006839
v -0.25723228 0.02049576 0.32796024
v -0.25349571 0.02156872 0.33115686
v -0.25468845 0.01514543 0.32743621
v -0.24777215 0.03582032 0.37307929
v -0.24314380 0.03400266 0.37485317
v -0.24205968 0.03480037 0.37016241
v -0.24759921 0.03790353 0.37035839
v -0.24275013 0.03897229 0.37118039
v -0.24580011 0.03228717 0.36958941
v -0.21847028 0.03673581 0.41999191
v -0.21380847 0.03493631 0.42169529
v -0.21280264 0.03572534 0.41698563
v -0.21834755 0.03881263 0.41726339
v -0.21348905 0.03989778 0.41800430
v -0.21654431 0.03319968 0.41647941
v -0.19599010 0.04902239 0.45980858
v -0.19154666 0.04711335 0.46192605
v -0.19007314 0.04795869 0.45735121
v -0.19556791 0.05113959 0.45714174
v -0.19078802 0.05212608 0.45837095
v -0.19378792 0.04550846 0.45643905
v -0.19961935 0.00142953 0.46568988
v -0.19510348 -0.00014611 0.46792515
v -0.19351577 0.00112989 0.46349050
v -0.19929796 0.00374165 0.46317517
v -0.19471007 0.00513069 0.46470923
v -0.19690688 -0.00162382 0.46224448
v -0.19786153 -0.02831840 0.46473451
v -0.19307316 -0.02903540 0.46683914
v -0.19188043 -0.02705205 0.46254283
v -0.19810360 -0.02578101 0.46243752
v -0.19391706 -0.02354233 0.46410867
v -0.19459168 -0.03037339 0.46104176
v -0.19321820 -0.05765552 0.46006561
v -0.18827295 -0.05787936 0.46190045
v -0.18754689 -0.05563895 0.45762630
v -0.19387084 -0.05509299 0.45787920
v -0.18988235 -0.05243847 0.45942090
v -0.18993949 -0.05920312 0.45614056
v -0.20878808 -0.06060424 0.42755358
v -0.20369921 -0.06079969 0.42894552
v -0.20335422 -0.05866938 0.42456854
v -0.20962972 -0.05809485 0.42537008
v -0.20551617 -0.05541679 0.42648287
v -0.20587439 -0.06226106 0.42339223
v -0.20278399 -0.01730735 0.45555324
v -0.19802640 -0.01843544 0.45754446
v -0.19678701 -0.01682910 0.45310617
v -0.20283486 -0.01488547 0.45312324
v -0.19837031 -0.01303695 0.45453124
v -0.19989726 -0.01990601 0.45188378
v -0.19299291 -0.03899006 0.47661615
v -0.19113608 -0.04048181 0.48132770
v -0.18739677 -0.03780639 0.47969230
v -0.19172776 -0.03604500 0.47539178
v -0.19022827 -0.03451455 0.47994598
v -0.18790688 -0.04054650 0.47610526
v -0.08921895 -0.05676561 0.48736229
v -0.08847935 -0.05289774 0.48384593
v -0.08932843 -0.05667045 0.48086924
v -0.09119844 -0.05936334 0.48631034
v -0.09329295 -0.05660685 0.48265713
v -0.08606503 -0.05852805 0.48342558
v -0.06709985 0.03865947 0.48756445
v -0.06632015 0.04250763 0.48403515
v -0.06713513 0.03871824 0.48107013
v -0.06906716 0.03605576 0.48650457
v -0.07111983 0.03879157 0.48281221
v -0.06390114 0.03687522 0.48367397
v 0.03249194 0.05491998 0.48929866
v 0.03293156 0.05942707 0.48658478
v 0.03179675 0.05632182 0.48299527
v 0.03041160 0.05256236 0.48792504
v 0.02801038 0.05597174 0.48510691
v 0.03526775 0.05402931 0.48482062
v 0.11764872 0.14148118 0.45673897
v 0.11838832 0.14534904 0.45322261
v 0.11753925 0.14157634 0.45024592
v 0.11566924 0.13888345 0.45568703
v 0.11357472 0.14163994 0.45203381
v 0.12080265 0.13971874 0.45280227
v 0.11594409 0.14525321 0.47383291
v 0.11974722 0.14682058 0.47714222
v 0.12015899 0.15019048 0.47363666
v 0.11458001 0.14771699 0.47187274
v 0.11618086 0.15137609 0.47493542
v 0.12033469 0.14646727 0.47104008
v 0.16605442 0.08526402 0.49297874
v 0.17048639 0.08541279 0.49584361
v 0.17178084 0.08818026 0.49203832
v 0.16553124 0.08795942 0.49092102
v 0.16870438 0.09087114 0.49352577
v 0.17026540 0.08454911 0.48976815
v 0.18262220 0.03767094 0.49228168
v 0.18692188 0.03681086 0.49522196
v 0.18890973 0.03899623 0.49133766
v 0.18281915 0.04032162 0.49011185
v 0.18660633 0.04243997 0.49266166
v 0.18653991 0.03577611 0.48918130
v 0.18645025 0.02374230 0.49747190
v 0.19120178 0.02261183 0.49947618
v 0.19245444 0.02422096 0.49504258
v 0.18640697 0.02616586 0.49504342
v 0.19086779 0.02801245 0.49646566
v 0.18934712 0.02114555 0.49380905
v -0.11691597 0.16316898 0.49510391
v -0.11808320 0.15853063 0.49286887
v -0.11344920 0.15775403 0.49418717
v -0.11445777 0.16308206 0.49749615
v -0.11500937 0.15813335 0.49822940
v -0.11288283 0.16166099 0.49193991
v -0.18605183 -0.07626143 0.49138208
v -0.18204171 -0.07671583 0.49478567
v -0.17993257 -0.07408904 0.49125492
v -0.18596465 -0.07349578 0.48935315
v -0.18281383 -0.07104603 0.49241954
v -0.18158562 -0.07746820 0.48870852
v -0.17011304 -0.10617717 0.49360526
v -0.16572885 -0.10553363 0.49647526
v -0.16480079 -0.10254448 0.49273112
v -0.17097538 -0.10352550 0.49160573
v -0.16818799 -0.10029433 0.49427439
v -0.16585245 -0.10628790 0.49038249
v -0.11477178 -0.10957542 0.49358494
v -0.11381126 -0.10552078 0.49034314
v -0.11446784 -0.10911981 0.48711344
v -0.11667936 -0.11210447 0.49226664
v -0.11853813 -0.10914289 0.48864646
v -0.11137308 -0.11112675 0.48976482
v -0.04438547 -0.11310026 0.49381567
v -0.04364699 -0.10924875 0.49028117
v -0.04449705 -0.11303520 0.48732231
v -0.04636530 -0.11570283 0.49277646
v -0.04846100 -0.11296330 0.48911111
v -0.04123283 -0.11488095 0.48988614
v 0.06456620 -0.17378153 0.47737930
v 0.06232286 -0.17818484 0.47552174
v 0.06654767 -0.17996383 0.47719538
v 0.06682952 -0.17423154 0.47991860
v 0.06499195 -0.17877142 0.48107813
v 0.06818566 -0.17659133 0.47463050
v 0.16361109 -0.08817995 0.48592044
v 0.16628738 -0.09119708 0.48932730
v 0.16946595 -0.09097593 0.48563101
v 0.16552786 -0.08637066 0.48372378
v 0.16962856 -0.08674306 0.48661809
v 0.16579376 -0.09229744 0.48330637
v 0.10353626 0.15456303 0.48209738
v 0.10709641 0.15658253 0.48543187
v 0.10707484 0.16000720 0.48195538
v 0.10186814 0.15684554 0.48015301
v 0.10297359 0.16065518 0.48325075
v 0.10773819 0.15636064 0.47932902
v 0.02463495 0.14435062 0.49384093
v 0.02537457 0.14821849 0.49032457
v 0.02452549 0.14444579 0.48734788
v 0.02265548 0.14175290 0.49278899
v 0.02056096 0.14450940 0.48913577
v 0.02778888 0.14258818 0.48990422
v 0.08932160 0.07399142 0.48783515
v 0.09140172 0.07884313 0.48791381
v 0.09163540 0.07784061 0.48314355
v 0.08781715 0.07307387 0.48489103
v 0.08729288 0.07784898 0.48338937
v 0.09367236 0.07410530 0.48473528
v -0.05790951 -0.08052413 0.48788031
v -0.06106857 -0.08259351 0.48419111
v -0.05696922 -0.08511505 0.48338361
v -0.05538574 -0.08256977 0.48898439
v -0.05771260 -0.08672470 0.48735531
v -0.05523262 -0.08091895 0.48327275
v -0.14241062 -0.14857708 0.45038829
v -0.13752760 -0.14696284 0.45158101
v -0.13852934 -0.14406947 0.44778104
v -0.14440099 -0.14625117 0.44883859
v -0.14156069 -0.14240960 0.45042180
v -0.13956399 -0.14807035 0.44589485
v -0.19670930 -0.16832275 0.30091260
v -0.19292550 -0.16729746 0.30444863
v -0.19187456 -0.16398749 0.30102018
v -0.19762286 -0.16568596 0.29891611
v -0.19572809 -0.16229341 0.30211484
v -0.19204601 -0.16768274 0.29838365
v -0.19480380 -0.17052042 0.29475104
v -0.19101999 -0.16949512 0.29828706
v -0.18996906 -0.16618516 0.29485861
v -0.19571735 -0.16788363 0.29275454
v -0.19382258 -0.16449107 0.29595327
v -0.19014051 -0.16988041 0.29222208
v -0.19499759 -0.17030199 0.28974987
v -0.19122128 -0.16927869 0.29329452
v -0.19016311 -0.16596679 0.28987015
v -0.19590694 -0.16766407 0.28775301
v -0.19401893 -0.16427332 0.29095769
v -0.19032898 -0.16966052 0.28723120
v -0.05191603 -0.25343620 0.29111403
v -0.04775747 -0.25067294 0.28939854
v -0.05054049 -0.24708937 0.29119513
v -0.05367138 -0.25201744 0.29369839
v -0.04981983 -0.24905403 0.29500811
v -0.05362457 -0.24908620 0.28852372
v -0.05311396 -0.25319976 0.27702197
v -0.04895539 -0.25043651 0.27530648
v -0.05173841 -0.24685294 0.27710306
v -0.05486930 -0.25178102 0.27960632
v -0.05101775 -0.24881760 0.28091605
v -0.05482250 -0.24884977 0.27443165
v -0.04275053 -0.25524567 0.27748232
v -0.03859197 -0.25248241 0.27576683
v -0.04137499 -0.24889885 0.27756341
v -0.04450587 -0.25382692 0.28006668
v -0.04065432 -0.25086351 0.28137640
v -0.04445907 -0.25089568 0.27489201
v -0.04140446 -0.25551110 0.24374856
v -0.03724591 -0.25274782 0.24203307
v -0.04002895 -0.24916428 0.24382966
v -0.04315980 -0.25409236 0.24633292
v -0.03930828 -0.25112892 0.24764264
v -0.04311302 -0.25116113 0.24115824
v -0.12302149 -0.22779574 0.19768848
v -0.11828577 -0.22621390 0.19597300
v -0.12003679 -0.22202810 0.19776958
v -0.12434559 -0.22596794 0.20027285
v -0.11985399 -0.22411274 0.20158257
v -0.12353520 -0.22315056 0.19509817
v -0.06388309 -0.25107340 0.16209842
v -0.05972452 -0.24831015 0.16038293
v -0.06250755 -0.24472658 0.16217951
v -0.06563843 -0.24965465 0.16468278
v -0.06178688 -0.24669123 0.16599250
v -0.06559163 -0.24672342 0.15950810
v -0.05727733 -0.25237767 0.10132793
v -0.05311876 -0.24961442 0.09961245
v -0.05590177 -0.24603087 0.10140904
v -0.05903266 -0.25095891 0.10391230
v -0.05518111 -0.24799550 0.10522202
v -0.05898586 -0.24802767 0.09873762
v 0.02458961 -0.25755262 0.09044462
v 0.02789993 -0.25381481 0.08872913
v 0.02429059 -0.25106533 0.09052572
v 0.02252901 -0.25663175 0.09302899
v 0.02549123 -0.25277927 0.09433871
v 0.02182212 -0.25378663 0.08785431
v 0.11693692 -0.23063379 0.10451496
v 0.11855664 -0.22591088 0.10279947
v 0.11416783 -0.22475959 0.10459606
v 0.11468066 -0.23057553 0.10709931
v 0.11593493 -0.22588052 0.10840905
v 0.11293470 -0.22822055 0.10192464
v 0.14893778 -0.21147379 0.19344637
v 0.14993575 -0.20658162 0.19173089
v 0.14543521 -0.20600514 0.19352748
v 0.14669282 -0.21170661 0.19603073
v 0.14733197 -0.20688916 0.19734046
v 0.14465810 -0.20959610 0.19085606
v 0.13424761 -0.22127104 0.24401309
v 0.13524555 -0.21637886 0.24229760
v 0.13074502 -0.21580241 0.24409418
v 0.13200264 -0.22150386 0.24659745
v 0.13264177 -0.21668641 0.24790717
v 0.12996791 -0.21939335 0.24142277
v 0.15088999 -0.21017208 0.01704790
v 0.15188792 -0.20527990 0.01533242
v 0.14738740 -0.20470346 0.01712900
v 0.14864502 -0.21040491 0.01963226
v 0.14928415 -0.20558746 0.02094199
v 0.14661028 -0.20829440 0.01445759
v 0.17684049 -0.18782836 0.12834232
v 0.17719416 -0.18284797 0.12662683
v 0.17265687 -0.18286132 0.12842341
v 0.17464482 -0.18835097 0.13092668
v 0.17465244 -0.18349131 0.13223640
v 0.17235306 -0.18652280 0.12575200
v 0.20916687 -0.15247811 0.15712447
v 0.20820815 -0.14757809 0.15540898
v 0.20383167 -0.14877544 0.15720556
v 0.20718377 -0.15355577 0.15970882
v 0.20592250 -0.14886265 0.16101855
v 0.20449423 -0.15238928 0.15453415
v 0.19005677 -0.17556074 0.17905646
v 0.18974303 -0.17057768 0.17734098
v 0.18524807 -0.17119604 0.17913756
v 0.18795041 -0.17637152 0.18164082
v 0.18730982 -0.17155427 0.18295055
v 0.18543530 -0.17486535 0.17646615
v 0.17511262 -0.19042832 0.21868531
v 0.17546626 -0.18544795 0.21696982
v 0.17092899 -0.18546130 0.21876640
v 0.17291695 -0.19095095 0.22126967
v 0.17292455 -0.18609131 0.22257939
v 0.17062517 -0.18912280 0.21609499
v 0.19067850 -0.17484999 0.00574067
v 0.19045154 -0.16976764 0.00715153
v 0.18586499 -0.17049077 0.00564971
v 0.18843354 -0.17581927 0.00333364
v 0.18771282 -0.17109363 0.00175868
v 0.18620651 -0.17398365 0.00853388
v 0.19134733 -0.17408498 -0.03663267
v 0.19103357 -0.16910192 -0.03834817
v 0.18653861 -0.16972030 -0.03655157
v 0.18924098 -0.17489577 -0.03404831
v 0.18860037 -0.17007852 -0.03273860
v 0.18672586 -0.17338960 -0.03922298
v 0.16694928 -0.19756667 -0.20035066
v 0.16730295 -0.19258628 -0.20206616
v 0.16276566 -0.19259963 -0.20026956
v 0.16475362 -0.19808928 -0.19776629
v 0.16476123 -0.19322963 -0.19645658
v 0.16246185 -0.19626112 -0.20294096
v 0.16389966 -0.20023342 -0.27356376
v 0.16425333 -0.19525303 -0.27527925
v 0.15971604 -0.19526638 -0.27348266
v 0.16170400 -0.20075602 -0.27097939
v 0.16171161 -0.19589638 -0.26966967
v 0.15941223 -0.19892787 -0.27615408
v 0.19800598 -0.16647028 -0.30992134
v 0.19769224 -0.16148722 -0.31163683
v 0.19319726 -0.16210560 -0.30984024
v 0.19589964 -0.16728106 -0.30733697
v 0.19525903 -0.16246381 -0.30602725
v 0.19338451 -0.16577489 -0.31251165
v 0.16986604 -0.19501620 -0.33253617
v 0.17021971 -0.19003582 -0.33425167
v 0.16568242 -0.19004915 -0.33245508
v 0.16767037 -0.19553881 -0.32995181
v 0.16767799 -0.19067916 -0.32864210
v 0.16537861 -0.19371064 -0.33512649
v 0.21342351 -0.14609511 -0.34129786
v 0.21246476 -0.14119511 -0.34301335
v 0.20808829 -0.14239248 -0.34121676
v 0.21144042 -0.14717280 -0.33871350
v 0.21017912 -0.14247967 -0.33740378
v 0.20875086 -0.14600631 -0.34388817
v 0.25444058 -0.04714239 -0.25715091
v 0.25065854 -0.04814435 -0.26069555
v 0.24808619 -0.04580525 -0.25727116
v 0.25390912 -0.04440322 -0.25515403
v 0.25057869 -0.04241074 -0.25835869
v 0.25007672 -0.04892118 -0.25463222
v 0.25651145 -0.03665271 -0.16332073
v 0.25272944 -0.03765468 -0.16686537
v 0.25015707 -0.03531558 -0.16344097
v 0.25598002 -0.03391355 -0.16132385
v 0.25264958 -0.03192107 -0.16452850
v 0.25214761 -0.03843151 -0.16080203
v 0.25893973 0.00614142 -0.11998614
v 0.25554139 0.00420259 -0.12353077
v 0.25245498 0.00580334 -0.12010638
v 0.25772322 0.00865252 -0.11798925
v 0.25399305 0.00972375 -0.12119391
v 0.25517837 0.00330247 -0.11746744
v 0.25327241 0.05372455 -0.09470339
v 0.25015489 0.05136049 -0.09824802
v 0.24688661 0.05254654 -0.09482364
v 0.25173987 0.05605624 -0.09270650
v 0.24790211 0.05663359 -0.09591117
v 0.24991193 0.05042083 -0.09218470
v 0.24457844 0.08502332 -0.04077595
v 0.24180408 0.08226458 -0.04432058
v 0.23840680 0.08300412 -0.04089620
v 0.24274859 0.08712979 -0.03877906
v 0.23886812 0.08719011 -0.04198373
v 0.24168861 0.08130091 -0.03825726
v 0.25892035 0.00643931 0.02501086
v 0.25552202 0.00450047 0.02146620
v 0.25243561 0.00610123 0.02489058
v 0.25770386 0.00895041 0.02700770
v 0.25397367 0.01002164 0.02380304
v 0.25515900 0.00360036 0.02752953
v 0.25736931 -0.02976074 0.09143856
v 0.25374959 -0.03124575 0.08789390
v 0.25089503 -0.02926081 0.09131828
v 0.25648638 -0.02711388 0.09343539
v 0.25292522 -0.02557114 0.09023074
v 0.25327365 -0.03209161 0.09395722
v 0.25065617 -0.06631238 0.14607719
v 0.24686237 -0.06737404 0.14959172
v 0.24430137 -0.06497728 0.14619880
v 0.25013131 -0.06353980 0.14412516
v 0.24679014 -0.06160172 0.14735189
v 0.24630081 -0.06804820 0.14351420
v 0.25890388 0.00669583 0.16542378
v 0.25550556 0.00475700 0.16187912
v 0.25241915 0.00635776 0.16530350
v 0.25768740 0.00920694 0.16742061
v 0.25395721 0.01027817 0.16421596
v 0.25514254 0.00385688 0.16794244
v 0.25562266 -0.04115445 0.25075388
v 0.25184063 -0.04215641 0.24720923
v 0.24926828 -0.03981732 0.25063361
v 0.25509121 -0.03841528 0.25275072
v 0.25176077 -0.03642281 0.24954606
v 0.25125880 -0.04293324 0.25327255
v 0.25715866 0.03331471 0.30580839
v 0.25376721 0.03137771 0.30225621
v 0.25067418 0.03297669 0.30567548
v 0.25593831 0.03582477 0.30780425
v 0.25221434 0.03689766 0.30459291
v 0.25339247 0.03047445 0.30831836
v 0.25535822 -0.04215455 0.32718263
v 0.25158368 -0.04315451 0.32362943
v 0.24900409 -0.04081736 0.32704972
v 0.25482254 -0.03941652 0.32917994
v 0.25149888 -0.03742222 0.32596935
v 0.25098905 -0.04393478 0.32969107
v 0.25318473 0.05359454 0.33439739
v 0.25011922 0.05124439 0.33079855
v 0.24680139 0.05241714 0.33417960
v 0.25162321 0.05591847 0.33638084
v 0.24783248 0.05650839 0.33312292
v 0.24978807 0.05028109 0.33685401
v 0.24759345 0.03413703 0.37339679
v 0.24647883 0.03228117 0.36858168
v 0.24198354 0.03311595 0.37028763
v 0.24524775 0.03624386 0.37475033
v 0.24323362 0.03728179 0.37025616
v 0.24357976 0.03062607 0.37373551
v -0.00260399 0.25962091 0.31456707
v -0.00591456 0.25588651 0.31284471
v -0.00230499 0.25313350 0.31463548
v -0.00054306 0.25869499 0.31714939
v -0.00350514 0.25483998 0.31845192
v 0.00016315 0.25586000 0.31196906
v -0.03188720 0.25776839 0.24039323
v -0.03519752 0.25403058 0.23867775
v -0.03158817 0.25128111 0.24047433
v -0.02982660 0.25684751 0.24297759
v -0.03278880 0.25299505 0.24428731
v -0.02911971 0.25400241 0.23780292
v -0.01032763 0.25916266 0.20030134
v -0.01363796 0.25542486 0.19858586
v -0.01002860 0.25267538 0.20038245
v -0.00826702 0.25824178 0.20288570
v -0.01122924 0.25438932 0.20419543
v -0.00756014 0.25539668 0.19771103
v -0.02490667 0.25821989 0.11776589
v -0.02821699 0.25448210 0.11605040
v -0.02460764 0.25173262 0.11784699
v -0.02284606 0.25729905 0.12035024
v -0.02580827 0.25344657 0.12165998
v -0.02213918 0.25445393 0.11517557
v -0.07407732 0.24876048 0.13390148
v -0.07629713 0.24428815 0.13218599
v -0.07209517 0.24257621 0.13398257
v -0.07184778 0.24840947 0.13648583
v -0.07370161 0.24391732 0.13779556
v -0.07042269 0.24584754 0.13131117
v -0.08452628 0.24519674 0.21377495
v -0.08674610 0.24072443 0.21205946
v -0.08254415 0.23901247 0.21385604
v -0.08229674 0.24484574 0.21635930
v -0.08415058 0.24035358 0.21766903
v -0.08087166 0.24228380 0.21118463
v -0.08850561 0.24382007 0.30307170
v -0.09072653 0.23935095 0.30134934
v -0.08652346 0.23763565 0.30314011
v -0.08627443 0.24346426 0.30565404
v -0.08812747 0.23896968 0.30695656
v -0.08485265 0.24091194 0.30047369
v -0.01850331 0.25863384 -0.13050227
v -0.02181364 0.25489603 -0.13221777
v -0.01820428 0.25214656 -0.13042118
v -0.01644270 0.25771297 -0.12791792
v -0.01940492 0.25386050 -0.12660820
v -0.01573582 0.25486786 -0.13309259
v 0.02136132 0.25842712 -0.11955041
v 0.01759715 0.25514683 -0.12126591
v 0.02082232 0.25195536 -0.11946930
v 0.02328617 0.25724853 -0.11696604
v 0.01985243 0.25380968 -0.11565633
v 0.02362071 0.25433608 -0.12214072
v 0.04743378 0.25491898 -0.03532764
v 0.04327520 0.25215573 -0.03704314
v 0.04605823 0.24857216 -0.03524655
v 0.04918912 0.25350022 -0.03274329
v 0.04533756 0.25053682 -0.03143357
v 0.04914230 0.25056899 -0.03791795
v 0.01611547 0.25876589 0.02863310
v 0.01235129 0.25548560 0.02691761
v 0.01557646 0.25229414 0.02871420
v 0.01804031 0.25758731 0.03121745
v 0.01460658 0.25414844 0.03252719
v 0.01837486 0.25467484 0.02604278
v 0.05320873 0.25377879 0.10925977
v 0.04905016 0.25101554 0.10754428
v 0.05183319 0.24743197 0.10934086
v 0.05496407 0.25236004 0.11184413
v 0.05111252 0.24939662 0.11315385
v 0.05491726 0.24942879 0.10666946
v -0.01104149 0.25911640 0.08928196
v -0.01435183 0.25537864 0.08756647
v -0.01074249 0.25262913 0.08936306
v -0.00898089 0.25819554 0.09186632
v -0.01194312 0.25434309 0.09317605
v -0.00827402 0.25535043 0.08669164
v -0.09317630 0.24224657 0.01878558
v -0.09539611 0.23777423 0.01707010
v -0.09119416 0.23606229 0.01886668
v -0.09094677 0.24189556 0.02136994
v -0.09280060 0.23740339 0.02267967
v -0.08952168 0.23933363 0.01619527
v -0.08978324 0.24340389 -0.05702303
v -0.09200303 0.23893155 -0.05873852
v -0.08780109 0.23721962 -0.05694193
v -0.08755370 0.24305288 -0.05443866
v -0.08940751 0.23856072 -0.05312895
v -0.08612861 0.24049096 -0.05961333
v -0.13785379 0.21975979 0.15175521
v -0.13885175 0.21486762 0.15003973
v -0.13435123 0.21429113 0.15183631
v -0.13560882 0.21999259 0.15433957
v -0.13624797 0.21517515 0.15564930
v -0.13357409 0.21788208 0.14916490
v -0.15391783 0.20904669 0.21489679
v -0.15491581 0.20415451 0.21318130
v -0.15041528 0.20357803 0.21497788
v -0.15167287 0.20927949 0.21748114
v -0.15231203 0.20446205 0.21879087
v -0.14963815 0.20716897 0.21230647
v -0.15295495 0.20968852 0.24798932
v -0.15395289 0.20479635 0.24627384
v -0.14945236 0.20421989 0.24807042
v -0.15070998 0.20992135 0.25057368
v -0.15134912 0.20510389 0.25188341
v -0.14867524 0.20781084 0.24539901
v -0.12788299 0.22605867 0.04296175
v -0.12950271 0.22133576 0.04124626
v -0.12511390 0.22018446 0.04304284
v -0.12562674 0.22600040 0.04554611
v -0.12688101 0.22130540 0.04685583
v -0.12388077 0.22364542 0.04037143
v -0.12862925 0.22569001 0.02995100
v -0.13024898 0.22096711 0.02823551
v -0.12586017 0.21981581 0.03003210
v -0.12637300 0.22563174 0.03253537
v -0.12762728 0.22093674 0.03384509
v -0.12462703 0.22327677 0.02736068
v -0.13469406 0.22186698 -0.00264188
v -0.13569201 0.21697482 -0.00435739
v -0.13119148 0.21639833 -0.00256078
v -0.13244909 0.22209979 -0.00005751
v -0.13308824 0.21728235 0.00125220
v -0.13041437 0.21998929 -0.00523219
v -0.14278995 0.21646755 0.02772807
v -0.14378791 0.21157538 0.02601259
v -0.13928737 0.21099891 0.02780917
v -0.14054498 0.21670036 0.03031243
v -0.14118413 0.21188292 0.03162216
v -0.13851025 0.21458986 0.02513776
v -0.14742581 0.21337584 -0.03515605
v -0.14842377 0.20848368 -0.03687155
v -0.14392324 0.20790720 -0.03507495
v -0.14518086 0.21360866 -0.03257168
v -0.14582000 0.20879121 -0.03126197
v -0.14314613 0.21149815 -0.03774636
v -0.14728967 0.21346704 -0.05317909
v -0.14828764 0.20857488 -0.05489459
v -0.14378710 0.20799839 -0.05309799
v -0.14504472 0.21369986 -0.05059472
v -0.14568386 0.20888241 -0.04928501
v -0.14300999 0.21158935 -0.05576940
v -0.14965566 0.21188897 -0.09093229
v -0.15065362 0.20699680 -0.09264779
v -0.14615308 0.20642032 -0.09085119
v -0.14741069 0.21212179 -0.08834792
v -0.14804984 0.20730433 -0.08703821
v -0.14537597 0.21001128 -0.09352260
v -0.13865919 0.21922265 -0.12095545
v -0.13967644 0.21431761 -0.11928873
v -0.13515567 0.21375462 -0.12103819
v -0.13638489 0.21947501 -0.12351219
v -0.13700884 0.21466771 -0.12486572
v -0.13440924 0.21732512 -0.11833085
v -0.13131243 0.22412225 -0.06355512
v -0.13231036 0.21923008 -0.06527062
v -0.12780983 0.21865361 -0.06347403
v -0.12906745 0.22435506 -0.06097076
v -0.12970660 0.21953763 -0.05966105
v -0.12703272 0.22224456 -0.06614543
v -0.12208374 0.22892499 -0.01852398
v -0.12370344 0.22420208 -0.02023948
v -0.11931464 0.22305078 -0.01844288
v -0.11982749 0.22886673 -0.01593961
v -0.12108175 0.22417172 -0.01462990
v -0.11808152 0.22651174 -0.02111429
v -0.11546009 0.23219841 0.03754147
v -0.11707981 0.22747550 0.03582599
v -0.11269101 0.22632420 0.03762258
v -0.11320385 0.23214014 0.04012584
v -0.11445811 0.22744514 0.04143556
v -0.11145787 0.22978516 0.03495117
v -0.11042080 0.23468904 0.10084275
v -0.10564672 0.23312618 0.09921862
v -0.10743800 0.22892047 0.10092690
v -0.11180367 0.23283221 0.10337508
v -0.10734309 0.23096167 0.10476647
v -0.11087427 0.23007363 0.09818877
v -0.11042260 0.23468816 0.10092280
v -0.10564852 0.23312529 0.09929868
v -0.10743980 0.22891959 0.10100695
v -0.11180547 0.23283132 0.10345515
v -0.10734489 0.23096078 0.10484653
v -0.11087607 0.23007275 0.09826884
v -0.11042445 0.23468724 0.10100287
v -0.10565046 0.23312433 0.09937852
v -0.10744164 0.22891867 0.10108702
v -0.11180717 0.23283049 0.10353538
v -0.10734651 0.23095999 0.10492653
v -0.11087808 0.23007177 0.09834903
v -0.11042630 0.23468637 0.10108269
v -0.10565217 0.23312351 0.09945870
v -0.10744350 0.22891779 0.10116683
v -0.11180926 0.23282949 0.10361493
v -0.10734873 0.23095893 0.10500646
v -0.11087969 0.23007101 0.09842858
v -0.11042814 0.23468542 0.10116274
v -0.10565405 0.23312257 0.09953862
v -0.10744534 0.22891685 0.10124689
v -0.11181100 0.23282859 0.10369508
v -0.10735043 0.23095806 0.10508647
v -0.11088161 0.23007002 0.09850878
v -0.11042995 0.23468454 0.10124257
v -0.10565586 0.23312168 0.09961844
v -0.10744714 0.22891597 0.10132671
v -0.11181282 0.23282771 0.10377490
v -0.10735224 0.23095717 0.10516629
v -0.11088341 0.23006913 0.09858859
v -0.11043181 0.23468361 0.10132262
v -0.10565783 0.23312070 0.09969828
v -0.10744901 0.22891504 0.10140677
v -0.11181453 0.23282686 0.10385513
v -0.10735387 0.23095636 0.10524629
v -0.11088544 0.23006813 0.09866879
v -0.11043363 0.23468273 0.10140245
v -0.10565955 0.23311986 0.09977832
v -0.10745083 0.22891416 0.10148659
v -0.11181650 0.23282589 0.10393478
v -0.10735592 0.23095536 0.10532617
v -0.11088710 0.23006731 0.09874847
v -0.11043545 0.23468184 0.10148250
v -0.10566136 0.23311898 0.09985839
v -0.10745265 0.22891327 0.10156665
v -0.11181831 0.23282501 0.10401484
v -0.10735773 0.23095448 0.10540623
v -0.11088891 0.23006643 0.09882854
v -0.11043736 0.23468093 0.10156257
v -0.10566331 0.23311803 0.09993835
v -0.10745455 0.22891236 0.10164672
v -0.11182016 0.23282413 0.10409497
v -0.10735954 0.23095360 0.10548628
v -0.11089090 0.23006549 0.09890865
v -0.11043914 0.23467998 0.10164238
v -0.10566505 0.23311711 0.10001826
v -0.10745633 0.22891141 0.10172653
v -0.11182201 0.23282315 0.10417472
v -0.10736143 0.23095261 0.10556611
v -0.11089261 0.23006457 0.09898841
v -0.11044099 0.23467908 0.10172244
v -0.10566690 0.23311622 0.10009832
v -0.10745818 0.22891051 0.10180660
v -0.11182385 0.23282225 0.10425478
v -0.10736328 0.23095171 0.10564617
v -0.11089445 0.23006367 0.09906848
v -0.11044282 0.23467819 0.10180226
v -0.10566882 0.23311529 0.10017798
v -0.10746003 0.22890961 0.10188641
v -0.11182559 0.23282142 0.10433471
v -0.10736496 0.23095090 0.10572596
v -0.11089642 0.23006274 0.09914839
v -0.11044463 0.23467728 0.10188232
v -0.10567058 0.23311439 0.10025813
v -0.10746184 0.22890871 0.10196647
v -0.11182745 0.23282048 0.10441472
v -0.10736685 0.23094994 0.10580604
v -0.11089815 0.23006186 0.09922839
v -0.11044650 0.23467636 0.10196214
v -0.10567237 0.23311351 0.10033815
v -0.10746370 0.22890777 0.10204629
v -0.11182945 0.23281948 0.10449440
v -0.10736893 0.23094891 0.10588592
v -0.11089989 0.23006100 0.09930804
v -0.11044836 0.23467550 0.10204220
v -0.10567427 0.23311263 0.10041808
v -0.10746555 0.22890693 0.10212635
v -0.11183122 0.23281866 0.10457454
v -0.10737064 0.23094813 0.10596593
v -0.11090182 0.23006008 0.09938824
v -0.11045017 0.23467458 0.10212227
v -0.10567618 0.23311166 0.10049792
v -0.10746736 0.22890601 0.10220642
v -0.11183289 0.23281782 0.10465477
v -0.10737224 0.23094733 0.10604593
v -0.11090380 0.23005910 0.09946843
v -0.11045201 0.23467363 0.10220208
v -0.10567792 0.23311077 0.10057796
v -0.10746920 0.22890506 0.10228623
v -0.11183487 0.23281680 0.10473442
v -0.10737430 0.23094627 0.10612581
v -0.11090548 0.23005823 0.09954811
v -0.11045385 0.23467274 0.10228215
v -0.10567976 0.23310988 0.10065802
v -0.10747104 0.22890418 0.10236630
v -0.11183671 0.23281592 0.10481448
v -0.10737614 0.23094538 0.10620587
v -0.11090731 0.23005734 0.09962818
v -0.11045572 0.23467188 0.10236196
v -0.10568174 0.23310896 0.10073761
v -0.10747291 0.22890331 0.10244611
v -0.11183844 0.23281512 0.10489447
v -0.10737778 0.23094463 0.10628563
v -0.11090936 0.23005640 0.09970813
v -0.11045751 0.23467096 0.10244202
v -0.10568337 0.23310811 0.10081803
v -0.10747471 0.22890238 0.10252617
v -0.11184046 0.23281408 0.10497427
v -0.10737993 0.23094351 0.10636581
v -0.11091090 0.23005560 0.09978792
v -0.11045935 0.23467003 0.10252184
v -0.10568527 0.23310717 0.10089772
v -0.10747655 0.22890146 0.10260599
v -0.11184222 0.23281320 0.10505418
v -0.10738164 0.23094267 0.10644556
v -0.11091282 0.23005462 0.09986788
v -0.11046118 0.23466913 0.10260190
v -0.10568717 0.23310622 0.10097763
v -0.10747838 0.22890054 0.10268605
v -0.11184394 0.23281236 0.10513435
v -0.10738332 0.23094184 0.10652560
v -0.11091477 0.23005367 0.09994802
v -0.11046301 0.23466822 0.10268197
v -0.10568896 0.23310533 0.10105777
v -0.10748022 0.22889965 0.10276612
v -0.11184583 0.23281142 0.10521436
v -0.10738524 0.23094088 0.10660569
v -0.11091654 0.23005280 0.10002802
v -0.11046487 0.23466735 0.10276178
v -0.10569078 0.23310448 0.10113766
v -0.10748206 0.22889878 0.10284593
v -0.11184774 0.23281052 0.10529411
v -0.10738716 0.23093998 0.10668551
v -0.11091834 0.23005194 0.10010782
v -0.11046668 0.23466642 0.10284185
v -0.10569254 0.23310356 0.10121785
v -0.10748388 0.22889783 0.10292600
v -0.11184963 0.23280953 0.10537409
v -0.10738910 0.23093897 0.10676563
v -0.11092006 0.23005105 0.10018774
v -0.11046854 0.23466551 0.10292166
v -0.10569455 0.23310260 0.10129731
v -0.10748574 0.22889694 0.10300581
v -0.11185126 0.23280876 0.10545417
v -0.10739060 0.23093827 0.10684533
v -0.11092216 0.23005004 0.10026783
v -0.11047039 0.23466463 0.10300172
v -0.10569631 0.23310177 0.10137760
v -0.10748758 0.22889607 0.10308588
v -0.11185326 0.23280781 0.10553406
v -0.10739268 0.23093726 0.10692545
v -0.11092386 0.23004922 0.10034775
v -0.11047225 0.23466373 0.10308154
v -0.10569816 0.23310087 0.10145742
v -0.10748944 0.22889516 0.10316569
v -0.11185511 0.23280690 0.10561388
v -0.10739453 0.23093637 0.10700527
v -0.11092571 0.23004833 0.10042758
v -0.11047404 0.23466280 0.10316160
v -0.10570003 0.23309990 0.10153732
v -0.10749124 0.22889422 0.10324575
v -0.11185681 0.23280603 0.10569405
v -0.10739618 0.23093551 0.10708530
v -0.11092763 0.23004734 0.10050772
v -0.11047588 0.23466187 0.10324166
v -0.10570177 0.23309900 0.10161760
v -0.10749309 0.22889327 0.10332581
v -0.11185879 0.23280501 0.10577399
v -0.10739824 0.23093445 0.10716543
v -0.11092933 0.23004648 0.10058762
v -0.11047773 0.23466099 0.10332148
v -0.10570363 0.23309812 0.10169736
v -0.10749492 0.22889242 0.10340563
v -0.11186059 0.23280415 0.10585381
v -0.10740001 0.23093361 0.10724521
v -0.11093119 0.23004557 0.10066751
v -0.11047957 0.23466008 0.10340154
v -0.10570557 0.23309718 0.10177726
v -0.10749678 0.22889150 0.10348569
v -0.11186234 0.23280332 0.10593400
v -0.10740171 0.23093280 0.10732524
v -0.11093317 0.23004463 0.10074766
v -0.11048139 0.23465917 0.10348136
v -0.10570734 0.23309628 0.10185716
v -0.10749860 0.22889059 0.10356551
v -0.11186421 0.23280237 0.10601376
v -0.10740362 0.23093183 0.10740508
v -0.11093492 0.23004375 0.10082742
v -0.11048326 0.23465827 0.10356143
v -0.10570917 0.23309541 0.10193730
v -0.10750045 0.22888970 0.10364557
v -0.11186612 0.23280144 0.10609376
v -0.10740555 0.23093090 0.10748515
v -0.11093673 0.23004286 0.10090745
v -0.11048508 0.23465737 0.10364124
v -0.10571099 0.23309451 0.10201712
v -0.10750227 0.22888880 0.10372539
v -0.11186794 0.23280054 0.10617358
v -0.10740736 0.23093001 0.10756496
v -0.11093854 0.23004196 0.10098727
v -0.11048692 0.23465644 0.10372130
v -0.10571285 0.23309356 0.10209715
v -0.10750412 0.22888787 0.10380545
v -0.11186977 0.23279963 0.10625366
v -0.10740918 0.23092909 0.10764503
v -0.11094041 0.23004103 0.10106733
v -0.11048873 0.23465551 0.10380136
v -0.10571468 0.23309262 0.10217716
v -0.10750594 0.22888692 0.10388551
v -0.11187155 0.23279871 0.10633375
v -0.10741096 0.23092818 0.10772508
v -0.11094226 0.23004009 0.10114742
v -0.11049058 0.23465462 0.10388118
v -0.10571650 0.23309176 0.10225706
v -0.10750778 0.22888605 0.10396533
v -0.11187345 0.23279779 0.10641351
v -0.10741287 0.23092726 0.10780491
v -0.11094405 0.23003922 0.10122721
v -0.11049243 0.23465376 0.10396124
v -0.10571842 0.23309085 0.10233696
v -0.10750963 0.22888517 0.10404539
v -0.11187520 0.23279698 0.10649370
v -0.10741457 0.23092646 0.10788494
v -0.11094603 0.23003830 0.10130736
v -0.11049428 0.23465284 0.10404106
v -0.10572023 0.23308995 0.10241686
v -0.10751149 0.22888427 0.10412520
v -0.11187710 0.23279604 0.10657346
v -0.10741651 0.23092550 0.10796479
v -0.11094781 0.23003742 0.10138712
v -0.11049608 0.23465196 0.10412112
v -0.10572194 0.23308910 0.10249713
v -0.10751328 0.22888337 0.10420527
v -0.11187903 0.23279507 0.10665338
v -0.10741851 0.23092451 0.10804490
v -0.11094947 0.23003659 0.10146702
v -0.11049793 0.23465099 0.10420094
v -0.10572392 0.23308809 0.10257666
v -0.10751513 0.22888241 0.10428509
v -0.11188069 0.23279423 0.10673338
v -0.10742006 0.23092370 0.10812463
v -0.11095152 0.23003553 0.10154706
v -0.11049974 0.23465013 0.10428100
v -0.10572565 0.23308726 0.10265688
v -0.10751693 0.22888156 0.10436515
v -0.11188260 0.23279329 0.10681333
v -0.10742202 0.23092276 0.10820472
v -0.11095320 0.23003471 0.10162703
v -0.11050161 0.23464922 0.10436106
v -0.10572756 0.23308633 0.10273686
v -0.10751882 0.22888064 0.10444521
v -0.11188444 0.23279242 0.10689346
v -0.10742384 0.23092189 0.10828478
v -0.11095514 0.23003381 0.10170712
v -0.11050344 0.23464831 0.10444088
v -0.10572936 0.23308544 0.10281675
v -0.10752064 0.22887974 0.10452503
v -0.11188631 0.23279148 0.10697321
v -0.10742573 0.23092094 0.10836460
v -0.11095691 0.23003290 0.10178691
v -0.11050528 0.23464741 0.10452094
v -0.10573128 0.23308450 0.10289666
v -0.10752248 0.22887882 0.10460509
v -0.11188804 0.23279064 0.10705339
v -0.10742742 0.23092012 0.10844464
v -0.11095888 0.23003195 0.10186706
v -0.11050712 0.23464649 0.10460075
v -0.10573302 0.23308362 0.10297670
v -0.10752434 0.22887789 0.10468491
v -0.11189003 0.23278963 0.10713309
v -0.10742948 0.23091908 0.10852452
v -0.11096057 0.23003110 0.10194671
v -0.11541571 0.23222062 0.16974436
v -0.11177203 0.23009905 0.17292159
v -0.11259090 0.22637395 0.16987727
v -0.11755130 0.22999176 0.16824620
v -0.11656951 0.22640188 0.17163448
v -0.11179447 0.22961906 0.16679990
v -0.12843311 0.22578695 0.24519400
v -0.13005282 0.22106404 0.24347851
v -0.12566401 0.21991275 0.24527510
v -0.12617687 0.22572868 0.24777836
v -0.12743112 0.22103368 0.24908808
v -0.12443089 0.22337370 0.24260368
v -0.13182935 0.22377773 0.28176628
v -0.13282734 0.21888558 0.28005079
v -0.12832682 0.21830906 0.28184739
v -0.12958439 0.22401053 0.28435065
v -0.13022356 0.21919309 0.28566037
v -0.12754966 0.22190000 0.27917598
v -0.12124291 0.22925721 0.33166687
v -0.12286416 0.22453734 0.32994450
v -0.11847380 0.22338284 0.33173528
v -0.11898441 0.22919438 0.33424921
v -0.12023759 0.22449708 0.33555174
v -0.11724296 0.22684849 0.32906886
v 0.09920955 0.22991961 0.37287492
v 0.09500237 0.22940719 0.36972700
v 0.09653476 0.22477899 0.36994230
v 0.10005670 0.22712678 0.37467920
v 0.09548031 0.22509999 0.37414982
v 0.10045231 0.22674953 0.36875698
v 0.07370494 0.22000681 0.40245031
v 0.07546667 0.21503002 0.40244914
v 0.07189246 0.21472061 0.39914099
v 0.07042106 0.22041440 0.40154308
v 0.06930186 0.21560576 0.40252078
v 0.07412797 0.21827723 0.39741235
v 0.03557315 0.21535124 0.42616861
v 0.03165508 0.21380621 0.42298525
v 0.03434197 0.20973567 0.42314696
v 0.03711465 0.21284934 0.42793988
v 0.03322771 0.20970661 0.42735123
v 0.03761272 0.21267808 0.42201584
v 0.10396369 0.18250703 0.44242106
v 0.09973241 0.18194585 0.43931406
v 0.10126669 0.17732147 0.43958967
v 0.10482489 0.17974263 0.44426211
v 0.10024468 0.17770810 0.44379970
v 0.10517487 0.17927306 0.43834362
v 0.13252313 0.16235797 0.44276047
v 0.13331084 0.15921610 0.43859146
v 0.12870868 0.15806135 0.43973228
v 0.12926393 0.16326260 0.44333690
v 0.12787605 0.16218319 0.43862092
v 0.13059936 0.15748745 0.44382268
v 0.15290497 0.13749741 0.45082905
v 0.15307150 0.13445798 0.44651553
v 0.14847714 0.13369873 0.44797509
v 0.14980081 0.13868210 0.45168567
v 0.14796698 0.13792033 0.44706091
v 0.15060324 0.13279247 0.45188582
v 0.14513569 0.16001771 0.42988044
v 0.14603749 0.15692859 0.42569517
v 0.14139065 0.15579672 0.42666504
v 0.14186635 0.16094160 0.43036080
v 0.14062857 0.15994075 0.42558608
v 0.14313869 0.15514907 0.43080755
v 0.11990608 0.18888410 0.41608415
v 0.12145594 0.18577142 0.41211156
v 0.11682894 0.18431473 0.41264431
v 0.11654609 0.18956908 0.41620325
v 0.11588180 0.18836170 0.41136252
v 0.11818453 0.18390216 0.41696024
v 0.09543510 0.20104326 0.41809618
v 0.09130631 0.20068945 0.41482508
v 0.09283577 0.19605534 0.41484893
v 0.09623966 0.19816424 0.41978051
v 0.09167876 0.19616881 0.41904013
v 0.09677990 0.19807964 0.41385831
v 0.16707537 0.16155180 0.40202559
v 0.16770148 0.15870991 0.39762062
v 0.16294883 0.15800754 0.39847731
v 0.16391559 0.16277846 0.40255872
v 0.16264222 0.16227873 0.39771512
v 0.16456410 0.15686652 0.40256680
v -0.21471066 -0.09693631 0.39650231
v -0.20952889 -0.09669357 0.39748326
v -0.20973869 -0.09440311 0.39317927
v -0.21595412 -0.09445008 0.39449096
v -0.21202658 -0.09143154 0.39538227
v -0.21200629 -0.09817805 0.39206435
v -0.20877534 -0.11986954 0.38877594
v -0.20359030 -0.11962731 0.38973970
v -0.20381347 -0.11734142 0.38543392
v -0.21002460 -0.11738509 0.38676600
v -0.20609326 -0.11436679 0.38764120
v -0.20608585 -0.12111687 0.38433049
v -0.18750692 -0.15280709 0.38634645
v -0.18238375 -0.15172188 0.38701547
v -0.18334347 -0.14910252 0.38301138
v -0.18932603 -0.15040586 0.38470389
v -0.18592465 -0.14682386 0.38566904
v -0.18500267 -0.15310116 0.38163544
v -0.14563706 -0.18841800 0.39269945
v -0.14059760 -0.18691687 0.39317134
v -0.14199457 -0.18419768 0.38936749
v -0.14774233 -0.18610920 0.39128159
v -0.14461458 -0.18229174 0.39226936
v -0.14337555 -0.18825462 0.38786104
v -0.09357000 -0.18356120 0.44921562
v -0.08929869 -0.18291902 0.44617990
v -0.09083722 -0.17830325 0.44655735
v -0.09445559 -0.18084616 0.45111756
v -0.08987009 -0.17880093 0.45076863
v -0.09472850 -0.18022063 0.44520943
v -0.11402873 -0.17091621 0.45050093
v -0.10926038 -0.16888135 0.45149810
v -0.11075620 -0.16594728 0.44789692
v -0.11632003 -0.16873517 0.44917205
v -0.11377116 -0.16470167 0.45077380
v -0.11151350 -0.16994990 0.44588672
v -0.16420958 -0.11833512 0.45792616
v -0.15924188 -0.11762782 0.45956741
v -0.15923556 -0.11494028 0.45549410
v -0.16550804 -0.11580536 0.45600589
v -0.16210412 -0.11248257 0.45765025
v -0.16088533 -0.11880531 0.45376926
v -0.02054698 -0.20119505 0.45767371
v -0.01684457 -0.19886975 0.45471444
v -0.02003963 -0.19521274 0.45519681
v -0.02241174 -0.19908751 0.45963683
v -0.01896377 -0.19542831 0.45940560
v -0.02289250 -0.19843579 0.45374482
v -0.06005639 -0.18675327 0.47547637
v -0.05548502 -0.18433068 0.47442482
v -0.05788589 -0.18076177 0.47672996
v -0.06176322 -0.18557168 0.47820831
v -0.05764670 -0.18342949 0.48015690
v -0.06103925 -0.18183246 0.47364041
v 0.13396009 -0.14439603 0.47104052
v 0.13471802 -0.13987798 0.46841660
v 0.12992951 -0.13960404 0.46931657
v 0.13131953 -0.14440989 0.47323147
v 0.13118233 -0.13938465 0.47347596
v 0.13004759 -0.14374800 0.46745949
v 0.16094137 -0.13394380 0.44205145
v 0.16148479 -0.12971032 0.43894430
v 0.15662155 -0.13000666 0.43921969
v 0.15804844 -0.13406679 0.44389238
v 0.15725727 -0.12911789 0.44342968
v 0.15750508 -0.13428481 0.43797385
v 0.16020762 -0.14906265 0.42394801
v 0.16022873 -0.14694222 0.41911320
v 0.15589647 -0.14540522 0.42075146
v 0.15710661 -0.14970431 0.42526901
v 0.15489930 -0.14963886 0.42074628
v 0.15847986 -0.14401364 0.42421916
v 0.14466709 -0.18094838 0.40237519
v 0.14596747 -0.17705067 0.39906023
v 0.14110119 -0.17668777 0.39901186
v 0.14167682 -0.18056228 0.40401295
v 0.14159213 -0.17559709 0.40319361
v 0.14147260 -0.18112143 0.39809542
v 0.18604945 -0.14539581 0.39546280
v 0.18681837 -0.14135949 0.39214783
v 0.18194715 -0.14164887 0.39209947
v 0.18303441 -0.14541199 0.39710057
v 0.18228825 -0.14050246 0.39628122
v 0.18290660 -0.14599340 0.39118303
v 0.19791334 -0.07570289 0.43734831
v 0.19638084 -0.07584090 0.43229810
v 0.19249204 -0.07373536 0.43436181
v 0.19651290 -0.07321564 0.43925234
v 0.19526273 -0.07049139 0.43520917
v 0.19284001 -0.07735835 0.43707992
v 0.17926539 -0.09219919 0.45898838
v 0.17753819 -0.09186412 0.45401078
v 0.17399478 -0.08946501 0.45635672
v 0.17822983 -0.08968930 0.46108624
v 0.17714664 -0.08660647 0.45725814
v 0.17403011 -0.09325979 0.45885342
v 0.22276627 -0.10208615 0.38072237
v 0.22184018 -0.10174026 0.37553629
v 0.21786843 -0.09952774 0.37730968
v 0.22130273 -0.09965583 0.38265227
v 0.22071031 -0.09655740 0.37873052
v 0.21766988 -0.10335852 0.37974297
v 0.12026995 -0.21948181 0.37178176
v 0.12241821 -0.21582833 0.36863384
v 0.11781076 -0.21423463 0.36884914
v 0.11753675 -0.21845851 0.37358604
v 0.11870622 -0.21359193 0.37305666
v 0.11699677 -0.21854365 0.36766381
v 0.16654757 -0.19787218 0.31126508
v 0.16690346 -0.19289433 0.30954271
v 0.16236386 -0.19290502 0.31133349
v 0.16434856 -0.19839097 0.31384740
v 0.16435448 -0.19352939 0.31514993
v 0.16206348 -0.19657045 0.30866707
v 0.20907004 0.15321135 0.31543225
v 0.20710352 0.14983501 0.31188185
v 0.20362338 0.14967626 0.31529922
v 0.20675699 0.15477671 0.31742535
v 0.20299737 0.15384105 0.31421264
v 0.20722706 0.14887071 0.31794492
v 0.18108546 0.18582376 0.31183876
v 0.18007026 0.18204962 0.30828946
v 0.17675055 0.18098935 0.31170566
v 0.17844299 0.18673188 0.31383015
v 0.17505956 0.18484585 0.31061658
v 0.18043826 0.18115361 0.31435311
v 0.15019855 0.21121041 0.33110919
v 0.14968368 0.20733553 0.32756064
v 0.14652877 0.20585359 0.33097610
v 0.14745980 0.21176785 0.33309955
v 0.14435127 0.20945735 0.32988550
v 0.15016294 0.20649633 0.33362464
v 0.12226548 0.22835467 0.34554847
v 0.11754135 0.22679632 0.34378030
v 0.11928054 0.22258661 0.34553193
v 0.12357242 0.22649215 0.34811670
v 0.11907227 0.22461968 0.34937139
v 0.12279662 0.22374480 0.34289927
v 0.13167494 0.21220252 0.37370629
v 0.13305523 0.20900210 0.36974091
v 0.12849282 0.20748491 0.37057596
v 0.12831504 0.21283482 0.37399667
v 0.12740156 0.21147675 0.36923720
v 0.13009636 0.20722018 0.37481788
v 0.13996470 0.21810669 0.30088423
v 0.13944983 0.21423181 0.29733568
v 0.13629492 0.21274987 0.30075113
v 0.13722594 0.21866413 0.30287459
v 0.13411743 0.21635363 0.29966054
v 0.13992910 0.21339261 0.30339968
v 0.14664567 0.21366799 0.27055443
v 0.14612186 0.20979070 0.26700977
v 0.14297557 0.20831106 0.27043415
v 0.14391195 0.21422677 0.27255126
v 0.14079533 0.21191410 0.26934662
v 0.14661643 0.20895561 0.27307309
v 0.14103690 0.21740866 0.20129607
v 0.13714398 0.21577828 0.20446766
v 0.13731432 0.21208674 0.20128045
v 0.14091896 0.21622293 0.19807840
v 0.13602548 0.21509528 0.19841590
v 0.14171168 0.21222675 0.20241128
v 0.14100584 0.21742939 0.20122529
v 0.13711292 0.21579901 0.20439686
v 0.13728325 0.21210747 0.20120967
v 0.14088789 0.21624367 0.19800762
v 0.13599442 0.21511601 0.19834512
v 0.14168062 0.21224748 0.20234050
v 0.14097478 0.21745008 0.20115450
v 0.13708092 0.21582033 0.20432533
v 0.13725219 0.21212816 0.20113888
v 0.14085778 0.21626371 0.19793709
v 0.13596421 0.21513613 0.19827337
v 0.14164923 0.21226840 0.20227099
v 0.14094377 0.21747081 0.20108372
v 0.13705084 0.21584043 0.20425529
v 0.13722118 0.21214889 0.20106810
v 0.14082582 0.21628508 0.19786604
v 0.13593235 0.21515743 0.19820354
v 0.14161854 0.21228891 0.20219892
v 0.14091265 0.21749152 0.20101317
v 0.13701972 0.21586115 0.20418475
v 0.13719005 0.21216961 0.20099755
v 0.14079470 0.21630580 0.19779550
v 0.13590123 0.21517814 0.19813300
v 0.14158742 0.21230962 0.20212839
v 0.14088162 0.21751221 0.20094239
v 0.13698840 0.21588203 0.20411376
v 0.13715903 0.21219030 0.20092676
v 0.14076396 0.21632629 0.19772481
v 0.13587046 0.21519865 0.19806190
v 0.14155629 0.21233038 0.20205801
v 0.14085059 0.21753291 0.20087160
v 0.13695672 0.21590317 0.20404243
v 0.13712799 0.21221100 0.20085598
v 0.14073358 0.21634655 0.19765420
v 0.13584001 0.21521897 0.19799047
v 0.14152503 0.21235123 0.20198808
v 0.14081954 0.21755363 0.20080081
v 0.13692662 0.21592326 0.20397239
v 0.13709695 0.21223171 0.20078519
v 0.14070159 0.21636791 0.19758314
v 0.13580812 0.21524025 0.19792064
v 0.14149432 0.21237173 0.20191603
v 0.14078845 0.21757431 0.20073003
v 0.13689553 0.21594393 0.20390161
v 0.13706586 0.21225239 0.20071441
v 0.14067050 0.21638858 0.19751236
v 0.13577703 0.21526092 0.19784985
v 0.14146323 0.21239240 0.20184524
v 0.14075741 0.21759504 0.20065948
v 0.13686448 0.21596466 0.20383106
v 0.13703481 0.21227312 0.20064386
v 0.14063946 0.21640931 0.19744182
v 0.13574599 0.21528165 0.19777932
v 0.14143218 0.21241313 0.20177470
v 0.14072636 0.21761574 0.20058870
v 0.13683250 0.21598599 0.20375953
v 0.13700377 0.21229382 0.20057308
v 0.14060936 0.21642937 0.19737129
v 0.13571578 0.21530179 0.19770757
v 0.14140080 0.21243406 0.20170518
v 0.14069528 0.21763648 0.20051791
v 0.13680237 0.21600611 0.20368949
v 0.13697269 0.21231457 0.20050229
v 0.14057733 0.21645076 0.19730025
v 0.13568386 0.21532310 0.19763774
v 0.14137006 0.21245458 0.20163313
v 0.14066426 0.21765717 0.20044713
v 0.13677133 0.21602680 0.20361870
v 0.13694166 0.21233526 0.20043151
v 0.14054631 0.21647145 0.19722946
v 0.13565283 0.21534379 0.19756696
v 0.14133903 0.21247526 0.20156234
v 0.14063321 0.21767787 0.20037634
v 0.13674028 0.21604750 0.20354792
v 0.13691062 0.21235596 0.20036072
v 0.14051526 0.21649215 0.19715867
v 0.13562179 0.21536449 0.19749617
v 0.14130799 0.21249597 0.20149155
v 0.14060215 0.21769856 0.20030562
v 0.13670765 0.21606923 0.20347586
v 0.13687956 0.21237664 0.20028994
v 0.14048578 0.21651178 0.19708831
v 0.13559214 0.21538424 0.19742376
v 0.14127638 0.21251704 0.20142289
v 0.14057112 0.21771923 0.20023501
v 0.13667820 0.21608886 0.20340659
v 0.13684853 0.21239732 0.20021939
v 0.14045317 0.21653351 0.19701734
v 0.13555970 0.21540585 0.19735484
v 0.14124589 0.21253733 0.20135023
v 0.14054004 0.21773996 0.20016423
v 0.13664712 0.21610959 0.20333580
v 0.13681745 0.21241805 0.20014861
v 0.14042209 0.21655424 0.19694655
v 0.13552862 0.21542658 0.19728406
v 0.14121482 0.21255806 0.20127943
v 0.14050898 0.21776067 0.20009344
v 0.13661606 0.21613029 0.20326502
v 0.13678639 0.21243875 0.20007782
v 0.14039104 0.21657494 0.19687577
v 0.13549756 0.21544728 0.19721327
v 0.14118376 0.21257876 0.20120865
v 0.14047793 0.21778138 0.20002266
v 0.13658408 0.21615164 0.20319348
v 0.13675534 0.21245946 0.20000703
v 0.14036094 0.21659502 0.19680525
v 0.13546736 0.21546744 0.19714152
v 0.14115238 0.21259970 0.20113913
v 0.14044686 0.21780210 0.19995187
v 0.13655394 0.21617173 0.20312345
v 0.13672427 0.21248018 0.19993625
v 0.14032891 0.21661637 0.19673420
v 0.13543543 0.21548872 0.19707169
v 0.14112164 0.21262020 0.20106708
v 0.14041582 0.21782281 0.19988132
v 0.13652289 0.21619245 0.20305290
v 0.13669323 0.21250090 0.19986570
v 0.14029787 0.21663709 0.19666365
v 0.13540439 0.21550944 0.19700116
v 0.14109059 0.21264091 0.20099654
v 0.14038477 0.21784351 0.19981054
v 0.13649185 0.21621315 0.20298212
v 0.13666218 0.21252160 0.19979492
v 0.14026682 0.21665779 0.19659287
v 0.13537335 0.21553014 0.19693037
v 0.14105955 0.21266162 0.20092575
v 0.14035373 0.21786424 0.19973975
v 0.13645986 0.21623449 0.20291058
v 0.13663114 0.21254232 0.19972413
v 0.14023672 0.21667787 0.19652235
v 0.13534315 0.21555029 0.19685862
v 0.14102816 0.21268255 0.20085624
v 0.14032265 0.21788494 0.19966897
v 0.13642944 0.21625476 0.20284035
v 0.13660006 0.21256302 0.19965335
v 0.14020499 0.21669902 0.19645140
v 0.13531149 0.21557138 0.19678848
v 0.14099732 0.21270310 0.20078458
v 0.14029159 0.21790564 0.19959818
v 0.13639867 0.21627527 0.20276976
v 0.13656900 0.21258373 0.19958256
v 0.14017364 0.21671991 0.19638051
v 0.13528017 0.21559226 0.19671801
v 0.14096636 0.21272373 0.20071339
v 0.14026055 0.21792637 0.19952764
v 0.13636762 0.21629600 0.20269921
v 0.13653796 0.21260446 0.19951202
v 0.14014260 0.21674065 0.19630997
v 0.13524912 0.21561299 0.19664747
v 0.14093532 0.21274447 0.20064285
v 0.14022951 0.21794704 0.19945685
v 0.13633565 0.21631730 0.20262768
v 0.13650692 0.21262513 0.19944123
v 0.14011251 0.21676068 0.19623945
v 0.13521894 0.21563310 0.19657572
v 0.14090396 0.21276537 0.20057334
v 0.14019844 0.21796779 0.19938607
v 0.13630552 0.21633742 0.20255764
v 0.13647585 0.21264587 0.19937045
v 0.14008049 0.21678207 0.19616840
v 0.13518701 0.21565441 0.19650590
v 0.14087321 0.21278589 0.20050128
v 0.14016738 0.21798844 0.19931528
v 0.13627446 0.21635808 0.20248686
v 0.13644479 0.21266653 0.19929966
v 0.14004943 0.21680272 0.19609761
v 0.13515596 0.21567507 0.19643511
v 0.14084215 0.21280654 0.20043049
v 0.14013635 0.21800918 0.19924450
v 0.13624343 0.21637881 0.20241607
v 0.13641376 0.21268727 0.19922888
v 0.14001840 0.21682345 0.19602683
v 0.13512492 0.21569580 0.19636432
v 0.14081112 0.21282728 0.20035970
v 0.14010526 0.21802992 0.19917371
v 0.13621140 0.21640018 0.20234454
v 0.13638267 0.21270801 0.19915809
v 0.13998825 0.21684357 0.19595630
v 0.13509468 0.21571599 0.19629258
v 0.14077970 0.21284825 0.20029019
v 0.14007419 0.21805058 0.19910317
v 0.13618128 0.21642021 0.20227474
v 0.13635160 0.21272867 0.19908754
v 0.13995624 0.21686486 0.19588549
v 0.13506277 0.21573720 0.19622300
v 0.14074897 0.21286868 0.20021838
v 0.14004317 0.21807128 0.19903238
v 0.13614995 0.21644111 0.20220376
v 0.13632058 0.21274937 0.19901676
v 0.13992551 0.21688536 0.19581481
v 0.13503201 0.21575773 0.19615189
v 0.14071783 0.21288945 0.20014800
v 0.14001214 0.21809201 0.19896159
v 0.13611922 0.21646165 0.20213317
v 0.13628954 0.21277010 0.19894597
v 0.13989419 0.21690629 0.19574393
v 0.13500072 0.21577864 0.19608142
v 0.14068691 0.21291011 0.20007681
v 0.13998105 0.21811273 0.19889081
v 0.13608718 0.21648299 0.20206164
v 0.13625845 0.21279082 0.19887519
v 0.13986404 0.21692638 0.19567340
v 0.13497047 0.21579880 0.19600968
v 0.14065549 0.21293105 0.20000729
v 0.13994999 0.21813344 0.19882002
v 0.13605706 0.21650306 0.20199160
v 0.13622740 0.21281152 0.19880440
v 0.13983204 0.21694771 0.19560236
v 0.13493856 0.21582005 0.19593985
v 0.14062476 0.21295153 0.19993523
v 0.13991897 0.21815415 0.19874948
v 0.13602605 0.21652378 0.20192106
v 0.13619638 0.21283224 0.19873386
v 0.13980102 0.21696842 0.19553181
v 0.13490755 0.21584077 0.19586931
v 0.14059374 0.21297225 0.19986469
v 0.13988793 0.21817485 0.19867869
v 0.13599500 0.21654449 0.20185027
v 0.13616534 0.21285294 0.19866307
v 0.13976998 0.21698913 0.19546102
v 0.13487650 0.21586147 0.19579852
v 0.14056270 0.21299295 0.19979391
v 0.13985683 0.21819559 0.19860791
v 0.13596297 0.21656584 0.20177874
v 0.13613425 0.21287368 0.19859229
v 0.13973983 0.21700923 0.19539050
v 0.13484626 0.21588164 0.19572678
v 0.14053127 0.21301390 0.19972439
v 0.13982579 0.21821630 0.19853712
v 0.13593287 0.21658593 0.20170870
v 0.13610320 0.21289439 0.19852150
v 0.13970784 0.21703058 0.19531946
v 0.13481436 0.21590292 0.19565695
v 0.14050056 0.21303440 0.19965233
v 0.13979476 0.21823699 0.19846634
v 0.13590184 0.21660662 0.20163791
v 0.13607217 0.21291507 0.19845072
v 0.13967681 0.21705127 0.19524866
v 0.13478334 0.21592361 0.19558616
v 0.14046953 0.21305509 0.19958154
v 0.13976371 0.21825768 0.19839579
v 0.13587050 0.21662750 0.20156717
v 0.13604112 0.21293577 0.19838017
v 0.13964606 0.21707176 0.19517822
v 0.13475256 0.21594412 0.19551530
v 0.14043838 0.21307585 0.19951141
v 0.13973268 0.21827837 0.19832507
v 0.13583848 0.21664884 0.20149555
v 0.13601010 0.21295645 0.19830938
v 0.13961602 0.21709178 0.19510770
v 0.13472241 0.21596422 0.19544353
v 0.14040700 0.21309676 0.19944195
v 0.13970158 0.21829908 0.19825422
v 0.13580866 0.21666871 0.20142580
v 0.13597899 0.21297717 0.19823860
v 0.13958363 0.21711336 0.19503655
v 0.13469015 0.21598570 0.19537405
v 0.14037635 0.21311718 0.19936943
v 0.13967052 0.21831978 0.19818343
v 0.13577760 0.21668941 0.20135501
v 0.13594793 0.21299787 0.19816781
v 0.13955257 0.21713406 0.19496577
v 0.13465909 0.21600640 0.19530326
v 0.14034529 0.21313788 0.19929865
v 0.13963950 0.21834045 0.19811265
v 0.13574658 0.21671008 0.20128423
v 0.13591692 0.21301854 0.19809703
v 0.13952155 0.21715473 0.19489498
v 0.13462807 0.21602707 0.19523247
v 0.14031428 0.21315855 0.19922786
v 0.13960839 0.21836117 0.19804186
v 0.13571454 0.21673143 0.20121269
v 0.13588580 0.21303926 0.19802624
v 0.13949140 0.21717481 0.19482446
v 0.13459782 0.21604723 0.19516073
v 0.14028283 0.21317949 0.19915834
v 0.13957738 0.21838194 0.19797132
v 0.13568446 0.21675156 0.20114290
v 0.13585479 0.21306002 0.19795570
v 0.13945944 0.21719621 0.19475365
v 0.13456596 0.21606856 0.19509115
v 0.14025216 0.21320003 0.19908653
v 0.13954632 0.21840262 0.19790053
v 0.13565340 0.21677225 0.20107211
v 0.13582373 0.21308070 0.19788491
v 0.13942837 0.21721689 0.19468287
v 0.13453490 0.21608924 0.19502036
v 0.14022110 0.21322072 0.19901575
v 0.13951523 0.21842335 0.19782975
v 0.13562231 0.21679298 0.20100132
v 0.13579264 0.21310144 0.19781413
v 0.13939728 0.21723763 0.19461208
v 0.13450381 0.21610997 0.19494958
v 0.14019000 0.21324145 0.19894496
v 0.13948420 0.21844404 0.19775903
v 0.13559004 0.21681449 0.20092955
v 0.13576161 0.21312213 0.19774334
v 0.13936750 0.21725748 0.19454164
v 0.13447389 0.21612991 0.19487752
v 0.14015854 0.21326243 0.19887586
v 0.13945315 0.21846476 0.19768818
v 0.13556023 0.21683439 0.20085975
v 0.13573056 0.21314284 0.19767256
v 0.13933521 0.21727904 0.19447050
v 0.13444174 0.21615138 0.19480800
v 0.14012793 0.21328286 0.19880338
v 0.13942211 0.21848546 0.19761763
v 0.13552919 0.21685508 0.20078921
v 0.13569952 0.21316354 0.19760201
v 0.13930416 0.21729974 0.19439996
v 0.13441069 0.21617208 0.19473746
v 0.14009689 0.21330356 0.19873285
v 0.13939103 0.21850616 0.19754685
v 0.13549811 0.21687579 0.20071842
v 0.13566845 0.21318424 0.19753123
v 0.13927308 0.21732044 0.19432917
v 0.13437960 0.21619278 0.19466668
v 0.14006581 0.21332426 0.19866206
v 0.13935999 0.21852688 0.19747606
v 0.13546613 0.21689714 0.20064689
v 0.13563740 0.21320497 0.19746044
v 0.13924299 0.21734052 0.19425865
v 0.13434942 0.21621293 0.19459493
v 0.14003443 0.21334520 0.19859255
v 0.13932894 0.21854757 0.19740528
v 0.13543602 0.21691719 0.20057685
v 0.13560636 0.21322565 0.19738965
v 0.13921100 0.21736184 0.19418760
v 0.13431752 0.21623418 0.19452511
v 0.14000372 0.21336566 0.19852048
v 0.13929790 0.21856828 0.19733449
v 0.13540498 0.21693791 0.20050607
v 0.13557531 0.21324637 0.19731887
v 0.13917995 0.21738256 0.19411682
v 0.13428647 0.21625490 0.19445431
v 0.13997267 0.21338638 0.19844970
v 0.13926682 0.21858897 0.19726394
v 0.13537390 0.21695860 0.20043552
v 0.13554423 0.21326706 0.19724832
v 0.13914888 0.21740325 0.19404627
v 0.13425540 0.21627559 0.19438378
v 0.13994160 0.21340706 0.19837916
v 0.13923578 0.21860970 0.19719316
v 0.13534192 0.21697996 0.20036399
v 0.13551318 0.21328779 0.19717754
v 0.13911878 0.21742334 0.19397576
v 0.13422520 0.21629576 0.19431203
v 0.13991021 0.21342802 0.19830964
v 0.13920473 0.21863042 0.19712237
v 0.13531152 0.21700024 0.20029375
v 0.13548214 0.21330851 0.19710675
v 0.13908708 0.21744450 0.19390480
v 0.13419358 0.21631686 0.19424188
v 0.13987940 0.21344858 0.19823799
v 0.15618557 0.20730571 0.13867338
v 0.15566176 0.20342844 0.13512872
v 0.15251547 0.20194879 0.13855310
v 0.15345185 0.20786449 0.14067021
v 0.15033524 0.20555182 0.13746557
v 0.15615633 0.20259334 0.14119204
v 0.15411029 0.20868979 0.10536921
v 0.15358647 0.20481251 0.10182455
v 0.15044019 0.20333287 0.10524894
v 0.15137656 0.20924858 0.10736606
v 0.14825995 0.20693591 0.10416140
v 0.15408104 0.20397742 0.10788788
v 0.14018674 0.21797565 0.08771197
v 0.13966292 0.21409837 0.08416731
v 0.13651664 0.21261872 0.08759170
v 0.13745302 0.21853443 0.08970881
v 0.13433640 0.21622175 0.08650416
v 0.14015750 0.21326327 0.09023064
v 0.13277481 0.22291881 0.06295927
v 0.13225100 0.21904153 0.05941461
v 0.12910472 0.21756188 0.06283899
v 0.13004109 0.22347759 0.06495610
v 0.12692448 0.22116492 0.06175145
v 0.13274558 0.21820643 0.06547793
v 0.15268240 0.20964216 0.03501307
v 0.14951494 0.20752798 0.03866947
v 0.14896041 0.20431985 0.03503418
v 0.15187678 0.20891506 0.03175800
v 0.14714586 0.20767900 0.03295055
v 0.15349861 0.20436594 0.03522883
v 0.15263760 0.20967206 0.03495400
v 0.14947011 0.20755787 0.03861041
v 0.14891559 0.20434975 0.03497511
v 0.15183196 0.20894496 0.03169894
v 0.14710103 0.20770889 0.03289146
v 0.15345378 0.20439584 0.03516977
v 0.15259275 0.20970193 0.03489493
v 0.14942403 0.20758857 0.03855081
v 0.14887074 0.20437962 0.03491604
v 0.15178821 0.20897409 0.03163979
v 0.14705689 0.20773829 0.03283102
v 0.15340885 0.20442575 0.03511223
v 0.15254791 0.20973188 0.03483586
v 0.14938043 0.20761769 0.03849227
v 0.14882590 0.20440957 0.03485697
v 0.15174227 0.20900478 0.03158080
v 0.14701135 0.20776871 0.03277332
v 0.15336409 0.20445566 0.03505163
v 0.15250303 0.20976175 0.03477685
v 0.14933399 0.20764861 0.03843251
v 0.14878102 0.20443946 0.03479790
v 0.15169879 0.20903373 0.03152165
v 0.14696736 0.20779800 0.03271253
v 0.15331912 0.20448561 0.03499451
v 0.15245819 0.20979171 0.03471766
v 0.14929104 0.20767732 0.03837426
v 0.14873620 0.20446940 0.03473884
v 0.15165228 0.20906480 0.03146267
v 0.14692147 0.20782866 0.03265553
v 0.15327441 0.20451549 0.03493310
v 0.15241335 0.20982159 0.03465864
v 0.14924587 0.20770739 0.03831506
v 0.14869134 0.20449927 0.03467976
v 0.15160772 0.20909448 0.03140359
v 0.14687679 0.20785842 0.03259611
v 0.15322955 0.20454536 0.03487442
v 0.15236854 0.20985150 0.03459934
v 0.14919982 0.20773813 0.03825522
v 0.14864652 0.20452919 0.03462044
v 0.15156400 0.20912366 0.03134419
v 0.14683268 0.20788786 0.03253542
v 0.15318464 0.20457531 0.03481663
v 0.15232370 0.20988141 0.03454026
v 0.14915622 0.20776723 0.03819667
v 0.14860169 0.20455910 0.03456138
v 0.15151806 0.20915432 0.03128521
v 0.14678713 0.20791824 0.03247773
v 0.15313988 0.20460519 0.03475604
v 0.15227882 0.20991130 0.03448119
v 0.14911133 0.20779711 0.03813760
v 0.14855680 0.20458899 0.03450231
v 0.15147318 0.20918420 0.03122613
v 0.14674225 0.20794813 0.03241865
v 0.15309500 0.20463508 0.03469697
v 0.14226636 0.21658876 0.02377137
v 0.13910029 0.21447363 0.02742850
v 0.13854436 0.21126645 0.02379261
v 0.14145947 0.21586250 0.02051646
v 0.13672900 0.21462612 0.02171053
v 0.14308263 0.21131248 0.02398554
v 0.15510624 0.20802564 0.00915124
v 0.15458242 0.20414836 0.00560662
v 0.15143614 0.20266872 0.00903100
v 0.15237251 0.20858442 0.01114812
v 0.14925589 0.20627175 0.00794347
v 0.15507699 0.20331326 0.01166994
v 0.16422002 0.20061898 -0.00652814
v 0.16319672 0.19684266 -0.01007277
v 0.15988482 0.19578449 -0.00664838
v 0.16158209 0.20152832 -0.00453125
v 0.15819135 0.19964031 -0.00773591
v 0.16357857 0.19595036 -0.00400944
v 0.14790839 0.21282581 -0.04781405
v 0.14738458 0.20894853 -0.05135868
v 0.14423830 0.20746889 -0.04793430
v 0.14517467 0.21338460 -0.04581717
v 0.14205805 0.21107192 -0.04902183
v 0.14787915 0.20811343 -0.04529535
v 0.14219006 0.21663959 -0.06961094
v 0.13733763 0.21564900 -0.06778207
v 0.13848543 0.21130569 -0.06968814
v 0.14319760 0.21470332 -0.07225835
v 0.13847077 0.21346442 -0.07346407
v 0.14216976 0.21192134 -0.06710319
v 0.12956815 0.22452205 -0.22451542
v 0.12614407 0.21953613 -0.22611066
v 0.13189689 0.21968893 -0.22676349
v 0.12486404 0.22183616 -0.22356170
v 0.12770500 0.22305713 -0.22247504
v 0.12528937 0.22415188 -0.22882048
v 0.13243228 0.22261196 -0.28483139
v 0.12900821 0.21762605 -0.28642664
v 0.13476103 0.21777885 -0.28707948
v 0.12772818 0.21992607 -0.28387768
v 0.13056914 0.22114705 -0.28279101
v 0.12815351 0.22224180 -0.28913646
v 0.07217777 0.24882127 -0.32513782
v 0.06871565 0.24361209 -0.32505554
v 0.06916915 0.24696419 -0.32975686
v 0.07151658 0.24392817 -0.32271447
v 0.07338180 0.24603071 -0.32440057
v 0.06723741 0.24767252 -0.32178345
v 0.12528324 0.22667781 -0.37542993
v 0.12117344 0.22196282 -0.37534765
v 0.12205877 0.22522753 -0.38004896
v 0.12399170 0.22191216 -0.37300658
v 0.12611436 0.22375444 -0.37469269
v 0.12023548 0.22618092 -0.37207556
v 0.09924176 0.23953312 -0.39787533
v 0.09577973 0.23432428 -0.39777142
v 0.09622782 0.23766043 -0.40248457
v 0.09858338 0.23464825 -0.39543466
v 0.10044665 0.23674506 -0.39713002
v 0.09430528 0.23839576 -0.39451138
v 0.13531625 0.22054055 -0.41704097
v 0.13188486 0.21555268 -0.41861431
v 0.13763461 0.21570464 -0.41929378
v 0.13061656 0.21785586 -0.41606233
v 0.13346250 0.21907815 -0.41499024
v 0.13101771 0.22016510 -0.42132587
v 0.09001412 0.24273802 -0.07855838
v 0.08655202 0.23752884 -0.07847611
v 0.08700550 0.24088095 -0.08317743
v 0.08935295 0.23784493 -0.07613503
v 0.09121816 0.23994747 -0.07782116
v 0.08507375 0.24158926 -0.07520402
v 0.07556543 0.24766579 -0.01222872
v 0.07210330 0.24245663 -0.01214645
v 0.07255681 0.24580871 -0.01684776
v 0.07490424 0.24277269 -0.00980536
v 0.07676946 0.24487522 -0.01149148
v 0.07062507 0.24651705 -0.00887436
v 0.10778041 0.23532847 0.14493563
v 0.10367060 0.23061348 0.14501789
v 0.10455592 0.23387820 0.14031658
v 0.10648886 0.23056283 0.14735898
v 0.10861152 0.23240510 0.14567286
v 0.10273263 0.23483159 0.14828996
v 0.07861183 0.24662705 0.20059820
v 0.07514973 0.24141787 0.20068048
v 0.07560321 0.24476997 0.19597916
v 0.07795066 0.24173396 0.20302156
v 0.07981587 0.24383650 0.20133545
v 0.07367147 0.24547829 0.20395256
v 0.08476700 0.24452781 0.26367821
v 0.08130489 0.23931864 0.26376048
v 0.08175838 0.24267073 0.25905917
v 0.08410583 0.23963472 0.26610156
v 0.08597104 0.24173726 0.26441545
v 0.07982664 0.24337905 0.26703256
v 0.06024400 0.25191986 0.30172223
v 0.05750754 0.24629533 0.30179267
v 0.05751169 0.24968700 0.29709787
v 0.06024041 0.24697764 0.30413607
v 0.06180917 0.24931341 0.30245506
v 0.05549971 0.25011602 0.30507132
v 0.03962117 0.25594637 0.32412240
v 0.03688473 0.25032183 0.32419283
v 0.03688887 0.25371351 0.31949803
v 0.03961760 0.25100415 0.32653625
v 0.04118636 0.25333992 0.32485522
v 0.03487689 0.25414250 0.32747148
v -0.01647822 0.25816639 0.33709485
v -0.01767986 0.25202761 0.33708617
v -0.01855004 0.25536775 0.33243529
v -0.01521157 0.25335763 0.33944512
v -0.01429605 0.25603942 0.33779814
v -0.02059802 0.25516216 0.34040850
v 0.18590613 0.15423356 0.38622051
v 0.18288842 0.15116508 0.38168109
v 0.18788514 0.14927271 0.38391631
v 0.18099064 0.15337013 0.38390864
v 0.18294552 0.15327718 0.38653777
v 0.18478121 0.15611622 0.38054875
v 0.17606654 0.13697558 0.41674029
v 0.17295875 0.13384805 0.41230307
v 0.17801602 0.13200191 0.41443854
v 0.17110259 0.13606572 0.41455310
v 0.17311906 0.13600805 0.41713637
v 0.17479939 0.13879692 0.41107853
v 0.19148501 0.13088920 0.40134757
v 0.18802147 0.12833899 0.39680572
v 0.19291558 0.12590216 0.39871722
v 0.18642157 0.13058153 0.39922173
v 0.18846603 0.13018003 0.40175186
v 0.19030258 0.13315826 0.39583107
v 0.16268571 0.11414787 0.46565930
v 0.15851116 0.11123351 0.46202499
v 0.16375213 0.10902464 0.46311937
v 0.15732485 0.11360130 0.46455722
v 0.15982081 0.11340927 0.46667286
v 0.16041465 0.11601991 0.46033802
v 0.14247423 0.13521347 0.47315774
v 0.13852097 0.13157860 0.46995023
v 0.14404819 0.13010670 0.47086006
v 0.13717608 0.13394143 0.47240673
v 0.13978132 0.13419527 0.47437928
v 0.13971531 0.13644343 0.46788006
v 0.07274307 0.24862849 0.06132489
v 0.06928093 0.24341934 0.06140716
v 0.06973445 0.24677142 0.05670585
v 0.07208188 0.24373539 0.06374824
v 0.07394709 0.24583792 0.06206212
v 0.06780271 0.24747975 0.06467923
v 0.11048389 0.23399223 -0.12885202
v 0.10637411 0.22927721 -0.12876975
v 0.10725943 0.23254192 -0.13347107
v 0.10919237 0.22922656 -0.12642866
v 0.11131503 0.23106885 -0.12811479
v 0.10543613 0.23349531 -0.12549766
v 0.06415916 0.25116314 -0.16232652
v 0.06142279 0.24553873 -0.16240939
v 0.06142342 0.24892170 -0.15770833
v 0.06415740 0.24622541 -0.16474953
v 0.06572490 0.24855806 -0.16306302
v 0.05941737 0.24936547 -0.16568248
v 0.07943836 0.24634473 -0.26455282
v 0.07597625 0.24113556 -0.26447054
v 0.07642974 0.24448765 -0.26917185
v 0.07877719 0.24145164 -0.26212947
v 0.08064240 0.24355418 -0.26381556
v 0.07449799 0.24519596 -0.26119845
v 0.01231222 0.25856588 -0.34923619
v 0.01033002 0.25263353 -0.34915390
v 0.00989271 0.25598778 -0.35385522
v 0.01295132 0.25366985 -0.34681281
v 0.01420298 0.25618640 -0.34849892
v 0.00784303 0.25616726 -0.34588181
v 0.09472901 0.24112982 -0.18573970
v 0.09242601 0.23552532 -0.18418590
v 0.09776085 0.23721260 -0.18269021
v 0.09107361 0.23725792 -0.18711760
v 0.09366640 0.23911233 -0.18788001
v 0.09000134 0.23990852 -0.18211532
v 0.09465459 0.24115523 -0.18575422
v 0.09235159 0.23555072 -0.18420042
v 0.09768642 0.23723800 -0.18270473
v 0.09099918 0.23728333 -0.18713212
v 0.09359198 0.23913773 -0.18789454
v 0.08992691 0.23993393 -0.18212984
v 0.09458008 0.24118066 -0.18576877
v 0.09227711 0.23557616 -0.18421495
v 0.09761200 0.23726341 -0.18271938
v 0.09092463 0.23730879 -0.18714660
v 0.09351741 0.23916319 -0.18790907
v 0.08985250 0.23995933 -0.18214425
v 0.09450574 0.24120601 -0.18578325
v 0.09220271 0.23560151 -0.18422947
v 0.09753752 0.23728879 -0.18273370
v 0.09085037 0.23733411 -0.18716121
v 0.09344318 0.23918849 -0.18792358
v 0.08977800 0.23998472 -0.18215895
v 0.09443175 0.24123121 -0.18579758
v 0.09212823 0.23562688 -0.18424394
v 0.09746258 0.23731432 -0.18274668
v 0.09077679 0.23735917 -0.18717627
v 0.09336983 0.23921347 -0.18793804
v 0.08970289 0.24001030 -0.18217463
v 0.09435679 0.24125681 -0.18581226
v 0.09205378 0.23565231 -0.18425846
v 0.09738862 0.23733959 -0.18276276
v 0.09070138 0.23738492 -0.18719015
v 0.09329418 0.23923931 -0.18795258
v 0.08962911 0.24003551 -0.18218787
v 0.09428236 0.24128225 -0.18582679
v 0.09197938 0.23567773 -0.18427298
v 0.09731427 0.23736499 -0.18277742
v 0.09062690 0.23741036 -0.18720463
v 0.09321968 0.23926476 -0.18796711
v 0.08955477 0.24006090 -0.18220229
v 0.09420793 0.24130760 -0.18584130
v 0.09190493 0.23570310 -0.18428750
v 0.09723977 0.23739038 -0.18279181
v 0.09055253 0.23743571 -0.18721920
v 0.09314533 0.23929010 -0.18798162
v 0.08948026 0.24008629 -0.18221692
v 0.09413344 0.24133302 -0.18585584
v 0.09183048 0.23572851 -0.18430203
v 0.09716535 0.23741577 -0.18280646
v 0.09047799 0.23746115 -0.18723368
v 0.09307076 0.23931554 -0.18799615
v 0.08940586 0.24011169 -0.18223134
v 0.09405911 0.24135844 -0.18587033
v 0.09175607 0.23575395 -0.18431655
v 0.09709088 0.23744122 -0.18282078
v 0.09040372 0.23748655 -0.18724829
v 0.09299654 0.23934092 -0.18801066
v 0.08933137 0.24013715 -0.18224603
v 0.09398515 0.24138356 -0.18588483
v 0.09168160 0.23577925 -0.18433120
v 0.09701590 0.23746672 -0.18283382
v 0.09033023 0.23751150 -0.18726358
v 0.09292330 0.23936582 -0.18802531
v 0.08925619 0.24016270 -0.18226200
v 0.09391011 0.24140920 -0.18589952
v 0.09160715 0.23580469 -0.18434572
v 0.09694203 0.23749194 -0.18285015
v 0.09025466 0.23753732 -0.18727737
v 0.09284744 0.23939172 -0.18803985
v 0.08918253 0.24018786 -0.18227503
v 0.09383576 0.24143460 -0.18591404
v 0.09153276 0.23583010 -0.18436024
v 0.09686759 0.23751738 -0.18286455
v 0.09018035 0.23756270 -0.18729194
v 0.09277315 0.23941710 -0.18805435
v 0.08910808 0.24021330 -0.18228966
v 0.09376124 0.24145999 -0.18592857
v 0.09145827 0.23585547 -0.18437476
v 0.09679316 0.23754273 -0.18287920
v 0.09010579 0.23758811 -0.18730642
v 0.09269856 0.23944251 -0.18806889
v 0.08903366 0.24023865 -0.18230408
v 0.09368688 0.24148537 -0.18594305
v 0.09138385 0.23588087 -0.18438929
v 0.09671866 0.23756815 -0.18289351
v 0.09003150 0.23761347 -0.18732104
v 0.09262432 0.23946785 -0.18808340
v 0.08895915 0.24026408 -0.18231877
v 0.09361239 0.24151083 -0.18595762
v 0.09130942 0.23590632 -0.18440381
v 0.09664430 0.23759358 -0.18290825
v 0.08995693 0.23763895 -0.18733547
v 0.09254971 0.23949336 -0.18809794
v 0.08888480 0.24028949 -0.18233312
v 0.04200694 0.25553619 -0.19227767
v 0.03927053 0.24991181 -0.19219541
v 0.03927289 0.25329442 -0.19689673
v 0.04200429 0.25059863 -0.18985433
v 0.04357241 0.25293115 -0.19154046
v 0.03726393 0.25373877 -0.18892332
v 0.04211441 0.25551524 -0.08302459
v 0.03937799 0.24989086 -0.08294230
v 0.03938036 0.25327348 -0.08764361
v 0.04211176 0.25057768 -0.08060122
v 0.04367988 0.25291020 -0.08228733
v 0.03737140 0.25371783 -0.07967020
v 0.04097806 0.25573961 -0.02554932
v 0.03824164 0.25011524 -0.02546707
v 0.03824399 0.25349786 -0.03016837
v 0.04097540 0.25080207 -0.02312597
v 0.04254351 0.25313459 -0.02481210
v 0.03623504 0.25394220 -0.02219497
v 0.03629477 0.25666414 0.04522542
v 0.03355840 0.25103972 0.04530769
v 0.03356072 0.25442234 0.04060639
v 0.03629215 0.25172657 0.04764878
v 0.03786025 0.25405911 0.04596266
v 0.03155176 0.25486667 0.04857977
v 0.02360121 0.25783580 0.07996946
v 0.02161900 0.25190348 0.08005175
v 0.02118170 0.25525773 0.07535044
v 0.02424032 0.25293979 0.08239282
v 0.02549197 0.25545634 0.08070672
v 0.01913204 0.25543721 0.08332382
v 0.01123822 0.25863541 0.11669333
v 0.00925601 0.25270309 0.11677561
v 0.00881870 0.25605734 0.11207430
v 0.01187731 0.25373939 0.11911669
v 0.01312897 0.25625595 0.11743058
v 0.00676904 0.25623682 0.12004769
v 0.06108446 0.25177014 0.15361010
v 0.05834807 0.24614574 0.15369238
v 0.05835042 0.24952837 0.14899106
v 0.06108182 0.24683257 0.15603345
v 0.06264994 0.24916511 0.15434734
v 0.05634145 0.24997272 0.15696445
v 0.04935531 0.25408598 0.19474248
v 0.04661890 0.24846160 0.19482475
v 0.04662126 0.25184423 0.19012344
v 0.04935265 0.24914842 0.19716584
v 0.05092077 0.25148094 0.19547972
v 0.04461231 0.25228858 0.19809683
v 0.16867053 0.19613576 0.24395342
v 0.16462750 0.19163715 0.24235816
v 0.17035138 0.19104096 0.24170533
v 0.16365725 0.19408402 0.24490712
v 0.16663279 0.19492541 0.24599380
v 0.16437993 0.19632482 0.23964832
v 0.17746206 0.18844836 0.29239287
v 0.17341902 0.18394976 0.29079763
v 0.17914290 0.18335357 0.29014480
v 0.17244877 0.18639663 0.29334659
v 0.17542431 0.18723802 0.29443327
v 0.17317146 0.18863743 0.28808779
v 0.17520175 0.19042474 0.05297519
v 0.17115871 0.18592614 0.05137993
v 0.17688260 0.18532995 0.05072710
v 0.17018846 0.18837302 0.05392890
v 0.17316401 0.18921440 0.05501557
v 0.17091115 0.19061381 0.04867010
v 0.17590434 0.18981039 -0.16308925
v 0.17186129 0.18531180 -0.16468449
v 0.17758518 0.18471561 -0.16533733
v 0.17089104 0.18775868 -0.16213553
v 0.17386660 0.18860006 -0.16104888
v 0.17161374 0.18999947 -0.16739431
v 0.17029843 0.19471249 -0.31979650
v 0.16625539 0.19021389 -0.32139175
v 0.17197928 0.18961771 -0.32204458
v 0.16528514 0.19266077 -0.31884279
v 0.16826069 0.19350215 -0.31775612
v 0.16600783 0.19490157 -0.32410157
v 0.21772651 0.13950612 -0.37278011
v 0.21271945 0.13611374 -0.37118335
v 0.21810971 0.13401330 -0.37090446
v 0.21231381 0.13889070 -0.37353914
v 0.21535520 0.13900206 -0.37475578
v 0.21382884 0.14051663 -0.36822318
v 0.17580945 0.18981135 -0.39977407
v 0.17175980 0.18531099 -0.40134746
v 0.17748091 0.18471404 -0.40202343
v 0.17080016 0.18776071 -0.39879721
v 0.17378020 0.18860328 -0.39772387
v 0.17150098 0.18999564 -0.40406145
v 0.05006970 0.11725299 0.49338480
v 0.04957836 0.11878062 0.48733885
v 0.05394995 0.12062360 0.49066105
v 0.04797656 0.11571100 0.48853784
v 0.04988604 0.11509432 0.49112942
v 0.04571584 0.12054676 0.49070643
v 0.04638313 -0.07793260 0.49328965
v 0.04590528 -0.07645451 0.48723029
v 0.05026948 -0.07458436 0.49054707
v 0.04430079 -0.07951422 0.48845078
v 0.04620447 -0.08010965 0.49105159
v 0.04203529 -0.07466090 0.49057469
v 0.00723025 -0.07959186 0.49320213
v 0.00677121 -0.07818717 0.48712393
v 0.01112515 -0.07627698 0.49043134
v 0.00516289 -0.08123194 0.48837636
v 0.00705849 -0.08179582 0.49099006
v 0.00289092 -0.07635331 0.49043440
v -0.00191019 -0.13651761 0.49339577
v -0.00240253 -0.13499801 0.48734788
v 0.00196961 -0.13315062 0.49066691
v -0.00400412 -0.13806604 0.48855121
v -0.00209422 -0.13867927 0.49114325
v -0.00626449 -0.13322740 0.49071376
v -0.04699277 -0.18103065 0.48986810
v -0.05045273 -0.18623354 0.48957301
v -0.04990667 -0.18261006 0.48508786
v -0.04769967 -0.18605786 0.49198457
v -0.04580214 -0.18386057 0.49046341
v -0.05199897 -0.18237247 0.49304865
v -0.16075835 -0.09521559 0.48789822
v -0.16572425 -0.09846902 0.48592758
v -0.16032408 -0.10053378 0.48558211
v -0.16618325 -0.09589715 0.48849671
v -0.16316656 -0.09588394 0.48977818
v -0.16456870 -0.09383495 0.48336457
v -0.17301993 0.07062686 0.48106213
v -0.17863715 0.07267564 0.47922426
v -0.17697949 0.06716378 0.47857922
v -0.17686718 0.07447091 0.48188319
v -0.17500975 0.07202522 0.48302826
v -0.17427320 0.07472143 0.47674444
v 0.22894373 -0.03133567 0.40297509
v 0.22479013 -0.03002576 0.39848512
v 0.22764527 -0.03506029 0.39869990
v 0.22452236 -0.02831641 0.40171498
v 0.22598644 -0.03054736 0.40361816
v 0.22927211 -0.02698808 0.39873609
v 0.25535051 -0.03956429 0.33560475
v 0.24945955 -0.03830544 0.33391940
v 0.25181592 -0.04355763 0.33328185
v 0.25105185 -0.03625277 0.33650341
v 0.25325060 -0.03841363 0.33761642
v 0.25343851 -0.03573540 0.33128473
v -0.14054527 0.21739795 0.30715721
v -0.13851675 0.21148112 0.30722764
v -0.14090654 0.21388786 0.30253283
v -0.13706122 0.21389267 0.30957109
v -0.13759720 0.21665484 0.30789002
v -0.14263517 0.21277251 0.31050629
v -0.13988837 0.21785130 0.30084138
v -0.13785984 0.21193448 0.30091181
v -0.14024963 0.21434121 0.29621699
v -0.13640431 0.21434602 0.30325525
v -0.13694029 0.21710819 0.30157419
v -0.14197826 0.21322586 0.30419046
v -0.09445099 0.24134155 0.17123853
v -0.09400860 0.23510247 0.17132082
v -0.09569787 0.23803308 0.16661951
v -0.09198451 0.23706415 0.17366189
v -0.09179274 0.23986824 0.17197579
v -0.09765986 0.23741343 0.17459289
v -0.09608168 0.24078547 0.13143425
v -0.09563929 0.23454639 0.13151653
v -0.09732856 0.23747700 0.12681522
v -0.09361520 0.23650807 0.13385761
v -0.09342343 0.23931216 0.13217150
v -0.09929055 0.23685735 0.13478860
v -0.05504807 0.25302953 0.07082267
v -0.05529950 0.24681530 0.07149229
v -0.05436264 0.25038333 0.07595725
v -0.05438812 0.24822172 0.06823392
v -0.05317670 0.25110299 0.06922055
v -0.05979846 0.24935794 0.06985734
v -0.06151144 0.25175384 -0.09120781
v -0.06190516 0.24551150 -0.09112554
v -0.06318845 0.24864125 -0.09582685
v -0.05963751 0.24718570 -0.08878446
v -0.05907345 0.24993915 -0.09047059
v -0.06521556 0.24828881 -0.08785345
v -0.20378581 0.16024138 -0.12236721
v -0.20028315 0.15505938 -0.12228495
v -0.20321141 0.15675273 -0.12698626
v -0.19951108 0.15777030 -0.11994386
v -0.20074706 0.16029460 -0.12162999
v -0.20460070 0.15523510 -0.11901285
v -0.19175597 0.17399800 0.06057998
v -0.18825332 0.16881601 0.06066225
v -0.19118157 0.17050936 0.05596095
v -0.18748125 0.17152693 0.06300334
v -0.18871723 0.17405122 0.06131722
v -0.19257087 0.16899172 0.06393433
v -0.16551450 0.19919469 0.13800394
v -0.16273430 0.19359181 0.13808622
v -0.16541053 0.19566061 0.13338491
v -0.16160755 0.19617552 0.14042729
v -0.16249579 0.19884213 0.13874119
v -0.16698984 0.19434183 0.14135830
v -0.20539413 0.15851104 0.15004564
v -0.20124769 0.15382824 0.15012792
v -0.20437120 0.15512665 0.14542662
v -0.20083450 0.15661650 0.15246900
v -0.20238806 0.15895875 0.15078289
v -0.20555147 0.15344131 0.15340000
v -0.20421694 0.15974798 0.22993401
v -0.20071427 0.15456599 0.23001628
v -0.20364254 0.15625934 0.22531497
v -0.19994221 0.15727691 0.23235737
v -0.20117819 0.15980121 0.23067126
v -0.20503183 0.15474170 0.23328836
v -0.17985928 0.18665144 0.26312639
v -0.17707905 0.18104856 0.26320865
v -0.17975529 0.18311736 0.25850735
v -0.17595231 0.18363229 0.26554973
v -0.17684055 0.18629887 0.26386362
v -0.18133460 0.18179858 0.26648073
v -0.23060950 0.11750505 0.23700789
v -0.22531735 0.11456299 0.23857823
v -0.22626643 0.12013366 0.23984767
v -0.22727474 0.11331835 0.23574179
v -0.22879427 0.11609405 0.23488787
v -0.22993076 0.11282516 0.24083108
v -0.25143715 0.06245536 0.24096240
v -0.24548783 0.06136473 0.24255764
v -0.24965456 0.05739527 0.24321046
v -0.24621493 0.06389454 0.24000866
v -0.24908449 0.06274239 0.23892199
v -0.24815623 0.06522677 0.24526748
v -0.25156846 0.06179163 0.19802030
v -0.24561917 0.06070099 0.19961557
v -0.24978590 0.05673154 0.20026840
v -0.24634626 0.06323081 0.19706660
v -0.24921582 0.06207865 0.19597993
v -0.24828757 0.06456303 0.20232541
v -0.25349080 0.05205383 0.17934071
v -0.24786624 0.04931823 0.17924447
v -0.25125684 0.04928017 0.18393987
v -0.24854915 0.05207201 0.17692584
v -0.25088455 0.05362558 0.17862136
v -0.25168763 0.04733983 0.17594876
v -0.25270078 0.05605551 0.14887800
v -0.24707629 0.05331964 0.14878592
v -0.25046451 0.05329362 0.15348311
v -0.24776033 0.05606748 0.14646057
v -0.25009487 0.05762540 0.14815333
v -0.25089934 0.05133283 0.14549720
v -0.25395426 0.04970563 0.11876877
v -0.24800498 0.04861500 0.12036405
v -0.25217170 0.04464555 0.12101686
v -0.24873206 0.05114481 0.11781508
v -0.25160163 0.04999267 0.11672840
v -0.25067336 0.05247704 0.12307388
v -0.25768306 0.02396727 0.09236970
v -0.25164248 0.02365911 0.09396495
v -0.25525797 0.01918178 0.09461777
v -0.25269220 0.02607297 0.09141598
v -0.25538769 0.02455764 0.09032931
v -0.25479018 0.02714159 0.09667479
v -0.25347583 0.05212917 0.01776888
v -0.24752652 0.05103854 0.01936414
v -0.25169324 0.04706908 0.02001695
v -0.24825362 0.05356835 0.01681515
v -0.25112317 0.05241620 0.01572849
v -0.25019491 0.05490057 0.02207397
v -0.25850652 -0.01056579 0.00179267
v -0.25239009 -0.01143077 0.00277722
v -0.25586946 -0.00905851 0.00675350
v -0.25361589 -0.01112160 -0.00066190
v -0.25632687 -0.00936655 -0.00010241
v -0.25547842 -0.01583110 0.00208579
v -0.25083112 -0.06486028 -0.05476542
v -0.24458849 -0.06525547 -0.05480882
v -0.24774043 -0.06642628 -0.05009301
v -0.24625149 -0.06304449 -0.05721128
v -0.24901284 -0.06244048 -0.05555212
v -0.24735050 -0.06864325 -0.05801396
v -0.25163286 -0.06079857 -0.09929224
v -0.24571543 -0.05954650 -0.09769700
v -0.24806107 -0.06480161 -0.09704418
v -0.24734936 -0.05748280 -0.10024597
v -0.24956580 -0.05963901 -0.10133262
v -0.24965130 -0.05698826 -0.09498718
v -0.23474975 -0.10846194 -0.01937810
v -0.22936437 -0.10570853 -0.01778286
v -0.23025680 -0.11139375 -0.01713003
v -0.23148037 -0.10414293 -0.02033183
v -0.23305706 -0.10680298 -0.02141848
v -0.23383159 -0.10426647 -0.01507304
v -0.25473366 -0.04509299 0.17086277
v -0.24881624 -0.04384089 0.17245803
v -0.25116186 -0.04909601 0.17311085
v -0.25045017 -0.04177720 0.16990906
v -0.25266660 -0.04393341 0.16882239
v -0.25275211 -0.04128267 0.17516787
v -0.22409633 -0.12980251 0.21719092
v -0.21911041 -0.12637841 0.21878618
v -0.21926321 -0.13213124 0.21943900
v -0.22141043 -0.12509838 0.21623721
v -0.22263141 -0.12793934 0.21515053
v -0.22372616 -0.12552371 0.22149601
v -0.25023055 -0.06729060 0.31322570
v -0.24452997 -0.06525967 0.31480909
v -0.24615248 -0.07078035 0.31546779
v -0.24642939 -0.06343363 0.31226277
v -0.24834049 -0.06586675 0.31118098
v -0.24876673 -0.06324786 0.31752592
v -0.24209440 -0.06353016 0.37226057
v -0.23613737 -0.06221992 0.37087296
v -0.23775527 -0.06730846 0.37311652
v -0.23881142 -0.06044321 0.36910702
v -0.24120219 -0.06266734 0.36939005
v -0.23853063 -0.05927316 0.37474179
v -0.20025276 -0.16361617 0.10742365
v -0.19464854 -0.16083749 0.10741261
v -0.19685575 -0.16335543 0.11213835
v -0.19716186 -0.15979126 0.10496019
v -0.19987723 -0.16062371 0.10659618
v -0.19530426 -0.16520085 0.10426462
v -0.18567235 -0.18029026 0.18386717
v -0.18117375 -0.17624722 0.18546243
v -0.18057757 -0.18197110 0.18611524
v -0.18362064 -0.17527697 0.18291346
v -0.18446201 -0.17825251 0.18182678
v -0.18586143 -0.17599966 0.18817227
v -0.21910955 -0.13728032 -0.19419371
v -0.21412363 -0.13385625 -0.19259848
v -0.21427643 -0.13960906 -0.19194563
v -0.21642366 -0.13257621 -0.19514743
v -0.21764463 -0.13541717 -0.19623409
v -0.21873938 -0.13300154 -0.18988865
v -0.25275345 -0.05512301 -0.20134043
v -0.24683603 -0.05387094 -0.19974519
v -0.24918165 -0.05912606 -0.19909236
v -0.24846996 -0.05180724 -0.20229415
v -0.25068639 -0.05396345 -0.20338080
v -0.25077189 -0.05131271 -0.19703537
v -0.25870708 -0.00746886 -0.23435149
v -0.25267709 -0.00699647 -0.23275626
v -0.25568582 -0.01190217 -0.23210343
v -0.25402897 -0.00473792 -0.23530523
v -0.25650683 -0.00658779 -0.23639188
v -0.25624711 -0.00394841 -0.23004644
v -0.25887357 -0.00488814 -0.33656229
v -0.25273531 -0.00609039 -0.33663286
v -0.25600753 -0.00692159 -0.33192689
v -0.25409948 -0.00364159 -0.33899260
v -0.25675707 -0.00271214 -0.33731451
v -0.25591776 -0.00903565 -0.33988499
v -0.25869245 -0.00664507 -0.40155833
v -0.25266815 -0.00617420 -0.39994138
v -0.25567915 -0.01108050 -0.39930378
v -0.25401103 -0.00391324 -0.40249296
v -0.25648506 -0.00576208 -0.40359009
v -0.25624769 -0.00312869 -0.39724127
v -0.25752001 0.02634904 -0.38507072
v -0.25148528 0.02603931 -0.38345375
v -0.25510310 0.02156134 -0.38281848
v -0.25252569 0.02845564 -0.38600417
v -0.25521720 0.02694139 -0.38710214
v -0.25464284 0.02951913 -0.38075203
v -0.25262786 0.05642655 -0.27577887
v -0.24667856 0.05533591 -0.27418362
v -0.25084528 0.05136645 -0.27353079
v -0.24740564 0.05786572 -0.27673259
v -0.25027520 0.05671358 -0.27781926
v -0.24934695 0.05919795 -0.27147381
v -0.25491750 0.04482641 -0.21522912
v -0.24896822 0.04373578 -0.21363386
v -0.25313494 0.03976632 -0.21298103
v -0.24969530 0.04626559 -0.21618283
v -0.25256487 0.04511344 -0.21726948
v -0.25163661 0.04759781 -0.21092404
v -0.25755826 -0.02523218 -0.18034837
v -0.25152828 -0.02475979 -0.17875312
v -0.25453701 -0.02966549 -0.17810029
v -0.25288016 -0.02250124 -0.18130209
v -0.25535802 -0.02435110 -0.18238874
v -0.25509830 -0.02171173 -0.17604330
v -0.24115214 -0.09402716 -0.15109525
v -0.23545458 -0.09199703 -0.14950000
v -0.23707836 -0.09751805 -0.14884717
v -0.23734917 -0.09016970 -0.15204897
v -0.23925821 -0.09260227 -0.15313562
v -0.23969651 -0.08998661 -0.14679018
v -0.22286165 -0.13165476 -0.12749707
v -0.21787574 -0.12823068 -0.12590181
v -0.21802854 -0.13398350 -0.12524899
v -0.22017577 -0.12695065 -0.12845078
v -0.22139674 -0.12979161 -0.12953743
v -0.22249149 -0.12737597 -0.12319200
v -0.19511300 -0.16949368 -0.14466877
v -0.19061440 -0.16545063 -0.14307354
v -0.19001821 -0.17117451 -0.14242070
v -0.19306129 -0.16448038 -0.14562249
v -0.19390266 -0.16745593 -0.14670915
v -0.19530208 -0.16520307 -0.14036371
v -0.19305279 -0.17184952 -0.20223801
v -0.18745666 -0.16906160 -0.20243629
v -0.18930114 -0.17199435 -0.19779502
v -0.19014819 -0.16781156 -0.20458545
v -0.19273203 -0.16879446 -0.20282469
v -0.18836831 -0.17313228 -0.20589708
v -0.18012612 -0.18575229 -0.22493974
v -0.17620695 -0.18114536 -0.22334451
v -0.17485267 -0.18673858 -0.22269168
v -0.17876139 -0.18051014 -0.22589347
v -0.17919838 -0.18357131 -0.22698013
v -0.18088578 -0.18152523 -0.22063469
v -0.20213989 -0.16145795 -0.33839297
v -0.19654515 -0.15866845 -0.33860738
v -0.19835855 -0.16163674 -0.33397647
v -0.19925100 -0.15740206 -0.34072882
v -0.20182299 -0.15839848 -0.33895833
v -0.19748008 -0.16271251 -0.34209309
v -0.20464538 -0.15857544 -0.38571825
v -0.19904991 -0.15578566 -0.38590906
v -0.20087953 -0.15876054 -0.38128877
v -0.20174831 -0.15451623 -0.38803816
v -0.20432650 -0.15551517 -0.38627812
v -0.19997262 -0.15982475 -0.38940379
v 0.21581324 0.14263101 -0.41326688
v 0.21092519 0.14479673 -0.41362581
v 0.21073151 0.13889665 -0.41325473
v 0.21196541 0.13822835 -0.41123677
v 0.21355890 0.14187685 -0.40966794
v 0.21571867 0.13737688 -0.41555246
v 0.22609578 0.12623979 -0.41647376
v 0.22152743 0.12901685 -0.41683493
v 0.22057542 0.12319101 -0.41646147
v 0.22171252 0.12237028 -0.41444289
v 0.22376230 0.12578386 -0.41287513
v 0.22532582 0.12104058 -0.41875720
v 0.21277505 0.14729173 -0.39694707
v 0.20788699 0.14945745 -0.39730599
v 0.20769331 0.14355735 -0.39693492
v 0.20892722 0.14288907 -0.39491696
v 0.21052071 0.14653756 -0.39334813
v 0.21268048 0.14203759 -0.39923265
v 0.20887746 0.15322895 -0.34626580
v 0.20399075 0.15539502 -0.34664043
v 0.20379574 0.14949457 -0.34627583
v 0.20502227 0.14882432 -0.34425404
v 0.20661002 0.15247128 -0.34267584
v 0.20879126 0.14797705 -0.34855684
v 0.22264044 0.13259225 -0.30975868
v 0.21775374 0.13475831 -0.31013332
v 0.21755872 0.12885787 -0.30976872
v 0.21878526 0.12818762 -0.30774693
v 0.22037301 0.13183457 -0.30616872
v 0.22255425 0.12734035 -0.31204973
v 0.21001567 0.15152214 -0.29110923
v 0.20512895 0.15368820 -0.29148385
v 0.20493395 0.14778775 -0.29111925
v 0.20616049 0.14711750 -0.28909746
v 0.20774823 0.15076446 -0.28751925
v 0.20992947 0.14627023 -0.29340026
v 0.21824375 0.13918453 -0.25568938
v 0.21335704 0.14135060 -0.25606400
v 0.21316203 0.13545015 -0.25569941
v 0.21438857 0.13477990 -0.25367761
v 0.21597632 0.13842686 -0.25209941
v 0.21815755 0.13393263 -0.25798041
v 0.22567758 0.12735970 -0.23016802
v 0.22111055 0.13013709 -0.23054266
v 0.22015724 0.12431090 -0.23017806
v 0.22128722 0.12348827 -0.22815627
v 0.22333145 0.12690036 -0.22657807
v 0.22491569 0.12216263 -0.23245907
v 0.20922820 0.15270301 -0.15491500
v 0.20434150 0.15486908 -0.15528964
v 0.20414648 0.14896863 -0.15492503
v 0.20537302 0.14829838 -0.15290324
v 0.20696077 0.15194533 -0.15132505
v 0.20914201 0.14745111 -0.15720604
v 0.20755034 0.15521884 -0.10098267
v 0.20266363 0.15738490 -0.10135732
v 0.20246862 0.15148446 -0.10099271
v 0.20369516 0.15081420 -0.09897091
v 0.20528290 0.15446115 -0.09739273
v 0.20746414 0.14996693 -0.10327372
v 0.19976507 0.16483057 -0.06445475
v 0.19463829 0.16634313 -0.06482939
v 0.19521181 0.16046739 -0.06446479
v 0.19651504 0.15996223 -0.06244299
v 0.19761534 0.16378461 -0.06086480
v 0.20036217 0.15961199 -0.06674580
v 0.17631017 0.18979001 -0.07405317
v 0.17102745 0.19060529 -0.07442781
v 0.17237953 0.18485854 -0.07406321
v 0.17373850 0.18453171 -0.07204142
v 0.17431915 0.18846670 -0.07046322
v 0.17759797 0.18469772 -0.07634422
v 0.21918043 0.13778017 -0.05149722
v 0.21429372 0.13994624 -0.05187186
v 0.21409872 0.13404579 -0.05150725
v 0.21532525 0.13337554 -0.04948546
v 0.21691300 0.13702250 -0.04790727
v 0.21909423 0.13252827 -0.05378827
v 0.21045269 0.15086706 0.03143873
v 0.21057526 0.14552200 0.03108157
v 0.20505219 0.14761065 0.03142757
v 0.20490042 0.14900708 0.03344454
v 0.20887410 0.14907649 0.03503108
v 0.20557590 0.15279835 0.02913093
v 0.23268875 0.11317384 0.07446629
v 0.22812172 0.11595124 0.07409169
v 0.22716841 0.11012505 0.07445628
v 0.22829838 0.10930242 0.07647809
v 0.23034263 0.11271451 0.07805628
v 0.23192686 0.10797678 0.07217527
v 0.21264019 0.14758687 0.11300716
v 0.20775348 0.14975293 0.11263257
v 0.20755847 0.14385249 0.11299716
v 0.20878500 0.14318223 0.11501897
v 0.21037276 0.14682919 0.11659716
v 0.21255399 0.14233496 0.11071615
v 0.17463722 0.19125297 0.20309721
v 0.16935450 0.19206824 0.20272262
v 0.17070658 0.18632149 0.20308721
v 0.17206554 0.18599466 0.20510902
v 0.17264620 0.18992965 0.20668720
v 0.17592502 0.18616067 0.20080621
v 0.15325745 0.20902623 0.18689157
v 0.14791357 0.20914801 0.18651698
v 0.15000107 0.20362572 0.18688157
v 0.15139099 0.20347830 0.18890338
v 0.15145530 0.20745538 0.19048156
v 0.15519615 0.20414450 0.18460056
v 0.13658667 0.22014431 0.14196720
v 0.13466360 0.21798469 0.13745612
v 0.13308436 0.21490780 0.14225454
v 0.13513237 0.21432147 0.14348059
v 0.13829025 0.21623541 0.14131801
v 0.13304558 0.21891712 0.14630236
v 0.13018036 0.22441665 0.11390700
v 0.12824632 0.22226437 0.10939709
v 0.12667875 0.21917970 0.11419436
v 0.12872974 0.21859138 0.11541443
v 0.13188235 0.22050881 0.11324729
v 0.12664985 0.22318244 0.11824878
v 0.13017979 0.22441702 0.11382694
v 0.12824574 0.22226474 0.10931702
v 0.12667818 0.21918005 0.11411430
v 0.12872918 0.21859174 0.11533437
v 0.13188177 0.22050919 0.11316724
v 0.12664927 0.22318280 0.11816871
v 0.13017912 0.22441746 0.11374712
v 0.12824450 0.22226556 0.10923730
v 0.12667754 0.21918049 0.11403448
v 0.12872869 0.21859207 0.11525423
v 0.13188102 0.22050968 0.11308688
v 0.12664913 0.22318289 0.11808922
v 0.13017860 0.22441783 0.11366706
v 0.12824455 0.22226555 0.10915715
v 0.12667699 0.21918085 0.11395442
v 0.12872799 0.21859255 0.11517449
v 0.13188058 0.22050999 0.11300736
v 0.12664808 0.22318361 0.11800883
v 0.13017797 0.22441827 0.11358700
v 0.12824338 0.22226634 0.10907714
v 0.12667639 0.21918127 0.11387435
v 0.12872754 0.21859286 0.11509414
v 0.13187988 0.22051048 0.11292677
v 0.12664797 0.22318369 0.11792909
v 0.13017736 0.22441864 0.11350718
v 0.12824328 0.22226637 0.10899727
v 0.12667575 0.21918168 0.11379454
v 0.12872675 0.21859335 0.11501459
v 0.13187934 0.22051080 0.11284746
v 0.12664687 0.22318440 0.11784897
v 0.13017683 0.22441904 0.11342713
v 0.12824278 0.22226675 0.10891720
v 0.12667522 0.21918206 0.11371447
v 0.12872622 0.21859376 0.11493455
v 0.13187881 0.22051120 0.11276741
v 0.12664631 0.22318481 0.11776889
v 0.13017616 0.22441943 0.11334706
v 0.12824156 0.22226750 0.10883720
v 0.12667458 0.21918243 0.11363442
v 0.12872573 0.21859402 0.11485419
v 0.13187806 0.22051164 0.11268682
v 0.12664615 0.22318485 0.11768916
v 0.13017560 0.22441980 0.11326725
v 0.12824153 0.22226753 0.10875733
v 0.12667400 0.21918284 0.11355459
v 0.12872499 0.21859451 0.11477465
v 0.13187759 0.22051196 0.11260752
v 0.12664511 0.22318556 0.11760903
v 0.13017495 0.22442028 0.11318718
v 0.12824036 0.22226837 0.10867732
v 0.12667338 0.21918330 0.11347454
v 0.12872452 0.21859490 0.11469431
v 0.13187686 0.22051251 0.11252694
v 0.12664495 0.22318573 0.11752928
v 0.13017440 0.22442062 0.11310712
v 0.12824035 0.22226834 0.10859721
v 0.12667279 0.21918365 0.11339448
v 0.12872380 0.21859534 0.11461455
v 0.13187639 0.22051279 0.11244741
v 0.12664388 0.22318640 0.11744889
v 0.13017374 0.22442106 0.11302730
v 0.12823913 0.22226916 0.10851747
v 0.12667217 0.21918409 0.11331466
v 0.12872331 0.21859567 0.11453442
v 0.13187565 0.22051328 0.11236706
v 0.12664377 0.22318649 0.11736939
v 0.13017317 0.22442143 0.11294724
v 0.12823864 0.22226947 0.10843738
v 0.12667158 0.21918446 0.11323460
v 0.12872271 0.21859606 0.11445442
v 0.13187508 0.22051363 0.11228709
v 0.12664311 0.22318691 0.11728929
v 0.13017261 0.22442178 0.11286718
v 0.12823857 0.22226950 0.10835726
v 0.12667101 0.21918481 0.11315453
v 0.12872201 0.21859650 0.11437461
v 0.13187460 0.22051395 0.11220747
v 0.12664210 0.22318756 0.11720895
v 0.13017199 0.22442228 0.11278736
v 0.12823737 0.22227038 0.10827753
v 0.12667042 0.21918531 0.11307472
v 0.12872156 0.21859690 0.11429448
v 0.13187389 0.22051450 0.11212712
v 0.12664201 0.22318771 0.11712945
v 0.13017141 0.22442262 0.11270730
v 0.12823736 0.22227034 0.10819738
v 0.12666981 0.21918564 0.11299465
v 0.12872081 0.21859734 0.11421473
v 0.13187340 0.22051479 0.11204759
v 0.12664089 0.22318840 0.11704907
v 0.13017078 0.22442309 0.11262724
v 0.12823619 0.22227116 0.10811738
v 0.12666921 0.21918609 0.11291459
v 0.12872035 0.21859769 0.11413437
v 0.13187269 0.22051530 0.11196701
v 0.12664079 0.22318852 0.11696933
v 0.13017022 0.22442338 0.11254742
v 0.12823614 0.22227111 0.10803750
v 0.12666862 0.21918643 0.11283478
v 0.12871961 0.21859811 0.11405483
v 0.13187221 0.22051554 0.11188769
v 0.12663973 0.22318915 0.11688921
v 0.13016962 0.22442384 0.11246736
v 0.12823558 0.22227155 0.10795744
v 0.12666802 0.21918687 0.11275471
v 0.12871902 0.21859856 0.11397478
v 0.13187161 0.22051601 0.11180765
v 0.12663911 0.22318962 0.11680913
v 0.13016898 0.22442428 0.11238730
v 0.12823439 0.22227235 0.10787744
v 0.12666741 0.21918728 0.11267466
v 0.12871855 0.21859887 0.11389443
v 0.13187089 0.22051649 0.11172706
v 0.12663899 0.22318971 0.11672939
v 0.13016845 0.22442462 0.11230748
v 0.12823437 0.22227235 0.10779757
v 0.12666684 0.21918766 0.11259483
v 0.12871784 0.21859934 0.11381489
v 0.13187043 0.22051677 0.11164775
v 0.12663796 0.22319038 0.11664926
v 0.13016781 0.22442508 0.11222742
v 0.12823322 0.22227314 0.10771756
v 0.12666623 0.21918808 0.11251478
v 0.12871738 0.21859967 0.11373455
v 0.13186972 0.22051728 0.11156718
v 0.12663781 0.22319050 0.11656951
v 0.13016725 0.22442543 0.11214736
v 0.12823320 0.22227315 0.10763744
v 0.12666564 0.21918845 0.11243471
v 0.12871664 0.21860015 0.11365478
v 0.13186923 0.22051759 0.11148765
v 0.12663673 0.22319120 0.11648912
v 0.13016661 0.22442582 0.11206754
v 0.12823254 0.22227355 0.10755762
v 0.12666502 0.21918887 0.11235490
v 0.12871601 0.21860055 0.11357494
v 0.13186861 0.22051798 0.11140781
v 0.12663613 0.22319159 0.11640933
v 0.13016602 0.22442627 0.11198748
v 0.12823143 0.22227433 0.10747762
v 0.12666445 0.21918926 0.11227483
v 0.12871559 0.21860086 0.11349461
v 0.13186794 0.22051847 0.11132725
v 0.12663603 0.22319169 0.11632957
v 0.13016545 0.22442660 0.11190741
v 0.12823140 0.22227432 0.10739750
v 0.12666384 0.21918963 0.11219477
v 0.12871484 0.21860132 0.11341484
v 0.13186743 0.22051877 0.11124770
v 0.12663493 0.22319238 0.11624919
v 0.13016481 0.22442703 0.11182760
v 0.12823019 0.22227513 0.10731777
v 0.12666323 0.21919006 0.11211496
v 0.12871438 0.21860164 0.11333471
v 0.13186671 0.22051924 0.11116736
v 0.12663482 0.22319246 0.11616969
v 0.13016424 0.22442743 0.11174754
v 0.12823019 0.22227514 0.10723762
v 0.12666263 0.21919045 0.11203489
v 0.12871363 0.21860215 0.11325497
v 0.13186622 0.22051960 0.11108782
v 0.12663372 0.22319320 0.11608931
v 0.13016365 0.22442782 0.11166747
v 0.12822960 0.22227554 0.10715756
v 0.12666204 0.21919085 0.11195483
v 0.12871304 0.21860255 0.11317491
v 0.13186563 0.22051999 0.11100777
v 0.12663313 0.22319360 0.11600925
v 0.11862393 0.23022669 0.30439644
v 0.11342403 0.22959980 0.30552790
v 0.11608805 0.22445293 0.30434512
v 0.11716274 0.22465002 0.30214339
v 0.11650275 0.22870940 0.30096113
v 0.12146687 0.22548784 0.30591297
v 0.11855325 0.23026161 0.30441011
v 0.11335334 0.22963473 0.30554145
v 0.11601737 0.22448785 0.30435879
v 0.11709210 0.22468492 0.30215708
v 0.11643213 0.22874428 0.30097475
v 0.12139616 0.22552277 0.30592676
v 0.11848260 0.23029653 0.30442378
v 0.11328270 0.22966963 0.30555524
v 0.11594672 0.22452278 0.30437246
v 0.11702140 0.22471986 0.30217072
v 0.11636141 0.22877924 0.30098847
v 0.12132553 0.22555767 0.30594030
v 0.11841188 0.23033142 0.30443702
v 0.11321121 0.22970493 0.30556513
v 0.11587602 0.22455766 0.30438589
v 0.11695219 0.22475401 0.30218480
v 0.11629300 0.22881301 0.30100073
v 0.12125378 0.22559308 0.30595702
v 0.11834123 0.23036629 0.30445087
v 0.11314131 0.22973941 0.30558222
v 0.11580535 0.22459254 0.30439956
v 0.11688007 0.22478961 0.30219785
v 0.11622011 0.22884896 0.30101551
v 0.12118413 0.22562746 0.30596752
v 0.09336715 0.24179168 0.32694654
v 0.09208532 0.23919385 0.33145433
v 0.09132426 0.23583297 0.32664692
v 0.09344795 0.23579644 0.32541003
v 0.09601989 0.23844838 0.32756974
v 0.09023770 0.23971341 0.32261917
v 0.16725515 0.18512426 0.37355545
v 0.16293886 0.18656832 0.37072764
v 0.16376483 0.18071139 0.37070698
v 0.16388259 0.17995951 0.37304408
v 0.16366923 0.18354991 0.37536259
v 0.16940757 0.18028434 0.37136887
v 0.12496602 0.20569949 0.38838302
v 0.12101257 0.20685674 0.38495619
v 0.12219202 0.20106322 0.38513039
v 0.12202402 0.20033082 0.38747059
v 0.12126426 0.20391121 0.38968771
v 0.12769985 0.20099447 0.38658643
v 0.07027697 0.20757725 0.42387850
v 0.06841560 0.20328018 0.42648286
v 0.06852363 0.20246743 0.42062502
v 0.07081165 0.20291271 0.41984532
v 0.07292350 0.20421571 0.42333160
v 0.06792566 0.20778048 0.41865656
v 0.07421070 0.19459879 0.44529766
v 0.07240448 0.19046343 0.44818701
v 0.07239546 0.18930751 0.44238615
v 0.07466712 0.18970482 0.44153586
v 0.07684771 0.19120935 0.44489644
v 0.07175500 0.19449595 0.44012100
v -0.01149502 0.12222129 0.49364224
v -0.01595222 0.12141772 0.49077872
v -0.01122146 0.12231134 0.48734252
v -0.00950208 0.12067827 0.48798913
v -0.01117269 0.11859339 0.49133193
v -0.00791436 0.12555561 0.49065896
v -0.01351611 0.14666418 0.49364743
v -0.01797271 0.14585788 0.49078369
v -0.01324122 0.14674822 0.48734764
v -0.01152198 0.14511577 0.48799619
v -0.01319329 0.14303407 0.49134058
v -0.00993482 0.14999564 0.49066170
v -0.07094064 0.11360079 0.49364767
v -0.07539724 0.11279449 0.49078394
v -0.07066575 0.11368484 0.48734788
v -0.06894651 0.11205239 0.48799643
v -0.07061783 0.10997069 0.49134083
v -0.06735935 0.11693227 0.49066194
v -0.15066857 0.10925106 0.47275507
v -0.15302473 0.11127271 0.47712237
v -0.15588606 0.11274273 0.47215870
v -0.15641835 0.11066754 0.47095389
v -0.15460293 0.10755984 0.47326870
v -0.15170180 0.11269393 0.46829210
v -0.15246900 0.10854539 0.49237755
v -0.15522548 0.11083403 0.49636204
v -0.15759494 0.11197601 0.49106410
v -0.15801602 0.10982665 0.48994870
v -0.15643957 0.10687833 0.49261968
v -0.15306054 0.11169370 0.48762604
v -0.15271789 0.10739600 0.48712845
v -0.15512200 0.10944964 0.49145455
v -0.15792833 0.11088298 0.48644896
v -0.15844738 0.10879897 0.48525366
v -0.15665774 0.10570845 0.48761112
v -0.15370167 0.11080590 0.48262921
v -0.17972744 -0.05323775 0.49516091
v -0.18379126 -0.04985966 0.49427430
v -0.18551587 -0.05551558 0.49412395
v -0.18483279 -0.05656731 0.49623784
v -0.18265119 -0.05353019 0.49831836
v -0.18076504 -0.05818382 0.49245931
v -0.17952081 -0.05185040 0.49110560
v -0.18365913 -0.04849478 0.49053427
v -0.18537846 -0.05415176 0.49070388
v -0.18448853 -0.05514749 0.49276734
v -0.18211909 -0.05205749 0.49454205
v -0.18080897 -0.05686574 0.48865083
v -0.18040894 -0.04854291 0.48747353
v -0.18454725 -0.04518731 0.48690221
v -0.18626659 -0.05084428 0.48707182
v -0.18537666 -0.05184000 0.48913527
v -0.18300722 -0.04875001 0.49090998
v -0.18169710 -0.05355826 0.48501877
v -0.11380908 -0.14772786 0.48578455
v -0.11910571 -0.14758436 0.48498622
v -0.11705875 -0.15311853 0.48539736
v -0.11583527 -0.15331287 0.48752026
v -0.11589416 -0.14937073 0.48918405
v -0.11169730 -0.15256429 0.48355112
v -0.11246835 -0.14942763 0.49331461
v -0.11761653 -0.14919106 0.49184748
v -0.11568172 -0.15476099 0.49231512
v -0.11474378 -0.15504537 0.49456913
v -0.11498686 -0.15116423 0.49635505
v -0.11012290 -0.15420742 0.49119533
v 0.03868442 -0.18143209 0.47651101
v 0.03890674 -0.18449249 0.48090380
v 0.03989144 -0.18759784 0.47596687
v 0.04173966 -0.18652097 0.47475619
v 0.04265778 -0.18302314 0.47704406
v 0.03698040 -0.18462953 0.47207124
v 0.09160944 -0.11600062 0.49364767
v 0.08715283 -0.11680691 0.49078394
v 0.09188433 -0.11591657 0.48734788
v 0.09360357 -0.11754902 0.48799643
v 0.09193225 -0.11963072 0.49134083
v 0.09519072 -0.11266915 0.49066194
v 0.12006481 -0.06111590 0.49363955
v 0.11561213 -0.06192477 0.49077045
v 0.12034832 -0.06103749 0.48734008
v 0.12206666 -0.06266935 0.48799242
v 0.12039079 -0.06474806 0.49133640
v 0.12365018 -0.05778710 0.49065574
v 0.15348061 -0.00130658 0.49364767
v 0.14902401 -0.00211288 0.49078394
v 0.15375550 -0.00122254 0.48734788
v 0.15547475 -0.00285499 0.48799643
v 0.15380342 -0.00493668 0.49134083
v 0.15706190 0.00202489 0.49066194
v 0.12901508 -0.13332257 0.47241749
v 0.13076180 -0.13588923 0.47678479
v 0.13314015 -0.13805521 0.47182112
v 0.13419570 -0.13619092 0.47061630
v 0.13325451 -0.13271707 0.47293115
v 0.12911368 -0.13691577 0.46795453
v -0.02876516 -0.09712863 0.49354424
v -0.03321689 -0.09795808 0.49067960
v -0.02847956 -0.09709554 0.48724451
v -0.02676144 -0.09872267 0.48790913
v -0.02843845 -0.10077726 0.49126745
v -0.02517877 -0.09382140 0.49053779
v -0.08409335 -0.10776391 0.49363504
v -0.08855206 -0.10857542 0.49077613
v -0.08382311 -0.10769134 0.48733495
v -0.08210339 -0.10932261 0.48798520
v -0.08377224 -0.11139821 0.49133463
v -0.08051426 -0.10443789 0.49064064
v -0.14089324 0.02440688 0.49364480
v -0.14536199 0.02360346 0.49079927
v -0.14064517 0.02449732 0.48734404
v -0.13892318 0.02286423 0.48798358
v -0.14058024 0.02077912 0.49133295
v -0.13732471 0.02774140 0.49064725
v -0.18552933 0.01760354 0.48305830
v -0.18808042 0.02229611 0.48262942
v -0.19182869 0.01772316 0.48278724
v -0.19134535 0.01642331 0.48481656
v -0.18793861 0.01833863 0.48655944
v -0.18868742 0.01350932 0.48058792
v -0.10455733 0.08935423 0.49364743
v -0.10901393 0.08854794 0.49078369
v -0.10428244 0.08943828 0.48734764
v -0.10256319 0.08780583 0.48799619
v -0.10423452 0.08572412 0.49134058
v -0.10097604 0.09268570 0.49066170
v -0.11674518 0.14054988 0.45654595
v -0.12120178 0.13974358 0.45368222
v -0.11647028 0.14063393 0.45024616
v -0.11475104 0.13900148 0.45089472
v -0.11642236 0.13691978 0.45423911
v -0.11316389 0.14388135 0.45356023
v 0.06001440 0.15744492 0.49180534
v 0.05511774 0.15580795 0.49037176
v 0.05921946 0.15435651 0.48636481
v 0.06098151 0.15308791 0.48751682
v 0.05984870 0.15313803 0.49164311
v 0.06312162 0.15844320 0.48709501
v 0.23058247 0.11743524 0.13288393
v 0.22601543 0.12021265 0.13250932
v 0.22506212 0.11438645 0.13287391
v 0.22619210 0.11356381 0.13489572
v 0.22823634 0.11697591 0.13647391
v 0.22982058 0.11223819 0.13059291
v 0.24993640 0.06871446 0.14981524
v 0.24576907 0.07206186 0.14944064
v 0.24406662 0.06640899 0.14980523
v 0.24508012 0.06544646 0.15182705
v 0.24755046 0.06856394 0.15340523
v 0.24850552 0.06366049 0.14752423
v 0.21456409 0.14470209 0.17784877
v 0.20967738 0.14686815 0.17747416
v 0.20948238 0.14096771 0.17783875
v 0.21070890 0.14029745 0.17986057
v 0.21229666 0.14394441 0.18143875
v 0.21447789 0.13945018 0.17555775
v 0.23623078 0.10600663 0.04746893
v 0.23166374 0.10878403 0.04709433
v 0.23071043 0.10295784 0.04745892
v 0.23184042 0.10213520 0.04948073
v 0.23388464 0.10554730 0.05105892
v 0.23546888 0.10080958 0.04517792
v 0.20888627 0.15321563 -0.00625255
v 0.20399957 0.15538170 -0.00662720
v 0.20380456 0.14948125 -0.00626259
v 0.20503110 0.14881100 -0.00424079
v 0.20661884 0.15245796 -0.00266261
v 0.20880008 0.14796373 -0.00854361
v 0.09146429 0.24250953 -0.01488865
v 0.09018530 0.23992007 -0.01037521
v 0.08942119 0.23655028 -0.01517592
v 0.09154410 0.23651144 -0.01641408
v 0.09411741 0.23916737 -0.01426091
v 0.08833209 0.24042322 -0.01921015
v 0.05658781 0.25291465 0.02113812
v 0.05566563 0.25017774 0.02565155
v 0.05535783 0.24673611 0.02085083
v 0.05746694 0.24698079 0.01961267
v 0.05966301 0.24995622 0.02176582
v 0.05376187 0.25042921 0.01681660
v -0.01209690 0.25885431 0.06905451
v -0.01228595 0.25597242 0.07356793
v -0.01170038 0.25256704 0.06876721
v -0.00972465 0.25334469 0.06752906
v -0.00836556 0.25678397 0.06968220
v -0.01419050 0.25572699 0.06473298
v -0.22950051 0.12031715 0.13872769
v -0.22493347 0.12309456 0.13910229
v -0.22398014 0.11726837 0.13873769
v -0.22511012 0.11644573 0.13671588
v -0.22715437 0.11985782 0.13513770
v -0.22873859 0.11512009 0.14101870
v -0.24512536 0.08382447 0.20060097
v -0.24095805 0.08717188 0.20097557
v -0.23925559 0.08151901 0.20061097
v -0.24026907 0.08055648 0.19858916
v -0.24273944 0.08367396 0.19701098
v -0.24369449 0.07877051 0.20289198
v -0.23316163 0.11290923 0.27572463
v -0.22859460 0.11568663 0.27609922
v -0.22764129 0.10986044 0.27573463
v -0.22877126 0.10903780 0.27371282
v -0.23081551 0.11244990 0.27213463
v -0.23239974 0.10771217 0.27801564
v -0.21927044 0.07648823 0.40177619
v -0.21613341 0.08004544 0.39928269
v -0.21424262 0.07449090 0.39853564
v -0.21610492 0.07317958 0.39761174
v -0.21941091 0.07589459 0.39750641
v -0.21613711 0.07192417 0.40325619
v -0.19173715 0.08753976 0.44014956
v -0.18804096 0.09055167 0.43770439
v -0.18675679 0.08478415 0.43743436
v -0.18868792 0.08362840 0.43644633
v -0.19164202 0.08668003 0.43592402
v -0.18926545 0.08276612 0.44213491
v -0.23245955 0.03917021 0.39622179
v -0.22961071 0.04315659 0.39405271
v -0.22722400 0.03785578 0.39296135
v -0.22894803 0.03645654 0.39190722
v -0.23247933 0.03887351 0.39191895
v -0.22895828 0.03480261 0.39744813
v -0.22712595 -0.00839905 0.40972297
v -0.22500512 -0.00372430 0.40818640
v -0.22168320 -0.00833245 0.40653839
v -0.22310809 -0.00986466 0.40524866
v -0.22701692 -0.00813154 0.40541949
v -0.22291653 -0.01220185 0.41053432
v -0.16339315 0.15275970 0.41623707
v -0.16005069 0.14933928 0.41865388
v -0.15943354 0.14928395 0.41277148
v -0.15899855 0.15158932 0.41203847
v -0.15929581 0.15394573 0.41559812
v -0.16463124 0.15079892 0.41099675
v -0.12562592 0.16771676 0.44317255
v -0.12339646 0.16369862 0.44592870
v -0.12257922 0.16313035 0.44009811
v -0.12152626 0.16519541 0.43928075
v -0.12133869 0.16775854 0.44270231
v -0.12712263 0.16583183 0.43797201
v -0.09884925 0.24003409 0.32902625
v -0.09827657 0.23719439 0.33353405
v -0.09682536 0.23406890 0.32872662
v -0.09512193 0.23533764 0.32748974
v -0.09470645 0.23900847 0.32964946
v -0.10005660 0.23647670 0.32469888
v -0.10149161 0.23887740 0.29784811
v -0.10055473 0.23613621 0.30235591
v -0.09870963 0.23322583 0.29754849
v -0.09718554 0.23470519 0.29631161
v -0.09725064 0.23839889 0.29847132
v -0.10222639 0.23519327 0.29352074
v -0.04446894 0.25537502 0.22292375
v -0.04428184 0.25249299 0.22743718
v -0.04325865 0.24919260 0.22263646
v -0.04140075 0.25022044 0.22139830
v -0.04050018 0.25380719 0.22355147
v -0.04613833 0.25200212 0.21860223
v -0.07186712 0.24931017 0.17974388
v -0.07129729 0.24647885 0.18425731
v -0.06984305 0.24334442 0.17945659
v -0.06813883 0.24461087 0.17821843
v -0.06772470 0.24828571 0.18037157
v -0.07307173 0.24574475 0.17542236
v -0.12427019 0.22762881 0.20049649
v -0.12333723 0.22489554 0.20500992
v -0.12148797 0.22197670 0.20020920
v -0.11996279 0.22345389 0.19897105
v -0.12002977 0.22715139 0.20112421
v -0.12500121 0.22393706 0.19617497
v -0.09059522 0.24292267 0.11589524
v -0.09002540 0.24009136 0.12040867
v -0.08857116 0.23695693 0.11560795
v -0.08686693 0.23822338 0.11436979
v -0.08645281 0.24189822 0.11652292
v -0.09179983 0.23935726 0.11157372
v -0.05168911 0.25394939 0.10738357
v -0.05150201 0.25106736 0.11189700
v -0.05047883 0.24776697 0.10709627
v -0.04862092 0.24879482 0.10585811
v -0.04772034 0.25238157 0.10801128
v -0.05335850 0.25057649 0.10306205
v -0.07264284 0.24904568 0.05974057
v -0.07207302 0.24621436 0.06425400
v -0.07061878 0.24307993 0.05945327
v -0.06891456 0.24434638 0.05821511
v -0.06850043 0.24802122 0.06036828
v -0.07384745 0.24548027 0.05541905
v -0.05459372 0.25337604 0.08908046
v -0.05440662 0.25049401 0.09359389
v -0.05338344 0.24719362 0.08879317
v -0.05152553 0.24822146 0.08755501
v -0.05062496 0.25180822 0.08970817
v -0.05626311 0.25000314 0.08475894
v -0.05449964 0.25339444 0.13443976
v -0.05431254 0.25051241 0.13895318
v -0.05328935 0.24721201 0.13415246
v -0.05143145 0.24823986 0.13291430
v -0.05053087 0.25182662 0.13506746
v -0.05616903 0.25002154 0.13011823
v -0.04843853 0.25459109 0.15840283
v -0.04825143 0.25170906 0.16291625
v -0.04722824 0.24840867 0.15811554
v -0.04537033 0.24943651 0.15687737
v -0.04446976 0.25302327 0.15903054
v -0.05010792 0.25121819 0.15408130
v -0.05144623 0.25399742 0.19325458
v -0.05125914 0.25111539 0.19776801
v -0.05023596 0.24781499 0.19296729
v -0.04837805 0.24884283 0.19172913
v -0.04747747 0.25242959 0.19388227
v -0.05311563 0.25062452 0.18893306
v -0.05890970 0.25252408 0.23313649
v -0.05872260 0.24964204 0.23764991
v -0.05769942 0.24634165 0.23284919
v -0.05584151 0.24736949 0.23161104
v -0.05494094 0.25095625 0.23376420
v -0.06057909 0.24915117 0.22881497
v -0.07854312 0.24703335 0.27511538
v -0.07797329 0.24420204 0.27962880
v -0.07651905 0.24106761 0.27482808
v -0.07481483 0.24233406 0.27358993
v -0.07440070 0.24600890 0.27574307
v -0.07974773 0.24346794 0.27079385
v -0.06631538 0.25016282 0.35146613
v -0.06597374 0.24649802 0.35536028
v -0.06513733 0.24414377 0.34999891
v -0.06332230 0.24538873 0.34890486
v -0.06233172 0.24851957 0.35164871
v -0.06815254 0.24763974 0.34666010
v 0.02325045 0.25811108 0.20843157
v 0.02269177 0.25527754 0.21294499
v 0.02283384 0.25182513 0.20814427
v 0.02489327 0.25234180 0.20690611
v 0.02668404 0.25557740 0.20905926
v 0.02077147 0.25527948 0.20411004
v 0.01868191 0.25840659 0.18126042
v 0.01812324 0.25557303 0.18577384
v 0.01826531 0.25212061 0.18097312
v 0.02032474 0.25263729 0.17973496
v 0.02211550 0.25587288 0.18188811
v 0.01620294 0.25557496 0.17693889
v 0.00467384 0.25931238 0.14134860
v 0.00231955 0.25659493 0.13737554
v 0.00437451 0.25301882 0.14161521
v 0.00676175 0.25351433 0.14192637
v 0.00754499 0.25681508 0.13931801
v 0.00414173 0.25635483 0.14622800
v 0.00464145 0.25931448 0.14127538
v 0.00228717 0.25659703 0.13730231
v 0.00434212 0.25302092 0.14154199
v 0.00672935 0.25351643 0.14185314
v 0.00751261 0.25681718 0.13924477
v 0.00410933 0.25635694 0.14615476
v 0.00460908 0.25931659 0.14120239
v 0.00225479 0.25659914 0.13722933
v 0.00430974 0.25302302 0.14146900
v 0.00669697 0.25351853 0.14178016
v 0.00748023 0.25681929 0.13917180
v 0.00407695 0.25635904 0.14608177
v 0.00457663 0.25931869 0.14112917
v 0.00222180 0.25660128 0.13715642
v 0.00427732 0.25302513 0.14139578
v 0.00666461 0.25352063 0.14170658
v 0.00744749 0.25682141 0.13909818
v 0.00404518 0.25636111 0.14600860
v 0.00454428 0.25932077 0.14105618
v 0.00219000 0.25660332 0.13708312
v 0.00424494 0.25302721 0.14132279
v 0.00663219 0.25352272 0.14163395
v 0.00741544 0.25682347 0.13902559
v 0.00401216 0.25636322 0.14593556
v 0.00451186 0.25932284 0.14098296
v 0.00215757 0.25660541 0.13700989
v 0.00421252 0.25302928 0.14124957
v 0.00659976 0.25352480 0.14156072
v 0.00738301 0.25682556 0.13895236
v 0.00397974 0.25636533 0.14586234
v 0.00447939 0.25932495 0.14090997
v 0.00212387 0.25660758 0.13693765
v 0.00418013 0.25303139 0.14117658
v 0.00656746 0.25352687 0.14148698
v 0.00734991 0.25682769 0.13887845
v 0.00394877 0.25636732 0.14578950
v 0.00444707 0.25932705 0.14083675
v 0.00209245 0.25660963 0.13686387
v 0.00414776 0.25303349 0.14110336
v 0.00653502 0.25352900 0.14141431
v 0.00731805 0.25682977 0.13880592
v 0.00391535 0.25636949 0.14571616
v 0.00441465 0.25932913 0.14076376
v 0.00206014 0.25661171 0.13679083
v 0.00411533 0.25303556 0.14103037
v 0.00650259 0.25353109 0.14134138
v 0.00728569 0.25683186 0.13873301
v 0.00388280 0.25637159 0.14564317
v 0.00438230 0.25933126 0.14069054
v 0.00202801 0.25661382 0.13671747
v 0.00408296 0.25303770 0.14095715
v 0.00647020 0.25353321 0.14126830
v 0.00725345 0.25683396 0.13865994
v 0.00385018 0.25637372 0.14556992
v 0.00434992 0.25933330 0.14061755
v 0.00199563 0.25661587 0.13664449
v 0.00405058 0.25303975 0.14088416
v 0.00643782 0.25353527 0.14119532
v 0.00722107 0.25683602 0.13858695
v 0.00381779 0.25637579 0.14549693
v 0.00431748 0.25933542 0.14054433
v 0.00196286 0.25661799 0.13657144
v 0.00401817 0.25304185 0.14081094
v 0.00640543 0.25353736 0.14112189
v 0.00718846 0.25683813 0.13851349
v 0.00378576 0.25637785 0.14542375
v 0.00428509 0.25933746 0.14047134
v 0.00193080 0.25662002 0.13649828
v 0.00398575 0.25304390 0.14073795
v 0.00637299 0.25353941 0.14104911
v 0.00715624 0.25684018 0.13844074
v 0.00375297 0.25637994 0.14535072
v 0.00425269 0.25933962 0.14039812
v 0.00189819 0.25662218 0.13642518
v 0.00395337 0.25304607 0.14066473
v 0.00634063 0.25354157 0.14097574
v 0.00712374 0.25684235 0.13836737
v 0.00372085 0.25638207 0.14527753
v 0.00422032 0.25934173 0.14032513
v 0.00186603 0.25662428 0.13635207
v 0.00392098 0.25304817 0.14059174
v 0.00630822 0.25354367 0.14090289
v 0.00709147 0.25684443 0.13829453
v 0.00368819 0.25638419 0.14520451
v 0.00418789 0.25934381 0.14025191
v 0.00183328 0.25662637 0.13627902
v 0.00388858 0.25305024 0.14051852
v 0.00627584 0.25354575 0.14082947
v 0.00705887 0.25684652 0.13822107
v 0.00365617 0.25638624 0.14513133
v 0.00415543 0.25934588 0.14017892
v 0.00179992 0.25662853 0.13620660
v 0.00385618 0.25305232 0.14044553
v 0.00624351 0.25354783 0.14075592
v 0.00702596 0.25684865 0.13814740
v 0.00362482 0.25638826 0.14505845
v 0.00412313 0.25934796 0.14010594
v 0.00176884 0.25663052 0.13613288
v 0.00382379 0.25305439 0.14037255
v 0.00621103 0.25354992 0.14068370
v 0.00699428 0.25685067 0.13807534
v 0.00359101 0.25639044 0.14498532
v 0.00409073 0.25935009 0.14003271
v 0.00173622 0.25663265 0.13605978
v 0.00379141 0.25305653 0.14029932
v 0.00617867 0.25355204 0.14061033
v 0.00696176 0.25685281 0.13800197
v 0.00355887 0.25639253 0.14491212
v 0.00405829 0.25935216 0.13995973
v 0.00170368 0.25663475 0.13598685
v 0.00375898 0.25305861 0.14022634
v 0.00614624 0.25355412 0.14053729
v 0.00692928 0.25685490 0.13792890
v 0.00352657 0.25639462 0.14483915
v 0.00402593 0.25935424 0.13988651
v 0.00167164 0.25663680 0.13591344
v 0.00372659 0.25306068 0.14015311
v 0.00611383 0.25355619 0.14046426
v 0.00689708 0.25685695 0.13785590
v 0.00349381 0.25639672 0.14476588
v 0.00399355 0.25935635 0.13981352
v 0.00163926 0.25663889 0.13584045
v 0.00369421 0.25306278 0.14008013
v 0.00608145 0.25355830 0.14039128
v 0.00686470 0.25685905 0.13778292
v 0.00346142 0.25639880 0.14469290
v 0.00396115 0.25935845 0.13974030
v 0.00160687 0.25664100 0.13576723
v 0.00366182 0.25306489 0.14000690
v 0.00604905 0.25356040 0.14031806
v 0.00683231 0.25686115 0.13770969
v 0.00342903 0.25640090 0.14461967
v 0.00392871 0.25936052 0.13966731
v 0.00157387 0.25664312 0.13569457
v 0.00362940 0.25306698 0.13993392
v 0.00601669 0.25356248 0.14024472
v 0.00679957 0.25686327 0.13763632
v 0.00339726 0.25640296 0.14454675
v 0.00389637 0.25936263 0.13959409
v 0.00154208 0.25664519 0.13562102
v 0.00359703 0.25306907 0.13986069
v 0.00598427 0.25356459 0.14017184
v 0.00676752 0.25686534 0.13756348
v 0.00336425 0.25640511 0.14447346
v 0.00386397 0.25936476 0.13952110
v 0.00150968 0.25664732 0.13554803
v 0.00356463 0.25307120 0.13978771
v 0.00595187 0.25356672 0.14009887
v 0.00673512 0.25686747 0.13749050
v 0.00333184 0.25640722 0.14440048
v 0.00383156 0.25936681 0.13944788
v 0.00147727 0.25664936 0.13547481
v 0.00353222 0.25307324 0.13971448
v 0.00591946 0.25356876 0.14002564
v 0.00670271 0.25686951 0.13741727
v 0.00329943 0.25640926 0.14432725
v 0.00379908 0.25936891 0.13937489
v 0.00144323 0.25665159 0.13540273
v 0.00349983 0.25307537 0.13964150
v 0.00588720 0.25357087 0.13995168
v 0.00666943 0.25687169 0.13734314
v 0.00326886 0.25641127 0.14425445
v 0.00376675 0.25937102 0.13930167
v 0.00141224 0.25665358 0.13532873
v 0.00346742 0.25307746 0.13956827
v 0.00585469 0.25357297 0.13987928
v 0.00663779 0.25687374 0.13727091
v 0.00323490 0.25641346 0.14418107
v 0.00373438 0.25937313 0.13922868
v 0.00138009 0.25665567 0.13525561
v 0.00343504 0.25307956 0.13949529
v 0.00582228 0.25357507 0.13980645
v 0.00660553 0.25687583 0.13719808
v 0.00320225 0.25641558 0.14410806
v 0.00370202 0.25937520 0.13915546
v 0.00134773 0.25665777 0.13518239
v 0.00340268 0.25308163 0.13942206
v 0.00578992 0.25357716 0.13973321
v 0.00657316 0.25687792 0.13712485
v 0.00316989 0.25641768 0.14403483
v 0.00366957 0.25937730 0.13908247
v 0.00131495 0.25665989 0.13510959
v 0.00337025 0.25308376 0.13934908
v 0.00575752 0.25357926 0.13966004
v 0.00654055 0.25688004 0.13705164
v 0.00313784 0.25641976 0.14396189
v 0.00363719 0.25937941 0.13900925
v 0.00128290 0.25666196 0.13503618
v 0.00333785 0.25308585 0.13927586
v 0.00572510 0.25358136 0.13958700
v 0.00650835 0.25688211 0.13697864
v 0.00310507 0.25642187 0.14388862
v 0.00360479 0.25938145 0.13893626
v 0.00125028 0.25666404 0.13496333
v 0.00330547 0.25308789 0.13920287
v 0.00569273 0.25358341 0.13951388
v 0.00647583 0.25688418 0.13690551
v 0.00307293 0.25642391 0.14381567
v 0.00357241 0.25938359 0.13886304
v 0.00121812 0.25666615 0.13488997
v 0.00327307 0.25309003 0.13912965
v 0.00566031 0.25358555 0.13944079
v 0.00644356 0.25688631 0.13683243
v 0.00304028 0.25642607 0.14374241
v 0.00353999 0.25938567 0.13879005
v 0.00118538 0.25666825 0.13481717
v 0.00324068 0.25309212 0.13905666
v 0.00562795 0.25358763 0.13936761
v 0.00641098 0.25688839 0.13675922
v 0.00300827 0.25642811 0.14366947
v 0.00350761 0.25938777 0.13871683
v 0.00115332 0.25667032 0.13474375
v 0.00320827 0.25309421 0.13898344
v 0.00559551 0.25358972 0.13929458
v 0.00637876 0.25689047 0.13668622
v 0.00297549 0.25643023 0.14359620
v 0.00347521 0.25938984 0.13864384
v 0.00112092 0.25667240 0.13467077
v 0.00317587 0.25309629 0.13891045
v 0.00556311 0.25359179 0.13922160
v 0.00634636 0.25689255 0.13661324
v 0.00294308 0.25643230 0.14352322
v 0.00344272 0.25939195 0.13857086
v 0.00108698 0.25667462 0.13459863
v 0.00314348 0.25309841 0.13883747
v 0.00553082 0.25359390 0.13914773
v 0.00631313 0.25689472 0.13653919
v 0.00291237 0.25643432 0.14345043
v 0.00341043 0.25939403 0.13849763
v 0.00105615 0.25667659 0.13452456
v 0.00311110 0.25310046 0.13876424
v 0.00549834 0.25359599 0.13907539
v 0.00628158 0.25689674 0.13646703
v 0.00287831 0.25643651 0.14337701
v 0.00337799 0.25939613 0.13842465
v 0.00102339 0.25667872 0.13445176
v 0.00307868 0.25310258 0.13869126
v 0.00546595 0.25359809 0.13900220
v 0.00624898 0.25689886 0.13639382
v 0.00284628 0.25643858 0.14330406
v 0.00334564 0.25939823 0.13835142
v 0.00099135 0.25668079 0.13437835
v 0.00304630 0.25310468 0.13861803
v 0.00543354 0.25360018 0.13892918
v 0.00621679 0.25690094 0.13632081
v 0.00281352 0.25644069 0.14323080
v 0.00331326 0.25940034 0.13827844
v 0.00095897 0.25668289 0.13430537
v 0.00301392 0.25310678 0.13854505
v 0.00540115 0.25360228 0.13885620
v 0.00618441 0.25690304 0.13624784
v 0.00278113 0.25644280 0.14315782
v 0.00328082 0.25940245 0.13820521
v 0.00092631 0.25668501 0.13423227
v 0.00298150 0.25310888 0.13847182
v 0.00536876 0.25360440 0.13878283
v 0.00615186 0.25690516 0.13617446
v 0.00274897 0.25644489 0.14308462
v 0.00324842 0.25940449 0.13813223
v 0.00089381 0.25668708 0.13415934
v 0.00294911 0.25311094 0.13839884
v 0.00533638 0.25360645 0.13870978
v 0.00611941 0.25690722 0.13610140
v 0.00271670 0.25644694 0.14301164
v 0.00321606 0.25940659 0.13805900
v 0.00086177 0.25668916 0.13408594
v 0.00291672 0.25311304 0.13832561
v 0.00530396 0.25360855 0.13863676
v 0.00608721 0.25690931 0.13602839
v 0.00268393 0.25644908 0.14293838
v 0.00318365 0.25940873 0.13798602
v 0.00082936 0.25669128 0.13401295
v 0.00288431 0.25311517 0.13825263
v 0.00527155 0.25361068 0.13856378
v 0.00605480 0.25691143 0.13595541
v 0.00265152 0.25645119 0.14286540
v 0.00315127 0.25941081 0.13791279
v 0.00079698 0.25669336 0.13393973
v 0.00285193 0.25311724 0.13817940
v 0.00523917 0.25361275 0.13849055
v 0.00602242 0.25691351 0.13588219
v 0.00261914 0.25645326 0.14279217
v 0.00311877 0.25941288 0.13783981
v 0.00076292 0.25669555 0.13386765
v 0.00281953 0.25311934 0.13810642
v 0.00520689 0.25361483 0.13841660
v 0.00598912 0.25691566 0.13580806
v 0.00258855 0.25645524 0.14271937
v 0.00308646 0.25941502 0.13776658
v 0.00073196 0.25669757 0.13379365
v 0.00278714 0.25312146 0.13803319
v 0.00517440 0.25361696 0.13834420
v 0.00595751 0.25691774 0.13573583
v 0.00255461 0.25645746 0.14264599
v 0.00305409 0.25941709 0.13769360
v 0.00069980 0.25669964 0.13372053
v 0.00275476 0.25312353 0.13796021
v 0.00514199 0.25361904 0.13827136
v 0.00592525 0.25691979 0.13566299
v 0.00252196 0.25645955 0.14257298
v 0.00302169 0.25941920 0.13762037
v 0.00066741 0.25670175 0.13364731
v 0.00272235 0.25312563 0.13788698
v 0.00510960 0.25362115 0.13819813
v 0.00589285 0.25692190 0.13558977
v 0.00248957 0.25646165 0.14249975
v 0.00298927 0.25942127 0.13754739
v 0.00063466 0.25670386 0.13357450
v 0.00268995 0.25312773 0.13781400
v 0.00507723 0.25362323 0.13812494
v 0.00586026 0.25692401 0.13551655
v 0.00245755 0.25646372 0.14242680
v 0.00295691 0.25942337 0.13747416
v 0.00060262 0.25670593 0.13350109
v 0.00265757 0.25312982 0.13774077
v 0.00504480 0.25362533 0.13805192
v 0.00582806 0.25692608 0.13544356
v 0.00242478 0.25646583 0.14235354
v 0.00292448 0.25942548 0.13740118
v 0.00056997 0.25670807 0.13342825
v 0.00262516 0.25313192 0.13766779
v 0.00501242 0.25362744 0.13797880
v 0.00579552 0.25692821 0.13537043
v 0.00239263 0.25646794 0.14228058
v 0.00289209 0.25942752 0.13732795
v 0.00053780 0.25671009 0.13335488
v 0.00259276 0.25313397 0.13759456
v 0.00497999 0.25362948 0.13790571
v 0.00576324 0.25693025 0.13529735
v 0.00235997 0.25647001 0.14220733
v 0.00285968 0.25942966 0.13725497
v 0.00050507 0.25671223 0.13328209
v 0.00256036 0.25313610 0.13752158
v 0.00494764 0.25363160 0.13783253
v 0.00573067 0.25693239 0.13522413
v 0.00232796 0.25647210 0.14213438
v 0.00282732 0.25943177 0.13718174
v 0.00047303 0.25671432 0.13320867
v 0.00252798 0.25313821 0.13744835
v 0.00491522 0.25363372 0.13775950
v 0.00569847 0.25693446 0.13515114
v 0.00229519 0.25647422 0.14206112
v 0.00279491 0.25943384 0.13710876
v 0.00044062 0.25671640 0.13313569
v 0.00249557 0.25314028 0.13737537
v 0.00488281 0.25363579 0.13768652
v 0.00566606 0.25693654 0.13507815
v 0.00226278 0.25647630 0.14198814
v 0.00276243 0.25943591 0.13703577
v 0.00040669 0.25671859 0.13306355
v 0.00246318 0.25314237 0.13730238
v 0.00485054 0.25363787 0.13761265
v 0.00563284 0.25693869 0.13500411
v 0.00223208 0.25647829 0.14191535
v 0.00273013 0.25943805 0.13696255
v 0.00037584 0.25672060 0.13298948
v 0.00243079 0.25314449 0.13722916
v 0.00481803 0.25364000 0.13754031
v 0.00560128 0.25694076 0.13493194
v 0.00219800 0.25648051 0.14184193
v 0.00269770 0.25944010 0.13688956
v 0.00034308 0.25672268 0.13291669
v 0.00239838 0.25314655 0.13715617
v 0.00478565 0.25364206 0.13746713
v 0.00556868 0.25694283 0.13485873
v 0.00216597 0.25648255 0.14176898
v 0.00266534 0.25944223 0.13681634
v 0.00031105 0.25672479 0.13284327
v 0.00236600 0.25314867 0.13708295
v 0.00475324 0.25364418 0.13739410
v 0.00553649 0.25694493 0.13478574
v 0.00213321 0.25648469 0.14169571
v 0.00263292 0.25944428 0.13674335
v 0.00027864 0.25672684 0.13277029
v 0.00233359 0.25315072 0.13700996
v 0.00472083 0.25364625 0.13732112
v 0.00550408 0.25694699 0.13471276
v 0.00210081 0.25648676 0.14162273
v 0.00260052 0.25944642 0.13667013
v 0.00024602 0.25672897 0.13269719
v 0.00230120 0.25315285 0.13693674
v 0.00468846 0.25364836 0.13724775
v 0.00547157 0.25694913 0.13463938
v 0.00206867 0.25648886 0.14154953
v 0.00256814 0.25944852 0.13659714
v 0.00021352 0.25673109 0.13262427
v 0.00226882 0.25315495 0.13686375
v 0.00465609 0.25365046 0.13717471
v 0.00543912 0.25695124 0.13456631
v 0.00203641 0.25649095 0.14147656
v 0.00253575 0.25945056 0.13652392
v 0.00018146 0.25673313 0.13255085
v 0.00223641 0.25315700 0.13679053
v 0.00462365 0.25365252 0.13710168
v 0.00540690 0.25695328 0.13449332
v 0.00200363 0.25649305 0.14140329
v 0.00250335 0.25945267 0.13645093
v 0.00014907 0.25673523 0.13247787
v 0.00220401 0.25315911 0.13671754
v 0.00459126 0.25365464 0.13702870
v 0.00537450 0.25695538 0.13442033
v 0.00197123 0.25649515 0.14133031
v 0.00247097 0.25945481 0.13637771
v 0.00011668 0.25673735 0.13240464
v 0.00217164 0.25316124 0.13664432
v 0.00455887 0.25365675 0.13695547
v 0.00534213 0.25695750 0.13434711
v 0.00193885 0.25649726 0.14125708
v 0.00243842 0.25945688 0.13630472
v 0.00008236 0.25673957 0.13233268
v 0.00213920 0.25316331 0.13657133
v 0.00452658 0.25365883 0.13688141
v 0.00530867 0.25695967 0.13427282
v 0.00190848 0.25649922 0.14118432
v 0.00240616 0.25945893 0.13623150
v 0.00005186 0.25674148 0.13225843
v 0.00210682 0.25316536 0.13649811
v 0.00449405 0.25366088 0.13680926
v 0.00527731 0.25696164 0.13420090
v 0.00187403 0.25650141 0.14111087
v 0.00237376 0.25946106 0.13615851
v 0.00001948 0.25674361 0.13218545
v 0.00207442 0.25316750 0.13642512
v 0.00446167 0.25366301 0.13673628
v 0.00524492 0.25696376 0.13412791
v 0.00184164 0.25650351 0.14103789
v 0.00234138 0.25946320 0.13608529
v -0.00001290 0.25674574 0.13211222
v 0.00204205 0.25316963 0.13635190
v 0.00442928 0.25366514 0.13666305
v 0.00521254 0.25696590 0.13405469
v 0.00180926 0.25650565 0.14096466
v 0.00230896 0.25946524 0.13601230
v -0.00004566 0.25674781 0.13203942
v 0.00200965 0.25317168 0.13627891
v 0.00439691 0.25366718 0.13658987
v 0.00517994 0.25696796 0.13398147
v 0.00177724 0.25650767 0.14089172
v 0.00227657 0.25946732 0.13593908
v -0.00007793 0.25674989 0.13196614
v 0.00197725 0.25317375 0.13620569
v 0.00436451 0.25366928 0.13651670
v 0.00514761 0.25697004 0.13390832
v 0.00174472 0.25650978 0.14081849
v 0.00224419 0.25946945 0.13586609
v -0.00011010 0.25675200 0.13189303
v 0.00194485 0.25317589 0.13613270
v 0.00433210 0.25367140 0.13644386
v 0.00511534 0.25697215 0.13383549
v 0.00171207 0.25651191 0.14074547
v 0.00221179 0.25947152 0.13579287
v -0.00014250 0.25675408 0.13181979
v 0.00191245 0.25317796 0.13605948
v 0.00429969 0.25367347 0.13637063
v 0.00508294 0.25697422 0.13376227
v 0.00167966 0.25651398 0.14067224
v 0.00217938 0.25947363 0.13571988
v -0.00017523 0.25675621 0.13174700
v 0.00188006 0.25318009 0.13598649
v 0.00426733 0.25367559 0.13629745
v 0.00505036 0.25697636 0.13368905
v 0.00164765 0.25651608 0.14059930
v 0.00214701 0.25947571 0.13564666
v -0.00020727 0.25675826 0.13167359
v 0.00184768 0.25318214 0.13591327
v 0.00423492 0.25367767 0.13622442
v 0.00501816 0.25697842 0.13361606
v 0.00161489 0.25651819 0.14052604
v 0.00211460 0.25947784 0.13557368
v -0.00023991 0.25676040 0.13160074
v 0.00181528 0.25318428 0.13584028
v 0.00420254 0.25367979 0.13615129
v 0.00498564 0.25698056 0.13354293
v 0.00158275 0.25652028 0.14045308
v -0.01809595 0.25846670 0.08774914
v -0.01828500 0.25558478 0.09226255
v -0.01769944 0.25217940 0.08746184
v -0.01572371 0.25295705 0.08622369
v -0.01436461 0.25639635 0.08837682
v -0.02018955 0.25533936 0.08342761
v -0.03291207 0.25750849 0.04167325
v -0.03310112 0.25462660 0.04618668
v -0.03251556 0.25122121 0.04138596
v -0.03053982 0.25199887 0.04014781
v -0.02918073 0.25543816 0.04230095
v -0.03500567 0.25438117 0.03735173
v -0.01255911 0.25882471 -0.03367290
v -0.01274814 0.25594280 -0.02915948
v -0.01216256 0.25253744 -0.03396019
v -0.01018683 0.25331509 -0.03519835
v -0.00882776 0.25675439 -0.03304519
v -0.01465269 0.25569737 -0.03799443
v 0.00042244 0.25958698 -0.06493713
v -0.00013620 0.25675343 -0.06042369
v 0.00000587 0.25330101 -0.06522440
v 0.00206531 0.25381771 -0.06646256
v 0.00385605 0.25705331 -0.06430938
v -0.00205651 0.25675536 -0.06925863
v 0.00887253 0.25904064 -0.08959641
v 0.00831387 0.25620709 -0.08508297
v 0.00845596 0.25275465 -0.08988367
v 0.01051539 0.25327137 -0.09112184
v 0.01230613 0.25650696 -0.08896867
v 0.00639356 0.25620900 -0.09391791
v 0.18926621 0.17683704 0.26808533
v 0.18413942 0.17834961 0.26771073
v 0.18471293 0.17247387 0.26807532
v 0.18601616 0.17196871 0.27009714
v 0.18711647 0.17579110 0.27167532
v 0.18986330 0.17161847 0.26579432
v 0.19296098 0.17261182 0.21751886
v 0.18783422 0.17412440 0.21714426
v 0.18840772 0.16824865 0.21750885
v 0.18971096 0.16774349 0.21953067
v 0.19081127 0.17156588 0.22110885
v 0.19355810 0.16739325 0.21522785
v 0.19311902 0.17243098 0.18267540
v 0.18799225 0.17394356 0.18230080
v 0.18856576 0.16806781 0.18266540
v 0.18986898 0.16756264 0.18468721
v 0.19096930 0.17138504 0.18626539
v 0.19371613 0.16721242 0.18038440
v 0.17545569 0.19053709 0.11969445
v 0.17017297 0.19135238 0.11931984
v 0.17152504 0.18560561 0.11968443
v 0.17288401 0.18527878 0.12170625
v 0.17346467 0.18921379 0.12328443
v 0.17674348 0.18544480 0.11740343
v 0.18650854 0.17999048 0.05388289
v 0.18138176 0.18150304 0.05350829
v 0.18195528 0.17562730 0.05387289
v 0.18325851 0.17512213 0.05589470
v 0.18435882 0.17894452 0.05747288
v 0.18710564 0.17477191 0.05159188
v 0.21803432 0.13949860 0.05337005
v 0.21314761 0.14166466 0.05299546
v 0.21295260 0.13576422 0.05336005
v 0.21417913 0.13509397 0.05538186
v 0.21576689 0.13874092 0.05696005
v 0.21794813 0.13424670 0.05107904
v 0.22806692 0.12252492 0.01652561
v 0.22349988 0.12530232 0.01615101
v 0.22254658 0.11947613 0.01651560
v 0.22367655 0.11865350 0.01853741
v 0.22572079 0.12206560 0.02011560
v 0.22730502 0.11732786 0.01423460
v 0.20950359 0.15228979 -0.04678771
v 0.20461689 0.15445585 -0.04716235
v 0.20442188 0.14855540 -0.04679775
v 0.20564842 0.14788515 -0.04477596
v 0.20723616 0.15153210 -0.04319776
v 0.20941740 0.14703788 -0.04907876
v 0.21511992 0.14386876 -0.07879493
v 0.21023320 0.14603483 -0.07916957
v 0.21003820 0.14013438 -0.07880497
v 0.21126473 0.13946413 -0.07678317
v 0.21285248 0.14311108 -0.07520498
v 0.21503372 0.13861686 -0.08108598
v 0.22092949 0.13515714 -0.12453122
v 0.21604279 0.13732320 -0.12490586
v 0.21584777 0.13142276 -0.12454126
v 0.21707431 0.13075249 -0.12251947
v 0.21866206 0.13439945 -0.12094127
v 0.22084330 0.12990523 -0.12682227
v 0.22188646 0.13372262 -0.15521779
v 0.21699976 0.13588868 -0.15559243
v 0.21680474 0.12998824 -0.15522783
v 0.21803128 0.12931798 -0.15320603
v 0.21961903 0.13296493 -0.15162784
v 0.22180027 0.12847071 -0.15750884
v 0.21454229 0.14473474 -0.18298964
v 0.20965558 0.14690080 -0.18336429
v 0.20946057 0.14100035 -0.18299968
v 0.21068711 0.14033009 -0.18097788
v 0.21227485 0.14397705 -0.17939969
v 0.21445609 0.13948283 -0.18528070
v 0.20714022 0.15583352 -0.20103146
v 0.20225351 0.15799958 -0.20140610
v 0.20205851 0.15209914 -0.20104149
v 0.20328504 0.15142888 -0.19901970
v 0.20487279 0.15507583 -0.19744151
v 0.20705403 0.15058162 -0.20332250
v 0.19655635 0.16849962 -0.22908096
v 0.19142957 0.17001219 -0.22945560
v 0.19200309 0.16413644 -0.22909100
v 0.19330632 0.16363129 -0.22706921
v 0.19440662 0.16745366 -0.22549101
v 0.19715346 0.16328105 -0.23137202
v 0.08594915 0.24439070 -0.31129052
v 0.08467016 0.24180123 -0.30677708
v 0.08390607 0.23843143 -0.31157779
v 0.08602897 0.23839259 -0.31281594
v 0.08860228 0.24104853 -0.31066280
v 0.08281695 0.24230438 -0.31561203
v 0.06786801 0.25055730 -0.36132202
v 0.06645637 0.24801308 -0.36582162
v 0.06583339 0.24459514 -0.36103456
v 0.06799183 0.24454421 -0.35985988
v 0.07050103 0.24722201 -0.36206107
v 0.06486405 0.24842726 -0.35693136
v 0.05010902 0.25412831 -0.40049041
v 0.04737864 0.25173398 -0.40443050
v 0.04899716 0.24792747 -0.40020237
v 0.05143178 0.24810892 -0.39991786
v 0.05260910 0.25127592 -0.40254388
v 0.04924990 0.25127241 -0.39559710
v 0.03753235 0.25655209 -0.41668100
v 0.03661331 0.25383102 -0.41215735
v 0.03630218 0.25037259 -0.41694575
v 0.03841044 0.25061291 -0.41818621
v 0.04060799 0.25359588 -0.41604503
v 0.03470342 0.25405149 -0.42099180
v 0.01143021 0.25887533 -0.34554450
v 0.01087157 0.25604179 -0.34103106
v 0.01101368 0.25258935 -0.34583177
v 0.01307311 0.25310607 -0.34706992
v 0.01486383 0.25634170 -0.34491678
v 0.00895128 0.25604370 -0.34986601
v 0.00129003 0.25953096 -0.27660331
v 0.00073139 0.25669741 -0.27208988
v 0.00087349 0.25324499 -0.27689058
v 0.00293291 0.25376170 -0.27812873
v 0.00472365 0.25699731 -0.27597559
v -0.00118892 0.25669933 -0.28092482
v -0.00095676 0.25957502 -0.25451413
v -0.00037994 0.25674263 -0.25000226
v -0.00054139 0.25328894 -0.25480146
v -0.00260579 0.25380536 -0.25603144
v -0.00438783 0.25704153 -0.25387194
v 0.00150475 0.25674224 -0.25884487
v -0.01708342 0.25853211 -0.20093318
v -0.01727246 0.25565020 -0.19641977
v -0.01668690 0.25224482 -0.20122047
v -0.01471117 0.25302248 -0.20245863
v -0.01335208 0.25646178 -0.20030547
v -0.01917702 0.25540478 -0.20525471
v -0.02277770 0.25816372 -0.17337823
v -0.02602202 0.25508424 -0.17042807
v -0.02213308 0.25189248 -0.17353856
v -0.02235722 0.25252788 -0.17590231
v -0.02523703 0.25569306 -0.17591806
v -0.01775115 0.25549682 -0.17405659
v -0.02802450 0.25782458 -0.14924911
v -0.02720132 0.25500814 -0.14476558
v -0.02762482 0.25153750 -0.14953650
v -0.02975349 0.25204973 -0.15065348
v -0.03141501 0.25529371 -0.14841113
v -0.02580340 0.25497629 -0.15369802
v -0.04593879 0.25508470 -0.11587770
v -0.04575169 0.25220267 -0.11136429
v -0.04472851 0.24890228 -0.11616499
v -0.04287060 0.24993013 -0.11740316
v -0.04197003 0.25351688 -0.11524999
v -0.04760819 0.25171180 -0.12019923
v -0.04643845 0.25498594 -0.09572036
v -0.04625135 0.25210391 -0.09120695
v -0.04522817 0.24880352 -0.09600766
v -0.04337026 0.24983136 -0.09724581
v -0.04246969 0.25341811 -0.09509266
v -0.04810784 0.25161304 -0.10004189
v -0.06460059 0.25140034 -0.06307387
v -0.06692235 0.24802300 -0.05962205
v -0.06317390 0.24526065 -0.06326960
v -0.06383962 0.24579026 -0.06557557
v -0.06707649 0.24856023 -0.06517311
v -0.05943289 0.24937721 -0.06450239
v -0.06465619 0.25138933 -0.06301734
v -0.06697796 0.24801199 -0.05956551
v -0.06322950 0.24524963 -0.06321306
v -0.06389524 0.24577926 -0.06551904
v -0.06713211 0.24854921 -0.06511658
v -0.05948850 0.24936619 -0.06444586
v -0.06471178 0.25137836 -0.06296107
v -0.06703445 0.24800085 -0.05951003
v -0.06328503 0.24523868 -0.06315674
v -0.06395016 0.24576841 -0.06546287
v -0.06718713 0.24853836 -0.06506111
v -0.05954370 0.24935530 -0.06438833
v -0.06476732 0.25136738 -0.06290447
v -0.06708909 0.24799004 -0.05945265
v -0.06334064 0.24522767 -0.06310020
v -0.06400637 0.24575731 -0.06540618
v -0.06724323 0.24852726 -0.06500371
v -0.05959963 0.24934424 -0.06433300
v -0.06482299 0.25135639 -0.06284808
v -0.06714567 0.24797888 -0.05939704
v -0.06339625 0.24521671 -0.06304375
v -0.06406137 0.24574644 -0.06534988
v -0.06729834 0.24851639 -0.06494812
v -0.05965491 0.24933333 -0.06427535
v -0.06487850 0.25134546 -0.06279161
v -0.06720026 0.24796811 -0.05933979
v -0.06345181 0.24520576 -0.06298734
v -0.06411754 0.24573538 -0.06529332
v -0.06735440 0.24850533 -0.06489085
v -0.05971080 0.24932231 -0.06422014
v -0.06493415 0.25133446 -0.06273511
v -0.06725683 0.24795694 -0.05928406
v -0.06350741 0.24519477 -0.06293077
v -0.06417253 0.24572450 -0.06523690
v -0.06740950 0.24849445 -0.06483515
v -0.05976607 0.24931139 -0.06416237
v -0.06498967 0.25132353 -0.06267865
v -0.06731150 0.24794620 -0.05922685
v -0.06356298 0.24518386 -0.06287436
v -0.06422868 0.24571347 -0.06518034
v -0.06746556 0.24848343 -0.06477792
v -0.05982196 0.24930041 -0.06410708
v -0.06504525 0.25131255 -0.06262224
v -0.06736793 0.24793503 -0.05917120
v -0.06361852 0.24517287 -0.06281791
v -0.06428364 0.24570260 -0.06512404
v -0.06752061 0.24847255 -0.06472228
v -0.05987718 0.24928949 -0.06404950
v -0.06510082 0.25130159 -0.06256564
v -0.06742258 0.24792426 -0.05911382
v -0.06367413 0.24516188 -0.06276137
v -0.06433986 0.24569153 -0.06506735
v -0.06757672 0.24846148 -0.06466489
v -0.05993312 0.24927845 -0.06399417
v -0.06515645 0.25129061 -0.06250938
v -0.06747913 0.24791310 -0.05905834
v -0.06372972 0.24515093 -0.06270505
v -0.06439483 0.24568066 -0.06501118
v -0.06763181 0.24845061 -0.06460942
v -0.05998838 0.24926755 -0.06393664
v -0.06521195 0.25127964 -0.06245278
v -0.06753371 0.24790230 -0.05900096
v -0.06378526 0.24513994 -0.06264852
v -0.06445099 0.24566956 -0.06495449
v -0.06768786 0.24843952 -0.06455203
v -0.06004425 0.24925650 -0.06388130
v -0.06526758 0.25126862 -0.06239640
v -0.06759025 0.24789112 -0.05894536
v -0.06384084 0.24512895 -0.06259206
v -0.06450595 0.24565868 -0.06489819
v -0.06774293 0.24842862 -0.06449644
v -0.06009950 0.24924557 -0.06382366
v -0.06532312 0.25125767 -0.06233992
v -0.06764489 0.24788033 -0.05888810
v -0.06389643 0.24511798 -0.06253565
v -0.06456216 0.24564760 -0.06484163
v -0.06779903 0.24841756 -0.06443916
v -0.06015543 0.24923453 -0.06376845
v -0.06537876 0.25124666 -0.06228342
v -0.06770144 0.24786914 -0.05883237
v -0.06395201 0.24510698 -0.06247908
v -0.06461714 0.24563671 -0.06478521
v -0.06785411 0.24840665 -0.06438346
v -0.06021069 0.24922360 -0.06371067
v -0.06543428 0.25123573 -0.06222694
v -0.06775604 0.24785839 -0.05877512
v -0.06400759 0.24509604 -0.06242267
v -0.06467332 0.24562567 -0.06472865
v -0.06791018 0.24839562 -0.06432618
v -0.06026658 0.24921259 -0.06365546
v -0.06548992 0.25122474 -0.06217055
v -0.06781260 0.24784722 -0.05871951
v -0.06406318 0.24508506 -0.06236622
v -0.06472830 0.24561479 -0.06467235
v -0.06796527 0.24838473 -0.06427059
v -0.06032185 0.24920168 -0.06359782
v -0.06554543 0.25121377 -0.06211395
v -0.06786719 0.24783643 -0.05866213
v -0.06411874 0.24507407 -0.06230968
v -0.06478447 0.24560370 -0.06461566
v -0.06802134 0.24837365 -0.06421319
v -0.06037773 0.24919063 -0.06354248
v -0.06560107 0.25120280 -0.06205769
v -0.06792374 0.24782529 -0.05860665
v -0.06417432 0.24506312 -0.06225336
v -0.06483945 0.24559285 -0.06455949
v -0.06807642 0.24836279 -0.06415774
v -0.06043299 0.24917974 -0.06348496
v -0.06565660 0.25119183 -0.06200109
v -0.06797836 0.24781448 -0.05854927
v -0.06422991 0.24505214 -0.06219683
v -0.06489563 0.24558176 -0.06450280
v -0.06813251 0.24835171 -0.06410034
v -0.06048890 0.24916869 -0.06342961
v -0.06571225 0.25118084 -0.06194471
v -0.06803499 0.24780332 -0.05849373
v -0.06428551 0.24504115 -0.06214038
v -0.06495059 0.24557091 -0.06444652
v -0.06818757 0.24834085 -0.06404482
v -0.06054415 0.24915779 -0.06337187
v -0.06576776 0.25116992 -0.06188823
v -0.06808953 0.24779258 -0.05843641
v -0.06434108 0.24503023 -0.06208396
v -0.06500680 0.24555985 -0.06438994
v -0.06824368 0.24832980 -0.06398747
v -0.06060007 0.24914678 -0.06331676
v -0.06582340 0.25115893 -0.06183172
v -0.06814608 0.24778141 -0.05838068
v -0.06439666 0.24501924 -0.06202740
v -0.06506178 0.24554897 -0.06433353
v -0.06829875 0.24831892 -0.06393177
v -0.06065532 0.24913586 -0.06325899
v -0.06587891 0.25114795 -0.06177525
v -0.06820067 0.24777061 -0.05832343
v -0.06445222 0.24500826 -0.06197098
v -0.06511795 0.24553788 -0.06427695
v -0.06835482 0.24830784 -0.06387449
v -0.06071121 0.24912481 -0.06320377
v -0.06593455 0.25113696 -0.06171886
v -0.06825723 0.24775944 -0.05826782
v -0.06450780 0.24499728 -0.06191453
v -0.06517293 0.24552701 -0.06422066
v -0.06840990 0.24829695 -0.06381890
v -0.06076648 0.24911389 -0.06314613
v -0.06599011 0.25112599 -0.06166226
v -0.06831188 0.24774867 -0.05821043
v -0.06456342 0.24498630 -0.06185800
v -0.06522915 0.24551593 -0.06416397
v -0.06846602 0.24828588 -0.06376151
v -0.06082242 0.24910286 -0.06309080
v -0.06604565 0.25111503 -0.06160585
v -0.06836741 0.24773769 -0.05815403
v -0.06461896 0.24497534 -0.06180158
v -0.06528469 0.24550497 -0.06410756
v -0.06852156 0.24827491 -0.06370509
v -0.06087795 0.24909189 -0.06303438
v -0.06610128 0.25110403 -0.06154946
v -0.06842396 0.24772652 -0.05809842
v -0.06467454 0.24496436 -0.06174513
v -0.06533967 0.24549409 -0.06405127
v -0.06857663 0.24826403 -0.06364950
v -0.06093321 0.24908097 -0.06297673
v -0.06615683 0.25109307 -0.06149287
v -0.06847859 0.24771572 -0.05804104
v -0.06473014 0.24495337 -0.06168859
v -0.06539587 0.24548299 -0.06399457
v -0.06863274 0.24825294 -0.06359211
v -0.06098913 0.24906992 -0.06292139
v -0.06621244 0.25108206 -0.06143661
v -0.06853511 0.24770455 -0.05798556
v -0.06478569 0.24494239 -0.06163227
v -0.06545082 0.24547212 -0.06393840
v -0.06868779 0.24824206 -0.06353665
v -0.06104436 0.24905901 -0.06286387
v -0.06626798 0.25107114 -0.06138000
v -0.06858975 0.24769380 -0.05792818
v -0.06484130 0.24493144 -0.06157574
v -0.06550703 0.24546107 -0.06388172
v -0.06874390 0.24823102 -0.06347925
v -0.06110029 0.24904800 -0.06280853
v -0.06632361 0.25106016 -0.06132362
v -0.06864628 0.24768265 -0.05787257
v -0.06489686 0.24492048 -0.06151929
v -0.06556198 0.24545021 -0.06382542
v -0.06879895 0.24822016 -0.06342366
v -0.06115553 0.24903710 -0.06275088
v -0.06637911 0.25104922 -0.06126718
v -0.06870093 0.24767187 -0.05781537
v -0.06495242 0.24490953 -0.06146287
v -0.06561812 0.24543914 -0.06376886
v -0.06885499 0.24820910 -0.06336644
v -0.06121140 0.24902609 -0.06269559
v -0.06643476 0.25103819 -0.06121064
v -0.06875743 0.24766068 -0.05775959
v -0.06500801 0.24489851 -0.06140631
v -0.06567313 0.24542824 -0.06371244
v -0.06891010 0.24819819 -0.06331068
v -0.06126668 0.24901513 -0.06263790
v -0.06649027 0.25102722 -0.06115416
v -0.06881203 0.24764990 -0.05770233
v -0.06506357 0.24488754 -0.06134989
v -0.06572930 0.24541717 -0.06365587
v -0.06896617 0.24818712 -0.06325340
v -0.06132257 0.24900410 -0.06258269
v -0.06654590 0.25101625 -0.06109778
v -0.06886858 0.24763874 -0.05764673
v -0.06511916 0.24487658 -0.06129344
v -0.06578427 0.24540630 -0.06359957
v -0.06902125 0.24817625 -0.06319781
v -0.06137783 0.24899319 -0.06252504
v -0.06660144 0.25100527 -0.06104118
v -0.06892320 0.24762794 -0.05758935
v -0.06517475 0.24486559 -0.06123691
v -0.06584048 0.24539521 -0.06354289
v -0.06907735 0.24816517 -0.06314042
v -0.06143375 0.24898215 -0.06246971
v -0.06665706 0.25099428 -0.06098492
v -0.06897973 0.24761677 -0.05753387
v -0.06523031 0.24485460 -0.06118059
v -0.06589543 0.24538433 -0.06348671
v -0.06913240 0.24815428 -0.06308496
v -0.06148898 0.24897122 -0.06241217
v -0.06671261 0.25098335 -0.06092832
v -0.06903437 0.24760600 -0.05747648
v -0.06528592 0.24484365 -0.06112405
v -0.06595166 0.24537327 -0.06343003
v -0.06918853 0.24814322 -0.06302755
v -0.06154492 0.24896021 -0.06235685
v -0.06676821 0.25097237 -0.06087193
v -0.06909089 0.24759485 -0.05742089
v -0.06534146 0.24483268 -0.06106760
v -0.06600659 0.24536241 -0.06337373
v -0.06924357 0.24813236 -0.06297197
v -0.06160014 0.24894930 -0.06229919
v -0.06682377 0.25096141 -0.06081545
v -0.06914554 0.24758406 -0.05736363
v -0.06539709 0.24482171 -0.06101118
v -0.06606281 0.24535134 -0.06331716
v -0.06929968 0.24812129 -0.06291469
v -0.06165608 0.24893827 -0.06224398
v -0.06687939 0.25095041 -0.06075895
v -0.06920208 0.24757290 -0.05730790
v -0.06545265 0.24481073 -0.06095462
v -0.06611777 0.24534046 -0.06326075
v -0.06935475 0.24811040 -0.06285899
v -0.06171132 0.24892735 -0.06218621
v -0.06693490 0.25093944 -0.06070247
v -0.06925665 0.24756210 -0.05725064
v -0.06550821 0.24479974 -0.06089821
v -0.06617394 0.24532937 -0.06320418
v -0.06941081 0.24809932 -0.06280172
v -0.06176720 0.24891630 -0.06213100
v -0.06699054 0.25092847 -0.06064609
v -0.06931322 0.24755096 -0.05719505
v -0.06556379 0.24478879 -0.06084175
v -0.06622892 0.24531852 -0.06314788
v -0.06946589 0.24808847 -0.06274613
v -0.06182247 0.24890541 -0.06207335
v -0.06704607 0.25091752 -0.06058948
v -0.06936784 0.24754018 -0.05713767
v -0.06561939 0.24477781 -0.06078522
v -0.06628511 0.24530745 -0.06309120
v -0.06952198 0.24807740 -0.06268873
v -0.06187837 0.24889438 -0.06201802
v -0.06710170 0.25090653 -0.06053322
v -0.06942444 0.24752900 -0.05708224
v -0.06567496 0.24476685 -0.06072890
v -0.06634004 0.24529660 -0.06303504
v -0.06957702 0.24806654 -0.06263332
v -0.06193361 0.24888348 -0.06196041
v -0.06715726 0.25089553 -0.06047663
v -0.06947902 0.24751819 -0.05702480
v -0.06573057 0.24475584 -0.06067236
v -0.06639630 0.24528546 -0.06297833
v -0.06963316 0.24805542 -0.06257587
v -0.06198956 0.24887239 -0.06190515
v -0.06721289 0.25088457 -0.06042024
v -0.06953556 0.24750705 -0.05696920
v -0.06578614 0.24474489 -0.06061591
v -0.06645126 0.24527462 -0.06292204
v -0.06968823 0.24804456 -0.06252028
v -0.06204481 0.24886150 -0.06184750
v -0.06726838 0.25087363 -0.06036376
v -0.06959014 0.24749628 -0.05691195
v -0.06584169 0.24473393 -0.06055950
v -0.06650742 0.24526356 -0.06286548
v -0.06974428 0.24803351 -0.06246301
v -0.06210068 0.24885048 -0.06179230
v -0.07220406 0.24919517 -0.03380757
v -0.07163423 0.24636386 -0.02929416
v -0.07017999 0.24322942 -0.03409486
v -0.06847578 0.24449588 -0.03533302
v -0.06806164 0.24817071 -0.03317987
v -0.07340867 0.24562976 -0.03812910
v -0.07094259 0.24962532 -0.01042836
v -0.07037277 0.24679400 -0.00591495
v -0.06891853 0.24365957 -0.01071566
v -0.06721431 0.24492602 -0.01195381
v -0.06680018 0.24860086 -0.00980066
v -0.07214720 0.24605991 -0.01474989
v -0.07487508 0.24828418 0.02987442
v -0.07430526 0.24545286 0.03438784
v -0.07285102 0.24231843 0.02958712
v -0.07114680 0.24358488 0.02834897
v -0.07073267 0.24725972 0.03050213
v -0.07607970 0.24471877 0.02555290
v -0.09205723 0.24242415 0.07742344
v -0.09148741 0.23959283 0.08193687
v -0.09003317 0.23645841 0.07713615
v -0.08832895 0.23772485 0.07589799
v -0.08791482 0.24139970 0.07805115
v -0.09326184 0.23885874 0.07310192
v -0.08978789 0.24319816 0.11594625
v -0.08921807 0.24036685 0.12045968
v -0.08776383 0.23723242 0.11565896
v -0.08605962 0.23849886 0.11442080
v -0.08564548 0.24217370 0.11657395
v -0.09099250 0.23963275 0.11162473
v -0.16615832 0.19896631 0.17716147
v -0.16443221 0.19667156 0.17263746
v -0.16202678 0.19421050 0.17744821
v -0.16096640 0.19599925 0.17875867
v -0.16192205 0.19960633 0.17666402
v -0.16603412 0.19510871 0.18139730
v -0.17850242 0.18817248 0.15345756
v -0.17689937 0.18577013 0.15797098
v -0.17436307 0.18342351 0.15317026
v -0.17326799 0.18524260 0.15193210
v -0.17428147 0.18879912 0.15408527
v -0.17826170 0.18441677 0.14913604
v -0.18294229 0.18429006 0.12594932
v -0.18133924 0.18188771 0.13046275
v -0.17880293 0.17954109 0.12566202
v -0.17770785 0.18136018 0.12442387
v -0.17872134 0.18491669 0.12657703
v -0.18270157 0.18053435 0.12162780
v -0.18289999 0.18432690 0.12080096
v -0.18129693 0.18192455 0.12531439
v -0.17876063 0.17957793 0.12051367
v -0.17766555 0.18139702 0.11927551
v -0.17867903 0.18495353 0.12142868
v -0.18265926 0.18057119 0.11647945
v -0.18692755 0.17990263 0.07766460
v -0.18501841 0.17773554 0.08217803
v -0.18219179 0.17574817 0.07737731
v -0.18134911 0.17769706 0.07613915
v -0.18282788 0.18108662 0.07829232
v -0.18618808 0.17621258 0.07334309
v -0.19616755 0.16933566 0.02950144
v -0.19425839 0.16716857 0.03401488
v -0.19143176 0.16518120 0.02921415
v -0.19058910 0.16713009 0.02797599
v -0.19206786 0.17051965 0.03012916
v -0.19542804 0.16564561 0.02517993
v -0.20299008 0.16153347 0.00969572
v -0.20108093 0.15936637 0.01420913
v -0.19825430 0.15737901 0.00940842
v -0.19741163 0.15932790 0.00817027
v -0.19889040 0.16271746 0.01032343
v -0.20225058 0.15784342 0.00537419
v -0.20425929 0.16008214 -0.02744240
v -0.20235013 0.15791505 -0.02292899
v -0.19952351 0.15592767 -0.02772969
v -0.19868083 0.15787656 -0.02896785
v -0.20015961 0.16126613 -0.02681469
v -0.20351979 0.15639208 -0.03176393
v -0.20345377 0.16100348 -0.05884107
v -0.20154463 0.15883639 -0.05432766
v -0.19871800 0.15684902 -0.05912836
v -0.19787533 0.15879792 -0.06036652
v -0.19935410 0.16218747 -0.05821336
v -0.20271427 0.15731343 -0.06316260
v -0.20752865 0.15576470 -0.10278354
v -0.20535404 0.15386411 -0.09827013
v -0.20229310 0.15226097 -0.10307084
v -0.20171086 0.15430284 -0.10430900
v -0.20361762 0.15747146 -0.10215583
v -0.20631585 0.15220205 -0.10710507
v -0.21282695 0.14781987 -0.14350929
v -0.21065234 0.14591928 -0.13899589
v -0.20759140 0.14431613 -0.14379659
v -0.20700917 0.14635801 -0.14503475
v -0.20891592 0.14952663 -0.14288159
v -0.21161415 0.14425722 -0.14783083
v -0.21035727 0.15152362 -0.23808610
v -0.20818267 0.14962304 -0.23357268
v -0.20512172 0.14801991 -0.23837339
v -0.20453950 0.15006179 -0.23961154
v -0.20644627 0.15323040 -0.23745839
v -0.20914446 0.14796098 -0.24240763
v -0.21403037 0.14601554 -0.26618371
v -0.21185577 0.14411496 -0.26167028
v -0.20879482 0.14251184 -0.26647098
v -0.20821260 0.14455371 -0.26770913
v -0.21011936 0.14772232 -0.26555597
v -0.21281757 0.14245290 -0.27050522
v -0.18976184 0.17666128 -0.09352657
v -0.18785272 0.17449418 -0.08901312
v -0.18502610 0.17250679 -0.09381384
v -0.18418342 0.17445566 -0.09505199
v -0.18566216 0.17784523 -0.09289883
v -0.18902238 0.17297123 -0.09784807
v -0.18883829 0.17771776 -0.02792753
v -0.18692916 0.17555067 -0.02341412
v -0.18410252 0.17356330 -0.02821482
v -0.18325986 0.17551219 -0.02945297
v -0.18473863 0.17890175 -0.02729982
v -0.18809881 0.17402771 -0.03224906
v -0.18563694 0.18137878 0.00727118
v -0.18372780 0.17921169 0.01178458
v -0.18090118 0.17722432 0.00698387
v -0.18005851 0.17917321 0.00574572
v -0.18153727 0.18256277 0.00789888
v -0.18489746 0.17768873 0.00294964
v -0.17467565 0.19151866 0.05067116
v -0.17307260 0.18911630 0.05518458
v -0.17053630 0.18676969 0.05038385
v -0.16944123 0.18858878 0.04914571
v -0.17045470 0.19214528 0.05129887
v -0.17443493 0.18776295 0.04634963
v -0.16379460 0.20103356 0.08751414
v -0.16219154 0.19863120 0.09202756
v -0.15965524 0.19628458 0.08722684
v -0.15856018 0.19810367 0.08598869
v -0.15957364 0.20166017 0.08814185
v -0.16355388 0.19727785 0.08319261
v -0.15869162 0.20549559 0.11939257
v -0.15708858 0.20309321 0.12390599
v -0.15455229 0.20074659 0.11910527
v -0.15345721 0.20256568 0.11786712
v -0.15447066 0.20612218 0.12002026
v -0.15845091 0.20173987 0.11507104
v -0.15077804 0.21090829 0.15546862
v -0.14950084 0.20831796 0.15998205
v -0.14729105 0.20566160 0.15518132
v -0.14596882 0.20732291 0.15394317
v -0.14651144 0.21098099 0.15609633
v -0.15102752 0.20715315 0.15114710
v -0.15660424 0.20702257 0.20143747
v -0.15532703 0.20443224 0.20595089
v -0.15311724 0.20177588 0.20115017
v -0.15179502 0.20343719 0.19991201
v -0.15233764 0.20709527 0.20206517
v -0.15685371 0.20326743 0.19711594
v -0.17513311 0.19111867 0.24873508
v -0.17353007 0.18871631 0.25324850
v -0.17099377 0.18636966 0.24844778
v -0.16989870 0.18818875 0.24720963
v -0.17091215 0.19174528 0.24936279
v -0.17489241 0.18736295 0.24441356
v -0.17188785 0.19395652 0.28742509
v -0.17028482 0.19155415 0.29193852
v -0.16774852 0.18920752 0.28713780
v -0.16665345 0.19102661 0.28589964
v -0.16766690 0.19458313 0.28805280
v -0.17164715 0.19020081 0.28310357
v -0.18776001 0.17883989 0.33078150
v -0.18584420 0.17666697 0.33528930
v -0.18302468 0.17468580 0.33048188
v -0.18218383 0.17663629 0.32924499
v -0.18365941 0.18002306 0.33140470
v -0.18702692 0.17515542 0.32645413
v -0.19252331 0.15149754 0.38196009
v -0.18917096 0.14806846 0.38435074
v -0.18857803 0.14803433 0.37846575
v -0.18814605 0.15034233 0.37773926
v -0.18842862 0.15268590 0.38130852
v -0.19378299 0.14955563 0.37671785
v -0.19267374 0.12208914 0.40860589
v -0.18891524 0.11913223 0.41102303
v -0.18829580 0.11915736 0.40514073
v -0.18816408 0.12149968 0.40440762
v -0.18876526 0.12379760 0.40796712
v -0.19364621 0.11998388 0.40336561
v -0.25742555 -0.03118911 0.09758664
v -0.25453613 -0.03149440 0.09308437
v -0.25113873 -0.03078535 0.09787405
v -0.25191835 -0.02877837 0.09905960
v -0.25535399 -0.02747519 0.09686642
v -0.25430551 -0.03317068 0.10196582
v -0.25285562 -0.05590612 0.03903561
v -0.25092032 -0.05092351 0.03941022
v -0.24661952 -0.05496781 0.03904562
v -0.24701595 -0.05630812 0.03702381
v -0.25071409 -0.05484350 0.03544562
v -0.24908946 -0.05956753 0.04132663
v -0.25798705 -0.02250500 -0.00677491
v -0.25542058 -0.01781618 -0.00640027
v -0.25168189 -0.02238514 -0.00676487
v -0.25224915 -0.02366257 -0.00878666
v -0.25572557 -0.02172973 -0.01036486
v -0.25472869 -0.02662483 -0.00448386
v -0.25792312 -0.02349527 -0.04825634
v -0.25535666 -0.01880644 -0.04788170
v -0.25161797 -0.02337541 -0.04824630
v -0.25218524 -0.02465284 -0.05026809
v -0.25566165 -0.02271999 -0.05184629
v -0.25466477 -0.02761510 -0.04596529
v -0.25936383 -0.00121526 -0.07394541
v -0.25679737 0.00347356 -0.07357076
v -0.25305866 -0.00109540 -0.07393537
v -0.25362595 -0.00237282 -0.07595716
v -0.25710236 -0.00043998 -0.07753536
v -0.25610549 -0.00533509 -0.07165435
v -0.25765887 0.02824760 -0.11190339
v -0.25450988 0.03256683 -0.11152875
v -0.25139078 0.02755440 -0.11189335
v -0.25211785 0.02636068 -0.11391514
v -0.25531637 0.02872516 -0.11549334
v -0.25495825 0.02374243 -0.10961234
v -0.25807333 0.02183723 -0.17208107
v -0.25492435 0.02615646 -0.17170643
v -0.25180525 0.02114402 -0.17207103
v -0.25253231 0.01995030 -0.17409282
v -0.25573083 0.02231479 -0.17567102
v -0.25537272 0.01733206 -0.16979002
v -0.25905665 0.00662914 -0.22731064
v -0.25590768 0.01094837 -0.22693600
v -0.25278858 0.00593594 -0.22730060
v -0.25351565 0.00474222 -0.22932239
v -0.25671417 0.00710670 -0.23090059
v -0.25635605 0.00212397 -0.22501959
v -0.25930937 -0.00205613 -0.27732412
v -0.25674291 0.00263269 -0.27694948
v -0.25300420 -0.00193628 -0.27731408
v -0.25357149 -0.00321370 -0.27933587
v -0.25704789 -0.00128085 -0.28091408
v -0.25605103 -0.00617597 -0.27503307
v -0.25749084 -0.03017966 -0.32691426
v -0.25492436 -0.02549083 -0.32653962
v -0.25118567 -0.03005980 -0.32690422
v -0.25175295 -0.03133722 -0.32892602
v -0.25522933 -0.02940438 -0.33050422
v -0.25423247 -0.03429949 -0.32462321
v -0.25180749 -0.06121560 -0.31079661
v -0.24987217 -0.05623300 -0.31042198
v -0.24557138 -0.06027731 -0.31078657
v -0.24596782 -0.06161763 -0.31280836
v -0.24966595 -0.06015299 -0.31438657
v -0.24804132 -0.06487702 -0.30850557
v -0.24926283 -0.07102780 -0.26910986
v -0.24800937 -0.06583159 -0.26873524
v -0.24320758 -0.06926614 -0.26909983
v -0.24342173 -0.07064736 -0.27112163
v -0.24728215 -0.06968905 -0.27269983
v -0.24504197 -0.07415418 -0.26681882
v -0.25166325 -0.06194645 -0.24544201
v -0.24972793 -0.05696384 -0.24506739
v -0.24542714 -0.06100815 -0.24543199
v -0.24582358 -0.06234847 -0.24745378
v -0.24952170 -0.06088384 -0.24903199
v -0.24789708 -0.06560786 -0.24315098
v -0.25336093 -0.05334627 -0.20929617
v -0.25142561 -0.04836366 -0.20892153
v -0.24712482 -0.05240797 -0.20928613
v -0.24752126 -0.05374828 -0.21130792
v -0.25121938 -0.05228365 -0.21288612
v -0.24959475 -0.05700768 -0.20700512
v -0.25390253 -0.05060389 -0.17134172
v -0.25196722 -0.04562128 -0.17096708
v -0.24766642 -0.04966559 -0.17133168
v -0.24806286 -0.05100590 -0.17335348
v -0.25176098 -0.04954127 -0.17493167
v -0.25013636 -0.05426530 -0.16905067
v -0.25381224 -0.05106019 -0.14156698
v -0.25187692 -0.04607758 -0.14119234
v -0.24757612 -0.05012188 -0.14155694
v -0.24797256 -0.05146220 -0.14357873
v -0.25167068 -0.04999757 -0.14515694
v -0.25004606 -0.05472160 -0.13927593
v -0.25320645 -0.05412835 -0.10529831
v -0.25127113 -0.04914575 -0.10492367
v -0.24697032 -0.05319006 -0.10528827
v -0.24736678 -0.05453038 -0.10731007
v -0.25106490 -0.05306573 -0.10888826
v -0.24944028 -0.05778977 -0.10300726
v -0.25289367 -0.05571345 -0.07035618
v -0.25095836 -0.05073084 -0.06998154
v -0.24665755 -0.05477516 -0.07034614
v -0.24705401 -0.05611547 -0.07236793
v -0.25075213 -0.05465084 -0.07394613
v -0.24912751 -0.05937487 -0.06806513
v -0.25287053 -0.05583180 -0.03534433
v -0.25093521 -0.05084920 -0.03496969
v -0.24663442 -0.05489350 -0.03533430
v -0.24703086 -0.05623381 -0.03735609
v -0.25072899 -0.05476918 -0.03893428
v -0.24910436 -0.05949321 -0.03305329
v -0.25208763 -0.05979770 -0.02935085
v -0.25015231 -0.05481509 -0.02897620
v -0.24585152 -0.05885939 -0.02934081
v -0.24624796 -0.06019971 -0.03136260
v -0.24994608 -0.05873508 -0.03294080
v -0.24832146 -0.06345910 -0.02705980
v -0.25177376 -0.06138642 0.00286458
v -0.24983845 -0.05640382 0.00323922
v -0.24553765 -0.06044812 0.00287462
v -0.24593409 -0.06178844 0.00085283
v -0.24963221 -0.06032380 -0.00072537
v -0.24800759 -0.06504784 0.00515563
v -0.25087203 -0.06595307 0.02661069
v -0.24893671 -0.06097046 0.02698529
v -0.24463592 -0.06501476 0.02662069
v -0.24503235 -0.06635507 0.02459888
v -0.24873049 -0.06489045 0.02302070
v -0.24710586 -0.06961447 0.02890170
v -0.25105946 -0.06500427 0.05009192
v -0.24912415 -0.06002166 0.05046653
v -0.24482335 -0.06406597 0.05010194
v -0.24521979 -0.06540628 0.04808012
v -0.24891792 -0.06394165 0.04650194
v -0.24729329 -0.06866568 0.05238294
v -0.24985232 -0.06929902 0.06200963
v -0.24859886 -0.06410281 0.06238424
v -0.24379707 -0.06753736 0.06201964
v -0.24401121 -0.06891858 0.05999783
v -0.24787165 -0.06796028 0.05841964
v -0.24563146 -0.07242541 0.06430065
v -0.24512124 -0.08317118 0.08710480
v -0.24386778 -0.07797497 0.08747940
v -0.23906599 -0.08140952 0.08711480
v -0.23928013 -0.08279073 0.08509299
v -0.24314058 -0.08183242 0.08351481
v -0.24090038 -0.08629756 0.08939580
v -0.24390397 -0.08673987 0.10505666
v -0.24265051 -0.08154366 0.10543126
v -0.23784871 -0.08497821 0.10506667
v -0.23806286 -0.08635942 0.10304485
v -0.24192330 -0.08540112 0.10146667
v -0.23968311 -0.08986625 0.10734767
v -0.23843957 -0.10156510 0.12310469
v -0.23787209 -0.09625005 0.12347929
v -0.23266465 -0.09903139 0.12311470
v -0.23269745 -0.10042872 0.12109289
v -0.23664969 -0.09998028 0.11951470
v -0.23384819 -0.10411639 0.12539570
v -0.23577595 -0.10695446 0.14537402
v -0.23520847 -0.10163941 0.14574862
v -0.23000103 -0.10442075 0.14538403
v -0.23003383 -0.10581808 0.14336222
v -0.23398607 -0.10536964 0.14178403
v -0.23118456 -0.10950575 0.14766503
v -0.22951183 -0.11962879 0.15964036
v -0.22894435 -0.11431374 0.16001496
v -0.22373691 -0.11709508 0.15965037
v -0.22376972 -0.11849240 0.15762856
v -0.22772195 -0.11804397 0.15605037
v -0.22492045 -0.12218007 0.16193138
v -0.08206520 0.01504247 0.49536723
v -0.08652240 0.01423890 0.49250371
v -0.08179162 0.01513251 0.48906750
v -0.08007225 0.01349944 0.48971412
v -0.08174286 0.01141456 0.49305691
v -0.07848453 0.01837678 0.49238395
v -0.10268952 -0.00772892 0.49655278
v -0.10533927 -0.00925206 0.49632217
v -0.10476680 -0.00846702 0.49061891
v -0.10083998 -0.01225169 0.49302901
v -0.09800066 -0.00631661 0.49339958
v -0.10693063 -0.00486221 0.49389854
v -0.04645614 0.02458601 0.49238145
v -0.05022122 0.02390721 0.48996254
v -0.04622505 0.02466206 0.48705992
v -0.04477268 0.02328256 0.48760614
v -0.04618383 0.02152144 0.49042986
v -0.04343149 0.02740261 0.48986139
v -0.04108475 0.00453976 0.49184665
v -0.04484982 0.00386096 0.48942774
v -0.04085365 0.00461581 0.48652512
v -0.03940128 0.00323631 0.48707134
v -0.04081243 0.00147519 0.48989506
v -0.03806009 0.00735636 0.48932659
v -0.02832452 -0.04297709 0.49247702
v -0.03166895 -0.04358005 0.49032834
v -0.02811924 -0.04290953 0.48775002
v -0.02682914 -0.04413495 0.48823524
v -0.02808261 -0.04569927 0.49074346
v -0.02563779 -0.04047515 0.49023850
v -0.05087272 -0.04216129 0.49254829
v -0.05421716 -0.04276425 0.49039961
v -0.05066745 -0.04209373 0.48782130
v -0.04937735 -0.04331914 0.48830651
v -0.05063082 -0.04488347 0.49081474
v -0.04818600 -0.03965935 0.49030978
v 0.02738203 0.01313493 0.49199799
v 0.02361696 0.01245613 0.48957908
v 0.02761313 0.01321098 0.48667645
v 0.02906550 0.01183148 0.48722268
v 0.02765435 0.01007036 0.49004640
v 0.03040668 0.01595152 0.48947793
vt 0.0000000 0.0000000
vt 0.0000000 0.2000000
vt 0.0000000 1.0000000
vt 0.0001245 0.0599742
vt 0.0019323 0.4507741
vt 0.0020910 0.7000113
vt 0.0026089 0.7000204
vt 0.0027828 0.4444733
vt 0.0027896 0.4444742
vt 0.0027933 0.4444746
vt 0.0300155 0.3116337
vt 0.0423004 0.5669627
vt 0.0619908 0.7965008
vt 0.0619921 0.7965010
vt 0.0619946 0.7965015
vt 0.0646365 0.4797749
vt 0.0846261 0.5400869
vt 0.1000000 0.0000000
vt 0.1217555 0.5581176
vt 0.2000000 1.0000000
vt 0.2634631 0.5231469
vt 0.2634632 0.5231469
vt 0.2756025 0.4949282
vt 0.3000000 0.0000000
vt 0.3418838 0.4894032
vt 0.3418880 0.4894044
vt 0.3418901 0.4894050
vt 0.3463831 0.4882489
vt 0.4000000 0.0000000
vt 0.4000000 1.0000000
vt 0.4404301 0.5248082
vt 0.5000000 0.0000000
vt 0.5000000 1.0000000
vt 0.6000000 0.0000000
vt 0.6024420 0.4818389
vt 0.6315525 0.4874758
vt 0.6911237 0.4936325
vt 0.6929715 0.6378508
vt 0.7000000 0.0000000
vt 0.7000000 1.0000000
vt 0.7376586 0.4815712
vt 0.7376587 0.4815698
vt 0.7376591 0.4815671
vt 0.8342555 0.8721099
vt 0.8737993 0.2997711
vt 0.8835813 0.2074624
vt 0.9000000 0.0000000
vt 0.9000000 1.0000000
vt 0.9140469 0.1398508
vt 0.9140470 0.1398508
vt 0.9150912 0.6963755
vt 0.9271938 0.2060413
vt 0.9275549 0.4517364
vt 0.9284711 0.6449286
vt 0.9401123 0.6040998
vt 0.9539900 0.5673470
vt 0.9723381 0.4376989
vt 0.9723393 0.4376991
vt 0.9723399 0.4376992
vt 0.9973322 0.4800540
vt 0.9975817 0.4486247
vt 1.0000000 0.8000000
vn 0.923165 -0.331763 -0.194164
vn 0.270547 -0.959662 0.076507
vn 0.107330 0.114237 -0.987639
vn -0.854230 0.519738 0.012789
vn 0.076073 0.223871 0.971645
vn -0.856849 -0.466251 0.220044
vn 0.939579 0.247789 -0.236201
vn 0.627669 0.477019 0.615211
vn 0.253206 -0.966000 -0.052260
vn -0.870881 -0.490626 -0.029205
vn -0.733965 0.010649 0.679104
vn -0.356834 0.734853 -0.576767
vn 0.063041 -0.385949 0.920364
vn 0.210108 0.958204 -0.194164
vn 0.894491 0.421336 0.149536
vn -0.135914 -0.157049 -0.978194
vn -0.468425 -0.881853 -0.053975
vn 0.319356 -0.886543 0.334745
vn -0.514538 0.260660 0.816889
vn 0.774363 -0.510428 -0.373932
vn 0.083789 0.977384 -0.194164
vn 0.832143 0.534019 0.149537
vn -0.114350 -0.173383 -0.978193
vn -0.349840 -0.935253 -0.053976
vn 0.431869 -0.837517 0.334745
vn -0.544053 0.191576 0.816887
vn 0.834136 -0.405454 -0.373931
vn -0.174271 0.965365 -0.194163
vn 0.695816 0.714133 0.076508
vn -0.152597 0.035832 -0.987639
vn -0.022986 -0.999654 0.012788
vn -0.231912 -0.046060 0.971646
vn 0.832213 -0.508923 0.220044
vn -0.047326 0.979827 -0.194163
vn 0.753480 0.640240 0.149537
vn -0.090202 -0.187084 -0.978194
vn -0.221966 -0.973559 -0.053977
vn 0.539722 -0.772429 0.334744
vn -0.564743 0.117297 0.816888
vn 0.880762 -0.290573 -0.373932
vn -0.174267 0.965366 -0.194163
vn 0.695819 0.714131 0.076508
vn -0.152598 0.035835 -0.987639
vn -0.022993 -0.999654 0.012786
vn -0.231916 -0.046054 0.971645
vn 0.832209 -0.508929 0.220043
vn -0.615337 0.711931 0.338399
vn 0.295401 0.790809 0.536059
vn -0.200321 0.287361 -0.936640
vn 0.336600 -0.746965 -0.573362
vn 0.932913 -0.354879 -0.061108
vn -0.327906 -0.638276 0.696478
vn 0.780587 0.497838 -0.377944
vn -0.855302 0.434135 0.282818
vn -0.047236 0.902483 0.428127
vn -0.473071 0.208309 -0.856044
vn 0.693212 -0.550956 -0.464655
vn 0.238363 -0.511917 0.825302
vn 0.947804 0.318033 -0.022866
vn -0.721073 0.655497 0.224450
vn 0.175897 0.904660 0.388137
vn -0.372218 0.279491 -0.885064
vn 0.540433 -0.735435 -0.408739
vn 0.067427 -0.512847 0.855828
vn 0.998209 0.059210 0.008537
vn -0.911774 0.324165 0.252160
vn -0.178994 0.858850 0.479935
vn -0.243390 0.099504 -0.964811
vn 0.706423 -0.506228 -0.494671
vn 0.987456 0.157728 0.007235
vn -0.020301 -0.679723 0.733188
vn 0.456715 0.801677 -0.385650
vn -0.411778 0.866287 0.282819
vn 0.514064 0.743266 0.428127
vn -0.247197 0.453962 -0.856044
vn 0.212090 -0.859717 -0.464655
vn -0.124108 -0.550879 0.825306
vn 0.944613 -0.327390 -0.022864
vn -0.414839 0.881764 0.224501
vn 0.479747 0.746312 0.461368
vn -0.095676 0.214805 -0.971959
vn 0.142317 -0.871676 -0.468964
vn 0.808306 -0.588059 0.028776
vn -0.500274 -0.443867 0.743443
vn 0.892576 0.230734 -0.387389
vn -0.728658 0.666875 0.155997
vn 0.139664 0.899386 0.414245
vn -0.131610 0.103148 -0.985920
vn 0.482911 -0.776736 -0.404325
vn 0.969750 -0.230127 0.081401
vn -0.322106 -0.556522 0.765853
vn 0.751542 0.531887 -0.390232
vn -0.815121 0.573345 -0.082785
vn -0.031611 0.970745 0.238025
vn 0.017648 -0.099571 -0.994874
vn 0.626525 -0.760857 -0.169007
vn 0.963837 -0.070578 0.256977
vn -0.375741 -0.446499 0.812070
vn 0.739237 0.552781 -0.384659
vn -0.780714 0.533994 0.324555
vn 0.077299 0.846196 0.527236
vn -0.257973 0.215621 -0.941784
vn 0.522647 -0.642067 -0.560883
vn 0.993291 -0.104264 -0.050015
vn -0.160132 -0.693061 0.702869
vn 0.630494 0.677139 -0.379422
vn -0.804793 0.561544 -0.192290
vn -0.010540 0.996898 0.077998
vn -0.134712 -0.080795 -0.987585
vn 0.688942 -0.724736 0.010829
vn -0.130618 -0.197678 0.971526
vn 0.949137 0.226074 0.219155
vn -0.872505 0.449178 -0.192290
vn -0.177507 0.972457 0.151059
vn 0.115470 -0.170396 -0.978587
vn 0.732064 -0.678936 -0.055932
vn 0.939296 0.080766 0.333465
vn -0.382746 -0.431484 0.816901
vn 0.691473 0.617960 -0.374154
vn -0.633601 0.748899 -0.194165
vn 0.245533 0.966364 0.076506
vn -0.150069 -0.045266 -0.987639
vn 0.479911 -0.877224 0.012787
vn -0.177822 -0.155842 0.971644
vn 0.975179 -0.024644 0.220044
vn -0.923483 0.331970 -0.192290
vn -0.270427 0.959576 0.077998
vn -0.108948 -0.113163 -0.987585
vn 0.854251 -0.519748 0.010830
vn -0.074484 -0.224923 0.971526
vn 0.857205 0.466016 0.219156
vn -0.937229 0.341141 -0.072281
vn -0.281745 0.927375 0.246161
vn 0.034052 -0.085526 -0.995754
vn 0.801850 -0.569871 -0.179676
vn 0.951125 0.181956 0.249507
vn -0.238827 -0.533984 0.811063
vn 0.565826 0.728910 -0.385398
vn -0.770015 0.126918 0.625275
vn -0.927126 0.221984 -0.301929
vn -0.172268 -0.910007 0.377109
vn 0.856096 -0.289958 -0.427813
vn 0.366602 0.929273 -0.045339
vn 0.067441 -0.027654 -0.997340
vn -0.971184 -0.005948 0.238255
vn -0.731731 0.296276 -0.613832
vn 0.007860 -0.998574 0.052812
vn 0.968822 -0.246250 0.027303
vn 0.704298 0.201500 -0.680707
vn 0.153833 0.802851 0.575991
vn 0.037948 -0.389541 -0.920227
vn -0.975143 0.090423 0.202286
vn -0.535753 0.826895 -0.170918
vn 0.184405 -0.082026 0.979421
vn 0.935837 -0.348121 0.054961
vn 0.833649 0.420347 -0.358243
vn -0.200711 -0.570684 -0.796263
vn 0.409560 0.845921 0.341581
vn 0.961052 0.114779 0.251406
vn 0.308028 0.207699 0.928429
vn 0.397266 -0.912688 -0.095817
vn -0.854498 -0.276532 -0.439730
vn -0.244921 0.934849 -0.257041
vn -0.843695 -0.026287 0.536178
vn 0.950835 0.110732 0.289226
vn 0.279898 0.275601 0.919620
vn 0.161684 -0.979662 -0.118831
vn -0.781126 -0.324459 -0.533449
vn -0.969661 0.047304 0.239834
vn 0.039709 0.855291 -0.516624
vn -0.433653 -0.509487 0.743215
vn 0.953867 -0.000907 0.300228
vn 0.295195 0.188292 0.936699
vn 0.067309 -0.981258 -0.180559
vn -0.802994 -0.212449 -0.556835
vn -0.963086 0.126230 0.237764
vn 0.128034 0.878323 -0.460604
vn -0.489081 -0.510839 0.706996
vn 0.941282 -0.211850 0.262884
vn 0.339526 0.019684 0.940391
vn -0.120487 -0.948850 -0.291832
vn -0.836994 0.005874 -0.547181
vn -0.918635 0.272870 0.285749
vn 0.283265 0.887451 -0.363583
vn -0.565258 -0.491127 0.662780
vn 0.941123 -0.254217 -0.222848
vn 0.772558 0.096756 0.627529
vn -0.262814 -0.962963 -0.060254
vn -0.998953 0.010658 -0.044481
vn -0.640671 0.373407 0.670901
vn 0.067178 0.817180 -0.572454
vn -0.152445 -0.369539 0.916625
vn 0.972132 -0.005961 -0.234359
vn 0.729261 0.296312 0.616747
vn -0.007651 -0.998577 -0.052780
vn -0.968704 -0.246253 -0.031167
vn -0.707021 0.201536 0.677867
vn -0.151537 0.802818 -0.576645
vn -0.041641 -0.389491 0.920089
vn 0.937595 -0.255196 -0.236202
vn 0.782086 0.099278 0.615211
vn -0.263717 -0.963183 -0.052260
vn -0.999518 0.010546 -0.029205
vn -0.630309 0.376204 0.679103
vn 0.058396 0.814821 -0.576765
vn -0.138379 -0.365762 0.920364
vn 0.940034 0.247911 -0.234256
vn 0.626479 0.476700 0.616670
vn 0.253307 -0.965973 -0.052269
vn -0.870823 -0.490610 -0.031140
vn -0.735274 0.010298 0.677692
vn -0.355722 0.735152 -0.577073
vn 0.061266 -0.386425 0.920284
vn 0.971685 -0.006081 -0.236202
vn 0.730431 0.296625 0.615211
vn -0.007748 -0.998603 -0.052260
vn -0.968761 -0.246269 -0.029205
vn -0.705735 0.201881 0.679104
vn -0.152627 0.802524 -0.576767
vn -0.039897 -0.389024 0.920363
vn 0.942971 0.248676 -0.221282
vn 0.618490 0.474542 0.626322
vn 0.253961 -0.965797 -0.052341
vn -0.870350 -0.490460 -0.044044
vn -0.743938 0.007994 0.668201
vn -0.348255 0.737156 -0.579067
vn 0.049412 -0.389600 0.919658
vn 0.922767 0.213008 0.321135
vn 0.212110 0.342792 0.915152
vn 0.256413 -0.964502 -0.063146
vn -0.723383 -0.420816 -0.547386
vn -0.979600 -0.033256 0.198184
vn -0.016340 0.830528 -0.556737
vn -0.417486 -0.513306 0.749815
vn 0.951464 0.232349 0.201815
vn 0.314149 0.378971 0.870455
vn 0.259079 -0.964145 -0.057474
vn -0.777558 -0.447018 -0.442244
vn -0.948963 -0.033461 0.313608
vn -0.092032 0.808625 -0.581082
vn -0.319925 -0.487751 0.812248
vn 0.983291 -0.111856 0.143623
vn 0.458690 0.130793 0.878918
vn -0.071333 -0.977742 -0.197311
vn -0.899512 -0.109799 -0.422874
vn -0.893333 0.223376 0.389947
vn 0.150161 0.871037 -0.467703
vn -0.424678 -0.473220 0.771823
vn 0.961354 -0.221418 0.163621
vn 0.440123 0.032976 0.897332
vn -0.164362 -0.952434 -0.256621
vn -0.891432 0.008224 -0.453079
vn -0.878290 0.292944 0.377877
vn 0.253980 0.875484 -0.411124
vn -0.496332 -0.468903 0.730605
vn 0.907229 0.107312 -0.406718
vn 0.780242 0.416223 0.466885
vn 0.117451 -0.992719 -0.026709
vn -0.916920 -0.369375 0.151063
vn -0.596632 0.141479 0.789946
vn -0.357604 0.748444 -0.558526
vn 0.174405 -0.347343 0.921377
vn 0.123498 0.276814 0.952955
vn 0.091568 -0.647262 0.756748
vn 0.913890 0.404896 0.029384
vn 0.001463 -0.041792 -0.999125
vn -0.997476 -0.030706 -0.064029
vn 0.012288 -0.890094 -0.455612
vn 0.065468 0.291592 0.954300
vn -0.034218 -0.622265 0.782059
vn 0.942108 0.302082 -0.145528
vn 0.107965 0.028556 -0.993745
vn -0.105402 -0.751676 -0.651056
vn -0.936942 0.344511 -0.058755
vn 0.605802 -0.792938 -0.065222
vn 0.124979 0.279535 0.951967
vn 0.092746 -0.645096 0.758451
vn 0.913933 0.404978 0.026809
vn -0.000091 -0.044643 -0.999003
vn -0.997574 -0.030882 -0.062389
vn 0.011580 -0.891390 -0.453090
vn -0.877585 0.453625 -0.155142
vn -0.140702 0.984214 0.107362
vn -0.151597 -0.072800 -0.985758
vn 0.779202 -0.626148 -0.027993
vn -0.074709 -0.238148 0.968351
vn 0.916654 0.345272 0.201327
vn 0.126412 0.278403 0.952109
vn 0.093886 -0.645999 0.757542
vn 0.913974 0.404944 0.025911
vn -0.001593 -0.043458 -0.999054
vn -0.997666 -0.030811 -0.060930
vn 0.010897 -0.890851 -0.454164
vn 0.115217 0.294657 0.948632
vn 0.084950 -0.632939 0.769527
vn 0.913620 0.405481 0.029734
vn 0.010153 -0.060533 -0.998115
vn -0.996882 -0.032019 -0.072115
vn 0.016208 -0.898486 -0.438704
vn -0.017549 0.193231 0.980996
vn -0.018236 -0.710363 0.703599
vn 0.898823 0.391655 0.196780
vn 0.147332 0.043599 -0.988126
vn -0.977380 -0.015045 -0.210957
vn 0.080823 -0.848050 -0.523716
vn 0.068473 0.232420 0.970202
vn -0.031841 -0.669138 0.742456
vn 0.941680 0.310538 -0.129631
vn 0.104869 0.089565 -0.990445
vn -0.107505 -0.710269 -0.695673
vn -0.937085 0.347387 -0.034556
vn 0.605517 -0.787377 -0.115699
vn 0.096738 0.364698 0.926087
vn 0.069306 -0.573696 0.816131
vn 0.913161 0.407227 0.017382
vn 0.029758 -0.134822 -0.990423
vn -0.995293 -0.038021 -0.089139
vn 0.024166 -0.928699 -0.370046
vn 0.127064 0.275621 0.952831
vn 0.094404 -0.648205 0.755591
vn 0.913991 0.404869 0.026472
vn -0.002279 -0.040538 -0.999175
vn -0.997709 -0.030631 -0.060326
vn 0.010584 -0.889522 -0.456770
vn 0.126312 0.277370 0.952424
vn 0.014705 -0.633796 0.773361
vn 0.931357 0.303874 -0.200584
vn 0.044681 0.043266 -0.998064
vn -0.147507 -0.741891 -0.654094
vn -0.938334 0.345679 0.005974
vn 0.599408 -0.792097 -0.115290
vn 0.047818 0.507239 0.860478
vn 0.024145 -0.436884 0.899194
vn 0.911858 0.410504 0.001308
vn 0.082478 -0.289656 -0.953570
vn -0.989173 -0.057814 -0.134890
vn 0.041811 -0.975386 -0.216506
vn 0.879418 0.474968 0.032074
vn 0.332178 0.495654 0.802486
vn 0.682888 -0.730047 -0.026349
vn -0.747611 -0.630192 -0.209611
vn -0.596719 0.722680 -0.348799
vn -0.698995 -0.182178 0.691533
vn 0.126412 0.278403 0.952109
vn 0.093886 -0.645999 0.757542
vn 0.913974 0.404944 0.025911
vn -0.001593 -0.043458 -0.999054
vn -0.997666 -0.030810 -0.060930
vn 0.010897 -0.890851 -0.454164
vn 0.126412 0.278403 0.952109
vn 0.093886 -0.645999 0.757542
vn 0.913974 0.404944 0.025911
vn -0.001593 -0.043458 -0.999054
vn -0.997666 -0.030810 -0.060930
vn 0.010897 -0.890851 -0.454164
vn -0.960372 -0.003450 0.278702
vn -0.756294 0.214028 -0.618232
vn -0.209065 -0.962066 0.175275
vn 0.979961 -0.181279 -0.082547
vn 0.257127 0.944106 0.206275
vn 0.449719 0.117822 -0.885365
vn 0.100934 0.280379 0.954568
vn 0.073691 -0.644424 0.761109
vn 0.912922 0.405126 0.049462
vn 0.025072 -0.045509 -0.998649
vn -0.995683 -0.031071 -0.087463
vn 0.023088 -0.891781 -0.451878
vn 0.981821 -0.003285 -0.189781
vn 0.700234 0.288600 0.652980
vn -0.004870 -0.997855 -0.065282
vn -0.966182 -0.245662 -0.078376
vn -0.737308 0.193368 0.647292
vn -0.125336 0.809844 -0.573101
vn -0.083468 -0.400710 0.912395
vn 0.854174 0.482760 -0.193211
vn 0.456869 0.614497 0.643167
vn 0.494283 -0.868342 -0.040812
vn -0.713969 -0.696786 -0.068825
vn -0.741285 -0.185533 0.645038
vn -0.507505 0.625794 -0.592301
vn 0.119338 -0.367760 0.922232
vn 0.214647 0.967399 -0.134411
vn 0.889689 0.411632 0.197515
vn -0.108711 -0.102012 -0.988825
vn -0.466068 -0.877097 -0.116112
vn 0.310678 -0.904113 0.293358
vn -0.537113 0.214986 0.815654
vn 0.784798 -0.489320 -0.380340
vn 0.126412 0.278404 0.952109
vn 0.093886 -0.645999 0.757543
vn 0.913974 0.404944 0.025911
vn -0.001594 -0.043459 -0.999054
vn -0.997666 -0.030811 -0.060930
vn 0.010897 -0.890852 -0.454164
vn -0.173604 0.975600 -0.134412
vn 0.663182 0.721927 0.197515
vn -0.061160 -0.135961 -0.988825
vn -0.093212 -0.988853 -0.116106
vn 0.634267 -0.715294 0.293360
vn -0.578480 -0.007937 0.815658
vn 0.912577 -0.150151 -0.380340
vn 0.126412 0.278404 0.952109
vn 0.093885 -0.645999 0.757543
vn 0.913974 0.404944 0.025911
vn -0.001594 -0.043458 -0.999054
vn -0.997666 -0.030810 -0.060930
vn 0.010897 -0.890852 -0.454164
vn 0.127429 0.277986 0.952095
vn 0.094696 -0.646327 0.757162
vn 0.914000 0.404936 0.025119
vn -0.002662 -0.043016 -0.999071
vn -0.997732 -0.030780 -0.059867
vn 0.010411 -0.890651 -0.454569
vn 0.538132 0.361568 0.761369
vn 0.447722 -0.576111 0.683843
vn 0.813025 0.393390 -0.429226
vn -0.455389 -0.133508 -0.880225
vn -0.914438 -0.022854 0.404081
vn -0.171063 -0.928303 -0.330139
vn -0.483181 -0.260429 0.835891
vn -0.995200 -0.055695 0.080473
vn 0.382964 -0.922245 -0.052940
vn 0.744869 0.070937 -0.663429
vn -0.055271 0.283160 -0.957479
vn 0.209836 0.900239 0.381494
vn -0.453589 -0.516059 -0.726594
vn -0.260790 0.368865 0.892148
vn -0.199805 -0.569595 0.797270
vn 0.824322 0.455511 0.336159
vn 0.390256 -0.132514 -0.911120
vn -0.893601 -0.091191 -0.439502
vn 0.202007 -0.925880 -0.319279
vn 0.127444 0.275599 0.952787
vn 0.094706 -0.648227 0.755535
vn 0.914002 0.404868 0.026116
vn -0.002674 -0.040514 -0.999175
vn -0.997732 -0.030630 -0.059939
vn 0.010405 -0.889510 -0.456797
vn 0.891428 -0.445909 0.080752
vn 0.473588 -0.158097 0.866441
vn -0.388228 -0.860341 -0.330291
vn -0.884353 0.253267 -0.392142
vn -0.771387 0.441280 0.458512
vn 0.429560 0.834105 -0.346046
vn -0.558926 -0.418587 0.715812
vn 0.923264 -0.320099 0.212417
vn 0.336139 -0.141019 0.931195
vn 0.018460 -0.947942 -0.317909
vn -0.881489 0.177056 -0.437754
vn 0.141238 0.989524 -0.029905
vn -0.804646 0.176694 0.566855
vn 0.830892 -0.496127 0.251947
vn 0.240144 -0.256405 0.936263
vn -0.318665 -0.807612 -0.496200
vn -0.752520 0.331031 -0.569326
vn -0.848009 0.438756 0.297277
vn 0.525093 0.837896 -0.149020
vn -0.730050 -0.449861 0.514443
vn 0.842521 -0.489967 -0.223808
vn 0.770026 -0.111182 0.628251
vn -0.504921 -0.860705 -0.065129
vn -0.961481 0.271205 -0.044750
vn -0.522096 0.524498 0.672545
vn 0.279031 0.774022 -0.568359
vn -0.245072 -0.321270 0.914727
vn 0.896475 -0.374888 -0.236202
vn 0.788356 -0.003210 0.615212
vn -0.386663 -0.920739 -0.052260
vn -0.989670 0.140361 -0.029205
vn -0.576069 0.454933 0.679103
vn 0.163800 0.800320 -0.576765
vn -0.184744 -0.344676 0.920363
vn 0.937595 -0.255196 -0.236201
vn 0.782085 0.099278 0.615212
vn -0.263717 -0.963183 -0.052260
vn -0.999518 0.010545 -0.029205
vn -0.630309 0.376204 0.679103
vn 0.058395 0.814820 -0.576765
vn -0.138381 -0.365762 0.920363
vn 0.971685 -0.006080 -0.236202
vn 0.730430 0.296626 0.615211
vn -0.007749 -0.998603 -0.052260
vn -0.968761 -0.246269 -0.029204
vn -0.705735 0.201881 0.679104
vn -0.152630 0.802524 -0.576766
vn -0.039898 -0.389024 0.920363
vn 0.962653 -0.132315 -0.236202
vn 0.762788 0.199178 0.615209
vn -0.137467 -0.989127 -0.052260
vn -0.992552 -0.118273 -0.029205
vn -0.673510 0.291892 0.679105
vn -0.047030 0.815554 -0.576766
vn -0.090115 -0.380537 0.920364
vn 0.937594 -0.255196 -0.236203
vn 0.782088 0.099278 0.615209
vn -0.263716 -0.963184 -0.052262
vn -0.999518 0.010545 -0.029206
vn -0.630308 0.376204 0.679104
vn 0.058399 0.814818 -0.576768
vn -0.138376 -0.365762 0.920364
vn 0.962653 -0.132315 -0.236203
vn 0.762789 0.199178 0.615209
vn -0.137467 -0.989127 -0.052260
vn -0.992552 -0.118273 -0.029205
vn -0.673510 0.291892 0.679105
vn -0.047030 0.815554 -0.576767
vn -0.090115 -0.380538 0.920364
vn 0.937595 -0.255196 -0.236201
vn 0.782088 0.099277 0.615210
vn -0.263714 -0.963184 -0.052260
vn -0.999518 0.010545 -0.029205
vn -0.630308 0.376204 0.679105
vn 0.058400 0.814819 -0.576766
vn -0.138375 -0.365762 0.920364
vn 0.971686 -0.006078 -0.236199
vn 0.730431 0.296627 0.615211
vn -0.007746 -0.998603 -0.052260
vn -0.968761 -0.246270 -0.029204
vn -0.705734 0.201882 0.679105
vn -0.152625 0.802526 -0.576765
vn -0.039895 -0.389022 0.920364
vn 0.962653 -0.132316 -0.236202
vn 0.762788 0.199177 0.615210
vn -0.137468 -0.989127 -0.052259
vn -0.992552 -0.118273 -0.029205
vn -0.673510 0.291891 0.679105
vn -0.047032 0.815554 -0.576766
vn -0.090115 -0.380539 0.920364
vn 0.896475 -0.374888 -0.236201
vn 0.788357 -0.003210 0.615210
vn -0.386662 -0.920740 -0.052259
vn -0.989670 0.140361 -0.029205
vn -0.576068 0.454932 0.679105
vn 0.163801 0.800319 -0.576766
vn -0.184739 -0.344676 0.920364
vn 0.961816 -0.132538 -0.239465
vn 0.764949 0.199758 0.612332
vn -0.137648 -0.989176 -0.050841
vn -0.992648 -0.118300 -0.025597
vn -0.671115 0.292533 0.681197
vn -0.049064 0.815011 -0.577365
vn -0.086873 -0.379669 0.921034
vn 0.965103 -0.007819 -0.261752
vn 0.746401 0.300926 0.593573
vn -0.009010 -0.998948 -0.044963
vn -0.969166 -0.246403 -0.001843
vn -0.687562 0.206735 0.696074
vn -0.167916 0.798431 -0.578197
vn -0.015508 -0.382491 0.923829
vn 0.963815 0.123574 -0.236201
vn 0.684342 0.391397 0.615211
vn 0.125512 -0.990715 -0.052260
vn -0.927260 -0.373277 -0.029205
vn -0.726355 0.105950 0.679105
vn -0.258299 0.774999 -0.576765
vn 0.012346 -0.390869 0.920364
vn 0.939579 0.247791 -0.236200
vn 0.627669 0.477020 0.615211
vn 0.253208 -0.965999 -0.052261
vn -0.870881 -0.490626 -0.029206
vn -0.733965 0.010648 0.679104
vn -0.356834 0.734855 -0.576765
vn 0.063044 -0.385949 0.920364
vn 0.971685 -0.006080 -0.236201
vn 0.730431 0.296626 0.615210
vn -0.007748 -0.998603 -0.052260
vn -0.968761 -0.246269 -0.029205
vn -0.705734 0.201882 0.679105
vn -0.152628 0.802524 -0.576766
vn -0.039894 -0.389022 0.920364
vn 0.963814 0.123575 -0.236202
vn 0.692295 0.316951 0.648282
vn 0.343338 -0.926402 -0.154594
vn -0.949699 -0.310394 0.041564
vn -0.371311 0.899964 -0.228458
vn -0.500880 0.061661 0.863317
vn 0.939579 0.247790 -0.236203
vn 0.627669 0.477020 0.615210
vn 0.253206 -0.966000 -0.052262
vn -0.870881 -0.490626 -0.029207
vn -0.733965 0.010648 0.679104
vn -0.356836 0.734852 -0.576766
vn 0.063044 -0.385948 0.920364
vn 0.962653 -0.132316 -0.236202
vn 0.762787 0.199178 0.615211
vn -0.137469 -0.989126 -0.052260
vn -0.992552 -0.118273 -0.029205
vn -0.673510 0.291892 0.679105
vn -0.047032 0.815554 -0.576766
vn -0.090117 -0.380538 0.920364
vn 0.971685 -0.006079 -0.236202
vn 0.730432 0.296627 0.615209
vn -0.007748 -0.998603 -0.052261
vn -0.968761 -0.246269 -0.029207
vn -0.705735 0.201882 0.679104
vn -0.152627 0.802524 -0.576767
vn -0.039892 -0.389021 0.920365
vn 0.838464 -0.491108 -0.236202
vn 0.780884 -0.108330 0.615211
vn -0.506012 -0.860942 -0.052259
vn -0.962106 0.271106 -0.029204
vn -0.510242 0.527701 0.679106
vn 0.269082 0.771322 -0.576765
vn -0.229061 -0.316957 0.920364
vn 0.767525 -0.595915 -0.236203
vn 0.760182 -0.208900 0.615210
vn -0.613614 -0.787875 -0.052260
vn -0.918712 0.393848 -0.029205
vn -0.437331 0.589540 0.679105
vn 0.367047 0.729806 -0.576767
vn -0.268312 -0.284498 0.920364
vn 0.923168 -0.331758 -0.194161
vn 0.302634 -0.941303 0.149539
vn -0.138236 0.155007 -0.978194
vn -0.814186 0.578090 -0.053974
vn -0.920287 -0.202526 0.334746
vn 0.324750 0.476682 0.816891
vn -0.605902 -0.702182 -0.373930
vn 0.767526 -0.595914 -0.236201
vn 0.760182 -0.208900 0.615210
vn -0.613611 -0.787877 -0.052260
vn -0.918712 0.393847 -0.029205
vn -0.437331 0.589540 0.679105
vn 0.367049 0.729805 -0.576766
vn -0.268312 -0.284498 0.920364
vn 0.838465 -0.491107 -0.236200
vn 0.780885 -0.108329 0.615210
vn -0.506010 -0.860943 -0.052259
vn -0.962107 0.271104 -0.029205
vn -0.510242 0.527701 0.679106
vn 0.269083 0.771320 -0.576766
vn -0.229058 -0.316957 0.920365
vn 0.838465 -0.491107 -0.236200
vn 0.780885 -0.108329 0.615210
vn -0.506010 -0.860943 -0.052259
vn -0.962107 0.271104 -0.029204
vn -0.510241 0.527701 0.679106
vn 0.269083 0.771320 -0.576766
vn -0.229058 -0.316956 0.920365
vn 0.923164 -0.331767 -0.194161
vn 0.302624 -0.941306 0.149538
vn -0.138234 0.155011 -0.978194
vn -0.814178 0.578101 -0.053975
vn -0.920290 -0.202515 0.334746
vn 0.324759 0.476679 0.816890
vn -0.605911 -0.702174 -0.373930
vn 0.872216 -0.448932 -0.194164
vn 0.177721 -0.972653 0.149537
vn -0.116919 0.171659 -0.978194
vn -0.732141 0.679011 -0.053975
vn -0.938804 -0.081195 0.334746
vn 0.383956 0.430431 0.816889
vn -0.692027 -0.617474 -0.373931
vn 0.923166 -0.331761 -0.194164
vn 0.302630 -0.941304 0.149537
vn -0.138237 0.155007 -0.978194
vn -0.814183 0.578095 -0.053975
vn -0.920288 -0.202523 0.334746
vn 0.324758 0.476683 0.816888
vn -0.605905 -0.702179 -0.373930
vn 0.872215 -0.448933 -0.194164
vn 0.177720 -0.972653 0.149537
vn -0.116921 0.171659 -0.978194
vn -0.732141 0.679011 -0.053975
vn -0.938804 -0.081194 0.334745
vn 0.383954 0.430433 0.816889
vn -0.692028 -0.617473 -0.373931
vn 0.838465 -0.491107 -0.236201
vn 0.780883 -0.108329 0.615212
vn -0.506011 -0.860942 -0.052259
vn -0.962107 0.271105 -0.029204
vn -0.510243 0.527701 0.679105
vn 0.269082 0.771322 -0.576765
vn -0.229064 -0.316955 0.920363
vn 0.923164 -0.331765 -0.194164
vn 0.302627 -0.941305 0.149537
vn -0.138239 0.155009 -0.978193
vn -0.814181 0.578097 -0.053975
vn -0.920289 -0.202520 0.334746
vn 0.324756 0.476682 0.816889
vn -0.605905 -0.702179 -0.373931
vn 0.804797 -0.561539 -0.192289
vn 0.010545 -0.996898 0.077998
vn 0.134712 0.080797 -0.987585
vn -0.688947 0.724731 0.010830
vn 0.130614 0.197678 0.971526
vn -0.949136 -0.226079 0.219154
vn 0.757552 -0.222444 0.613706
vn 0.288663 -0.931108 0.222962
vn -0.498559 0.389604 0.774369
vn -0.740914 0.528914 -0.413879
vn -0.727562 -0.329091 -0.601957
vn 0.639804 0.271332 -0.719048
vn -0.738325 -0.616036 0.274549
vn 0.839001 -0.490963 -0.234589
vn 0.779479 -0.108706 0.616924
vn -0.505891 -0.860910 -0.053939
vn -0.962038 0.271123 -0.031233
vn -0.511792 0.527285 0.678262
vn 0.270394 0.771674 -0.575679
vn -0.231160 -0.317520 0.919645
vn 0.767525 -0.595914 -0.236202
vn 0.760182 -0.208899 0.615210
vn -0.613612 -0.787877 -0.052260
vn -0.918712 0.393847 -0.029204
vn -0.437332 0.589540 0.679105
vn 0.367047 0.729806 -0.576766
vn -0.268314 -0.284497 0.920363
vn 0.838465 -0.491107 -0.236200
vn 0.780883 -0.108329 0.615212
vn -0.506012 -0.860942 -0.052261
vn -0.962107 0.271105 -0.029205
vn -0.510244 0.527701 0.679104
vn 0.269082 0.771322 -0.576764
vn -0.229064 -0.316957 0.920363
vn 0.767524 -0.595915 -0.236202
vn 0.760182 -0.208901 0.615211
vn -0.613614 -0.787875 -0.052260
vn -0.918712 0.393848 -0.029204
vn -0.437332 0.589541 0.679104
vn 0.367047 0.729806 -0.576766
vn -0.268315 -0.284497 0.920363
vn 0.923163 -0.331769 -0.194162
vn 0.302620 -0.941307 0.149538
vn -0.138239 0.155009 -0.978193
vn -0.814179 0.578100 -0.053975
vn -0.920290 -0.202514 0.334746
vn 0.324756 0.476681 0.816890
vn -0.605913 -0.702173 -0.373930
vn 0.923164 -0.331768 -0.194161
vn 0.302622 -0.941307 0.149537
vn -0.138235 0.155011 -0.978194
vn -0.814178 0.578101 -0.053975
vn -0.920290 -0.202515 0.334746
vn 0.324758 0.476678 0.816891
vn -0.605912 -0.702173 -0.373930
vn 0.923167 -0.331759 -0.194161
vn 0.302631 -0.941304 0.149537
vn -0.138237 0.155008 -0.978194
vn -0.814184 0.578092 -0.053974
vn -0.920287 -0.202525 0.334746
vn 0.324755 0.476680 0.816891
vn -0.605906 -0.702179 -0.373930
vn 0.923167 -0.331758 -0.194161
vn 0.302633 -0.941303 0.149538
vn -0.138238 0.155007 -0.978194
vn -0.814186 0.578090 -0.053974
vn -0.920287 -0.202527 0.334746
vn 0.324749 0.476683 0.816891
vn -0.605901 -0.702182 -0.373930
vn 0.923169 -0.331754 -0.194160
vn 0.302639 -0.941301 0.149538
vn -0.138234 0.155007 -0.978194
vn -0.814188 0.578088 -0.053976
vn -0.920286 -0.202530 0.334745
vn 0.324752 0.476683 0.816890
vn -0.605898 -0.702184 -0.373931
vn 0.923167 -0.331759 -0.194161
vn 0.302632 -0.941303 0.149538
vn -0.138237 0.155009 -0.978194
vn -0.814184 0.578092 -0.053976
vn -0.920288 -0.202524 0.334744
vn 0.324749 0.476684 0.816891
vn -0.605902 -0.702181 -0.373931
vn 0.767525 -0.595915 -0.236200
vn 0.760182 -0.208901 0.615210
vn -0.613615 -0.787874 -0.052259
vn -0.918711 0.393849 -0.029205
vn -0.437331 0.589541 0.679105
vn 0.367047 0.729807 -0.576765
vn -0.268311 -0.284498 0.920364
vn 0.838465 -0.491107 -0.236201
vn 0.741690 -0.172122 0.648283
vn -0.294282 -0.943133 -0.154592
vn -0.941444 0.334597 0.041565
vn 0.255986 0.939297 -0.228457
vn -0.358820 0.354869 0.863317
vn 0.895561 -0.375131 -0.239266
vn 0.790719 -0.002575 0.612173
vn -0.386854 -0.920794 -0.049823
vn -0.989775 0.140328 -0.025542
vn -0.573453 0.455631 0.680846
vn 0.161578 0.799721 -0.578220
vn -0.181195 -0.343727 0.921423
vn 0.633608 -0.748895 -0.194160
vn -0.245525 -0.966366 0.076509
vn 0.150073 0.045266 -0.987638
vn -0.479921 0.877219 0.012788
vn 0.177811 0.155840 0.971647
vn -0.975179 0.024634 0.220043
vn 0.174270 -0.965366 -0.194161
vn -0.663878 -0.732738 0.149539
vn 0.065120 0.197221 -0.978194
vn 0.093549 0.994151 -0.053974
vn -0.635536 0.695729 0.334747
vn 0.575194 -0.042901 0.816891
vn -0.911058 0.173637 -0.373929
vn 0.416135 -0.888332 -0.194161
vn -0.453640 -0.878549 0.149538
vn 0.012338 0.207326 -0.978194
vn -0.164665 0.984872 -0.053976
vn -0.792772 0.509370 0.334746
vn 0.566950 0.106118 0.816888
vn -0.925110 -0.065941 -0.373929
vn 0.416135 -0.888332 -0.194161
vn -0.453640 -0.878549 0.149539
vn 0.012337 0.207326 -0.978194
vn -0.164666 0.984872 -0.053975
vn -0.792772 0.509370 0.334746
vn 0.566948 0.106120 0.816889
vn -0.925110 -0.065941 -0.373929
vn 0.530897 -0.824894 -0.194161
vn -0.369043 -0.926258 0.076510
vn 0.154682 0.025377 -0.987638
vn -0.361835 0.932155 0.012788
vn 0.196560 0.131407 0.971646
vn -0.963705 0.151172 0.220045
vn 0.724781 -0.661055 -0.194160
vn -0.082351 -0.985321 0.149538
vn -0.068052 0.196230 -0.978194
vn -0.529501 0.846590 -0.053975
vn -0.927448 0.166693 0.334745
vn 0.482999 0.315276 0.816892
vn -0.829222 -0.415411 -0.373931
vn 0.416136 -0.888331 -0.194164
vn -0.453641 -0.878549 0.149538
vn 0.012334 0.207328 -0.978194
vn -0.164666 0.984871 -0.053975
vn -0.792773 0.509369 0.334746
vn 0.566949 0.106122 0.816888
vn -0.925111 -0.065941 -0.373928
vn 0.297152 -0.934881 -0.194161
vn -0.563975 -0.812140 0.149538
vn 0.039179 0.203965 -0.978194
vn -0.035268 0.997919 -0.053976
vn -0.719847 0.608083 0.334746
vn 0.575933 0.031534 0.816888
vn -0.925834 0.054852 -0.373929
vn 0.416136 -0.888331 -0.194161
vn -0.453640 -0.878549 0.149539
vn 0.012338 0.207327 -0.978194
vn -0.164666 0.984872 -0.053975
vn -0.792772 0.509369 0.334747
vn 0.566949 0.106119 0.816889
vn -0.925110 -0.065940 -0.373929
vn 0.530898 -0.824893 -0.194165
vn -0.332414 -0.931203 0.149537
vn -0.015427 0.207121 -0.978194
vn -0.294550 0.954111 -0.053975
vn -0.853626 0.399083 0.334746
vn 0.547731 0.180788 0.816888
vn -0.908050 -0.188736 -0.373929
vn 0.530897 -0.824893 -0.194164
vn -0.332414 -0.931203 0.149537
vn -0.015425 0.207121 -0.978194
vn -0.294549 0.954111 -0.053975
vn -0.853626 0.399083 0.334747
vn 0.547730 0.180787 0.816889
vn -0.908050 -0.188736 -0.373930
vn 0.416134 -0.888331 -0.194164
vn -0.453642 -0.878548 0.149538
vn 0.012334 0.207328 -0.978194
vn -0.164666 0.984871 -0.053975
vn -0.792773 0.509368 0.334746
vn 0.566948 0.106121 0.816889
vn -0.925110 -0.065941 -0.373929
vn 0.530897 -0.824893 -0.194164
vn -0.332414 -0.931203 0.149538
vn -0.015426 0.207120 -0.978194
vn -0.294549 0.954111 -0.053975
vn -0.853626 0.399084 0.334746
vn 0.547731 0.180787 0.816888
vn -0.908050 -0.188736 -0.373930
vn 0.530895 -0.824894 -0.194165
vn -0.332417 -0.931202 0.149537
vn -0.015426 0.207122 -0.978194
vn -0.294548 0.954111 -0.053975
vn -0.853625 0.399085 0.334747
vn 0.547731 0.180787 0.816888
vn -0.908051 -0.188734 -0.373929
vn 0.416137 -0.888330 -0.194165
vn -0.453641 -0.878549 0.149536
vn 0.012336 0.207329 -0.978193
vn -0.164666 0.984871 -0.053975
vn -0.792773 0.509369 0.334746
vn 0.566951 0.106120 0.816888
vn -0.925110 -0.065939 -0.373930
vn 0.633771 -0.749239 -0.192290
vn -0.208702 -0.966243 0.151058
vn -0.041358 0.201640 -0.978586
vn -0.416004 0.907641 -0.055931
vn -0.898543 0.285347 0.333463
vn 0.518870 0.251877 0.816904
vn -0.875494 -0.305808 -0.374155
vn 0.407920 -0.846719 0.341566
vn -0.491963 -0.684439 0.538067
vn 0.118986 -0.332882 -0.935431
vn -0.129545 0.806974 -0.576204
vn -0.807882 0.585898 -0.063650
vn 0.482683 0.532921 0.694990
vn -0.883227 -0.278093 -0.377590
vn 0.618355 -0.718035 0.319473
vn -0.309945 -0.836024 0.452768
vn 0.372010 -0.403789 -0.835801
vn -0.420687 0.757389 -0.499384
vn -0.038314 0.593167 0.804167
vn -0.996746 0.068278 -0.042851
vn 0.413482 -0.874883 0.252214
vn -0.482430 -0.732726 0.479973
vn 0.101193 -0.242756 -0.964795
vn -0.139572 0.857768 -0.494726
vn -0.808408 0.588579 0.007189
vn 0.496067 0.465179 0.733162
vn -0.890374 -0.241888 -0.385648
vn 0.630645 -0.742906 0.224448
vn -0.268276 -0.845696 0.461331
vn 0.148407 -0.182326 -0.971974
vn -0.364946 0.804325 -0.468908
vn -0.933791 0.356657 0.028821
vn 0.367065 0.559036 0.743466
vn -0.801403 -0.455721 -0.387391
vn 0.175719 -0.942959 0.282756
vn -0.687564 -0.586514 0.428086
vn 0.122445 -0.502137 -0.856076
vn 0.015601 0.885385 -0.464596
vn 0.261303 0.500537 0.825338
vn -0.828985 0.558805 -0.022832
vn 0.055316 -0.939353 0.338461
vn -0.715512 -0.447928 0.536099
vn -0.015827 -0.349997 -0.936617
vn 0.187226 0.797583 -0.573417
vn -0.524570 0.849168 -0.061160
vn 0.648542 0.307174 0.696447
vn -0.922396 0.079684 -0.377936
vn 0.297152 -0.934880 -0.194163
vn -0.563976 -0.812139 0.149538
vn 0.039176 0.203966 -0.978194
vn -0.035268 0.997919 -0.053976
vn -0.719848 0.608083 0.334745
vn 0.575933 0.031536 0.816888
vn -0.925834 0.054852 -0.373929
vn 0.174269 -0.965365 -0.194166
vn -0.695818 -0.714131 0.076506
vn 0.152598 -0.035831 -0.987639
vn 0.022993 0.999654 0.012787
vn 0.231918 0.046054 0.971645
vn -0.832210 0.508929 0.220043
vn -0.299590 -0.934724 -0.191145
vn 0.598966 -0.797859 0.068271
vn -0.168446 -0.015075 -0.985596
vn 0.106108 0.994279 0.012259
vn -0.211716 0.074748 0.974469
vn 0.893544 0.397330 0.209063
vn 0.174269 -0.965365 -0.194166
vn -0.695818 -0.714132 0.076506
vn 0.152597 -0.035831 -0.987639
vn 0.022992 0.999654 0.012788
vn 0.231917 0.046054 0.971645
vn -0.832209 0.508929 0.220044
vn 0.047321 -0.979828 -0.194161
vn -0.753481 -0.640238 0.149539
vn 0.090202 0.187084 -0.978194
vn 0.221969 0.973559 -0.053974
vn -0.539719 0.772430 0.334747
vn 0.564740 -0.117298 0.816890
vn -0.880763 0.290576 -0.373929
vn 0.174266 -0.965367 -0.194161
vn -0.695819 -0.714130 0.076510
vn 0.152597 -0.035835 -0.987639
vn 0.022993 0.999654 0.012788
vn 0.231912 0.046054 0.971646
vn -0.832209 0.508928 0.220045
vn 0.174268 -0.965366 -0.194161
vn -0.695818 -0.714132 0.076510
vn 0.152598 -0.035836 -0.987638
vn 0.022994 0.999654 0.012787
vn 0.231914 0.046052 0.971646
vn -0.832209 0.508928 0.220045
vn -0.416134 0.888331 -0.194165
vn 0.453645 0.878547 0.149536
vn -0.012338 -0.207328 -0.978194
vn 0.164660 -0.984872 -0.053974
vn 0.792770 -0.509373 0.334747
vn -0.566952 -0.106116 0.816887
vn 0.925110 0.065934 -0.373930
vn -0.416131 0.888334 -0.194160
vn 0.489288 0.868760 0.076510
vn -0.156685 -0.004517 -0.987638
vn 0.234272 -0.972087 0.012788
vn -0.212331 -0.104016 0.971646
vn 0.934932 -0.278358 0.220045
vn -0.174263 0.965367 -0.194161
vn 0.663884 0.732733 0.149538
vn -0.065125 -0.197221 -0.978194
vn -0.093560 -0.994150 -0.053975
vn 0.635529 -0.695736 0.334745
vn -0.575195 0.042905 0.816891
vn 0.911056 -0.173645 -0.373930
vn -0.416132 0.888333 -0.194161
vn 0.453644 0.878547 0.149538
vn -0.012340 -0.207325 -0.978194
vn 0.164660 -0.984872 -0.053974
vn 0.792770 -0.509372 0.334747
vn -0.566949 -0.106113 0.816890
vn 0.925110 0.065936 -0.373930
vn -0.047320 0.979828 -0.194160
vn 0.753482 0.640237 0.149539
vn -0.090201 -0.187086 -0.978194
vn -0.221967 -0.973559 -0.053975
vn 0.539720 -0.772430 0.334746
vn -0.564739 0.117294 0.816892
vn 0.880763 -0.290576 -0.373929
vn -0.297153 0.934881 -0.194160
vn 0.563975 0.812139 0.149538
vn -0.039179 -0.203966 -0.978194
vn 0.035272 -0.997919 -0.053975
vn 0.719849 -0.608081 0.334745
vn -0.575927 -0.031540 0.816893
vn 0.925833 -0.054851 -0.373931
vn -0.530896 0.824894 -0.194162
vn 0.369045 0.926257 0.076510
vn -0.154682 -0.025376 -0.987638
vn 0.361833 -0.932155 0.012788
vn -0.196562 -0.131409 0.971645
vn 0.963705 -0.151174 0.220045
vn -0.633599 0.748902 -0.194161
vn 0.208574 0.966507 0.149539
vn 0.042212 -0.203358 -0.978194
vn 0.416051 -0.907738 -0.053974
vn 0.898252 -0.284760 0.334747
vn -0.519586 -0.250438 0.816891
vn 0.875821 0.305147 -0.373929
vn -0.872218 0.448928 -0.194162
vn -0.177726 0.972652 0.149539
vn 0.116917 -0.171660 -0.978194
vn 0.732142 -0.679010 -0.053975
vn 0.938803 0.081196 0.334747
vn -0.383957 -0.430433 0.816887
vn 0.692026 0.617476 -0.373929
vn -0.804550 0.561250 -0.194161
vn -0.046410 0.987666 0.149538
vn 0.092978 -0.185719 -0.978194
vn 0.635039 -0.770592 -0.053975
vn 0.941246 -0.044741 0.334746
vn -0.437933 -0.375376 0.816889
vn 0.768199 0.519660 -0.373930
vn -0.633602 0.748898 -0.194165
vn 0.208570 0.966508 0.149538
vn 0.042216 -0.203361 -0.978193
vn 0.416055 -0.907736 -0.053975
vn 0.898254 -0.284755 0.334746
vn -0.519585 -0.250444 0.816890
vn 0.875819 0.305152 -0.373929
vn -0.872218 0.448928 -0.194164
vn -0.177725 0.972652 0.149538
vn 0.116919 -0.171659 -0.978194
vn 0.732144 -0.679008 -0.053975
vn 0.938803 0.081198 0.334747
vn -0.383956 -0.430432 0.816888
vn 0.692027 0.617476 -0.373929
vn -0.872215 0.448932 -0.194165
vn -0.177719 0.972653 0.149537
vn 0.116921 -0.171659 -0.978194
vn 0.732142 -0.679010 -0.053975
vn 0.938804 0.081195 0.334746
vn -0.383954 -0.430431 0.816890
vn 0.692028 0.617473 -0.373930
vn -0.724989 0.661374 -0.192290
vn 0.119109 0.989813 0.077998
vn -0.144069 -0.062604 -0.987585
vn 0.588910 -0.808126 0.010830
vn -0.155201 -0.179026 0.971526
vn 0.970469 0.100803 0.219155
vn -0.407917 0.846720 0.341567
vn 0.491964 0.684438 0.538068
vn -0.118986 0.332885 -0.935430
vn 0.129544 -0.806974 -0.576204
vn 0.807881 -0.585899 -0.063650
vn -0.482685 -0.532919 0.694991
vn 0.883228 0.278092 -0.377588
vn -0.174269 0.965366 -0.194164
vn 0.663881 0.732736 0.149536
vn -0.065122 -0.197223 -0.978193
vn -0.093553 -0.994150 -0.053975
vn 0.635533 -0.695732 0.334745
vn -0.575196 0.042903 0.816890
vn 0.911056 -0.173641 -0.373932
vn 0.210104 0.958205 -0.194161
vn 0.894490 0.421339 0.149538
vn -0.135915 -0.157050 -0.978193
vn -0.468423 -0.881854 -0.053975
vn 0.319358 -0.886541 0.334746
vn -0.514537 0.260657 0.816890
vn 0.774365 -0.510426 -0.373930
vn -0.530900 0.824892 -0.194160
vn 0.369041 0.926258 0.076511
vn -0.154682 -0.025376 -0.987638
vn 0.361836 -0.932154 0.012787
vn -0.196561 -0.131409 0.971646
vn 0.963705 -0.151170 0.220045
vn -0.633601 0.748900 -0.194161
vn 0.208570 0.966507 0.149539
vn 0.042213 -0.203358 -0.978194
vn 0.416054 -0.907737 -0.053975
vn 0.898253 -0.284755 0.334747
vn -0.519588 -0.250439 0.816890
vn 0.875820 0.305151 -0.373929
vn -0.628593 -0.313313 0.711833
vn -0.991317 -0.065690 -0.113908
vn 0.401404 -0.915302 -0.033115
vn 0.855929 0.115054 -0.504131
vn 0.122689 0.340580 -0.932176
vn 0.118568 0.876455 0.466657
vn -0.298795 -0.473275 -0.828693
vn -0.374074 -0.655625 0.655915
vn -0.913699 -0.401259 -0.064391
vn 0.682609 -0.678253 -0.272063
vn 0.682887 0.517991 -0.515121
vn -0.136266 0.538025 -0.831842
vn -0.124801 0.748563 0.651213
vn -0.232782 -0.376975 -0.896494
vn -0.643549 -0.432012 0.631831
vn -0.967873 -0.152707 -0.199756
vn 0.495995 -0.865548 -0.069393
vn 0.874284 0.240255 -0.421788
vn 0.155299 0.427978 -0.890347
vn -0.008401 0.841592 0.540049
vn -0.185537 -0.429057 -0.884017
vn -0.201857 -0.789818 0.579173
vn -0.786724 -0.601436 -0.139066
vn 0.731932 -0.652135 -0.197473
vn 0.455414 0.733045 -0.505216
vn -0.487818 0.725092 0.486081
vn -0.412570 0.347836 -0.841900
vn -0.210101 -0.958205 -0.194164
vn -0.894488 -0.421342 0.149537
vn 0.135911 0.157052 -0.978194
vn 0.468418 0.881857 -0.053975
vn -0.319363 0.886540 0.334746
vn 0.514540 -0.260657 0.816888
vn -0.774367 0.510424 -0.373929
vn -0.588925 -0.772901 0.236201
vn -0.681130 -0.396959 -0.615211
vn 0.795229 -0.604052 0.052260
vn 0.786898 0.616392 0.029204
vn 0.271421 0.682017 -0.679104
vn -0.542019 0.611194 0.576765
vn 0.332330 -0.206125 -0.920363
vn -0.366736 -0.899841 0.236201
vn -0.483971 -0.587793 -0.648283
vn 0.807294 -0.569542 0.154594
vn 0.543679 0.838263 -0.041564
vn -0.774563 0.589797 0.228456
vn 0.068921 0.499933 -0.863317
vn -0.480577 -0.844544 0.236202
vn -0.622101 -0.484260 -0.615210
vn 0.868690 -0.492592 0.052260
vn 0.697656 0.715838 0.029205
vn 0.178031 0.712124 -0.679105
vn -0.618694 0.533438 0.576768
vn 0.356851 -0.159961 -0.920364
vn -0.210102 -0.958206 -0.194161
vn -0.894488 -0.421343 0.149539
vn 0.135915 0.157048 -0.978194
vn 0.468421 0.881855 -0.053975
vn -0.319359 0.886541 0.334746
vn 0.514539 -0.260658 0.816889
vn -0.774367 0.510424 -0.373930
vn -0.083781 -0.977385 -0.194161
vn -0.832138 -0.534026 0.149539
vn 0.114348 0.173381 -0.978194
vn 0.349832 0.935256 -0.053975
vn -0.431877 0.837512 0.334746
vn 0.544052 -0.191572 0.816889
vn -0.834140 0.405448 -0.373929
vn -0.684382 -0.689804 0.236202
vn -0.726946 -0.305067 -0.615210
vn 0.709977 -0.702283 0.052261
vn 0.860335 0.508892 0.029206
vn 0.357759 0.640957 -0.679104
vn -0.457985 0.676454 0.576767
vn 0.302718 -0.247571 -0.920364
vn -0.767524 -0.595917 0.236200
vn -0.760181 -0.208902 -0.615211
vn 0.613616 -0.787873 0.052260
vn 0.918711 0.393850 0.029206
vn 0.437331 0.589541 -0.679104
vn -0.367049 0.729806 0.576765
vn 0.268313 -0.284497 -0.920364
vn -0.838463 -0.491109 0.236201
vn -0.780884 -0.108331 -0.615211
vn 0.506014 -0.860941 0.052260
vn 0.962106 0.271108 0.029206
vn 0.510241 0.527704 -0.679104
vn -0.269086 0.771320 0.576766
vn 0.229061 -0.316955 -0.920364
vn -0.588926 -0.772901 0.236201
vn -0.681131 -0.396959 -0.615210
vn 0.795228 -0.604054 0.052261
vn 0.786897 0.616392 0.029204
vn 0.271421 0.682018 -0.679104
vn -0.542021 0.611193 0.576765
vn 0.332330 -0.206126 -0.920364
vn -0.210100 -0.958206 -0.194165
vn -0.894487 -0.421344 0.149537
vn 0.135911 0.157051 -0.978194
vn 0.468417 0.881857 -0.053975
vn -0.319365 0.886538 0.334747
vn 0.514540 -0.260659 0.816888
vn -0.774370 0.510421 -0.373929
vn -0.210105 -0.958205 -0.194164
vn -0.894490 -0.421339 0.149537
vn 0.135911 0.157052 -0.978194
vn 0.468420 0.881856 -0.053975
vn -0.319361 0.886540 0.334746
vn 0.514538 -0.260658 0.816889
vn -0.774366 0.510425 -0.373929
vn -0.366736 -0.899840 0.236203
vn -0.553885 -0.561006 -0.615210
vn 0.925343 -0.375513 0.052262
vn 0.598702 0.800439 0.029205
vn 0.083969 0.729223 -0.679104
vn -0.682777 0.448503 0.576767
vn 0.374618 -0.112223 -0.920363
vn -0.588423 -0.772767 0.237884
vn -0.682428 -0.397307 -0.613546
vn 0.795339 -0.604022 0.050926
vn 0.786958 0.616407 0.027198
vn 0.269989 0.681633 -0.680060
vn -0.540797 0.611518 0.577568
vn 0.330386 -0.206648 -0.920946
vn -0.896475 -0.374888 0.236200
vn -0.788356 -0.003211 -0.615211
vn 0.386660 -0.920740 0.052260
vn 0.989669 0.140362 0.029206
vn 0.576068 0.454932 -0.679104
vn -0.163806 0.800319 0.576765
vn 0.184742 -0.344677 -0.920363
vn -0.767523 -0.595917 0.236201
vn -0.760181 -0.208902 -0.615211
vn 0.613616 -0.787873 0.052260
vn 0.918711 0.393850 0.029206
vn 0.437329 0.589542 -0.679105
vn -0.367049 0.729805 0.576766
vn 0.268312 -0.284497 -0.920364
vn -0.896474 -0.374891 0.236202
vn -0.788356 -0.003212 -0.615211
vn 0.386665 -0.920738 0.052261
vn 0.989669 0.140363 0.029206
vn 0.576069 0.454934 -0.679102
vn -0.163803 0.800318 0.576766
vn 0.184744 -0.344675 -0.920363
vn -0.838462 -0.491110 0.236202
vn -0.780884 -0.108333 -0.615211
vn 0.506013 -0.860941 0.052261
vn 0.962106 0.271108 0.029204
vn 0.510241 0.527703 -0.679105
vn -0.269087 0.771319 0.576766
vn 0.229066 -0.316955 -0.920363
vn -0.767065 -0.595794 0.237993
vn -0.761371 -0.209219 -0.613630
vn 0.613715 -0.787848 0.051485
vn 0.918765 0.393864 0.027227
vn 0.436014 0.589191 -0.680254
vn -0.365937 0.730102 0.577098
vn 0.266530 -0.284972 -0.920735
vn -0.767524 -0.595917 0.236200
vn -0.760180 -0.208902 -0.615212
vn 0.613617 -0.787873 0.052260
vn 0.918711 0.393850 0.029205
vn 0.437331 0.589542 -0.679103
vn -0.367048 0.729807 0.576765
vn 0.268316 -0.284495 -0.920364
vn -0.588926 -0.772901 0.236200
vn -0.681131 -0.396959 -0.615211
vn 0.795229 -0.604053 0.052261
vn 0.786898 0.616391 0.029206
vn 0.271422 0.682017 -0.679104
vn -0.542020 0.611194 0.576764
vn 0.332328 -0.206127 -0.920364
vn -0.366737 -0.899841 0.236201
vn -0.553885 -0.561006 -0.615211
vn 0.925343 -0.375512 0.052260
vn 0.598702 0.800440 0.029205
vn 0.083969 0.729223 -0.679105
vn -0.682778 0.448504 0.576766
vn 0.374616 -0.112225 -0.920363
vn -0.588924 -0.772901 0.236202
vn -0.681130 -0.396960 -0.615211
vn 0.795230 -0.604052 0.052261
vn 0.786897 0.616393 0.029205
vn 0.271420 0.682017 -0.679105
vn -0.542019 0.611193 0.576765
vn 0.332330 -0.206126 -0.920363
vn 0.174322 -0.964666 -0.197564
vn -0.663907 -0.733271 0.146770
vn 0.065347 0.200710 -0.977469
vn 0.093558 0.994337 -0.050405
vn -0.635616 0.694528 0.337081
vn 0.575007 -0.045814 0.816865
vn -0.910973 0.174964 -0.373518
vn 0.415036 -0.882784 -0.220086
vn -0.488938 -0.870532 0.055796
vn 0.151461 0.030984 -0.987978
vn -0.234131 0.971379 0.040061
vn 0.217476 0.077967 0.972947
vn -0.933735 0.272299 0.232362
vn -0.207600 -0.953135 -0.220081
vn -0.896171 -0.424740 0.128351
vn 0.147712 0.180920 -0.972342
vn 0.468911 0.882842 -0.026707
vn -0.323517 0.878130 0.352454
vn 0.504656 -0.280649 0.816430
vn -0.769861 0.519539 -0.370667
vn 0.843629 0.480329 -0.239946
vn 0.486624 0.622733 0.612700
vn 0.492386 -0.868746 -0.053261
vn -0.715946 -0.697681 -0.025731
vn -0.709506 -0.177327 0.682024
vn -0.535656 0.618102 -0.575345
vn 0.163503 -0.355902 0.920109
vn 0.765082 0.586597 -0.265620
vn 0.416366 0.686186 0.596480
vn 0.601997 -0.795878 -0.064635
vn -0.617099 -0.786880 -0.002924
vn -0.660147 -0.265373 0.702697
vn -0.629134 0.537328 -0.561667
vn 0.235202 -0.324566 0.916153
vn -0.048419 0.974278 -0.220086
vn 0.754216 0.643961 0.128347
vn -0.095362 -0.213213 -0.972341
vn -0.222182 -0.974640 -0.026701
vn 0.541537 -0.763224 0.352459
vn -0.560420 0.139180 0.816430
vn 0.878792 -0.300552 -0.370665
vn -0.174311 0.964668 -0.197565
vn 0.695837 0.714398 0.073799
vn -0.152828 0.032310 -0.987725
vn -0.022991 -0.999602 0.016361
vn -0.231686 -0.042589 0.971858
vn 0.832260 -0.508142 0.221666
vn -0.297196 0.935608 0.190559
vn 0.571639 0.693681 0.438218
vn -0.064693 0.190590 -0.979536
vn 0.028865 -0.898950 -0.437100
vn 0.724925 -0.686630 0.054984
vn -0.555441 -0.348346 0.755076
vn 0.915890 0.098915 -0.389051
vn -0.175718 0.942959 0.282758
vn 0.687564 0.586513 0.428087
vn -0.122444 0.502138 -0.856075
vn -0.015600 -0.885386 -0.464595
vn -0.261300 -0.500538 0.825339
vn 0.828986 -0.558804 -0.022830
vn -0.047383 0.979529 0.195648
vn 0.730033 0.521480 0.441713
vn -0.012610 0.205944 -0.978482
vn -0.202302 -0.873955 -0.441900
vn 0.524424 -0.849924 0.051071
vn -0.627010 -0.198114 0.753398
vn 0.911010 -0.137361 -0.388836
vn -0.415997 0.887646 -0.197565
vn 0.453541 0.879067 0.146770
vn -0.011662 -0.210758 -0.977469
vn 0.164698 -0.985055 -0.050405
vn 0.792538 -0.508192 0.337081
vn -0.567513 -0.103252 0.816865
vn 0.925369 0.064627 -0.373518
vn -0.633600 0.748901 -0.194161
vn 0.208573 0.966507 0.149539
vn 0.042213 -0.203359 -0.978194
vn 0.416051 -0.907738 -0.053974
vn 0.898252 -0.284760 0.334747
vn -0.519586 -0.250441 0.816890
vn 0.875821 0.305148 -0.373929
vn -0.804547 0.561253 -0.194160
vn -0.046406 0.987666 0.149539
vn 0.092977 -0.185718 -0.978194
vn 0.635038 -0.770593 -0.053975
vn 0.941245 -0.044744 0.334746
vn -0.437932 -0.375373 0.816891
vn 0.768201 0.519657 -0.373930
vn -0.939580 0.247789 0.236200
vn -0.627669 0.477018 -0.615211
vn -0.253207 -0.966000 0.052259
vn 0.870882 -0.490624 0.029205
vn 0.733964 0.010651 -0.679105
vn 0.356831 0.734856 0.576765
vn -0.063042 -0.385949 -0.920363
vn -0.964789 0.123309 0.232329
vn -0.681780 0.392081 -0.617615
vn -0.125721 -0.990773 0.050634
vn 0.927133 -0.373308 0.032645
vn 0.729171 0.106709 -0.675960
vn 0.255895 0.774357 0.578696
vn -0.008517 -0.389843 -0.920842
vn -0.839276 -0.491326 0.232841
vn -0.778749 -0.107758 -0.618011
vn 0.505831 -0.860990 0.053212
vn 0.961999 0.271078 0.032787
vn 0.512590 0.528331 -0.676844
vn -0.271080 0.770786 0.576545
vn 0.232248 -0.316102 -0.919859
vn -0.684382 -0.689804 0.236201
vn -0.726945 -0.305068 -0.615210
vn 0.709976 -0.702284 0.052260
vn 0.860334 0.508893 0.029205
vn 0.357758 0.640956 -0.679105
vn -0.457989 0.676452 0.576766
vn 0.302720 -0.247570 -0.920364
vn 0.857843 0.513124 -0.028447
vn 0.196951 -0.057799 -0.978708
vn -0.567698 -0.823070 -0.016570
vn -0.066992 0.990907 0.116688
vn -0.982551 0.090359 0.162572
vn 0.237205 -0.442122 0.865021
vn 0.857844 0.513123 -0.028444
vn 0.196952 -0.057800 -0.978708
vn -0.567698 -0.823070 -0.016570
vn -0.066994 0.990906 0.116690
vn -0.982551 0.090359 0.162571
vn 0.237203 -0.442124 0.865021
vn 0.918618 0.394121 -0.028446
vn 0.187483 -0.083553 -0.978708
vn -0.672404 -0.739999 -0.016571
vn 0.065769 0.990989 0.116688
vn -0.961720 0.220602 0.162570
vn 0.176116 -0.469811 0.865021
vn 0.857843 0.513124 -0.028445
vn 0.196951 -0.057799 -0.978708
vn -0.567699 -0.823069 -0.016570
vn -0.066994 0.990906 0.116689
vn -0.982550 0.090362 0.162573
vn 0.237204 -0.442122 0.865022
vn 0.395848 0.865124 -0.308002
vn -0.839228 0.510867 -0.186309
vn -0.454961 -0.883127 -0.114443
vn 0.415582 0.577490 0.702707
vn -0.110691 -0.590877 0.799132
vn 0.697194 -0.541661 -0.469600
vn 0.280047 0.909235 -0.308002
vn -0.898510 0.397453 -0.186309
vn -0.336317 -0.934769 -0.114443
vn 0.336997 0.626604 0.702709
vn -0.032953 -0.600252 0.799132
vn 0.761682 -0.446450 -0.469599
vn 0.280047 0.909235 -0.308003
vn -0.898511 0.397450 -0.186309
vn -0.336315 -0.934770 -0.114444
vn 0.336998 0.626602 0.702711
vn -0.032952 -0.600254 0.799130
vn 0.761681 -0.446450 -0.469599
vn 0.280052 0.909233 -0.308004
vn -0.898508 0.397458 -0.186308
vn -0.336326 -0.934766 -0.114442
vn 0.337002 0.626602 0.702709
vn -0.032959 -0.600254 0.799130
vn 0.761675 -0.446459 -0.469601
vn 0.918617 0.394123 -0.028443
vn 0.187490 -0.083551 -0.978707
vn -0.672404 -0.739999 -0.016572
vn 0.065774 0.990988 0.116689
vn -0.961720 0.220604 0.162569
vn 0.176114 -0.469806 0.865024
vn 0.395847 0.865124 -0.308003
vn -0.839229 0.510866 -0.186309
vn -0.454962 -0.883126 -0.114443
vn 0.415582 0.577489 0.702708
vn -0.110691 -0.590878 0.799131
vn 0.697192 -0.541662 -0.469601
vn 0.280045 0.909236 -0.308002
vn -0.898510 0.397452 -0.186309
vn -0.336317 -0.934769 -0.114444
vn 0.336999 0.626603 0.702709
vn -0.032951 -0.600254 0.799131
vn 0.761681 -0.446450 -0.469601
vn 0.395849 0.865123 -0.308002
vn -0.839228 0.510867 -0.186309
vn -0.454962 -0.883126 -0.114443
vn 0.415583 0.577488 0.702708
vn -0.110690 -0.590878 0.799132
vn 0.697193 -0.541662 -0.469601
vn -0.089756 0.947142 -0.308002
vn -0.982227 0.022794 -0.186308
vn 0.047567 -0.992290 -0.114443
vn 0.071156 0.707908 0.702711
vn 0.199585 -0.567059 0.799131
vn 0.874619 -0.120490 -0.469599
vn -0.212094 0.927443 -0.308003
vn -0.976858 -0.105053 -0.186310
vn 0.176128 -0.977692 -0.114442
vn -0.021456 0.711155 0.702707
vn 0.271590 -0.536308 0.799132
vn 0.882861 -0.005794 -0.469599
vn -0.212208 0.928034 -0.306137
vn -0.976929 -0.104692 -0.186141
vn 0.176083 -0.977471 -0.116388
vn -0.021189 0.709802 0.704082
vn 0.271890 -0.537846 0.797996
vn 0.882684 -0.004894 -0.469942
vn 0.164206 0.978651 -0.123608
vn -0.937003 0.306936 -0.166779
vn -0.201031 -0.932756 -0.299254
vn 0.222382 0.523970 0.822193
vn 0.020287 -0.736630 0.675991
vn 0.832144 -0.251109 -0.494450
vn 0.159813 0.956384 0.244519
vn -0.926865 0.358286 -0.112037
vn -0.167437 -0.762571 -0.624860
vn 0.157288 0.194248 0.968260
vn -0.017719 -0.929134 0.369318
vn 0.867994 -0.069505 -0.491686
vn -0.090934 0.965387 0.244455
vn -0.987765 0.108468 -0.112048
vn 0.033837 -0.780045 -0.624808
vn 0.102178 0.228169 0.968245
vn 0.221275 -0.902549 0.369381
vn 0.856771 0.155504 -0.491693
vn -0.340055 0.908942 0.241219
vn -0.981708 -0.153512 -0.112622
vn 0.236969 -0.746136 -0.622196
vn 0.038030 0.249987 0.967502
vn 0.448816 -0.812317 0.372432
vn 0.787001 0.372215 -0.492022
vn -0.345946 0.926206 0.149882
vn -0.978085 -0.164133 -0.128105
vn 0.254564 -0.797730 -0.546648
vn 0.009273 0.334298 0.942422
vn 0.436343 -0.775755 0.455860
vn 0.801919 0.328471 -0.499033
vn -0.454947 0.856309 0.244456
vn -0.953597 -0.279459 -0.112048
vn 0.331008 -0.707140 -0.624809
vn 0.006648 0.249913 0.968245
vn 0.551132 -0.748205 0.369381
vn 0.731218 0.472820 -0.491693
vn -0.670157 0.723175 0.167053
vn -0.843777 -0.521863 -0.125295
vn 0.532282 -0.633887 -0.561126
vn -0.107637 0.300360 0.947733
vn 0.703547 -0.557602 0.440570
vn 0.611221 0.615106 -0.498049
vn -0.647796 0.697596 -0.306137
vn -0.793698 -0.579133 -0.186141
vn 0.641229 -0.758472 -0.116389
vn -0.373251 0.604112 0.704083
vn 0.504390 -0.329842 0.797994
vn 0.766872 0.437104 -0.469944
vn -0.734596 0.604569 -0.308002
vn -0.709093 -0.680055 -0.186311
vn 0.736829 -0.666323 -0.114443
vn -0.451527 0.549842 0.702707
vn 0.542695 -0.258592 0.799132
vn 0.702415 0.534874 -0.469599
vn -0.806938 0.503970 -0.308002
vn -0.614693 -0.766447 -0.186310
vn 0.817180 -0.564907 -0.114443
vn -0.519156 0.486496 0.702708
vn 0.571702 -0.185864 0.799132
vn 0.626941 0.621628 -0.469599
vn -0.999476 0.015453 0.028443
vn -0.141673 -0.148533 0.978707
vn 0.903176 -0.428950 0.016572
vn -0.437442 0.891643 -0.116690
vn 0.805733 0.569530 -0.162570
vn 0.015639 -0.501491 -0.865021
vn -0.999476 0.015453 0.028443
vn -0.141671 -0.148533 0.978707
vn 0.903176 -0.428950 0.016572
vn -0.437441 0.891644 -0.116690
vn 0.805733 0.569530 -0.162569
vn 0.015640 -0.501492 -0.865021
vn -0.992607 -0.117992 0.028443
vn -0.120594 -0.166104 0.978707
vn 0.952318 -0.304656 0.016572
vn -0.552457 0.825333 -0.116689
vn 0.722573 0.671907 -0.162569
vn 0.082386 -0.494924 -0.865022
vn -0.716053 -0.697466 0.028442
vn 0.005327 -0.205196 0.978706
vn 0.941178 0.337505 0.016571
vn -0.940545 0.318996 -0.116690
vn 0.164772 0.972842 -0.162570
vn 0.366458 -0.342701 -0.865023
vn -0.929101 -0.368730 0.028442
vn -0.073936 -0.191486 0.978707
vn 0.998606 -0.050105 0.016572
vn -0.745730 0.655950 -0.116690
vn 0.525980 0.834815 -0.162569
vn 0.206618 -0.457213 -0.865023
vn -0.999476 0.015454 0.028442
vn -0.141673 -0.148535 0.978706
vn 0.903176 -0.428951 0.016573
vn -0.437439 0.891645 -0.116690
vn 0.805734 0.569530 -0.162568
vn 0.015640 -0.501490 -0.865022
vn -0.968854 -0.245995 0.028442
vn -0.097984 -0.180367 0.978707
vn 0.983836 -0.178301 0.016571
vn -0.655038 0.746531 -0.116691
vn 0.629119 0.760118 -0.162571
vn 0.146012 -0.480017 -0.865023
vn -0.968854 -0.245994 0.028443
vn -0.097983 -0.180368 0.978707
vn 0.983836 -0.178302 0.016571
vn -0.655035 0.746534 -0.116690
vn 0.629119 0.760119 -0.162571
vn 0.146010 -0.480017 -0.865023
vn -0.929101 -0.368730 0.028442
vn -0.073936 -0.191485 0.978707
vn 0.998607 -0.050104 0.016570
vn -0.745729 0.655951 -0.116691
vn 0.525980 0.834815 -0.162571
vn 0.206620 -0.457214 -0.865022
vn -0.968794 -0.245980 0.030518
vn -0.096020 -0.179836 0.978999
vn 0.983868 -0.178291 0.014702
vn -0.655265 0.746474 -0.115777
vn 0.628793 0.760030 -0.164233
vn 0.144283 -0.480488 -0.865051
vn -0.840384 -0.133797 0.525217
vn 0.383982 -0.039783 0.922483
vn 0.861808 -0.280137 -0.422859
vn -0.605084 0.791524 0.085810
vn 0.494854 0.659845 -0.565442
vn -0.307865 -0.601473 -0.737190
vn -0.831388 -0.134947 0.539058
vn 0.398945 -0.036316 0.916255
vn 0.855699 -0.278662 -0.436036
vn -0.605985 0.789949 0.093611
vn 0.483676 0.659871 -0.575002
vn -0.317934 -0.604243 -0.730622
vn -0.882126 -0.128607 0.453115
vn 0.306931 -0.057906 0.949969
vn 0.889557 -0.286947 -0.355458
vn -0.599355 0.799045 0.047961
vn 0.548140 0.660149 -0.513563
vn -0.254825 -0.586849 -0.768553
vn -0.883878 -0.245896 0.397862
vn 0.266855 -0.085774 0.959912
vn 0.930276 -0.172042 -0.324018
vn -0.681373 0.729288 0.062204
vn 0.499190 0.743408 -0.445144
vn -0.155942 -0.560421 -0.813394
vn -0.800391 -0.471184 0.370620
vn 0.294460 -0.108031 0.949538
vn 0.939959 0.069349 -0.334167
vn -0.825726 0.550232 0.124181
vn 0.313786 0.872337 -0.374921
vn -0.039964 -0.507355 -0.860810
vn -0.720438 -0.571813 0.392428
vn 0.355564 -0.102727 0.928989
vn 0.906582 0.187865 -0.377910
vn -0.875082 0.446984 0.185574
vn 0.191814 0.913981 -0.357555
vn -0.028297 -0.481584 -0.875943
vn -0.683323 -0.559269 0.469348
vn 0.436851 -0.080734 0.895903
vn 0.869519 0.175147 -0.461802
vn -0.854463 0.454590 0.251478
vn 0.160358 0.904074 -0.396150
vn -0.106914 -0.503220 -0.857519
vn -0.832394 -0.359295 0.421933
vn 0.316325 -0.088898 0.944476
vn 0.928755 -0.052970 -0.366891
vn -0.755847 0.643983 0.118237
vn 0.392416 0.810966 -0.433985
vn -0.127039 -0.545206 -0.828620
vn -0.778579 -0.468394 -0.417639
vn -0.469300 -0.312987 0.825710
vn 0.883188 0.057244 0.465513
vn -0.706541 0.580090 -0.405333
vn 0.411267 0.900437 0.141677
vn 0.634015 -0.326297 -0.701110
vn 0.290143 0.107190 0.950961
vn -0.073347 0.993579 0.086141
vn 0.106251 0.045625 -0.993292
vn -0.648562 -0.294592 0.701842
vn -0.729826 -0.363864 -0.578754
vn 0.677480 -0.714006 -0.176684
vn 0.279261 0.112542 0.953597
vn -0.074333 0.994041 0.079728
vn 0.117596 0.040066 -0.992253
vn -0.656535 -0.290697 0.696029
vn -0.723164 -0.367154 -0.585006
vn 0.679462 -0.714935 -0.164922
vn 0.375456 -0.083111 0.923106
vn -0.059927 0.954724 0.291393
vn 0.016312 0.246478 -0.969011
vn -0.584067 -0.438559 0.683031
vn -0.781081 -0.249084 -0.572599
vn 0.654903 -0.654787 -0.377301
vn 0.290142 0.107191 0.950961
vn -0.073348 0.993579 0.086142
vn 0.106252 0.045626 -0.993292
vn -0.648562 -0.294591 0.701843
vn -0.729827 -0.363865 -0.578753
vn 0.677481 -0.714005 -0.176681
vn -0.392196 -0.917583 0.064990
vn 0.139218 -0.172594 0.975105
vn 0.739988 0.671656 -0.036011
vn -0.996058 -0.066313 -0.058910
vn -0.229162 0.959396 -0.164450
vn 0.419600 -0.189915 -0.887619
vn -0.701549 -0.691150 0.173610
vn 0.162968 -0.162815 0.973105
vn 0.931288 0.332083 -0.149747
vn -0.947330 0.319478 0.022333
vn 0.135637 0.963888 -0.229177
vn 0.222735 -0.381955 -0.896939
vn -0.855701 -0.482544 0.186889
vn 0.107964 -0.157653 0.981575
vn 0.986354 0.078268 -0.144844
vn -0.835085 0.550063 -0.007939
vn 0.378246 0.887366 -0.263651
vn 0.125845 -0.463447 -0.877143
vn -0.833695 -0.359407 0.419260
vn 0.313558 -0.089612 0.945331
vn 0.929808 -0.052915 -0.364222
vn -0.756050 0.644066 0.116477
vn 0.393842 0.811184 -0.432283
vn -0.124747 -0.544609 -0.829361
vn -0.571280 0.805335 -0.158347
vn -0.877337 -0.448420 -0.170877
vn 0.521052 -0.811152 -0.265588
vn -0.227855 0.551961 0.802135
vn 0.520638 -0.487667 0.700798
vn 0.776524 0.394685 -0.491156
vn -0.798953 -0.597989 0.063894
vn 0.014777 -0.194450 0.980801
vn 0.976978 0.212245 -0.021597
vn -0.894864 0.437567 -0.088051
vn 0.283490 0.941455 -0.182473
vn 0.286719 -0.396037 -0.872323
vn -0.608705 -0.777447 0.158288
vn 0.184222 -0.161839 0.969469
vn 0.881818 0.449693 -0.142032
vn -0.979934 0.197254 0.028652
vn 0.012870 0.977978 -0.208309
vn 0.267078 -0.331609 -0.904823
vn 0.229000 0.053344 0.971964
vn -0.079036 0.987498 0.136387
vn 0.169234 0.100329 -0.980456
vn -0.691805 -0.331007 0.641747
vn -0.691385 -0.328870 -0.643297
vn 0.687608 -0.705254 -0.172664
vn 0.290456 0.111601 0.950358
vn -0.073315 0.993969 0.081550
vn 0.105932 0.041018 -0.993527
vn -0.648334 -0.291328 0.703414
vn -0.730010 -0.366539 -0.576831
vn 0.677422 -0.714818 -0.173594
vn -0.337694 0.902017 -0.268940
vn -0.956551 -0.227275 -0.182640
vn 0.303177 -0.940264 -0.154881
vn -0.106667 0.674243 0.730766
vn 0.351062 -0.525706 0.774847
vn 0.869514 0.130281 -0.476417
vn -0.983908 0.144960 0.104458
vn -0.080582 -0.107969 0.990883
vn 0.839786 -0.541502 -0.039173
vn -0.328579 0.937945 -0.110888
vn 0.855922 0.457128 -0.241725
vn -0.117480 -0.517753 -0.847426
vn -0.269876 -0.961255 0.056185
vn 0.158312 -0.161385 0.974111
vn 0.646589 0.762322 -0.028079
vn -0.978884 -0.194554 -0.062723
vn -0.351439 0.922894 -0.157343
vn 0.442648 -0.126244 -0.887764
vn 0.290142 0.107191 0.950961
vn -0.073347 0.993579 0.086142
vn 0.106253 0.045626 -0.993292
vn -0.648563 -0.294590 0.701842
vn -0.729827 -0.363864 -0.578754
vn 0.677480 -0.714006 -0.176681
vn -0.081755 -0.538090 0.838913
vn -0.077799 0.741026 0.666954
vn 0.468811 0.582250 -0.664230
vn -0.869389 -0.472021 0.146144
vn -0.470408 0.233606 -0.850967
vn 0.678415 -0.622421 -0.390313
vn -0.229465 0.864332 0.447521
vn -0.996805 -0.033795 -0.072367
vn 0.125536 -0.615213 -0.778302
vn 0.112030 0.033462 0.993141
vn 0.378013 -0.911230 0.163602
vn 0.796768 0.393474 -0.458627
vn -0.354472 -0.867437 0.349147
vn 0.530448 -0.069379 0.844873
vn 0.675257 0.598061 -0.431683
vn -0.930350 0.011611 0.366490
vn -0.249859 0.949719 -0.188693
vn 0.003061 -0.326392 -0.945230
vn -0.513061 -0.857827 0.030021
vn 0.059863 -0.196394 0.978696
vn 0.823103 0.567707 0.014516
vn -0.991151 0.066929 -0.114629
vn -0.090702 0.982460 -0.162930
vn 0.440300 -0.237698 -0.865815
vn -0.513062 -0.857826 0.030021
vn 0.059865 -0.196391 0.978696
vn 0.823103 0.567707 0.014515
vn -0.991151 0.066931 -0.114628
vn -0.090700 0.982460 -0.162931
vn 0.440300 -0.237697 -0.865815
vn -0.513120 -0.857846 0.028442
vn 0.057799 -0.196959 0.978707
vn 0.823070 0.567698 0.016573
vn -0.990907 0.066987 -0.116689
vn -0.090360 0.982551 -0.162568
vn 0.442124 -0.237201 -0.865021
vn -0.156273 -0.938463 -0.308002
vn 0.943493 -0.274063 -0.186309
vn 0.208639 0.971274 -0.114442
vn -0.250412 -0.665953 0.702709
vn -0.047401 0.599281 0.799134
vn -0.814422 0.340870 -0.469601
vn -0.156274 -0.938463 -0.308002
vn 0.943492 -0.274065 -0.186309
vn 0.208639 0.971274 -0.114443
vn -0.250413 -0.665954 0.702708
vn -0.047401 0.599282 0.799133
vn -0.814422 0.340869 -0.469601
vn -0.156273 -0.938463 -0.308002
vn 0.943492 -0.274063 -0.186311
vn 0.208638 0.971274 -0.114443
vn -0.250412 -0.665954 0.702709
vn -0.047400 0.599283 0.799133
vn -0.814422 0.340871 -0.469600
vn -0.156268 -0.938465 -0.308001
vn 0.943494 -0.274058 -0.186309
vn 0.208632 0.971275 -0.114443
vn -0.250409 -0.665955 0.702708
vn -0.047404 0.599284 0.799132
vn -0.814424 0.340866 -0.469599
vn -0.395843 -0.865126 -0.308003
vn 0.839232 -0.510860 -0.186310
vn 0.454958 0.883129 -0.114443
vn -0.415579 -0.577490 0.702709
vn 0.110690 0.590879 0.799131
vn -0.697194 0.541661 -0.469600
vn -0.156272 -0.938464 -0.308001
vn 0.943492 -0.274064 -0.186310
vn 0.208638 0.971274 -0.114443
vn -0.250412 -0.665954 0.702708
vn -0.047401 0.599283 0.799133
vn -0.814423 0.340869 -0.469600
vn -0.156275 -0.938463 -0.308002
vn 0.943492 -0.274063 -0.186310
vn 0.208640 0.971274 -0.114442
vn -0.250414 -0.665954 0.702708
vn -0.047399 0.599286 0.799131
vn -0.814420 0.340876 -0.469599
vn 0.089756 -0.947142 -0.308003
vn 0.982226 -0.022795 -0.186310
vn -0.047566 0.992290 -0.114443
vn -0.071155 -0.707909 0.702710
vn -0.199583 0.567060 0.799130
vn -0.874619 0.120492 -0.469599
vn 0.446847 -0.839918 -0.308001
vn 0.915563 0.356419 -0.186308
vn -0.425246 0.897813 -0.114443
vn 0.206355 -0.680895 0.702708
vn -0.402178 0.446815 0.799131
vn -0.853760 -0.224875 -0.469601
vn 0.551300 -0.775373 -0.308002
vn 0.862036 0.471363 -0.186310
vn -0.537334 0.835569 -0.114443
vn 0.292333 -0.648649 0.702706
vn -0.456371 0.391296 0.799133
vn -0.817687 -0.332961 -0.469601
vn 0.551302 -0.775371 -0.308003
vn 0.862032 0.471370 -0.186309
vn -0.537337 0.835567 -0.114443
vn 0.292333 -0.648646 0.702709
vn -0.456375 0.391298 0.799130
vn -0.817687 -0.332959 -0.469601
vn 0.551302 -0.775371 -0.308003
vn 0.862032 0.471371 -0.186309
vn -0.537337 0.835567 -0.114442
vn 0.292334 -0.648646 0.702708
vn -0.456375 0.391297 0.799130
vn -0.817687 -0.332959 -0.469601
vn 0.647396 -0.697146 -0.308003
vn 0.793460 0.579405 -0.186310
vn -0.641374 0.758645 -0.114443
vn 0.374154 -0.605153 0.702708
vn -0.503359 0.328663 0.799131
vn -0.767478 -0.436409 -0.469600
vn 0.806939 -0.503969 -0.308001
vn 0.614694 0.766447 -0.186309
vn -0.817179 0.564907 -0.114443
vn 0.519156 -0.486495 0.702708
vn -0.571702 0.185865 0.799132
vn -0.626941 -0.621629 -0.469599
vn 0.734592 -0.604574 -0.308002
vn 0.709096 0.680053 -0.186308
vn -0.736825 0.666328 -0.114443
vn 0.451521 -0.549845 0.702709
vn -0.542695 0.258596 0.799131
vn -0.702419 -0.534867 -0.469601
vn 0.647401 -0.697142 -0.308002
vn 0.793459 0.579407 -0.186308
vn -0.641375 0.758644 -0.114443
vn 0.374159 -0.605149 0.702709
vn -0.503357 0.328665 0.799131
vn -0.767477 -0.436410 -0.469602
vn 0.751602 -0.585119 0.304515
vn 0.717131 0.689251 0.103224
vn -0.730523 0.673534 0.112640
vn 0.412841 -0.594082 -0.690384
vn -0.586618 0.208364 -0.782601
vn -0.674361 -0.502785 0.540781
vn 0.734594 -0.604570 -0.308004
vn 0.709092 0.680057 -0.186309
vn -0.736829 0.666323 -0.114441
vn 0.451525 -0.549841 0.702709
vn -0.542695 0.258593 0.799132
vn -0.702416 -0.534872 -0.469599
vn 0.647396 -0.697146 -0.308003
vn 0.793460 0.579404 -0.186311
vn -0.641375 0.758644 -0.114442
vn 0.374157 -0.605151 0.702708
vn -0.503356 0.328664 0.799132
vn -0.767479 -0.436410 -0.469599
vn 0.647396 -0.697146 -0.308002
vn 0.793460 0.579404 -0.186310
vn -0.641375 0.758644 -0.114442
vn 0.374156 -0.605152 0.702708
vn -0.503357 0.328664 0.799132
vn -0.767479 -0.436410 -0.469598
vn 0.734593 -0.604572 -0.308003
vn 0.709094 0.680054 -0.186310
vn -0.736828 0.666324 -0.114443
vn 0.451525 -0.549843 0.702708
vn -0.542695 0.258592 0.799132
vn -0.702415 -0.534873 -0.469599
vn 0.647396 -0.697146 -0.308002
vn 0.793461 0.579404 -0.186308
vn -0.641373 0.758646 -0.114443
vn 0.374155 -0.605151 0.702710
vn -0.503355 0.328665 0.799133
vn -0.767478 -0.436409 -0.469600
vn 0.806941 -0.503964 -0.308003
vn 0.614688 0.766451 -0.186310
vn -0.817183 0.564903 -0.114443
vn 0.519161 -0.486491 0.702708
vn -0.571702 0.185862 0.799132
vn -0.626937 -0.621632 -0.469600
vn 0.873299 -0.486353 -0.028445
vn 0.048422 -0.199465 -0.978708
vn -0.996649 0.080105 -0.016570
vn 0.824654 0.553470 0.116689
vn -0.413023 0.896093 0.162572
vn -0.264288 -0.426487 0.865021
vn 0.873300 -0.486352 -0.028448
vn 0.048425 -0.199467 -0.978707
vn -0.996649 0.080104 -0.016570
vn 0.824657 0.553467 0.116686
vn -0.413021 0.896094 0.162571
vn -0.264283 -0.426489 0.865021
vn 0.968854 -0.245993 -0.028447
vn 0.097979 -0.180364 -0.978708
vn -0.983836 -0.178304 -0.016570
vn 0.655032 0.746537 0.116689
vn -0.629121 0.760116 0.162572
vn -0.146009 -0.480022 0.865020
vn 0.992607 -0.117988 -0.028446
vn 0.120590 -0.166100 -0.978708
vn -0.952318 -0.304657 -0.016570
vn 0.552452 0.825337 0.116689
vn -0.722575 0.671905 0.162571
vn -0.082385 -0.494927 0.865020
vn 0.999476 0.015455 -0.028445
vn 0.141667 -0.148532 -0.978708
vn -0.903175 -0.428952 -0.016571
vn 0.437436 0.891646 0.116689
vn -0.805735 0.569527 0.162571
vn -0.015638 -0.501494 0.865020
vn 0.968854 -0.245993 -0.028444
vn 0.097985 -0.180368 -0.978707
vn -0.983836 -0.178304 -0.016570
vn 0.655036 0.746533 0.116690
vn -0.629121 0.760117 0.162571
vn -0.146009 -0.480018 0.865023
vn 0.929103 -0.368727 -0.028444
vn 0.073941 -0.191486 -0.978706
vn -0.998606 -0.050108 -0.016572
vn 0.745731 0.655949 0.116689
vn -0.525980 0.834815 0.162570
vn -0.206614 -0.457215 0.865023
vn 0.873215 -0.486787 0.023133
vn 0.045161 -0.215990 0.975351
vn -0.996701 0.079840 0.014596
vn 0.825024 0.555341 -0.104557
vn -0.412500 0.898727 -0.148771
vn -0.261381 -0.411790 -0.872989
vn 0.968854 -0.245993 -0.028444
vn 0.097985 -0.180368 -0.978707
vn -0.983836 -0.178303 -0.016570
vn 0.655038 0.746531 0.116689
vn -0.629120 0.760117 0.162571
vn -0.146009 -0.480017 0.865023
vn 0.873300 -0.486353 -0.028443
vn 0.048423 -0.199471 -0.978707
vn -0.996649 0.080103 -0.016571
vn 0.824656 0.553468 0.116689
vn -0.413024 0.896093 0.162570
vn -0.264288 -0.426483 0.865022
vn 0.968908 -0.245976 -0.026705
vn 0.099870 -0.179857 -0.978610
vn -0.983802 -0.178295 -0.018561
vn 0.654806 0.746475 0.118338
vn -0.629433 0.760033 0.161753
vn -0.147675 -0.480471 0.864488
vn 0.873358 -0.486336 -0.026876
vn 0.050489 -0.198915 -0.978715
vn -0.996612 0.080113 -0.018627
vn 0.824405 0.553404 0.118744
vn -0.413367 0.896000 0.162209
vn -0.266112 -0.426977 0.864219
vn 0.992921 -0.117896 -0.014456
vn 0.134832 -0.162283 -0.977489
vn -0.951965 -0.304570 -0.031619
vn 0.550667 0.824863 0.127934
vn -0.724889 0.671281 0.154654
vn -0.094948 -0.498296 0.861793
vn 0.903736 -0.134483 0.406419
vn 0.551864 -0.049954 -0.832436
vn -0.832667 -0.280457 -0.477504
vn 0.412211 0.793621 0.447490
vn -0.742080 0.662529 -0.101843
vn -0.443495 -0.593310 0.671785
vn -0.089789 0.947743 -0.306140
vn -0.982250 0.023166 -0.186140
vn 0.047546 -0.992065 -0.116387
vn 0.071247 0.706535 0.704082
vn 0.199682 -0.568621 0.797996
vn 0.874560 -0.119578 -0.469943
vn -0.089756 0.947142 -0.308002
vn -0.982227 0.022793 -0.186309
vn 0.047567 -0.992290 -0.114443
vn 0.071156 0.707908 0.702711
vn 0.199586 -0.567060 0.799130
vn 0.874619 -0.120491 -0.469599
vn -0.089755 0.947142 -0.308002
vn -0.982227 0.022795 -0.186309
vn 0.047566 -0.992290 -0.114443
vn 0.071157 0.707909 0.702710
vn 0.199586 -0.567059 0.799130
vn 0.874619 -0.120491 -0.469600
vn -0.089760 0.947142 -0.308002
vn -0.982227 0.022796 -0.186308
vn 0.047567 -0.992290 -0.114443
vn 0.071153 0.707912 0.702708
vn 0.199585 -0.567058 0.799131
vn 0.874618 -0.120487 -0.469602
vn -0.333893 0.890871 -0.308001
vn -0.954120 -0.234400 -0.186309
vn 0.304951 -0.945467 -0.114442
vn -0.116111 0.701939 0.702709
vn 0.340692 -0.495294 0.799133
vn 0.875746 0.112007 -0.469599
vn -0.333893 0.890871 -0.308002
vn -0.954121 -0.234396 -0.186309
vn 0.304948 -0.945468 -0.114443
vn -0.116112 0.701941 0.702707
vn 0.340691 -0.495295 0.799132
vn 0.875745 0.112006 -0.469601
vn -0.334084 0.891441 -0.306138
vn -0.954240 -0.234047 -0.186142
vn 0.304873 -0.945255 -0.116388
vn -0.115666 0.700637 0.704081
vn 0.341193 -0.496779 0.797996
vn 0.875450 0.112872 -0.469944
vn -0.089755 0.947143 -0.308001
vn -0.982227 0.022793 -0.186308
vn 0.047569 -0.992290 -0.114443
vn 0.071156 0.707907 0.702712
vn 0.199586 -0.567059 0.799130
vn 0.874620 -0.120489 -0.469599
vn 0.032980 0.950814 -0.308002
vn -0.971110 0.149115 -0.186309
vn -0.080633 -0.990152 -0.114442
vn 0.161737 0.692850 0.702709
vn 0.124887 -0.588040 0.799132
vn 0.851816 -0.232132 -0.469599
vn 0.156277 0.938463 -0.308002
vn -0.943492 0.274064 -0.186310
vn -0.208637 -0.971274 -0.114442
vn 0.250415 0.665951 0.702710
vn 0.047401 -0.599283 0.799133
vn 0.814422 -0.340872 -0.469600
vn 0.032981 0.950814 -0.308002
vn -0.971110 0.149114 -0.186307
vn -0.080635 -0.990152 -0.114443
vn 0.161740 0.692850 0.702709
vn 0.124887 -0.588042 0.799131
vn 0.851815 -0.232134 -0.469601
vn 0.156274 0.938463 -0.308003
vn -0.943492 0.274063 -0.186310
vn -0.208637 -0.971274 -0.114443
vn 0.250413 0.665954 0.702708
vn 0.047401 -0.599284 0.799132
vn 0.814422 -0.340871 -0.469600
vn -0.089753 0.947143 -0.308001
vn -0.982227 0.022803 -0.186308
vn 0.047560 -0.992291 -0.114443
vn 0.071157 0.707911 0.702708
vn 0.199582 -0.567059 0.799132
vn 0.874618 -0.120492 -0.469601
vn -0.333893 0.890870 -0.308002
vn -0.954120 -0.234399 -0.186311
vn 0.304951 -0.945467 -0.114443
vn -0.116111 0.701941 0.702707
vn 0.340692 -0.495294 0.799132
vn 0.875746 0.112007 -0.469599
vn -0.333895 0.890870 -0.308003
vn -0.954119 -0.234402 -0.186311
vn 0.304953 -0.945466 -0.114443
vn -0.116114 0.701939 0.702709
vn 0.340692 -0.495297 0.799131
vn 0.875746 0.112007 -0.469599
vn -0.551298 0.775374 -0.308002
vn -0.862035 -0.471365 -0.186309
vn 0.537331 -0.835571 -0.114444
vn -0.292330 0.648647 0.702709
vn 0.456371 -0.391300 0.799131
vn 0.817689 0.332956 -0.469601
vn -0.551296 0.775376 -0.308002
vn -0.862036 -0.471362 -0.186309
vn 0.537331 -0.835571 -0.114443
vn -0.292328 0.648648 0.702709
vn 0.456371 -0.391299 0.799131
vn 0.817690 0.332956 -0.469600
vn -0.551302 0.775371 -0.308003
vn -0.862032 -0.471369 -0.186310
vn 0.537336 -0.835568 -0.114443
vn -0.292335 0.648646 0.702708
vn 0.456373 -0.391297 0.799131
vn 0.817687 0.332961 -0.469600
vn -0.446846 0.839919 -0.308001
vn -0.915563 -0.356417 -0.186310
vn 0.425245 -0.897814 -0.114443
vn -0.206356 0.680894 0.702709
vn 0.402175 -0.446816 0.799131
vn 0.853761 0.224875 -0.469599
vn -0.446846 0.839919 -0.308000
vn -0.915563 -0.356416 -0.186310
vn 0.425245 -0.897814 -0.114442
vn -0.206357 0.680895 0.702708
vn 0.402176 -0.446816 0.799131
vn 0.853761 0.224874 -0.469599
vn -0.551299 0.775373 -0.308002
vn -0.862034 -0.471366 -0.186310
vn 0.537334 -0.835569 -0.114443
vn -0.292333 0.648645 0.702710
vn 0.456370 -0.391298 0.799132
vn 0.817688 0.332961 -0.469599
vn -0.551300 0.775373 -0.308001
vn -0.862034 -0.471366 -0.186310
vn 0.537334 -0.835569 -0.114444
vn -0.292333 0.648647 0.702708
vn 0.456373 -0.391297 0.799131
vn 0.817688 0.332961 -0.469600
vn -0.551299 0.775373 -0.308003
vn -0.862035 -0.471364 -0.186312
vn 0.537335 -0.835568 -0.114444
vn -0.292335 0.648648 0.702706
vn 0.456371 -0.391298 0.799132
vn 0.817687 0.332962 -0.469600
vn -0.551299 0.775374 -0.308002
vn -0.862035 -0.471363 -0.186310
vn 0.537334 -0.835569 -0.114443
vn -0.292334 0.648647 0.702708
vn 0.456369 -0.391297 0.799133
vn 0.817688 0.332962 -0.469599
vn -0.551299 0.775373 -0.308003
vn -0.862034 -0.471365 -0.186311
vn 0.537334 -0.835568 -0.114444
vn -0.292333 0.648646 0.702708
vn 0.456371 -0.391298 0.799131
vn 0.817688 0.332960 -0.469600
vn -0.554811 0.773031 0.307582
vn -0.864084 -0.472732 0.172871
vn 0.536030 -0.836438 0.114205
vn -0.284324 0.653986 -0.701043
vn 0.465474 -0.385226 -0.796828
vn 0.812263 0.329343 0.481417
vn -0.551301 0.775372 -0.308002
vn -0.862033 -0.471368 -0.186310
vn 0.537336 -0.835567 -0.114442
vn -0.292334 0.648644 0.702710
vn 0.456371 -0.391297 0.799132
vn 0.817688 0.332962 -0.469599
vn -0.446847 0.839918 -0.308003
vn -0.915562 -0.356420 -0.186310
vn 0.425247 -0.897813 -0.114443
vn -0.206359 0.680893 0.702710
vn 0.402174 -0.446816 0.799132
vn 0.853761 0.224876 -0.469598
vn -0.446845 0.839919 -0.308002
vn -0.915563 -0.356417 -0.186311
vn 0.425244 -0.897814 -0.114443
vn -0.206356 0.680896 0.702708
vn 0.402175 -0.446816 0.799131
vn 0.853762 0.224874 -0.469598
vn -0.388781 0.868616 -0.307174
vn 0.843224 0.512831 -0.161173
vn 0.457580 -0.881833 -0.113979
vn -0.431683 0.569529 0.699490
vn 0.092382 -0.599924 0.794706
vn -0.686156 -0.536204 -0.491605
vn -0.388782 0.868615 -0.307176
vn 0.843224 0.512832 -0.161175
vn 0.457580 -0.881833 -0.113980
vn -0.431684 0.569528 0.699490
vn 0.092384 -0.599926 0.794704
vn -0.686154 -0.536206 -0.491606
vn -0.388795 0.868609 -0.307175
vn 0.843213 0.512830 -0.161239
vn 0.457575 -0.881836 -0.113980
vn -0.431641 0.569553 0.699496
vn 0.092430 -0.599901 0.794717
vn -0.686185 -0.536217 -0.491549
vn -0.388766 0.868625 -0.307168
vn 0.843230 0.512834 -0.161134
vn 0.457585 -0.881830 -0.113980
vn -0.431707 0.569517 0.699486
vn 0.092355 -0.599939 0.794697
vn -0.686139 -0.536194 -0.491640
vn -0.388782 0.868615 -0.307175
vn 0.843222 0.512834 -0.161176
vn 0.457580 -0.881833 -0.113980
vn -0.431685 0.569529 0.699489
vn 0.092382 -0.599924 0.794706
vn -0.686155 -0.536204 -0.491606
vn -0.388782 0.868615 -0.307174
vn 0.843223 0.512833 -0.161174
vn 0.457581 -0.881832 -0.113980
vn -0.431684 0.569528 0.699490
vn 0.092383 -0.599924 0.794705
vn -0.686155 -0.536204 -0.491606
vn -0.388795 0.868609 -0.307177
vn 0.843213 0.512829 -0.161241
vn 0.457574 -0.881836 -0.113981
vn -0.431642 0.569553 0.699496
vn 0.092429 -0.599903 0.794716
vn -0.686184 -0.536218 -0.491550
vn -0.388782 0.868615 -0.307174
vn 0.843224 0.512831 -0.161174
vn 0.457581 -0.881833 -0.113980
vn -0.431683 0.569527 0.699491
vn 0.092383 -0.599926 0.794704
vn -0.686154 -0.536205 -0.491606
vn -0.388782 0.868615 -0.307176
vn 0.843223 0.512832 -0.161177
vn 0.457580 -0.881833 -0.113980
vn -0.431684 0.569529 0.699489
vn 0.092382 -0.599924 0.794705
vn -0.686155 -0.536205 -0.491605
vn -0.388787 0.868613 -0.307174
vn 0.843220 0.512829 -0.161202
vn 0.457577 -0.881834 -0.113981
vn -0.431666 0.569538 0.699493
vn 0.092402 -0.599916 0.794709
vn -0.686168 -0.536211 -0.491581
vn -0.388781 0.868615 -0.307176
vn 0.843223 0.512833 -0.161175
vn 0.457581 -0.881832 -0.113980
vn -0.431684 0.569529 0.699490
vn 0.092384 -0.599924 0.794705
vn -0.686154 -0.536205 -0.491606
vn -0.388783 0.868614 -0.307176
vn 0.843223 0.512833 -0.161175
vn 0.457580 -0.881833 -0.113979
vn -0.431685 0.569528 0.699489
vn 0.092382 -0.599923 0.794706
vn -0.686155 -0.536205 -0.491605
vn -0.388789 0.868612 -0.307175
vn 0.843216 0.512830 -0.161221
vn 0.457576 -0.881835 -0.113981
vn -0.431654 0.569548 0.699493
vn 0.092413 -0.599908 0.794714
vn -0.686178 -0.536210 -0.491567
vn -0.388783 0.868615 -0.307175
vn 0.843221 0.512829 -0.161197
vn 0.457575 -0.881835 -0.113981
vn -0.431670 0.569539 0.699490
vn 0.092396 -0.599921 0.794706
vn -0.686165 -0.536207 -0.491588
vn -0.388767 0.868624 -0.307169
vn 0.843229 0.512835 -0.161135
vn 0.457585 -0.881830 -0.113980
vn -0.431707 0.569517 0.699485
vn 0.092354 -0.599938 0.794698
vn -0.686140 -0.536193 -0.491639
vn -0.388782 0.868614 -0.307176
vn 0.843224 0.512831 -0.161176
vn 0.457581 -0.881832 -0.113980
vn -0.431685 0.569527 0.699490
vn 0.092384 -0.599925 0.794705
vn -0.686153 -0.536207 -0.491605
vn -0.388795 0.868609 -0.307175
vn 0.843214 0.512829 -0.161237
vn 0.457575 -0.881836 -0.113979
vn -0.431641 0.569552 0.699497
vn 0.092431 -0.599902 0.794716
vn -0.686184 -0.536219 -0.491550
vn -0.388782 0.868615 -0.307175
vn 0.843222 0.512834 -0.161175
vn 0.457580 -0.881833 -0.113979
vn -0.431685 0.569529 0.699489
vn 0.092383 -0.599924 0.794706
vn -0.686155 -0.536205 -0.491606
vn -0.388782 0.868615 -0.307174
vn 0.843223 0.512833 -0.161174
vn 0.457580 -0.881833 -0.113979
vn -0.431684 0.569529 0.699489
vn 0.092382 -0.599924 0.794706
vn -0.686156 -0.536204 -0.491605
vn -0.388795 0.868609 -0.307176
vn 0.843213 0.512829 -0.161239
vn 0.457575 -0.881835 -0.113980
vn -0.431641 0.569553 0.699497
vn 0.092431 -0.599902 0.794716
vn -0.686184 -0.536219 -0.491550
vn -0.388767 0.868624 -0.307169
vn 0.843230 0.512834 -0.161135
vn 0.457584 -0.881831 -0.113980
vn -0.431708 0.569518 0.699484
vn 0.092353 -0.599940 0.794697
vn -0.686139 -0.536194 -0.491639
vn -0.388781 0.868615 -0.307175
vn 0.843223 0.512832 -0.161175
vn 0.457580 -0.881833 -0.113979
vn -0.431683 0.569529 0.699490
vn 0.092383 -0.599924 0.794706
vn -0.686155 -0.536204 -0.491606
vn -0.388789 0.868612 -0.307175
vn 0.843215 0.512831 -0.161221
vn 0.457576 -0.881835 -0.113980
vn -0.431654 0.569548 0.699493
vn 0.092413 -0.599906 0.794715
vn -0.686178 -0.536210 -0.491567
vn -0.388783 0.868615 -0.307173
vn 0.843222 0.512829 -0.161194
vn 0.457576 -0.881835 -0.113980
vn -0.431670 0.569538 0.699491
vn 0.092395 -0.599920 0.794707
vn -0.686166 -0.536207 -0.491588
vn -0.388782 0.868615 -0.307176
vn 0.843223 0.512832 -0.161175
vn 0.457581 -0.881832 -0.113979
vn -0.431685 0.569528 0.699490
vn 0.092383 -0.599924 0.794705
vn -0.686154 -0.536205 -0.491606
vn -0.388768 0.868624 -0.307168
vn 0.843231 0.512833 -0.161134
vn 0.457584 -0.881831 -0.113978
vn -0.431707 0.569515 0.699486
vn 0.092353 -0.599938 0.794698
vn -0.686140 -0.536194 -0.491638
vn -0.388796 0.868609 -0.307176
vn 0.843213 0.512829 -0.161240
vn 0.457573 -0.881837 -0.113980
vn -0.431642 0.569554 0.699495
vn 0.092428 -0.599902 0.794717
vn -0.686186 -0.536217 -0.491549
vn -0.388781 0.868615 -0.307176
vn 0.843224 0.512832 -0.161174
vn 0.457582 -0.881832 -0.113978
vn -0.431684 0.569530 0.699489
vn 0.092384 -0.599924 0.794705
vn -0.686154 -0.536206 -0.491606
vn -0.388782 0.868615 -0.307175
vn 0.843223 0.512833 -0.161176
vn 0.457580 -0.881833 -0.113980
vn -0.431685 0.569528 0.699490
vn 0.092382 -0.599924 0.794706
vn -0.686155 -0.536205 -0.491605
vn -0.388789 0.868612 -0.307175
vn 0.843216 0.512830 -0.161220
vn 0.457576 -0.881835 -0.113982
vn -0.431654 0.569547 0.699493
vn 0.092414 -0.599908 0.794713
vn -0.686177 -0.536211 -0.491567
vn -0.388772 0.868621 -0.307171
vn 0.843226 0.512833 -0.161157
vn 0.457581 -0.881832 -0.113980
vn -0.431693 0.569526 0.699487
vn 0.092369 -0.599932 0.794701
vn -0.686149 -0.536198 -0.491621
vn -0.388783 0.868614 -0.307175
vn 0.843224 0.512831 -0.161175
vn 0.457580 -0.881833 -0.113980
vn -0.431685 0.569526 0.699491
vn 0.092382 -0.599925 0.794705
vn -0.686154 -0.536206 -0.491605
vn -0.388788 0.868612 -0.307175
vn 0.843215 0.512831 -0.161221
vn 0.457575 -0.881835 -0.113982
vn -0.431653 0.569549 0.699492
vn 0.092414 -0.599908 0.794714
vn -0.686178 -0.536210 -0.491568
vn -0.388782 0.868615 -0.307174
vn 0.843220 0.512831 -0.161196
vn 0.457576 -0.881835 -0.113981
vn -0.431670 0.569539 0.699490
vn 0.092395 -0.599918 0.794708
vn -0.686167 -0.536205 -0.491588
vn -0.388782 0.868616 -0.307173
vn 0.843223 0.512833 -0.161173
vn 0.457581 -0.881832 -0.113979
vn -0.431684 0.569528 0.699491
vn 0.092383 -0.599924 0.794706
vn -0.686156 -0.536204 -0.491605
vn -0.388782 0.868615 -0.307175
vn 0.843223 0.512833 -0.161175
vn 0.457580 -0.881833 -0.113979
vn -0.431685 0.569528 0.699490
vn 0.092383 -0.599924 0.794706
vn -0.686155 -0.536205 -0.491605
vn -0.388780 0.868617 -0.307174
vn 0.843222 0.512831 -0.161183
vn 0.457578 -0.881834 -0.113980
vn -0.431679 0.569534 0.699489
vn 0.092387 -0.599923 0.794706
vn -0.686160 -0.536205 -0.491599
vn -0.388784 0.868615 -0.307173
vn 0.843220 0.512831 -0.161195
vn 0.457576 -0.881835 -0.113980
vn -0.431671 0.569538 0.699490
vn 0.092393 -0.599916 0.794710
vn -0.686168 -0.536204 -0.491588
vn -0.388781 0.868616 -0.307175
vn 0.843223 0.512833 -0.161175
vn 0.457580 -0.881833 -0.113980
vn -0.431684 0.569529 0.699489
vn 0.092381 -0.599924 0.794706
vn -0.686156 -0.536203 -0.491606
vn -0.388789 0.868612 -0.307174
vn 0.843216 0.512830 -0.161220
vn 0.457575 -0.881835 -0.113981
vn -0.431654 0.569547 0.699494
vn 0.092414 -0.599908 0.794714
vn -0.686177 -0.536211 -0.491567
vn -0.388782 0.868615 -0.307173
vn 0.843221 0.512830 -0.161195
vn 0.457576 -0.881835 -0.113981
vn -0.431670 0.569539 0.699490
vn 0.092396 -0.599920 0.794707
vn -0.686165 -0.536207 -0.491589
vn -0.388767 0.868624 -0.307168
vn 0.843230 0.512833 -0.161134
vn 0.457585 -0.881830 -0.113979
vn -0.431707 0.569516 0.699486
vn 0.092354 -0.599939 0.794697
vn -0.686139 -0.536195 -0.491639
vn -0.388789 0.868612 -0.307175
vn 0.843216 0.512830 -0.161220
vn 0.457576 -0.881835 -0.113981
vn -0.431654 0.569548 0.699493
vn 0.092414 -0.599907 0.794715
vn -0.686178 -0.536211 -0.491566
vn -0.388783 0.868615 -0.307175
vn 0.843224 0.512831 -0.161174
vn 0.457581 -0.881832 -0.113979
vn -0.431685 0.569526 0.699491
vn 0.092383 -0.599925 0.794705
vn -0.686154 -0.536206 -0.491605
vn -0.388782 0.868615 -0.307174
vn 0.843220 0.512832 -0.161195
vn 0.457576 -0.881835 -0.113981
vn -0.431670 0.569540 0.699490
vn 0.092394 -0.599917 0.794709
vn -0.686167 -0.536204 -0.491589
vn -0.388782 0.868615 -0.307175
vn 0.843224 0.512831 -0.161174
vn 0.457580 -0.881833 -0.113979
vn -0.431683 0.569528 0.699491
vn 0.092382 -0.599924 0.794706
vn -0.686155 -0.536204 -0.491605
vn -0.388789 0.868612 -0.307175
vn 0.843216 0.512830 -0.161221
vn 0.457576 -0.881835 -0.113982
vn -0.431654 0.569548 0.699493
vn 0.092414 -0.599906 0.794715
vn -0.686178 -0.536210 -0.491567
vn -0.388771 0.868621 -0.307171
vn 0.843226 0.512833 -0.161158
vn 0.457580 -0.881833 -0.113979
vn -0.431693 0.569526 0.699486
vn 0.092368 -0.599931 0.794701
vn -0.686150 -0.536198 -0.491620
vn -0.145152 0.989026 -0.027557
vn 0.284324 0.236605 0.929074
vn 0.543693 -0.839273 -0.004335
vn -0.949473 0.313622 0.011926
vn -0.474514 -0.880106 -0.015817
vn 0.352546 -0.022845 -0.935515
vn -0.446848 0.839918 -0.308002
vn -0.915562 -0.356420 -0.186310
vn 0.425247 -0.897813 -0.114442
vn -0.206358 0.680894 0.702709
vn 0.402176 -0.446814 0.799132
vn 0.853761 0.224877 -0.469598
vn -0.551293 0.775377 -0.308004
vn -0.862038 -0.471360 -0.186310
vn 0.537326 -0.835574 -0.114443
vn -0.292329 0.648649 0.702708
vn 0.456367 -0.391302 0.799132
vn 0.817691 0.332952 -0.469600
vn -0.447105 0.840462 -0.306138
vn -0.915727 -0.356082 -0.186142
vn 0.425138 -0.897614 -0.116389
vn -0.205741 0.679660 0.704083
vn 0.402864 -0.448222 0.797996
vn 0.853356 0.225692 -0.469942
vn 0.411167 0.896134 0.166991
vn -0.805368 0.579380 -0.125306
vn -0.381540 -0.734590 -0.561075
vn 0.236213 0.214574 0.947714
vn -0.245420 -0.863492 0.440625
vn 0.802359 -0.328878 -0.498055
vn 0.548026 0.739379 0.391134
vn 0.516707 -0.517680 0.681924
vn -0.163382 -0.810770 -0.562102
vn -0.480693 0.650924 0.587564
vn -0.933857 -0.348235 -0.081510
vn 0.088244 0.360837 -0.928445
vn 0.162454 0.969754 0.182170
vn -0.928316 0.350931 -0.122787
vn -0.174850 -0.800129 -0.573778
vn 0.169169 0.254423 0.952182
vn -0.012794 -0.904184 0.426952
vn 0.861877 -0.100488 -0.497061
vn 0.412388 0.898604 0.149823
vn -0.806341 0.577409 -0.128115
vn -0.385808 -0.743225 -0.546597
vn 0.243500 0.229317 0.942402
vn -0.241965 -0.856502 0.455914
vn 0.798517 -0.336651 -0.499035
vn 0.770094 0.420072 0.480100
vn 0.656915 0.053157 -0.752089
vn -0.503693 -0.749781 -0.429095
vn -0.092221 0.967994 0.233415
vn -0.930401 0.169784 -0.324851
vn -0.236080 -0.575943 0.782659
vn 0.840814 0.326915 0.431460
vn 0.601023 0.019943 -0.798983
vn -0.604535 -0.681958 -0.411669
vn 0.019620 0.962683 0.269920
vn -0.931218 0.269012 -0.245897
vn -0.231687 -0.580820 0.780365
vn 0.756911 0.406721 0.511532
vn 0.682129 0.058242 -0.728908
vn -0.495002 -0.739355 -0.456429
vn -0.092267 0.965340 0.244141
vn -0.917620 0.182217 -0.353229
vn -0.266732 -0.584939 0.765963
vn 0.668670 0.475189 0.571906
vn 0.747358 0.092019 -0.658019
vn -0.390272 -0.785593 -0.480136
vn -0.186973 0.961222 0.202714
vn -0.887289 0.103551 -0.449438
vn -0.300695 -0.584686 0.753476
vn 0.406430 0.886547 0.221019
vn -0.802420 0.585345 -0.116162
vn -0.367290 -0.705758 -0.605808
vn 0.212883 0.167375 0.962635
vn -0.255583 -0.884048 0.391326
vn 0.814472 -0.304370 -0.493958
vn 0.788771 0.284218 0.545032
vn 0.694007 0.040481 -0.718829
vn -0.564146 -0.645984 -0.514241
vn 0.006823 0.948431 0.316909
vn -0.888561 0.304772 -0.342889
vn -0.336988 -0.609583 0.717529
vn -0.588599 -0.635906 0.499173
vn 0.513985 -0.067306 0.855155
vn 0.809240 0.271062 -0.521206
vn -0.869201 0.363593 0.335097
vn 0.043944 0.927236 -0.371891
vn -0.129846 -0.483759 -0.865516
vn -0.587158 -0.635190 0.501776
vn 0.516756 -0.066545 0.853543
vn 0.807614 0.270254 -0.524139
vn -0.867992 0.364219 0.337542
vn 0.043003 0.926823 -0.373028
vn -0.132823 -0.484649 -0.864566
vn -0.425616 -0.777596 0.462813
vn 0.586560 -0.055062 0.808032
vn 0.703872 0.462839 -0.538835
vn -0.888636 0.165301 0.427787
vn -0.149107 0.951302 -0.269799
vn -0.114461 -0.413309 -0.903368
vn -0.331432 -0.834298 0.440568
vn 0.632010 -0.042791 0.773778
vn 0.631218 0.549640 -0.547229
vn -0.875093 0.064352 0.479657
vn -0.244808 0.946519 -0.210167
vn -0.127213 -0.376521 -0.917632
vn -0.414151 -0.902172 0.120689
vn 0.808043 -0.573966 -0.132777
vn 0.392773 0.757313 -0.521734
vn -0.255717 -0.254044 0.932776
vn 0.235860 0.844141 0.481453
vn -0.792003 0.349832 -0.500348
vn -0.248804 -0.911528 0.327435
vn 0.583553 -0.051524 0.810439
vn 0.588419 0.678478 -0.439808
vn -0.903963 -0.094586 0.417019
vn -0.350102 0.927578 -0.130491
vn -0.021541 -0.285639 -0.958095
vn -0.560087 -0.745024 0.362273
vn 0.417310 -0.098778 0.903380
vn 0.824490 0.410884 -0.389089
vn -0.939482 0.229215 0.254625
vn -0.026888 0.959994 -0.278728
vn 0.029601 -0.402697 -0.914855
vn -0.035853 -0.995255 0.090459
vn 0.966832 -0.215258 -0.137474
vn 0.072575 0.865538 -0.495556
vn -0.140273 -0.360954 0.921974
vn -0.107626 0.854951 0.507421
vn -0.864642 0.033802 -0.501251
vn -0.257015 -0.841706 -0.474842
vn 0.909840 -0.364232 -0.198811
vn 0.337713 0.938861 0.067010
vn -0.374272 -0.735895 0.564250
vn -0.016760 0.454493 0.890592
vn -0.735218 0.524044 -0.429922
vn 0.679076 -0.733369 -0.032014
vn 0.825265 0.543033 -0.155089
vn -0.594789 0.705370 -0.385590
vn 0.227649 -0.437603 0.869873
vn -0.634372 0.478492 0.607139
vn -0.677126 -0.539733 -0.500188
vn 0.762702 -0.629143 0.149883
vn 0.764978 0.631188 -0.128106
vn -0.619323 0.563571 -0.546650
vn 0.159116 -0.294144 0.942423
vn -0.765763 0.453652 0.455857
vn -0.530245 -0.685423 -0.499034
vn 0.844996 -0.331037 0.419995
vn 0.513364 -0.239888 -0.823961
vn -0.575321 0.654392 -0.490690
vn -0.044813 -0.889306 0.455112
vn -0.972455 -0.204379 -0.112076
vn -0.096234 0.741609 0.663894
vn 0.659965 -0.711519 0.241219
vn 0.849716 0.515072 -0.112624
vn -0.502741 0.600102 -0.622197
vn 0.059823 -0.245681 0.967503
vn -0.723846 0.580813 0.372430
vn -0.586505 -0.643370 -0.492023
vn 0.748969 -0.617137 0.241221
vn 0.773427 0.623800 -0.112622
vn -0.578289 0.527686 -0.622197
vn 0.092059 -0.235508 0.967503
vn -0.794845 0.479079 0.372431
vn -0.495453 -0.715850 -0.492021
vn 0.761378 -0.562758 0.321880
vn 0.525569 -0.070846 -0.847796
vn -0.854046 0.180484 -0.487884
vn 0.667827 0.448008 0.594387
vn -0.420978 0.903017 0.085657
vn -0.668638 -0.509681 0.541432
vn 0.703938 -0.662313 0.256538
vn 0.481808 -0.078318 -0.872770
vn -0.845700 0.303334 -0.439067
vn 0.736374 0.334525 0.588087
vn -0.311925 0.937595 0.153685
vn -0.701458 -0.463334 0.541552
vn 0.682087 -0.636980 0.359185
vn 0.617455 -0.044059 -0.785371
vn -0.777374 0.275543 -0.565478
vn 0.618286 0.354746 0.701340
vn -0.372596 0.921328 0.111026
vn -0.758020 -0.500615 0.418079
vn 0.462171 -0.870926 0.166991
vn 0.949428 0.287896 -0.125306
vn -0.351832 0.749273 -0.561075
vn 0.026992 -0.317979 0.947714
vn -0.536909 0.719429 0.440625
vn -0.748599 -0.437654 -0.498055
vn 0.647791 -0.697600 -0.306138
vn 0.793700 0.579131 -0.186138
vn -0.641224 0.758476 -0.116387
vn 0.373245 -0.604113 0.704084
vn -0.504387 0.329844 0.797996
vn -0.766875 -0.437099 -0.469943
vn 0.962104 0.271406 -0.026375
vn 0.176994 -0.106684 -0.978413
vn -0.762842 -0.646322 -0.018441
vn 0.193774 0.973972 0.117599
vn -0.925214 0.343638 0.160908
vn 0.111834 -0.489176 0.864985
vn 0.857906 0.513139 -0.026171
vn 0.199193 -0.057201 -0.978289
vn -0.567659 -0.823059 -0.018366
vn -0.067254 0.990835 0.117143
vn -0.982918 0.090265 0.160386
vn 0.235228 -0.442648 0.865292
vn 0.783948 0.620279 -0.026050
vn 0.205261 -0.031053 -0.978215
vn -0.455869 -0.889859 -0.018320
vn -0.195502 0.973717 0.116851
vn -0.986368 -0.038213 0.160059
vn 0.290471 -0.408127 0.865482
vn 0.397851 0.869178 -0.293673
vn -0.837994 0.513365 -0.184994
vn -0.454148 -0.881485 -0.129363
vn 0.410866 0.567947 0.713180
vn -0.115985 -0.601591 0.790339
vn 0.700328 -0.535316 -0.472204
vn 0.691026 0.502599 0.519497
vn 0.707352 0.085291 -0.701696
vn -0.402301 -0.805548 -0.435024
vn -0.192739 0.963462 0.185993
vn -0.912905 0.075745 -0.401083
vn -0.247135 -0.567504 0.785407
vn 0.783948 0.620279 -0.026050
vn 0.205261 -0.031051 -0.978215
vn -0.455869 -0.889858 -0.018321
vn -0.195502 0.973717 0.116852
vn -0.986368 -0.038212 0.160058
vn 0.290471 -0.408128 0.865482
vn 0.783878 0.620263 -0.028443
vn 0.202801 -0.031708 -0.978707
vn -0.455911 -0.889871 -0.016571
vn -0.195204 0.973796 0.116690
vn -0.985961 -0.038103 0.162570
vn 0.292652 -0.407540 0.865024
vn 0.626305 0.725349 0.285675
vn -0.599965 0.503660 0.621586
vn -0.518873 -0.847880 0.108946
vn 0.202397 0.708628 -0.675930
vn -0.511819 -0.354319 -0.782623
vn 0.720779 -0.693068 0.011561
vn 0.626305 0.725349 0.285676
vn -0.599963 0.503662 0.621586
vn -0.518875 -0.847879 0.108949
vn 0.202398 0.708628 -0.675930
vn -0.511821 -0.354318 -0.782623
vn 0.720779 -0.693069 0.011563
vn 0.626223 0.725407 0.285709
vn -0.600149 0.503787 0.621305
vn -0.518906 -0.847859 0.108959
vn 0.202594 0.708491 -0.676015
vn -0.511588 -0.354471 -0.782705
vn 0.720778 -0.693064 0.011907
vn 0.626306 0.725348 0.285676
vn -0.599962 0.503662 0.621587
vn -0.518874 -0.847880 0.108948
vn 0.202398 0.708628 -0.675930
vn -0.511821 -0.354319 -0.782622
vn 0.720778 -0.693069 0.011563
vn 0.626305 0.725349 0.285675
vn -0.599962 0.503664 0.621585
vn -0.518875 -0.847879 0.108948
vn 0.202399 0.708628 -0.675929
vn -0.511820 -0.354318 -0.782623
vn 0.720779 -0.693069 0.011562
vn 0.626281 0.725366 0.285685
vn -0.600023 0.503700 0.621497
vn -0.518882 -0.847875 0.108949
vn 0.202461 0.708585 -0.675956
vn -0.511745 -0.354368 -0.782650
vn 0.720779 -0.693067 0.011667
vn 0.626224 0.725406 0.285709
vn -0.600147 0.503788 0.621306
vn -0.518906 -0.847858 0.108959
vn 0.202596 0.708491 -0.676015
vn -0.511588 -0.354471 -0.782705
vn 0.720777 -0.693065 0.011906
vn 0.626305 0.725349 0.285675
vn -0.599963 0.503663 0.621586
vn -0.518874 -0.847880 0.108948
vn 0.202398 0.708628 -0.675930
vn -0.511819 -0.354317 -0.782624
vn 0.720780 -0.693068 0.011562
vn 0.626306 0.725349 0.285675
vn -0.599964 0.503661 0.621585
vn -0.518874 -0.847880 0.108948
vn 0.202398 0.708627 -0.675931
vn -0.511820 -0.354319 -0.782622
vn 0.720778 -0.693070 0.011563
vn 0.626305 0.725349 0.285675
vn -0.599964 0.503662 0.621585
vn -0.518875 -0.847879 0.108948
vn 0.202398 0.708627 -0.675931
vn -0.511820 -0.354317 -0.782624
vn 0.720779 -0.693069 0.011562
vn 0.626224 0.725406 0.285709
vn -0.600148 0.503787 0.621306
vn -0.518906 -0.847859 0.108960
vn 0.202594 0.708490 -0.676016
vn -0.511588 -0.354472 -0.782705
vn 0.720777 -0.693064 0.011906
vn 0.626305 0.725350 0.285674
vn -0.599963 0.503663 0.621585
vn -0.518875 -0.847879 0.108948
vn 0.202398 0.708628 -0.675930
vn -0.511820 -0.354318 -0.782623
vn 0.720779 -0.693068 0.011562
vn 0.626306 0.725348 0.285676
vn -0.599962 0.503662 0.621586
vn -0.518875 -0.847879 0.108949
vn 0.202399 0.708628 -0.675930
vn -0.511821 -0.354319 -0.782622
vn 0.720777 -0.693070 0.011563
vn 0.626306 0.725349 0.285675
vn -0.599963 0.503662 0.621585
vn -0.518874 -0.847880 0.108948
vn 0.202399 0.708628 -0.675930
vn -0.511820 -0.354319 -0.782623
vn 0.720778 -0.693069 0.011562
vn 0.626165 0.725444 0.285741
vn -0.600269 0.503869 0.621123
vn -0.518925 -0.847846 0.108969
vn 0.202732 0.708404 -0.676064
vn -0.511432 -0.354577 -0.782760
vn 0.720775 -0.693063 0.012144
vn 0.626306 0.725349 0.285675
vn -0.599963 0.503662 0.621585
vn -0.518875 -0.847879 0.108948
vn 0.202398 0.708628 -0.675930
vn -0.511820 -0.354319 -0.782623
vn 0.720778 -0.693069 0.011562
vn 0.626306 0.725349 0.285676
vn -0.599962 0.503663 0.621586
vn -0.518875 -0.847879 0.108949
vn 0.202398 0.708628 -0.675930
vn -0.511821 -0.354318 -0.782622
vn 0.720778 -0.693069 0.011563
vn 0.626305 0.725349 0.285676
vn -0.599964 0.503662 0.621585
vn -0.518874 -0.847879 0.108948
vn 0.202397 0.708628 -0.675930
vn -0.511820 -0.354319 -0.782623
vn 0.720779 -0.693069 0.011563
vn 0.626223 0.725406 0.285711
vn -0.600147 0.503788 0.621306
vn -0.518907 -0.847858 0.108960
vn 0.202595 0.708492 -0.676013
vn -0.511588 -0.354469 -0.782707
vn 0.720779 -0.693063 0.011907
vn 0.626305 0.725349 0.285675
vn -0.599962 0.503662 0.621586
vn -0.518874 -0.847880 0.108949
vn 0.202398 0.708628 -0.675930
vn -0.511820 -0.354319 -0.782623
vn 0.720779 -0.693068 0.011563
vn 0.626306 0.725349 0.285675
vn -0.599962 0.503663 0.621586
vn -0.518874 -0.847880 0.108948
vn 0.202399 0.708628 -0.675930
vn -0.511819 -0.354319 -0.782624
vn 0.720779 -0.693068 0.011562
vn 0.626306 0.725349 0.285676
vn -0.599961 0.503664 0.621587
vn -0.518874 -0.847879 0.108949
vn 0.202399 0.708629 -0.675929
vn -0.511820 -0.354318 -0.782623
vn 0.720779 -0.693068 0.011563
vn 0.626224 0.725406 0.285709
vn -0.600149 0.503786 0.621306
vn -0.518905 -0.847859 0.108958
vn 0.202595 0.708490 -0.676016
vn -0.511587 -0.354472 -0.782706
vn 0.720777 -0.693064 0.011904
vn 0.626282 0.725366 0.285684
vn -0.600022 0.503700 0.621498
vn -0.518883 -0.847874 0.108951
vn 0.202461 0.708584 -0.675957
vn -0.511745 -0.354368 -0.782650
vn 0.720779 -0.693066 0.011667
vn 0.626306 0.725349 0.285675
vn -0.599964 0.503662 0.621585
vn -0.518875 -0.847879 0.108948
vn 0.202398 0.708627 -0.675931
vn -0.511820 -0.354319 -0.782623
vn 0.720778 -0.693070 0.011562
vn 0.626306 0.725348 0.285676
vn -0.599963 0.503662 0.621586
vn -0.518874 -0.847880 0.108948
vn 0.202399 0.708628 -0.675930
vn -0.511820 -0.354320 -0.782622
vn 0.720778 -0.693070 0.011563
vn 0.626223 0.725407 0.285709
vn -0.600148 0.503788 0.621305
vn -0.518906 -0.847859 0.108959
vn 0.202595 0.708492 -0.676014
vn -0.511588 -0.354471 -0.782706
vn 0.720778 -0.693064 0.011906
vn 0.626306 0.725348 0.285676
vn -0.599962 0.503662 0.621587
vn -0.518874 -0.847880 0.108949
vn 0.202398 0.708628 -0.675930
vn -0.511820 -0.354318 -0.782623
vn 0.720779 -0.693069 0.011563
vn 0.626306 0.725349 0.285675
vn -0.599962 0.503663 0.621586
vn -0.518874 -0.847879 0.108948
vn 0.202399 0.708628 -0.675929
vn -0.511820 -0.354318 -0.782623
vn 0.720779 -0.693068 0.011562
vn 0.626306 0.725348 0.285675
vn -0.599962 0.503662 0.621587
vn -0.518874 -0.847879 0.108949
vn 0.202399 0.708627 -0.675931
vn -0.511821 -0.354320 -0.782622
vn 0.720777 -0.693071 0.011563
vn 0.626224 0.725406 0.285710
vn -0.600146 0.503788 0.621307
vn -0.518906 -0.847859 0.108959
vn 0.202596 0.708492 -0.676013
vn -0.511588 -0.354471 -0.782706
vn 0.720778 -0.693064 0.011905
vn 0.626305 0.725350 0.285675
vn -0.599963 0.503663 0.621585
vn -0.518875 -0.847879 0.108948
vn 0.202397 0.708628 -0.675930
vn -0.511820 -0.354318 -0.782623
vn 0.720779 -0.693068 0.011563
vn 0.626282 0.725366 0.285684
vn -0.600022 0.503701 0.621497
vn -0.518883 -0.847874 0.108949
vn 0.202462 0.708585 -0.675956
vn -0.511745 -0.354367 -0.782650
vn 0.720779 -0.693067 0.011667
vn 0.626306 0.725349 0.285675
vn -0.599962 0.503664 0.621585
vn -0.518875 -0.847879 0.108948
vn 0.202400 0.708628 -0.675929
vn -0.511820 -0.354317 -0.782624
vn 0.720779 -0.693068 0.011562
vn 0.626224 0.725406 0.285711
vn -0.600146 0.503788 0.621307
vn -0.518906 -0.847859 0.108959
vn 0.202596 0.708492 -0.676013
vn -0.511589 -0.354470 -0.782705
vn 0.720777 -0.693065 0.011906
vn 0.626306 0.725348 0.285676
vn -0.599964 0.503661 0.621586
vn -0.518873 -0.847880 0.108948
vn 0.202398 0.708627 -0.675931
vn -0.511819 -0.354320 -0.782623
vn 0.720779 -0.693069 0.011562
vn 0.626306 0.725349 0.285675
vn -0.599963 0.503662 0.621586
vn -0.518874 -0.847879 0.108949
vn 0.202399 0.708628 -0.675930
vn -0.511820 -0.354319 -0.782622
vn 0.720778 -0.693069 0.011563
vn 0.626306 0.725349 0.285675
vn -0.599963 0.503662 0.621586
vn -0.518873 -0.847880 0.108948
vn 0.202400 0.708628 -0.675930
vn -0.511819 -0.354320 -0.782623
vn 0.720779 -0.693069 0.011562
vn 0.626223 0.725406 0.285710
vn -0.600149 0.503785 0.621306
vn -0.518906 -0.847859 0.108959
vn 0.202594 0.708491 -0.676015
vn -0.511589 -0.354473 -0.782704
vn 0.720777 -0.693065 0.011907
vn 0.626306 0.725348 0.285676
vn -0.599962 0.503662 0.621587
vn -0.518874 -0.847880 0.108948
vn 0.202399 0.708628 -0.675929
vn -0.511820 -0.354319 -0.782623
vn 0.720779 -0.693068 0.011562
vn 0.626306 0.725348 0.285676
vn -0.599961 0.503663 0.621587
vn -0.518874 -0.847880 0.108949
vn 0.202399 0.708628 -0.675930
vn -0.511820 -0.354319 -0.782623
vn 0.720779 -0.693069 0.011563
vn 0.626281 0.725367 0.285684
vn -0.600024 0.503701 0.621496
vn -0.518883 -0.847874 0.108950
vn 0.202461 0.708584 -0.675957
vn -0.511745 -0.354368 -0.782650
vn 0.720779 -0.693066 0.011668
vn 0.626192 0.725425 0.285729
vn -0.600214 0.503827 0.621209
vn -0.518918 -0.847851 0.108963
vn 0.202669 0.708445 -0.676041
vn -0.511503 -0.354526 -0.782736
vn 0.720775 -0.693065 0.012031
vn 0.626306 0.725349 0.285675
vn -0.599963 0.503662 0.621586
vn -0.518874 -0.847880 0.108948
vn 0.202399 0.708628 -0.675930
vn -0.511820 -0.354320 -0.782622
vn 0.720778 -0.693069 0.011562
vn 0.626306 0.725349 0.285675
vn -0.599963 0.503662 0.621585
vn -0.518874 -0.847880 0.108948
vn 0.202399 0.708627 -0.675930
vn -0.511819 -0.354319 -0.782623
vn 0.720779 -0.693069 0.011562
vn 0.626305 0.725349 0.285676
vn -0.599962 0.503662 0.621587
vn -0.518873 -0.847880 0.108949
vn 0.202399 0.708629 -0.675929
vn -0.511819 -0.354320 -0.782623
vn 0.720779 -0.693068 0.011562
vn 0.626223 0.725406 0.285710
vn -0.600148 0.503787 0.621306
vn -0.518907 -0.847858 0.108960
vn 0.202594 0.708492 -0.676014
vn -0.511589 -0.354470 -0.782705
vn 0.720778 -0.693064 0.011907
vn 0.626305 0.725349 0.285676
vn -0.599964 0.503662 0.621586
vn -0.518875 -0.847879 0.108948
vn 0.202397 0.708628 -0.675930
vn -0.511820 -0.354318 -0.782623
vn 0.720779 -0.693069 0.011563
vn 0.626305 0.725349 0.285674
vn -0.599962 0.503663 0.621586
vn -0.518874 -0.847880 0.108948
vn 0.202398 0.708628 -0.675930
vn -0.511819 -0.354318 -0.782624
vn 0.720780 -0.693068 0.011562
vn 0.626306 0.725348 0.285675
vn -0.599962 0.503663 0.621586
vn -0.518875 -0.847879 0.108949
vn 0.202399 0.708628 -0.675930
vn -0.511820 -0.354319 -0.782623
vn 0.720778 -0.693069 0.011563
vn 0.626196 0.725423 0.285729
vn -0.600207 0.503822 0.621221
vn -0.518915 -0.847853 0.108964
vn 0.202661 0.708452 -0.676036
vn -0.511514 -0.354523 -0.782731
vn 0.720774 -0.693065 0.012020
vn 0.626305 0.725349 0.285676
vn -0.599963 0.503663 0.621585
vn -0.518875 -0.847879 0.108949
vn 0.202398 0.708628 -0.675930
vn -0.511821 -0.354318 -0.782623
vn 0.720779 -0.693069 0.011564
vn 0.626305 0.725349 0.285676
vn -0.599963 0.503662 0.621586
vn -0.518874 -0.847880 0.108948
vn 0.202398 0.708628 -0.675930
vn -0.511819 -0.354319 -0.782623
vn 0.720779 -0.693068 0.011562
vn 0.626305 0.725349 0.285676
vn -0.599961 0.503662 0.621588
vn -0.518873 -0.847880 0.108949
vn 0.202398 0.708629 -0.675929
vn -0.511820 -0.354319 -0.782623
vn 0.720780 -0.693068 0.011562
vn 0.626223 0.725406 0.285710
vn -0.600149 0.503787 0.621306
vn -0.518906 -0.847859 0.108959
vn 0.202595 0.708491 -0.676015
vn -0.511588 -0.354473 -0.782705
vn 0.720777 -0.693065 0.011906
vn 0.626305 0.725349 0.285677
vn -0.599964 0.503660 0.621586
vn -0.518874 -0.847880 0.108948
vn 0.202397 0.708628 -0.675930
vn -0.511819 -0.354319 -0.782623
vn 0.720779 -0.693069 0.011562
vn 0.626306 0.725348 0.285676
vn -0.599962 0.503662 0.621586
vn -0.518874 -0.847880 0.108949
vn 0.202399 0.708628 -0.675929
vn -0.511820 -0.354320 -0.782622
vn 0.720779 -0.693069 0.011563
vn 0.626305 0.725350 0.285675
vn -0.599964 0.503662 0.621584
vn -0.518875 -0.847879 0.108948
vn 0.202398 0.708628 -0.675930
vn -0.511820 -0.354319 -0.782623
vn 0.720779 -0.693069 0.011563
vn 0.626224 0.725405 0.285711
vn -0.600148 0.503787 0.621306
vn -0.518907 -0.847858 0.108960
vn 0.202596 0.708491 -0.676014
vn -0.511589 -0.354471 -0.782705
vn 0.720777 -0.693065 0.011906
vn 0.626281 0.725367 0.285684
vn -0.600024 0.503701 0.621496
vn -0.518883 -0.847874 0.108949
vn 0.202461 0.708585 -0.675956
vn -0.511746 -0.354367 -0.782649
vn 0.720780 -0.693066 0.011667
vn 0.783878 0.620263 -0.028443
vn 0.202801 -0.031707 -0.978707
vn -0.455911 -0.889871 -0.016571
vn -0.195204 0.973796 0.116690
vn -0.985961 -0.038102 0.162570
vn 0.292652 -0.407541 0.865023
vn 0.783879 0.620262 -0.028444
vn 0.202801 -0.031709 -0.978706
vn -0.455910 -0.889872 -0.016571
vn -0.195203 0.973796 0.116689
vn -0.985961 -0.038104 0.162570
vn 0.292653 -0.407542 0.865022
vn 0.783878 0.620263 -0.028444
vn 0.202800 -0.031709 -0.978707
vn -0.455910 -0.889872 -0.016570
vn -0.195205 0.973796 0.116690
vn -0.985961 -0.038104 0.162571
vn 0.292652 -0.407541 0.865023
vn 0.783877 0.620264 -0.028443
vn 0.202802 -0.031707 -0.978706
vn -0.455909 -0.889872 -0.016571
vn -0.195204 0.973796 0.116690
vn -0.985961 -0.038104 0.162571
vn 0.292653 -0.407540 0.865023
vn 0.682868 0.687627 0.246699
vn -0.449216 0.403123 0.797306
vn -0.497131 -0.862381 0.095708
vn 0.067072 0.798876 -0.597744
vn -0.669331 -0.249270 -0.699901
vn 0.696919 -0.677153 -0.236152
vn 0.682870 0.687625 0.246699
vn -0.449216 0.403122 0.797307
vn -0.497129 -0.862382 0.095708
vn 0.067077 0.798874 -0.597746
vn -0.669329 -0.249273 -0.699902
vn 0.696917 -0.677155 -0.236152
vn 0.682788 0.687682 0.246769
vn -0.449486 0.403306 0.797061
vn -0.497163 -0.862360 0.095733
vn 0.067277 0.798737 -0.597907
vn -0.669093 -0.249432 -0.700070
vn 0.696996 -0.677208 -0.235765
vn 0.682869 0.687626 0.246698
vn -0.449217 0.403123 0.797306
vn -0.497130 -0.862382 0.095707
vn 0.067076 0.798874 -0.597747
vn -0.669328 -0.249272 -0.699902
vn 0.696917 -0.677155 -0.236152
vn 0.682763 0.687697 0.246795
vn -0.449556 0.403352 0.796998
vn -0.497170 -0.862354 0.095742
vn 0.067332 0.798705 -0.597944
vn -0.669029 -0.249474 -0.700116
vn 0.697019 -0.677222 -0.235659
vn 0.682889 0.687615 0.246675
vn -0.449146 0.403081 0.797367
vn -0.497120 -0.862388 0.095703
vn 0.067023 0.798909 -0.597706
vn -0.669390 -0.249233 -0.699857
vn 0.696899 -0.677138 -0.236252
vn 0.682868 0.687628 0.246697
vn -0.449218 0.403124 0.797305
vn -0.497131 -0.862381 0.095708
vn 0.067074 0.798873 -0.597748
vn -0.669329 -0.249271 -0.699902
vn 0.696918 -0.677154 -0.236153
vn 0.682788 0.687682 0.246769
vn -0.449488 0.403305 0.797061
vn -0.497164 -0.862359 0.095732
vn 0.067276 0.798737 -0.597907
vn -0.669093 -0.249431 -0.700071
vn 0.696996 -0.677209 -0.235766
vn 0.682870 0.687625 0.246698
vn -0.449214 0.403124 0.797307
vn -0.497130 -0.862382 0.095709
vn 0.067077 0.798874 -0.597746
vn -0.669329 -0.249272 -0.699902
vn 0.696918 -0.677154 -0.236153
vn 0.682870 0.687626 0.246698
vn -0.449215 0.403124 0.797306
vn -0.497130 -0.862381 0.095709
vn 0.067077 0.798874 -0.597747
vn -0.669329 -0.249272 -0.699901
vn 0.696917 -0.677155 -0.236152
vn 0.682963 0.687565 0.246609
vn -0.448907 0.402922 0.797581
vn -0.497094 -0.862406 0.095679
vn 0.066845 0.799027 -0.597568
vn -0.669600 -0.249094 -0.699705
vn 0.696826 -0.677094 -0.236595
vn 0.783879 0.620262 -0.028447
vn 0.202796 -0.031712 -0.978707
vn -0.455910 -0.889872 -0.016572
vn -0.195208 0.973796 0.116687
vn -0.985961 -0.038106 0.162570
vn 0.292655 -0.407544 0.865021
vn 0.857844 0.513123 -0.028447
vn 0.196952 -0.057800 -0.978708
vn -0.567699 -0.823070 -0.016571
vn -0.066991 0.990907 0.116687
vn -0.982551 0.090360 0.162571
vn 0.237204 -0.442123 0.865021
vn 0.783879 0.620262 -0.028447
vn 0.202796 -0.031710 -0.978707
vn -0.455910 -0.889872 -0.016572
vn -0.195207 0.973796 0.116687
vn -0.985961 -0.038107 0.162570
vn 0.292656 -0.407544 0.865020
vn 0.512218 0.801436 0.308760
vn -0.761045 0.611055 0.217767
vn -0.561806 -0.819248 0.114916
vn 0.467580 0.531776 -0.706104
vn -0.207353 -0.557364 -0.803959
vn 0.633869 -0.635073 0.441466
vn 0.519649 0.828483 0.208758
vn -0.506317 -0.838740 -0.200397
vn 0.674664 -0.682245 0.281726
vn -0.580010 -0.438456 0.686545
vn -0.022372 0.447587 0.893960
vn -0.587505 0.654633 -0.475704
vn 0.519650 0.828483 0.208758
vn -0.506317 -0.838740 -0.200397
vn 0.674664 -0.682245 0.281728
vn -0.580010 -0.438457 0.686545
vn -0.022371 0.447588 0.893960
vn -0.587505 0.654633 -0.475703
vn 0.513150 0.857863 0.027353
vn -0.505601 -0.861638 -0.044135
vn 0.204258 -0.273861 -0.939829
vn 0.428161 -0.871452 0.239268
vn 0.962300 0.052116 0.266952
vn -0.379654 0.360503 0.851998
vn 0.620297 0.783890 0.027354
vn -0.613302 -0.788614 -0.044136
vn 0.166930 -0.298086 -0.939829
vn 0.311262 -0.919711 0.239266
vn 0.960911 -0.073398 0.266951
vn -0.329577 0.406790 0.851998
vn 0.513182 0.857948 0.023855
vn -0.505656 -0.861778 -0.040636
vn 0.203169 -0.277041 -0.939133
vn 0.428432 -0.870642 0.241720
vn 0.962607 0.053016 0.265662
vn -0.378671 0.363389 0.851209
vn 0.520606 0.828736 0.205344
vn -0.507234 -0.838983 -0.197033
vn 0.675952 -0.681902 0.279461
vn -0.576847 -0.437605 0.689745
vn -0.018259 0.448689 0.893501
vn -0.589685 0.654050 -0.473805
vn 0.513148 0.857864 0.027355
vn -0.505598 -0.861640 -0.044136
vn 0.204259 -0.273859 -0.939830
vn 0.428164 -0.871451 0.239266
vn 0.962299 0.052121 0.266952
vn -0.379653 0.360503 0.851998
vn 0.513152 0.857862 0.027353
vn -0.505605 -0.861635 -0.044136
vn 0.204255 -0.273862 -0.939829
vn 0.428155 -0.871455 0.239267
vn 0.962300 0.052116 0.266952
vn -0.379655 0.360506 0.851996
vn 0.620298 0.783889 0.027356
vn -0.613303 -0.788614 -0.044136
vn 0.166932 -0.298087 -0.939829
vn 0.311263 -0.919710 0.239267
vn 0.960910 -0.073398 0.266953
vn -0.329578 0.406791 0.851997
vn 0.513147 0.857865 0.027354
vn -0.505599 -0.861639 -0.044136
vn 0.204261 -0.273860 -0.939829
vn 0.428163 -0.871451 0.239268
vn 0.962299 0.052122 0.266953
vn -0.379656 0.360504 0.851996
vn 0.513148 0.857864 0.027354
vn -0.505601 -0.861638 -0.044136
vn 0.204258 -0.273860 -0.939829
vn 0.428160 -0.871453 0.239268
vn 0.962299 0.052120 0.266953
vn -0.379656 0.360504 0.851996
vn 0.394139 0.918585 0.029271
vn -0.386149 -0.921286 -0.046053
vn 0.239314 -0.242364 -0.940207
vn 0.540471 -0.807022 0.237922
vn 0.946650 0.179480 0.267658
vn -0.424666 0.305006 0.852426
vn 0.394134 0.918587 0.029272
vn -0.386146 -0.921287 -0.046055
vn 0.239314 -0.242363 -0.940207
vn 0.540474 -0.807020 0.237921
vn 0.946649 0.179488 0.267657
vn -0.424670 0.305008 0.852424
vn 0.145278 0.988497 0.042047
vn -0.136878 -0.988839 -0.058844
vn 0.292698 -0.160562 -0.942628
vn 0.729646 -0.644370 0.228920
vn 0.869131 0.412850 0.272335
vn -0.487996 0.174697 0.855185
vn 0.493175 0.536478 0.684814
vn -0.489534 -0.552059 -0.674972
vn 0.224409 -0.917159 0.329333
vn -0.945976 -0.289225 0.146552
vn -0.408260 0.286177 0.866849
vn -0.053806 0.888340 -0.456024
vn 0.506385 0.545561 0.667785
vn -0.502429 -0.561025 -0.657888
vn 0.236718 -0.912780 0.332862
vn -0.940804 -0.292334 0.171546
vn -0.389253 0.292716 0.873384
vn -0.068976 0.883544 -0.463241
vn 0.566846 0.454590 0.687047
vn -0.564215 -0.470928 -0.678151
vn 0.154564 -0.949294 0.273773
vn -0.961312 -0.212692 0.175047
vn -0.345201 0.274867 0.897376
vn 0.007450 0.912358 -0.409326
vn 0.671437 0.510333 0.537339
vn -0.666664 -0.525980 -0.528114
vn 0.233250 -0.925715 0.297734
vn -0.903952 -0.218989 0.367308
vn -0.178553 0.327534 0.927815
vn -0.098563 0.882934 -0.459035
vn 0.628171 0.622761 0.466445
vn -0.620988 -0.637072 -0.456632
vn 0.363324 -0.868760 0.336528
vn -0.849022 -0.304273 0.431948
vn -0.170780 0.362468 0.916216
vn -0.232743 0.832515 -0.502742
vn 0.513152 0.857862 0.027355
vn -0.505608 -0.861634 -0.044136
vn 0.204254 -0.273861 -0.939830
vn 0.428154 -0.871456 0.239267
vn 0.962299 0.052116 0.266953
vn -0.379655 0.360507 0.851996
vn 0.620291 0.783894 0.027354
vn -0.613300 -0.788616 -0.044136
vn 0.166929 -0.298084 -0.939830
vn 0.311265 -0.919710 0.239266
vn 0.960911 -0.073391 0.266952
vn -0.329581 0.406790 0.851997
vn 0.394154 0.918640 -0.027276
vn -0.386175 -0.921373 0.044061
vn 0.238619 -0.244103 0.939933
vn 0.540657 -0.806575 -0.239013
vn 0.946847 0.179983 -0.266620
vn -0.424036 0.306585 -0.852173
vn 0.513147 0.857865 0.027353
vn -0.505599 -0.861639 -0.044136
vn 0.204258 -0.273861 -0.939829
vn 0.428161 -0.871452 0.239267
vn 0.962299 0.052119 0.266952
vn -0.379656 0.360502 0.851998
vn 0.271408 0.962076 0.027352
vn -0.263134 -0.963749 -0.044135
vn 0.268671 -0.211044 -0.939828
vn 0.640811 -0.729460 0.239269
vn 0.915326 0.301522 0.266952
vn -0.460602 0.248896 0.851996
vn 0.325984 0.921697 -0.210259
vn -0.309294 -0.928590 0.205081
vn 0.860763 -0.497765 -0.106381
vn -0.326328 -0.614127 -0.718581
vn 0.021377 0.373024 -0.927575
vn -0.804159 0.505283 0.313078
vn 0.325985 0.921697 -0.210257
vn -0.309294 -0.928590 0.205082
vn 0.860763 -0.497765 -0.106379
vn -0.326328 -0.614128 -0.718580
vn 0.021379 0.373026 -0.927575
vn -0.804158 0.505283 0.313080
vn 0.325979 0.921699 -0.210259
vn -0.309289 -0.928592 0.205079
vn 0.860758 -0.497768 -0.106408
vn -0.326349 -0.614121 -0.718576
vn 0.021352 0.373034 -0.927572
vn -0.804150 0.505281 0.313104
vn 0.325987 0.921697 -0.210256
vn -0.309298 -0.928589 0.205078
vn 0.860765 -0.497767 -0.106359
vn -0.326317 -0.614130 -0.718583
vn 0.021394 0.373022 -0.927576
vn -0.804164 0.505286 0.313060
vn 0.326053 0.921675 -0.210250
vn -0.309361 -0.928567 0.205081
vn 0.860797 -0.497779 -0.106041
vn -0.326093 -0.614206 -0.718619
vn 0.021682 0.372926 -0.927608
vn -0.804260 0.505318 0.312761
vn 0.325985 0.921697 -0.210257
vn -0.309294 -0.928590 0.205080
vn 0.860763 -0.497766 -0.106379
vn -0.326329 -0.614128 -0.718579
vn 0.021377 0.373025 -0.927575
vn -0.804159 0.505282 0.313078
vn 0.325979 0.921700 -0.210255
vn -0.309289 -0.928592 0.205080
vn 0.860758 -0.497768 -0.106405
vn -0.326350 -0.614122 -0.718575
vn 0.021351 0.373034 -0.927572
vn -0.804150 0.505279 0.313106
vn 0.325984 0.921698 -0.210257
vn -0.309294 -0.928590 0.205080
vn 0.860763 -0.497767 -0.106377
vn -0.326328 -0.614128 -0.718579
vn 0.021378 0.373026 -0.927575
vn -0.804159 0.505282 0.313078
vn 0.325980 0.921699 -0.210258
vn -0.309288 -0.928592 0.205079
vn 0.860759 -0.497766 -0.106408
vn -0.326348 -0.614121 -0.718577
vn 0.021353 0.373034 -0.927572
vn -0.804150 0.505281 0.313105
vn 0.325988 0.921697 -0.210255
vn -0.309298 -0.928589 0.205079
vn 0.860763 -0.497769 -0.106359
vn -0.326317 -0.614131 -0.718582
vn 0.021394 0.373022 -0.927576
vn -0.804164 0.505285 0.313062
vn 0.326060 0.921673 -0.210247
vn -0.309365 -0.928566 0.205082
vn 0.860802 -0.497775 -0.106013
vn -0.326074 -0.614214 -0.718621
vn 0.021707 0.372919 -0.927610
vn -0.804268 0.505321 0.312735
vn 0.325979 0.921700 -0.210255
vn -0.309288 -0.928592 0.205081
vn 0.860759 -0.497766 -0.106406
vn -0.326349 -0.614123 -0.718574
vn 0.021352 0.373036 -0.927571
vn -0.804150 0.505279 0.313107
vn 0.325985 0.921697 -0.210258
vn -0.309292 -0.928590 0.205082
vn 0.860763 -0.497766 -0.106380
vn -0.326328 -0.614128 -0.718579
vn 0.021378 0.373025 -0.927575
vn -0.804158 0.505282 0.313080
vn 0.325978 0.921700 -0.210257
vn -0.309289 -0.928592 0.205080
vn 0.860759 -0.497766 -0.106406
vn -0.326350 -0.614121 -0.718576
vn 0.021352 0.373035 -0.927571
vn -0.804149 0.505281 0.313105
vn 0.325988 0.921697 -0.210253
vn -0.309298 -0.928589 0.205079
vn 0.860765 -0.497766 -0.106359
vn -0.326315 -0.614130 -0.718584
vn 0.021396 0.373026 -0.927574
vn -0.804163 0.505286 0.313062
vn 0.325979 0.921700 -0.210255
vn -0.309288 -0.928592 0.205081
vn 0.860760 -0.497766 -0.106406
vn -0.326349 -0.614122 -0.718575
vn 0.021353 0.373037 -0.927571
vn -0.804149 0.505281 0.313107
vn 0.394147 0.918640 0.027356
vn -0.386162 -0.921374 -0.044136
vn 0.238957 -0.244171 -0.939830
vn 0.540565 -0.806562 0.239266
vn 0.946750 0.180001 0.266953
vn -0.424344 0.306645 0.851998
vn 0.394147 0.918640 0.027352
vn -0.386165 -0.921373 -0.044137
vn 0.238956 -0.244172 -0.939830
vn 0.540563 -0.806563 0.239265
vn 0.946751 0.180000 0.266950
vn -0.424345 0.306649 0.851996
vn 0.394148 0.918640 0.027356
vn -0.386162 -0.921374 -0.044137
vn 0.238960 -0.244170 -0.939829
vn 0.540566 -0.806561 0.239266
vn 0.946750 0.180001 0.266953
vn -0.424345 0.306646 0.851997
vn 0.394140 0.918643 0.027354
vn -0.386155 -0.921377 -0.044137
vn 0.238962 -0.244170 -0.939829
vn 0.540573 -0.806556 0.239266
vn 0.946749 0.180007 0.266952
vn -0.424349 0.306643 0.851996
vn 0.271409 0.962075 0.027352
vn -0.263139 -0.963748 -0.044135
vn 0.268667 -0.211042 -0.939829
vn 0.640808 -0.729463 0.239268
vn 0.915326 0.301523 0.266950
vn -0.460600 0.248898 0.851996
vn 0.271409 0.962075 0.027352
vn -0.263138 -0.963748 -0.044137
vn 0.268668 -0.211042 -0.939829
vn 0.640808 -0.729463 0.239266
vn 0.915326 0.301522 0.266951
vn -0.460601 0.248896 0.851996
vn 0.394144 0.918642 0.027354
vn -0.386161 -0.921375 -0.044135
vn 0.238960 -0.244170 -0.939829
vn 0.540567 -0.806560 0.239268
vn 0.946750 0.180004 0.266953
vn -0.424346 0.306645 0.851997
vn 0.394149 0.918640 0.027354
vn -0.386165 -0.921373 -0.044136
vn 0.238960 -0.244172 -0.939829
vn 0.540564 -0.806562 0.239267
vn 0.946751 0.179999 0.266952
vn -0.424346 0.306649 0.851996
vn 0.622918 0.753919 0.208758
vn -0.611030 -0.765822 -0.200396
vn 0.580270 -0.764145 0.281726
vn -0.632078 -0.359357 0.686542
vn 0.035988 0.446700 0.893960
vn -0.497442 0.725436 -0.475704
vn 0.622920 0.753918 0.208754
vn -0.611030 -0.765822 -0.200396
vn 0.580271 -0.764145 0.281725
vn -0.632078 -0.359357 0.686542
vn 0.035991 0.446702 0.893959
vn -0.497441 0.725435 -0.475706
vn 0.622919 0.753918 0.208758
vn -0.611030 -0.765822 -0.200397
vn 0.580270 -0.764145 0.281726
vn -0.632078 -0.359357 0.686543
vn 0.035990 0.446700 0.893960
vn -0.497440 0.725437 -0.475705
vn 0.622919 0.753918 0.208758
vn -0.611032 -0.765821 -0.200397
vn 0.580270 -0.764145 0.281727
vn -0.632075 -0.359355 0.686546
vn 0.035993 0.446699 0.893960
vn -0.497439 0.725438 -0.475704
vn 0.622918 0.753919 0.208757
vn -0.611031 -0.765821 -0.200397
vn 0.580272 -0.764143 0.281726
vn -0.632077 -0.359355 0.686544
vn 0.035990 0.446700 0.893960
vn -0.497440 0.725437 -0.475704
vn 0.789015 0.578830 -0.205940
vn -0.781044 -0.592829 0.196278
vn 0.346671 -0.868136 -0.355188
vn -0.733686 -0.137331 -0.665466
vn 0.112580 0.479951 -0.870042
vn -0.268457 0.796612 0.541609
vn 0.623782 0.754147 0.205324
vn -0.611861 -0.766040 -0.197000
vn 0.581435 -0.763834 0.280161
vn -0.629216 -0.358586 0.689567
vn 0.039709 0.447696 0.893304
vn -0.499414 0.724908 -0.474440
vn 0.027448 -0.210019 0.977312
vn -0.009073 0.206286 -0.978450
vn 0.980754 -0.028626 -0.193138
vn -0.053311 -0.724170 -0.687558
vn -0.026543 -0.933068 0.358720
vn -0.946123 0.238690 0.218812
vn 0.025264 -0.202015 0.979056
vn -0.006888 0.198274 -0.980122
vn 0.981182 -0.030196 -0.190708
vn -0.051783 -0.729774 -0.681725
vn -0.027351 -0.930102 0.366281
vn -0.946607 0.240464 0.214739
vn 0.022229 -0.190159 0.981502
vn -0.003850 0.186407 -0.982465
vn 0.981768 -0.032485 -0.187284
vn -0.049687 -0.737966 -0.673006
vn -0.028503 -0.925602 0.377423
vn -0.947261 0.243026 0.208888
vn 0.027610 -0.208729 0.977584
vn -0.009235 0.204988 -0.978721
vn 0.980721 -0.028883 -0.193267
vn -0.053424 -0.725082 -0.686587
vn -0.026482 -0.932593 0.359957
vn -0.946087 0.238977 0.218653
vn 0.511981 0.854450 0.088270
vn -0.504096 -0.857230 -0.105089
vn 0.223299 -0.218024 -0.950054
vn 0.423775 -0.884311 0.195982
vn 0.956698 0.035699 0.288884
vn -0.396945 0.309805 0.863976
vn 0.783308 0.560566 0.268690
vn -0.775491 -0.575312 -0.260059
vn 0.341925 -0.894230 0.288861
vn -0.746211 -0.192716 0.637204
vn 0.094261 0.406342 0.908846
vn -0.259893 0.838470 -0.478981
vn 0.923376 -0.292066 0.249148
vn -0.930245 0.276440 -0.241300
vn -0.498402 -0.830770 0.247826
vn -0.604907 0.439181 0.664235
vn 0.383859 0.125203 0.914864
vn 0.503361 0.741917 -0.442930
vn 0.700749 -0.164844 0.694102
vn -0.707256 0.147426 -0.691415
vn -0.369735 -0.926402 -0.071249
vn -0.936161 0.244945 0.252199
vn -0.177217 0.069286 0.981730
vn 0.492663 0.865187 -0.093457
vn 0.960883 -0.163386 0.223627
vn -0.965380 0.147104 -0.215409
vn -0.376060 -0.885823 0.271839
vn -0.638308 0.364722 0.677894
vn 0.390317 0.188311 0.901217
vn 0.387104 0.795576 -0.466058
vn -0.368694 0.929090 0.029272
vn 0.376264 -0.925367 -0.046054
vn 0.340593 -0.002943 -0.940206
vn 0.952384 -0.190677 0.237922
vn 0.544305 0.795042 0.267657
vn -0.516157 -0.083418 0.852422
vn -0.368694 0.929090 0.029272
vn 0.376264 -0.925367 -0.046054
vn 0.340595 -0.002944 -0.940205
vn 0.952384 -0.190678 0.237922
vn 0.544305 0.795041 0.267658
vn -0.516156 -0.083420 0.852423
vn -0.117978 0.992639 0.027352
vn 0.126259 -0.991015 -0.044136
vn 0.329031 -0.091982 -0.939829
vn 0.871423 -0.428221 0.239268
vn 0.729912 0.629258 0.266952
vn -0.520818 0.053390 0.851996
vn -0.117978 0.992639 0.027353
vn 0.126260 -0.991015 -0.044136
vn 0.329032 -0.091981 -0.939828
vn 0.871423 -0.428220 0.239268
vn 0.729912 0.629258 0.266953
vn -0.520818 0.053389 0.851996
vn -0.020552 0.992395 -0.121369
vn 0.035699 -0.990562 0.132332
vn 0.711186 -0.056596 0.700722
vn 0.619885 -0.577467 -0.531295
vn 0.584656 0.482326 -0.652333
vn -0.844433 0.056162 -0.532708
vn 0.015472 0.999506 0.027355
vn -0.007047 -0.999001 -0.044136
vn 0.313821 -0.135043 -0.939830
vn 0.806523 -0.540622 0.239267
vn 0.807318 0.526283 0.266953
vn -0.509042 0.122380 0.851997
vn -0.598494 0.800660 0.027354
vn 0.604853 -0.795113 -0.044136
vn 0.330936 0.084860 -0.939830
vn 0.968785 0.064865 0.239267
vn 0.317489 0.909911 0.266952
vn -0.477737 -0.214171 0.851997
vn -0.598495 0.800660 0.027354
vn 0.604852 -0.795114 -0.044137
vn 0.330938 0.084860 -0.939829
vn 0.968785 0.064863 0.239267
vn 0.317487 0.909911 0.266953
vn -0.477738 -0.214172 0.851996
vn -0.486355 0.873333 0.027353
vn 0.493396 -0.868684 -0.044136
vn 0.339299 0.039960 -0.939829
vn 0.968780 -0.064934 0.239268
vn 0.436017 0.859433 0.266954
vn -0.502034 -0.148540 0.851996
vn -0.697477 0.716085 0.027353
vn 0.703061 -0.709758 -0.044138
vn 0.317103 0.127151 -0.939829
vn 0.952138 0.190222 0.239266
vn 0.196538 0.943456 0.266952
vn -0.445851 -0.274445 0.851996
vn -0.598496 0.800659 0.027353
vn 0.604853 -0.795113 -0.044136
vn 0.330937 0.084862 -0.939829
vn 0.968785 0.064865 0.239267
vn 0.317487 0.909911 0.266952
vn -0.477738 -0.214172 0.851996
vn -0.486357 0.873332 0.027354
vn 0.493398 -0.868683 -0.044136
vn 0.339297 0.039960 -0.939830
vn 0.968780 -0.064929 0.239268
vn 0.436015 0.859434 0.266953
vn -0.502034 -0.148540 0.851996
vn -0.876160 0.433608 -0.210543
vn 0.885039 -0.418205 0.204475
vn 0.602530 0.782932 -0.154838
vn 0.550708 -0.435348 -0.712175
vn -0.387505 0.028362 -0.921431
vn -0.598093 -0.716656 0.358732
vn -0.953777 0.216171 -0.208755
vn 0.951640 -0.232859 0.200396
vn 0.007583 -0.959466 -0.281722
vn 0.719933 0.101759 -0.686544
vn -0.301444 0.331615 -0.893959
vn -0.049498 0.878211 0.475706
vn -0.953776 0.216173 -0.208760
vn 0.951639 -0.232861 0.200397
vn 0.007580 -0.959465 -0.281726
vn 0.719933 0.101757 -0.686543
vn -0.301441 0.331615 -0.893960
vn -0.049499 0.878212 0.475703
vn -0.918599 0.394366 -0.025523
vn 0.921305 -0.386526 0.042378
vn 0.242569 0.230872 0.942262
vn 0.806957 0.542603 -0.233243
vn -0.179559 0.949010 -0.259110
vn -0.305191 -0.417004 -0.856135
vn -0.918609 0.394307 -0.026069
vn 0.921323 -0.386424 0.042904
vn 0.243050 0.233278 0.941546
vn 0.806845 0.541996 -0.235035
vn -0.179684 0.948346 -0.261446
vn -0.305625 -0.419193 -0.854910
vn -0.953776 0.216171 -0.208759
vn 0.951638 -0.232862 0.200399
vn 0.007582 -0.959465 -0.281726
vn 0.719935 0.101757 -0.686541
vn -0.301440 0.331615 -0.893961
vn -0.049499 0.878211 0.475705
vn -0.973783 0.090378 -0.208755
vn 0.973832 -0.107203 0.200396
vn 0.132214 -0.950342 -0.281726
vn 0.700601 0.194463 -0.686544
vn -0.341987 0.289625 -0.893959
vn -0.163219 0.864329 0.475705
vn -0.953777 0.216172 -0.208757
vn 0.951639 -0.232859 0.200398
vn 0.007583 -0.959466 -0.281723
vn 0.719933 0.101759 -0.686543
vn -0.301442 0.331615 -0.893960
vn -0.049499 0.878211 0.475705
vn -0.984555 0.076223 -0.157610
vn 0.984571 -0.058860 0.164789
vn 0.139352 0.839979 0.524419
vn 0.661856 0.404688 -0.631011
vn -0.391442 0.475230 -0.787991
vn -0.158956 -0.930193 -0.330870
vn -0.999365 0.014752 -0.032428
vn 0.998781 -0.005932 0.049003
vn 0.130627 0.336190 0.932691
vn 0.541788 0.800609 -0.255912
vn -0.524976 0.800679 -0.288640
vn -0.118385 -0.529259 -0.840161
vn -0.964372 -0.162503 -0.208758
vn 0.968736 0.146256 0.200399
vn 0.371631 -0.884602 -0.281726
vn 0.627249 0.367715 -0.686546
vn -0.404848 0.192180 -0.893960
vn -0.379527 0.793514 0.475705
vn -0.888510 -0.408620 -0.208759
vn 0.896964 0.394076 0.200398
vn 0.589674 -0.756912 -0.281725
vn 0.509507 0.518709 -0.686544
vn -0.440978 0.079830 -0.893961
vn -0.573514 0.666924 0.475704
vn -0.964371 -0.162507 -0.208758
vn 0.968736 0.146258 0.200397
vn 0.371637 -0.884600 -0.281725
vn 0.627251 0.367717 -0.686543
vn -0.404848 0.192180 -0.893960
vn -0.379528 0.793514 0.475705
vn -0.828482 -0.519652 -0.208756
vn 0.838740 0.506316 0.200398
vn 0.682247 -0.674663 -0.281724
vn 0.438458 0.580012 -0.686543
vn -0.447588 0.022371 -0.893960
vn -0.654633 0.587503 0.475705
vn -0.934476 -0.289783 -0.206833
vn 0.940952 0.274259 0.198475
vn 0.485762 -0.827276 -0.282223
vn 0.571297 0.447742 -0.687857
vn -0.428564 0.136010 -0.893215
vn -0.481070 0.736044 0.476246
vn -0.949355 -0.166148 0.266683
vn 0.950082 0.148927 -0.274161
vn 0.237087 -0.919600 -0.313252
vn 0.240001 0.269466 -0.932624
vn -0.768799 0.091965 -0.632843
vn -0.154062 0.852634 0.499280
vn -0.872391 -0.487433 -0.036638
vn 0.867255 0.495032 0.053029
vn -0.067365 0.370635 0.926333
vn 0.072401 0.960234 -0.269644
vn -0.851013 0.426381 -0.306553
vn 0.173240 -0.530277 -0.829937
vn -0.753918 -0.622919 -0.208757
vn 0.765822 0.611030 0.200396
vn 0.764145 -0.580269 -0.281726
vn 0.359356 0.632078 -0.686543
vn -0.446700 -0.035990 -0.893959
vn -0.725437 0.497439 0.475705
vn -0.828483 -0.519651 -0.208758
vn 0.838740 0.506316 0.200396
vn 0.682246 -0.674663 -0.281727
vn 0.438456 0.580009 -0.686547
vn -0.447587 0.022371 -0.893961
vn -0.654632 0.587505 0.475705
vn -0.964372 -0.162504 -0.208758
vn 0.968736 0.146257 0.200397
vn 0.371634 -0.884601 -0.281727
vn 0.627249 0.367715 -0.686545
vn -0.404848 0.192181 -0.893960
vn -0.379525 0.793515 0.475705
vn -0.977313 -0.035790 -0.208757
vn 0.979528 0.019116 0.200396
vn 0.253511 -0.925399 -0.281725
vn 0.669716 0.283077 -0.686548
vn -0.376439 0.243166 -0.893960
vn -0.273179 0.836110 0.475703
vn -0.989004 0.145039 -0.028883
vn 0.989590 -0.136495 0.045606
vn 0.174240 0.300488 0.937735
vn 0.640972 0.727649 -0.244300
vn -0.416766 0.866892 -0.273505
vn -0.187100 -0.495048 -0.848482
vn -0.976570 -0.035592 -0.212236
vn 0.978816 0.018924 0.203865
vn 0.254505 -0.925132 -0.281707
vn 0.672133 0.283723 -0.683914
vn -0.373285 0.244011 -0.895052
vn -0.274855 0.835661 0.475526
vn -0.973015 0.090584 -0.212218
vn 0.973095 -0.107398 0.203844
vn 0.133246 -0.950067 -0.282168
vn 0.703100 0.195132 -0.683793
vn -0.338721 0.290498 -0.894918
vn -0.164949 0.863865 0.475950
vn -0.953777 0.216172 -0.208758
vn 0.951639 -0.232860 0.200399
vn 0.007583 -0.959465 -0.281724
vn 0.719934 0.101757 -0.686542
vn -0.301439 0.331615 -0.893961
vn -0.049496 0.878211 0.475705
vn -0.953776 0.216174 -0.208760
vn 0.951639 -0.232861 0.200399
vn 0.007580 -0.959465 -0.281727
vn 0.719932 0.101756 -0.686545
vn -0.301442 0.331614 -0.893960
vn -0.049499 0.878212 0.475704
vn -0.977312 -0.035790 -0.208759
vn 0.979528 0.019116 0.200398
vn 0.253511 -0.925398 -0.281727
vn 0.669718 0.283077 -0.686546
vn -0.376436 0.243167 -0.893960
vn -0.273179 0.836110 0.475703
vn -0.934081 -0.289677 -0.208759
vn 0.940573 0.274158 0.200397
vn 0.486294 -0.827132 -0.281726
vn 0.572599 0.448090 -0.686547
vn -0.426863 0.136464 -0.893960
vn -0.481975 0.735805 0.475702
vn -0.828482 -0.519650 -0.208760
vn 0.838739 0.506317 0.200398
vn 0.682246 -0.674663 -0.281727
vn 0.438456 0.580010 -0.686546
vn -0.447586 0.022371 -0.893961
vn -0.654634 0.587504 0.475703
vn -0.753918 -0.622919 -0.208757
vn 0.765821 0.611032 0.200397
vn 0.764144 -0.580270 -0.281727
vn 0.359354 0.632075 -0.686546
vn -0.446700 -0.035992 -0.893960
vn -0.725437 0.497439 0.475705
vn -0.874278 -0.485276 -0.012072
vn 0.870449 0.491379 0.029420
vn 0.005598 0.287197 0.957855
vn 0.054656 0.980528 -0.188619
vn -0.870674 0.448864 -0.201119
vn 0.106852 -0.454361 -0.884386
vn -0.664099 -0.717909 -0.208757
vn 0.677482 0.707714 0.200396
vn 0.834711 -0.473168 -0.281727
vn 0.271840 0.674357 -0.686546
vn -0.437908 -0.095249 -0.893960
vn -0.785302 0.396238 0.475705
vn -0.874351 -0.485192 -0.009931
vn 0.870638 0.491164 0.027350
vn 0.012028 0.279847 0.959969
vn 0.053414 0.981947 -0.181458
vn -0.871991 0.450369 -0.191831
vn 0.100908 -0.447565 -0.888540
vn -0.874311 -0.485173 -0.013687
vn 0.870537 0.491120 0.031101
vn 0.008660 0.278476 0.960404
vn 0.054049 0.982204 -0.179871
vn -0.871313 0.450647 -0.194245
vn 0.104022 -0.446297 -0.888818
vn 0.817003 0.576578 -0.008010
vn -0.734902 0.665220 -0.131916
vn -0.841046 -0.480905 -0.247734
vn -0.550348 -0.519691 0.653481
vn 0.425110 0.083345 0.901296
vn 0.502338 -0.742309 -0.443434
vn 0.884459 0.466550 -0.008025
vn -0.643079 0.754269 -0.132395
vn -0.895922 -0.368694 -0.247766
vn -0.612839 -0.444194 0.653544
vn 0.432105 0.028301 0.901379
vn 0.402649 -0.801023 -0.442986
vn 0.817003 0.576578 -0.008011
vn -0.734902 0.665220 -0.131915
vn -0.841045 -0.480909 -0.247731
vn -0.550345 -0.519692 0.653483
vn 0.425109 0.083345 0.901297
vn 0.502340 -0.742310 -0.443431
vn 0.817024 0.576586 -0.004469
vn -0.734417 0.665349 -0.133946
vn -0.840134 -0.480665 -0.251267
vn -0.552724 -0.520330 0.650963
vn 0.421820 0.082466 0.902922
vn 0.503957 -0.741876 -0.442321
vn 0.817024 0.576586 -0.004468
vn -0.734416 0.665350 -0.133945
vn -0.840135 -0.480665 -0.251267
vn -0.552724 -0.520330 0.650963
vn 0.421819 0.082465 0.902922
vn 0.503957 -0.741876 -0.442321
vn 0.817024 0.576587 -0.004471
vn -0.734420 0.665347 -0.133947
vn -0.840134 -0.480666 -0.251267
vn -0.552723 -0.520331 0.650963
vn 0.421821 0.082465 0.902921
vn 0.503955 -0.741876 -0.442323
vn 0.817024 0.576586 -0.004471
vn -0.734417 0.665349 -0.133948
vn -0.840134 -0.480666 -0.251268
vn -0.552723 -0.520330 0.650963
vn 0.421821 0.082466 0.902921
vn 0.503958 -0.741875 -0.442322
vn 0.884480 0.466557 -0.004468
vn -0.642611 0.754393 -0.133947
vn -0.895043 -0.368459 -0.251269
vn -0.615138 -0.444810 0.650961
vn 0.428927 0.027451 0.902922
vn 0.404210 -0.800604 -0.442321
vn 0.817025 0.576585 -0.004468
vn -0.734416 0.665350 -0.133945
vn -0.840134 -0.480666 -0.251267
vn -0.552724 -0.520329 0.650964
vn 0.421820 0.082466 0.902921
vn 0.503958 -0.741876 -0.442320
vn 0.817024 0.576586 -0.004466
vn -0.734417 0.665350 -0.133944
vn -0.840134 -0.480665 -0.251268
vn -0.552725 -0.520329 0.650963
vn 0.421819 0.082466 0.902922
vn 0.503958 -0.741875 -0.442322
vn 0.735156 0.677883 -0.004468
vn -0.814664 0.564253 -0.133946
vn -0.770538 -0.585777 -0.251270
vn -0.480412 -0.587754 0.650961
vn 0.407523 0.136589 0.902922
vn 0.596100 -0.670086 -0.442323
vn 0.638176 0.769877 -0.004469
vn -0.882642 0.450557 -0.133946
vn -0.685525 -0.683315 -0.251269
vn -0.397727 -0.646577 0.650961
vn 0.385667 0.189722 0.902921
vn 0.680148 -0.584593 -0.442323
vn 0.817025 0.576586 -0.004469
vn -0.734418 0.665349 -0.133945
vn -0.840134 -0.480666 -0.251266
vn -0.552723 -0.520330 0.650964
vn 0.421821 0.082466 0.902921
vn 0.503957 -0.741876 -0.442320
vn 0.846299 0.532691 -0.004364
vn 0.332306 -0.934139 -0.130218
vn -0.766076 -0.591711 -0.251008
vn -0.694184 -0.308220 0.650468
vn 0.236293 0.360647 0.902275
vn -0.490283 0.748927 -0.445792
vn 0.884479 0.466558 -0.004475
vn -0.642611 0.754392 -0.133954
vn -0.895043 -0.368456 -0.251273
vn -0.615140 -0.444809 0.650959
vn 0.428932 0.027454 0.902919
vn 0.404207 -0.800602 -0.442327
vn 0.817024 0.576587 -0.004474
vn -0.734420 0.665346 -0.133950
vn -0.840134 -0.480663 -0.251271
vn -0.552726 -0.520330 0.650961
vn 0.421824 0.082468 0.902920
vn 0.503953 -0.741875 -0.442328
vn 0.638175 0.769878 -0.004475
vn -0.882643 0.450553 -0.133952
vn -0.685525 -0.683314 -0.251272
vn -0.397728 -0.646577 0.650961
vn 0.385669 0.189727 0.902919
vn 0.680146 -0.584593 -0.442326
vn 0.532704 0.846290 -0.004475
vn -0.933714 0.332019 -0.133950
vn -0.590900 -0.766617 -0.251267
vn -0.310317 -0.692783 0.650964
vn 0.357740 0.238241 0.902919
vn 0.750357 -0.491238 -0.442323
vn 0.550796 0.834224 -0.026348
vn -0.250404 -0.123689 -0.960208
vn -0.745155 -0.663741 -0.064747
vn 0.126866 -0.984350 0.122315
vn 0.972102 -0.171492 0.160026
vn -0.359279 0.248798 0.899454
vn 0.550735 0.834265 -0.026332
vn -0.252747 -0.122127 -0.959794
vn -0.745314 -0.663634 -0.064008
vn 0.127156 -0.984547 0.120407
vn 0.972488 -0.171754 0.157380
vn -0.357083 0.247334 0.900732
vn 0.550734 0.834265 -0.026331
vn -0.252742 -0.122128 -0.959795
vn -0.745310 -0.663638 -0.064008
vn 0.127162 -0.984547 0.120407
vn 0.972488 -0.171752 0.157380
vn -0.357081 0.247331 0.900733
vn 0.550731 0.834267 -0.026332
vn -0.252864 -0.122046 -0.959773
vn -0.745320 -0.663631 -0.063971
vn 0.127173 -0.984557 0.120309
vn 0.972507 -0.171767 0.157244
vn -0.356969 0.247257 0.900798
vn 0.550734 0.834265 -0.026331
vn -0.252741 -0.122129 -0.959795
vn -0.745308 -0.663641 -0.064007
vn 0.127164 -0.984546 0.120408
vn 0.972488 -0.171753 0.157380
vn -0.357080 0.247330 0.900734
vn 0.550729 0.834268 -0.026330
vn -0.252859 -0.122051 -0.959774
vn -0.745318 -0.663633 -0.063972
vn 0.127175 -0.984556 0.120313
vn 0.972507 -0.171765 0.157250
vn -0.356975 0.247259 0.900795
vn 0.550734 0.834266 -0.026332
vn -0.252752 -0.122125 -0.959793
vn -0.745313 -0.663635 -0.064006
vn 0.127158 -0.984548 0.120402
vn 0.972489 -0.171754 0.157374
vn -0.357079 0.247328 0.900735
vn 0.550734 0.834265 -0.026330
vn -0.252741 -0.122128 -0.959795
vn -0.745309 -0.663639 -0.064008
vn 0.127164 -0.984546 0.120407
vn 0.972488 -0.171752 0.157380
vn -0.357082 0.247330 0.900733
vn 0.550731 0.834267 -0.026331
vn -0.252861 -0.122052 -0.959773
vn -0.745317 -0.663634 -0.063972
vn 0.127176 -0.984556 0.120313
vn 0.972507 -0.171766 0.157249
vn -0.356973 0.247257 0.900797
vn 0.550733 0.834266 -0.026331
vn -0.252751 -0.122124 -0.959793
vn -0.745313 -0.663635 -0.064008
vn 0.127157 -0.984548 0.120401
vn 0.972488 -0.171754 0.157375
vn -0.357081 0.247327 0.900734
vn 0.550731 0.834268 -0.026331
vn -0.252859 -0.122051 -0.959774
vn -0.745316 -0.663636 -0.063971
vn 0.127176 -0.984556 0.120314
vn 0.972507 -0.171765 0.157250
vn -0.356970 0.247258 0.900797
vn 0.550733 0.834266 -0.026331
vn -0.252743 -0.122127 -0.959795
vn -0.745309 -0.663639 -0.064007
vn 0.127163 -0.984546 0.120408
vn 0.972488 -0.171750 0.157380
vn -0.357079 0.247333 0.900733
vn 0.550730 0.834268 -0.026331
vn -0.252864 -0.122047 -0.959773
vn -0.745320 -0.663631 -0.063971
vn 0.127173 -0.984557 0.120309
vn 0.972508 -0.171765 0.157245
vn -0.356970 0.247259 0.900797
vn 0.550733 0.834266 -0.026331
vn -0.252845 -0.122061 -0.959776
vn -0.745320 -0.663631 -0.063976
vn 0.127170 -0.984555 0.120326
vn 0.972504 -0.171765 0.157267
vn -0.356988 0.247272 0.900786
vn 0.550732 0.834267 -0.026331
vn -0.252743 -0.122127 -0.959795
vn -0.745310 -0.663638 -0.064009
vn 0.127162 -0.984547 0.120406
vn 0.972488 -0.171750 0.157380
vn -0.357082 0.247332 0.900732
vn 0.550730 0.834268 -0.026331
vn -0.252864 -0.122047 -0.959773
vn -0.745319 -0.663632 -0.063971
vn 0.127173 -0.984557 0.120309
vn 0.972507 -0.171766 0.157245
vn -0.356969 0.247256 0.900798
vn 0.550733 0.834266 -0.026331
vn -0.252741 -0.122128 -0.959795
vn -0.745308 -0.663641 -0.064008
vn 0.127165 -0.984546 0.120407
vn 0.972488 -0.171751 0.157380
vn -0.357081 0.247330 0.900734
vn 0.550730 0.834268 -0.026331
vn -0.252859 -0.122052 -0.959774
vn -0.745316 -0.663635 -0.063971
vn 0.127177 -0.984556 0.120314
vn 0.972507 -0.171766 0.157250
vn -0.356974 0.247257 0.900796
vn 0.550733 0.834266 -0.026331
vn -0.252753 -0.122126 -0.959792
vn -0.745312 -0.663636 -0.064006
vn 0.127156 -0.984548 0.120403
vn 0.972488 -0.171754 0.157375
vn -0.357080 0.247327 0.900735
vn 0.550732 0.834267 -0.026331
vn -0.252743 -0.122127 -0.959795
vn -0.745311 -0.663638 -0.064009
vn 0.127162 -0.984547 0.120406
vn 0.972488 -0.171750 0.157380
vn -0.357083 0.247332 0.900732
vn 0.550730 0.834268 -0.026331
vn -0.252861 -0.122051 -0.959773
vn -0.745318 -0.663633 -0.063971
vn 0.127176 -0.984556 0.120314
vn 0.972507 -0.171765 0.157250
vn -0.356973 0.247258 0.900796
vn 0.550734 0.834265 -0.026332
vn -0.252751 -0.122125 -0.959793
vn -0.745313 -0.663636 -0.064007
vn 0.127158 -0.984548 0.120402
vn 0.972488 -0.171755 0.157374
vn -0.357079 0.247329 0.900735
vn 0.550730 0.834268 -0.026332
vn -0.252863 -0.122052 -0.959773
vn -0.745317 -0.663634 -0.063970
vn 0.127175 -0.984556 0.120314
vn 0.972507 -0.171766 0.157249
vn -0.356972 0.247257 0.900797
vn 0.550734 0.834265 -0.026331
vn -0.252741 -0.122128 -0.959795
vn -0.745309 -0.663640 -0.064008
vn 0.127163 -0.984546 0.120407
vn 0.972488 -0.171753 0.157380
vn -0.357081 0.247330 0.900734
vn 0.550732 0.834267 -0.026332
vn -0.252754 -0.122125 -0.959792
vn -0.745312 -0.663636 -0.064006
vn 0.127156 -0.984548 0.120403
vn 0.972489 -0.171753 0.157375
vn -0.357079 0.247326 0.900735
vn 0.550729 0.834269 -0.026331
vn -0.252860 -0.122052 -0.959774
vn -0.745317 -0.663634 -0.063972
vn 0.127176 -0.984556 0.120313
vn 0.972507 -0.171765 0.157250
vn -0.356975 0.247257 0.900796
vn 0.550733 0.834266 -0.026332
vn -0.252743 -0.122128 -0.959795
vn -0.745311 -0.663638 -0.064009
vn 0.127162 -0.984547 0.120406
vn 0.972488 -0.171751 0.157379
vn -0.357082 0.247332 0.900733
vn 0.550731 0.834267 -0.026331
vn -0.252866 -0.122048 -0.959773
vn -0.745319 -0.663631 -0.063971
vn 0.127172 -0.984557 0.120310
vn 0.972507 -0.171767 0.157245
vn -0.356969 0.247256 0.900798
vn 0.550734 0.834266 -0.026331
vn -0.252742 -0.122128 -0.959795
vn -0.745310 -0.663639 -0.064008
vn 0.127164 -0.984546 0.120407
vn 0.972488 -0.171752 0.157380
vn -0.357081 0.247332 0.900733
vn 0.550734 0.834265 -0.026332
vn -0.252741 -0.122129 -0.959795
vn -0.745309 -0.663640 -0.064008
vn 0.127163 -0.984546 0.120407
vn 0.972488 -0.171752 0.157380
vn -0.357081 0.247332 0.900733
vn 0.420288 0.907326 0.010849
vn -0.935964 0.192176 0.295026
vn -0.448277 -0.856158 0.256987
vn -0.318871 -0.675927 -0.664413
vn 0.184989 0.353076 -0.917124
vn 0.862876 -0.418548 0.283304
vn 0.420287 0.907326 0.010849
vn -0.935970 0.192178 0.295005
vn -0.448283 -0.856155 0.256984
vn -0.318856 -0.675935 -0.664412
vn 0.185009 0.353066 -0.917124
vn 0.862870 -0.418546 0.283326
vn 0.420288 0.907326 0.010850
vn -0.935963 0.192172 0.295030
vn -0.448277 -0.856157 0.256989
vn -0.318872 -0.675929 -0.664410
vn 0.184988 0.353076 -0.917124
vn 0.862875 -0.418551 0.283305
vn 0.420283 0.907329 0.010839
vn -0.936161 0.192273 0.294337
vn -0.448452 -0.856071 0.256971
vn -0.318422 -0.676150 -0.664400
vn 0.185614 0.352774 -0.917114
vn 0.862683 -0.418454 0.284033
vn 0.420287 0.907326 0.010849
vn -0.935969 0.192177 0.295007
vn -0.448283 -0.856155 0.256986
vn -0.318856 -0.675936 -0.664410
vn 0.185009 0.353065 -0.917124
vn 0.862870 -0.418547 0.283326
vn 0.318438 0.947520 0.028335
vn -0.205449 -0.187436 0.960551
vn -0.549571 -0.832965 0.064359
vn 0.374563 -0.918368 -0.127683
vn 0.982742 0.084296 -0.164658
vn -0.415609 0.151683 -0.896806
vn 0.569040 0.687004 0.451905
vn -0.676513 0.560460 -0.477718
vn -0.475996 -0.561306 -0.677025
vn -0.692021 -0.681554 0.237888
vn -0.128582 0.019282 0.991511
vn 0.795674 -0.590389 -0.135436
vn 0.456016 0.723432 0.518359
vn -0.635326 0.514687 -0.575724
vn -0.339976 -0.593159 -0.729780
vn -0.675445 -0.722591 0.147091
vn -0.268497 0.015659 0.963153
vn 0.841642 -0.539853 -0.014067
vn 0.275438 0.821443 0.499364
vn -0.343190 -0.591293 0.729790
vn -0.522077 -0.752360 -0.401735
vn 0.423069 -0.776154 -0.467544
vn 0.992614 0.113247 0.043501
vn -0.278568 0.553475 -0.784898
vn 0.284912 0.849226 0.444567
vn -0.328135 -0.547147 0.770038
vn -0.529585 -0.774376 -0.346238
vn 0.414064 -0.802558 -0.429479
vn 0.993220 0.115022 0.016850
vn -0.294584 0.506522 -0.810343
vn -0.026419 -0.003461 0.999645
vn -0.963000 -0.119119 -0.241748
vn -0.129232 0.226479 -0.965405
vn 0.290238 -0.595401 -0.749173
vn 0.393577 -0.829713 0.395819
vn 0.751786 0.659358 0.008114
vn -0.026631 -0.002513 0.999642
vn -0.962947 -0.119351 -0.241844
vn -0.129024 0.225556 -0.965649
vn 0.290399 -0.596115 -0.748542
vn 0.393494 -0.829339 0.396685
vn 0.751787 0.659362 0.007640
vn -0.026631 -0.002514 0.999642
vn -0.962947 -0.119353 -0.241843
vn -0.129024 0.225556 -0.965649
vn 0.290399 -0.596115 -0.748542
vn 0.393495 -0.829339 0.396684
vn 0.751787 0.659362 0.007641
vn 0.832056 -0.549537 0.075441
vn -0.165909 0.271648 0.947988
vn -0.665699 0.745985 0.018744
vn -0.978028 -0.130188 -0.162828
vn -0.164588 -0.975534 -0.145752
vn 0.288417 0.339319 -0.895365
vn 0.819360 -0.541069 0.189458
vn -0.254893 0.331001 0.908553
vn -0.662162 0.743626 -0.092527
vn -0.958388 -0.143286 -0.246906
vn -0.152886 -0.983338 -0.098351
vn 0.373681 0.282444 -0.883509
vn 0.831150 -0.548936 0.088652
vn -0.176341 0.278605 0.944078
vn -0.665834 0.746076 0.005911
vn -0.976178 -0.131421 -0.172644
vn -0.163014 -0.976586 -0.140382
vn 0.298285 0.332734 -0.894603
vn 0.925632 0.343507 0.158768
vn -0.513182 0.838746 -0.182069
vn -0.883149 -0.234122 -0.406491
vn -0.761453 -0.385517 0.521121
vn 0.280591 -0.068638 0.957370
vn 0.365112 -0.828087 -0.425400
vn 0.936050 0.347090 0.057774
vn -0.530340 0.833907 -0.152774
vn -0.918374 -0.244330 -0.311275
vn -0.705683 -0.371159 0.603533
vn 0.373570 -0.043399 0.926586
vn 0.323196 -0.839266 -0.437238
vn 0.936050 0.347092 0.057773
vn -0.530339 0.833907 -0.152773
vn -0.918375 -0.244330 -0.311273
vn -0.705682 -0.371159 0.603534
vn 0.373571 -0.043398 0.926586
vn 0.323196 -0.839266 -0.437238
vn 0.532064 0.844821 0.056441
vn -0.919712 0.337214 -0.201036
vn -0.569535 -0.759529 -0.314239
vn -0.362020 -0.705792 0.608933
vn 0.284506 0.217893 0.933584
vn 0.782946 -0.483559 -0.391363
vn 0.526733 0.835709 0.155380
vn -0.883521 0.355363 -0.305135
vn -0.529994 -0.740889 -0.412541
vn -0.442876 -0.722428 0.530999
vn 0.163363 0.181186 0.969786
vn 0.823192 -0.478953 -0.304892
vn -0.197629 0.977974 0.067147
vn -0.077012 -0.301483 0.950356
vn -0.059115 -0.997892 0.026789
vn 0.782496 -0.602626 -0.156658
vn 0.807747 0.570360 -0.149110
vn -0.442519 -0.042270 -0.895762
vn -0.026630 -0.002514 0.999642
vn -0.962947 -0.119352 -0.241843
vn -0.129023 0.225556 -0.965649
vn 0.290400 -0.596115 -0.748542
vn 0.393495 -0.829339 0.396685
vn 0.751788 0.659361 0.007642
vn -0.027998 -0.001619 0.999607
vn -0.962615 -0.119568 -0.243054
vn -0.127706 0.224695 -0.966025
vn 0.291421 -0.596781 -0.747614
vn 0.392952 -0.828983 0.397964
vn 0.751774 0.659372 0.008075
vn -0.026631 -0.002514 0.999642
vn -0.962947 -0.119353 -0.241843
vn -0.129024 0.225556 -0.965649
vn 0.290399 -0.596116 -0.748542
vn 0.393494 -0.829339 0.396686
vn 0.751787 0.659362 0.007641
vn -0.659746 0.747692 0.075446
vn 0.089242 -0.305540 0.947988
vn 0.447877 -0.893899 0.018738
vn 0.978100 -0.129637 -0.162832
vn 0.413545 0.898742 -0.145749
vn -0.366999 -0.252253 -0.895366
vn -0.028330 0.005578 0.999583
vn -0.962537 -0.121306 -0.242501
vn -0.127387 0.217743 -0.967657
vn 0.291661 -0.602146 -0.743205
vn 0.392811 -0.826098 0.404055
vn 0.751773 0.659412 0.003587
vn -0.025891 -0.000688 0.999665
vn -0.963127 -0.119789 -0.240907
vn -0.129739 0.223797 -0.965962
vn 0.289845 -0.597479 -0.747669
vn 0.393787 -0.828612 0.397911
vn 0.751791 0.659375 0.005891
vn -0.022375 -0.003525 0.999743
vn -0.963968 -0.119110 -0.237865
vn -0.133137 0.226538 -0.964860
vn 0.287208 -0.595349 -0.750381
vn 0.395182 -0.829737 0.394168
vn 0.751808 0.659362 0.005107
vn 0.998601 -0.038086 0.036689
vn -0.174091 0.976053 -0.130430
vn -0.948141 0.131170 -0.289522
vn -0.781516 -0.084939 0.618076
vn 0.347387 -0.200722 0.915987
vn -0.031333 -0.890466 -0.453969
vn -0.026631 -0.002514 0.999642
vn -0.962947 -0.119351 -0.241844
vn -0.129023 0.225556 -0.965649
vn 0.290399 -0.596115 -0.748542
vn 0.393494 -0.829339 0.396685
vn 0.751787 0.659361 0.007641
vn -0.026631 -0.002514 0.999642
vn -0.962947 -0.119353 -0.241843
vn -0.129022 0.225555 -0.965649
vn 0.290401 -0.596115 -0.748541
vn 0.393494 -0.829339 0.396686
vn 0.751788 0.659361 0.007644
vn 0.143155 0.497559 0.855536
vn -0.992737 -0.119120 -0.016856
vn -0.285047 -0.271831 -0.919160
vn 0.143990 -0.916621 -0.372926
vn 0.433738 -0.559333 0.706412
vn 0.758790 0.490451 -0.428597
vn 0.884480 0.466557 -0.004473
vn -0.642610 0.754393 -0.133952
vn -0.895043 -0.368458 -0.251272
vn -0.615138 -0.444810 0.650960
vn 0.428931 0.027453 0.902920
vn 0.404210 -0.800602 -0.442325
vn 0.937614 0.347648 -0.004474
vn -0.539114 0.831513 -0.133951
vn -0.935339 -0.249007 -0.251270
vn -0.667730 -0.361089 0.650962
vn 0.428861 -0.028525 0.902920
vn 0.296730 -0.846345 -0.442326
vn 0.817023 0.576587 -0.004472
vn -0.734419 0.665346 -0.133952
vn -0.840134 -0.480664 -0.251273
vn -0.552727 -0.520330 0.650960
vn 0.421822 0.082469 0.902920
vn 0.503955 -0.741874 -0.442326
vn 0.884480 0.466557 -0.004474
vn -0.642612 0.754392 -0.133953
vn -0.895043 -0.368459 -0.251270
vn -0.615137 -0.444811 0.650961
vn 0.428932 0.027453 0.902920
vn 0.404209 -0.800602 -0.442325
vn 0.817025 0.576586 -0.004467
vn -0.734417 0.665351 -0.133944
vn -0.840134 -0.480666 -0.251266
vn -0.552723 -0.520329 0.650964
vn 0.421821 0.082466 0.902921
vn 0.503960 -0.741875 -0.442319
vn 0.318461 0.947569 0.026371
vn -0.204846 -0.185654 0.961026
vn -0.549535 -0.832840 0.066252
vn 0.374476 -0.918606 -0.126215
vn 0.982638 0.083985 -0.165438
vn -0.416176 0.150018 -0.896823
vn 0.189227 0.981579 0.026372
vn -0.178245 -0.211317 0.961028
vn -0.433535 -0.898698 0.066251
vn 0.493660 -0.860447 -0.126218
vn 0.962655 0.214301 -0.165438
vn -0.432466 0.093169 -0.896823
vn -0.068966 0.997270 0.026373
vn -0.118058 -0.249980 0.961027
vn -0.188429 -0.979850 0.066251
vn 0.697910 -0.704976 -0.126217
vn 0.875441 0.454130 -0.165438
vn -0.441894 -0.020914 -0.896823
vn -0.884481 0.466555 0.004473
vn 0.642610 0.754393 0.133951
vn 0.895044 -0.368456 0.251270
vn 0.615138 -0.444808 -0.650962
vn -0.428931 0.027452 -0.902920
vn -0.404205 -0.800605 0.442324
vn -0.937615 0.347646 0.004475
vn 0.539112 0.831514 0.133952
vn 0.935339 -0.249004 0.251271
vn 0.667731 -0.361087 -0.650962
vn -0.428864 -0.028525 -0.902919
vn -0.296729 -0.846344 0.442327
vn -0.884480 0.466557 0.004476
vn 0.642611 0.754392 0.133954
vn 0.895043 -0.368456 0.251273
vn 0.615140 -0.444809 -0.650959
vn -0.428933 0.027454 -0.902919
vn -0.404207 -0.800602 0.442328
vn -0.796935 0.299642 0.524508
vn 0.403752 0.866647 -0.293099
vn 0.930499 -0.162715 -0.328170
vn 0.206936 -0.425966 -0.880756
vn -0.864541 -0.188495 -0.465873
vn 0.127099 -0.780424 0.612197
vn -0.792142 0.420705 0.442174
vn 0.521006 0.794883 -0.310989
vn 0.926371 -0.286564 -0.244373
vn 0.218266 -0.504453 -0.835396
vn -0.845288 -0.122310 -0.520123
vn -0.007735 -0.746831 0.664969
vn -0.828535 0.190731 0.526452
vn 0.330024 0.917288 -0.222862
vn 0.946329 -0.057072 -0.318126
vn 0.257750 -0.342207 -0.903581
vn -0.836979 -0.229347 -0.496856
vn 0.185984 -0.808150 0.558842
vn -0.858391 -0.028764 0.512189
vn 0.163080 0.982231 -0.092885
vn 0.946509 0.152826 -0.284192
vn 0.330929 -0.170667 -0.928094
vn -0.773127 -0.306805 -0.555108
vn 0.318874 -0.828417 0.460483
vn -0.639689 0.553429 0.533399
vn 0.437944 -0.560890 0.702572
vn 0.484967 -0.757860 -0.436411
vn 0.864358 0.108910 -0.490941
vn 0.274022 0.959821 0.060459
vn -0.641041 -0.027032 -0.767031
vn -0.493257 0.731556 0.470663
vn 0.247054 -0.611855 0.751397
vn 0.286611 -0.882615 -0.372619
vn 0.881724 -0.148854 -0.447666
vn 0.513275 0.857719 0.029444
vn -0.594326 0.093961 -0.798716
vn -0.326899 0.944635 0.028334
vn -0.048103 -0.273914 0.960550
vn 0.073937 -0.995184 0.064358
vn 0.857665 -0.498105 -0.127681
vn 0.726428 0.667226 -0.164657
vn -0.421677 -0.133884 -0.896808
vn -0.446894 0.894138 0.028334
vn -0.012096 -0.277842 0.960551
vn 0.202647 -0.977135 0.064359
vn 0.915126 -0.382416 -0.127681
vn 0.633553 0.755975 -0.164658
vn -0.400701 -0.187552 -0.896807
vn -0.197993 0.979849 0.026372
vn -0.084569 -0.263204 0.961026
vn -0.059483 -0.996028 0.066251
vn 0.783614 -0.608292 -0.126217
vn 0.808994 0.564056 -0.165437
vn -0.435428 -0.078168 -0.896823
vn -0.326916 0.944685 0.026372
vn -0.048708 -0.272130 0.961027
vn 0.073894 -0.995063 0.066252
vn 0.857744 -0.498341 -0.126217
vn 0.726532 0.666919 -0.165439
vn -0.421114 -0.135548 -0.896822
vn -0.446916 0.894187 0.026373
vn -0.012930 -0.276155 0.961026
vn 0.202587 -0.977021 0.066251
vn 0.915235 -0.382641 -0.126216
vn 0.633697 0.755684 -0.165437
vn -0.399924 -0.189126 -0.896823
vn -0.326917 0.944685 0.026371
vn -0.048709 -0.272128 0.961027
vn 0.073893 -0.995063 0.066252
vn 0.857744 -0.498342 -0.126216
vn 0.726531 0.666921 -0.165439
vn -0.421115 -0.135546 -0.896822
vn -0.197995 0.979848 0.026372
vn -0.084571 -0.263204 0.961026
vn -0.059484 -0.996028 0.066249
vn 0.783614 -0.608292 -0.126218
vn 0.808993 0.564057 -0.165438
vn -0.435429 -0.078165 -0.896823
vn -0.326916 0.944685 0.026372
vn -0.048711 -0.272131 0.961027
vn 0.073894 -0.995063 0.066250
vn 0.857744 -0.498341 -0.126218
vn 0.726532 0.666920 -0.165438
vn -0.421114 -0.135543 -0.896823
vn -0.197994 0.979848 0.026372
vn -0.084571 -0.263203 0.961026
vn -0.059485 -0.996028 0.066250
vn 0.783614 -0.608292 -0.126217
vn 0.808994 0.564056 -0.165437
vn -0.435427 -0.078167 -0.896824
vn -0.197994 0.979848 0.026373
vn -0.084569 -0.263202 0.961027
vn -0.059482 -0.996029 0.066250
vn 0.783615 -0.608290 -0.126218
vn 0.808994 0.564057 -0.165437
vn -0.435428 -0.078167 -0.896824
vn -0.197994 0.979848 0.026372
vn -0.084569 -0.263202 0.961027
vn -0.059483 -0.996028 0.066251
vn 0.783615 -0.608291 -0.126217
vn 0.808993 0.564058 -0.165437
vn -0.435429 -0.078167 -0.896823
vn -0.197991 0.979849 0.026372
vn -0.084568 -0.263200 0.961028
vn -0.059486 -0.996028 0.066250
vn 0.783613 -0.608293 -0.126218
vn 0.808995 0.564054 -0.165439
vn -0.435429 -0.078168 -0.896823
vn -0.197993 0.979848 0.026373
vn -0.084570 -0.263204 0.961026
vn -0.059484 -0.996028 0.066250
vn 0.783614 -0.608291 -0.126218
vn 0.808994 0.564056 -0.165437
vn -0.435427 -0.078167 -0.896824
vn -0.326917 0.944685 0.026373
vn -0.048709 -0.272131 0.961027
vn 0.073894 -0.995063 0.066251
vn 0.857744 -0.498341 -0.126217
vn 0.726531 0.666920 -0.165438
vn -0.421114 -0.135547 -0.896822
vn -0.193579 0.957473 0.213944
vn -0.050396 -0.436324 0.898377
vn -0.060411 -0.991343 -0.116577
vn 0.776426 -0.571891 -0.264769
vn 0.804337 0.587642 -0.087860
vn -0.468077 0.087202 -0.879375
vn 0.060058 0.997846 0.026373
vn -0.149274 -0.232691 0.961026
vn -0.313071 -0.947416 0.066253
vn 0.601290 -0.788999 -0.126216
vn 0.926641 0.337590 -0.165438
vn -0.440911 0.036178 -0.896821
vn 0.060060 0.997846 0.026373
vn -0.149273 -0.232694 0.961026
vn -0.313069 -0.947417 0.066253
vn 0.601291 -0.788998 -0.126216
vn 0.926642 0.337587 -0.165437
vn -0.440911 0.036174 -0.896822
vn 0.049753 0.998513 -0.022289
vn -0.526959 -0.208273 -0.823976
vn -0.318313 -0.947080 0.041417
vn 0.596518 -0.788682 -0.148817
vn 0.916106 0.338277 -0.215219
vn -0.039741 0.010223 0.999158
vn 0.049752 0.998513 -0.022288
vn -0.526961 -0.208272 -0.823975
vn -0.318313 -0.947080 0.041419
vn 0.596518 -0.788683 -0.148815
vn 0.916106 0.338277 -0.215217
vn -0.039741 0.010225 0.999158
vn 0.049753 0.998513 -0.022288
vn -0.526958 -0.208270 -0.823977
vn -0.318312 -0.947081 0.041418
vn 0.596520 -0.788681 -0.148815
vn 0.916106 0.338276 -0.215217
vn -0.039740 0.010225 0.999158
vn 0.049751 0.998513 -0.022287
vn -0.527075 -0.208262 -0.823905
vn -0.318311 -0.947080 0.041455
vn 0.596497 -0.788682 -0.148905
vn 0.916076 0.338278 -0.215342
vn -0.039601 0.010218 0.999163
vn 0.049752 0.998513 -0.022289
vn -0.526960 -0.208272 -0.823976
vn -0.318315 -0.947080 0.041418
vn 0.596517 -0.788683 -0.148815
vn 0.916106 0.338277 -0.215217
vn -0.039743 0.010225 0.999158
vn 0.049753 0.998513 -0.022288
vn -0.526960 -0.208267 -0.823977
vn -0.318311 -0.947081 0.041420
vn 0.596521 -0.788681 -0.148814
vn 0.916106 0.338278 -0.215216
vn -0.039738 0.010231 0.999158
vn 0.049744 0.998513 -0.022289
vn -0.527219 -0.208254 -0.823814
vn -0.318305 -0.947080 0.041497
vn 0.596467 -0.788683 -0.149019
vn 0.916038 0.338280 -0.215500
vn -0.039430 0.010206 0.999170
vn 0.049751 0.998513 -0.022286
vn -0.527026 -0.208266 -0.823935
vn -0.318308 -0.947081 0.041440
vn 0.596508 -0.788680 -0.148868
vn 0.916088 0.338279 -0.215290
vn -0.039657 0.010221 0.999161
vn 0.049750 0.998513 -0.022288
vn -0.527004 -0.208263 -0.823950
vn -0.318306 -0.947082 0.041432
vn 0.596515 -0.788678 -0.148852
vn 0.916093 0.338280 -0.215268
vn -0.039681 0.010226 0.999160
vn 0.049754 0.998513 -0.022288
vn -0.526961 -0.208271 -0.823976
vn -0.318314 -0.947080 0.041419
vn 0.596519 -0.788682 -0.148815
vn 0.916106 0.338277 -0.215216
vn -0.039740 0.010227 0.999158
vn 0.049752 0.998513 -0.022288
vn -0.526959 -0.208267 -0.823977
vn -0.318312 -0.947081 0.041419
vn 0.596520 -0.788681 -0.148814
vn 0.916105 0.338279 -0.215217
vn -0.039741 0.010232 0.999158
vn 0.049752 0.998513 -0.022288
vn -0.527026 -0.208268 -0.823934
vn -0.318309 -0.947081 0.041440
vn 0.596507 -0.788681 -0.148868
vn 0.916089 0.338277 -0.215291
vn -0.039657 0.010219 0.999161
vn 0.049752 0.998513 -0.022289
vn -0.526960 -0.208268 -0.823977
vn -0.318314 -0.947080 0.041419
vn 0.596520 -0.788681 -0.148815
vn 0.916105 0.338279 -0.215218
vn -0.039742 0.010230 0.999158
vn 0.049748 0.998513 -0.022288
vn -0.527007 -0.208269 -0.823946
vn -0.318313 -0.947080 0.041433
vn 0.596509 -0.788683 -0.148851
vn 0.916093 0.338280 -0.215267
vn -0.039688 0.010221 0.999160
vn 0.049754 0.998513 -0.022289
vn -0.526960 -0.208272 -0.823976
vn -0.318315 -0.947080 0.041418
vn 0.596517 -0.788684 -0.148816
vn 0.916107 0.338275 -0.215217
vn -0.039741 0.010224 0.999158
vn 0.049752 0.998513 -0.022288
vn -0.527026 -0.208269 -0.823934
vn -0.318309 -0.947081 0.041440
vn 0.596507 -0.788681 -0.148868
vn 0.916089 0.338277 -0.215291
vn -0.039657 0.010219 0.999161
vn 0.049742 0.998513 -0.022287
vn -0.527219 -0.208249 -0.823816
vn -0.318301 -0.947081 0.041497
vn 0.596471 -0.788680 -0.149019
vn 0.916037 0.338284 -0.215500
vn -0.039427 0.010210 0.999170
vn 0.049753 0.998513 -0.022289
vn -0.526958 -0.208268 -0.823978
vn -0.318309 -0.947082 0.041420
vn 0.596523 -0.788679 -0.148814
vn 0.916106 0.338277 -0.215217
vn -0.039737 0.010231 0.999158
vn 0.049751 0.998513 -0.022289
vn -0.527004 -0.208268 -0.823949
vn -0.318309 -0.947081 0.041432
vn 0.596511 -0.788681 -0.148852
vn 0.916094 0.338278 -0.215268
vn -0.039683 0.010221 0.999160
vn 0.049750 0.998513 -0.022287
vn -0.527027 -0.208264 -0.823935
vn -0.318309 -0.947081 0.041440
vn 0.596508 -0.788680 -0.148868
vn 0.916087 0.338281 -0.215290
vn -0.039658 0.010224 0.999161
vn 0.049753 0.998513 -0.022288
vn -0.526960 -0.208268 -0.823976
vn -0.318314 -0.947080 0.041420
vn 0.596520 -0.788681 -0.148815
vn 0.916105 0.338279 -0.215217
vn -0.039740 0.010229 0.999158
vn 0.049754 0.998513 -0.022289
vn -0.526959 -0.208272 -0.823976
vn -0.318312 -0.947081 0.041418
vn 0.596519 -0.788682 -0.148815
vn 0.916107 0.338275 -0.215217
vn -0.039739 0.010224 0.999158
vn 0.049752 0.998513 -0.022288
vn -0.526961 -0.208273 -0.823975
vn -0.318313 -0.947080 0.041418
vn 0.596517 -0.788683 -0.148815
vn 0.916106 0.338276 -0.215217
vn -0.039741 0.010222 0.999158
vn 0.049749 0.998513 -0.022287
vn -0.527075 -0.208259 -0.823905
vn -0.318310 -0.947080 0.041455
vn 0.596498 -0.788681 -0.148905
vn 0.916075 0.338281 -0.215342
vn -0.039601 0.010220 0.999163
vn 0.049752 0.998513 -0.022288
vn -0.526961 -0.208267 -0.823976
vn -0.318313 -0.947080 0.041419
vn 0.596520 -0.788681 -0.148815
vn 0.916106 0.338278 -0.215217
vn -0.039740 0.010229 0.999158
vn 0.049754 0.998513 -0.022288
vn -0.526959 -0.208271 -0.823977
vn -0.318312 -0.947081 0.041418
vn 0.596520 -0.788682 -0.148815
vn 0.916106 0.338276 -0.215216
vn -0.039739 0.010226 0.999158
vn 0.049753 0.998513 -0.022287
vn -0.526960 -0.208270 -0.823976
vn -0.318312 -0.947081 0.041418
vn 0.596520 -0.788681 -0.148815
vn 0.916107 0.338276 -0.215216
vn -0.039739 0.010224 0.999158
vn 0.049743 0.998513 -0.022285
vn -0.527287 -0.208245 -0.823773
vn -0.318299 -0.947081 0.041520
vn 0.596458 -0.788680 -0.149071
vn 0.916020 0.338284 -0.215572
vn -0.039343 0.010206 0.999174
vn 0.049750 0.998513 -0.022288
vn -0.527006 -0.208267 -0.823948
vn -0.318311 -0.947080 0.041433
vn 0.596511 -0.788681 -0.148852
vn 0.916094 0.338278 -0.215267
vn -0.039684 0.010222 0.999160
vn 0.049754 0.998513 -0.022289
vn -0.526959 -0.208272 -0.823976
vn -0.318312 -0.947081 0.041418
vn 0.596519 -0.788682 -0.148815
vn 0.916107 0.338275 -0.215217
vn -0.039740 0.010224 0.999158
vn 0.049753 0.998513 -0.022287
vn -0.526959 -0.208265 -0.823978
vn -0.318310 -0.947082 0.041419
vn 0.596523 -0.788679 -0.148815
vn 0.916106 0.338279 -0.215216
vn -0.039736 0.010230 0.999158
vn 0.049750 0.998513 -0.022286
vn -0.527027 -0.208264 -0.823935
vn -0.318311 -0.947080 0.041440
vn 0.596506 -0.788682 -0.148868
vn 0.916087 0.338281 -0.215290
vn -0.039659 0.010224 0.999161
vn 0.049753 0.998513 -0.022287
vn -0.526963 -0.208272 -0.823974
vn -0.318314 -0.947080 0.041419
vn 0.596518 -0.788683 -0.148814
vn 0.916106 0.338277 -0.215216
vn -0.039740 0.010226 0.999158
vn 0.049751 0.998513 -0.022287
vn -0.527005 -0.208262 -0.823950
vn -0.318308 -0.947081 0.041433
vn 0.596514 -0.788679 -0.148852
vn 0.916093 0.338280 -0.215267
vn -0.039681 0.010227 0.999160
vn 0.049752 0.998513 -0.022288
vn -0.526962 -0.208267 -0.823976
vn -0.318313 -0.947080 0.041421
vn 0.596521 -0.788681 -0.148814
vn 0.916105 0.338279 -0.215217
vn -0.039738 0.010231 0.999158
vn 0.049751 0.998513 -0.022287
vn -0.527027 -0.208266 -0.823934
vn -0.318310 -0.947081 0.041440
vn 0.596507 -0.788681 -0.148868
vn 0.916088 0.338280 -0.215290
vn -0.039659 0.010222 0.999161
vn 0.049753 0.998513 -0.022287
vn -0.526962 -0.208272 -0.823974
vn -0.318313 -0.947080 0.041419
vn 0.596518 -0.788683 -0.148814
vn 0.916106 0.338276 -0.215216
vn -0.039739 0.010225 0.999158
vn 0.049753 0.998513 -0.022288
vn -0.526961 -0.208272 -0.823975
vn -0.318315 -0.947080 0.041418
vn 0.596516 -0.788684 -0.148815
vn 0.916106 0.338277 -0.215217
vn -0.039741 0.010225 0.999158
vn 0.049744 0.998513 -0.022286
vn -0.527262 -0.208250 -0.823788
vn -0.318299 -0.947081 0.041511
vn 0.596461 -0.788681 -0.149053
vn 0.916026 0.338283 -0.215547
vn -0.039372 0.010204 0.999173
vn 0.049752 0.998513 -0.022289
vn -0.526959 -0.208269 -0.823977
vn -0.318309 -0.947082 0.041420
vn 0.596523 -0.788679 -0.148814
vn 0.916106 0.338278 -0.215217
vn -0.039737 0.010230 0.999158
vn 0.049750 0.998513 -0.022286
vn -0.527029 -0.208265 -0.823933
vn -0.318310 -0.947080 0.041441
vn 0.596507 -0.788681 -0.148868
vn 0.916087 0.338281 -0.215290
vn -0.039658 0.010224 0.999161
vn 0.049753 0.998513 -0.022288
vn -0.526962 -0.208272 -0.823975
vn -0.318316 -0.947079 0.041418
vn 0.596516 -0.788684 -0.148815
vn 0.916106 0.338277 -0.215217
vn -0.039742 0.010226 0.999158
vn 0.049754 0.998513 -0.022288
vn -0.526960 -0.208271 -0.823976
vn -0.318314 -0.947080 0.041418
vn 0.596517 -0.788683 -0.148815
vn 0.916107 0.338276 -0.215216
vn -0.039740 0.010224 0.999158
vn 0.049751 0.998513 -0.022289
vn -0.527004 -0.208268 -0.823948
vn -0.318309 -0.947081 0.041433
vn 0.596513 -0.788680 -0.148851
vn 0.916094 0.338278 -0.215268
vn -0.039684 0.010222 0.999160
vn 0.049750 0.998513 -0.022286
vn -0.527029 -0.208265 -0.823934
vn -0.318311 -0.947080 0.041441
vn 0.596507 -0.788681 -0.148868
vn 0.916087 0.338282 -0.215290
vn -0.039659 0.010224 0.999161
vn 0.049752 0.998513 -0.022289
vn -0.526961 -0.208267 -0.823976
vn -0.318313 -0.947080 0.041420
vn 0.596520 -0.788681 -0.148815
vn 0.916105 0.338280 -0.215217
vn -0.039740 0.010231 0.999158
vn 0.049753 0.998513 -0.022288
vn -0.526961 -0.208272 -0.823975
vn -0.318313 -0.947080 0.041419
vn 0.596518 -0.788683 -0.148814
vn 0.916106 0.338277 -0.215216
vn -0.039741 0.010226 0.999158
vn 0.049753 0.998513 -0.022288
vn -0.526960 -0.208271 -0.823976
vn -0.318313 -0.947080 0.041419
vn 0.596519 -0.788682 -0.148815
vn 0.916106 0.338276 -0.215217
vn -0.039740 0.010226 0.999158
vn 0.049743 0.998513 -0.022285
vn -0.527286 -0.208247 -0.823773
vn -0.318300 -0.947080 0.041520
vn 0.596457 -0.788681 -0.149070
vn 0.916020 0.338284 -0.215571
vn -0.039345 0.010204 0.999174
vn 0.049749 0.998513 -0.022288
vn -0.527007 -0.208269 -0.823946
vn -0.318314 -0.947080 0.041433
vn 0.596509 -0.788683 -0.148851
vn 0.916094 0.338279 -0.215268
vn -0.039688 0.010220 0.999160
vn 0.049753 0.998513 -0.022288
vn -0.526961 -0.208272 -0.823975
vn -0.318313 -0.947081 0.041419
vn 0.596518 -0.788683 -0.148814
vn 0.916106 0.338277 -0.215216
vn -0.039740 0.010225 0.999158
vn 0.049752 0.998513 -0.022288
vn -0.526960 -0.208271 -0.823976
vn -0.318313 -0.947080 0.041419
vn 0.596519 -0.788682 -0.148815
vn 0.916106 0.338277 -0.215217
vn -0.039741 0.010226 0.999158
vn 0.049750 0.998513 -0.022286
vn -0.527030 -0.208265 -0.823932
vn -0.318314 -0.947079 0.041441
vn 0.596504 -0.788683 -0.148868
vn 0.916087 0.338281 -0.215290
vn -0.039660 0.010224 0.999161
vn 0.049754 0.998513 -0.022288
vn -0.526960 -0.208271 -0.823976
vn -0.318314 -0.947080 0.041418
vn 0.596517 -0.788683 -0.148815
vn 0.916107 0.338276 -0.215216
vn -0.039741 0.010225 0.999158
vn 0.049751 0.998513 -0.022287
vn -0.527005 -0.208263 -0.823949
vn -0.318308 -0.947081 0.041433
vn 0.596513 -0.788679 -0.148851
vn 0.916093 0.338280 -0.215267
vn -0.039681 0.010226 0.999160
vn 0.049751 0.998513 -0.022288
vn -0.526960 -0.208268 -0.823977
vn -0.318313 -0.947081 0.041420
vn 0.596520 -0.788681 -0.148814
vn 0.916105 0.338280 -0.215217
vn -0.039740 0.010230 0.999158
vn 0.049750 0.998513 -0.022287
vn -0.527029 -0.208265 -0.823933
vn -0.318313 -0.947080 0.041441
vn 0.596505 -0.788682 -0.148868
vn 0.916088 0.338280 -0.215290
vn -0.039660 0.010222 0.999161
vn 0.049755 0.998513 -0.022289
vn -0.526960 -0.208273 -0.823976
vn -0.318314 -0.947080 0.041418
vn 0.596517 -0.788683 -0.148815
vn 0.916107 0.338275 -0.215217
vn -0.039740 0.010224 0.999158
vn 0.049754 0.998513 -0.022288
vn -0.526960 -0.208271 -0.823976
vn -0.318313 -0.947081 0.041418
vn 0.596519 -0.788682 -0.148814
vn 0.916107 0.338276 -0.215216
vn -0.039739 0.010225 0.999158
vn 0.049744 0.998513 -0.022286
vn -0.527261 -0.208247 -0.823789
vn -0.318299 -0.947081 0.041511
vn 0.596462 -0.788680 -0.149054
vn 0.916026 0.338284 -0.215547
vn -0.039373 0.010208 0.999172
vn 0.049752 0.998513 -0.022288
vn -0.526961 -0.208271 -0.823975
vn -0.318315 -0.947080 0.041419
vn 0.596518 -0.788683 -0.148815
vn 0.916106 0.338278 -0.215216
vn -0.039742 0.010226 0.999158
vn 0.049751 0.998513 -0.022287
vn -0.527027 -0.208264 -0.823935
vn -0.318310 -0.947080 0.041440
vn 0.596507 -0.788681 -0.148868
vn 0.916088 0.338280 -0.215291
vn -0.039659 0.010224 0.999161
vn 0.049753 0.998513 -0.022288
vn -0.526961 -0.208271 -0.823976
vn -0.318313 -0.947080 0.041419
vn 0.596519 -0.788682 -0.148814
vn 0.916106 0.338277 -0.215216
vn -0.039741 0.010226 0.999158
vn 0.049752 0.998513 -0.022289
vn -0.526959 -0.208270 -0.823977
vn -0.318311 -0.947081 0.041420
vn 0.596521 -0.788680 -0.148814
vn 0.916105 0.338278 -0.215217
vn -0.039740 0.010230 0.999158
vn 0.049749 0.998513 -0.022289
vn -0.527005 -0.208269 -0.823947
vn -0.318310 -0.947081 0.041434
vn 0.596511 -0.788681 -0.148850
vn 0.916094 0.338278 -0.215267
vn -0.039685 0.010221 0.999160
vn 0.049751 0.998513 -0.022288
vn -0.527026 -0.208265 -0.823935
vn -0.318309 -0.947081 0.041439
vn 0.596508 -0.788680 -0.148869
vn 0.916088 0.338278 -0.215291
vn -0.039658 0.010222 0.999161
vn 0.049752 0.998513 -0.022288
vn -0.526961 -0.208267 -0.823977
vn -0.318313 -0.947080 0.041421
vn 0.596521 -0.788681 -0.148814
vn 0.916105 0.338279 -0.215216
vn -0.039740 0.010232 0.999158
vn 0.049752 0.998513 -0.022289
vn -0.526960 -0.208269 -0.823977
vn -0.318311 -0.947081 0.041420
vn 0.596521 -0.788680 -0.148815
vn 0.916105 0.338279 -0.215217
vn -0.039740 0.010232 0.999158
vn 0.049753 0.998513 -0.022288
vn -0.526960 -0.208274 -0.823975
vn -0.318312 -0.947081 0.041419
vn 0.596519 -0.788682 -0.148814
vn 0.916107 0.338275 -0.215217
vn -0.039740 0.010223 0.999158
vn 0.049741 0.998513 -0.022285
vn -0.527326 -0.208241 -0.823750
vn -0.318291 -0.947083 0.041533
vn 0.596456 -0.788674 -0.149106
vn 0.916008 0.338286 -0.215621
vn -0.039289 0.010206 0.999176
vn 0.049754 0.998513 -0.022289
vn -0.526959 -0.208269 -0.823977
vn -0.318311 -0.947081 0.041420
vn 0.596521 -0.788680 -0.148813
vn 0.916106 0.338276 -0.215216
vn -0.039737 0.010229 0.999158
vn 0.049752 0.998513 -0.022288
vn -0.526961 -0.208272 -0.823975
vn -0.318315 -0.947080 0.041418
vn 0.596517 -0.788683 -0.148815
vn 0.916106 0.338278 -0.215217
vn -0.039743 0.010226 0.999158
vn 0.049752 0.998513 -0.022288
vn -0.526960 -0.208273 -0.823975
vn -0.318312 -0.947081 0.041419
vn 0.596519 -0.788682 -0.148814
vn 0.916107 0.338276 -0.215217
vn -0.039741 0.010224 0.999158
vn 0.049752 0.998513 -0.022288
vn -0.527027 -0.208267 -0.823934
vn -0.318311 -0.947080 0.041440
vn 0.596506 -0.788682 -0.148869
vn 0.916088 0.338278 -0.215291
vn -0.039659 0.010220 0.999161
vn 0.049751 0.998513 -0.022288
vn -0.527005 -0.208265 -0.823949
vn -0.318307 -0.947082 0.041433
vn 0.596515 -0.788678 -0.148851
vn 0.916093 0.338279 -0.215267
vn -0.039681 0.010226 0.999160
vn 0.049753 0.998513 -0.022288
vn -0.526961 -0.208272 -0.823975
vn -0.318315 -0.947080 0.041418
vn 0.596517 -0.788683 -0.148816
vn 0.916106 0.338277 -0.215217
vn -0.039742 0.010226 0.999158
vn 0.049754 0.998513 -0.022287
vn -0.526960 -0.208271 -0.823976
vn -0.318314 -0.947080 0.041419
vn 0.596518 -0.788683 -0.148814
vn 0.916107 0.338276 -0.215216
vn -0.039741 0.010226 0.999158
vn 0.049750 0.998513 -0.022288
vn -0.527028 -0.208266 -0.823934
vn -0.318313 -0.947080 0.041440
vn 0.596505 -0.788683 -0.148868
vn 0.916087 0.338280 -0.215291
vn -0.039661 0.010223 0.999161
vn 0.049753 0.998513 -0.022289
vn -0.526958 -0.208270 -0.823977
vn -0.318309 -0.947082 0.041420
vn 0.596523 -0.788679 -0.148813
vn 0.916106 0.338278 -0.215216
vn -0.039738 0.010230 0.999158
vn 0.049750 0.998513 -0.022288
vn -0.527006 -0.208268 -0.823948
vn -0.318312 -0.947080 0.041433
vn 0.596510 -0.788682 -0.148852
vn 0.916094 0.338278 -0.215267
vn -0.039685 0.010220 0.999160
vn -0.068965 0.997270 0.026374
vn -0.118058 -0.249979 0.961027
vn -0.188431 -0.979849 0.066251
vn 0.697909 -0.704976 -0.126217
vn 0.875442 0.454128 -0.165437
vn -0.441895 -0.020916 -0.896823
vn -0.068967 0.997270 0.026372
vn -0.118059 -0.249977 0.961027
vn -0.188430 -0.979849 0.066251
vn 0.697910 -0.704976 -0.126218
vn 0.875440 0.454131 -0.165438
vn -0.441895 -0.020912 -0.896823
vn -0.068972 0.997270 0.026374
vn -0.118060 -0.249983 0.961026
vn -0.188426 -0.979850 0.066252
vn 0.697912 -0.704974 -0.126216
vn 0.875439 0.454134 -0.165437
vn -0.441895 -0.020920 -0.896823
vn 0.060053 0.997847 0.026372
vn -0.149277 -0.232691 0.961026
vn -0.313064 -0.947418 0.066251
vn 0.601296 -0.788994 -0.126216
vn 0.926639 0.337594 -0.165438
vn -0.440907 0.036175 -0.896824
vn 0.060055 0.997847 0.026371
vn -0.149271 -0.232689 0.961028
vn -0.313059 -0.947420 0.066252
vn 0.601300 -0.788992 -0.126216
vn 0.926640 0.337591 -0.165439
vn -0.440904 0.036172 -0.896825
vn 0.735157 0.677883 -0.004473
vn -0.814664 0.564252 -0.133952
vn -0.770538 -0.585776 -0.251273
vn -0.480413 -0.587753 0.650961
vn 0.407526 0.136592 0.902920
vn 0.596098 -0.670086 -0.442326
vn 0.735156 0.677883 -0.004476
vn -0.814662 0.564255 -0.133952
vn -0.770538 -0.585776 -0.251272
vn -0.480412 -0.587752 0.650962
vn 0.407529 0.136595 0.902919
vn 0.596101 -0.670082 -0.442327
vn 0.735156 0.677883 -0.004475
vn -0.814663 0.564252 -0.133953
vn -0.770538 -0.585776 -0.251273
vn -0.480414 -0.587752 0.650961
vn 0.407528 0.136594 0.902919
vn 0.596099 -0.670084 -0.442328
vn 0.638176 0.769877 -0.004474
vn -0.882641 0.450557 -0.133952
vn -0.685524 -0.683315 -0.251271
vn -0.397727 -0.646577 0.650962
vn 0.385669 0.189726 0.902919
vn 0.680149 -0.584591 -0.442325
vn 0.735156 0.677883 -0.004474
vn -0.814665 0.564251 -0.133950
vn -0.770538 -0.585777 -0.251272
vn -0.480413 -0.587753 0.650961
vn 0.407527 0.136594 0.902920
vn 0.596098 -0.670084 -0.442328
vn 0.817023 0.576587 -0.004475
vn -0.734419 0.665347 -0.133950
vn -0.840134 -0.480665 -0.251270
vn -0.552725 -0.520330 0.650962
vn 0.421824 0.082469 0.902919
vn 0.503955 -0.741874 -0.442326
vn 0.884480 0.466557 -0.004475
vn -0.642612 0.754391 -0.133955
vn -0.895043 -0.368457 -0.251273
vn -0.615140 -0.444810 0.650959
vn 0.428932 0.027454 0.902920
vn 0.404207 -0.800603 -0.442325
vn 0.817024 0.576586 -0.004468
vn -0.734418 0.665349 -0.133944
vn -0.840134 -0.480666 -0.251267
vn -0.552723 -0.520330 0.650964
vn 0.421820 0.082466 0.902922
vn 0.503959 -0.741875 -0.442321
vn 0.817024 0.576586 -0.004467
vn -0.734418 0.665349 -0.133945
vn -0.840134 -0.480666 -0.251268
vn -0.552725 -0.520330 0.650963
vn 0.421819 0.082465 0.902922
vn 0.503957 -0.741877 -0.442320
vn 0.817024 0.576587 -0.004468
vn -0.734417 0.665350 -0.133944
vn -0.840134 -0.480664 -0.251269
vn -0.552725 -0.520329 0.650963
vn 0.421819 0.082466 0.902922
vn 0.503957 -0.741873 -0.442324
vn 0.817024 0.576586 -0.004467
vn -0.734417 0.665350 -0.133944
vn -0.840134 -0.480665 -0.251268
vn -0.552724 -0.520329 0.650964
vn 0.421819 0.082466 0.902922
vn 0.503958 -0.741874 -0.442322
vn 0.817024 0.576586 -0.004467
vn -0.734417 0.665350 -0.133944
vn -0.840134 -0.480665 -0.251268
vn -0.552724 -0.520330 0.650963
vn 0.421819 0.082466 0.902922
vn 0.503959 -0.741874 -0.442322
vn 0.817024 0.576586 -0.004468
vn -0.734419 0.665348 -0.133945
vn -0.840134 -0.480665 -0.251268
vn -0.552725 -0.520330 0.650963
vn 0.421820 0.082466 0.902922
vn 0.503956 -0.741875 -0.442323
vn 0.735157 0.677883 -0.004467
vn -0.814664 0.564253 -0.133946
vn -0.770537 -0.585779 -0.251268
vn -0.480411 -0.587754 0.650961
vn 0.407523 0.136588 0.902922
vn 0.596101 -0.670086 -0.442320
vn 0.318460 0.947570 0.026372
vn -0.204842 -0.185655 0.961026
vn -0.549532 -0.832842 0.066253
vn 0.374479 -0.918605 -0.126215
vn 0.982638 0.083985 -0.165438
vn -0.416177 0.150013 -0.896824
vn 0.317683 0.947834 -0.026221
vn -0.233064 -0.176028 -0.956397
vn -0.551364 -0.832218 -0.058404
vn 0.377900 -0.919768 0.105915
vn 0.987093 0.082470 0.137281
vn -0.389577 0.140948 0.910145
vn 0.178861 0.983538 -0.025711
vn -0.558452 -0.139242 -0.817767
vn -0.438239 -0.897601 0.047520
vn 0.487307 -0.859757 -0.152806
vn 0.949915 0.215996 -0.225846
vn -0.027250 0.016813 0.999487
vn 0.189243 0.981666 0.022797
vn -0.177585 -0.207946 0.961885
vn -0.433490 -0.898458 0.069705
vn 0.493571 -0.860887 -0.123539
vn 0.962540 0.213718 -0.166856
vn -0.433088 0.090019 -0.896845
vn 0.060045 0.997847 0.026371
vn -0.149272 -0.232687 0.961028
vn -0.313056 -0.947421 0.066251
vn 0.601304 -0.788988 -0.126216
vn 0.926637 0.337601 -0.165438
vn -0.440905 0.036172 -0.896824
vn 0.060049 0.997847 0.026372
vn -0.149273 -0.232690 0.961027
vn -0.313059 -0.947420 0.066253
vn 0.601299 -0.788992 -0.126216
vn 0.926638 0.337596 -0.165439
vn -0.440908 0.036170 -0.896823
vn -0.059940 0.997854 0.026356
vn 0.153140 -0.232442 0.960478
vn 0.313317 -0.947405 0.065234
vn -0.601810 -0.789019 -0.123590
vn -0.927297 0.337555 -0.161791
vn 0.437288 0.035937 -0.898603
vn -0.068969 0.997270 0.026375
vn -0.118059 -0.249979 0.961027
vn -0.188427 -0.979850 0.066251
vn 0.697912 -0.704974 -0.126217
vn 0.875441 0.454130 -0.165437
vn -0.441894 -0.020916 -0.896824
vn -0.083210 0.996349 0.019085
vn -0.682837 -0.286501 0.672050
vn 0.155800 -0.957589 0.242382
vn -0.230602 -0.765019 -0.601305
vn -0.420244 0.370343 -0.828396
vn 0.983275 0.071245 -0.167613
vn -0.058511 0.997946 0.026065
vn 0.205502 -0.229052 0.951475
vn 0.316520 -0.947195 0.051343
vn -0.607587 -0.789399 -0.087674
vn -0.934796 0.337067 -0.111992
vn 0.387453 0.032722 -0.921309
vn -0.197994 0.979848 0.026373
vn -0.084570 -0.263201 0.961027
vn -0.059483 -0.996028 0.066252
vn 0.783615 -0.608291 -0.126216
vn 0.808993 0.564057 -0.165436
vn -0.435429 -0.078165 -0.896823
vn -0.197993 0.979849 0.026374
vn -0.084570 -0.263204 0.961026
vn -0.059484 -0.996028 0.066251
vn 0.783614 -0.608292 -0.126216
vn 0.808994 0.564056 -0.165436
vn -0.435427 -0.078167 -0.896824
vn -0.208841 0.977707 0.021786
vn -0.528096 -0.350766 0.773355
vn 0.315035 -0.922091 0.224723
vn -0.218211 -0.806071 -0.550122
vn -0.587289 0.288404 -0.756251
vn 0.927997 0.190991 -0.319912
vn -0.208839 0.977707 0.021786
vn -0.528095 -0.350765 0.773356
vn 0.315035 -0.922092 0.224721
vn -0.218211 -0.806070 -0.550123
vn -0.587288 0.288404 -0.756251
vn 0.927996 0.190992 -0.319916
vn -0.208846 0.977706 0.021781
vn -0.528300 -0.350805 0.773198
vn 0.314977 -0.922102 0.224759
vn -0.218066 -0.806042 -0.550221
vn -0.587089 0.288445 -0.756390
vn 0.928081 0.191011 -0.319658
vn -0.208840 0.977707 0.021786
vn -0.528097 -0.350765 0.773355
vn 0.315033 -0.922093 0.224720
vn -0.218213 -0.806068 -0.550124
vn -0.587289 0.288404 -0.756251
vn 0.927996 0.190992 -0.319914
vn -0.208845 0.977706 0.021781
vn -0.528300 -0.350804 0.773198
vn 0.314976 -0.922102 0.224761
vn -0.218067 -0.806043 -0.550220
vn -0.587089 0.288445 -0.756390
vn 0.928082 0.191010 -0.319655
vn -0.208841 0.977707 0.021786
vn -0.528095 -0.350767 0.773355
vn 0.315035 -0.922092 0.224722
vn -0.218212 -0.806070 -0.550122
vn -0.587289 0.288403 -0.756251
vn 0.927997 0.190990 -0.319914
vn -0.208846 0.977706 0.021780
vn -0.528301 -0.350804 0.773198
vn 0.314976 -0.922103 0.224760
vn -0.218066 -0.806043 -0.550221
vn -0.587089 0.288443 -0.756391
vn 0.928081 0.191008 -0.319657
vn -0.208839 0.977707 0.021783
vn -0.528105 -0.350765 0.773349
vn 0.315033 -0.922091 0.224728
vn -0.218201 -0.806072 -0.550124
vn -0.587276 0.288407 -0.756259
vn 0.928001 0.190994 -0.319899
vn -0.208845 0.977706 0.021781
vn -0.528299 -0.350805 0.773198
vn 0.314976 -0.922102 0.224761
vn -0.218066 -0.806043 -0.550220
vn -0.587089 0.288446 -0.756390
vn 0.928082 0.191008 -0.319655
vn -0.208840 0.977707 0.021787
vn -0.528099 -0.350763 0.773354
vn 0.315033 -0.922094 0.224717
vn -0.218214 -0.806067 -0.550127
vn -0.587289 0.288405 -0.756250
vn 0.927995 0.190995 -0.319916
vn -0.208845 0.977706 0.021781
vn -0.528300 -0.350805 0.773198
vn 0.314976 -0.922103 0.224759
vn -0.218066 -0.806042 -0.550221
vn -0.587089 0.288445 -0.756390
vn 0.928082 0.191009 -0.319656
vn -0.208840 0.977707 0.021787
vn -0.528096 -0.350766 0.773355
vn 0.315034 -0.922092 0.224721
vn -0.218212 -0.806070 -0.550123
vn -0.587289 0.288405 -0.756250
vn 0.927996 0.190991 -0.319914
vn -0.208845 0.977706 0.021781
vn -0.528300 -0.350804 0.773198
vn 0.314976 -0.922102 0.224761
vn -0.218066 -0.806044 -0.550219
vn -0.587089 0.288444 -0.756391
vn 0.928082 0.191010 -0.319655
vn -0.208839 0.977707 0.021787
vn -0.528093 -0.350766 0.773357
vn 0.315035 -0.922092 0.224722
vn -0.218211 -0.806070 -0.550122
vn -0.587289 0.288405 -0.756250
vn 0.927996 0.190992 -0.319914
vn -0.208845 0.977706 0.021781
vn -0.528298 -0.350805 0.773199
vn 0.314978 -0.922102 0.224761
vn -0.218064 -0.806044 -0.550220
vn -0.587088 0.288444 -0.756391
vn 0.928081 0.191010 -0.319657
vn -0.208840 0.977707 0.021786
vn -0.528096 -0.350766 0.773355
vn 0.315034 -0.922092 0.224721
vn -0.218212 -0.806069 -0.550123
vn -0.587288 0.288405 -0.756251
vn 0.927996 0.190993 -0.319914
vn -0.208845 0.977706 0.021781
vn -0.528299 -0.350805 0.773198
vn 0.314977 -0.922102 0.224761
vn -0.218066 -0.806043 -0.550220
vn -0.587089 0.288445 -0.756390
vn 0.928082 0.191009 -0.319656
vn -0.208840 0.977707 0.021786
vn -0.528095 -0.350766 0.773356
vn 0.315035 -0.922092 0.224721
vn -0.218212 -0.806070 -0.550123
vn -0.587289 0.288404 -0.756250
vn 0.927996 0.190992 -0.319914
vn -0.208846 0.977706 0.021781
vn -0.528299 -0.350806 0.773198
vn 0.314977 -0.922102 0.224760
vn -0.218066 -0.806043 -0.550220
vn -0.587090 0.288444 -0.756390
vn 0.928081 0.191010 -0.319658
vn -0.208840 0.977707 0.021787
vn -0.528094 -0.350769 0.773355
vn 0.315034 -0.922092 0.224722
vn -0.218210 -0.806071 -0.550122
vn -0.587288 0.288404 -0.756251
vn 0.927997 0.190990 -0.319913
vn -0.208844 0.977706 0.021782
vn -0.528317 -0.350805 0.773186
vn 0.314970 -0.922105 0.224759
vn -0.218057 -0.806038 -0.550230
vn -0.587074 0.288450 -0.756400
vn 0.928086 0.191013 -0.319640
vn -0.208839 0.977707 0.021787
vn -0.528094 -0.350766 0.773356
vn 0.315035 -0.922092 0.224723
vn -0.218211 -0.806071 -0.550122
vn -0.587289 0.288405 -0.756250
vn 0.927997 0.190991 -0.319911
vn -0.208845 0.977706 0.021782
vn -0.528300 -0.350806 0.773198
vn 0.314976 -0.922103 0.224759
vn -0.218066 -0.806042 -0.550221
vn -0.587089 0.288446 -0.756390
vn 0.928082 0.191009 -0.319656
vn -0.208839 0.977707 0.021787
vn -0.528095 -0.350766 0.773355
vn 0.315034 -0.922092 0.224721
vn -0.218211 -0.806070 -0.550123
vn -0.587288 0.288404 -0.756251
vn 0.927996 0.190991 -0.319914
vn -0.208845 0.977706 0.021781
vn -0.528297 -0.350806 0.773199
vn 0.314978 -0.922102 0.224760
vn -0.218065 -0.806043 -0.550220
vn -0.587089 0.288444 -0.756390
vn 0.928081 0.191010 -0.319657
vn -0.208838 0.977708 0.021787
vn -0.528095 -0.350764 0.773356
vn 0.315035 -0.922092 0.224720
vn -0.218212 -0.806069 -0.550123
vn -0.587289 0.288406 -0.756250
vn 0.927996 0.190994 -0.319915
vn -0.208840 0.977707 0.021786
vn -0.528095 -0.350767 0.773355
vn 0.315034 -0.922092 0.224721
vn -0.218212 -0.806070 -0.550123
vn -0.587289 0.288404 -0.756250
vn 0.927996 0.190992 -0.319914
vn -0.208845 0.977706 0.021782
vn -0.528298 -0.350805 0.773199
vn 0.314977 -0.922102 0.224760
vn -0.218066 -0.806043 -0.550220
vn -0.587089 0.288446 -0.756389
vn 0.928081 0.191011 -0.319657
vn -0.208840 0.977707 0.021786
vn -0.528094 -0.350766 0.773356
vn 0.315035 -0.922091 0.224723
vn -0.218211 -0.806071 -0.550121
vn -0.587289 0.288403 -0.756251
vn 0.927997 0.190991 -0.319913
vn -0.208845 0.977706 0.021781
vn -0.528299 -0.350804 0.773199
vn 0.314977 -0.922102 0.224760
vn -0.218065 -0.806043 -0.550220
vn -0.587089 0.288445 -0.756390
vn 0.928081 0.191011 -0.319658
vn -0.208838 0.977707 0.021788
vn -0.528095 -0.350766 0.773356
vn 0.315034 -0.922092 0.224720
vn -0.218212 -0.806069 -0.550124
vn -0.587288 0.288406 -0.756250
vn 0.927996 0.190992 -0.319913
vn -0.208846 0.977706 0.021781
vn -0.528300 -0.350805 0.773198
vn 0.314977 -0.922102 0.224760
vn -0.218066 -0.806043 -0.550220
vn -0.587090 0.288445 -0.756390
vn 0.928081 0.191011 -0.319656
vn -0.208841 0.977707 0.021780
vn -0.528107 -0.350765 0.773347
vn 0.315033 -0.922091 0.224727
vn -0.218201 -0.806071 -0.550125
vn -0.587276 0.288403 -0.756261
vn 0.928001 0.190992 -0.319901
vn -0.208846 0.977706 0.021780
vn -0.528301 -0.350805 0.773197
vn 0.314977 -0.922102 0.224759
vn -0.218065 -0.806042 -0.550221
vn -0.587089 0.288445 -0.756391
vn 0.928081 0.191011 -0.319657
vn -0.208839 0.977707 0.021786
vn -0.528095 -0.350764 0.773356
vn 0.315035 -0.922092 0.224721
vn -0.218212 -0.806070 -0.550123
vn -0.587289 0.288406 -0.756250
vn 0.927995 0.190996 -0.319915
vn -0.208846 0.977706 0.021780
vn -0.528299 -0.350805 0.773199
vn 0.314977 -0.922102 0.224762
vn -0.218065 -0.806044 -0.550218
vn -0.587089 0.288444 -0.756390
vn 0.928082 0.191009 -0.319655
vn -0.208839 0.977707 0.021787
vn -0.528094 -0.350764 0.773357
vn 0.315036 -0.922091 0.224722
vn -0.218212 -0.806071 -0.550121
vn -0.587289 0.288406 -0.756249
vn 0.927996 0.190995 -0.319914
vn -0.208845 0.977706 0.021780
vn -0.528301 -0.350804 0.773197
vn 0.314976 -0.922103 0.224759
vn -0.218066 -0.806042 -0.550221
vn -0.587089 0.288444 -0.756390
vn 0.928081 0.191010 -0.319658
vn -0.208840 0.977707 0.021785
vn -0.528093 -0.350766 0.773357
vn 0.315036 -0.922091 0.224721
vn -0.218212 -0.806071 -0.550121
vn -0.587290 0.288404 -0.756250
vn 0.927996 0.190991 -0.319916
vn -0.208846 0.977706 0.021781
vn -0.528298 -0.350806 0.773199
vn 0.314978 -0.922102 0.224760
vn -0.218065 -0.806043 -0.550221
vn -0.587089 0.288444 -0.756391
vn 0.928081 0.191010 -0.319657
vn -0.208840 0.977707 0.021787
vn -0.528095 -0.350766 0.773355
vn 0.315034 -0.922092 0.224721
vn -0.218212 -0.806070 -0.550123
vn -0.587289 0.288404 -0.756250
vn 0.927997 0.190991 -0.319913
vn -0.208844 0.977706 0.021781
vn -0.528298 -0.350805 0.773199
vn 0.314977 -0.922102 0.224761
vn -0.218065 -0.806043 -0.550220
vn -0.587088 0.288446 -0.756390
vn 0.928082 0.191010 -0.319656
vn -0.208840 0.977707 0.021787
vn -0.528095 -0.350766 0.773356
vn 0.315034 -0.922093 0.224719
vn -0.218213 -0.806069 -0.550123
vn -0.587290 0.288404 -0.756250
vn 0.927995 0.190991 -0.319917
vn -0.208844 0.977706 0.021782
vn -0.528299 -0.350803 0.773200
vn 0.314977 -0.922102 0.224760
vn -0.218065 -0.806043 -0.550220
vn -0.587088 0.288445 -0.756391
vn 0.928081 0.191010 -0.319657
vn -0.208840 0.977707 0.021788
vn -0.528096 -0.350766 0.773355
vn 0.315033 -0.922093 0.224719
vn -0.218214 -0.806068 -0.550124
vn -0.587289 0.288405 -0.756250
vn 0.927997 0.190991 -0.319914
vn -0.208846 0.977706 0.021783
vn -0.528312 -0.350808 0.773188
vn 0.314972 -0.922104 0.224760
vn -0.218057 -0.806039 -0.550229
vn -0.587077 0.288449 -0.756398
vn 0.928086 0.191012 -0.319641
vn -0.208840 0.977707 0.021786
vn -0.528096 -0.350766 0.773355
vn 0.315034 -0.922092 0.224720
vn -0.218211 -0.806070 -0.550123
vn -0.587288 0.288404 -0.756251
vn 0.927996 0.190991 -0.319915
vn -0.208846 0.977706 0.021781
vn -0.528299 -0.350806 0.773198
vn 0.314977 -0.922102 0.224761
vn -0.218066 -0.806043 -0.550220
vn -0.587089 0.288444 -0.756390
vn 0.928082 0.191010 -0.319656
vn -0.208840 0.977707 0.021787
vn -0.528095 -0.350767 0.773355
vn 0.315034 -0.922092 0.224720
vn -0.218212 -0.806069 -0.550123
vn -0.587289 0.288405 -0.756250
vn 0.927997 0.190991 -0.319914
vn -0.326915 0.944686 0.026374
vn -0.048709 -0.272129 0.961027
vn 0.073895 -0.995063 0.066252
vn 0.857745 -0.498340 -0.126216
vn 0.726533 0.666919 -0.165436
vn -0.421113 -0.135546 -0.896823
vn -0.326916 0.944685 0.026374
vn -0.048710 -0.272130 0.961027
vn 0.073893 -0.995063 0.066251
vn 0.857744 -0.498341 -0.126216
vn 0.726533 0.666919 -0.165436
vn -0.421113 -0.135545 -0.896823
vn -0.326915 0.944686 0.026373
vn -0.048711 -0.272130 0.961027
vn 0.073894 -0.995063 0.066250
vn 0.857744 -0.498341 -0.126217
vn 0.726532 0.666919 -0.165437
vn -0.421113 -0.135543 -0.896823
vn -0.326916 0.944685 0.026372
vn -0.048712 -0.272131 0.961026
vn 0.073892 -0.995063 0.066251
vn 0.857743 -0.498343 -0.126216
vn 0.726532 0.666920 -0.165437
vn -0.421114 -0.135546 -0.896822
vn -0.326915 0.944686 0.026371
vn -0.048709 -0.272130 0.961027
vn 0.073893 -0.995063 0.066252
vn 0.857744 -0.498343 -0.126216
vn 0.726533 0.666919 -0.165439
vn -0.421114 -0.135547 -0.896822
vn -0.660675 0.750204 -0.026517
vn 0.084591 -0.247289 -0.965242
vn 0.448427 -0.890642 -0.075295
vn 0.979019 -0.138273 0.149675
vn 0.413629 0.888659 0.197983
vn -0.362205 -0.306571 0.880240
vn -0.661396 0.749573 0.026373
vn 0.058360 -0.270226 0.961027
vn 0.446501 -0.892327 0.066250
vn 0.982776 -0.134987 -0.126217
vn 0.418575 0.892987 -0.165437
vn -0.338010 -0.285408 -0.896823
vn -0.661396 0.749573 0.026372
vn 0.058361 -0.270226 0.961026
vn 0.446500 -0.892328 0.066251
vn 0.982776 -0.134988 -0.126216
vn 0.418575 0.892987 -0.165437
vn -0.338009 -0.285411 -0.896823
vn -0.661396 0.749573 0.026372
vn 0.058361 -0.270227 0.961026
vn 0.446501 -0.892327 0.066251
vn 0.982775 -0.134988 -0.126217
vn 0.418576 0.892986 -0.165438
vn -0.338008 -0.285411 -0.896823
vn -0.755459 0.654665 0.026372
vn 0.093881 -0.260027 0.961027
vn 0.561524 -0.824804 0.066251
vn 0.991999 -0.002706 -0.126216
vn 0.295736 0.940835 -0.165438
vn -0.296922 -0.327941 -0.896823
vn -0.755460 0.654664 0.026372
vn 0.093884 -0.260029 0.961026
vn 0.561528 -0.824801 0.066249
vn 0.991999 -0.002702 -0.126218
vn 0.295737 0.940835 -0.165438
vn -0.296918 -0.327943 -0.896824
vn -0.755459 0.654664 0.026374
vn 0.093883 -0.260030 0.961026
vn 0.561526 -0.824802 0.066251
vn 0.991999 -0.002704 -0.126215
vn 0.295737 0.940835 -0.165435
vn -0.296919 -0.327943 -0.896824
vn -0.755460 0.654664 0.026374
vn 0.093881 -0.260029 0.961026
vn 0.561524 -0.824804 0.066253
vn 0.991999 -0.002705 -0.126214
vn 0.295737 0.940835 -0.165435
vn -0.296921 -0.327945 -0.896822
vn -0.755460 0.654664 0.026373
vn 0.093880 -0.260028 0.961027
vn 0.561527 -0.824802 0.066252
vn 0.991999 -0.002703 -0.126215
vn 0.295736 0.940835 -0.165435
vn -0.296920 -0.327942 -0.896824
vn -0.834136 0.550928 0.026375
vn 0.126882 -0.245622 0.961026
vn 0.663958 -0.744829 0.066252
vn 0.983937 0.126244 -0.126215
vn 0.170952 0.971291 -0.165435
vn -0.251780 -0.363752 -0.896823
vn -0.834135 0.550929 0.026376
vn 0.126882 -0.245620 0.961026
vn 0.663961 -0.744827 0.066251
vn 0.983937 0.126246 -0.126216
vn 0.170953 0.971291 -0.165435
vn -0.251781 -0.363750 -0.896824
vn -0.834139 0.550924 0.026373
vn 0.126880 -0.245619 0.961027
vn 0.663964 -0.744824 0.066251
vn 0.983936 0.126251 -0.126215
vn 0.170947 0.971292 -0.165436
vn -0.251777 -0.363750 -0.896825
vn -0.834138 0.550925 0.026372
vn 0.126880 -0.245620 0.961027
vn 0.663964 -0.744824 0.066252
vn 0.983937 0.126249 -0.126214
vn 0.170949 0.971292 -0.165437
vn -0.251774 -0.363751 -0.896825
vn -0.755453 0.654672 0.026370
vn 0.093879 -0.260028 0.961027
vn 0.561519 -0.824807 0.066252
vn 0.991999 -0.002712 -0.126215
vn 0.295745 0.940832 -0.165438
vn -0.296920 -0.327940 -0.896824
vn -0.755459 0.654665 0.026373
vn 0.093881 -0.260024 0.961027
vn 0.561528 -0.824801 0.066251
vn 0.991999 -0.002701 -0.126216
vn 0.295737 0.940835 -0.165436
vn -0.296920 -0.327940 -0.896824
vn -0.755459 0.654665 0.026374
vn 0.093882 -0.260028 0.961026
vn 0.561526 -0.824802 0.066251
vn 0.991999 -0.002704 -0.126216
vn 0.295737 0.940835 -0.165435
vn -0.296921 -0.327940 -0.896824
vn -0.661394 0.749575 0.026374
vn 0.058364 -0.270228 0.961026
vn 0.446503 -0.892326 0.066249
vn 0.982775 -0.134987 -0.126218
vn 0.418579 0.892985 -0.165437
vn -0.338006 -0.285409 -0.896824
vn -0.661393 0.749576 0.026373
vn 0.058364 -0.270226 0.961026
vn 0.446503 -0.892326 0.066250
vn 0.982776 -0.134986 -0.126218
vn 0.418580 0.892985 -0.165437
vn -0.338006 -0.285409 -0.896824
vn -0.661390 0.749579 0.026373
vn 0.058364 -0.270225 0.961027
vn 0.446498 -0.892329 0.066250
vn 0.982775 -0.134992 -0.126217
vn 0.418583 0.892983 -0.165437
vn -0.338008 -0.285409 -0.896823
vn -0.558360 0.829180 0.026372
vn 0.022743 -0.275521 0.961026
vn 0.326732 -0.942792 0.066252
vn 0.956893 -0.261582 -0.126215
vn 0.531092 0.831007 -0.165437
vn -0.372236 -0.239059 -0.896823
vn -0.558360 0.829179 0.026373
vn 0.022744 -0.275521 0.961026
vn 0.326732 -0.942792 0.066252
vn 0.956893 -0.261581 -0.126216
vn 0.531091 0.831007 -0.165437
vn -0.372238 -0.239060 -0.896822
vn -0.661392 0.749577 0.026372
vn 0.058360 -0.270223 0.961027
vn 0.446499 -0.892328 0.066250
vn 0.982775 -0.134990 -0.126218
vn 0.418582 0.892984 -0.165438
vn -0.338009 -0.285407 -0.896824
vn -0.661392 0.749577 0.026372
vn 0.058360 -0.270224 0.961027
vn 0.446499 -0.892328 0.066250
vn 0.982775 -0.134990 -0.126218
vn 0.418581 0.892984 -0.165438
vn -0.338010 -0.285407 -0.896823
vn -0.755417 0.654632 0.028334
vn 0.095299 -0.261267 0.960551
vn 0.561621 -0.824888 0.064359
vn 0.991812 -0.002541 -0.127682
vn 0.295497 0.941047 -0.164657
vn -0.298242 -0.326785 -0.896807
vn -0.637482 0.551498 0.538021
vn 0.440833 -0.563412 0.698737
vn 0.483167 -0.756277 -0.441129
vn 0.862331 0.110684 -0.494099
vn 0.274281 0.959598 0.062786
vn -0.644188 -0.024278 -0.764482
vn -0.706222 0.465616 0.533341
vn 0.507085 -0.499187 0.702621
vn 0.579379 -0.688418 -0.436349
vn 0.842902 0.220303 -0.490900
vn 0.146951 0.987296 0.060429
vn -0.632042 -0.110148 -0.767066
vn -0.997228 -0.069620 -0.026246
vn 0.251572 -0.142783 -0.957248
vn 0.979949 -0.190079 -0.059742
vn 0.704798 0.700927 0.109367
vn -0.454362 0.879415 0.142073
vn 0.019405 -0.418640 0.907945
vn -0.985821 -0.167738 0.004474
vn 0.051128 0.989668 0.133952
vn 0.934529 0.252027 0.251272
vn 0.758817 0.021156 -0.650960
vn -0.357141 -0.239136 -0.902920
vn 0.166201 -0.881319 0.442327
vn -0.999260 -0.038191 0.004467
vn 0.179317 0.974630 0.133946
vn 0.959358 0.128430 0.251272
vn 0.755131 -0.077645 -0.650960
vn -0.385187 -0.190691 -0.902922
vn 0.050248 -0.895447 0.442324
vn -0.999260 -0.038193 0.004468
vn 0.179316 0.974630 0.133947
vn 0.959359 0.128430 0.251271
vn 0.755130 -0.077646 -0.650961
vn -0.385188 -0.190691 -0.902921
vn 0.050245 -0.895447 0.442323
vn -0.999260 -0.038192 0.004468
vn 0.179313 0.974631 0.133945
vn 0.959360 0.128427 0.251266
vn 0.755127 -0.077648 -0.650964
vn -0.385188 -0.190691 -0.902921
vn 0.050242 -0.895449 0.442319
vn -0.995857 0.090825 0.004469
vn 0.303350 0.943418 0.133947
vn 0.967910 0.003801 0.251270
vn 0.738840 -0.174255 -0.650961
vn -0.406538 -0.139493 -0.902922
vn -0.065498 -0.894462 0.442322
vn -0.995857 0.090824 0.004468
vn 0.303351 0.943417 0.133947
vn 0.967909 0.003800 0.251270
vn 0.738841 -0.174256 -0.650960
vn -0.406539 -0.139494 -0.902922
vn -0.065499 -0.894461 0.442322
vn -0.995857 0.090824 0.004469
vn 0.303349 0.943418 0.133947
vn 0.967910 0.003801 0.251270
vn 0.738841 -0.174255 -0.650961
vn -0.406540 -0.139493 -0.902921
vn -0.065500 -0.894461 0.442322
vn -0.999260 -0.038191 0.004468
vn 0.179315 0.974630 0.133946
vn 0.959360 0.128428 0.251267
vn 0.755128 -0.077648 -0.650963
vn -0.385188 -0.190691 -0.902922
vn 0.050243 -0.895449 0.442320
vn -0.999260 -0.038191 0.004466
vn 0.179322 0.974629 0.133946
vn 0.959360 0.128428 0.251268
vn 0.755130 -0.077648 -0.650961
vn -0.385184 -0.190691 -0.902923
vn 0.050249 -0.895449 0.442320
vn -0.985822 -0.167736 0.004470
vn 0.051130 0.989669 0.133947
vn 0.934531 0.252023 0.251269
vn 0.758816 0.021152 -0.650961
vn -0.357137 -0.239135 -0.902922
vn 0.166199 -0.881322 0.442324
vn -0.954642 -0.297724 0.004471
vn -0.081327 0.987646 0.133948
vn 0.892568 0.374416 0.251267
vn 0.749214 0.122170 -0.650963
vn -0.322053 -0.284633 -0.902921
vn 0.282259 -0.851282 0.442321
vn -0.985822 -0.167737 0.004471
vn 0.051131 0.989668 0.133948
vn 0.934530 0.252025 0.251269
vn 0.758817 0.021154 -0.650960
vn -0.357138 -0.239136 -0.902921
vn 0.166201 -0.881320 0.442325
vn -0.985821 -0.167739 0.004467
vn 0.051130 0.989669 0.133946
vn 0.934531 0.252025 0.251268
vn 0.758817 0.021154 -0.650961
vn -0.357134 -0.239135 -0.902923
vn 0.166202 -0.881323 0.442320
vn -0.985821 -0.167738 0.004467
vn 0.051128 0.989669 0.133947
vn 0.934530 0.252025 0.251269
vn 0.758817 0.021154 -0.650961
vn -0.357136 -0.239135 -0.902922
vn 0.166200 -0.881322 0.442322
vn -0.985821 -0.167739 0.004467
vn 0.051128 0.989669 0.133947
vn 0.934530 0.252026 0.251270
vn 0.758817 0.021155 -0.650960
vn -0.357134 -0.239135 -0.902923
vn 0.166202 -0.881322 0.442322
vn -0.985822 -0.167737 0.004468
vn 0.051128 0.989669 0.133946
vn 0.934532 0.252022 0.251267
vn 0.758814 0.021151 -0.650964
vn -0.357137 -0.239134 -0.902922
vn 0.166196 -0.881324 0.442319
vn -0.985822 -0.167737 0.004468
vn 0.051127 0.989669 0.133945
vn 0.934532 0.252021 0.251266
vn 0.758813 0.021150 -0.650965
vn -0.357137 -0.239135 -0.902922
vn 0.166195 -0.881325 0.442319
vn -0.985822 -0.167737 0.004469
vn 0.051128 0.989669 0.133946
vn 0.934531 0.252025 0.251269
vn 0.758816 0.021154 -0.650962
vn -0.357138 -0.239134 -0.902922
vn 0.166200 -0.881322 0.442322
vn -0.985822 -0.167738 0.004467
vn 0.051128 0.989669 0.133947
vn 0.934530 0.252024 0.251270
vn 0.758816 0.021154 -0.650961
vn -0.357135 -0.239134 -0.902923
vn 0.166201 -0.881322 0.442322
vn -0.985822 -0.167738 0.004467
vn 0.051128 0.989669 0.133945
vn 0.934531 0.252026 0.251268
vn 0.758816 0.021154 -0.650962
vn -0.357136 -0.239135 -0.902922
vn 0.166200 -0.881322 0.442322
vn -0.985821 -0.167738 0.004474
vn 0.051131 0.989668 0.133951
vn 0.934529 0.252026 0.251272
vn 0.758817 0.021155 -0.650960
vn -0.357141 -0.239136 -0.902920
vn 0.166203 -0.881319 0.442327
vn -0.985822 -0.167738 0.004473
vn 0.051131 0.989668 0.133953
vn 0.934530 0.252025 0.251272
vn 0.758817 0.021155 -0.650961
vn -0.357140 -0.239135 -0.902920
vn 0.166199 -0.881321 0.442324
vn -0.954642 -0.297723 0.004476
vn -0.081327 0.987645 0.133950
vn 0.892567 0.374416 0.251269
vn 0.749214 0.122172 -0.650963
vn -0.322057 -0.284634 -0.902919
vn 0.282259 -0.851280 0.442326
vn -0.954642 -0.297724 0.004476
vn -0.081325 0.987645 0.133952
vn 0.892567 0.374416 0.251269
vn 0.749214 0.122171 -0.650963
vn -0.322057 -0.284634 -0.902919
vn 0.282261 -0.851280 0.442325
vn -0.954642 -0.297724 0.004476
vn -0.081326 0.987645 0.133952
vn 0.892568 0.374415 0.251268
vn 0.749214 0.122170 -0.650963
vn -0.322056 -0.284634 -0.902919
vn 0.282260 -0.851281 0.442323
vn -0.907850 -0.419271 0.004474
vn -0.208998 0.968699 0.133952
vn 0.836333 0.487246 0.251272
vn 0.726982 0.218511 -0.650961
vn -0.282331 -0.324076 -0.902920
vn 0.390506 -0.807374 0.442326
vn -0.907850 -0.419271 0.004475
vn -0.208998 0.968698 0.133952
vn 0.836334 0.487246 0.251271
vn 0.726982 0.218511 -0.650961
vn -0.282331 -0.324076 -0.902919
vn 0.390506 -0.807374 0.442326
vn -0.907850 -0.419272 0.004474
vn -0.208997 0.968699 0.133951
vn 0.836334 0.487246 0.251270
vn 0.726982 0.218510 -0.650961
vn -0.282330 -0.324077 -0.902920
vn 0.390507 -0.807374 0.442325
vn -0.026420 -0.003460 0.999645
vn -0.962999 -0.119119 -0.241750
vn -0.129230 0.226478 -0.965405
vn 0.290240 -0.595401 -0.749172
vn 0.393577 -0.829713 0.395820
vn 0.751785 0.659358 0.008114
vn 0.176325 0.179583 0.967812
vn -0.047182 -0.626758 0.777784
vn -0.177961 -0.058639 -0.982289
vn -0.342422 -0.920642 -0.187525
vn 0.984969 0.150057 0.085545
vn -0.869957 0.406853 0.278650
vn -0.026423 -0.003461 0.999645
vn -0.962998 -0.119125 -0.241751
vn -0.129229 0.226472 -0.965407
vn 0.290242 -0.595402 -0.749170
vn 0.393579 -0.829713 0.395817
vn 0.751788 0.659355 0.008107
vn -0.026424 -0.003461 0.999645
vn -0.962998 -0.119124 -0.241753
vn -0.129229 0.226473 -0.965406
vn 0.290241 -0.595401 -0.749171
vn 0.393579 -0.829714 0.395817
vn 0.751788 0.659355 0.008106
vn -0.026425 -0.003462 0.999645
vn -0.962997 -0.119127 -0.241754
vn -0.129224 0.226467 -0.965409
vn 0.290246 -0.595404 -0.749168
vn 0.393579 -0.829713 0.395818
vn 0.751794 0.659348 0.008108
vn -0.026424 -0.003462 0.999645
vn -0.962998 -0.119128 -0.241753
vn -0.129226 0.226467 -0.965408
vn 0.290245 -0.595403 -0.749168
vn 0.393580 -0.829713 0.395817
vn 0.751793 0.659349 0.008107
vn -0.026423 -0.003461 0.999645
vn -0.962998 -0.119126 -0.241752
vn -0.129228 0.226472 -0.965407
vn 0.290243 -0.595402 -0.749170
vn 0.393579 -0.829714 0.395817
vn 0.751789 0.659354 0.008106
f 1/1/1 2/2/2 3/22/3
f 1/24/1 3/22/3 5/35/5
f 1/39/1 5/35/5 2/52/2
f 4/3/4 3/22/3 6/12/6
f 4/30/4 5/35/5 3/22/3
f 4/40/4 6/56/6 5/35/5
f 2/2/2 6/12/6 3/22/3
f 2/52/2 5/35/5 6/56/6
f 7/1/7 8/2/8 9/22/9
f 7/24/7 9/22/9 12/35/12
f 7/39/7 12/35/12 8/52/8
f 10/3/10 9/22/9 11/6/11
f 10/30/10 12/35/12 9/22/9
f 10/40/10 11/54/11 12/35/12
f 8/2/8 13/16/13 9/22/9
f 8/52/8 12/35/12 11/54/11
f 8/52/8 11/54/11 13/61/13
f 11/6/11 9/22/9 13/16/13
f 14/1/14 15/2/15 16/22/16
f 14/24/14 16/22/16 19/35/19
f 14/39/14 19/35/19 15/52/15
f 17/3/17 16/22/16 18/6/18
f 17/30/17 19/35/19 16/22/16
f 17/40/17 18/54/18 19/35/19
f 15/2/15 20/16/20 16/22/16
f 15/52/15 19/35/19 18/54/18
f 15/52/15 18/54/18 20/61/20
f 18/6/18 16/22/16 20/16/20
f 21/1/21 22/2/22 23/22/23
f 21/24/21 23/22/23 26/35/26
f 21/39/21 26/35/26 22/52/22
f 24/3/24 23/22/23 25/6/25
f 24/30/24 26/35/26 23/22/23
f 24/40/24 25/54/25 26/35/26
f 22/2/22 27/16/27 23/22/23
f 22/52/22 26/35/26 25/54/25
f 22/52/22 25/54/25 27/61/27
f 25/6/25 23/22/23 27/16/27
f 28/1/28 29/2/29 30/22/30
f 28/24/28 30/22/30 32/35/32
f 28/39/28 32/35/32 29/52/29
f 31/3/31 30/22/30 33/12/33
f 31/30/31 32/35/32 30/22/30
f 31/40/31 33/56/33 32/35/32
f 29/2/29 33/12/33 30/22/30
f 29/52/29 32/35/32 33/56/33
f 34/1/34 35/2/35 36/22/36
f 34/24/34 36/22/36 39/35/39
f 34/39/34 39/35/39 35/52/35
f 37/3/37 36/22/36 38/6/38
f 37/30/37 39/35/39 36/22/36
f 37/40/37 38/54/38 39/35/39
f 35/2/35 40/16/40 36/22/36
f 35/52/35 39/35/39 38/54/38
f 35/52/35 38/54/38 40/61/40
f 38/6/38 36/22/36 40/16/40
f 41/1/41 42/2/42 43/22/43
f 41/24/41 43/22/43 45/35/45
f 41/39/41 45/35/45 42/52/42
f 44/3/44 43/22/43 46/12/46
f 44/30/44 45/35/45 43/22/43
f 44/40/44 46/56/46 45/35/45
f 42/2/42 46/12/46 43/22/43
f 42/52/42 45/35/45 46/56/46
f 47/1/47 48/2/48 49/22/49
f 47/24/47 49/22/49 52/35/52
f 47/39/47 52/35/52 48/52/48
f 50/3/50 49/22/49 51/6/51
f 50/30/50 52/35/52 49/22/49
f 50/40/50 51/54/51 52/35/52
f 48/2/48 53/16/53 49/22/49
f 48/52/48 52/35/52 51/54/51
f 48/52/48 51/54/51 53/61/53
f 51/6/51 49/22/49 53/16/53
f 54/1/54 55/2/55 56/22/56
f 54/24/54 56/22/56 58/35/58
f 54/39/54 58/35/58 55/52/55
f 57/3/57 56/22/56 59/12/59
f 57/30/57 58/35/58 56/22/56
f 57/40/57 59/56/59 58/35/58
f 55/2/55 59/12/59 56/22/56
f 55/52/55 58/35/58 59/56/59
f 60/1/60 61/2/61 62/21/62
f 60/24/60 62/21/62 64/35/64
f 60/39/60 64/35/64 61/52/61
f 63/3/63 62/21/62 65/12/65
f 63/30/63 64/35/64 62/21/62
f 63/40/63 65/56/65 64/35/64
f 61/2/61 65/12/65 62/21/62
f 61/52/61 64/35/64 65/56/65
f 66/1/66 67/2/67 68/22/68
f 66/24/66 68/22/68 71/35/71
f 66/39/66 71/35/71 67/52/67
f 69/3/69 68/22/68 70/6/70
f 69/30/69 71/35/71 68/22/68
f 69/40/69 70/54/70 71/35/71
f 67/2/67 72/16/72 68/22/68
f 67/52/67 71/35/71 70/54/70
f 67/52/67 70/54/70 72/61/72
f 70/6/70 68/22/68 72/16/72
f 73/1/73 74/2/74 75/22/75
f 73/24/73 75/22/75 77/35/77
f 73/39/73 77/35/77 74/52/74
f 76/3/76 75/22/75 78/12/78
f 76/30/76 77/35/77 75/22/75
f 76/40/76 78/56/78 77/35/77
f 74/2/74 78/12/78 75/22/75
f 74/52/74 77/35/77 78/56/78
f 79/1/79 80/2/80 81/22/81
f 79/24/79 81/22/81 84/35/84
f 79/39/79 84/35/84 80/52/80
f 82/3/82 81/22/81 83/6/83
f 82/30/82 84/35/84 81/22/81
f 82/40/82 83/54/83 84/35/84
f 80/2/80 85/16/85 81/22/81
f 80/52/80 84/35/84 83/54/83
f 80/52/80 83/54/83 85/61/85
f 83/6/83 81/22/81 85/16/85
f 86/1/86 87/2/87 88/22/88
f 86/24/86 88/22/88 91/35/91
f 86/39/86 91/35/91 87/52/87
f 89/3/89 88/22/88 90/6/90
f 89/30/89 91/35/91 88/22/88
f 89/40/89 90/54/90 91/35/91
f 87/2/87 92/16/92 88/22/88
f 87/52/87 91/35/91 90/54/90
f 87/52/87 90/54/90 92/61/92
f 90/6/90 88/22/88 92/16/92
f 93/1/93 94/2/94 95/22/95
f 93/24/93 95/22/95 98/35/98
f 93/39/93 98/35/98 94/52/94
f 96/3/96 95/22/95 97/6/97
f 96/30/96 98/35/98 95/22/95
f 96/40/96 97/54/97 98/35/98
f 94/2/94 99/16/99 95/22/95
f 94/52/94 98/35/98 97/54/97
f 94/52/94 97/54/97 99/61/99
f 97/6/97 95/22/95 99/16/99
f 100/1/100 101/2/101 102/22/102
f 100/24/100 102/22/102 105/35/105
f 100/39/100 105/35/105 101/52/101
f 103/3/103 102/22/102 104/6/104
f 103/30/103 105/35/105 102/22/102
f 103/40/103 104/54/104 105/35/105
f 101/2/101 106/16/106 102/22/102
f 101/52/101 105/35/105 104/54/104
f 101/52/101 104/54/104 106/61/106
f 104/6/104 102/22/102 106/16/106
f 107/1/107 108/2/108 109/22/109
f 107/24/107 109/22/109 111/35/111
f 107/39/107 111/35/111 108/52/108
f 110/3/110 109/22/109 112/12/112
f 110/30/110 111/35/111 109/22/109
f 110/40/110 112/56/112 111/35/111
f 108/2/108 112/12/112 109/22/109
f 108/52/108 111/35/111 112/56/112
f 113/1/113 114/2/114 115/22/115
f 113/24/113 115/22/115 118/35/118
f 113/39/113 118/35/118 114/52/114
f 116/3/116 115/22/115 117/6/117
f 116/30/116 118/35/118 115/22/115
f 116/40/116 117/54/117 118/35/118
f 114/2/114 119/16/119 115/22/115
f 114/52/114 118/35/118 117/54/117
f 114/52/114 117/54/117 119/61/119
f 117/6/117 115/22/115 119/16/119
f 120/1/120 121/2/121 122/22/122
f 120/24/120 122/22/122 124/35/124
f 120/39/120 124/35/124 121/52/121
f 123/3/123 122/22/122 125/12/125
f 123/30/123 124/35/124 122/22/122
f 123/40/123 125/56/125 124/35/124
f 121/2/121 125/12/125 122/22/122
f 121/52/121 124/35/124 125/56/125
f 126/1/126 127/2/127 128/22/128
f 126/24/126 128/22/128 130/35/130
f 126/39/126 130/35/130 127/52/127
f 129/3/129 128/22/128 131/12/131
f 129/30/129 130/35/130 128/22/128
f 129/40/129 131/56/131 130/35/130
f 127/2/127 131/12/131 128/22/128
f 127/52/127 130/35/130 131/56/131
f 132/1/132 133/2/133 134/22/134
f 132/24/132 134/22/134 137/35/137
f 132/39/132 137/35/137 133/52/133
f 135/3/135 134/22/134 136/6/136
f 135/30/135 137/35/137 134/22/134
f 135/40/135 136/54/136 137/35/137
f 133/2/133 138/16/138 134/22/134
f 133/52/133 137/35/137 136/54/136
f 133/52/133 136/54/136 138/61/138
f 136/6/136 134/22/134 138/16/138
f 139/1/139 140/2/140 141/22/141
f 139/24/139 141/22/141 143/35/143
f 139/39/139 143/35/143 140/52/140
f 142/3/142 141/22/141 144/12/144
f 142/30/142 143/35/143 141/22/141
f 142/40/142 144/56/144 143/35/143
f 140/2/140 144/12/144 141/22/141
f 140/52/140 143/35/143 144/56/144
f 145/1/145 146/2/146 147/22/147
f 145/24/145 147/22/147 150/35/150
f 145/39/145 150/35/150 146/52/146
f 148/3/148 147/22/147 149/6/149
f 148/30/148 150/35/150 147/22/147
f 148/40/148 149/54/149 150/35/150
f 146/2/146 151/16/151 147/22/147
f 146/52/146 150/35/150 149/54/149
f 146/52/146 149/54/149 151/61/151
f 149/6/149 147/22/147 151/16/151
f 152/1/152 154/22/154 153/2/153
f 152/24/152 157/35/157 154/22/154
f 152/39/152 153/52/153 157/35/157
f 155/3/155 156/6/156 154/22/154
f 155/30/155 154/22/154 157/35/157
f 155/40/155 157/35/157 156/54/156
f 153/2/153 154/22/154 158/16/158
f 153/52/153 156/54/156 157/35/157
f 153/52/153 158/61/158 156/54/156
f 156/6/156 158/16/158 154/22/154
f 159/1/159 160/2/160 161/21/161
f 159/24/159 161/21/161 163/35/163
f 159/39/159 163/35/163 160/52/160
f 162/3/162 161/21/161 164/12/164
f 162/30/162 163/35/163 161/21/161
f 162/40/162 164/56/164 163/35/163
f 160/2/160 164/12/164 161/21/161
f 160/52/160 163/35/163 164/56/164
f 165/1/165 166/2/166 167/22/167
f 165/24/165 167/22/167 170/35/170
f 165/39/165 170/35/170 166/52/166
f 168/3/168 167/22/167 169/6/169
f 168/30/168 170/35/170 167/22/167
f 168/40/168 169/54/169 170/35/170
f 166/2/166 171/16/171 167/22/167
f 166/52/166 170/35/170 169/54/169
f 166/52/166 169/54/169 171/61/171
f 169/6/169 167/22/167 171/16/171
f 172/1/172 173/2/173 174/22/174
f 172/24/172 174/22/174 177/35/177
f 172/39/172 177/35/177 173/52/173
f 175/3/175 174/22/174 176/6/176
f 175/30/175 177/35/177 174/22/174
f 175/40/175 176/54/176 177/35/177
f 173/2/173 178/16/178 174/22/174
f 173/52/173 177/35/177 176/54/176
f 173/52/173 176/54/176 178/61/178
f 176/6/176 174/22/174 178/16/178
f 179/1/179 180/2/180 181/22/181
f 179/24/179 181/22/181 184/35/184
f 179/39/179 184/35/184 180/52/180
f 182/3/182 181/22/181 183/6/183
f 182/30/182 184/35/184 181/22/181
f 182/40/182 183/54/183 184/35/184
f 180/2/180 185/16/185 181/22/181
f 180/52/180 184/35/184 183/54/183
f 180/52/180 183/54/183 185/61/185
f 183/6/183 181/22/181 185/16/185
f 186/1/186 187/2/187 188/22/188
f 186/24/186 188/22/188 191/35/191
f 186/39/186 191/35/191 187/52/187
f 189/3/189 188/22/188 190/6/190
f 189/30/189 191/35/191 188/22/188
f 189/40/189 190/54/190 191/35/191
f 187/2/187 192/16/192 188/22/188
f 187/52/187 191/35/191 190/54/190
f 187/52/187 190/54/190 192/61/192
f 190/6/190 188/22/188 192/16/192
f 193/1/193 194/2/194 195/22/195
f 193/24/193 195/22/195 198/35/198
f 193/39/193 198/35/198 194/52/194
f 196/3/196 195/22/195 197/6/197
f 196/30/196 198/35/198 195/22/195
f 196/40/196 197/54/197 198/35/198
f 194/2/194 199/16/199 195/22/195
f 194/52/194 198/35/198 197/54/197
f 194/52/194 197/54/197 199/61/199
f 197/6/197 195/22/195 199/16/199
f 200/1/200 201/2/201 202/22/202
f 200/24/200 202/22/202 205/35/205
f 200/39/200 205/35/205 201/52/201
f 203/3/203 202/22/202 204/6/204
f 203/30/203 205/35/205 202/22/202
f 203/40/203 204/54/204 205/35/205
f 201/2/201 206/16/206 202/22/202
f 201/52/201 205/35/205 204/54/204
f 201/52/201 204/54/204 206/61/206
f 204/6/204 202/22/202 206/16/206
f 207/1/207 208/2/208 209/22/209
f 207/24/207 209/22/209 212/35/212
f 207/39/207 212/35/212 208/52/208
f 210/3/210 209/22/209 211/6/211
f 210/30/210 212/35/212 209/22/209
f 210/40/210 211/54/211 212/35/212
f 208/2/208 213/16/213 209/22/209
f 208/52/208 212/35/212 211/54/211
f 208/52/208 211/54/211 213/61/213
f 211/6/211 209/22/209 213/16/213
f 214/1/214 215/2/215 216/22/216
f 214/24/214 216/22/216 219/35/219
f 214/39/214 219/35/219 215/52/215
f 217/3/217 216/22/216 218/6/218
f 217/30/217 219/35/219 216/22/216
f 217/40/217 218/54/218 219/35/219
f 215/2/215 220/16/220 216/22/216
f 215/52/215 219/35/219 218/54/218
f 215/52/215 218/54/218 220/61/220
f 218/6/218 216/22/216 220/16/220
f 221/1/221 222/2/222 223/22/223
f 221/24/221 223/22/223 226/35/226
f 221/39/221 226/35/226 222/52/222
f 224/3/224 223/22/223 225/6/225
f 224/30/224 226/35/226 223/22/223
f 224/40/224 225/54/225 226/35/226
f 222/2/222 227/16/227 223/22/223
f 222/52/222 226/35/226 225/54/225
f 222/52/222 225/54/225 227/61/227
f 225/6/225 223/22/223 227/16/227
f 228/1/228 229/2/229 230/22/230
f 228/24/228 230/22/230 233/35/233
f 228/39/228 233/35/233 229/52/229
f 231/3/231 230/22/230 232/6/232
f 231/30/231 233/35/233 230/22/230
f 231/40/231 232/54/232 233/35/233
f 229/2/229 234/16/234 230/22/230
f 229/52/229 233/35/233 232/54/232
f 229/52/229 232/54/232 234/61/234
f 232/6/232 230/22/230 234/16/234
f 235/1/235 236/2/236 237/22/237
f 235/24/235 237/22/237 240/35/240
f 235/39/235 240/35/240 236/52/236
f 238/3/238 237/22/237 239/6/239
f 238/30/238 240/35/240 237/22/237
f 238/40/238 239/54/239 240/35/240
f 236/2/236 241/16/241 237/22/237
f 236/52/236 240/35/240 239/54/239
f 236/52/236 239/54/239 241/61/241
f 239/6/239 237/22/237 241/16/241
f 242/1/242 243/2/243 244/22/244
f 242/24/242 244/22/244 247/35/247
f 242/39/242 247/35/247 243/52/243
f 245/3/245 244/22/244 246/6/246
f 245/30/245 247/35/247 244/22/244
f 245/40/245 246/54/246 247/35/247
f 243/2/243 248/16/248 244/22/244
f 243/52/243 247/35/247 246/54/246
f 243/52/243 246/54/246 248/61/248
f 246/6/246 244/22/244 248/16/248
f 249/1/249 250/2/250 251/22/251
f 249/24/249 251/22/251 254/35/254
f 249/39/249 254/35/254 250/52/250
f 252/3/252 251/22/251 253/6/253
f 252/30/252 254/35/254 251/22/251
f 252/40/252 253/54/253 254/35/254
f 250/2/250 255/16/255 251/22/251
f 250/52/250 254/35/254 253/54/253
f 250/52/250 253/54/253 255/61/255
f 253/6/253 251/22/251 255/16/255
f 256/1/256 257/2/257 258/22/258
f 256/24/256 258/22/258 261/35/261
f 256/39/256 261/35/261 257/52/257
f 259/3/259 258/22/258 260/6/260
f 259/30/259 261/35/261 258/22/258
f 259/40/259 260/54/260 261/35/261
f 257/2/257 262/16/262 258/22/258
f 257/52/257 261/35/261 260/54/260
f 257/52/257 260/54/260 262/61/262
f 260/6/260 258/22/258 262/16/262
f 263/1/263 264/2/264 265/22/265
f 263/24/263 265/22/265 267/35/267
f 263/39/263 267/35/267 264/52/264
f 266/3/266 265/22/265 268/12/268
f 266/30/266 267/35/267 265/22/265
f 266/40/266 268/56/268 267/35/267
f 264/2/264 268/12/268 265/22/265
f 264/52/264 267/35/267 268/56/268
f 269/1/269 270/2/270 271/22/271
f 269/24/269 271/22/271 274/35/274
f 269/39/269 274/35/274 270/52/270
f 272/3/272 271/22/271 273/6/273
f 272/30/272 274/35/274 271/22/271
f 272/40/272 273/54/273 274/35/274
f 270/2/270 275/16/275 271/22/271
f 270/52/270 274/35/274 273/54/273
f 270/52/270 273/54/273 275/61/275
f 273/6/273 271/22/271 275/16/275
f 276/1/276 277/2/277 278/22/278
f 276/24/276 278/22/278 280/35/280
f 276/39/276 280/35/280 277/52/277
f 279/3/279 278/22/278 281/12/281
f 279/30/279 280/35/280 278/22/278
f 279/40/279 281/56/281 280/35/280
f 277/2/277 281/12/281 278/22/278
f 277/52/277 280/35/280 281/56/281
f 282/1/282 283/2/283 284/22/284
f 282/24/282 284/22/284 286/35/286
f 282/39/282 286/35/286 283/52/283
f 285/3/285 284/22/284 287/12/287
f 285/30/285 286/35/286 284/22/284
f 285/40/285 287/56/287 286/35/286
f 283/2/283 287/12/287 284/22/284
f 283/52/283 286/35/286 287/56/287
f 288/1/288 289/2/289 290/22/290
f 288/24/288 290/22/290 292/35/292
f 288/39/288 292/35/292 289/52/289
f 291/3/291 290/22/290 293/12/293
f 291/30/291 292/35/292 290/22/290
f 291/40/291 293/56/293 292/35/292
f 289/2/289 293/12/293 290/22/290
f 289/52/289 292/35/292 293/56/293
f 294/1/294 295/2/295 296/22/296
f 294/24/294 296/22/296 298/35/298
f 294/39/294 298/35/298 295/52/295
f 297/3/297 296/22/296 299/12/299
f 297/30/297 298/35/298 296/22/296
f 297/40/297 299/56/299 298/35/298
f 295/2/295 299/12/299 296/22/296
f 295/52/295 298/35/298 299/56/299
f 300/1/300 301/2/301 302/22/302
f 300/24/300 302/22/302 304/35/304
f 300/39/300 304/35/304 301/52/301
f 303/3/303 302/22/302 305/12/305
f 303/30/303 304/35/304 302/22/302
f 303/40/303 305/56/305 304/35/304
f 301/2/301 305/12/305 302/22/302
f 301/52/301 304/35/304 305/56/305
f 306/1/306 307/2/307 308/22/308
f 306/24/306 308/22/308 311/35/311
f 306/39/306 311/35/311 307/52/307
f 309/3/309 308/22/308 310/6/310
f 309/30/309 311/35/311 308/22/308
f 309/40/309 310/54/310 311/35/311
f 307/2/307 312/16/312 308/22/308
f 307/52/307 311/35/311 310/54/310
f 307/52/307 310/54/310 312/61/312
f 310/6/310 308/22/308 312/16/312
f 313/1/313 314/2/314 315/22/315
f 313/24/313 315/22/315 317/35/317
f 313/39/313 317/35/317 314/52/314
f 316/3/316 315/22/315 318/12/318
f 316/30/316 317/35/317 315/22/315
f 316/40/316 318/56/318 317/35/317
f 314/2/314 318/12/318 315/22/315
f 314/52/314 317/35/317 318/56/318
f 319/1/319 320/2/320 321/22/321
f 319/24/319 321/22/321 323/35/323
f 319/39/319 323/35/323 320/52/320
f 322/3/322 321/22/321 324/12/324
f 322/30/322 323/35/323 321/22/321
f 322/40/322 324/56/324 323/35/323
f 320/2/320 324/12/324 321/22/321
f 320/52/320 323/35/323 324/56/324
f 325/1/325 326/2/326 327/22/327
f 325/24/325 327/22/327 330/35/330
f 325/39/325 330/35/330 326/52/326
f 328/3/328 327/22/327 329/6/329
f 328/30/328 330/35/330 327/22/327
f 328/40/328 329/54/329 330/35/330
f 326/2/326 331/16/331 327/22/327
f 326/52/326 330/35/330 329/54/329
f 326/52/326 329/54/329 331/61/331
f 329/6/329 327/22/327 331/16/331
f 332/1/332 333/2/333 334/22/334
f 332/24/332 334/22/334 336/35/336
f 332/39/332 336/35/336 333/52/333
f 335/3/335 334/22/334 337/12/337
f 335/30/335 336/35/336 334/22/334
f 335/40/335 337/56/337 336/35/336
f 333/2/333 337/12/337 334/22/334
f 333/52/333 336/35/336 337/56/337
f 338/1/338 339/2/339 340/22/340
f 338/24/338 340/22/340 342/35/342
f 338/39/338 342/35/342 339/52/339
f 341/3/341 340/22/340 343/12/343
f 341/30/341 342/35/342 340/22/340
f 341/40/341 343/56/343 342/35/342
f 339/2/339 343/12/343 340/22/340
f 339/52/339 342/35/342 343/56/343
f 344/1/344 345/2/345 346/22/346
f 344/24/344 346/22/346 348/35/348
f 344/39/344 348/35/348 345/52/345
f 347/3/347 346/22/346 349/12/349
f 347/30/347 348/35/348 346/22/346
f 347/40/347 349/56/349 348/35/348
f 345/2/345 349/12/349 346/22/346
f 345/52/345 348/35/348 349/56/349
f 350/1/350 351/2/351 352/22/352
f 350/24/350 352/22/352 354/35/354
f 350/39/350 354/35/354 351/52/351
f 353/3/353 352/22/352 355/12/355
f 353/30/353 354/35/354 352/22/352
f 353/40/353 355/56/355 354/35/354
f 351/2/351 355/12/355 352/22/352
f 351/52/351 354/35/354 355/56/355
f 356/1/356 357/2/357 358/22/358
f 356/24/356 358/22/358 360/35/360
f 356/39/356 360/35/360 357/52/357
f 359/3/359 358/22/358 361/12/361
f 359/30/359 360/35/360 358/22/358
f 359/40/359 361/56/361 360/35/360
f 357/2/357 361/12/361 358/22/358
f 357/52/357 360/35/360 361/56/361
f 362/1/362 363/2/363 364/22/364
f 362/24/362 364/22/364 366/35/366
f 362/39/362 366/35/366 363/52/363
f 365/3/365 364/22/364 367/12/367
f 365/30/365 366/35/366 364/22/364
f 365/40/365 367/56/367 366/35/366
f 363/2/363 367/12/367 364/22/364
f 363/52/363 366/35/366 367/56/367
f 368/1/368 369/2/369 370/22/370
f 368/24/368 370/22/370 373/35/373
f 368/39/368 373/35/373 369/52/369
f 371/3/371 370/22/370 372/6/372
f 371/30/371 373/35/373 370/22/370
f 371/40/371 372/54/372 373/35/373
f 369/2/369 374/16/374 370/22/370
f 369/52/369 373/35/373 372/54/372
f 369/52/369 372/54/372 374/61/374
f 372/6/372 370/22/370 374/16/374
f 375/1/375 376/2/376 377/22/377
f 375/24/375 377/22/377 380/35/380
f 375/39/375 380/35/380 376/52/376
f 378/3/378 377/22/377 379/6/379
f 378/30/378 380/35/380 377/22/377
f 378/40/378 379/54/379 380/35/380
f 376/2/376 381/16/381 377/22/377
f 376/52/376 380/35/380 379/54/379
f 376/52/376 379/54/379 381/61/381
f 379/6/379 377/22/377 381/16/381
f 382/1/382 383/2/383 384/22/384
f 382/24/382 384/22/384 387/35/387
f 382/39/382 387/35/387 383/52/383
f 385/3/385 384/22/384 386/6/386
f 385/30/385 387/35/387 384/22/384
f 385/40/385 386/54/386 387/35/387
f 383/2/383 388/16/388 384/22/384
f 383/52/383 387/35/387 386/54/386
f 383/52/383 386/54/386 388/61/388
f 386/6/386 384/22/384 388/16/388
f 389/1/389 390/2/390 391/22/391
f 389/24/389 391/22/391 393/35/393
f 389/39/389 393/35/393 390/52/390
f 392/3/392 391/22/391 394/12/394
f 392/30/392 393/35/393 391/22/391
f 392/40/392 394/56/394 393/35/393
f 390/2/390 394/12/394 391/22/391
f 390/52/390 393/35/393 394/56/394
f 395/1/395 396/2/396 397/22/397
f 395/24/395 397/22/397 400/35/400
f 395/39/395 400/35/400 396/52/396
f 398/3/398 397/22/397 399/6/399
f 398/30/398 400/35/400 397/22/397
f 398/40/398 399/54/399 400/35/400
f 396/2/396 401/16/401 397/22/397
f 396/52/396 400/35/400 399/54/399
f 396/52/396 399/54/399 401/61/401
f 399/6/399 397/22/397 401/16/401
f 402/1/402 403/2/403 404/22/404
f 402/24/402 404/22/404 406/35/406
f 402/39/402 406/35/406 403/52/403
f 405/3/405 404/22/404 407/12/407
f 405/30/405 406/35/406 404/22/404
f 405/40/405 407/56/407 406/35/406
f 403/2/403 407/12/407 404/22/404
f 403/52/403 406/35/406 407/56/407
f 408/1/408 409/2/409 410/22/410
f 408/24/408 410/22/410 412/35/412
f 408/39/408 412/35/412 409/52/409
f 411/3/411 410/22/410 413/12/413
f 411/30/411 412/35/412 410/22/410
f 411/40/411 413/56/413 412/35/412
f 409/2/409 413/12/413 410/22/410
f 409/52/409 412/35/412 413/56/413
f 414/1/414 415/2/415 416/22/416
f 414/24/414 416/22/416 418/35/418
f 414/39/414 418/35/418 415/52/415
f 417/3/417 416/22/416 419/12/419
f 417/30/417 418/35/418 416/22/416
f 417/40/417 419/56/419 418/35/418
f 415/2/415 419/12/419 416/22/416
f 415/52/415 418/35/418 419/56/419
f 420/1/420 421/2/421 422/22/422
f 420/24/420 422/22/422 425/35/425
f 420/39/420 425/35/425 421/52/421
f 423/3/423 422/22/422 424/6/424
f 423/30/423 425/35/425 422/22/422
f 423/40/423 424/54/424 425/35/425
f 421/2/421 426/16/426 422/22/422
f 421/52/421 425/35/425 424/54/424
f 421/52/421 424/54/424 426/61/426
f 424/6/424 422/22/422 426/16/426
f 427/1/427 428/2/428 429/22/429
f 427/24/427 429/22/429 431/35/431
f 427/39/427 431/35/431 428/52/428
f 430/3/430 429/22/429 432/12/432
f 430/30/430 431/35/431 429/22/429
f 430/40/430 432/56/432 431/35/431
f 428/2/428 432/12/432 429/22/429
f 428/52/428 431/35/431 432/56/432
f 433/1/433 434/2/434 435/22/435
f 433/24/433 435/22/435 437/35/437
f 433/39/433 437/35/437 434/52/434
f 436/3/436 435/22/435 438/12/438
f 436/30/436 437/35/437 435/22/435
f 436/40/436 438/56/438 437/35/437
f 434/2/434 438/12/438 435/22/435
f 434/52/434 437/35/437 438/56/438
f 439/1/439 440/2/440 441/22/441
f 439/24/439 441/22/441 444/35/444
f 439/39/439 444/35/444 440/52/440
f 442/3/442 441/22/441 443/6/443
f 442/30/442 444/35/444 441/22/441
f 442/40/442 443/54/443 444/35/444
f 440/2/440 445/16/445 441/22/441
f 440/52/440 444/35/444 443/54/443
f 440/52/440 443/54/443 445/61/445
f 443/6/443 441/22/441 445/16/445
f 446/1/446 447/2/447 448/22/448
f 446/24/446 448/22/448 450/35/450
f 446/39/446 450/35/450 447/52/447
f 449/3/449 448/22/448 451/12/451
f 449/30/449 450/35/450 448/22/448
f 449/40/449 451/56/451 450/35/450
f 447/2/447 451/12/451 448/22/448
f 447/52/447 450/35/450 451/56/451
f 452/1/452 453/2/453 454/22/454
f 452/24/452 454/22/454 457/35/457
f 452/39/452 457/35/457 453/52/453
f 455/3/455 454/22/454 456/6/456
f 455/30/455 457/35/457 454/22/454
f 455/40/455 456/54/456 457/35/457
f 453/2/453 458/16/458 454/22/454
f 453/52/453 457/35/457 456/54/456
f 453/52/453 456/54/456 458/61/458
f 456/6/456 454/22/454 458/16/458
f 459/1/459 460/2/460 461/22/461
f 459/24/459 461/22/461 464/35/464
f 459/39/459 464/35/464 460/52/460
f 462/3/462 461/22/461 463/6/463
f 462/30/462 464/35/464 461/22/461
f 462/40/462 463/54/463 464/35/464
f 460/2/460 465/16/465 461/22/461
f 460/52/460 464/35/464 463/54/463
f 460/52/460 463/54/463 465/61/465
f 463/6/463 461/22/461 465/16/465
f 466/1/466 467/2/467 468/22/468
f 466/24/466 468/22/468 471/35/471
f 466/39/466 471/35/471 467/52/467
f 469/3/469 468/22/468 470/6/470
f 469/30/469 471/35/471 468/22/468
f 469/40/469 470/54/470 471/35/471
f 467/2/467 472/16/472 468/22/468
f 467/52/467 471/35/471 470/54/470
f 467/52/467 470/54/470 472/61/472
f 470/6/470 468/22/468 472/16/472
f 473/1/473 474/2/474 475/22/475
f 473/24/473 475/22/475 478/35/478
f 473/39/473 478/35/478 474/52/474
f 476/3/476 475/22/475 477/6/477
f 476/30/476 478/35/478 475/22/475
f 476/40/476 477/54/477 478/35/478
f 474/2/474 479/16/479 475/22/475
f 474/52/474 478/35/478 477/54/477
f 474/52/474 477/54/477 479/61/479
f 477/6/477 475/22/475 479/16/479
f 480/1/480 481/2/481 482/22/482
f 480/24/480 482/22/482 485/35/485
f 480/39/480 485/35/485 481/52/481
f 483/3/483 482/22/482 484/6/484
f 483/30/483 485/35/485 482/22/482
f 483/40/483 484/54/484 485/35/485
f 481/2/481 486/16/486 482/22/482
f 481/52/481 485/35/485 484/54/484
f 481/52/481 484/54/484 486/61/486
f 484/6/484 482/22/482 486/16/486
f 487/1/487 488/2/488 489/22/489
f 487/24/487 489/22/489 492/35/492
f 487/39/487 492/35/492 488/52/488
f 490/3/490 489/22/489 491/6/491
f 490/30/490 492/35/492 489/22/489
f 490/40/490 491/54/491 492/35/492
f 488/2/488 493/16/493 489/22/489
f 488/52/488 492/35/492 491/54/491
f 488/52/488 491/54/491 493/61/493
f 491/6/491 489/22/489 493/16/493
f 494/1/494 495/2/495 496/22/496
f 494/24/494 496/22/496 499/35/499
f 494/39/494 499/35/499 495/52/495
f 497/3/497 496/22/496 498/6/498
f 497/30/497 499/35/499 496/22/496
f 497/40/497 498/54/498 499/35/499
f 495/2/495 500/16/500 496/22/496
f 495/52/495 499/35/499 498/54/498
f 495/52/495 498/54/498 500/61/500
f 498/6/498 496/22/496 500/16/500
f 501/1/501 502/2/502 503/22/503
f 501/24/501 503/22/503 506/35/506
f 501/39/501 506/35/506 502/52/502
f 504/3/504 503/22/503 505/6/505
f 504/30/504 506/35/506 503/22/503
f 504/40/504 505/54/505 506/35/506
f 502/2/502 507/16/507 503/22/503
f 502/52/502 506/35/506 505/54/505
f 502/52/502 505/54/505 507/61/507
f 505/6/505 503/22/503 507/16/507
f 508/1/508 509/2/509 510/22/510
f 508/24/508 510/22/510 513/35/513
f 508/39/508 513/35/513 509/52/509
f 511/3/511 510/22/510 512/6/512
f 511/30/511 513/35/513 510/22/510
f 511/40/511 512/54/512 513/35/513
f 509/2/509 514/16/514 510/22/510
f 509/52/509 513/35/513 512/54/512
f 509/52/509 512/54/512 514/61/514
f 512/6/512 510/22/510 514/16/514
f 515/1/515 516/2/516 517/22/517
f 515/24/515 517/22/517 520/35/520
f 515/39/515 520/35/520 516/52/516
f 518/3/518 517/22/517 519/6/519
f 518/30/518 520/35/520 517/22/517
f 518/40/518 519/54/519 520/35/520
f 516/2/516 521/16/521 517/22/517
f 516/52/516 520/35/520 519/54/519
f 516/52/516 519/54/519 521/61/521
f 519/6/519 517/22/517 521/16/521
f 522/1/522 523/2/523 524/22/524
f 522/24/522 524/22/524 527/35/527
f 522/39/522 527/35/527 523/52/523
f 525/3/525 524/22/524 526/6/526
f 525/30/525 527/35/527 524/22/524
f 525/40/525 526/54/526 527/35/527
f 523/2/523 528/16/528 524/22/524
f 523/52/523 527/35/527 526/54/526
f 523/52/523 526/54/526 528/61/528
f 526/6/526 524/22/524 528/16/528
f 529/1/529 530/2/530 531/22/531
f 529/24/529 531/22/531 534/35/534
f 529/39/529 534/35/534 530/52/530
f 532/3/532 531/22/531 533/6/533
f 532/30/532 534/35/534 531/22/531
f 532/40/532 533/54/533 534/35/534
f 530/2/530 535/16/535 531/22/531
f 530/52/530 534/35/534 533/54/533
f 530/52/530 533/54/533 535/61/535
f 533/6/533 531/22/531 535/16/535
f 536/1/536 537/2/537 538/22/538
f 536/24/536 538/22/538 541/35/541
f 536/39/536 541/35/541 537/52/537
f 539/3/539 538/22/538 540/6/540
f 539/30/539 541/35/541 538/22/538
f 539/40/539 540/54/540 541/35/541
f 537/2/537 542/16/542 538/22/538
f 537/52/537 541/35/541 540/54/540
f 537/52/537 540/54/540 542/61/542
f 540/6/540 538/22/538 542/16/542
f 543/1/543 544/2/544 545/22/545
f 543/24/543 545/22/545 548/35/548
f 543/39/543 548/35/548 544/52/544
f 546/3/546 545/22/545 547/6/547
f 546/30/546 548/35/548 545/22/545
f 546/40/546 547/54/547 548/35/548
f 544/2/544 549/16/549 545/22/545
f 544/52/544 548/35/548 547/54/547
f 544/52/544 547/54/547 549/61/549
f 547/6/547 545/22/545 549/16/549
f 550/1/550 551/2/551 552/22/552
f 550/24/550 552/22/552 555/35/555
f 550/39/550 555/35/555 551/52/551
f 553/3/553 552/22/552 554/6/554
f 553/30/553 555/35/555 552/22/552
f 553/40/553 554/54/554 555/35/555
f 551/2/551 556/16/556 552/22/552
f 551/52/551 555/35/555 554/54/554
f 551/52/551 554/54/554 556/61/556
f 554/6/554 552/22/552 556/16/556
f 557/1/557 558/2/558 559/22/559
f 557/24/557 559/22/559 562/35/562
f 557/39/557 562/35/562 558/52/558
f 560/3/560 559/22/559 561/6/561
f 560/30/560 562/35/562 559/22/559
f 560/40/560 561/54/561 562/35/562
f 558/2/558 563/16/563 559/22/559
f 558/52/558 562/35/562 561/54/561
f 558/52/558 561/54/561 563/61/563
f 561/6/561 559/22/559 563/16/563
f 564/1/564 565/2/565 566/22/566
f 564/24/564 566/22/566 569/35/569
f 564/39/564 569/35/569 565/52/565
f 567/3/567 566/22/566 568/6/568
f 567/30/567 569/35/569 566/22/566
f 567/40/567 568/54/568 569/35/569
f 565/2/565 570/16/570 566/22/566
f 565/52/565 569/35/569 568/54/568
f 565/52/565 568/54/568 570/61/570
f 568/6/568 566/22/566 570/16/570
f 571/1/571 572/2/572 573/22/573
f 571/24/571 573/22/573 575/35/575
f 571/39/571 575/35/575 572/52/572
f 574/3/574 573/22/573 576/12/576
f 574/30/574 575/35/575 573/22/573
f 574/40/574 576/56/576 575/35/575
f 572/2/572 576/12/576 573/22/573
f 572/52/572 575/35/575 576/56/576
f 577/1/577 578/2/578 579/22/579
f 577/24/577 579/22/579 582/35/582
f 577/39/577 582/35/582 578/52/578
f 580/3/580 579/22/579 581/6/581
f 580/30/580 582/35/582 579/22/579
f 580/40/580 581/54/581 582/35/582
f 578/2/578 583/16/583 579/22/579
f 578/52/578 582/35/582 581/54/581
f 578/52/578 581/54/581 583/61/583
f 581/6/581 579/22/579 583/16/583
f 584/1/584 585/2/585 586/22/586
f 584/24/584 586/22/586 589/35/589
f 584/39/584 589/35/589 585/52/585
f 587/3/587 586/22/586 588/6/588
f 587/30/587 589/35/589 586/22/586
f 587/40/587 588/54/588 589/35/589
f 585/2/585 590/16/590 586/22/586
f 585/52/585 589/35/589 588/54/588
f 585/52/585 588/54/588 590/61/590
f 588/6/588 586/22/586 590/16/590
f 591/1/591 592/2/592 593/22/593
f 591/24/591 593/22/593 596/35/596
f 591/39/591 596/35/596 592/52/592
f 594/3/594 593/22/593 595/6/595
f 594/30/594 596/35/596 593/22/593
f 594/40/594 595/54/595 596/35/596
f 592/2/592 597/16/597 593/22/593
f 592/52/592 596/35/596 595/54/595
f 592/52/592 595/54/595 597/61/597
f 595/6/595 593/22/593 597/16/597
f 598/1/598 599/2/599 600/22/600
f 598/24/598 600/22/600 603/35/603
f 598/39/598 603/35/603 599/52/599
f 601/3/601 600/22/600 602/6/602
f 601/30/601 603/35/603 600/22/600
f 601/40/601 602/54/602 603/35/603
f 599/2/599 604/16/604 600/22/600
f 599/52/599 603/35/603 602/54/602
f 599/52/599 602/54/602 604/61/604
f 602/6/602 600/22/600 604/16/604
f 605/1/605 606/2/606 607/22/607
f 605/24/605 607/22/607 610/35/610
f 605/39/605 610/35/610 606/52/606
f 608/3/608 607/22/607 609/6/609
f 608/30/608 610/35/610 607/22/607
f 608/40/608 609/54/609 610/35/610
f 606/2/606 611/16/611 607/22/607
f 606/52/606 610/35/610 609/54/609
f 606/52/606 609/54/609 611/61/611
f 609/6/609 607/22/607 611/16/611
f 612/1/612 613/2/613 614/22/614
f 612/24/612 614/22/614 617/35/617
f 612/39/612 617/35/617 613/52/613
f 615/3/615 614/22/614 616/6/616
f 615/30/615 617/35/617 614/22/614
f 615/40/615 616/54/616 617/35/617
f 613/2/613 618/16/618 614/22/614
f 613/52/613 617/35/617 616/54/616
f 613/52/613 616/54/616 618/61/618
f 616/6/616 614/22/614 618/16/618
f 619/1/619 620/2/620 621/22/621
f 619/24/619 621/22/621 624/35/624
f 619/39/619 624/35/624 620/52/620
f 622/3/622 621/22/621 623/6/623
f 622/30/622 624/35/624 621/22/621
f 622/40/622 623/54/623 624/35/624
f 620/2/620 625/16/625 621/22/621
f 620/52/620 624/35/624 623/54/623
f 620/52/620 623/54/623 625/61/625
f 623/6/623 621/22/621 625/16/625
f 626/1/626 627/2/627 628/22/628
f 626/24/626 628/22/628 631/35/631
f 626/39/626 631/35/631 627/52/627
f 629/3/629 628/22/628 630/6/630
f 629/30/629 631/35/631 628/22/628
f 629/40/629 630/54/630 631/35/631
f 627/2/627 632/16/632 628/22/628
f 627/52/627 631/35/631 630/54/630
f 627/52/627 630/54/630 632/61/632
f 630/6/630 628/22/628 632/16/632
f 633/1/633 634/2/634 635/22/635
f 633/24/633 635/22/635 638/35/638
f 633/39/633 638/35/638 634/52/634
f 636/3/636 635/22/635 637/6/637
f 636/30/636 638/35/638 635/22/635
f 636/40/636 637/54/637 638/35/638
f 634/2/634 639/16/639 635/22/635
f 634/52/634 638/35/638 637/54/637
f 634/52/634 637/54/637 639/61/639
f 637/6/637 635/22/635 639/16/639
f 640/1/640 641/2/641 642/22/642
f 640/24/640 642/22/642 645/35/645
f 640/39/640 645/35/645 641/52/641
f 643/3/643 642/22/642 644/6/644
f 643/30/643 645/35/645 642/22/642
f 643/40/643 644/54/644 645/35/645
f 641/2/641 646/16/646 642/22/642
f 641/52/641 645/35/645 644/54/644
f 641/52/641 644/54/644 646/61/646
f 644/6/644 642/22/642 646/16/646
f 647/1/647 648/2/648 649/22/649
f 647/24/647 649/22/649 652/35/652
f 647/39/647 652/35/652 648/52/648
f 650/3/650 649/22/649 651/6/651
f 650/30/650 652/35/652 649/22/649
f 650/40/650 651/54/651 652/35/652
f 648/2/648 653/16/653 649/22/649
f 648/52/648 652/35/652 651/54/651
f 648/52/648 651/54/651 653/61/653
f 651/6/651 649/22/649 653/16/653
f 654/1/654 655/2/655 656/22/656
f 654/24/654 656/22/656 659/35/659
f 654/39/654 659/35/659 655/52/655
f 657/3/657 656/22/656 658/6/658
f 657/30/657 659/35/659 656/22/656
f 657/40/657 658/54/658 659/35/659
f 655/2/655 660/16/660 656/22/656
f 655/52/655 659/35/659 658/54/658
f 655/52/655 658/54/658 660/61/660
f 658/6/658 656/22/656 660/16/660
f 661/1/661 662/2/662 663/22/663
f 661/24/661 663/22/663 666/35/666
f 661/39/661 666/35/666 662/52/662
f 664/3/664 663/22/663 665/6/665
f 664/30/664 666/35/666 663/22/663
f 664/40/664 665/54/665 666/35/666
f 662/2/662 667/16/667 663/22/663
f 662/52/662 666/35/666 665/54/665
f 662/52/662 665/54/665 667/61/667
f 665/6/665 663/22/663 667/16/667
f 668/1/668 669/2/669 670/22/670
f 668/24/668 670/22/670 673/35/673
f 668/39/668 673/35/673 669/52/669
f 671/3/671 670/22/670 672/6/672
f 671/30/671 673/35/673 670/22/670
f 671/40/671 672/54/672 673/35/673
f 669/2/669 674/16/674 670/22/670
f 669/52/669 673/35/673 672/54/672
f 669/52/669 672/54/672 674/61/674
f 672/6/672 670/22/670 674/16/674
f 675/1/675 676/2/676 677/22/677
f 675/24/675 677/22/677 680/35/680
f 675/39/675 680/35/680 676/52/676
f 678/3/678 677/22/677 679/6/679
f 678/30/678 680/35/680 677/22/677
f 678/40/678 679/54/679 680/35/680
f 676/2/676 681/16/681 677/22/677
f 676/52/676 680/35/680 679/54/679
f 676/52/676 679/54/679 681/61/681
f 679/6/679 677/22/677 681/16/681
f 682/1/682 683/2/683 684/22/684
f 682/24/682 684/22/684 686/35/686
f 682/39/682 686/35/686 683/52/683
f 685/3/685 684/22/684 687/12/687
f 685/30/685 686/35/686 684/22/684
f 685/40/685 687/56/687 686/35/686
f 683/2/683 687/12/687 684/22/684
f 683/52/683 686/35/686 687/56/687
f 688/1/688 690/22/690 689/2/689
f 688/24/688 693/35/693 690/22/690
f 688/39/688 689/52/689 693/35/693
f 691/3/691 692/6/692 690/22/690
f 691/30/691 690/22/690 693/35/693
f 691/40/691 693/35/693 692/54/692
f 689/2/689 690/22/690 694/16/694
f 689/52/689 692/54/692 693/35/693
f 689/52/689 694/61/694 692/54/692
f 692/6/692 694/16/694 690/22/690
f 695/1/695 696/2/696 697/22/697
f 695/24/695 697/22/697 700/35/700
f 695/39/695 700/35/700 696/52/696
f 698/3/698 697/22/697 699/6/699
f 698/30/698 700/35/700 697/22/697
f 698/40/698 699/54/699 700/35/700
f 696/2/696 701/16/701 697/22/697
f 696/52/696 700/35/700 699/54/699
f 696/52/696 699/54/699 701/61/701
f 699/6/699 697/22/697 701/16/701
f 702/1/702 703/2/703 704/22/704
f 702/24/702 704/22/704 707/35/707
f 702/39/702 707/35/707 703/52/703
f 705/3/705 704/22/704 706/6/706
f 705/30/705 707/35/707 704/22/704
f 705/40/705 706/54/706 707/35/707
f 703/2/703 708/16/708 704/22/704
f 703/52/703 707/35/707 706/54/706
f 703/52/703 706/54/706 708/61/708
f 706/6/706 704/22/704 708/16/708
f 709/1/709 710/2/710 711/22/711
f 709/24/709 711/22/711 714/35/714
f 709/39/709 714/35/714 710/52/710
f 712/3/712 711/22/711 713/6/713
f 712/30/712 714/35/714 711/22/711
f 712/40/712 713/54/713 714/35/714
f 710/2/710 715/16/715 711/22/711
f 710/52/710 714/35/714 713/54/713
f 710/52/710 713/54/713 715/61/715
f 713/6/713 711/22/711 715/16/715
f 716/1/716 717/2/717 718/22/718
f 716/24/716 718/22/718 721/35/721
f 716/39/716 721/35/721 717/52/717
f 719/3/719 718/22/718 720/6/720
f 719/30/719 721/35/721 718/22/718
f 719/40/719 720/54/720 721/35/721
f 717/2/717 722/16/722 718/22/718
f 717/52/717 721/35/721 720/54/720
f 717/52/717 720/54/720 722/61/722
f 720/6/720 718/22/718 722/16/722
f 723/1/723 724/2/724 725/22/725
f 723/24/723 725/22/725 728/35/728
f 723/39/723 728/35/728 724/52/724
f 726/3/726 725/22/725 727/6/727
f 726/30/726 728/35/728 725/22/725
f 726/40/726 727/54/727 728/35/728
f 724/2/724 729/16/729 725/22/725
f 724/52/724 728/35/728 727/54/727
f 724/52/724 727/54/727 729/61/729
f 727/6/727 725/22/725 729/16/729
f 730/1/730 731/2/731 732/22/732
f 730/24/730 732/22/732 735/35/735
f 730/39/730 735/35/735 731/52/731
f 733/3/733 732/22/732 734/6/734
f 733/30/733 735/35/735 732/22/732
f 733/40/733 734/54/734 735/35/735
f 731/2/731 736/16/736 732/22/732
f 731/52/731 735/35/735 734/54/734
f 731/52/731 734/54/734 736/61/736
f 734/6/734 732/22/732 736/16/736
f 737/1/737 738/2/738 739/22/739
f 737/24/737 739/22/739 742/35/742
f 737/39/737 742/35/742 738/52/738
f 740/3/740 739/22/739 741/6/741
f 740/30/740 742/35/742 739/22/739
f 740/40/740 741/54/741 742/35/742
f 738/2/738 743/16/743 739/22/739
f 738/52/738 742/35/742 741/54/741
f 738/52/738 741/54/741 743/61/743
f 741/6/741 739/22/739 743/16/743
f 744/1/744 745/2/745 746/22/746
f 744/24/744 746/22/746 749/35/749
f 744/39/744 749/35/749 745/52/745
f 747/3/747 746/22/746 748/6/748
f 747/30/747 749/35/749 746/22/746
f 747/40/747 748/54/748 749/35/749
f 745/2/745 750/16/750 746/22/746
f 745/52/745 749/35/749 748/54/748
f 745/52/745 748/54/748 750/61/750
f 748/6/748 746/22/746 750/16/750
f 751/1/751 752/2/752 753/22/753
f 751/24/751 753/22/753 756/35/756
f 751/39/751 756/35/756 752/52/752
f 754/3/754 753/22/753 755/6/755
f 754/30/754 756/35/756 753/22/753
f 754/40/754 755/54/755 756/35/756
f 752/2/752 757/16/757 753/22/753
f 752/52/752 756/35/756 755/54/755
f 752/52/752 755/54/755 757/61/757
f 755/6/755 753/22/753 757/16/757
f 758/1/758 759/2/759 760/22/760
f 758/24/758 760/22/760 763/35/763
f 758/39/758 763/35/763 759/52/759
f 761/3/761 760/22/760 762/6/762
f 761/30/761 763/35/763 760/22/760
f 761/40/761 762/54/762 763/35/763
f 759/2/759 764/16/764 760/22/760
f 759/52/759 763/35/763 762/54/762
f 759/52/759 762/54/762 764/61/764
f 762/6/762 760/22/760 764/16/764
f 765/1/765 766/2/766 767/22/767
f 765/24/765 767/22/767 770/35/770
f 765/39/765 770/35/770 766/52/766
f 768/3/768 767/22/767 769/6/769
f 768/30/768 770/35/770 767/22/767
f 768/40/768 769/54/769 770/35/770
f 766/2/766 771/16/771 767/22/767
f 766/52/766 770/35/770 769/54/769
f 766/52/766 769/54/769 771/61/771
f 769/6/769 767/22/767 771/16/771
f 772/1/772 773/2/773 774/22/774
f 772/24/772 774/22/774 776/35/776
f 772/39/772 776/35/776 773/52/773
f 775/3/775 774/22/774 777/12/777
f 775/30/775 776/35/776 774/22/774
f 775/40/775 777/56/777 776/35/776
f 773/2/773 777/12/777 774/22/774
f 773/52/773 776/35/776 777/56/777
f 778/1/778 779/2/779 780/22/780
f 778/24/778 780/22/780 783/35/783
f 778/39/778 783/35/783 779/52/779
f 781/3/781 780/22/780 782/6/782
f 781/30/781 783/35/783 780/22/780
f 781/40/781 782/54/782 783/35/783
f 779/2/779 784/16/784 780/22/780
f 779/52/779 783/35/783 782/54/782
f 779/52/779 782/54/782 784/61/784
f 782/6/782 780/22/780 784/16/784
f 785/1/785 786/2/786 787/22/787
f 785/24/785 787/22/787 789/35/789
f 785/39/785 789/35/789 786/52/786
f 788/3/788 787/22/787 790/12/790
f 788/30/788 789/35/789 787/22/787
f 788/40/788 790/56/790 789/35/789
f 786/2/786 790/12/790 787/22/787
f 786/52/786 789/35/789 790/56/790
f 791/1/791 792/2/792 793/22/793
f 791/24/791 793/22/793 796/35/796
f 791/39/791 796/35/796 792/52/792
f 794/3/794 793/22/793 795/6/795
f 794/30/794 796/35/796 793/22/793
f 794/40/794 795/54/795 796/35/796
f 792/2/792 797/16/797 793/22/793
f 792/52/792 796/35/796 795/54/795
f 792/52/792 795/54/795 797/61/797
f 795/6/795 793/22/793 797/16/797
f 798/1/798 799/2/799 800/22/800
f 798/24/798 800/22/800 803/35/803
f 798/39/798 803/35/803 799/52/799
f 801/3/801 800/22/800 802/6/802
f 801/30/801 803/35/803 800/22/800
f 801/40/801 802/54/802 803/35/803
f 799/2/799 804/16/804 800/22/800
f 799/52/799 803/35/803 802/54/802
f 799/52/799 802/54/802 804/61/804
f 802/6/802 800/22/800 804/16/804
f 805/1/805 806/2/806 807/22/807
f 805/24/805 807/22/807 810/35/810
f 805/39/805 810/35/810 806/52/806
f 808/3/808 807/22/807 809/6/809
f 808/30/808 810/35/810 807/22/807
f 808/40/808 809/54/809 810/35/810
f 806/2/806 811/16/811 807/22/807
f 806/52/806 810/35/810 809/54/809
f 806/52/806 809/54/809 811/61/811
f 809/6/809 807/22/807 811/16/811
f 812/1/812 813/2/813 814/22/814
f 812/24/812 814/22/814 816/35/816
f 812/39/812 816/35/816 813/52/813
f 815/3/815 814/22/814 817/12/817
f 815/30/815 816/35/816 814/22/814
f 815/40/815 817/56/817 816/35/816
f 813/2/813 817/12/817 814/22/814
f 813/52/813 816/35/816 817/56/817
f 818/1/818 819/2/819 820/22/820
f 818/24/818 820/22/820 823/35/823
f 818/39/818 823/35/823 819/52/819
f 821/3/821 820/22/820 822/6/822
f 821/30/821 823/35/823 820/22/820
f 821/40/821 822/54/822 823/35/823
f 819/2/819 824/16/824 820/22/820
f 819/52/819 823/35/823 822/54/822
f 819/52/819 822/54/822 824/61/824
f 822/6/822 820/22/820 824/16/824
f 825/1/825 826/2/826 827/22/827
f 825/24/825 827/22/827 830/35/830
f 825/39/825 830/35/830 826/52/826
f 828/3/828 827/22/827 829/6/829
f 828/30/828 830/35/830 827/22/827
f 828/40/828 829/54/829 830/35/830
f 826/2/826 831/16/831 827/22/827
f 826/52/826 830/35/830 829/54/829
f 826/52/826 829/54/829 831/61/831
f 829/6/829 827/22/827 831/16/831
f 832/1/832 833/2/833 834/22/834
f 832/24/832 834/22/834 837/35/837
f 832/39/832 837/35/837 833/52/833
f 835/3/835 834/22/834 836/6/836
f 835/30/835 837/35/837 834/22/834
f 835/40/835 836/54/836 837/35/837
f 833/2/833 838/16/838 834/22/834
f 833/52/833 837/35/837 836/54/836
f 833/52/833 836/54/836 838/61/838
f 836/6/836 834/22/834 838/16/838
f 839/1/839 840/2/840 841/22/841
f 839/24/839 841/22/841 844/35/844
f 839/39/839 844/35/844 840/52/840
f 842/3/842 841/22/841 843/6/843
f 842/30/842 844/35/844 841/22/841
f 842/40/842 843/54/843 844/35/844
f 840/2/840 845/16/845 841/22/841
f 840/52/840 844/35/844 843/54/843
f 840/52/840 843/54/843 845/61/845
f 843/6/843 841/22/841 845/16/845
f 846/1/846 847/2/847 848/22/848
f 846/24/846 848/22/848 851/35/851
f 846/39/846 851/35/851 847/52/847
f 849/3/849 848/22/848 850/6/850
f 849/30/849 851/35/851 848/22/848
f 849/40/849 850/54/850 851/35/851
f 847/2/847 852/16/852 848/22/848
f 847/52/847 851/35/851 850/54/850
f 847/52/847 850/54/850 852/61/852
f 850/6/850 848/22/848 852/16/852
f 853/1/853 854/2/854 855/22/855
f 853/24/853 855/22/855 858/35/858
f 853/39/853 858/35/858 854/52/854
f 856/3/856 855/22/855 857/6/857
f 856/30/856 858/35/858 855/22/855
f 856/40/856 857/54/857 858/35/858
f 854/2/854 859/16/859 855/22/855
f 854/52/854 858/35/858 857/54/857
f 854/52/854 857/54/857 859/61/859
f 857/6/857 855/22/855 859/16/859
f 860/1/860 861/2/861 862/22/862
f 860/24/860 862/22/862 865/35/865
f 860/39/860 865/35/865 861/52/861
f 863/3/863 862/22/862 864/6/864
f 863/30/863 865/35/865 862/22/862
f 863/40/863 864/54/864 865/35/865
f 861/2/861 866/16/866 862/22/862
f 861/52/861 865/35/865 864/54/864
f 861/52/861 864/54/864 866/61/866
f 864/6/864 862/22/862 866/16/866
f 867/1/867 868/2/868 869/22/869
f 867/24/867 869/22/869 872/35/872
f 867/39/867 872/35/872 868/52/868
f 870/3/870 869/22/869 871/6/871
f 870/30/870 872/35/872 869/22/869
f 870/40/870 871/54/871 872/35/872
f 868/2/868 873/16/873 869/22/869
f 868/52/868 872/35/872 871/54/871
f 868/52/868 871/54/871 873/61/873
f 871/6/871 869/22/869 873/16/873
f 874/1/874 875/2/875 876/22/876
f 874/24/874 876/22/876 879/35/879
f 874/39/874 879/35/879 875/52/875
f 877/3/877 876/22/876 878/6/878
f 877/30/877 879/35/879 876/22/876
f 877/40/877 878/54/878 879/35/879
f 875/2/875 880/16/880 876/22/876
f 875/52/875 879/35/879 878/54/878
f 875/52/875 878/54/878 880/61/880
f 878/6/878 876/22/876 880/16/880
f 881/1/881 882/2/882 883/22/883
f 881/24/881 883/22/883 886/35/886
f 881/39/881 886/35/886 882/52/882
f 884/3/884 883/22/883 885/6/885
f 884/30/884 886/35/886 883/22/883
f 884/40/884 885/54/885 886/35/886
f 882/2/882 887/16/887 883/22/883
f 882/52/882 886/35/886 885/54/885
f 882/52/882 885/54/885 887/61/887
f 885/6/885 883/22/883 887/16/887
f 888/1/888 889/2/889 890/22/890
f 888/24/888 890/22/890 893/35/893
f 888/39/888 893/35/893 889/52/889
f 891/3/891 890/22/890 892/6/892
f 891/30/891 893/35/893 890/22/890
f 891/40/891 892/54/892 893/35/893
f 889/2/889 894/16/894 890/22/890
f 889/52/889 893/35/893 892/54/892
f 889/52/889 892/54/892 894/61/894
f 892/6/892 890/22/890 894/16/894
f 895/1/895 896/2/896 897/22/897
f 895/24/895 897/22/897 900/35/900
f 895/39/895 900/35/900 896/52/896
f 898/3/898 897/22/897 899/6/899
f 898/30/898 900/35/900 897/22/897
f 898/40/898 899/54/899 900/35/900
f 896/2/896 901/16/901 897/22/897
f 896/52/896 900/35/900 899/54/899
f 896/52/896 899/54/899 901/61/901
f 899/6/899 897/22/897 901/16/901
f 902/1/902 903/2/903 904/22/904
f 902/24/902 904/22/904 906/35/906
f 902/39/902 906/35/906 903/52/903
f 905/3/905 904/22/904 907/12/907
f 905/30/905 906/35/906 904/22/904
f 905/40/905 907/56/907 906/35/906
f 903/2/903 907/12/907 904/22/904
f 903/52/903 906/35/906 907/56/907
f 908/1/908 909/2/909 910/22/910
f 908/24/908 910/22/910 913/35/913
f 908/39/908 913/35/913 909/52/909
f 911/3/911 910/22/910 912/6/912
f 911/30/911 913/35/913 910/22/910
f 911/40/911 912/54/912 913/35/913
f 909/2/909 914/16/914 910/22/910
f 909/52/909 913/35/913 912/54/912
f 909/52/909 912/54/912 914/61/914
f 912/6/912 910/22/910 914/16/914
f 915/1/915 916/2/916 917/22/917
f 915/24/915 917/22/917 920/35/920
f 915/39/915 920/35/920 916/52/916
f 918/3/918 917/22/917 919/6/919
f 918/30/918 920/35/920 917/22/917
f 918/40/918 919/54/919 920/35/920
f 916/2/916 921/16/921 917/22/917
f 916/52/916 920/35/920 919/54/919
f 916/52/916 919/54/919 921/61/921
f 919/6/919 917/22/917 921/16/921
f 922/1/922 923/2/923 924/22/924
f 922/24/922 924/22/924 926/35/926
f 922/39/922 926/35/926 923/52/923
f 925/3/925 924/22/924 927/12/927
f 925/30/925 926/35/926 924/22/924
f 925/40/925 927/56/927 926/35/926
f 923/2/923 927/12/927 924/22/924
f 923/52/923 926/35/926 927/56/927
f 928/1/928 929/2/929 930/22/930
f 928/24/928 930/22/930 933/35/933
f 928/39/928 933/35/933 929/52/929
f 931/3/931 930/22/930 932/6/932
f 931/30/931 933/35/933 930/22/930
f 931/40/931 932/54/932 933/35/933
f 929/2/929 934/16/934 930/22/930
f 929/52/929 933/35/933 932/54/932
f 929/52/929 932/54/932 934/61/934
f 932/6/932 930/22/930 934/16/934
f 935/1/935 936/2/936 937/22/937
f 935/24/935 937/22/937 940/35/940
f 935/39/935 940/35/940 936/52/936
f 938/3/938 937/22/937 939/6/939
f 938/30/938 940/35/940 937/22/937
f 938/40/938 939/54/939 940/35/940
f 936/2/936 941/16/941 937/22/937
f 936/52/936 940/35/940 939/54/939
f 936/52/936 939/54/939 941/61/941
f 939/6/939 937/22/937 941/16/941
f 942/1/942 943/2/943 944/22/944
f 942/24/942 944/22/944 946/35/946
f 942/39/942 946/35/946 943/52/943
f 945/3/945 944/22/944 947/12/947
f 945/30/945 946/35/946 944/22/944
f 945/40/945 947/56/947 946/35/946
f 943/2/943 947/12/947 944/22/944
f 943/52/943 946/35/946 947/56/947
f 948/1/948 950/22/950 949/2/949
f 948/24/948 952/35/952 950/22/950
f 948/39/948 949/52/949 952/35/952
f 951/3/951 953/12/953 950/22/950
f 951/30/951 950/22/950 952/35/952
f 951/40/951 952/35/952 953/56/953
f 949/2/949 950/22/950 953/12/953
f 949/52/949 953/56/953 952/35/952
f 954/1/954 955/2/955 956/22/956
f 954/24/954 956/22/956 958/35/958
f 954/39/954 958/35/958 955/52/955
f 957/3/957 956/22/956 959/12/959
f 957/30/957 958/35/958 956/22/956
f 957/40/957 959/56/959 958/35/958
f 955/2/955 959/12/959 956/22/956
f 955/52/955 958/35/958 959/56/959
f 960/1/960 961/2/961 962/22/962
f 960/24/960 962/22/962 965/35/965
f 960/39/960 965/35/965 961/52/961
f 963/3/963 962/22/962 964/6/964
f 963/30/963 965/35/965 962/22/962
f 963/40/963 964/54/964 965/35/965
f 961/2/961 966/16/966 962/22/962
f 961/52/961 965/35/965 964/54/964
f 961/52/961 964/54/964 966/61/966
f 964/6/964 962/22/962 966/16/966
f 967/1/967 968/2/968 969/22/969
f 967/24/967 969/22/969 971/35/971
f 967/39/967 971/35/971 968/52/968
f 970/3/970 969/22/969 972/12/972
f 970/30/970 971/35/971 969/22/969
f 970/40/970 972/56/972 971/35/971
f 968/2/968 972/12/972 969/22/969
f 968/52/968 971/35/971 972/56/972
f 973/1/973 974/2/974 975/22/975
f 973/24/973 975/22/975 977/35/977
f 973/39/973 977/35/977 974/52/974
f 976/3/976 975/22/975 978/12/978
f 976/30/976 977/35/977 975/22/975
f 976/40/976 978/56/978 977/35/977
f 974/2/974 978/12/978 975/22/975
f 974/52/974 977/35/977 978/56/978
f 979/1/979 980/2/980 981/22/981
f 979/24/979 981/22/981 984/35/984
f 979/39/979 984/35/984 980/52/980
f 982/3/982 981/22/981 983/6/983
f 982/30/982 984/35/984 981/22/981
f 982/40/982 983/54/983 984/35/984
f 980/2/980 985/16/985 981/22/981
f 980/52/980 984/35/984 983/54/983
f 980/52/980 983/54/983 985/61/985
f 983/6/983 981/22/981 985/16/985
f 986/1/986 987/2/987 988/22/988
f 986/24/986 988/22/988 990/35/990
f 986/39/986 990/35/990 987/52/987
f 989/3/989 988/22/988 991/12/991
f 989/30/989 990/35/990 988/22/988
f 989/40/989 991/56/991 990/35/990
f 987/2/987 991/12/991 988/22/988
f 987/52/987 990/35/990 991/56/991
f 992/1/992 993/2/993 994/22/994
f 992/24/992 994/22/994 997/35/997
f 992/39/992 997/35/997 993/52/993
f 995/3/995 994/22/994 996/6/996
f 995/30/995 997/35/997 994/22/994
f 995/40/995 996/54/996 997/35/997
f 993/2/993 998/16/998 994/22/994
f 993/52/993 997/35/997 996/54/996
f 993/52/993 996/54/996 998/61/998
f 996/6/996 994/22/994 998/16/998
f 999/1/999 1000/2/1000 1001/22/1001
f 999/24/999 1001/22/1001 1004/35/1004
f 999/39/999 1004/35/1004 1000/52/1000
f 1002/3/1002 1001/22/1001 1003/6/1003
f 1002/30/1002 1004/35/1004 1001/22/1001
f 1002/40/1002 1003/54/1003 1004/35/1004
f 1000/2/1000 1005/16/1005 1001/22/1001
f 1000/52/1000 1004/35/1004 1003/54/1003
f 1000/52/1000 1003/54/1003 1005/61/1005
f 1003/6/1003 1001/22/1001 1005/16/1005
f 1006/1/1006 1007/2/1007 1008/22/1008
f 1006/24/1006 1008/22/1008 1011/35/1011
f 1006/39/1006 1011/35/1011 1007/52/1007
f 1009/3/1009 1008/22/1008 1010/6/1010
f 1009/30/1009 1011/35/1011 1008/22/1008
f 1009/40/1009 1010/54/1010 1011/35/1011
f 1007/2/1007 1012/16/1012 1008/22/1008
f 1007/52/1007 1011/35/1011 1010/54/1010
f 1007/52/1007 1010/54/1010 1012/61/1012
f 1010/6/1010 1008/22/1008 1012/16/1012
f 1013/1/1013 1014/2/1014 1015/22/1015
f 1013/24/1013 1015/22/1015 1018/35/1018
f 1013/39/1013 1018/35/1018 1014/52/1014
f 1016/3/1016 1015/22/1015 1017/6/1017
f 1016/30/1016 1018/35/1018 1015/22/1015
f 1016/40/1016 1017/54/1017 1018/35/1018
f 1014/2/1014 1019/16/1019 1015/22/1015
f 1014/52/1014 1018/35/1018 1017/54/1017
f 1014/52/1014 1017/54/1017 1019/61/1019
f 1017/6/1017 1015/22/1015 1019/16/1019
f 1020/1/1020 1021/2/1021 1022/22/1022
f 1020/24/1020 1022/22/1022 1024/35/1024
f 1020/39/1020 1024/35/1024 1021/52/1021
f 1023/3/1023 1022/22/1022 1025/12/1025
f 1023/30/1023 1024/35/1024 1022/22/1022
f 1023/40/1023 1025/56/1025 1024/35/1024
f 1021/2/1021 1025/12/1025 1022/22/1022
f 1021/52/1021 1024/35/1024 1025/56/1025
f 1026/1/1026 1027/2/1027 1028/22/1028
f 1026/24/1026 1028/22/1028 1031/35/1031
f 1026/39/1026 1031/35/1031 1027/52/1027
f 1029/3/1029 1028/22/1028 1030/6/1030
f 1029/30/1029 1031/35/1031 1028/22/1028
f 1029/40/1029 1030/54/1030 1031/35/1031
f 1027/2/1027 1032/16/1032 1028/22/1028
f 1027/52/1027 1031/35/1031 1030/54/1030
f 1027/52/1027 1030/54/1030 1032/61/1032
f 1030/6/1030 1028/22/1028 1032/16/1032
f 1033/1/1033 1034/2/1034 1035/22/1035
f 1033/24/1033 1035/22/1035 1038/35/1038
f 1033/39/1033 1038/35/1038 1034/52/1034
f 1036/3/1036 1035/22/1035 1037/6/1037
f 1036/30/1036 1038/35/1038 1035/22/1035
f 1036/40/1036 1037/54/1037 1038/35/1038
f 1034/2/1034 1039/16/1039 1035/22/1035
f 1034/52/1034 1038/35/1038 1037/54/1037
f 1034/52/1034 1037/54/1037 1039/61/1039
f 1037/6/1037 1035/22/1035 1039/16/1039
f 1040/1/1040 1041/2/1041 1042/22/1042
f 1040/24/1040 1042/22/1042 1045/35/1045
f 1040/39/1040 1045/35/1045 1041/52/1041
f 1043/3/1043 1042/22/1042 1044/6/1044
f 1043/30/1043 1045/35/1045 1042/22/1042
f 1043/40/1043 1044/54/1044 1045/35/1045
f 1041/2/1041 1046/16/1046 1042/22/1042
f 1041/52/1041 1045/35/1045 1044/54/1044
f 1041/52/1041 1044/54/1044 1046/61/1046
f 1044/6/1044 1042/22/1042 1046/16/1046
f 1047/1/1047 1048/2/1048 1049/22/1049
f 1047/24/1047 1049/22/1049 1052/35/1052
f 1047/39/1047 1052/35/1052 1048/52/1048
f 1050/3/1050 1049/22/1049 1051/6/1051
f 1050/30/1050 1052/35/1052 1049/22/1049
f 1050/40/1050 1051/54/1051 1052/35/1052
f 1048/2/1048 1053/16/1053 1049/22/1049
f 1048/52/1048 1052/35/1052 1051/54/1051
f 1048/52/1048 1051/54/1051 1053/61/1053
f 1051/6/1051 1049/22/1049 1053/16/1053
f 1054/1/1054 1055/2/1055 1056/22/1056
f 1054/24/1054 1056/22/1056 1059/35/1059
f 1054/39/1054 1059/35/1059 1055/52/1055
f 1057/3/1057 1056/22/1056 1058/6/1058
f 1057/30/1057 1059/35/1059 1056/22/1056
f 1057/40/1057 1058/54/1058 1059/35/1059
f 1055/2/1055 1060/16/1060 1056/22/1056
f 1055/52/1055 1059/35/1059 1058/54/1058
f 1055/52/1055 1058/54/1058 1060/61/1060
f 1058/6/1058 1056/22/1056 1060/16/1060
f 1061/1/1061 1062/2/1062 1063/22/1063
f 1061/24/1061 1063/22/1063 1066/35/1066
f 1061/39/1061 1066/35/1066 1062/52/1062
f 1064/3/1064 1063/22/1063 1065/6/1065
f 1064/30/1064 1066/35/1066 1063/22/1063
f 1064/40/1064 1065/54/1065 1066/35/1066
f 1062/2/1062 1067/16/1067 1063/22/1063
f 1062/52/1062 1066/35/1066 1065/54/1065
f 1062/52/1062 1065/54/1065 1067/61/1067
f 1065/6/1065 1063/22/1063 1067/16/1067
f 1068/1/1068 1069/2/1069 1070/22/1070
f 1068/24/1068 1070/22/1070 1072/35/1072
f 1068/39/1068 1072/35/1072 1069/52/1069
f 1071/3/1071 1070/22/1070 1073/12/1073
f 1071/30/1071 1072/35/1072 1070/22/1070
f 1071/40/1071 1073/56/1073 1072/35/1072
f 1069/2/1069 1073/12/1073 1070/22/1070
f 1069/52/1069 1072/35/1072 1073/56/1073
f 1074/1/1074 1075/2/1075 1076/22/1076
f 1074/24/1074 1076/22/1076 1079/35/1079
f 1074/39/1074 1079/35/1079 1075/52/1075
f 1077/3/1077 1076/22/1076 1078/6/1078
f 1077/30/1077 1079/35/1079 1076/22/1076
f 1077/40/1077 1078/54/1078 1079/35/1079
f 1075/2/1075 1080/16/1080 1076/22/1076
f 1075/52/1075 1079/35/1079 1078/54/1078
f 1075/52/1075 1078/54/1078 1080/61/1080
f 1078/6/1078 1076/22/1076 1080/16/1080
f 1081/1/1081 1082/2/1082 1083/22/1083
f 1081/24/1081 1083/22/1083 1086/35/1086
f 1081/39/1081 1086/35/1086 1082/52/1082
f 1084/3/1084 1083/22/1083 1085/6/1085
f 1084/30/1084 1086/35/1086 1083/22/1083
f 1084/40/1084 1085/54/1085 1086/35/1086
f 1082/2/1082 1087/16/1087 1083/22/1083
f 1082/52/1082 1086/35/1086 1085/54/1085
f 1082/52/1082 1085/54/1085 1087/61/1087
f 1085/6/1085 1083/22/1083 1087/16/1087
f 1088/1/1088 1089/2/1089 1090/22/1090
f 1088/24/1088 1090/22/1090 1093/35/1093
f 1088/39/1088 1093/35/1093 1089/52/1089
f 1091/3/1091 1090/22/1090 1092/6/1092
f 1091/30/1091 1093/35/1093 1090/22/1090
f 1091/40/1091 1092/54/1092 1093/35/1093
f 1089/2/1089 1094/16/1094 1090/22/1090
f 1089/52/1089 1093/35/1093 1092/54/1092
f 1089/52/1089 1092/54/1092 1094/61/1094
f 1092/6/1092 1090/22/1090 1094/16/1094
f 1095/1/1095 1096/2/1096 1097/22/1097
f 1095/24/1095 1097/22/1097 1099/35/1099
f 1095/39/1095 1099/35/1099 1096/52/1096
f 1098/3/1098 1097/22/1097 1100/12/1100
f 1098/30/1098 1099/35/1099 1097/22/1097
f 1098/40/1098 1100/56/1100 1099/35/1099
f 1096/2/1096 1100/12/1100 1097/22/1097
f 1096/52/1096 1099/35/1099 1100/56/1100
f 1101/1/1101 1102/2/1102 1103/22/1103
f 1101/24/1101 1103/22/1103 1106/35/1106
f 1101/39/1101 1106/35/1106 1102/52/1102
f 1104/3/1104 1103/22/1103 1105/6/1105
f 1104/30/1104 1106/35/1106 1103/22/1103
f 1104/40/1104 1105/54/1105 1106/35/1106
f 1102/2/1102 1107/16/1107 1103/22/1103
f 1102/52/1102 1106/35/1106 1105/54/1105
f 1102/52/1102 1105/54/1105 1107/61/1107
f 1105/6/1105 1103/22/1103 1107/16/1107
f 1108/1/1108 1109/2/1109 1110/22/1110
f 1108/24/1108 1110/22/1110 1113/35/1113
f 1108/39/1108 1113/35/1113 1109/52/1109
f 1111/3/1111 1110/22/1110 1112/6/1112
f 1111/30/1111 1113/35/1113 1110/22/1110
f 1111/40/1111 1112/54/1112 1113/35/1113
f 1109/2/1109 1114/16/1114 1110/22/1110
f 1109/52/1109 1113/35/1113 1112/54/1112
f 1109/52/1109 1112/54/1112 1114/61/1114
f 1112/6/1112 1110/22/1110 1114/16/1114
f 1115/1/1115 1116/2/1116 1117/22/1117
f 1115/24/1115 1117/22/1117 1120/35/1120
f 1115/39/1115 1120/35/1120 1116/52/1116
f 1118/3/1118 1117/22/1117 1119/6/1119
f 1118/30/1118 1120/35/1120 1117/22/1117
f 1118/40/1118 1119/54/1119 1120/35/1120
f 1116/2/1116 1121/16/1121 1117/22/1117
f 1116/52/1116 1120/35/1120 1119/54/1119
f 1116/52/1116 1119/54/1119 1121/61/1121
f 1119/6/1119 1117/22/1117 1121/16/1121
f 1122/1/1122 1123/2/1123 1124/22/1124
f 1122/24/1122 1124/22/1124 1127/35/1127
f 1122/39/1122 1127/35/1127 1123/52/1123
f 1125/3/1125 1124/22/1124 1126/6/1126
f 1125/30/1125 1127/35/1127 1124/22/1124
f 1125/40/1125 1126/54/1126 1127/35/1127
f 1123/2/1123 1128/16/1128 1124/22/1124
f 1123/52/1123 1127/35/1127 1126/54/1126
f 1123/52/1123 1126/54/1126 1128/61/1128
f 1126/6/1126 1124/22/1124 1128/16/1128
f 1129/1/1129 1130/2/1130 1131/22/1131
f 1129/24/1129 1131/22/1131 1133/35/1133
f 1129/39/1129 1133/35/1133 1130/52/1130
f 1132/3/1132 1131/22/1131 1134/12/1134
f 1132/30/1132 1133/35/1133 1131/22/1131
f 1132/40/1132 1134/56/1134 1133/35/1133
f 1130/2/1130 1134/12/1134 1131/22/1131
f 1130/52/1130 1133/35/1133 1134/56/1134
f 1135/1/1135 1136/2/1136 1137/22/1137
f 1135/24/1135 1137/22/1137 1140/35/1140
f 1135/39/1135 1140/35/1140 1136/52/1136
f 1138/3/1138 1137/22/1137 1139/6/1139
f 1138/30/1138 1140/35/1140 1137/22/1137
f 1138/40/1138 1139/54/1139 1140/35/1140
f 1136/2/1136 1141/16/1141 1137/22/1137
f 1136/52/1136 1140/35/1140 1139/54/1139
f 1136/52/1136 1139/54/1139 1141/61/1141
f 1139/6/1139 1137/22/1137 1141/16/1141
f 1142/1/1142 1143/2/1143 1144/22/1144
f 1142/24/1142 1144/22/1144 1147/35/1147
f 1142/39/1142 1147/35/1147 1143/52/1143
f 1145/3/1145 1144/22/1144 1146/6/1146
f 1145/30/1145 1147/35/1147 1144/22/1144
f 1145/40/1145 1146/54/1146 1147/35/1147
f 1143/2/1143 1148/16/1148 1144/22/1144
f 1143/52/1143 1147/35/1147 1146/54/1146
f 1143/52/1143 1146/54/1146 1148/61/1148
f 1146/6/1146 1144/22/1144 1148/16/1148
f 1149/1/1149 1150/2/1150 1151/22/1151
f 1149/24/1149 1151/22/1151 1153/35/1153
f 1149/39/1149 1153/35/1153 1150/52/1150
f 1152/3/1152 1151/22/1151 1154/12/1154
f 1152/30/1152 1153/35/1153 1151/22/1151
f 1152/40/1152 1154/56/1154 1153/35/1153
f 1150/2/1150 1154/12/1154 1151/22/1151
f 1150/52/1150 1153/35/1153 1154/56/1154
f 1155/1/1155 1156/2/1156 1157/22/1157
f 1155/24/1155 1157/22/1157 1160/35/1160
f 1155/39/1155 1160/35/1160 1156/52/1156
f 1158/3/1158 1157/22/1157 1159/6/1159
f 1158/30/1158 1160/35/1160 1157/22/1157
f 1158/40/1158 1159/54/1159 1160/35/1160
f 1156/2/1156 1161/16/1161 1157/22/1157
f 1156/52/1156 1160/35/1160 1159/54/1159
f 1156/52/1156 1159/54/1159 1161/61/1161
f 1159/6/1159 1157/22/1157 1161/16/1161
f 1162/1/1162 1163/2/1163 1164/22/1164
f 1162/24/1162 1164/22/1164 1167/35/1167
f 1162/39/1162 1167/35/1167 1163/52/1163
f 1165/3/1165 1164/22/1164 1166/6/1166
f 1165/30/1165 1167/35/1167 1164/22/1164
f 1165/40/1165 1166/54/1166 1167/35/1167
f 1163/2/1163 1168/16/1168 1164/22/1164
f 1163/52/1163 1167/35/1167 1166/54/1166
f 1163/52/1163 1166/54/1166 1168/61/1168
f 1166/6/1166 1164/22/1164 1168/16/1168
f 1169/1/1169 1170/2/1170 1171/22/1171
f 1169/24/1169 1171/22/1171 1174/35/1174
f 1169/39/1169 1174/35/1174 1170/52/1170
f 1172/3/1172 1171/22/1171 1173/6/1173
f 1172/30/1172 1174/35/1174 1171/22/1171
f 1172/40/1172 1173/54/1173 1174/35/1174
f 1170/2/1170 1175/16/1175 1171/22/1171
f 1170/52/1170 1174/35/1174 1173/54/1173
f 1170/52/1170 1173/54/1173 1175/61/1175
f 1173/6/1173 1171/22/1171 1175/16/1175
f 1176/1/1176 1177/2/1177 1178/22/1178
f 1176/24/1176 1178/22/1178 1181/35/1181
f 1176/39/1176 1181/35/1181 1177/52/1177
f 1179/3/1179 1178/22/1178 1180/6/1180
f 1179/30/1179 1181/35/1181 1178/22/1178
f 1179/40/1179 1180/54/1180 1181/35/1181
f 1177/2/1177 1182/16/1182 1178/22/1178
f 1177/52/1177 1181/35/1181 1180/54/1180
f 1177/52/1177 1180/54/1180 1182/61/1182
f 1180/6/1180 1178/22/1178 1182/16/1182
f 1183/1/1183 1184/2/1184 1185/22/1185
f 1183/24/1183 1185/22/1185 1188/35/1188
f 1183/39/1183 1188/35/1188 1184/52/1184
f 1186/3/1186 1185/22/1185 1187/6/1187
f 1186/30/1186 1188/35/1188 1185/22/1185
f 1186/40/1186 1187/54/1187 1188/35/1188
f 1184/2/1184 1189/16/1189 1185/22/1185
f 1184/52/1184 1188/35/1188 1187/54/1187
f 1184/52/1184 1187/54/1187 1189/61/1189
f 1187/6/1187 1185/22/1185 1189/16/1189
f 1190/1/1190 1191/2/1191 1192/22/1192
f 1190/24/1190 1192/22/1192 1195/35/1195
f 1190/39/1190 1195/35/1195 1191/52/1191
f 1193/3/1193 1192/22/1192 1194/6/1194
f 1193/30/1193 1195/35/1195 1192/22/1192
f 1193/40/1193 1194/54/1194 1195/35/1195
f 1191/2/1191 1196/16/1196 1192/22/1192
f 1191/52/1191 1195/35/1195 1194/54/1194
f 1191/52/1191 1194/54/1194 1196/61/1196
f 1194/6/1194 1192/22/1192 1196/16/1196
f 1197/1/1197 1198/2/1198 1199/22/1199
f 1197/24/1197 1199/22/1199 1202/35/1202
f 1197/39/1197 1202/35/1202 1198/52/1198
f 1200/3/1200 1199/22/1199 1201/6/1201
f 1200/30/1200 1202/35/1202 1199/22/1199
f 1200/40/1200 1201/54/1201 1202/35/1202
f 1198/2/1198 1203/16/1203 1199/22/1199
f 1198/52/1198 1202/35/1202 1201/54/1201
f 1198/52/1198 1201/54/1201 1203/61/1203
f 1201/6/1201 1199/22/1199 1203/16/1203
f 1204/1/1204 1205/2/1205 1206/22/1206
f 1204/24/1204 1206/22/1206 1209/35/1209
f 1204/39/1204 1209/35/1209 1205/52/1205
f 1207/3/1207 1206/22/1206 1208/6/1208
f 1207/30/1207 1209/35/1209 1206/22/1206
f 1207/40/1207 1208/54/1208 1209/35/1209
f 1205/2/1205 1210/16/1210 1206/22/1206
f 1205/52/1205 1209/35/1209 1208/54/1208
f 1205/52/1205 1208/54/1208 1210/61/1210
f 1208/6/1208 1206/22/1206 1210/16/1210
f 1211/1/1211 1212/2/1212 1213/22/1213
f 1211/24/1211 1213/22/1213 1216/35/1216
f 1211/39/1211 1216/35/1216 1212/52/1212
f 1214/3/1214 1213/22/1213 1215/6/1215
f 1214/30/1214 1216/35/1216 1213/22/1213
f 1214/40/1214 1215/54/1215 1216/35/1216
f 1212/2/1212 1217/16/1217 1213/22/1213
f 1212/52/1212 1216/35/1216 1215/54/1215
f 1212/52/1212 1215/54/1215 1217/61/1217
f 1215/6/1215 1213/22/1213 1217/16/1217
f 1218/1/1218 1219/2/1219 1220/22/1220
f 1218/24/1218 1220/22/1220 1223/35/1223
f 1218/39/1218 1223/35/1223 1219/52/1219
f 1221/3/1221 1220/22/1220 1222/6/1222
f 1221/30/1221 1223/35/1223 1220/22/1220
f 1221/40/1221 1222/54/1222 1223/35/1223
f 1219/2/1219 1224/16/1224 1220/22/1220
f 1219/52/1219 1223/35/1223 1222/54/1222
f 1219/52/1219 1222/54/1222 1224/61/1224
f 1222/6/1222 1220/22/1220 1224/16/1224
f 1225/1/1225 1226/2/1226 1227/22/1227
f 1225/24/1225 1227/22/1227 1230/35/1230
f 1225/39/1225 1230/35/1230 1226/52/1226
f 1228/3/1228 1227/22/1227 1229/6/1229
f 1228/30/1228 1230/35/1230 1227/22/1227
f 1228/40/1228 1229/54/1229 1230/35/1230
f 1226/2/1226 1231/16/1231 1227/22/1227
f 1226/52/1226 1230/35/1230 1229/54/1229
f 1226/52/1226 1229/54/1229 1231/61/1231
f 1229/6/1229 1227/22/1227 1231/16/1231
f 1232/1/1232 1233/2/1233 1234/22/1234
f 1232/24/1232 1234/22/1234 1237/35/1237
f 1232/39/1232 1237/35/1237 1233/52/1233
f 1235/3/1235 1234/22/1234 1236/6/1236
f 1235/30/1235 1237/35/1237 1234/22/1234
f 1235/40/1235 1236/54/1236 1237/35/1237
f 1233/2/1233 1238/16/1238 1234/22/1234
f 1233/52/1233 1237/35/1237 1236/54/1236
f 1233/52/1233 1236/54/1236 1238/61/1238
f 1236/6/1236 1234/22/1234 1238/16/1238
f 1239/1/1239 1240/2/1240 1241/22/1241
f 1239/24/1239 1241/22/1241 1244/35/1244
f 1239/39/1239 1244/35/1244 1240/52/1240
f 1242/3/1242 1241/22/1241 1243/6/1243
f 1242/30/1242 1244/35/1244 1241/22/1241
f 1242/40/1242 1243/54/1243 1244/35/1244
f 1240/2/1240 1245/16/1245 1241/22/1241
f 1240/52/1240 1244/35/1244 1243/54/1243
f 1240/52/1240 1243/54/1243 1245/61/1245
f 1243/6/1243 1241/22/1241 1245/16/1245
f 1246/1/1246 1247/2/1247 1248/22/1248
f 1246/24/1246 1248/22/1248 1251/35/1251
f 1246/39/1246 1251/35/1251 1247/52/1247
f 1249/3/1249 1248/22/1248 1250/6/1250
f 1249/30/1249 1251/35/1251 1248/22/1248
f 1249/40/1249 1250/54/1250 1251/35/1251
f 1247/2/1247 1252/16/1252 1248/22/1248
f 1247/52/1247 1251/35/1251 1250/54/1250
f 1247/52/1247 1250/54/1250 1252/61/1252
f 1250/6/1250 1248/22/1248 1252/16/1252
f 1253/1/1253 1254/2/1254 1255/22/1255
f 1253/24/1253 1255/22/1255 1258/35/1258
f 1253/39/1253 1258/35/1258 1254/52/1254
f 1256/3/1256 1255/22/1255 1257/6/1257
f 1256/30/1256 1258/35/1258 1255/22/1255
f 1256/40/1256 1257/54/1257 1258/35/1258
f 1254/2/1254 1259/16/1259 1255/22/1255
f 1254/52/1254 1258/35/1258 1257/54/1257
f 1254/52/1254 1257/54/1257 1259/61/1259
f 1257/6/1257 1255/22/1255 1259/16/1259
f 1260/1/1260 1261/2/1261 1262/22/1262
f 1260/24/1260 1262/22/1262 1265/35/1265
f 1260/39/1260 1265/35/1265 1261/52/1261
f 1263/3/1263 1262/22/1262 1264/6/1264
f 1263/30/1263 1265/35/1265 1262/22/1262
f 1263/40/1263 1264/54/1264 1265/35/1265
f 1261/2/1261 1266/16/1266 1262/22/1262
f 1261/52/1261 1265/35/1265 1264/54/1264
f 1261/52/1261 1264/54/1264 1266/61/1266
f 1264/6/1264 1262/22/1262 1266/16/1266
f 1267/1/1267 1268/2/1268 1269/22/1269
f 1267/24/1267 1269/22/1269 1272/35/1272
f 1267/39/1267 1272/35/1272 1268/52/1268
f 1270/3/1270 1269/22/1269 1271/6/1271
f 1270/30/1270 1272/35/1272 1269/22/1269
f 1270/40/1270 1271/54/1271 1272/35/1272
f 1268/2/1268 1273/16/1273 1269/22/1269
f 1268/52/1268 1272/35/1272 1271/54/1271
f 1268/52/1268 1271/54/1271 1273/61/1273
f 1271/6/1271 1269/22/1269 1273/16/1273
f 1274/1/1274 1275/2/1275 1276/22/1276
f 1274/24/1274 1276/22/1276 1279/35/1279
f 1274/39/1274 1279/35/1279 1275/52/1275
f 1277/3/1277 1276/22/1276 1278/6/1278
f 1277/30/1277 1279/35/1279 1276/22/1276
f 1277/40/1277 1278/54/1278 1279/35/1279
f 1275/2/1275 1280/16/1280 1276/22/1276
f 1275/52/1275 1279/35/1279 1278/54/1278
f 1275/52/1275 1278/54/1278 1280/61/1280
f 1278/6/1278 1276/22/1276 1280/16/1280
f 1281/1/1281 1282/2/1282 1283/22/1283
f 1281/24/1281 1283/22/1283 1286/35/1286
f 1281/39/1281 1286/35/1286 1282/52/1282
f 1284/3/1284 1283/22/1283 1285/6/1285
f 1284/30/1284 1286/35/1286 1283/22/1283
f 1284/40/1284 1285/54/1285 1286/35/1286
f 1282/2/1282 1287/16/1287 1283/22/1283
f 1282/52/1282 1286/35/1286 1285/54/1285
f 1282/52/1282 1285/54/1285 1287/61/1287
f 1285/6/1285 1283/22/1283 1287/16/1287
f 1288/1/1288 1289/2/1289 1290/22/1290
f 1288/24/1288 1290/22/1290 1293/35/1293
f 1288/39/1288 1293/35/1293 1289/52/1289
f 1291/3/1291 1290/22/1290 1292/6/1292
f 1291/30/1291 1293/35/1293 1290/22/1290
f 1291/40/1291 1292/54/1292 1293/35/1293
f 1289/2/1289 1294/16/1294 1290/22/1290
f 1289/52/1289 1293/35/1293 1292/54/1292
f 1289/52/1289 1292/54/1292 1294/61/1294
f 1292/6/1292 1290/22/1290 1294/16/1294
f 1295/1/1295 1296/2/1296 1297/22/1297
f 1295/24/1295 1297/22/1297 1300/35/1300
f 1295/39/1295 1300/35/1300 1296/52/1296
f 1298/3/1298 1297/22/1297 1299/6/1299
f 1298/30/1298 1300/35/1300 1297/22/1297
f 1298/40/1298 1299/54/1299 1300/35/1300
f 1296/2/1296 1301/16/1301 1297/22/1297
f 1296/52/1296 1300/35/1300 1299/54/1299
f 1296/52/1296 1299/54/1299 1301/61/1301
f 1299/6/1299 1297/22/1297 1301/16/1301
f 1302/1/1302 1303/2/1303 1304/22/1304
f 1302/24/1302 1304/22/1304 1306/35/1306
f 1302/39/1302 1306/35/1306 1303/52/1303
f 1305/3/1305 1304/22/1304 1307/12/1307
f 1305/30/1305 1306/35/1306 1304/22/1304
f 1305/40/1305 1307/56/1307 1306/35/1306
f 1303/2/1303 1307/12/1307 1304/22/1304
f 1303/52/1303 1306/35/1306 1307/56/1307
f 1308/1/1308 1309/2/1309 1310/22/1310
f 1308/24/1308 1310/22/1310 1313/35/1313
f 1308/39/1308 1313/35/1313 1309/52/1309
f 1311/3/1311 1310/22/1310 1312/6/1312
f 1311/30/1311 1313/35/1313 1310/22/1310
f 1311/40/1311 1312/54/1312 1313/35/1313
f 1309/2/1309 1314/16/1314 1310/22/1310
f 1309/52/1309 1313/35/1313 1312/54/1312
f 1309/52/1309 1312/54/1312 1314/61/1314
f 1312/6/1312 1310/22/1310 1314/16/1314
f 1315/1/1315 1316/2/1316 1317/22/1317
f 1315/24/1315 1317/22/1317 1320/35/1320
f 1315/39/1315 1320/35/1320 1316/52/1316
f 1318/3/1318 1317/22/1317 1319/6/1319
f 1318/30/1318 1320/35/1320 1317/22/1317
f 1318/40/1318 1319/54/1319 1320/35/1320
f 1316/2/1316 1321/16/1321 1317/22/1317
f 1316/52/1316 1320/35/1320 1319/54/1319
f 1316/52/1316 1319/54/1319 1321/61/1321
f 1319/6/1319 1317/22/1317 1321/16/1321
f 1322/1/1322 1323/2/1323 1324/22/1324
f 1322/24/1322 1324/22/1324 1327/35/1327
f 1322/39/1322 1327/35/1327 1323/52/1323
f 1325/3/1325 1324/22/1324 1326/6/1326
f 1325/30/1325 1327/35/1327 1324/22/1324
f 1325/40/1325 1326/54/1326 1327/35/1327
f 1323/2/1323 1328/16/1328 1324/22/1324
f 1323/52/1323 1327/35/1327 1326/54/1326
f 1323/52/1323 1326/54/1326 1328/61/1328
f 1326/6/1326 1324/22/1324 1328/16/1328
f 1329/1/1329 1330/2/1330 1331/22/1331
f 1329/24/1329 1331/22/1331 1334/35/1334
f 1329/39/1329 1334/35/1334 1330/52/1330
f 1332/3/1332 1331/22/1331 1333/6/1333
f 1332/30/1332 1334/35/1334 1331/22/1331
f 1332/40/1332 1333/54/1333 1334/35/1334
f 1330/2/1330 1335/16/1335 1331/22/1331
f 1330/52/1330 1334/35/1334 1333/54/1333
f 1330/52/1330 1333/54/1333 1335/61/1335
f 1333/6/1333 1331/22/1331 1335/16/1335
f 1336/1/1336 1337/2/1337 1338/22/1338
f 1336/24/1336 1338/22/1338 1340/35/1340
f 1336/39/1336 1340/35/1340 1337/52/1337
f 1339/3/1339 1338/22/1338 1341/12/1341
f 1339/30/1339 1340/35/1340 1338/22/1338
f 1339/40/1339 1341/56/1341 1340/35/1340
f 1337/2/1337 1341/12/1341 1338/22/1338
f 1337/52/1337 1340/35/1340 1341/56/1341
f 1342/1/1342 1343/2/1343 1344/22/1344
f 1342/24/1342 1344/22/1344 1347/35/1347
f 1342/39/1342 1347/35/1347 1343/52/1343
f 1345/3/1345 1344/22/1344 1346/6/1346
f 1345/30/1345 1347/35/1347 1344/22/1344
f 1345/40/1345 1346/54/1346 1347/35/1347
f 1343/2/1343 1348/16/1348 1344/22/1344
f 1343/52/1343 1347/35/1347 1346/54/1346
f 1343/52/1343 1346/54/1346 1348/61/1348
f 1346/6/1346 1344/22/1344 1348/16/1348
f 1349/1/1349 1350/2/1350 1351/22/1351
f 1349/24/1349 1351/22/1351 1353/35/1353
f 1349/39/1349 1353/35/1353 1350/52/1350
f 1352/3/1352 1351/22/1351 1354/12/1354
f 1352/30/1352 1353/35/1353 1351/22/1351
f 1352/40/1352 1354/56/1354 1353/35/1353
f 1350/2/1350 1354/12/1354 1351/22/1351
f 1350/52/1350 1353/35/1353 1354/56/1354
f 1355/1/1355 1356/2/1356 1357/22/1357
f 1355/24/1355 1357/22/1357 1360/35/1360
f 1355/39/1355 1360/35/1360 1356/52/1356
f 1358/3/1358 1357/22/1357 1359/6/1359
f 1358/30/1358 1360/35/1360 1357/22/1357
f 1358/40/1358 1359/54/1359 1360/35/1360
f 1356/2/1356 1361/16/1361 1357/22/1357
f 1356/52/1356 1360/35/1360 1359/54/1359
f 1356/52/1356 1359/54/1359 1361/61/1361
f 1359/6/1359 1357/22/1357 1361/16/1361
f 1362/1/1362 1363/2/1363 1364/22/1364
f 1362/24/1362 1364/22/1364 1367/35/1367
f 1362/39/1362 1367/35/1367 1363/52/1363
f 1365/3/1365 1364/22/1364 1366/6/1366
f 1365/30/1365 1367/35/1367 1364/22/1364
f 1365/40/1365 1366/54/1366 1367/35/1367
f 1363/2/1363 1368/16/1368 1364/22/1364
f 1363/52/1363 1367/35/1367 1366/54/1366
f 1363/52/1363 1366/54/1366 1368/61/1368
f 1366/6/1366 1364/22/1364 1368/16/1368
f 1369/1/1369 1370/2/1370 1371/22/1371
f 1369/24/1369 1371/22/1371 1374/35/1374
f 1369/39/1369 1374/35/1374 1370/52/1370
f 1372/3/1372 1371/22/1371 1373/6/1373
f 1372/30/1372 1374/35/1374 1371/22/1371
f 1372/40/1372 1373/54/1373 1374/35/1374
f 1370/2/1370 1375/16/1375 1371/22/1371
f 1370/52/1370 1374/35/1374 1373/54/1373
f 1370/52/1370 1373/54/1373 1375/61/1375
f 1373/6/1373 1371/22/1371 1375/16/1375
f 1376/1/1376 1377/2/1377 1378/22/1378
f 1376/24/1376 1378/22/1378 1381/35/1381
f 1376/39/1376 1381/35/1381 1377/52/1377
f 1379/3/1379 1378/22/1378 1380/6/1380
f 1379/30/1379 1381/35/1381 1378/22/1378
f 1379/40/1379 1380/54/1380 1381/35/1381
f 1377/2/1377 1382/16/1382 1378/22/1378
f 1377/52/1377 1381/35/1381 1380/54/1380
f 1377/52/1377 1380/54/1380 1382/61/1382
f 1380/6/1380 1378/22/1378 1382/16/1382
f 1383/1/1383 1384/2/1384 1385/22/1385
f 1383/24/1383 1385/22/1385 1388/35/1388
f 1383/39/1383 1388/35/1388 1384/52/1384
f 1386/3/1386 1385/22/1385 1387/6/1387
f 1386/30/1386 1388/35/1388 1385/22/1385
f 1386/40/1386 1387/54/1387 1388/35/1388
f 1384/2/1384 1389/16/1389 1385/22/1385
f 1384/52/1384 1388/35/1388 1387/54/1387
f 1384/52/1384 1387/54/1387 1389/61/1389
f 1387/6/1387 1385/22/1385 1389/16/1389
f 1390/1/1390 1391/2/1391 1392/22/1392
f 1390/24/1390 1392/22/1392 1395/35/1395
f 1390/39/1390 1395/35/1395 1391/52/1391
f 1393/3/1393 1392/22/1392 1394/6/1394
f 1393/30/1393 1395/35/1395 1392/22/1392
f 1393/40/1393 1394/54/1394 1395/35/1395
f 1391/2/1391 1396/16/1396 1392/22/1392
f 1391/52/1391 1395/35/1395 1394/54/1394
f 1391/52/1391 1394/54/1394 1396/61/1396
f 1394/6/1394 1392/22/1392 1396/16/1396
f 1397/1/1397 1398/2/1398 1399/22/1399
f 1397/24/1397 1399/22/1399 1402/35/1402
f 1397/39/1397 1402/35/1402 1398/52/1398
f 1400/3/1400 1399/22/1399 1401/6/1401
f 1400/30/1400 1402/35/1402 1399/22/1399
f 1400/40/1400 1401/54/1401 1402/35/1402
f 1398/2/1398 1403/16/1403 1399/22/1399
f 1398/52/1398 1402/35/1402 1401/54/1401
f 1398/52/1398 1401/54/1401 1403/61/1403
f 1401/6/1401 1399/22/1399 1403/16/1403
f 1404/1/1404 1405/2/1405 1406/22/1406
f 1404/24/1404 1406/22/1406 1409/35/1409
f 1404/39/1404 1409/35/1409 1405/52/1405
f 1407/3/1407 1406/22/1406 1408/6/1408
f 1407/30/1407 1409/35/1409 1406/22/1406
f 1407/40/1407 1408/54/1408 1409/35/1409
f 1405/2/1405 1410/16/1410 1406/22/1406
f 1405/52/1405 1409/35/1409 1408/54/1408
f 1405/52/1405 1408/54/1408 1410/61/1410
f 1408/6/1408 1406/22/1406 1410/16/1410
f 1411/18/1411 1414/11/1414 1416/19/1416
f 1411/24/1411 1416/19/1416 1412/31/1412
f 1411/32/1411 1412/31/1412 1414/45/1414
f 1413/20/1413 1412/31/1412 1416/19/1416
f 1413/33/1413 1415/38/1415 1412/31/1412
f 1413/48/1413 1416/55/1416 1415/38/1415
f 1412/31/1412 1415/38/1415 1414/45/1414
f 1414/45/1414 1415/38/1415 1416/55/1416
f 1417/18/1417 1420/11/1420 1422/19/1422
f 1417/24/1417 1422/19/1422 1418/31/1418
f 1417/32/1417 1418/31/1418 1420/45/1420
f 1419/20/1419 1418/31/1418 1422/19/1422
f 1419/33/1419 1421/38/1421 1418/31/1418
f 1419/48/1419 1422/55/1422 1421/38/1421
f 1418/31/1418 1421/38/1421 1420/45/1420
f 1420/45/1420 1421/38/1421 1422/55/1422
f 1423/18/1423 1426/11/1426 1428/19/1428
f 1423/24/1423 1428/19/1428 1424/31/1424
f 1423/32/1423 1424/31/1424 1426/45/1426
f 1425/20/1425 1424/31/1424 1428/19/1428
f 1425/33/1425 1427/38/1427 1424/31/1424
f 1425/48/1425 1428/55/1428 1427/38/1427
f 1424/31/1424 1427/38/1427 1426/45/1426
f 1426/45/1426 1427/38/1427 1428/55/1428
f 1429/18/1429 1432/11/1432 1434/19/1434
f 1429/24/1429 1434/19/1434 1430/31/1430
f 1429/32/1429 1430/31/1430 1432/45/1432
f 1431/20/1431 1430/31/1430 1434/19/1434
f 1431/33/1431 1433/38/1433 1430/31/1430
f 1431/48/1431 1434/55/1434 1433/38/1433
f 1430/31/1430 1433/38/1433 1432/45/1432
f 1432/45/1432 1433/38/1433 1434/55/1434
f 1435/18/1435 1438/11/1438 1440/19/1440
f 1435/24/1435 1440/19/1440 1436/31/1436
f 1435/32/1435 1436/31/1436 1438/45/1438
f 1437/20/1437 1436/31/1436 1440/19/1440
f 1437/33/1437 1439/38/1439 1436/31/1436
f 1437/48/1437 1440/55/1440 1439/38/1439
f 1436/31/1436 1439/38/1439 1438/45/1438
f 1438/45/1438 1439/38/1439 1440/55/1440
f 1441/18/1441 1444/11/1444 1446/19/1446
f 1441/24/1441 1446/19/1446 1442/31/1442
f 1441/32/1441 1442/31/1442 1444/45/1444
f 1443/20/1443 1442/31/1442 1446/19/1446
f 1443/33/1443 1445/38/1445 1442/31/1442
f 1443/48/1443 1446/55/1446 1445/38/1445
f 1442/31/1442 1445/38/1445 1444/45/1444
f 1444/45/1444 1445/38/1445 1446/55/1446
f 1447/18/1447 1450/11/1450 1452/19/1452
f 1447/24/1447 1452/19/1452 1448/31/1448
f 1447/32/1447 1448/31/1448 1450/45/1450
f 1449/20/1449 1448/31/1448 1452/19/1452
f 1449/33/1449 1451/38/1451 1448/31/1448
f 1449/48/1449 1452/55/1452 1451/38/1451
f 1448/31/1448 1451/38/1451 1450/45/1450
f 1450/45/1450 1451/38/1451 1452/55/1452
f 1453/18/1453 1456/11/1456 1458/19/1458
f 1453/24/1453 1458/19/1458 1454/31/1454
f 1453/32/1453 1454/31/1454 1456/45/1456
f 1455/20/1455 1454/31/1454 1458/19/1458
f 1455/33/1455 1457/38/1457 1454/31/1454
f 1455/48/1455 1458/55/1458 1457/38/1457
f 1454/31/1454 1457/38/1457 1456/45/1456
f 1456/45/1456 1457/38/1457 1458/55/1458
f 1459/18/1459 1462/11/1462 1464/19/1464
f 1459/24/1459 1464/19/1464 1460/31/1460
f 1459/32/1459 1460/31/1460 1462/45/1462
f 1461/20/1461 1460/31/1460 1464/19/1464
f 1461/33/1461 1463/38/1463 1460/31/1460
f 1461/48/1461 1464/55/1464 1463/38/1463
f 1460/31/1460 1463/38/1463 1462/45/1462
f 1462/45/1462 1463/38/1463 1464/55/1464
f 1465/18/1465 1468/11/1468 1470/19/1470
f 1465/24/1465 1470/19/1470 1466/31/1466
f 1465/32/1465 1466/31/1466 1468/45/1468
f 1467/20/1467 1466/31/1466 1470/19/1470
f 1467/33/1467 1469/38/1469 1466/31/1466
f 1467/48/1467 1470/55/1470 1469/38/1469
f 1466/31/1466 1469/38/1469 1468/45/1468
f 1468/45/1468 1469/38/1469 1470/55/1470
f 1471/18/1471 1474/11/1474 1476/19/1476
f 1471/24/1471 1476/19/1476 1472/31/1472
f 1471/32/1471 1472/31/1472 1474/45/1474
f 1473/20/1473 1472/31/1472 1476/19/1476
f 1473/33/1473 1475/38/1475 1472/31/1472
f 1473/48/1473 1476/55/1476 1475/38/1475
f 1472/31/1472 1475/38/1475 1474/45/1474
f 1474/45/1474 1475/38/1475 1476/55/1476
f 1477/18/1477 1480/11/1480 1482/19/1482
f 1477/24/1477 1482/19/1482 1478/31/1478
f 1477/32/1477 1478/31/1478 1480/45/1480
f 1479/20/1479 1478/31/1478 1482/19/1482
f 1479/33/1479 1481/38/1481 1478/31/1478
f 1479/48/1479 1482/55/1482 1481/38/1481
f 1478/31/1478 1481/38/1481 1480/45/1480
f 1480/45/1480 1481/38/1481 1482/55/1482
f 1483/18/1483 1486/11/1486 1488/19/1488
f 1483/24/1483 1488/19/1488 1484/31/1484
f 1483/32/1483 1484/31/1484 1486/45/1486
f 1485/20/1485 1484/31/1484 1488/19/1488
f 1485/33/1485 1487/38/1487 1484/31/1484
f 1485/48/1485 1488/55/1488 1487/38/1487
f 1484/31/1484 1487/38/1487 1486/45/1486
f 1486/45/1486 1487/38/1487 1488/55/1488
f 1489/18/1489 1492/11/1492 1494/19/1494
f 1489/24/1489 1494/19/1494 1490/31/1490
f 1489/32/1489 1490/31/1490 1492/45/1492
f 1491/20/1491 1490/31/1490 1494/19/1494
f 1491/33/1491 1493/38/1493 1490/31/1490
f 1491/48/1491 1494/55/1494 1493/38/1493
f 1490/31/1490 1493/38/1493 1492/45/1492
f 1492/45/1492 1493/38/1493 1494/55/1494
f 1495/18/1495 1498/11/1498 1500/19/1500
f 1495/24/1495 1500/19/1500 1496/31/1496
f 1495/32/1495 1496/31/1496 1498/45/1498
f 1497/20/1497 1496/31/1496 1500/19/1500
f 1497/33/1497 1499/38/1499 1496/31/1496
f 1497/48/1497 1500/55/1500 1499/38/1499
f 1496/31/1496 1499/38/1499 1498/45/1498
f 1498/45/1498 1499/38/1499 1500/55/1500
f 1501/18/1501 1504/11/1504 1506/19/1506
f 1501/24/1501 1506/19/1506 1502/31/1502
f 1501/32/1501 1502/31/1502 1504/45/1504
f 1503/20/1503 1502/31/1502 1506/19/1506
f 1503/33/1503 1505/38/1505 1502/31/1502
f 1503/48/1503 1506/55/1506 1505/38/1505
f 1502/31/1502 1505/38/1505 1504/45/1504
f 1504/45/1504 1505/38/1505 1506/55/1506
f 1507/18/1507 1510/11/1510 1512/19/1512
f 1507/24/1507 1512/19/1512 1508/31/1508
f 1507/32/1507 1508/31/1508 1510/45/1510
f 1509/20/1509 1508/31/1508 1512/19/1512
f 1509/33/1509 1511/38/1511 1508/31/1508
f 1509/48/1509 1512/55/1512 1511/38/1511
f 1508/31/1508 1511/38/1511 1510/45/1510
f 1510/45/1510 1511/38/1511 1512/55/1512
f 1513/18/1513 1516/11/1516 1518/19/1518
f 1513/24/1513 1518/19/1518 1514/31/1514
f 1513/32/1513 1514/31/1514 1516/45/1516
f 1515/20/1515 1514/31/1514 1518/19/1518
f 1515/33/1515 1517/38/1517 1514/31/1514
f 1515/48/1515 1518/55/1518 1517/38/1517
f 1514/31/1514 1517/38/1517 1516/45/1516
f 1516/45/1516 1517/38/1517 1518/55/1518
f 1519/18/1519 1522/11/1522 1524/19/1524
f 1519/24/1519 1524/19/1524 1520/31/1520
f 1519/32/1519 1520/31/1520 1522/45/1522
f 1521/20/1521 1520/31/1520 1524/19/1524
f 1521/33/1521 1523/38/1523 1520/31/1520
f 1521/48/1521 1524/55/1524 1523/38/1523
f 1520/31/1520 1523/38/1523 1522/45/1522
f 1522/45/1522 1523/38/1523 1524/55/1524
f 1525/18/1525 1528/11/1528 1530/19/1530
f 1525/24/1525 1530/19/1530 1526/31/1526
f 1525/32/1525 1526/31/1526 1528/45/1528
f 1527/20/1527 1526/31/1526 1530/19/1530
f 1527/33/1527 1529/38/1529 1526/31/1526
f 1527/48/1527 1530/55/1530 1529/38/1529
f 1526/31/1526 1529/38/1529 1528/45/1528
f 1528/45/1528 1529/38/1529 1530/55/1530
f 1531/18/1531 1534/11/1534 1536/19/1536
f 1531/24/1531 1536/19/1536 1532/31/1532
f 1531/32/1531 1532/31/1532 1534/45/1534
f 1533/20/1533 1532/31/1532 1536/19/1536
f 1533/33/1533 1535/38/1535 1532/31/1532
f 1533/48/1533 1536/55/1536 1535/38/1535
f 1532/31/1532 1535/38/1535 1534/45/1534
f 1534/45/1534 1535/38/1535 1536/55/1536
f 1537/18/1537 1540/11/1540 1542/19/1542
f 1537/24/1537 1542/19/1542 1538/31/1538
f 1537/32/1537 1538/31/1538 1540/45/1540
f 1539/20/1539 1538/31/1538 1542/19/1542
f 1539/33/1539 1541/38/1541 1538/31/1538
f 1539/48/1539 1542/55/1542 1541/38/1541
f 1538/31/1538 1541/38/1541 1540/45/1540
f 1540/45/1540 1541/38/1541 1542/55/1542
f 1543/18/1543 1546/11/1546 1548/19/1548
f 1543/24/1543 1548/19/1548 1544/31/1544
f 1543/32/1543 1544/31/1544 1546/45/1546
f 1545/20/1545 1544/31/1544 1548/19/1548
f 1545/33/1545 1547/38/1547 1544/31/1544
f 1545/48/1545 1548/55/1548 1547/38/1547
f 1544/31/1544 1547/38/1547 1546/45/1546
f 1546/45/1546 1547/38/1547 1548/55/1548
f 1549/18/1549 1552/11/1552 1554/19/1554
f 1549/24/1549 1554/19/1554 1550/31/1550
f 1549/32/1549 1550/31/1550 1552/45/1552
f 1551/20/1551 1550/31/1550 1554/19/1554
f 1551/33/1551 1553/38/1553 1550/31/1550
f 1551/48/1551 1554/55/1554 1553/38/1553
f 1550/31/1550 1553/38/1553 1552/45/1552
f 1552/45/1552 1553/38/1553 1554/55/1554
f 1555/18/1555 1558/11/1558 1560/19/1560
f 1555/24/1555 1560/19/1560 1556/31/1556
f 1555/32/1555 1556/31/1556 1558/45/1558
f 1557/20/1557 1556/31/1556 1560/19/1560
f 1557/33/1557 1559/38/1559 1556/31/1556
f 1557/48/1557 1560/55/1560 1559/38/1559
f 1556/31/1556 1559/38/1559 1558/45/1558
f 1558/45/1558 1559/38/1559 1560/55/1560
f 1561/18/1561 1564/11/1564 1566/19/1566
f 1561/24/1561 1566/19/1566 1562/31/1562
f 1561/32/1561 1562/31/1562 1564/45/1564
f 1563/20/1563 1562/31/1562 1566/19/1566
f 1563/33/1563 1565/38/1565 1562/31/1562
f 1563/48/1563 1566/55/1566 1565/38/1565
f 1562/31/1562 1565/38/1565 1564/45/1564
f 1564/45/1564 1565/38/1565 1566/55/1566
f 1567/18/1567 1570/11/1570 1572/19/1572
f 1567/24/1567 1572/19/1572 1568/31/1568
f 1567/32/1567 1568/31/1568 1570/45/1570
f 1569/20/1569 1568/31/1568 1572/19/1572
f 1569/33/1569 1571/38/1571 1568/31/1568
f 1569/48/1569 1572/55/1572 1571/38/1571
f 1568/31/1568 1571/38/1571 1570/45/1570
f 1570/45/1570 1571/38/1571 1572/55/1572
f 1573/18/1573 1576/11/1576 1578/19/1578
f 1573/24/1573 1578/19/1578 1574/31/1574
f 1573/32/1573 1574/31/1574 1576/45/1576
f 1575/20/1575 1574/31/1574 1578/19/1578
f 1575/33/1575 1577/38/1577 1574/31/1574
f 1575/48/1575 1578/55/1578 1577/38/1577
f 1574/31/1574 1577/38/1577 1576/45/1576
f 1576/45/1576 1577/38/1577 1578/55/1578
f 1579/18/1579 1582/11/1582 1584/19/1584
f 1579/24/1579 1584/19/1584 1580/31/1580
f 1579/32/1579 1580/31/1580 1582/45/1582
f 1581/20/1581 1580/31/1580 1584/19/1584
f 1581/33/1581 1583/38/1583 1580/31/1580
f 1581/48/1581 1584/55/1584 1583/38/1583
f 1580/31/1580 1583/38/1583 1582/45/1582
f 1582/45/1582 1583/38/1583 1584/55/1584
f 1585/18/1585 1588/11/1588 1590/19/1590
f 1585/24/1585 1590/19/1590 1586/31/1586
f 1585/32/1585 1586/31/1586 1588/45/1588
f 1587/20/1587 1586/31/1586 1590/19/1590
f 1587/33/1587 1589/38/1589 1586/31/1586
f 1587/48/1587 1590/55/1590 1589/38/1589
f 1586/31/1586 1589/38/1589 1588/45/1588
f 1588/45/1588 1589/38/1589 1590/55/1590
f 1591/18/1591 1594/11/1594 1596/19/1596
f 1591/24/1591 1596/19/1596 1592/31/1592
f 1591/32/1591 1592/31/1592 1594/45/1594
f 1593/20/1593 1592/31/1592 1596/19/1596
f 1593/33/1593 1595/38/1595 1592/31/1592
f 1593/48/1593 1596/55/1596 1595/38/1595
f 1592/31/1592 1595/38/1595 1594/45/1594
f 1594/45/1594 1595/38/1595 1596/55/1596
f 1597/18/1597 1600/11/1600 1602/19/1602
f 1597/24/1597 1602/19/1602 1598/31/1598
f 1597/32/1597 1598/31/1598 1600/45/1600
f 1599/20/1599 1598/31/1598 1602/19/1602
f 1599/33/1599 1601/38/1601 1598/31/1598
f 1599/48/1599 1602/55/1602 1601/38/1601
f 1598/31/1598 1601/38/1601 1600/45/1600
f 1600/45/1600 1601/38/1601 1602/55/1602
f 1603/18/1603 1606/11/1606 1608/19/1608
f 1603/24/1603 1608/19/1608 1604/31/1604
f 1603/32/1603 1604/31/1604 1606/45/1606
f 1605/20/1605 1604/31/1604 1608/19/1608
f 1605/33/1605 1607/38/1607 1604/31/1604
f 1605/48/1605 1608/55/1608 1607/38/1607
f 1604/31/1604 1607/38/1607 1606/45/1606
f 1606/45/1606 1607/38/1607 1608/55/1608
f 1609/18/1609 1612/11/1612 1614/19/1614
f 1609/24/1609 1614/19/1614 1610/31/1610
f 1609/32/1609 1610/31/1610 1612/45/1612
f 1611/20/1611 1610/31/1610 1614/19/1614
f 1611/33/1611 1613/38/1613 1610/31/1610
f 1611/48/1611 1614/55/1614 1613/38/1613
f 1610/31/1610 1613/38/1613 1612/45/1612
f 1612/45/1612 1613/38/1613 1614/55/1614
f 1615/18/1615 1618/11/1618 1620/19/1620
f 1615/24/1615 1620/19/1620 1616/31/1616
f 1615/32/1615 1616/31/1616 1618/45/1618
f 1617/20/1617 1616/31/1616 1620/19/1620
f 1617/33/1617 1619/38/1619 1616/31/1616
f 1617/48/1617 1620/55/1620 1619/38/1619
f 1616/31/1616 1619/38/1619 1618/45/1618
f 1618/45/1618 1619/38/1619 1620/55/1620
f 1621/18/1621 1624/11/1624 1626/19/1626
f 1621/24/1621 1626/19/1626 1622/31/1622
f 1621/32/1621 1622/31/1622 1624/45/1624
f 1623/20/1623 1622/31/1622 1626/19/1626
f 1623/33/1623 1625/38/1625 1622/31/1622
f 1623/48/1623 1626/55/1626 1625/38/1625
f 1622/31/1622 1625/38/1625 1624/45/1624
f 1624/45/1624 1625/38/1625 1626/55/1626
f 1627/18/1627 1630/11/1630 1632/19/1632
f 1627/24/1627 1632/19/1632 1628/31/1628
f 1627/32/1627 1628/31/1628 1630/45/1630
f 1629/20/1629 1628/31/1628 1632/19/1632
f 1629/33/1629 1631/38/1631 1628/31/1628
f 1629/48/1629 1632/55/1632 1631/38/1631
f 1628/31/1628 1631/38/1631 1630/45/1630
f 1630/45/1630 1631/38/1631 1632/55/1632
f 1633/18/1633 1636/11/1636 1638/19/1638
f 1633/24/1633 1638/19/1638 1634/31/1634
f 1633/32/1633 1634/31/1634 1636/45/1636
f 1635/20/1635 1634/31/1634 1638/19/1638
f 1635/33/1635 1637/38/1637 1634/31/1634
f 1635/48/1635 1638/55/1638 1637/38/1637
f 1634/31/1634 1637/38/1637 1636/45/1636
f 1636/45/1636 1637/38/1637 1638/55/1638
f 1639/18/1639 1642/11/1642 1644/19/1644
f 1639/24/1639 1644/19/1644 1640/31/1640
f 1639/32/1639 1640/31/1640 1642/45/1642
f 1641/20/1641 1640/31/1640 1644/19/1644
f 1641/33/1641 1643/38/1643 1640/31/1640
f 1641/48/1641 1644/55/1644 1643/38/1643
f 1640/31/1640 1643/38/1643 1642/45/1642
f 1642/45/1642 1643/38/1643 1644/55/1644
f 1645/18/1645 1648/11/1648 1650/19/1650
f 1645/24/1645 1650/19/1650 1646/31/1646
f 1645/32/1645 1646/31/1646 1648/45/1648
f 1647/20/1647 1646/31/1646 1650/19/1650
f 1647/33/1647 1649/38/1649 1646/31/1646
f 1647/48/1647 1650/55/1650 1649/38/1649
f 1646/31/1646 1649/38/1649 1648/45/1648
f 1648/45/1648 1649/38/1649 1650/55/1650
f 1651/18/1651 1654/11/1654 1656/19/1656
f 1651/24/1651 1656/19/1656 1652/31/1652
f 1651/32/1651 1652/31/1652 1654/45/1654
f 1653/20/1653 1652/31/1652 1656/19/1656
f 1653/33/1653 1655/38/1655 1652/31/1652
f 1653/48/1653 1656/55/1656 1655/38/1655
f 1652/31/1652 1655/38/1655 1654/45/1654
f 1654/45/1654 1655/38/1655 1656/55/1656
f 1657/18/1657 1660/11/1660 1662/19/1662
f 1657/24/1657 1662/19/1662 1658/31/1658
f 1657/32/1657 1658/31/1658 1660/45/1660
f 1659/20/1659 1658/31/1658 1662/19/1662
f 1659/33/1659 1661/38/1661 1658/31/1658
f 1659/48/1659 1662/55/1662 1661/38/1661
f 1658/31/1658 1661/38/1661 1660/45/1660
f 1660/45/1660 1661/38/1661 1662/55/1662
f 1663/18/1663 1666/11/1666 1668/19/1668
f 1663/24/1663 1668/19/1668 1664/31/1664
f 1663/32/1663 1664/31/1664 1666/45/1666
f 1665/20/1665 1664/31/1664 1668/19/1668
f 1665/33/1665 1667/38/1667 1664/31/1664
f 1665/48/1665 1668/55/1668 1667/38/1667
f 1664/31/1664 1667/38/1667 1666/45/1666
f 1666/45/1666 1667/38/1667 1668/55/1668
f 1669/18/1669 1672/11/1672 1674/19/1674
f 1669/24/1669 1674/19/1674 1670/31/1670
f 1669/32/1669 1670/31/1670 1672/45/1672
f 1671/20/1671 1670/31/1670 1674/19/1674
f 1671/33/1671 1673/38/1673 1670/31/1670
f 1671/48/1671 1674/55/1674 1673/38/1673
f 1670/31/1670 1673/38/1673 1672/45/1672
f 1672/45/1672 1673/38/1673 1674/55/1674
f 1675/18/1675 1678/11/1678 1680/19/1680
f 1675/24/1675 1680/19/1680 1676/31/1676
f 1675/32/1675 1676/31/1676 1678/45/1678
f 1677/20/1677 1676/31/1676 1680/19/1680
f 1677/33/1677 1679/38/1679 1676/31/1676
f 1677/48/1677 1680/55/1680 1679/38/1679
f 1676/31/1676 1679/38/1679 1678/45/1678
f 1678/45/1678 1679/38/1679 1680/55/1680
f 1681/18/1681 1684/11/1684 1686/19/1686
f 1681/24/1681 1686/19/1686 1682/31/1682
f 1681/32/1681 1682/31/1682 1684/45/1684
f 1683/20/1683 1682/31/1682 1686/19/1686
f 1683/33/1683 1685/38/1685 1682/31/1682
f 1683/48/1683 1686/55/1686 1685/38/1685
f 1682/31/1682 1685/38/1685 1684/45/1684
f 1684/45/1684 1685/38/1685 1686/55/1686
f 1687/18/1687 1690/11/1690 1692/19/1692
f 1687/24/1687 1692/19/1692 1688/31/1688
f 1687/32/1687 1688/31/1688 1690/45/1690
f 1689/20/1689 1688/31/1688 1692/19/1692
f 1689/33/1689 1691/38/1691 1688/31/1688
f 1689/48/1689 1692/55/1692 1691/38/1691
f 1688/31/1688 1691/38/1691 1690/45/1690
f 1690/45/1690 1691/38/1691 1692/55/1692
f 1693/18/1693 1696/11/1696 1698/19/1698
f 1693/24/1693 1698/19/1698 1694/31/1694
f 1693/32/1693 1694/31/1694 1696/45/1696
f 1695/20/1695 1694/31/1694 1698/19/1698
f 1695/33/1695 1697/38/1697 1694/31/1694
f 1695/48/1695 1698/55/1698 1697/38/1697
f 1694/31/1694 1697/38/1697 1696/45/1696
f 1696/45/1696 1697/38/1697 1698/55/1698
f 1699/18/1699 1702/11/1702 1704/19/1704
f 1699/24/1699 1704/19/1704 1700/31/1700
f 1699/32/1699 1700/31/1700 1702/45/1702
f 1701/20/1701 1700/31/1700 1704/19/1704
f 1701/33/1701 1703/38/1703 1700/31/1700
f 1701/48/1701 1704/55/1704 1703/38/1703
f 1700/31/1700 1703/38/1703 1702/45/1702
f 1702/45/1702 1703/38/1703 1704/55/1704
f 1705/18/1705 1708/11/1708 1710/19/1710
f 1705/24/1705 1710/19/1710 1706/31/1706
f 1705/32/1705 1706/31/1706 1708/45/1708
f 1707/20/1707 1706/31/1706 1710/19/1710
f 1707/33/1707 1709/38/1709 1706/31/1706
f 1707/48/1707 1710/55/1710 1709/38/1709
f 1706/31/1706 1709/38/1709 1708/45/1708
f 1708/45/1708 1709/38/1709 1710/55/1710
f 1711/18/1711 1714/11/1714 1716/19/1716
f 1711/24/1711 1716/19/1716 1712/31/1712
f 1711/32/1711 1712/31/1712 1714/45/1714
f 1713/20/1713 1712/31/1712 1716/19/1716
f 1713/33/1713 1715/38/1715 1712/31/1712
f 1713/48/1713 1716/55/1716 1715/38/1715
f 1712/31/1712 1715/38/1715 1714/45/1714
f 1714/45/1714 1715/38/1715 1716/55/1716
f 1717/18/1717 1720/11/1720 1722/19/1722
f 1717/24/1717 1722/19/1722 1718/31/1718
f 1717/32/1717 1718/31/1718 1720/45/1720
f 1719/20/1719 1718/31/1718 1722/19/1722
f 1719/33/1719 1721/38/1721 1718/31/1718
f 1719/48/1719 1722/55/1722 1721/38/1721
f 1718/31/1718 1721/38/1721 1720/45/1720
f 1720/45/1720 1721/38/1721 1722/55/1722
f 1723/18/1723 1726/11/1726 1728/19/1728
f 1723/24/1723 1728/19/1728 1724/31/1724
f 1723/32/1723 1724/31/1724 1726/45/1726
f 1725/20/1725 1724/31/1724 1728/19/1728
f 1725/33/1725 1727/38/1727 1724/31/1724
f 1725/48/1725 1728/55/1728 1727/38/1727
f 1724/31/1724 1727/38/1727 1726/45/1726
f 1726/45/1726 1727/38/1727 1728/55/1728
f 1729/18/1729 1732/11/1732 1734/19/1734
f 1729/24/1729 1734/19/1734 1730/31/1730
f 1729/32/1729 1730/31/1730 1732/45/1732
f 1731/20/1731 1730/31/1730 1734/19/1734
f 1731/33/1731 1733/38/1733 1730/31/1730
f 1731/48/1731 1734/55/1734 1733/38/1733
f 1730/31/1730 1733/38/1733 1732/45/1732
f 1732/45/1732 1733/38/1733 1734/55/1734
f 1735/18/1735 1738/11/1738 1740/19/1740
f 1735/24/1735 1740/19/1740 1736/31/1736
f 1735/32/1735 1736/31/1736 1738/45/1738
f 1737/20/1737 1736/31/1736 1740/19/1740
f 1737/33/1737 1739/38/1739 1736/31/1736
f 1737/48/1737 1740/55/1740 1739/38/1739
f 1736/31/1736 1739/38/1739 1738/45/1738
f 1738/45/1738 1739/38/1739 1740/55/1740
f 1741/18/1741 1744/11/1744 1746/19/1746
f 1741/24/1741 1746/19/1746 1742/31/1742
f 1741/32/1741 1742/31/1742 1744/45/1744
f 1743/20/1743 1742/31/1742 1746/19/1746
f 1743/33/1743 1745/38/1745 1742/31/1742
f 1743/48/1743 1746/55/1746 1745/38/1745
f 1742/31/1742 1745/38/1745 1744/45/1744
f 1744/45/1744 1745/38/1745 1746/55/1746
f 1747/18/1747 1750/11/1750 1752/19/1752
f 1747/24/1747 1752/19/1752 1748/31/1748
f 1747/32/1747 1748/31/1748 1750/45/1750
f 1749/20/1749 1748/31/1748 1752/19/1752
f 1749/33/1749 1751/38/1751 1748/31/1748
f 1749/48/1749 1752/55/1752 1751/38/1751
f 1748/31/1748 1751/38/1751 1750/45/1750
f 1750/45/1750 1751/38/1751 1752/55/1752
f 1753/18/1753 1756/11/1756 1758/19/1758
f 1753/24/1753 1758/19/1758 1754/31/1754
f 1753/32/1753 1754/31/1754 1756/45/1756
f 1755/20/1755 1754/31/1754 1758/19/1758
f 1755/33/1755 1757/38/1757 1754/31/1754
f 1755/48/1755 1758/55/1758 1757/38/1757
f 1754/31/1754 1757/38/1757 1756/45/1756
f 1756/45/1756 1757/38/1757 1758/55/1758
f 1759/18/1759 1762/11/1762 1764/19/1764
f 1759/24/1759 1764/19/1764 1760/31/1760
f 1759/32/1759 1760/31/1760 1762/45/1762
f 1761/20/1761 1760/31/1760 1764/19/1764
f 1761/33/1761 1763/38/1763 1760/31/1760
f 1761/48/1761 1764/55/1764 1763/38/1763
f 1760/31/1760 1763/38/1763 1762/45/1762
f 1762/45/1762 1763/38/1763 1764/55/1764
f 1765/18/1765 1768/11/1768 1770/19/1770
f 1765/24/1765 1770/19/1770 1766/31/1766
f 1765/32/1765 1766/31/1766 1768/45/1768
f 1767/20/1767 1766/31/1766 1770/19/1770
f 1767/33/1767 1769/38/1769 1766/31/1766
f 1767/48/1767 1770/55/1770 1769/38/1769
f 1766/31/1766 1769/38/1769 1768/45/1768
f 1768/45/1768 1769/38/1769 1770/55/1770
f 1771/18/1771 1774/11/1774 1776/19/1776
f 1771/24/1771 1776/19/1776 1772/31/1772
f 1771/32/1771 1772/31/1772 1774/45/1774
f 1773/20/1773 1772/31/1772 1776/19/1776
f 1773/33/1773 1775/38/1775 1772/31/1772
f 1773/48/1773 1776/55/1776 1775/38/1775
f 1772/31/1772 1775/38/1775 1774/45/1774
f 1774/45/1774 1775/38/1775 1776/55/1776
f 1777/18/1777 1780/11/1780 1782/19/1782
f 1777/24/1777 1782/19/1782 1778/31/1778
f 1777/32/1777 1778/31/1778 1780/45/1780
f 1779/20/1779 1778/31/1778 1782/19/1782
f 1779/33/1779 1781/38/1781 1778/31/1778
f 1779/48/1779 1782/55/1782 1781/38/1781
f 1778/31/1778 1781/38/1781 1780/45/1780
f 1780/45/1780 1781/38/1781 1782/55/1782
f 1783/18/1783 1786/11/1786 1788/19/1788
f 1783/24/1783 1788/19/1788 1784/31/1784
f 1783/32/1783 1784/31/1784 1786/45/1786
f 1785/20/1785 1784/31/1784 1788/19/1788
f 1785/33/1785 1787/38/1787 1784/31/1784
f 1785/48/1785 1788/55/1788 1787/38/1787
f 1784/31/1784 1787/38/1787 1786/45/1786
f 1786/45/1786 1787/38/1787 1788/55/1788
f 1789/18/1789 1792/11/1792 1794/19/1794
f 1789/24/1789 1794/19/1794 1790/31/1790
f 1789/32/1789 1790/31/1790 1792/45/1792
f 1791/20/1791 1790/31/1790 1794/19/1794
f 1791/33/1791 1793/38/1793 1790/31/1790
f 1791/48/1791 1794/55/1794 1793/38/1793
f 1790/31/1790 1793/38/1793 1792/45/1792
f 1792/45/1792 1793/38/1793 1794/55/1794
f 1795/18/1795 1798/11/1798 1800/19/1800
f 1795/24/1795 1800/19/1800 1796/31/1796
f 1795/32/1795 1796/31/1796 1798/45/1798
f 1797/20/1797 1796/31/1796 1800/19/1800
f 1797/33/1797 1799/38/1799 1796/31/1796
f 1797/48/1797 1800/55/1800 1799/38/1799
f 1796/31/1796 1799/38/1799 1798/45/1798
f 1798/45/1798 1799/38/1799 1800/55/1800
f 1801/18/1801 1804/11/1804 1806/19/1806
f 1801/24/1801 1806/19/1806 1802/31/1802
f 1801/32/1801 1802/31/1802 1804/45/1804
f 1803/20/1803 1802/31/1802 1806/19/1806
f 1803/33/1803 1805/38/1805 1802/31/1802
f 1803/48/1803 1806/55/1806 1805/38/1805
f 1802/31/1802 1805/38/1805 1804/45/1804
f 1804/45/1804 1805/38/1805 1806/55/1806
f 1807/18/1807 1810/11/1810 1812/19/1812
f 1807/24/1807 1812/19/1812 1808/31/1808
f 1807/32/1807 1808/31/1808 1810/45/1810
f 1809/20/1809 1808/31/1808 1812/19/1812
f 1809/33/1809 1811/38/1811 1808/31/1808
f 1809/48/1809 1812/55/1812 1811/38/1811
f 1808/31/1808 1811/38/1811 1810/45/1810
f 1810/45/1810 1811/38/1811 1812/55/1812
f 1813/18/1813 1816/11/1816 1818/19/1818
f 1813/24/1813 1818/19/1818 1814/31/1814
f 1813/32/1813 1814/31/1814 1816/45/1816
f 1815/20/1815 1814/31/1814 1818/19/1818
f 1815/33/1815 1817/38/1817 1814/31/1814
f 1815/48/1815 1818/55/1818 1817/38/1817
f 1814/31/1814 1817/38/1817 1816/45/1816
f 1816/45/1816 1817/38/1817 1818/55/1818
f 1819/18/1819 1822/11/1822 1824/19/1824
f 1819/24/1819 1824/19/1824 1820/31/1820
f 1819/32/1819 1820/31/1820 1822/45/1822
f 1821/20/1821 1820/31/1820 1824/19/1824
f 1821/33/1821 1823/38/1823 1820/31/1820
f 1821/48/1821 1824/55/1824 1823/38/1823
f 1820/31/1820 1823/38/1823 1822/45/1822
f 1822/45/1822 1823/38/1823 1824/55/1824
f 1825/18/1825 1828/11/1828 1830/19/1830
f 1825/24/1825 1830/19/1830 1826/31/1826
f 1825/32/1825 1826/31/1826 1828/45/1828
f 1827/20/1827 1826/31/1826 1830/19/1830
f 1827/33/1827 1829/38/1829 1826/31/1826
f 1827/48/1827 1830/55/1830 1829/38/1829
f 1826/31/1826 1829/38/1829 1828/45/1828
f 1828/45/1828 1829/38/1829 1830/55/1830
f 1831/18/1831 1834/11/1834 1836/19/1836
f 1831/24/1831 1836/19/1836 1832/31/1832
f 1831/32/1831 1832/31/1832 1834/45/1834
f 1833/20/1833 1832/31/1832 1836/19/1836
f 1833/33/1833 1835/38/1835 1832/31/1832
f 1833/48/1833 1836/55/1836 1835/38/1835
f 1832/31/1832 1835/38/1835 1834/45/1834
f 1834/45/1834 1835/38/1835 1836/55/1836
f 1837/18/1837 1840/11/1840 1842/19/1842
f 1837/24/1837 1842/19/1842 1838/31/1838
f 1837/32/1837 1838/31/1838 1840/45/1840
f 1839/20/1839 1838/31/1838 1842/19/1842
f 1839/33/1839 1841/38/1841 1838/31/1838
f 1839/48/1839 1842/55/1842 1841/38/1841
f 1838/31/1838 1841/38/1841 1840/45/1840
f 1840/45/1840 1841/38/1841 1842/55/1842
f 1843/18/1843 1846/11/1846 1848/19/1848
f 1843/24/1843 1848/19/1848 1844/31/1844
f 1843/32/1843 1844/31/1844 1846/45/1846
f 1845/20/1845 1844/31/1844 1848/19/1848
f 1845/33/1845 1847/38/1847 1844/31/1844
f 1845/48/1845 1848/55/1848 1847/38/1847
f 1844/31/1844 1847/38/1847 1846/45/1846
f 1846/45/1846 1847/38/1847 1848/55/1848
f 1849/18/1849 1852/11/1852 1854/19/1854
f 1849/24/1849 1854/19/1854 1850/31/1850
f 1849/32/1849 1850/31/1850 1852/45/1852
f 1851/20/1851 1850/31/1850 1854/19/1854
f 1851/33/1851 1853/38/1853 1850/31/1850
f 1851/48/1851 1854/55/1854 1853/38/1853
f 1850/31/1850 1853/38/1853 1852/45/1852
f 1852/45/1852 1853/38/1853 1854/55/1854
f 1855/18/1855 1858/11/1858 1860/19/1860
f 1855/24/1855 1860/19/1860 1856/31/1856
f 1855/32/1855 1856/31/1856 1858/45/1858
f 1857/20/1857 1856/31/1856 1860/19/1860
f 1857/33/1857 1859/38/1859 1856/31/1856
f 1857/48/1857 1860/55/1860 1859/38/1859
f 1856/31/1856 1859/38/1859 1858/45/1858
f 1858/45/1858 1859/38/1859 1860/55/1860
f 1861/18/1861 1864/11/1864 1866/19/1866
f 1861/24/1861 1866/19/1866 1862/31/1862
f 1861/32/1861 1862/31/1862 1864/45/1864
f 1863/20/1863 1862/31/1862 1866/19/1866
f 1863/33/1863 1865/38/1865 1862/31/1862
f 1863/48/1863 1866/55/1866 1865/38/1865
f 1862/31/1862 1865/38/1865 1864/45/1864
f 1864/45/1864 1865/38/1865 1866/55/1866
f 1867/18/1867 1870/11/1870 1872/19/1872
f 1867/24/1867 1872/19/1872 1868/31/1868
f 1867/32/1867 1868/31/1868 1870/45/1870
f 1869/20/1869 1868/31/1868 1872/19/1872
f 1869/33/1869 1871/38/1871 1868/31/1868
f 1869/48/1869 1872/55/1872 1871/38/1871
f 1868/31/1868 1871/38/1871 1870/45/1870
f 1870/45/1870 1871/38/1871 1872/55/1872
f 1873/18/1873 1876/11/1876 1878/19/1878
f 1873/24/1873 1878/19/1878 1874/31/1874
f 1873/32/1873 1874/31/1874 1876/45/1876
f 1875/20/1875 1874/31/1874 1878/19/1878
f 1875/33/1875 1877/38/1877 1874/31/1874
f 1875/48/1875 1878/55/1878 1877/38/1877
f 1874/31/1874 1877/38/1877 1876/45/1876
f 1876/45/1876 1877/38/1877 1878/55/1878
f 1879/18/1879 1882/11/1882 1884/19/1884
f 1879/24/1879 1884/19/1884 1880/31/1880
f 1879/32/1879 1880/31/1880 1882/45/1882
f 1881/20/1881 1880/31/1880 1884/19/1884
f 1881/33/1881 1883/38/1883 1880/31/1880
f 1881/48/1881 1884/55/1884 1883/38/1883
f 1880/31/1880 1883/38/1883 1882/45/1882
f 1882/45/1882 1883/38/1883 1884/55/1884
f 1885/18/1885 1888/11/1888 1890/19/1890
f 1885/24/1885 1890/19/1890 1886/31/1886
f 1885/32/1885 1886/31/1886 1888/45/1888
f 1887/20/1887 1886/31/1886 1890/19/1890
f 1887/33/1887 1889/38/1889 1886/31/1886
f 1887/48/1887 1890/55/1890 1889/38/1889
f 1886/31/1886 1889/38/1889 1888/45/1888
f 1888/45/1888 1889/38/1889 1890/55/1890
f 1891/18/1891 1894/11/1894 1896/19/1896
f 1891/24/1891 1896/19/1896 1892/31/1892
f 1891/32/1891 1892/31/1892 1894/45/1894
f 1893/20/1893 1892/31/1892 1896/19/1896
f 1893/33/1893 1895/38/1895 1892/31/1892
f 1893/48/1893 1896/55/1896 1895/38/1895
f 1892/31/1892 1895/38/1895 1894/45/1894
f 1894/45/1894 1895/38/1895 1896/55/1896
f 1897/18/1897 1900/11/1900 1902/19/1902
f 1897/24/1897 1902/19/1902 1898/31/1898
f 1897/32/1897 1898/31/1898 1900/45/1900
f 1899/20/1899 1898/31/1898 1902/19/1902
f 1899/33/1899 1901/38/1901 1898/31/1898
f 1899/48/1899 1902/55/1902 1901/38/1901
f 1898/31/1898 1901/38/1901 1900/45/1900
f 1900/45/1900 1901/38/1901 1902/55/1902
f 1903/18/1903 1906/11/1906 1908/19/1908
f 1903/24/1903 1908/19/1908 1904/31/1904
f 1903/32/1903 1904/31/1904 1906/45/1906
f 1905/20/1905 1904/31/1904 1908/19/1908
f 1905/33/1905 1907/38/1907 1904/31/1904
f 1905/48/1905 1908/55/1908 1907/38/1907
f 1904/31/1904 1907/38/1907 1906/45/1906
f 1906/45/1906 1907/38/1907 1908/55/1908
f 1909/18/1909 1914/19/1914 1912/11/1912
f 1909/24/1909 1910/31/1910 1914/19/1914
f 1909/32/1909 1912/45/1912 1910/31/1910
f 1911/20/1911 1914/19/1914 1910/31/1910
f 1911/33/1911 1910/31/1910 1913/38/1913
f 1911/48/1911 1913/38/1913 1914/55/1914
f 1910/31/1910 1912/45/1912 1913/38/1913
f 1912/45/1912 1914/55/1914 1913/38/1913
f 1915/18/1915 1918/11/1918 1920/19/1920
f 1915/24/1915 1920/19/1920 1916/31/1916
f 1915/32/1915 1916/31/1916 1918/45/1918
f 1917/20/1917 1916/31/1916 1920/19/1920
f 1917/33/1917 1919/38/1919 1916/31/1916
f 1917/48/1917 1920/55/1920 1919/38/1919
f 1916/31/1916 1919/38/1919 1918/45/1918
f 1918/45/1918 1919/38/1919 1920/55/1920
f 1921/18/1921 1924/11/1924 1926/19/1926
f 1921/24/1921 1926/19/1926 1922/31/1922
f 1921/32/1921 1922/31/1922 1924/45/1924
f 1923/20/1923 1922/31/1922 1926/19/1926
f 1923/33/1923 1925/38/1925 1922/31/1922
f 1923/48/1923 1926/55/1926 1925/38/1925
f 1922/31/1922 1925/38/1925 1924/45/1924
f 1924/45/1924 1925/38/1925 1926/55/1926
f 1927/18/1927 1930/11/1930 1932/19/1932
f 1927/24/1927 1932/19/1932 1928/31/1928
f 1927/32/1927 1928/31/1928 1930/45/1930
f 1929/20/1929 1928/31/1928 1932/19/1932
f 1929/33/1929 1931/38/1931 1928/31/1928
f 1929/48/1929 1932/55/1932 1931/38/1931
f 1928/31/1928 1931/38/1931 1930/45/1930
f 1930/45/1930 1931/38/1931 1932/55/1932
f 1933/18/1933 1936/11/1936 1938/19/1938
f 1933/24/1933 1938/19/1938 1934/31/1934
f 1933/32/1933 1934/31/1934 1936/45/1936
f 1935/20/1935 1934/31/1934 1938/19/1938
f 1935/33/1935 1937/38/1937 1934/31/1934
f 1935/48/1935 1938/55/1938 1937/38/1937
f 1934/31/1934 1937/38/1937 1936/45/1936
f 1936/45/1936 1937/38/1937 1938/55/1938
f 1939/18/1939 1942/11/1942 1944/19/1944
f 1939/24/1939 1944/19/1944 1940/31/1940
f 1939/32/1939 1940/31/1940 1942/45/1942
f 1941/20/1941 1940/31/1940 1944/19/1944
f 1941/33/1941 1943/38/1943 1940/31/1940
f 1941/48/1941 1944/55/1944 1943/38/1943
f 1940/31/1940 1943/38/1943 1942/45/1942
f 1942/45/1942 1943/38/1943 1944/55/1944
f 1945/18/1945 1948/11/1948 1950/19/1950
f 1945/24/1945 1950/19/1950 1946/31/1946
f 1945/32/1945 1946/31/1946 1948/45/1948
f 1947/20/1947 1946/31/1946 1950/19/1950
f 1947/33/1947 1949/38/1949 1946/31/1946
f 1947/48/1947 1950/55/1950 1949/38/1949
f 1946/31/1946 1949/38/1949 1948/45/1948
f 1948/45/1948 1949/38/1949 1950/55/1950
f 1951/18/1951 1954/11/1954 1956/19/1956
f 1951/24/1951 1956/19/1956 1952/31/1952
f 1951/32/1951 1952/31/1952 1954/45/1954
f 1953/20/1953 1952/31/1952 1956/19/1956
f 1953/33/1953 1955/38/1955 1952/31/1952
f 1953/48/1953 1956/55/1956 1955/38/1955
f 1952/31/1952 1955/38/1955 1954/45/1954
f 1954/45/1954 1955/38/1955 1956/55/1956
f 1957/18/1957 1960/11/1960 1962/19/1962
f 1957/24/1957 1962/19/1962 1958/31/1958
f 1957/32/1957 1958/31/1958 1960/45/1960
f 1959/20/1959 1958/31/1958 1962/19/1962
f 1959/33/1959 1961/38/1961 1958/31/1958
f 1959/48/1959 1962/55/1962 1961/38/1961
f 1958/31/1958 1961/38/1961 1960/45/1960
f 1960/45/1960 1961/38/1961 1962/55/1962
f 1963/18/1963 1966/11/1966 1968/19/1968
f 1963/24/1963 1968/19/1968 1964/31/1964
f 1963/32/1963 1964/31/1964 1966/45/1966
f 1965/20/1965 1964/31/1964 1968/19/1968
f 1965/33/1965 1967/38/1967 1964/31/1964
f 1965/48/1965 1968/55/1968 1967/38/1967
f 1964/31/1964 1967/38/1967 1966/45/1966
f 1966/45/1966 1967/38/1967 1968/55/1968
f 1969/18/1969 1972/11/1972 1974/19/1974
f 1969/24/1969 1974/19/1974 1970/31/1970
f 1969/32/1969 1970/31/1970 1972/45/1972
f 1971/20/1971 1970/31/1970 1974/19/1974
f 1971/33/1971 1973/38/1973 1970/31/1970
f 1971/48/1971 1974/55/1974 1973/38/1973
f 1970/31/1970 1973/38/1973 1972/45/1972
f 1972/45/1972 1973/38/1973 1974/55/1974
f 1975/18/1975 1978/11/1978 1980/19/1980
f 1975/24/1975 1980/19/1980 1976/31/1976
f 1975/32/1975 1976/31/1976 1978/45/1978
f 1977/20/1977 1976/31/1976 1980/19/1980
f 1977/33/1977 1979/38/1979 1976/31/1976
f 1977/48/1977 1980/55/1980 1979/38/1979
f 1976/31/1976 1979/38/1979 1978/45/1978
f 1978/45/1978 1979/38/1979 1980/55/1980
f 1981/18/1981 1984/11/1984 1986/19/1986
f 1981/24/1981 1986/19/1986 1982/31/1982
f 1981/32/1981 1982/31/1982 1984/45/1984
f 1983/20/1983 1982/31/1982 1986/19/1986
f 1983/33/1983 1985/38/1985 1982/31/1982
f 1983/48/1983 1986/55/1986 1985/38/1985
f 1982/31/1982 1985/38/1985 1984/45/1984
f 1984/45/1984 1985/38/1985 1986/55/1986
f 1987/18/1987 1990/11/1990 1992/19/1992
f 1987/24/1987 1992/19/1992 1988/31/1988
f 1987/32/1987 1988/31/1988 1990/45/1990
f 1989/20/1989 1988/31/1988 1992/19/1992
f 1989/33/1989 1991/38/1991 1988/31/1988
f 1989/48/1989 1992/55/1992 1991/38/1991
f 1988/31/1988 1991/38/1991 1990/45/1990
f 1990/45/1990 1991/38/1991 1992/55/1992
f 1993/18/1993 1998/19/1998 1996/11/1996
f 1993/24/1993 1994/31/1994 1998/19/1998
f 1993/32/1993 1996/45/1996 1994/31/1994
f 1995/20/1995 1998/19/1998 1994/31/1994
f 1995/33/1995 1994/31/1994 1997/38/1997
f 1995/48/1995 1997/38/1997 1998/55/1998
f 1994/31/1994 1996/45/1996 1997/38/1997
f 1996/45/1996 1998/55/1998 1997/38/1997
f 1999/18/1999 2002/11/2002 2004/19/2004
f 1999/24/1999 2004/19/2004 2000/31/2000
f 1999/32/1999 2000/31/2000 2002/45/2002
f 2001/20/2001 2000/31/2000 2004/19/2004
f 2001/33/2001 2003/38/2003 2000/31/2000
f 2001/48/2001 2004/55/2004 2003/38/2003
f 2000/31/2000 2003/38/2003 2002/45/2002
f 2002/45/2002 2003/38/2003 2004/55/2004
f 2005/18/2005 2008/11/2008 2010/19/2010
f 2005/24/2005 2010/19/2010 2006/31/2006
f 2005/32/2005 2006/31/2006 2008/45/2008
f 2007/20/2007 2006/31/2006 2010/19/2010
f 2007/33/2007 2009/38/2009 2006/31/2006
f 2007/48/2007 2010/55/2010 2009/38/2009
f 2006/31/2006 2009/38/2009 2008/45/2008
f 2008/45/2008 2009/38/2009 2010/55/2010
f 2011/18/2011 2014/11/2014 2016/19/2016
f 2011/24/2011 2016/19/2016 2012/31/2012
f 2011/32/2011 2012/31/2012 2014/45/2014
f 2013/20/2013 2012/31/2012 2016/19/2016
f 2013/33/2013 2015/38/2015 2012/31/2012
f 2013/48/2013 2016/55/2016 2015/38/2015
f 2012/31/2012 2015/38/2015 2014/45/2014
f 2014/45/2014 2015/38/2015 2016/55/2016
f 2017/18/2017 2020/11/2020 2022/19/2022
f 2017/24/2017 2022/19/2022 2018/31/2018
f 2017/32/2017 2018/31/2018 2020/45/2020
f 2019/20/2019 2018/31/2018 2022/19/2022
f 2019/33/2019 2021/38/2021 2018/31/2018
f 2019/48/2019 2022/55/2022 2021/38/2021
f 2018/31/2018 2021/38/2021 2020/45/2020
f 2020/45/2020 2021/38/2021 2022/55/2022
f 2023/18/2023 2026/11/2026 2028/19/2028
f 2023/24/2023 2028/19/2028 2024/31/2024
f 2023/32/2023 2024/31/2024 2026/45/2026
f 2025/20/2025 2024/31/2024 2028/19/2028
f 2025/33/2025 2027/38/2027 2024/31/2024
f 2025/48/2025 2028/55/2028 2027/38/2027
f 2024/31/2024 2027/38/2027 2026/45/2026
f 2026/45/2026 2027/38/2027 2028/55/2028
f 2029/18/2029 2032/11/2032 2034/19/2034
f 2029/24/2029 2034/19/2034 2030/31/2030
f 2029/32/2029 2030/31/2030 2032/45/2032
f 2031/20/2031 2030/31/2030 2034/19/2034
f 2031/33/2031 2033/38/2033 2030/31/2030
f 2031/48/2031 2034/55/2034 2033/38/2033
f 2030/31/2030 2033/38/2033 2032/45/2032
f 2032/45/2032 2033/38/2033 2034/55/2034
f 2035/18/2035 2038/11/2038 2040/19/2040
f 2035/24/2035 2040/19/2040 2036/31/2036
f 2035/32/2035 2036/31/2036 2038/45/2038
f 2037/20/2037 2036/31/2036 2040/19/2040
f 2037/33/2037 2039/38/2039 2036/31/2036
f 2037/48/2037 2040/55/2040 2039/38/2039
f 2036/31/2036 2039/38/2039 2038/45/2038
f 2038/45/2038 2039/38/2039 2040/55/2040
f 2041/18/2041 2044/11/2044 2046/19/2046
f 2041/24/2041 2046/19/2046 2042/31/2042
f 2041/32/2041 2042/31/2042 2044/45/2044
f 2043/20/2043 2042/31/2042 2046/19/2046
f 2043/33/2043 2045/38/2045 2042/31/2042
f 2043/48/2043 2046/55/2046 2045/38/2045
f 2042/31/2042 2045/38/2045 2044/45/2044
f 2044/45/2044 2045/38/2045 2046/55/2046
f 2047/18/2047 2050/11/2050 2052/19/2052
f 2047/24/2047 2052/19/2052 2048/31/2048
f 2047/32/2047 2048/31/2048 2050/45/2050
f 2049/20/2049 2048/31/2048 2052/19/2052
f 2049/33/2049 2051/38/2051 2048/31/2048
f 2049/48/2049 2052/55/2052 2051/38/2051
f 2048/31/2048 2051/38/2051 2050/45/2050
f 2050/45/2050 2051/38/2051 2052/55/2052
f 2053/18/2053 2056/11/2056 2058/19/2058
f 2053/24/2053 2058/19/2058 2054/31/2054
f 2053/32/2053 2054/31/2054 2056/45/2056
f 2055/20/2055 2054/31/2054 2058/19/2058
f 2055/33/2055 2057/38/2057 2054/31/2054
f 2055/48/2055 2058/55/2058 2057/38/2057
f 2054/31/2054 2057/38/2057 2056/45/2056
f 2056/45/2056 2057/38/2057 2058/55/2058
f 2059/18/2059 2062/11/2062 2064/19/2064
f 2059/24/2059 2064/19/2064 2060/31/2060
f 2059/32/2059 2060/31/2060 2062/45/2062
f 2061/20/2061 2060/31/2060 2064/19/2064
f 2061/33/2061 2063/38/2063 2060/31/2060
f 2061/48/2061 2064/55/2064 2063/38/2063
f 2060/31/2060 2063/38/2063 2062/45/2062
f 2062/45/2062 2063/38/2063 2064/55/2064
f 2065/18/2065 2068/11/2068 2070/19/2070
f 2065/24/2065 2070/19/2070 2066/31/2066
f 2065/32/2065 2066/31/2066 2068/45/2068
f 2067/20/2067 2066/31/2066 2070/19/2070
f 2067/33/2067 2069/38/2069 2066/31/2066
f 2067/48/2067 2070/55/2070 2069/38/2069
f 2066/31/2066 2069/38/2069 2068/45/2068
f 2068/45/2068 2069/38/2069 2070/55/2070
f 2071/18/2071 2074/11/2074 2076/19/2076
f 2071/24/2071 2076/19/2076 2072/31/2072
f 2071/32/2071 2072/31/2072 2074/45/2074
f 2073/20/2073 2072/31/2072 2076/19/2076
f 2073/33/2073 2075/38/2075 2072/31/2072
f 2073/48/2073 2076/55/2076 2075/38/2075
f 2072/31/2072 2075/38/2075 2074/45/2074
f 2074/45/2074 2075/38/2075 2076/55/2076
f 2077/18/2077 2080/11/2080 2082/19/2082
f 2077/24/2077 2082/19/2082 2078/31/2078
f 2077/32/2077 2078/31/2078 2080/45/2080
f 2079/20/2079 2078/31/2078 2082/19/2082
f 2079/33/2079 2081/38/2081 2078/31/2078
f 2079/48/2079 2082/55/2082 2081/38/2081
f 2078/31/2078 2081/38/2081 2080/45/2080
f 2080/45/2080 2081/38/2081 2082/55/2082
f 2083/18/2083 2086/11/2086 2088/19/2088
f 2083/24/2083 2088/19/2088 2084/31/2084
f 2083/32/2083 2084/31/2084 2086/45/2086
f 2085/20/2085 2084/31/2084 2088/19/2088
f 2085/33/2085 2087/38/2087 2084/31/2084
f 2085/48/2085 2088/55/2088 2087/38/2087
f 2084/31/2084 2087/38/2087 2086/45/2086
f 2086/45/2086 2087/38/2087 2088/55/2088
f 2089/18/2089 2092/11/2092 2094/19/2094
f 2089/24/2089 2094/19/2094 2090/31/2090
f 2089/32/2089 2090/31/2090 2092/45/2092
f 2091/20/2091 2090/31/2090 2094/19/2094
f 2091/33/2091 2093/38/2093 2090/31/2090
f 2091/48/2091 2094/55/2094 2093/38/2093
f 2090/31/2090 2093/38/2093 2092/45/2092
f 2092/45/2092 2093/38/2093 2094/55/2094
f 2095/18/2095 2098/11/2098 2100/19/2100
f 2095/24/2095 2100/19/2100 2096/31/2096
f 2095/32/2095 2096/31/2096 2098/45/2098
f 2097/20/2097 2096/31/2096 2100/19/2100
f 2097/33/2097 2099/38/2099 2096/31/2096
f 2097/48/2097 2100/55/2100 2099/38/2099
f 2096/31/2096 2099/38/2099 2098/45/2098
f 2098/45/2098 2099/38/2099 2100/55/2100
f 2101/18/2101 2104/11/2104 2106/19/2106
f 2101/24/2101 2106/19/2106 2102/31/2102
f 2101/32/2101 2102/31/2102 2104/45/2104
f 2103/20/2103 2102/31/2102 2106/19/2106
f 2103/33/2103 2105/38/2105 2102/31/2102
f 2103/48/2103 2106/55/2106 2105/38/2105
f 2102/31/2102 2105/38/2105 2104/45/2104
f 2104/45/2104 2105/38/2105 2106/55/2106
f 2107/18/2107 2110/11/2110 2112/19/2112
f 2107/24/2107 2112/19/2112 2108/31/2108
f 2107/32/2107 2108/31/2108 2110/45/2110
f 2109/20/2109 2108/31/2108 2112/19/2112
f 2109/33/2109 2111/38/2111 2108/31/2108
f 2109/48/2109 2112/55/2112 2111/38/2111
f 2108/31/2108 2111/38/2111 2110/45/2110
f 2110/45/2110 2111/38/2111 2112/55/2112
f 2113/18/2113 2116/11/2116 2118/19/2118
f 2113/24/2113 2118/19/2118 2114/31/2114
f 2113/32/2113 2114/31/2114 2116/45/2116
f 2115/20/2115 2114/31/2114 2118/19/2118
f 2115/33/2115 2117/38/2117 2114/31/2114
f 2115/48/2115 2118/55/2118 2117/38/2117
f 2114/31/2114 2117/38/2117 2116/45/2116
f 2116/45/2116 2117/38/2117 2118/55/2118
f 2119/18/2119 2122/11/2122 2124/19/2124
f 2119/24/2119 2124/19/2124 2120/31/2120
f 2119/32/2119 2120/31/2120 2122/45/2122
f 2121/20/2121 2120/31/2120 2124/19/2124
f 2121/33/2121 2123/38/2123 2120/31/2120
f 2121/48/2121 2124/55/2124 2123/38/2123
f 2120/31/2120 2123/38/2123 2122/45/2122
f 2122/45/2122 2123/38/2123 2124/55/2124
f 2125/18/2125 2128/11/2128 2130/19/2130
f 2125/24/2125 2130/19/2130 2126/31/2126
f 2125/32/2125 2126/31/2126 2128/45/2128
f 2127/20/2127 2126/31/2126 2130/19/2130
f 2127/33/2127 2129/38/2129 2126/31/2126
f 2127/48/2127 2130/55/2130 2129/38/2129
f 2126/31/2126 2129/38/2129 2128/45/2128
f 2128/45/2128 2129/38/2129 2130/55/2130
f 2131/18/2131 2134/11/2134 2136/19/2136
f 2131/24/2131 2136/19/2136 2132/31/2132
f 2131/32/2131 2132/31/2132 2134/45/2134
f 2133/20/2133 2132/31/2132 2136/19/2136
f 2133/33/2133 2135/38/2135 2132/31/2132
f 2133/48/2133 2136/55/2136 2135/38/2135
f 2132/31/2132 2135/38/2135 2134/45/2134
f 2134/45/2134 2135/38/2135 2136/55/2136
f 2137/18/2137 2140/11/2140 2142/19/2142
f 2137/24/2137 2142/19/2142 2138/31/2138
f 2137/32/2137 2138/31/2138 2140/45/2140
f 2139/20/2139 2138/31/2138 2142/19/2142
f 2139/33/2139 2141/38/2141 2138/31/2138
f 2139/48/2139 2142/55/2142 2141/38/2141
f 2138/31/2138 2141/38/2141 2140/45/2140
f 2140/45/2140 2141/38/2141 2142/55/2142
f 2143/18/2143 2146/11/2146 2148/19/2148
f 2143/24/2143 2148/19/2148 2144/31/2144
f 2143/32/2143 2144/31/2144 2146/45/2146
f 2145/20/2145 2144/31/2144 2148/19/2148
f 2145/33/2145 2147/38/2147 2144/31/2144
f 2145/48/2145 2148/55/2148 2147/38/2147
f 2144/31/2144 2147/38/2147 2146/45/2146
f 2146/45/2146 2147/38/2147 2148/55/2148
f 2149/18/2149 2152/11/2152 2154/19/2154
f 2149/24/2149 2154/19/2154 2150/31/2150
f 2149/32/2149 2150/31/2150 2152/45/2152
f 2151/20/2151 2150/31/2150 2154/19/2154
f 2151/33/2151 2153/38/2153 2150/31/2150
f 2151/48/2151 2154/55/2154 2153/38/2153
f 2150/31/2150 2153/38/2153 2152/45/2152
f 2152/45/2152 2153/38/2153 2154/55/2154
f 2155/18/2155 2158/11/2158 2160/19/2160
f 2155/24/2155 2160/19/2160 2156/31/2156
f 2155/32/2155 2156/31/2156 2158/45/2158
f 2157/20/2157 2156/31/2156 2160/19/2160
f 2157/33/2157 2159/38/2159 2156/31/2156
f 2157/48/2157 2160/55/2160 2159/38/2159
f 2156/31/2156 2159/38/2159 2158/45/2158
f 2158/45/2158 2159/38/2159 2160/55/2160
f 2161/18/2161 2164/11/2164 2166/19/2166
f 2161/24/2161 2166/19/2166 2162/31/2162
f 2161/32/2161 2162/31/2162 2164/45/2164
f 2163/20/2163 2162/31/2162 2166/19/2166
f 2163/33/2163 2165/38/2165 2162/31/2162
f 2163/48/2163 2166/55/2166 2165/38/2165
f 2162/31/2162 2165/38/2165 2164/45/2164
f 2164/45/2164 2165/38/2165 2166/55/2166
f 2167/18/2167 2170/11/2170 2172/19/2172
f 2167/24/2167 2172/19/2172 2168/31/2168
f 2167/32/2167 2168/31/2168 2170/45/2170
f 2169/20/2169 2168/31/2168 2172/19/2172
f 2169/33/2169 2171/38/2171 2168/31/2168
f 2169/48/2169 2172/55/2172 2171/38/2171
f 2168/31/2168 2171/38/2171 2170/45/2170
f 2170/45/2170 2171/38/2171 2172/55/2172
f 2173/18/2173 2176/11/2176 2178/19/2178
f 2173/24/2173 2178/19/2178 2174/31/2174
f 2173/32/2173 2174/31/2174 2176/45/2176
f 2175/20/2175 2174/31/2174 2178/19/2178
f 2175/33/2175 2177/38/2177 2174/31/2174
f 2175/48/2175 2178/55/2178 2177/38/2177
f 2174/31/2174 2177/38/2177 2176/45/2176
f 2176/45/2176 2177/38/2177 2178/55/2178
f 2179/18/2179 2182/11/2182 2184/19/2184
f 2179/24/2179 2184/19/2184 2180/31/2180
f 2179/32/2179 2180/31/2180 2182/45/2182
f 2181/20/2181 2180/31/2180 2184/19/2184
f 2181/33/2181 2183/38/2183 2180/31/2180
f 2181/48/2181 2184/55/2184 2183/38/2183
f 2180/31/2180 2183/38/2183 2182/45/2182
f 2182/45/2182 2183/38/2183 2184/55/2184
f 2185/18/2185 2190/19/2190 2188/11/2188
f 2185/24/2185 2186/31/2186 2190/19/2190
f 2185/32/2185 2188/45/2188 2186/31/2186
f 2187/20/2187 2190/19/2190 2186/31/2186
f 2187/33/2187 2186/31/2186 2189/38/2189
f 2187/48/2187 2189/38/2189 2190/55/2190
f 2186/31/2186 2188/45/2188 2189/38/2189
f 2188/45/2188 2190/55/2190 2189/38/2189
f 2191/18/2191 2194/11/2194 2196/19/2196
f 2191/24/2191 2196/19/2196 2192/31/2192
f 2191/32/2191 2192/31/2192 2194/45/2194
f 2193/20/2193 2192/31/2192 2196/19/2196
f 2193/33/2193 2195/38/2195 2192/31/2192
f 2193/48/2193 2196/55/2196 2195/38/2195
f 2192/31/2192 2195/38/2195 2194/45/2194
f 2194/45/2194 2195/38/2195 2196/55/2196
f 2197/18/2197 2200/11/2200 2202/19/2202
f 2197/24/2197 2202/19/2202 2198/31/2198
f 2197/32/2197 2198/31/2198 2200/45/2200
f 2199/20/2199 2198/31/2198 2202/19/2202
f 2199/33/2199 2201/38/2201 2198/31/2198
f 2199/48/2199 2202/55/2202 2201/38/2201
f 2198/31/2198 2201/38/2201 2200/45/2200
f 2200/45/2200 2201/38/2201 2202/55/2202
f 2203/18/2203 2206/11/2206 2208/19/2208
f 2203/24/2203 2208/19/2208 2204/31/2204
f 2203/32/2203 2204/31/2204 2206/45/2206
f 2205/20/2205 2204/31/2204 2208/19/2208
f 2205/33/2205 2207/38/2207 2204/31/2204
f 2205/48/2205 2208/55/2208 2207/38/2207
f 2204/31/2204 2207/38/2207 2206/45/2206
f 2206/45/2206 2207/38/2207 2208/55/2208
f 2209/18/2209 2214/19/2214 2212/11/2212
f 2209/24/2209 2210/31/2210 2214/19/2214
f 2209/32/2209 2212/45/2212 2210/31/2210
f 2211/20/2211 2214/19/2214 2210/31/2210
f 2211/33/2211 2210/31/2210 2213/38/2213
f 2211/48/2211 2213/38/2213 2214/55/2214
f 2210/31/2210 2212/45/2212 2213/38/2213
f 2212/45/2212 2214/55/2214 2213/38/2213
f 2215/18/2215 2220/19/2220 2218/11/2218
f 2215/24/2215 2216/31/2216 2220/19/2220
f 2215/32/2215 2218/45/2218 2216/31/2216
f 2217/20/2217 2220/19/2220 2216/31/2216
f 2217/33/2217 2216/31/2216 2219/38/2219
f 2217/48/2217 2219/38/2219 2220/55/2220
f 2216/31/2216 2218/45/2218 2219/38/2219
f 2218/45/2218 2220/55/2220 2219/38/2219
f 2221/18/2221 2226/19/2226 2224/11/2224
f 2221/24/2221 2222/31/2222 2226/19/2226
f 2221/32/2221 2224/45/2224 2222/31/2222
f 2223/20/2223 2226/19/2226 2222/31/2222
f 2223/33/2223 2222/31/2222 2225/38/2225
f 2223/48/2223 2225/38/2225 2226/55/2226
f 2222/31/2222 2224/45/2224 2225/38/2225
f 2224/45/2224 2226/55/2226 2225/38/2225
f 2227/18/2227 2232/19/2232 2230/11/2230
f 2227/24/2227 2228/31/2228 2232/19/2232
f 2227/32/2227 2230/45/2230 2228/31/2228
f 2229/20/2229 2232/19/2232 2228/31/2228
f 2229/33/2229 2228/31/2228 2231/38/2231
f 2229/48/2229 2231/38/2231 2232/55/2232
f 2228/31/2228 2230/45/2230 2231/38/2231
f 2230/45/2230 2232/55/2232 2231/38/2231
f 2233/18/2233 2238/19/2238 2236/11/2236
f 2233/24/2233 2234/31/2234 2238/19/2238
f 2233/32/2233 2236/45/2236 2234/31/2234
f 2235/20/2235 2238/19/2238 2234/31/2234
f 2235/33/2235 2234/31/2234 2237/38/2237
f 2235/48/2235 2237/38/2237 2238/55/2238
f 2234/31/2234 2236/45/2236 2237/38/2237
f 2236/45/2236 2238/55/2238 2237/38/2237
f 2239/18/2239 2244/19/2244 2242/11/2242
f 2239/24/2239 2240/31/2240 2244/19/2244
f 2239/32/2239 2242/45/2242 2240/31/2240
f 2241/20/2241 2244/19/2244 2240/31/2240
f 2241/33/2241 2240/31/2240 2243/38/2243
f 2241/48/2241 2243/38/2243 2244/55/2244
f 2240/31/2240 2242/45/2242 2243/38/2243
f 2242/45/2242 2244/55/2244 2243/38/2243
f 2245/18/2245 2250/19/2250 2248/11/2248
f 2245/24/2245 2246/31/2246 2250/19/2250
f 2245/32/2245 2248/45/2248 2246/31/2246
f 2247/20/2247 2250/19/2250 2246/31/2246
f 2247/33/2247 2246/31/2246 2249/38/2249
f 2247/48/2247 2249/38/2249 2250/55/2250
f 2246/31/2246 2248/45/2248 2249/38/2249
f 2248/45/2248 2250/55/2250 2249/38/2249
f 2251/18/2251 2256/19/2256 2254/11/2254
f 2251/24/2251 2252/31/2252 2256/19/2256
f 2251/32/2251 2254/45/2254 2252/31/2252
f 2253/20/2253 2256/19/2256 2252/31/2252
f 2253/33/2253 2252/31/2252 2255/38/2255
f 2253/48/2253 2255/38/2255 2256/55/2256
f 2252/31/2252 2254/45/2254 2255/38/2255
f 2254/45/2254 2256/55/2256 2255/38/2255
f 2257/18/2257 2262/19/2262 2260/11/2260
f 2257/24/2257 2258/31/2258 2262/19/2262
f 2257/32/2257 2260/45/2260 2258/31/2258
f 2259/20/2259 2262/19/2262 2258/31/2258
f 2259/33/2259 2258/31/2258 2261/38/2261
f 2259/48/2259 2261/38/2261 2262/55/2262
f 2258/31/2258 2260/45/2260 2261/38/2261
f 2260/45/2260 2262/55/2262 2261/38/2261
f 2263/18/2263 2268/19/2268 2266/11/2266
f 2263/24/2263 2264/31/2264 2268/19/2268
f 2263/32/2263 2266/45/2266 2264/31/2264
f 2265/20/2265 2268/19/2268 2264/31/2264
f 2265/33/2265 2264/31/2264 2267/38/2267
f 2265/48/2265 2267/38/2267 2268/55/2268
f 2264/31/2264 2266/45/2266 2267/38/2267
f 2266/45/2266 2268/55/2268 2267/38/2267
f 2269/18/2269 2274/19/2274 2272/11/2272
f 2269/24/2269 2270/31/2270 2274/19/2274
f 2269/32/2269 2272/45/2272 2270/31/2270
f 2271/20/2271 2274/19/2274 2270/31/2270
f 2271/33/2271 2270/31/2270 2273/38/2273
f 2271/48/2271 2273/38/2273 2274/55/2274
f 2270/31/2270 2272/45/2272 2273/38/2273
f 2272/45/2272 2274/55/2274 2273/38/2273
f 2275/18/2275 2280/19/2280 2278/11/2278
f 2275/24/2275 2276/31/2276 2280/19/2280
f 2275/32/2275 2278/45/2278 2276/31/2276
f 2277/20/2277 2280/19/2280 2276/31/2276
f 2277/33/2277 2276/31/2276 2279/38/2279
f 2277/48/2277 2279/38/2279 2280/55/2280
f 2276/31/2276 2278/45/2278 2279/38/2279
f 2278/45/2278 2280/55/2280 2279/38/2279
f 2281/18/2281 2286/19/2286 2284/11/2284
f 2281/24/2281 2282/31/2282 2286/19/2286
f 2281/32/2281 2284/45/2284 2282/31/2282
f 2283/20/2283 2286/19/2286 2282/31/2282
f 2283/33/2283 2282/31/2282 2285/38/2285
f 2283/48/2283 2285/38/2285 2286/55/2286
f 2282/31/2282 2284/45/2284 2285/38/2285
f 2284/45/2284 2286/55/2286 2285/38/2285
f 2287/18/2287 2292/19/2292 2290/11/2290
f 2287/24/2287 2288/31/2288 2292/19/2292
f 2287/32/2287 2290/45/2290 2288/31/2288
f 2289/20/2289 2292/19/2292 2288/31/2288
f 2289/33/2289 2288/31/2288 2291/38/2291
f 2289/48/2289 2291/38/2291 2292/55/2292
f 2288/31/2288 2290/45/2290 2291/38/2291
f 2290/45/2290 2292/55/2292 2291/38/2291
f 2293/18/2293 2298/19/2298 2296/11/2296
f 2293/24/2293 2294/31/2294 2298/19/2298
f 2293/32/2293 2296/45/2296 2294/31/2294
f 2295/20/2295 2298/19/2298 2294/31/2294
f 2295/33/2295 2294/31/2294 2297/38/2297
f 2295/48/2295 2297/38/2297 2298/55/2298
f 2294/31/2294 2296/45/2296 2297/38/2297
f 2296/45/2296 2298/55/2298 2297/38/2297
f 2299/18/2299 2304/19/2304 2302/11/2302
f 2299/24/2299 2300/31/2300 2304/19/2304
f 2299/32/2299 2302/45/2302 2300/31/2300
f 2301/20/2301 2304/19/2304 2300/31/2300
f 2301/33/2301 2300/31/2300 2303/38/2303
f 2301/48/2301 2303/38/2303 2304/55/2304
f 2300/31/2300 2302/45/2302 2303/38/2303
f 2302/45/2302 2304/55/2304 2303/38/2303
f 2305/18/2305 2310/19/2310 2308/11/2308
f 2305/24/2305 2306/31/2306 2310/19/2310
f 2305/32/2305 2308/45/2308 2306/31/2306
f 2307/20/2307 2310/19/2310 2306/31/2306
f 2307/33/2307 2306/31/2306 2309/38/2309
f 2307/48/2307 2309/38/2309 2310/55/2310
f 2306/31/2306 2308/45/2308 2309/38/2309
f 2308/45/2308 2310/55/2310 2309/38/2309
f 2311/18/2311 2316/19/2316 2314/11/2314
f 2311/24/2311 2312/31/2312 2316/19/2316
f 2311/32/2311 2314/45/2314 2312/31/2312
f 2313/20/2313 2316/19/2316 2312/31/2312
f 2313/33/2313 2312/31/2312 2315/38/2315
f 2313/48/2313 2315/38/2315 2316/55/2316
f 2312/31/2312 2314/45/2314 2315/38/2315
f 2314/45/2314 2316/55/2316 2315/38/2315
f 2317/18/2317 2322/19/2322 2320/11/2320
f 2317/24/2317 2318/31/2318 2322/19/2322
f 2317/32/2317 2320/45/2320 2318/31/2318
f 2319/20/2319 2322/19/2322 2318/31/2318
f 2319/33/2319 2318/31/2318 2321/38/2321
f 2319/48/2319 2321/38/2321 2322/55/2322
f 2318/31/2318 2320/45/2320 2321/38/2321
f 2320/45/2320 2322/55/2322 2321/38/2321
f 2323/18/2323 2328/19/2328 2326/11/2326
f 2323/24/2323 2324/31/2324 2328/19/2328
f 2323/32/2323 2326/45/2326 2324/31/2324
f 2325/20/2325 2328/19/2328 2324/31/2324
f 2325/33/2325 2324/31/2324 2327/38/2327
f 2325/48/2325 2327/38/2327 2328/55/2328
f 2324/31/2324 2326/45/2326 2327/38/2327
f 2326/45/2326 2328/55/2328 2327/38/2327
f 2329/18/2329 2334/19/2334 2332/11/2332
f 2329/24/2329 2330/31/2330 2334/19/2334
f 2329/32/2329 2332/45/2332 2330/31/2330
f 2331/20/2331 2334/19/2334 2330/31/2330
f 2331/33/2331 2330/31/2330 2333/38/2333
f 2331/48/2331 2333/38/2333 2334/55/2334
f 2330/31/2330 2332/45/2332 2333/38/2333
f 2332/45/2332 2334/55/2334 2333/38/2333
f 2335/18/2335 2340/19/2340 2338/11/2338
f 2335/24/2335 2336/31/2336 2340/19/2340
f 2335/32/2335 2338/45/2338 2336/31/2336
f 2337/20/2337 2340/19/2340 2336/31/2336
f 2337/33/2337 2336/31/2336 2339/38/2339
f 2337/48/2337 2339/38/2339 2340/55/2340
f 2336/31/2336 2338/45/2338 2339/38/2339
f 2338/45/2338 2340/55/2340 2339/38/2339
f 2341/18/2341 2346/19/2346 2344/11/2344
f 2341/24/2341 2342/31/2342 2346/19/2346
f 2341/32/2341 2344/45/2344 2342/31/2342
f 2343/20/2343 2346/19/2346 2342/31/2342
f 2343/33/2343 2342/31/2342 2345/38/2345
f 2343/48/2343 2345/38/2345 2346/55/2346
f 2342/31/2342 2344/45/2344 2345/38/2345
f 2344/45/2344 2346/55/2346 2345/38/2345
f 2347/18/2347 2352/19/2352 2350/11/2350
f 2347/24/2347 2348/31/2348 2352/19/2352
f 2347/32/2347 2350/45/2350 2348/31/2348
f 2349/20/2349 2352/19/2352 2348/31/2348
f 2349/33/2349 2348/31/2348 2351/38/2351
f 2349/48/2349 2351/38/2351 2352/55/2352
f 2348/31/2348 2350/45/2350 2351/38/2351
f 2350/45/2350 2352/55/2352 2351/38/2351
f 2353/18/2353 2358/19/2358 2356/11/2356
f 2353/24/2353 2354/31/2354 2358/19/2358
f 2353/32/2353 2356/45/2356 2354/31/2354
f 2355/20/2355 2358/19/2358 2354/31/2354
f 2355/33/2355 2354/31/2354 2357/38/2357
f 2355/48/2355 2357/38/2357 2358/55/2358
f 2354/31/2354 2356/45/2356 2357/38/2357
f 2356/45/2356 2358/55/2358 2357/38/2357
f 2359/18/2359 2364/19/2364 2362/11/2362
f 2359/24/2359 2360/31/2360 2364/19/2364
f 2359/32/2359 2362/45/2362 2360/31/2360
f 2361/20/2361 2364/19/2364 2360/31/2360
f 2361/33/2361 2360/31/2360 2363/38/2363
f 2361/48/2361 2363/38/2363 2364/55/2364
f 2360/31/2360 2362/45/2362 2363/38/2363
f 2362/45/2362 2364/55/2364 2363/38/2363
f 2365/18/2365 2370/19/2370 2368/11/2368
f 2365/24/2365 2366/31/2366 2370/19/2370
f 2365/32/2365 2368/45/2368 2366/31/2366
f 2367/20/2367 2370/19/2370 2366/31/2366
f 2367/33/2367 2366/31/2366 2369/38/2369
f 2367/48/2367 2369/38/2369 2370/55/2370
f 2366/31/2366 2368/45/2368 2369/38/2369
f 2368/45/2368 2370/55/2370 2369/38/2369
f 2371/18/2371 2376/19/2376 2374/11/2374
f 2371/24/2371 2372/31/2372 2376/19/2376
f 2371/32/2371 2374/45/2374 2372/31/2372
f 2373/20/2373 2376/19/2376 2372/31/2372
f 2373/33/2373 2372/31/2372 2375/38/2375
f 2373/48/2373 2375/38/2375 2376/55/2376
f 2372/31/2372 2374/45/2374 2375/38/2375
f 2374/45/2374 2376/55/2376 2375/38/2375
f 2377/18/2377 2382/19/2382 2380/11/2380
f 2377/24/2377 2378/31/2378 2382/19/2382
f 2377/32/2377 2380/45/2380 2378/31/2378
f 2379/20/2379 2382/19/2382 2378/31/2378
f 2379/33/2379 2378/31/2378 2381/38/2381
f 2379/48/2379 2381/38/2381 2382/55/2382
f 2378/31/2378 2380/45/2380 2381/38/2381
f 2380/45/2380 2382/55/2382 2381/38/2381
f 2383/18/2383 2388/19/2388 2386/11/2386
f 2383/24/2383 2384/31/2384 2388/19/2388
f 2383/32/2383 2386/45/2386 2384/31/2384
f 2385/20/2385 2388/19/2388 2384/31/2384
f 2385/33/2385 2384/31/2384 2387/38/2387
f 2385/48/2385 2387/38/2387 2388/55/2388
f 2384/31/2384 2386/45/2386 2387/38/2387
f 2386/45/2386 2388/55/2388 2387/38/2387
f 2389/18/2389 2394/19/2394 2392/11/2392
f 2389/24/2389 2390/31/2390 2394/19/2394
f 2389/32/2389 2392/45/2392 2390/31/2390
f 2391/20/2391 2394/19/2394 2390/31/2390
f 2391/33/2391 2390/31/2390 2393/38/2393
f 2391/48/2391 2393/38/2393 2394/55/2394
f 2390/31/2390 2392/45/2392 2393/38/2393
f 2392/45/2392 2394/55/2394 2393/38/2393
f 2395/18/2395 2400/19/2400 2398/11/2398
f 2395/24/2395 2396/31/2396 2400/19/2400
f 2395/32/2395 2398/45/2398 2396/31/2396
f 2397/20/2397 2400/19/2400 2396/31/2396
f 2397/33/2397 2396/31/2396 2399/38/2399
f 2397/48/2397 2399/38/2399 2400/55/2400
f 2396/31/2396 2398/45/2398 2399/38/2399
f 2398/45/2398 2400/55/2400 2399/38/2399
f 2401/18/2401 2406/19/2406 2404/11/2404
f 2401/24/2401 2402/31/2402 2406/19/2406
f 2401/32/2401 2404/45/2404 2402/31/2402
f 2403/20/2403 2406/19/2406 2402/31/2402
f 2403/33/2403 2402/31/2402 2405/38/2405
f 2403/48/2403 2405/38/2405 2406/55/2406
f 2402/31/2402 2404/45/2404 2405/38/2405
f 2404/45/2404 2406/55/2406 2405/38/2405
f 2407/18/2407 2412/19/2412 2410/11/2410
f 2407/24/2407 2408/31/2408 2412/19/2412
f 2407/32/2407 2410/45/2410 2408/31/2408
f 2409/20/2409 2412/19/2412 2408/31/2408
f 2409/33/2409 2408/31/2408 2411/38/2411
f 2409/48/2409 2411/38/2411 2412/55/2412
f 2408/31/2408 2410/45/2410 2411/38/2411
f 2410/45/2410 2412/55/2412 2411/38/2411
f 2413/18/2413 2418/19/2418 2416/11/2416
f 2413/24/2413 2414/31/2414 2418/19/2418
f 2413/32/2413 2416/45/2416 2414/31/2414
f 2415/20/2415 2418/19/2418 2414/31/2414
f 2415/33/2415 2414/31/2414 2417/38/2417
f 2415/48/2415 2417/38/2417 2418/55/2418
f 2414/31/2414 2416/45/2416 2417/38/2417
f 2416/45/2416 2418/55/2418 2417/38/2417
f 2419/18/2419 2424/19/2424 2422/11/2422
f 2419/24/2419 2420/31/2420 2424/19/2424
f 2419/32/2419 2422/45/2422 2420/31/2420
f 2421/20/2421 2424/19/2424 2420/31/2420
f 2421/33/2421 2420/31/2420 2423/38/2423
f 2421/48/2421 2423/38/2423 2424/55/2424
f 2420/31/2420 2422/45/2422 2423/38/2423
f 2422/45/2422 2424/55/2424 2423/38/2423
f 2425/18/2425 2430/19/2430 2428/11/2428
f 2425/24/2425 2426/31/2426 2430/19/2430
f 2425/32/2425 2428/45/2428 2426/31/2426
f 2427/20/2427 2430/19/2430 2426/31/2426
f 2427/33/2427 2426/31/2426 2429/38/2429
f 2427/48/2427 2429/38/2429 2430/55/2430
f 2426/31/2426 2428/45/2428 2429/38/2429
f 2428/45/2428 2430/55/2430 2429/38/2429
f 2431/18/2431 2436/19/2436 2434/11/2434
f 2431/24/2431 2432/31/2432 2436/19/2436
f 2431/32/2431 2434/45/2434 2432/31/2432
f 2433/20/2433 2436/19/2436 2432/31/2432
f 2433/33/2433 2432/31/2432 2435/38/2435
f 2433/48/2433 2435/38/2435 2436/55/2436
f 2432/31/2432 2434/45/2434 2435/38/2435
f 2434/45/2434 2436/55/2436 2435/38/2435
f 2437/18/2437 2442/19/2442 2440/11/2440
f 2437/24/2437 2438/31/2438 2442/19/2442
f 2437/32/2437 2440/45/2440 2438/31/2438
f 2439/20/2439 2442/19/2442 2438/31/2438
f 2439/33/2439 2438/31/2438 2441/38/2441
f 2439/48/2439 2441/38/2441 2442/55/2442
f 2438/31/2438 2440/45/2440 2441/38/2441
f 2440/45/2440 2442/55/2442 2441/38/2441
f 2443/18/2443 2448/19/2448 2446/11/2446
f 2443/24/2443 2444/31/2444 2448/19/2448
f 2443/32/2443 2446/45/2446 2444/31/2444
f 2445/20/2445 2448/19/2448 2444/31/2444
f 2445/33/2445 2444/31/2444 2447/38/2447
f 2445/48/2445 2447/38/2447 2448/55/2448
f 2444/31/2444 2446/45/2446 2447/38/2447
f 2446/45/2446 2448/55/2448 2447/38/2447
f 2449/18/2449 2454/19/2454 2452/11/2452
f 2449/24/2449 2450/31/2450 2454/19/2454
f 2449/32/2449 2452/45/2452 2450/31/2450
f 2451/20/2451 2454/19/2454 2450/31/2450
f 2451/33/2451 2450/31/2450 2453/38/2453
f 2451/48/2451 2453/38/2453 2454/55/2454
f 2450/31/2450 2452/45/2452 2453/38/2453
f 2452/45/2452 2454/55/2454 2453/38/2453
f 2455/18/2455 2460/19/2460 2458/11/2458
f 2455/24/2455 2456/31/2456 2460/19/2460
f 2455/32/2455 2458/45/2458 2456/31/2456
f 2457/20/2457 2460/19/2460 2456/31/2456
f 2457/33/2457 2456/31/2456 2459/38/2459
f 2457/48/2457 2459/38/2459 2460/55/2460
f 2456/31/2456 2458/45/2458 2459/38/2459
f 2458/45/2458 2460/55/2460 2459/38/2459
f 2461/18/2461 2466/19/2466 2464/11/2464
f 2461/24/2461 2462/31/2462 2466/19/2466
f 2461/32/2461 2464/45/2464 2462/31/2462
f 2463/20/2463 2466/19/2466 2462/31/2462
f 2463/33/2463 2462/31/2462 2465/38/2465
f 2463/48/2463 2465/38/2465 2466/55/2466
f 2462/31/2462 2464/45/2464 2465/38/2465
f 2464/45/2464 2466/55/2466 2465/38/2465
f 2467/18/2467 2472/19/2472 2470/11/2470
f 2467/24/2467 2468/31/2468 2472/19/2472
f 2467/32/2467 2470/45/2470 2468/31/2468
f 2469/20/2469 2472/19/2472 2468/31/2468
f 2469/33/2469 2468/31/2468 2471/38/2471
f 2469/48/2469 2471/38/2471 2472/55/2472
f 2468/31/2468 2470/45/2470 2471/38/2471
f 2470/45/2470 2472/55/2472 2471/38/2471
f 2473/18/2473 2478/19/2478 2476/11/2476
f 2473/24/2473 2474/31/2474 2478/19/2478
f 2473/32/2473 2476/45/2476 2474/31/2474
f 2475/20/2475 2478/19/2478 2474/31/2474
f 2475/33/2475 2474/31/2474 2477/38/2477
f 2475/48/2475 2477/38/2477 2478/55/2478
f 2474/31/2474 2476/45/2476 2477/38/2477
f 2476/45/2476 2478/55/2478 2477/38/2477
f 2479/18/2479 2484/19/2484 2482/11/2482
f 2479/24/2479 2480/31/2480 2484/19/2484
f 2479/32/2479 2482/45/2482 2480/31/2480
f 2481/20/2481 2484/19/2484 2480/31/2480
f 2481/33/2481 2480/31/2480 2483/38/2483
f 2481/48/2481 2483/38/2483 2484/55/2484
f 2480/31/2480 2482/45/2482 2483/38/2483
f 2482/45/2482 2484/55/2484 2483/38/2483
f 2485/18/2485 2490/19/2490 2488/11/2488
f 2485/24/2485 2486/31/2486 2490/19/2490
f 2485/32/2485 2488/45/2488 2486/31/2486
f 2487/20/2487 2490/19/2490 2486/31/2486
f 2487/33/2487 2486/31/2486 2489/38/2489
f 2487/48/2487 2489/38/2489 2490/55/2490
f 2486/31/2486 2488/45/2488 2489/38/2489
f 2488/45/2488 2490/55/2490 2489/38/2489
f 2491/18/2491 2496/19/2496 2494/11/2494
f 2491/24/2491 2492/31/2492 2496/19/2496
f 2491/32/2491 2494/45/2494 2492/31/2492
f 2493/20/2493 2496/19/2496 2492/31/2492
f 2493/33/2493 2492/31/2492 2495/38/2495
f 2493/48/2493 2495/38/2495 2496/55/2496
f 2492/31/2492 2494/45/2494 2495/38/2495
f 2494/45/2494 2496/55/2496 2495/38/2495
f 2497/18/2497 2502/19/2502 2500/11/2500
f 2497/24/2497 2498/31/2498 2502/19/2502
f 2497/32/2497 2500/45/2500 2498/31/2498
f 2499/20/2499 2502/19/2502 2498/31/2498
f 2499/33/2499 2498/31/2498 2501/38/2501
f 2499/48/2499 2501/38/2501 2502/55/2502
f 2498/31/2498 2500/45/2500 2501/38/2501
f 2500/45/2500 2502/55/2502 2501/38/2501
f 2503/18/2503 2506/11/2506 2508/19/2508
f 2503/24/2503 2508/19/2508 2504/31/2504
f 2503/32/2503 2504/31/2504 2506/45/2506
f 2505/20/2505 2504/31/2504 2508/19/2508
f 2505/33/2505 2507/38/2507 2504/31/2504
f 2505/48/2505 2508/55/2508 2507/38/2507
f 2504/31/2504 2507/38/2507 2506/45/2506
f 2506/45/2506 2507/38/2507 2508/55/2508
f 2509/18/2509 2512/11/2512 2514/19/2514
f 2509/24/2509 2514/19/2514 2510/31/2510
f 2509/32/2509 2510/31/2510 2512/45/2512
f 2511/20/2511 2510/31/2510 2514/19/2514
f 2511/33/2511 2513/38/2513 2510/31/2510
f 2511/48/2511 2514/55/2514 2513/38/2513
f 2510/31/2510 2513/38/2513 2512/45/2512
f 2512/45/2512 2513/38/2513 2514/55/2514
f 2515/18/2515 2518/11/2518 2520/19/2520
f 2515/24/2515 2520/19/2520 2516/31/2516
f 2515/32/2515 2516/31/2516 2518/45/2518
f 2517/20/2517 2516/31/2516 2520/19/2520
f 2517/33/2517 2519/38/2519 2516/31/2516
f 2517/48/2517 2520/55/2520 2519/38/2519
f 2516/31/2516 2519/38/2519 2518/45/2518
f 2518/45/2518 2519/38/2519 2520/55/2520
f 2521/18/2521 2524/11/2524 2526/19/2526
f 2521/24/2521 2526/19/2526 2522/31/2522
f 2521/32/2521 2522/31/2522 2524/45/2524
f 2523/20/2523 2522/31/2522 2526/19/2526
f 2523/33/2523 2525/38/2525 2522/31/2522
f 2523/48/2523 2526/55/2526 2525/38/2525
f 2522/31/2522 2525/38/2525 2524/45/2524
f 2524/45/2524 2525/38/2525 2526/55/2526
f 2527/18/2527 2532/19/2532 2530/11/2530
f 2527/24/2527 2528/31/2528 2532/19/2532
f 2527/32/2527 2530/45/2530 2528/31/2528
f 2529/20/2529 2532/19/2532 2528/31/2528
f 2529/33/2529 2528/31/2528 2531/38/2531
f 2529/48/2529 2531/38/2531 2532/55/2532
f 2528/31/2528 2530/45/2530 2531/38/2531
f 2530/45/2530 2532/55/2532 2531/38/2531
f 2533/18/2533 2536/11/2536 2538/19/2538
f 2533/24/2533 2538/19/2538 2534/31/2534
f 2533/32/2533 2534/31/2534 2536/45/2536
f 2535/20/2535 2534/31/2534 2538/19/2538
f 2535/33/2535 2537/38/2537 2534/31/2534
f 2535/48/2535 2538/55/2538 2537/38/2537
f 2534/31/2534 2537/38/2537 2536/45/2536
f 2536/45/2536 2537/38/2537 2538/55/2538
f 2539/18/2539 2542/11/2542 2544/19/2544
f 2539/24/2539 2544/19/2544 2540/31/2540
f 2539/32/2539 2540/31/2540 2542/45/2542
f 2541/20/2541 2540/31/2540 2544/19/2544
f 2541/33/2541 2543/38/2543 2540/31/2540
f 2541/48/2541 2544/55/2544 2543/38/2543
f 2540/31/2540 2543/38/2543 2542/45/2542
f 2542/45/2542 2543/38/2543 2544/55/2544
f 2545/18/2545 2548/11/2548 2550/19/2550
f 2545/24/2545 2550/19/2550 2546/31/2546
f 2545/32/2545 2546/31/2546 2548/45/2548
f 2547/20/2547 2546/31/2546 2550/19/2550
f 2547/33/2547 2549/38/2549 2546/31/2546
f 2547/48/2547 2550/55/2550 2549/38/2549
f 2546/31/2546 2549/38/2549 2548/45/2548
f 2548/45/2548 2549/38/2549 2550/55/2550
f 2551/18/2551 2554/11/2554 2556/19/2556
f 2551/24/2551 2556/19/2556 2552/31/2552
f 2551/32/2551 2552/31/2552 2554/45/2554
f 2553/20/2553 2552/31/2552 2556/19/2556
f 2553/33/2553 2555/38/2555 2552/31/2552
f 2553/48/2553 2556/55/2556 2555/38/2555
f 2552/31/2552 2555/38/2555 2554/45/2554
f 2554/45/2554 2555/38/2555 2556/55/2556
f 2557/18/2557 2560/11/2560 2562/19/2562
f 2557/24/2557 2562/19/2562 2558/31/2558
f 2557/32/2557 2558/31/2558 2560/45/2560
f 2559/20/2559 2558/31/2558 2562/19/2562
f 2559/33/2559 2561/38/2561 2558/31/2558
f 2559/48/2559 2562/55/2562 2561/38/2561
f 2558/31/2558 2561/38/2561 2560/45/2560
f 2560/45/2560 2561/38/2561 2562/55/2562
f 2563/18/2563 2566/11/2566 2568/19/2568
f 2563/24/2563 2568/19/2568 2564/31/2564
f 2563/32/2563 2564/31/2564 2566/45/2566
f 2565/20/2565 2564/31/2564 2568/19/2568
f 2565/33/2565 2567/38/2567 2564/31/2564
f 2565/48/2565 2568/55/2568 2567/38/2567
f 2564/31/2564 2567/38/2567 2566/45/2566
f 2566/45/2566 2567/38/2567 2568/55/2568
f 2569/18/2569 2572/11/2572 2574/19/2574
f 2569/24/2569 2574/19/2574 2570/31/2570
f 2569/32/2569 2570/31/2570 2572/45/2572
f 2571/20/2571 2570/31/2570 2574/19/2574
f 2571/33/2571 2573/38/2573 2570/31/2570
f 2571/48/2571 2574/55/2574 2573/38/2573
f 2570/31/2570 2573/38/2573 2572/45/2572
f 2572/45/2572 2573/38/2573 2574/55/2574
f 2575/18/2575 2578/11/2578 2580/19/2580
f 2575/24/2575 2580/19/2580 2576/31/2576
f 2575/32/2575 2576/31/2576 2578/45/2578
f 2577/20/2577 2576/31/2576 2580/19/2580
f 2577/33/2577 2579/38/2579 2576/31/2576
f 2577/48/2577 2580/55/2580 2579/38/2579
f 2576/31/2576 2579/38/2579 2578/45/2578
f 2578/45/2578 2579/38/2579 2580/55/2580
f 2581/18/2581 2584/11/2584 2586/19/2586
f 2581/24/2581 2586/19/2586 2582/31/2582
f 2581/32/2581 2582/31/2582 2584/45/2584
f 2583/20/2583 2582/31/2582 2586/19/2586
f 2583/33/2583 2585/38/2585 2582/31/2582
f 2583/48/2583 2586/55/2586 2585/38/2585
f 2582/31/2582 2585/38/2585 2584/45/2584
f 2584/45/2584 2585/38/2585 2586/55/2586
f 2587/18/2587 2590/11/2590 2592/19/2592
f 2587/24/2587 2592/19/2592 2588/31/2588
f 2587/32/2587 2588/31/2588 2590/45/2590
f 2589/20/2589 2588/31/2588 2592/19/2592
f 2589/33/2589 2591/38/2591 2588/31/2588
f 2589/48/2589 2592/55/2592 2591/38/2591
f 2588/31/2588 2591/38/2591 2590/45/2590
f 2590/45/2590 2591/38/2591 2592/55/2592
f 2593/18/2593 2596/11/2596 2598/19/2598
f 2593/24/2593 2598/19/2598 2594/31/2594
f 2593/32/2593 2594/31/2594 2596/45/2596
f 2595/20/2595 2594/31/2594 2598/19/2598
f 2595/33/2595 2597/38/2597 2594/31/2594
f 2595/48/2595 2598/55/2598 2597/38/2597
f 2594/31/2594 2597/38/2597 2596/45/2596
f 2596/45/2596 2597/38/2597 2598/55/2598
f 2599/18/2599 2602/11/2602 2604/19/2604
f 2599/24/2599 2604/19/2604 2600/31/2600
f 2599/32/2599 2600/31/2600 2602/45/2602
f 2601/20/2601 2600/31/2600 2604/19/2604
f 2601/33/2601 2603/38/2603 2600/31/2600
f 2601/48/2601 2604/55/2604 2603/38/2603
f 2600/31/2600 2603/38/2603 2602/45/2602
f 2602/45/2602 2603/38/2603 2604/55/2604
f 2605/18/2605 2608/11/2608 2610/19/2610
f 2605/24/2605 2610/19/2610 2606/31/2606
f 2605/32/2605 2606/31/2606 2608/45/2608
f 2607/20/2607 2606/31/2606 2610/19/2610
f 2607/33/2607 2609/38/2609 2606/31/2606
f 2607/48/2607 2610/55/2610 2609/38/2609
f 2606/31/2606 2609/38/2609 2608/45/2608
f 2608/45/2608 2609/38/2609 2610/55/2610
f 2611/18/2611 2614/11/2614 2616/19/2616
f 2611/24/2611 2616/19/2616 2612/31/2612
f 2611/32/2611 2612/31/2612 2614/45/2614
f 2613/20/2613 2612/31/2612 2616/19/2616
f 2613/33/2613 2615/38/2615 2612/31/2612
f 2613/48/2613 2616/55/2616 2615/38/2615
f 2612/31/2612 2615/38/2615 2614/45/2614
f 2614/45/2614 2615/38/2615 2616/55/2616
f 2617/18/2617 2620/11/2620 2622/19/2622
f 2617/24/2617 2622/19/2622 2618/31/2618
f 2617/32/2617 2618/31/2618 2620/45/2620
f 2619/20/2619 2618/31/2618 2622/19/2622
f 2619/33/2619 2621/38/2621 2618/31/2618
f 2619/48/2619 2622/55/2622 2621/38/2621
f 2618/31/2618 2621/38/2621 2620/45/2620
f 2620/45/2620 2621/38/2621 2622/55/2622
f 2623/18/2623 2626/11/2626 2628/19/2628
f 2623/24/2623 2628/19/2628 2624/31/2624
f 2623/32/2623 2624/31/2624 2626/45/2626
f 2625/20/2625 2624/31/2624 2628/19/2628
f 2625/33/2625 2627/38/2627 2624/31/2624
f 2625/48/2625 2628/55/2628 2627/38/2627
f 2624/31/2624 2627/38/2627 2626/45/2626
f 2626/45/2626 2627/38/2627 2628/55/2628
f 2629/18/2629 2632/11/2632 2634/19/2634
f 2629/24/2629 2634/19/2634 2630/31/2630
f 2629/32/2629 2630/31/2630 2632/45/2632
f 2631/20/2631 2630/31/2630 2634/19/2634
f 2631/33/2631 2633/38/2633 2630/31/2630
f 2631/48/2631 2634/55/2634 2633/38/2633
f 2630/31/2630 2633/38/2633 2632/45/2632
f 2632/45/2632 2633/38/2633 2634/55/2634
f 2635/18/2635 2638/11/2638 2640/19/2640
f 2635/24/2635 2640/19/2640 2636/31/2636
f 2635/32/2635 2636/31/2636 2638/45/2638
f 2637/20/2637 2636/31/2636 2640/19/2640
f 2637/33/2637 2639/38/2639 2636/31/2636
f 2637/48/2637 2640/55/2640 2639/38/2639
f 2636/31/2636 2639/38/2639 2638/45/2638
f 2638/45/2638 2639/38/2639 2640/55/2640
f 2641/18/2641 2644/11/2644 2646/19/2646
f 2641/24/2641 2646/19/2646 2642/31/2642
f 2641/32/2641 2642/31/2642 2644/45/2644
f 2643/20/2643 2642/31/2642 2646/19/2646
f 2643/33/2643 2645/38/2645 2642/31/2642
f 2643/48/2643 2646/55/2646 2645/38/2645
f 2642/31/2642 2645/38/2645 2644/45/2644
f 2644/45/2644 2645/38/2645 2646/55/2646
f 2647/18/2647 2652/19/2652 2650/11/2650
f 2647/24/2647 2648/31/2648 2652/19/2652
f 2647/32/2647 2650/45/2650 2648/31/2648
f 2649/20/2649 2652/19/2652 2648/31/2648
f 2649/33/2649 2648/31/2648 2651/38/2651
f 2649/48/2649 2651/38/2651 2652/55/2652
f 2648/31/2648 2650/45/2650 2651/38/2651
f 2650/45/2650 2652/55/2652 2651/38/2651
f 2653/18/2653 2656/11/2656 2658/19/2658
f 2653/24/2653 2658/19/2658 2654/31/2654
f 2653/32/2653 2654/31/2654 2656/45/2656
f 2655/20/2655 2654/31/2654 2658/19/2658
f 2655/33/2655 2657/38/2657 2654/31/2654
f 2655/48/2655 2658/55/2658 2657/38/2657
f 2654/31/2654 2657/38/2657 2656/45/2656
f 2656/45/2656 2657/38/2657 2658/55/2658
f 2659/18/2659 2662/11/2662 2664/19/2664
f 2659/24/2659 2664/19/2664 2660/31/2660
f 2659/32/2659 2660/31/2660 2662/45/2662
f 2661/20/2661 2660/31/2660 2664/19/2664
f 2661/33/2661 2663/38/2663 2660/31/2660
f 2661/48/2661 2664/55/2664 2663/38/2663
f 2660/31/2660 2663/38/2663 2662/45/2662
f 2662/45/2662 2663/38/2663 2664/55/2664
f 2665/18/2665 2668/11/2668 2670/19/2670
f 2665/24/2665 2670/19/2670 2666/31/2666
f 2665/32/2665 2666/31/2666 2668/45/2668
f 2667/20/2667 2666/31/2666 2670/19/2670
f 2667/33/2667 2669/38/2669 2666/31/2666
f 2667/48/2667 2670/55/2670 2669/38/2669
f 2666/31/2666 2669/38/2669 2668/45/2668
f 2668/45/2668 2669/38/2669 2670/55/2670
f 2671/18/2671 2674/11/2674 2676/19/2676
f 2671/24/2671 2676/19/2676 2672/31/2672
f 2671/32/2671 2672/31/2672 2674/45/2674
f 2673/20/2673 2672/31/2672 2676/19/2676
f 2673/33/2673 2675/38/2675 2672/31/2672
f 2673/48/2673 2676/55/2676 2675/38/2675
f 2672/31/2672 2675/38/2675 2674/45/2674
f 2674/45/2674 2675/38/2675 2676/55/2676
f 2677/18/2677 2680/11/2680 2682/19/2682
f 2677/24/2677 2682/19/2682 2678/31/2678
f 2677/32/2677 2678/31/2678 2680/45/2680
f 2679/20/2679 2678/31/2678 2682/19/2682
f 2679/33/2679 2681/38/2681 2678/31/2678
f 2679/48/2679 2682/55/2682 2681/38/2681
f 2678/31/2678 2681/38/2681 2680/45/2680
f 2680/45/2680 2681/38/2681 2682/55/2682
f 2683/18/2683 2686/11/2686 2688/19/2688
f 2683/24/2683 2688/19/2688 2684/31/2684
f 2683/32/2683 2684/31/2684 2686/45/2686
f 2685/20/2685 2684/31/2684 2688/19/2688
f 2685/33/2685 2687/38/2687 2684/31/2684
f 2685/48/2685 2688/55/2688 2687/38/2687
f 2684/31/2684 2687/38/2687 2686/45/2686
f 2686/45/2686 2687/38/2687 2688/55/2688
f 2689/18/2689 2692/11/2692 2694/19/2694
f 2689/24/2689 2694/19/2694 2690/31/2690
f 2689/32/2689 2690/31/2690 2692/45/2692
f 2691/20/2691 2690/31/2690 2694/19/2694
f 2691/33/2691 2693/38/2693 2690/31/2690
f 2691/48/2691 2694/55/2694 2693/38/2693
f 2690/31/2690 2693/38/2693 2692/45/2692
f 2692/45/2692 2693/38/2693 2694/55/2694
f 2695/18/2695 2698/11/2698 2700/19/2700
f 2695/24/2695 2700/19/2700 2696/31/2696
f 2695/32/2695 2696/31/2696 2698/45/2698
f 2697/20/2697 2696/31/2696 2700/19/2700
f 2697/33/2697 2699/38/2699 2696/31/2696
f 2697/48/2697 2700/55/2700 2699/38/2699
f 2696/31/2696 2699/38/2699 2698/45/2698
f 2698/45/2698 2699/38/2699 2700/55/2700
f 2701/18/2701 2704/11/2704 2706/19/2706
f 2701/24/2701 2706/19/2706 2702/31/2702
f 2701/32/2701 2702/31/2702 2704/45/2704
f 2703/20/2703 2702/31/2702 2706/19/2706
f 2703/33/2703 2705/38/2705 2702/31/2702
f 2703/48/2703 2706/55/2706 2705/38/2705
f 2702/31/2702 2705/38/2705 2704/45/2704
f 2704/45/2704 2705/38/2705 2706/55/2706
f 2707/18/2707 2710/11/2710 2712/19/2712
f 2707/24/2707 2712/19/2712 2708/31/2708
f 2707/32/2707 2708/31/2708 2710/45/2710
f 2709/20/2709 2708/31/2708 2712/19/2712
f 2709/33/2709 2711/38/2711 2708/31/2708
f 2709/48/2709 2712/55/2712 2711/38/2711
f 2708/31/2708 2711/38/2711 2710/45/2710
f 2710/45/2710 2711/38/2711 2712/55/2712
f 2713/18/2713 2716/11/2716 2718/19/2718
f 2713/24/2713 2718/19/2718 2714/31/2714
f 2713/32/2713 2714/31/2714 2716/45/2716
f 2715/20/2715 2714/31/2714 2718/19/2718
f 2715/33/2715 2717/38/2717 2714/31/2714
f 2715/48/2715 2718/55/2718 2717/38/2717
f 2714/31/2714 2717/38/2717 2716/45/2716
f 2716/45/2716 2717/38/2717 2718/55/2718
f 2719/18/2719 2722/11/2722 2724/19/2724
f 2719/24/2719 2724/19/2724 2720/31/2720
f 2719/32/2719 2720/31/2720 2722/45/2722
f 2721/20/2721 2720/31/2720 2724/19/2724
f 2721/33/2721 2723/38/2723 2720/31/2720
f 2721/48/2721 2724/55/2724 2723/38/2723
f 2720/31/2720 2723/38/2723 2722/45/2722
f 2722/45/2722 2723/38/2723 2724/55/2724
f 2725/18/2725 2728/11/2728 2730/19/2730
f 2725/24/2725 2730/19/2730 2726/31/2726
f 2725/32/2725 2726/31/2726 2728/45/2728
f 2727/20/2727 2726/31/2726 2730/19/2730
f 2727/33/2727 2729/38/2729 2726/31/2726
f 2727/48/2727 2730/55/2730 2729/38/2729
f 2726/31/2726 2729/38/2729 2728/45/2728
f 2728/45/2728 2729/38/2729 2730/55/2730
f 2731/18/2731 2734/11/2734 2736/19/2736
f 2731/24/2731 2736/19/2736 2732/31/2732
f 2731/32/2731 2732/31/2732 2734/45/2734
f 2733/20/2733 2732/31/2732 2736/19/2736
f 2733/33/2733 2735/38/2735 2732/31/2732
f 2733/48/2733 2736/55/2736 2735/38/2735
f 2732/31/2732 2735/38/2735 2734/45/2734
f 2734/45/2734 2735/38/2735 2736/55/2736
f 2737/18/2737 2742/19/2742 2740/11/2740
f 2737/24/2737 2738/31/2738 2742/19/2742
f 2737/32/2737 2740/45/2740 2738/31/2738
f 2739/20/2739 2742/19/2742 2738/31/2738
f 2739/33/2739 2738/31/2738 2741/38/2741
f 2739/48/2739 2741/38/2741 2742/55/2742
f 2738/31/2738 2740/45/2740 2741/38/2741
f 2740/45/2740 2742/55/2742 2741/38/2741
f 2743/18/2743 2748/19/2748 2746/11/2746
f 2743/24/2743 2744/31/2744 2748/19/2748
f 2743/32/2743 2746/45/2746 2744/31/2744
f 2745/20/2745 2748/19/2748 2744/31/2744
f 2745/33/2745 2744/31/2744 2747/38/2747
f 2745/48/2745 2747/38/2747 2748/55/2748
f 2744/31/2744 2746/45/2746 2747/38/2747
f 2746/45/2746 2748/55/2748 2747/38/2747
f 2749/18/2749 2754/19/2754 2752/11/2752
f 2749/24/2749 2750/31/2750 2754/19/2754
f 2749/32/2749 2752/45/2752 2750/31/2750
f 2751/20/2751 2754/19/2754 2750/31/2750
f 2751/33/2751 2750/31/2750 2753/38/2753
f 2751/48/2751 2753/38/2753 2754/55/2754
f 2750/31/2750 2752/45/2752 2753/38/2753
f 2752/45/2752 2754/55/2754 2753/38/2753
f 2755/18/2755 2760/19/2760 2758/11/2758
f 2755/24/2755 2756/31/2756 2760/19/2760
f 2755/32/2755 2758/45/2758 2756/31/2756
f 2757/20/2757 2760/19/2760 2756/31/2756
f 2757/33/2757 2756/31/2756 2759/38/2759
f 2757/48/2757 2759/38/2759 2760/55/2760
f 2756/31/2756 2758/45/2758 2759/38/2759
f 2758/45/2758 2760/55/2760 2759/38/2759
f 2761/18/2761 2766/19/2766 2764/11/2764
f 2761/24/2761 2762/31/2762 2766/19/2766
f 2761/32/2761 2764/45/2764 2762/31/2762
f 2763/20/2763 2766/19/2766 2762/31/2762
f 2763/33/2763 2762/31/2762 2765/38/2765
f 2763/48/2763 2765/38/2765 2766/55/2766
f 2762/31/2762 2764/45/2764 2765/38/2765
f 2764/45/2764 2766/55/2766 2765/38/2765
f 2767/18/2767 2772/19/2772 2770/11/2770
f 2767/24/2767 2768/31/2768 2772/19/2772
f 2767/32/2767 2770/45/2770 2768/31/2768
f 2769/20/2769 2772/19/2772 2768/31/2768
f 2769/33/2769 2768/31/2768 2771/38/2771
f 2769/48/2769 2771/38/2771 2772/55/2772
f 2768/31/2768 2770/45/2770 2771/38/2771
f 2770/45/2770 2772/55/2772 2771/38/2771
f 2773/18/2773 2778/19/2778 2776/11/2776
f 2773/24/2773 2774/31/2774 2778/19/2778
f 2773/32/2773 2776/45/2776 2774/31/2774
f 2775/20/2775 2778/19/2778 2774/31/2774
f 2775/33/2775 2774/31/2774 2777/38/2777
f 2775/48/2775 2777/38/2777 2778/55/2778
f 2774/31/2774 2776/45/2776 2777/38/2777
f 2776/45/2776 2778/55/2778 2777/38/2777
f 2779/18/2779 2784/19/2784 2782/11/2782
f 2779/24/2779 2780/31/2780 2784/19/2784
f 2779/32/2779 2782/45/2782 2780/31/2780
f 2781/20/2781 2784/19/2784 2780/31/2780
f 2781/33/2781 2780/31/2780 2783/38/2783
f 2781/48/2781 2783/38/2783 2784/55/2784
f 2780/31/2780 2782/45/2782 2783/38/2783
f 2782/45/2782 2784/55/2784 2783/38/2783
f 2785/18/2785 2790/19/2790 2788/11/2788
f 2785/24/2785 2786/31/2786 2790/19/2790
f 2785/32/2785 2788/45/2788 2786/31/2786
f 2787/20/2787 2790/19/2790 2786/31/2786
f 2787/33/2787 2786/31/2786 2789/38/2789
f 2787/48/2787 2789/38/2789 2790/55/2790
f 2786/31/2786 2788/45/2788 2789/38/2789
f 2788/45/2788 2790/55/2790 2789/38/2789
f 2791/18/2791 2796/19/2796 2794/11/2794
f 2791/24/2791 2792/31/2792 2796/19/2796
f 2791/32/2791 2794/45/2794 2792/31/2792
f 2793/20/2793 2796/19/2796 2792/31/2792
f 2793/33/2793 2792/31/2792 2795/38/2795
f 2793/48/2793 2795/38/2795 2796/55/2796
f 2792/31/2792 2794/45/2794 2795/38/2795
f 2794/45/2794 2796/55/2796 2795/38/2795
f 2797/18/2797 2802/19/2802 2800/11/2800
f 2797/24/2797 2798/31/2798 2802/19/2802
f 2797/32/2797 2800/45/2800 2798/31/2798
f 2799/20/2799 2802/19/2802 2798/31/2798
f 2799/33/2799 2798/31/2798 2801/38/2801
f 2799/48/2799 2801/38/2801 2802/55/2802
f 2798/31/2798 2800/45/2800 2801/38/2801
f 2800/45/2800 2802/55/2802 2801/38/2801
f 2803/18/2803 2808/19/2808 2806/11/2806
f 2803/24/2803 2804/31/2804 2808/19/2808
f 2803/32/2803 2806/45/2806 2804/31/2804
f 2805/20/2805 2808/19/2808 2804/31/2804
f 2805/33/2805 2804/31/2804 2807/38/2807
f 2805/48/2805 2807/38/2807 2808/55/2808
f 2804/31/2804 2806/45/2806 2807/38/2807
f 2806/45/2806 2808/55/2808 2807/38/2807
f 2809/18/2809 2814/19/2814 2812/11/2812
f 2809/24/2809 2810/31/2810 2814/19/2814
f 2809/32/2809 2812/45/2812 2810/31/2810
f 2811/20/2811 2814/19/2814 2810/31/2810
f 2811/33/2811 2810/31/2810 2813/38/2813
f 2811/48/2811 2813/38/2813 2814/55/2814
f 2810/31/2810 2812/45/2812 2813/38/2813
f 2812/45/2812 2814/55/2814 2813/38/2813
f 2815/18/2815 2820/19/2820 2818/11/2818
f 2815/24/2815 2816/31/2816 2820/19/2820
f 2815/32/2815 2818/45/2818 2816/31/2816
f 2817/20/2817 2820/19/2820 2816/31/2816
f 2817/33/2817 2816/31/2816 2819/38/2819
f 2817/48/2817 2819/38/2819 2820/55/2820
f 2816/31/2816 2818/45/2818 2819/38/2819
f 2818/45/2818 2820/55/2820 2819/38/2819
f 2821/18/2821 2826/19/2826 2824/11/2824
f 2821/24/2821 2822/31/2822 2826/19/2826
f 2821/32/2821 2824/45/2824 2822/31/2822
f 2823/20/2823 2826/19/2826 2822/31/2822
f 2823/33/2823 2822/31/2822 2825/38/2825
f 2823/48/2823 2825/38/2825 2826/55/2826
f 2822/31/2822 2824/45/2824 2825/38/2825
f 2824/45/2824 2826/55/2826 2825/38/2825
f 2827/18/2827 2832/19/2832 2830/11/2830
f 2827/24/2827 2828/31/2828 2832/19/2832
f 2827/32/2827 2830/45/2830 2828/31/2828
f 2829/20/2829 2832/19/2832 2828/31/2828
f 2829/33/2829 2828/31/2828 2831/38/2831
f 2829/48/2829 2831/38/2831 2832/55/2832
f 2828/31/2828 2830/45/2830 2831/38/2831
f 2830/45/2830 2832/55/2832 2831/38/2831
f 2833/18/2833 2838/19/2838 2836/11/2836
f 2833/24/2833 2834/31/2834 2838/19/2838
f 2833/32/2833 2836/45/2836 2834/31/2834
f 2835/20/2835 2838/19/2838 2834/31/2834
f 2835/33/2835 2834/31/2834 2837/38/2837
f 2835/48/2835 2837/38/2837 2838/55/2838
f 2834/31/2834 2836/45/2836 2837/38/2837
f 2836/45/2836 2838/55/2838 2837/38/2837
f 2839/18/2839 2844/19/2844 2842/11/2842
f 2839/24/2839 2840/31/2840 2844/19/2844
f 2839/32/2839 2842/45/2842 2840/31/2840
f 2841/20/2841 2844/19/2844 2840/31/2840
f 2841/33/2841 2840/31/2840 2843/38/2843
f 2841/48/2841 2843/38/2843 2844/55/2844
f 2840/31/2840 2842/45/2842 2843/38/2843
f 2842/45/2842 2844/55/2844 2843/38/2843
f 2845/18/2845 2850/19/2850 2848/11/2848
f 2845/24/2845 2846/31/2846 2850/19/2850
f 2845/32/2845 2848/45/2848 2846/31/2846
f 2847/20/2847 2850/19/2850 2846/31/2846
f 2847/33/2847 2846/31/2846 2849/38/2849
f 2847/48/2847 2849/38/2849 2850/55/2850
f 2846/31/2846 2848/45/2848 2849/38/2849
f 2848/45/2848 2850/55/2850 2849/38/2849
f 2851/18/2851 2856/19/2856 2854/11/2854
f 2851/24/2851 2852/31/2852 2856/19/2856
f 2851/32/2851 2854/45/2854 2852/31/2852
f 2853/20/2853 2856/19/2856 2852/31/2852
f 2853/33/2853 2852/31/2852 2855/38/2855
f 2853/48/2853 2855/38/2855 2856/55/2856
f 2852/31/2852 2854/45/2854 2855/38/2855
f 2854/45/2854 2856/55/2856 2855/38/2855
f 2857/18/2857 2862/19/2862 2860/11/2860
f 2857/24/2857 2858/31/2858 2862/19/2862
f 2857/32/2857 2860/45/2860 2858/31/2858
f 2859/20/2859 2862/19/2862 2858/31/2858
f 2859/33/2859 2858/31/2858 2861/38/2861
f 2859/48/2859 2861/38/2861 2862/55/2862
f 2858/31/2858 2860/45/2860 2861/38/2861
f 2860/45/2860 2862/55/2862 2861/38/2861
f 2863/18/2863 2868/19/2868 2866/11/2866
f 2863/24/2863 2864/31/2864 2868/19/2868
f 2863/32/2863 2866/45/2866 2864/31/2864
f 2865/20/2865 2868/19/2868 2864/31/2864
f 2865/33/2865 2864/31/2864 2867/38/2867
f 2865/48/2865 2867/38/2867 2868/55/2868
f 2864/31/2864 2866/45/2866 2867/38/2867
f 2866/45/2866 2868/55/2868 2867/38/2867
f 2869/18/2869 2874/19/2874 2872/11/2872
f 2869/24/2869 2870/31/2870 2874/19/2874
f 2869/32/2869 2872/45/2872 2870/31/2870
f 2871/20/2871 2874/19/2874 2870/31/2870
f 2871/33/2871 2870/31/2870 2873/38/2873
f 2871/48/2871 2873/38/2873 2874/55/2874
f 2870/31/2870 2872/45/2872 2873/38/2873
f 2872/45/2872 2874/55/2874 2873/38/2873
f 2875/18/2875 2880/19/2880 2878/11/2878
f 2875/24/2875 2876/31/2876 2880/19/2880
f 2875/32/2875 2878/45/2878 2876/31/2876
f 2877/20/2877 2880/19/2880 2876/31/2876
f 2877/33/2877 2876/31/2876 2879/38/2879
f 2877/48/2877 2879/38/2879 2880/55/2880
f 2876/31/2876 2878/45/2878 2879/38/2879
f 2878/45/2878 2880/55/2880 2879/38/2879
f 2881/18/2881 2886/19/2886 2884/11/2884
f 2881/24/2881 2882/31/2882 2886/19/2886
f 2881/32/2881 2884/45/2884 2882/31/2882
f 2883/20/2883 2886/19/2886 2882/31/2882
f 2883/33/2883 2882/31/2882 2885/38/2885
f 2883/48/2883 2885/38/2885 2886/55/2886
f 2882/31/2882 2884/45/2884 2885/38/2885
f 2884/45/2884 2886/55/2886 2885/38/2885
f 2887/18/2887 2892/19/2892 2890/11/2890
f 2887/24/2887 2888/31/2888 2892/19/2892
f 2887/32/2887 2890/45/2890 2888/31/2888
f 2889/20/2889 2892/19/2892 2888/31/2888
f 2889/33/2889 2888/31/2888 2891/38/2891
f 2889/48/2889 2891/38/2891 2892/55/2892
f 2888/31/2888 2890/45/2890 2891/38/2891
f 2890/45/2890 2892/55/2892 2891/38/2891
f 2893/18/2893 2898/19/2898 2896/11/2896
f 2893/24/2893 2894/31/2894 2898/19/2898
f 2893/32/2893 2896/45/2896 2894/31/2894
f 2895/20/2895 2898/19/2898 2894/31/2894
f 2895/33/2895 2894/31/2894 2897/38/2897
f 2895/48/2895 2897/38/2897 2898/55/2898
f 2894/31/2894 2896/45/2896 2897/38/2897
f 2896/45/2896 2898/55/2898 2897/38/2897
f 2899/18/2899 2904/19/2904 2902/11/2902
f 2899/24/2899 2900/31/2900 2904/19/2904
f 2899/32/2899 2902/45/2902 2900/31/2900
f 2901/20/2901 2904/19/2904 2900/31/2900
f 2901/33/2901 2900/31/2900 2903/38/2903
f 2901/48/2901 2903/38/2903 2904/55/2904
f 2900/31/2900 2902/45/2902 2903/38/2903
f 2902/45/2902 2904/55/2904 2903/38/2903
f 2905/18/2905 2910/19/2910 2908/11/2908
f 2905/24/2905 2906/31/2906 2910/19/2910
f 2905/32/2905 2908/45/2908 2906/31/2906
f 2907/20/2907 2910/19/2910 2906/31/2906
f 2907/33/2907 2906/31/2906 2909/38/2909
f 2907/48/2907 2909/38/2909 2910/55/2910
f 2906/31/2906 2908/45/2908 2909/38/2909
f 2908/45/2908 2910/55/2910 2909/38/2909
f 2911/18/2911 2916/19/2916 2914/11/2914
f 2911/24/2911 2912/31/2912 2916/19/2916
f 2911/32/2911 2914/45/2914 2912/31/2912
f 2913/20/2913 2916/19/2916 2912/31/2912
f 2913/33/2913 2912/31/2912 2915/38/2915
f 2913/48/2913 2915/38/2915 2916/55/2916
f 2912/31/2912 2914/45/2914 2915/38/2915
f 2914/45/2914 2916/55/2916 2915/38/2915
f 2917/18/2917 2922/19/2922 2920/11/2920
f 2917/24/2917 2918/31/2918 2922/19/2922
f 2917/32/2917 2920/45/2920 2918/31/2918
f 2919/20/2919 2922/19/2922 2918/31/2918
f 2919/33/2919 2918/31/2918 2921/38/2921
f 2919/48/2919 2921/38/2921 2922/55/2922
f 2918/31/2918 2920/45/2920 2921/38/2921
f 2920/45/2920 2922/55/2922 2921/38/2921
f 2923/18/2923 2928/19/2928 2926/11/2926
f 2923/24/2923 2924/31/2924 2928/19/2928
f 2923/32/2923 2926/45/2926 2924/31/2924
f 2925/20/2925 2928/19/2928 2924/31/2924
f 2925/33/2925 2924/31/2924 2927/38/2927
f 2925/48/2925 2927/38/2927 2928/55/2928
f 2924/31/2924 2926/45/2926 2927/38/2927
f 2926/45/2926 2928/55/2928 2927/38/2927
f 2929/18/2929 2934/19/2934 2932/11/2932
f 2929/24/2929 2930/31/2930 2934/19/2934
f 2929/32/2929 2932/45/2932 2930/31/2930
f 2931/20/2931 2934/19/2934 2930/31/2930
f 2931/33/2931 2930/31/2930 2933/38/2933
f 2931/48/2931 2933/38/2933 2934/55/2934
f 2930/31/2930 2932/45/2932 2933/38/2933
f 2932/45/2932 2934/55/2934 2933/38/2933
f 2935/18/2935 2940/19/2940 2938/11/2938
f 2935/24/2935 2936/31/2936 2940/19/2940
f 2935/32/2935 2938/45/2938 2936/31/2936
f 2937/20/2937 2940/19/2940 2936/31/2936
f 2937/33/2937 2936/31/2936 2939/38/2939
f 2937/48/2937 2939/38/2939 2940/55/2940
f 2936/31/2936 2938/45/2938 2939/38/2939
f 2938/45/2938 2940/55/2940 2939/38/2939
f 2941/18/2941 2946/19/2946 2944/11/2944
f 2941/24/2941 2942/31/2942 2946/19/2946
f 2941/32/2941 2944/45/2944 2942/31/2942
f 2943/20/2943 2946/19/2946 2942/31/2942
f 2943/33/2943 2942/31/2942 2945/38/2945
f 2943/48/2943 2945/38/2945 2946/55/2946
f 2942/31/2942 2944/45/2944 2945/38/2945
f 2944/45/2944 2946/55/2946 2945/38/2945
f 2947/18/2947 2952/19/2952 2950/11/2950
f 2947/24/2947 2948/31/2948 2952/19/2952
f 2947/32/2947 2950/45/2950 2948/31/2948
f 2949/20/2949 2952/19/2952 2948/31/2948
f 2949/33/2949 2948/31/2948 2951/38/2951
f 2949/48/2949 2951/38/2951 2952/55/2952
f 2948/31/2948 2950/45/2950 2951/38/2951
f 2950/45/2950 2952/55/2952 2951/38/2951
f 2953/18/2953 2958/19/2958 2956/11/2956
f 2953/24/2953 2954/31/2954 2958/19/2958
f 2953/32/2953 2956/45/2956 2954/31/2954
f 2955/20/2955 2958/19/2958 2954/31/2954
f 2955/33/2955 2954/31/2954 2957/38/2957
f 2955/48/2955 2957/38/2957 2958/55/2958
f 2954/31/2954 2956/45/2956 2957/38/2957
f 2956/45/2956 2958/55/2958 2957/38/2957
f 2959/18/2959 2964/19/2964 2962/11/2962
f 2959/24/2959 2960/31/2960 2964/19/2964
f 2959/32/2959 2962/45/2962 2960/31/2960
f 2961/20/2961 2964/19/2964 2960/31/2960
f 2961/33/2961 2960/31/2960 2963/38/2963
f 2961/48/2961 2963/38/2963 2964/55/2964
f 2960/31/2960 2962/45/2962 2963/38/2963
f 2962/45/2962 2964/55/2964 2963/38/2963
f 2965/18/2965 2970/19/2970 2968/11/2968
f 2965/24/2965 2966/31/2966 2970/19/2970
f 2965/32/2965 2968/45/2968 2966/31/2966
f 2967/20/2967 2970/19/2970 2966/31/2966
f 2967/33/2967 2966/31/2966 2969/38/2969
f 2967/48/2967 2969/38/2969 2970/55/2970
f 2966/31/2966 2968/45/2968 2969/38/2969
f 2968/45/2968 2970/55/2970 2969/38/2969
f 2971/18/2971 2976/19/2976 2974/11/2974
f 2971/24/2971 2972/31/2972 2976/19/2976
f 2971/32/2971 2974/45/2974 2972/31/2972
f 2973/20/2973 2976/19/2976 2972/31/2972
f 2973/33/2973 2972/31/2972 2975/38/2975
f 2973/48/2973 2975/38/2975 2976/55/2976
f 2972/31/2972 2974/45/2974 2975/38/2975
f 2974/45/2974 2976/55/2976 2975/38/2975
f 2977/18/2977 2982/19/2982 2980/11/2980
f 2977/24/2977 2978/31/2978 2982/19/2982
f 2977/32/2977 2980/45/2980 2978/31/2978
f 2979/20/2979 2982/19/2982 2978/31/2978
f 2979/33/2979 2978/31/2978 2981/38/2981
f 2979/48/2979 2981/38/2981 2982/55/2982
f 2978/31/2978 2980/45/2980 2981/38/2981
f 2980/45/2980 2982/55/2982 2981/38/2981
f 2983/18/2983 2988/19/2988 2986/11/2986
f 2983/24/2983 2984/31/2984 2988/19/2988
f 2983/32/2983 2986/45/2986 2984/31/2984
f 2985/20/2985 2988/19/2988 2984/31/2984
f 2985/33/2985 2984/31/2984 2987/38/2987
f 2985/48/2985 2987/38/2987 2988/55/2988
f 2984/31/2984 2986/45/2986 2987/38/2987
f 2986/45/2986 2988/55/2988 2987/38/2987
f 2989/18/2989 2994/19/2994 2992/11/2992
f 2989/24/2989 2990/31/2990 2994/19/2994
f 2989/32/2989 2992/45/2992 2990/31/2990
f 2991/20/2991 2994/19/2994 2990/31/2990
f 2991/33/2991 2990/31/2990 2993/38/2993
f 2991/48/2991 2993/38/2993 2994/55/2994
f 2990/31/2990 2992/45/2992 2993/38/2993
f 2992/45/2992 2994/55/2994 2993/38/2993
f 2995/18/2995 3000/19/3000 2998/11/2998
f 2995/24/2995 2996/31/2996 3000/19/3000
f 2995/32/2995 2998/45/2998 2996/31/2996
f 2997/20/2997 3000/19/3000 2996/31/2996
f 2997/33/2997 2996/31/2996 2999/38/2999
f 2997/48/2997 2999/38/2999 3000/55/3000
f 2996/31/2996 2998/45/2998 2999/38/2999
f 2998/45/2998 3000/55/3000 2999/38/2999
f 3001/18/3001 3006/19/3006 3004/11/3004
f 3001/24/3001 3002/31/3002 3006/19/3006
f 3001/32/3001 3004/45/3004 3002/31/3002
f 3003/20/3003 3006/19/3006 3002/31/3002
f 3003/33/3003 3002/31/3002 3005/38/3005
f 3003/48/3003 3005/38/3005 3006/55/3006
f 3002/31/3002 3004/45/3004 3005/38/3005
f 3004/45/3004 3006/55/3006 3005/38/3005
f 3007/18/3007 3012/19/3012 3010/11/3010
f 3007/24/3007 3008/31/3008 3012/19/3012
f 3007/32/3007 3010/45/3010 3008/31/3008
f 3009/20/3009 3012/19/3012 3008/31/3008
f 3009/33/3009 3008/31/3008 3011/38/3011
f 3009/48/3009 3011/38/3011 3012/55/3012
f 3008/31/3008 3010/45/3010 3011/38/3011
f 3010/45/3010 3012/55/3012 3011/38/3011
f 3013/18/3013 3018/19/3018 3016/11/3016
f 3013/24/3013 3014/31/3014 3018/19/3018
f 3013/32/3013 3016/45/3016 3014/31/3014
f 3015/20/3015 3018/19/3018 3014/31/3014
f 3015/33/3015 3014/31/3014 3017/38/3017
f 3015/48/3015 3017/38/3017 3018/55/3018
f 3014/31/3014 3016/45/3016 3017/38/3017
f 3016/45/3016 3018/55/3018 3017/38/3017
f 3019/18/3019 3024/19/3024 3022/11/3022
f 3019/24/3019 3020/31/3020 3024/19/3024
f 3019/32/3019 3022/45/3022 3020/31/3020
f 3021/20/3021 3024/19/3024 3020/31/3020
f 3021/33/3021 3020/31/3020 3023/38/3023
f 3021/48/3021 3023/38/3023 3024/55/3024
f 3020/31/3020 3022/45/3022 3023/38/3023
f 3022/45/3022 3024/55/3024 3023/38/3023
f 3025/18/3025 3030/19/3030 3028/11/3028
f 3025/24/3025 3026/31/3026 3030/19/3030
f 3025/32/3025 3028/45/3028 3026/31/3026
f 3027/20/3027 3030/19/3030 3026/31/3026
f 3027/33/3027 3026/31/3026 3029/38/3029
f 3027/48/3027 3029/38/3029 3030/55/3030
f 3026/31/3026 3028/45/3028 3029/38/3029
f 3028/45/3028 3030/55/3030 3029/38/3029
f 3031/18/3031 3036/19/3036 3034/11/3034
f 3031/24/3031 3032/31/3032 3036/19/3036
f 3031/32/3031 3034/45/3034 3032/31/3032
f 3033/20/3033 3036/19/3036 3032/31/3032
f 3033/33/3033 3032/31/3032 3035/38/3035
f 3033/48/3033 3035/38/3035 3036/55/3036
f 3032/31/3032 3034/45/3034 3035/38/3035
f 3034/45/3034 3036/55/3036 3035/38/3035
f 3037/18/3037 3042/19/3042 3040/11/3040
f 3037/24/3037 3038/31/3038 3042/19/3042
f 3037/32/3037 3040/45/3040 3038/31/3038
f 3039/20/3039 3042/19/3042 3038/31/3038
f 3039/33/3039 3038/31/3038 3041/38/3041
f 3039/48/3039 3041/38/3041 3042/55/3042
f 3038/31/3038 3040/45/3040 3041/38/3041
f 3040/45/3040 3042/55/3042 3041/38/3041
f 3043/18/3043 3048/19/3048 3046/11/3046
f 3043/24/3043 3044/31/3044 3048/19/3048
f 3043/32/3043 3046/45/3046 3044/31/3044
f 3045/20/3045 3048/19/3048 3044/31/3044
f 3045/33/3045 3044/31/3044 3047/38/3047
f 3045/48/3045 3047/38/3047 3048/55/3048
f 3044/31/3044 3046/45/3046 3047/38/3047
f 3046/45/3046 3048/55/3048 3047/38/3047
f 3049/18/3049 3054/19/3054 3052/11/3052
f 3049/24/3049 3050/31/3050 3054/19/3054
f 3049/32/3049 3052/45/3052 3050/31/3050
f 3051/20/3051 3054/19/3054 3050/31/3050
f 3051/33/3051 3050/31/3050 3053/38/3053
f 3051/48/3051 3053/38/3053 3054/55/3054
f 3050/31/3050 3052/45/3052 3053/38/3053
f 3052/45/3052 3054/55/3054 3053/38/3053
f 3055/18/3055 3060/19/3060 3058/11/3058
f 3055/24/3055 3056/31/3056 3060/19/3060
f 3055/32/3055 3058/45/3058 3056/31/3056
f 3057/20/3057 3060/19/3060 3056/31/3056
f 3057/33/3057 3056/31/3056 3059/38/3059
f 3057/48/3057 3059/38/3059 3060/55/3060
f 3056/31/3056 3058/45/3058 3059/38/3059
f 3058/45/3058 3060/55/3060 3059/38/3059
f 3061/18/3061 3066/19/3066 3064/11/3064
f 3061/24/3061 3062/31/3062 3066/19/3066
f 3061/32/3061 3064/45/3064 3062/31/3062
f 3063/20/3063 3066/19/3066 3062/31/3062
f 3063/33/3063 3062/31/3062 3065/38/3065
f 3063/48/3063 3065/38/3065 3066/55/3066
f 3062/31/3062 3064/45/3064 3065/38/3065
f 3064/45/3064 3066/55/3066 3065/38/3065
f 3067/18/3067 3072/19/3072 3070/11/3070
f 3067/24/3067 3068/31/3068 3072/19/3072
f 3067/32/3067 3070/45/3070 3068/31/3068
f 3069/20/3069 3072/19/3072 3068/31/3068
f 3069/33/3069 3068/31/3068 3071/38/3071
f 3069/48/3069 3071/38/3071 3072/55/3072
f 3068/31/3068 3070/45/3070 3071/38/3071
f 3070/45/3070 3072/55/3072 3071/38/3071
f 3073/18/3073 3078/19/3078 3076/11/3076
f 3073/24/3073 3074/31/3074 3078/19/3078
f 3073/32/3073 3076/45/3076 3074/31/3074
f 3075/20/3075 3078/19/3078 3074/31/3074
f 3075/33/3075 3074/31/3074 3077/38/3077
f 3075/48/3075 3077/38/3077 3078/55/3078
f 3074/31/3074 3076/45/3076 3077/38/3077
f 3076/45/3076 3078/55/3078 3077/38/3077
f 3079/18/3079 3084/19/3084 3082/11/3082
f 3079/24/3079 3080/31/3080 3084/19/3084
f 3079/32/3079 3082/45/3082 3080/31/3080
f 3081/20/3081 3084/19/3084 3080/31/3080
f 3081/33/3081 3080/31/3080 3083/38/3083
f 3081/48/3081 3083/38/3083 3084/55/3084
f 3080/31/3080 3082/45/3082 3083/38/3083
f 3082/45/3082 3084/55/3084 3083/38/3083
f 3085/18/3085 3090/19/3090 3088/11/3088
f 3085/24/3085 3086/31/3086 3090/19/3090
f 3085/32/3085 3088/45/3088 3086/31/3086
f 3087/20/3087 3090/19/3090 3086/31/3086
f 3087/33/3087 3086/31/3086 3089/38/3089
f 3087/48/3087 3089/38/3089 3090/55/3090
f 3086/31/3086 3088/45/3088 3089/38/3089
f 3088/45/3088 3090/55/3090 3089/38/3089
f 3091/18/3091 3096/19/3096 3094/11/3094
f 3091/24/3091 3092/31/3092 3096/19/3096
f 3091/32/3091 3094/45/3094 3092/31/3092
f 3093/20/3093 3096/19/3096 3092/31/3092
f 3093/33/3093 3092/31/3092 3095/38/3095
f 3093/48/3093 3095/38/3095 3096/55/3096
f 3092/31/3092 3094/45/3094 3095/38/3095
f 3094/45/3094 3096/55/3096 3095/38/3095
f 3097/18/3097 3100/11/3100 3102/19/3102
f 3097/24/3097 3102/19/3102 3098/31/3098
f 3097/32/3097 3098/31/3098 3100/45/3100
f 3099/20/3099 3098/31/3098 3102/19/3102
f 3099/33/3099 3101/38/3101 3098/31/3098
f 3099/48/3099 3102/55/3102 3101/38/3101
f 3098/31/3098 3101/38/3101 3100/45/3100
f 3100/45/3100 3101/38/3101 3102/55/3102
f 3103/18/3103 3106/11/3106 3108/19/3108
f 3103/24/3103 3108/19/3108 3104/31/3104
f 3103/32/3103 3104/31/3104 3106/45/3106
f 3105/20/3105 3104/31/3104 3108/19/3108
f 3105/33/3105 3107/38/3107 3104/31/3104
f 3105/48/3105 3108/55/3108 3107/38/3107
f 3104/31/3104 3107/38/3107 3106/45/3106
f 3106/45/3106 3107/38/3107 3108/55/3108
f 3109/18/3109 3112/11/3112 3114/19/3114
f 3109/24/3109 3114/19/3114 3110/31/3110
f 3109/32/3109 3110/31/3110 3112/45/3112
f 3111/20/3111 3110/31/3110 3114/19/3114
f 3111/33/3111 3113/38/3113 3110/31/3110
f 3111/48/3111 3114/55/3114 3113/38/3113
f 3110/31/3110 3113/38/3113 3112/45/3112
f 3112/45/3112 3113/38/3113 3114/55/3114
f 3115/18/3115 3118/11/3118 3120/19/3120
f 3115/24/3115 3120/19/3120 3116/31/3116
f 3115/32/3115 3116/31/3116 3118/45/3118
f 3117/20/3117 3116/31/3116 3120/19/3120
f 3117/33/3117 3119/38/3119 3116/31/3116
f 3117/48/3117 3120/55/3120 3119/38/3119
f 3116/31/3116 3119/38/3119 3118/45/3118
f 3118/45/3118 3119/38/3119 3120/55/3120
f 3121/18/3121 3126/19/3126 3124/11/3124
f 3121/24/3121 3122/31/3122 3126/19/3126
f 3121/32/3121 3124/45/3124 3122/31/3122
f 3123/20/3123 3126/19/3126 3122/31/3122
f 3123/33/3123 3122/31/3122 3125/38/3125
f 3123/48/3123 3125/38/3125 3126/55/3126
f 3122/31/3122 3124/45/3124 3125/38/3125
f 3124/45/3124 3126/55/3126 3125/38/3125
f 3127/18/3127 3132/19/3132 3130/11/3130
f 3127/24/3127 3128/31/3128 3132/19/3132
f 3127/32/3127 3130/45/3130 3128/31/3128
f 3129/20/3129 3132/19/3132 3128/31/3128
f 3129/33/3129 3128/31/3128 3131/38/3131
f 3129/48/3129 3131/38/3131 3132/55/3132
f 3128/31/3128 3130/45/3130 3131/38/3131
f 3130/45/3130 3132/55/3132 3131/38/3131
f 3133/18/3133 3138/19/3138 3136/11/3136
f 3133/24/3133 3134/31/3134 3138/19/3138
f 3133/32/3133 3136/45/3136 3134/31/3134
f 3135/20/3135 3138/19/3138 3134/31/3134
f 3135/33/3135 3134/31/3134 3137/38/3137
f 3135/48/3135 3137/38/3137 3138/55/3138
f 3134/31/3134 3136/45/3136 3137/38/3137
f 3136/45/3136 3138/55/3138 3137/38/3137
f 3139/18/3139 3144/19/3144 3142/11/3142
f 3139/24/3139 3140/31/3140 3144/19/3144
f 3139/32/3139 3142/45/3142 3140/31/3140
f 3141/20/3141 3144/19/3144 3140/31/3140
f 3141/33/3141 3140/31/3140 3143/38/3143
f 3141/48/3141 3143/38/3143 3144/55/3144
f 3140/31/3140 3142/45/3142 3143/38/3143
f 3142/45/3142 3144/55/3144 3143/38/3143
f 3145/18/3145 3150/19/3150 3148/11/3148
f 3145/24/3145 3146/31/3146 3150/19/3150
f 3145/32/3145 3148/45/3148 3146/31/3146
f 3147/20/3147 3150/19/3150 3146/31/3146
f 3147/33/3147 3146/31/3146 3149/38/3149
f 3147/48/3147 3149/38/3149 3150/55/3150
f 3146/31/3146 3148/45/3148 3149/38/3149
f 3148/45/3148 3150/55/3150 3149/38/3149
f 3151/18/3151 3156/19/3156 3154/11/3154
f 3151/24/3151 3152/31/3152 3156/19/3156
f 3151/32/3151 3154/45/3154 3152/31/3152
f 3153/20/3153 3156/19/3156 3152/31/3152
f 3153/33/3153 3152/31/3152 3155/38/3155
f 3153/48/3153 3155/38/3155 3156/55/3156
f 3152/31/3152 3154/45/3154 3155/38/3155
f 3154/45/3154 3156/55/3156 3155/38/3155
f 3157/18/3157 3162/19/3162 3160/11/3160
f 3157/24/3157 3158/31/3158 3162/19/3162
f 3157/32/3157 3160/45/3160 3158/31/3158
f 3159/20/3159 3162/19/3162 3158/31/3158
f 3159/33/3159 3158/31/3158 3161/38/3161
f 3159/48/3159 3161/38/3161 3162/55/3162
f 3158/31/3158 3160/45/3160 3161/38/3161
f 3160/45/3160 3162/55/3162 3161/38/3161
f 3163/18/3163 3168/19/3168 3166/11/3166
f 3163/24/3163 3164/31/3164 3168/19/3168
f 3163/32/3163 3166/45/3166 3164/31/3164
f 3165/20/3165 3168/19/3168 3164/31/3164
f 3165/33/3165 3164/31/3164 3167/38/3167
f 3165/48/3165 3167/38/3167 3168/55/3168
f 3164/31/3164 3166/45/3166 3167/38/3167
f 3166/45/3166 3168/55/3168 3167/38/3167
f 3169/18/3169 3174/19/3174 3172/11/3172
f 3169/24/3169 3170/31/3170 3174/19/3174
f 3169/32/3169 3172/45/3172 3170/31/3170
f 3171/20/3171 3174/19/3174 3170/31/3170
f 3171/33/3171 3170/31/3170 3173/38/3173
f 3171/48/3171 3173/38/3173 3174/55/3174
f 3170/31/3170 3172/45/3172 3173/38/3173
f 3172/45/3172 3174/55/3174 3173/38/3173
f 3175/18/3175 3180/19/3180 3178/11/3178
f 3175/24/3175 3176/31/3176 3180/19/3180
f 3175/32/3175 3178/45/3178 3176/31/3176
f 3177/20/3177 3180/19/3180 3176/31/3176
f 3177/33/3177 3176/31/3176 3179/38/3179
f 3177/48/3177 3179/38/3179 3180/55/3180
f 3176/31/3176 3178/45/3178 3179/38/3179
f 3178/45/3178 3180/55/3180 3179/38/3179
f 3181/18/3181 3186/19/3186 3184/11/3184
f 3181/24/3181 3182/31/3182 3186/19/3186
f 3181/32/3181 3184/45/3184 3182/31/3182
f 3183/20/3183 3186/19/3186 3182/31/3182
f 3183/33/3183 3182/31/3182 3185/38/3185
f 3183/48/3183 3185/38/3185 3186/55/3186
f 3182/31/3182 3184/45/3184 3185/38/3185
f 3184/45/3184 3186/55/3186 3185/38/3185
f 3187/18/3187 3190/11/3190 3192/19/3192
f 3187/24/3187 3192/19/3192 3188/31/3188
f 3187/32/3187 3188/31/3188 3190/45/3190
f 3189/20/3189 3188/31/3188 3192/19/3192
f 3189/33/3189 3191/38/3191 3188/31/3188
f 3189/48/3189 3192/55/3192 3191/38/3191
f 3188/31/3188 3191/38/3191 3190/45/3190
f 3190/45/3190 3191/38/3191 3192/55/3192
f 3193/18/3193 3196/11/3196 3198/19/3198
f 3193/24/3193 3198/19/3198 3194/31/3194
f 3193/32/3193 3194/31/3194 3196/45/3196
f 3195/20/3195 3194/31/3194 3198/19/3198
f 3195/33/3195 3197/38/3197 3194/31/3194
f 3195/48/3195 3198/55/3198 3197/38/3197
f 3194/31/3194 3197/38/3197 3196/45/3196
f 3196/45/3196 3197/38/3197 3198/55/3198
f 3199/18/3199 3202/11/3202 3204/19/3204
f 3199/24/3199 3204/19/3204 3200/31/3200
f 3199/32/3199 3200/31/3200 3202/45/3202
f 3201/20/3201 3200/31/3200 3204/19/3204
f 3201/33/3201 3203/38/3203 3200/31/3200
f 3201/48/3201 3204/55/3204 3203/38/3203
f 3200/31/3200 3203/38/3203 3202/45/3202
f 3202/45/3202 3203/38/3203 3204/55/3204
f 3205/18/3205 3210/19/3210 3208/11/3208
f 3205/24/3205 3206/31/3206 3210/19/3210
f 3205/32/3205 3208/45/3208 3206/31/3206
f 3207/20/3207 3210/19/3210 3206/31/3206
f 3207/33/3207 3206/31/3206 3209/38/3209
f 3207/48/3207 3209/38/3209 3210/55/3210
f 3206/31/3206 3208/45/3208 3209/38/3209
f 3208/45/3208 3210/55/3210 3209/38/3209
f 3211/29/3211 3213/23/3213 3216/36/3216
f 3212/3/3212 3213/23/3213 3214/7/3214
f 3212/30/3212 3216/36/3216 3213/23/3213
f 3212/40/3212 3214/51/3214 3216/36/3216
f 3211/4/3211 3215/5/3215 3213/23/3213
f 3216/36/3216 3215/53/3215 3211/50/3211
f 3215/5/3215 3214/7/3214 3213/23/3213
f 3216/36/3216 3214/51/3214 3215/53/3215
f 3217/29/3217 3219/23/3219 3222/36/3222
f 3218/3/3218 3219/23/3219 3220/7/3220
f 3218/30/3218 3222/36/3222 3219/23/3219
f 3218/40/3218 3220/51/3220 3222/36/3222
f 3217/4/3217 3221/5/3221 3219/23/3219
f 3222/36/3222 3221/53/3221 3217/50/3217
f 3221/5/3221 3220/7/3220 3219/23/3219
f 3222/36/3222 3220/51/3220 3221/53/3221
f 3223/29/3223 3225/23/3225 3228/36/3228
f 3224/3/3224 3225/23/3225 3226/7/3226
f 3224/30/3224 3228/36/3228 3225/23/3225
f 3224/40/3224 3226/51/3226 3228/36/3228
f 3223/4/3223 3227/5/3227 3225/23/3225
f 3228/36/3228 3227/53/3227 3223/49/3223
f 3227/5/3227 3226/7/3226 3225/23/3225
f 3228/36/3228 3226/51/3226 3227/53/3227
f 3229/29/3229 3231/23/3231 3234/36/3234
f 3230/3/3230 3231/23/3231 3232/7/3232
f 3230/30/3230 3234/36/3234 3231/23/3231
f 3230/40/3230 3232/51/3232 3234/36/3234
f 3229/4/3229 3233/5/3233 3231/23/3231
f 3234/36/3234 3233/53/3233 3229/50/3229
f 3233/5/3233 3232/7/3232 3231/23/3231
f 3234/36/3234 3232/51/3232 3233/53/3233
f 3235/29/3235 3237/23/3237 3240/36/3240
f 3236/3/3236 3237/23/3237 3238/7/3238
f 3236/30/3236 3240/36/3240 3237/23/3237
f 3236/40/3236 3238/51/3238 3240/36/3240
f 3235/4/3235 3239/5/3239 3237/23/3237
f 3240/36/3240 3239/53/3239 3235/49/3235
f 3239/5/3239 3238/7/3238 3237/23/3237
f 3240/36/3240 3238/51/3238 3239/53/3239
f 3241/29/3241 3243/23/3243 3246/36/3246
f 3242/3/3242 3243/23/3243 3244/7/3244
f 3242/30/3242 3246/36/3246 3243/23/3243
f 3242/40/3242 3244/51/3244 3246/36/3246
f 3241/4/3241 3245/5/3245 3243/23/3243
f 3246/36/3246 3245/53/3245 3241/49/3241
f 3245/5/3245 3244/7/3244 3243/23/3243
f 3246/36/3246 3244/51/3244 3245/53/3245
f 3247/29/3247 3249/23/3249 3252/36/3252
f 3248/3/3248 3249/23/3249 3250/7/3250
f 3248/30/3248 3252/36/3252 3249/23/3249
f 3248/40/3248 3250/51/3250 3252/36/3252
f 3247/4/3247 3251/5/3251 3249/23/3249
f 3252/36/3252 3251/53/3251 3247/50/3247
f 3251/5/3251 3250/7/3250 3249/23/3249
f 3252/36/3252 3250/51/3250 3251/53/3251
f 3253/29/3253 3255/23/3255 3258/36/3258
f 3254/3/3254 3255/23/3255 3256/7/3256
f 3254/30/3254 3258/36/3258 3255/23/3255
f 3254/40/3254 3256/51/3256 3258/36/3258
f 3253/4/3253 3257/5/3257 3255/23/3255
f 3258/36/3258 3257/53/3257 3253/50/3253
f 3257/5/3257 3256/7/3256 3255/23/3255
f 3258/36/3258 3256/51/3256 3257/53/3257
f 3259/29/3259 3261/23/3261 3264/36/3264
f 3260/3/3260 3261/23/3261 3262/7/3262
f 3260/30/3260 3264/36/3264 3261/23/3261
f 3260/40/3260 3262/51/3262 3264/36/3264
f 3259/4/3259 3263/5/3263 3261/23/3261
f 3264/36/3264 3263/53/3263 3259/49/3259
f 3263/5/3263 3262/7/3262 3261/23/3261
f 3264/36/3264 3262/51/3262 3263/53/3263
f 3265/29/3265 3267/23/3267 3270/36/3270
f 3266/3/3266 3267/23/3267 3268/7/3268
f 3266/30/3266 3270/36/3270 3267/23/3267
f 3266/40/3266 3268/51/3268 3270/36/3270
f 3265/4/3265 3269/5/3269 3267/23/3267
f 3270/36/3270 3269/53/3269 3265/49/3265
f 3269/5/3269 3268/7/3268 3267/23/3267
f 3270/36/3270 3268/51/3268 3269/53/3269
f 3271/29/3271 3273/23/3273 3276/36/3276
f 3272/3/3272 3273/23/3273 3274/7/3274
f 3272/30/3272 3276/36/3276 3273/23/3273
f 3272/40/3272 3274/51/3274 3276/36/3276
f 3271/4/3271 3275/5/3275 3273/23/3273
f 3276/36/3276 3275/53/3275 3271/49/3271
f 3275/5/3275 3274/7/3274 3273/23/3273
f 3276/36/3276 3274/51/3274 3275/53/3275
f 3277/29/3277 3279/23/3279 3282/36/3282
f 3278/3/3278 3279/23/3279 3280/7/3280
f 3278/30/3278 3282/36/3282 3279/23/3279
f 3278/40/3278 3280/51/3280 3282/36/3282
f 3277/4/3277 3281/5/3281 3279/23/3279
f 3282/36/3282 3281/53/3281 3277/50/3277
f 3281/5/3281 3280/7/3280 3279/23/3279
f 3282/36/3282 3280/51/3280 3281/53/3281
f 3283/29/3283 3285/23/3285 3288/36/3288
f 3284/3/3284 3285/23/3285 3286/7/3286
f 3284/30/3284 3288/36/3288 3285/23/3285
f 3284/40/3284 3286/51/3286 3288/36/3288
f 3283/4/3283 3287/5/3287 3285/23/3285
f 3288/36/3288 3287/53/3287 3283/50/3283
f 3287/5/3287 3286/7/3286 3285/23/3285
f 3288/36/3288 3286/51/3286 3287/53/3287
f 3289/29/3289 3291/23/3291 3294/36/3294
f 3290/3/3290 3291/23/3291 3292/7/3292
f 3290/30/3290 3294/36/3294 3291/23/3291
f 3290/40/3290 3292/51/3292 3294/36/3294
f 3289/4/3289 3293/5/3293 3291/23/3291
f 3294/36/3294 3293/53/3293 3289/49/3289
f 3293/5/3293 3292/7/3292 3291/23/3291
f 3294/36/3294 3292/51/3292 3293/53/3293
f 3295/29/3295 3297/23/3297 3300/36/3300
f 3296/3/3296 3297/23/3297 3298/7/3298
f 3296/30/3296 3300/36/3300 3297/23/3297
f 3296/40/3296 3298/51/3298 3300/36/3300
f 3295/4/3295 3299/5/3299 3297/23/3297
f 3300/36/3300 3299/53/3299 3295/50/3295
f 3299/5/3299 3298/7/3298 3297/23/3297
f 3300/36/3300 3298/51/3298 3299/53/3299
f 3301/29/3301 3303/23/3303 3306/36/3306
f 3302/3/3302 3303/23/3303 3304/7/3304
f 3302/30/3302 3306/36/3306 3303/23/3303
f 3302/40/3302 3304/51/3304 3306/36/3306
f 3301/4/3301 3305/5/3305 3303/23/3303
f 3306/36/3306 3305/53/3305 3301/50/3301
f 3305/5/3305 3304/7/3304 3303/23/3303
f 3306/36/3306 3304/51/3304 3305/53/3305
f 3307/29/3307 3309/23/3309 3312/36/3312
f 3308/3/3308 3309/23/3309 3310/7/3310
f 3308/30/3308 3312/36/3312 3309/23/3309
f 3308/40/3308 3310/51/3310 3312/36/3312
f 3307/4/3307 3311/5/3311 3309/23/3309
f 3312/36/3312 3311/53/3311 3307/50/3307
f 3311/5/3311 3310/7/3310 3309/23/3309
f 3312/36/3312 3310/51/3310 3311/53/3311
f 3313/29/3313 3315/23/3315 3318/36/3318
f 3314/3/3314 3315/23/3315 3316/7/3316
f 3314/30/3314 3318/36/3318 3315/23/3315
f 3314/40/3314 3316/51/3316 3318/36/3318
f 3313/4/3313 3317/5/3317 3315/23/3315
f 3318/36/3318 3317/53/3317 3313/49/3313
f 3317/5/3317 3316/7/3316 3315/23/3315
f 3318/36/3318 3316/51/3316 3317/53/3317
f 3319/29/3319 3321/23/3321 3324/36/3324
f 3320/3/3320 3321/23/3321 3322/7/3322
f 3320/30/3320 3324/36/3324 3321/23/3321
f 3320/40/3320 3322/51/3322 3324/36/3324
f 3319/4/3319 3323/5/3323 3321/23/3321
f 3324/36/3324 3323/53/3323 3319/50/3319
f 3323/5/3323 3322/7/3322 3321/23/3321
f 3324/36/3324 3322/51/3322 3323/53/3323
f 3325/29/3325 3327/23/3327 3330/36/3330
f 3326/3/3326 3327/23/3327 3328/7/3328
f 3326/30/3326 3330/36/3330 3327/23/3327
f 3326/40/3326 3328/51/3328 3330/36/3330
f 3325/4/3325 3329/5/3329 3327/23/3327
f 3330/36/3330 3329/53/3329 3325/49/3325
f 3329/5/3329 3328/7/3328 3327/23/3327
f 3330/36/3330 3328/51/3328 3329/53/3329
f 3331/29/3331 3333/23/3333 3336/36/3336
f 3332/3/3332 3333/23/3333 3334/7/3334
f 3332/30/3332 3336/36/3336 3333/23/3333
f 3332/40/3332 3334/51/3334 3336/36/3336
f 3331/4/3331 3335/5/3335 3333/23/3333
f 3336/36/3336 3335/53/3335 3331/49/3331
f 3335/5/3335 3334/7/3334 3333/23/3333
f 3336/36/3336 3334/51/3334 3335/53/3335
f 3337/29/3337 3342/36/3342 3339/23/3339
f 3338/3/3338 3340/7/3340 3339/23/3339
f 3338/30/3338 3339/23/3339 3342/36/3342
f 3338/40/3338 3342/36/3342 3340/51/3340
f 3337/4/3337 3339/23/3339 3341/5/3341
f 3342/36/3342 3337/50/3337 3341/53/3341
f 3341/5/3341 3339/23/3339 3340/7/3340
f 3342/36/3342 3341/53/3341 3340/51/3340
f 3343/29/3343 3345/23/3345 3348/36/3348
f 3344/3/3344 3345/23/3345 3346/7/3346
f 3344/30/3344 3348/36/3348 3345/23/3345
f 3344/40/3344 3346/51/3346 3348/36/3348
f 3343/4/3343 3347/5/3347 3345/23/3345
f 3348/36/3348 3347/53/3347 3343/50/3343
f 3347/5/3347 3346/7/3346 3345/23/3345
f 3348/36/3348 3346/51/3346 3347/53/3347
f 3349/29/3349 3351/23/3351 3354/36/3354
f 3350/3/3350 3351/23/3351 3352/7/3352
f 3350/30/3350 3354/36/3354 3351/23/3351
f 3350/40/3350 3352/51/3352 3354/36/3354
f 3349/4/3349 3353/5/3353 3351/23/3351
f 3354/36/3354 3353/53/3353 3349/50/3349
f 3353/5/3353 3352/7/3352 3351/23/3351
f 3354/36/3354 3352/51/3352 3353/53/3353
f 3355/29/3355 3360/36/3360 3357/23/3357
f 3356/3/3356 3358/7/3358 3357/23/3357
f 3356/30/3356 3357/23/3357 3360/36/3360
f 3356/40/3356 3360/36/3360 3358/51/3358
f 3355/4/3355 3357/23/3357 3359/5/3359
f 3360/36/3360 3355/50/3355 3359/53/3359
f 3359/5/3359 3357/23/3357 3358/7/3358
f 3360/36/3360 3359/53/3359 3358/51/3358
f 3361/29/3361 3366/36/3366 3363/23/3363
f 3362/3/3362 3364/7/3364 3363/23/3363
f 3362/30/3362 3363/23/3363 3366/36/3366
f 3362/40/3362 3366/36/3366 3364/51/3364
f 3361/4/3361 3363/23/3363 3365/5/3365
f 3366/36/3366 3361/50/3361 3365/53/3365
f 3365/5/3365 3363/23/3363 3364/7/3364
f 3366/36/3366 3365/53/3365 3364/51/3364
f 3367/29/3367 3372/36/3372 3369/23/3369
f 3368/3/3368 3370/7/3370 3369/23/3369
f 3368/30/3368 3369/23/3369 3372/36/3372
f 3368/40/3368 3372/36/3372 3370/51/3370
f 3367/4/3367 3369/23/3369 3371/5/3371
f 3372/36/3372 3367/50/3367 3371/53/3371
f 3371/5/3371 3369/23/3369 3370/7/3370
f 3372/36/3372 3371/53/3371 3370/51/3370
f 3373/29/3373 3378/36/3378 3375/23/3375
f 3374/3/3374 3376/7/3376 3375/23/3375
f 3374/30/3374 3375/23/3375 3378/36/3378
f 3374/40/3374 3378/36/3378 3376/51/3376
f 3373/4/3373 3375/23/3375 3377/5/3377
f 3378/36/3378 3373/49/3373 3377/53/3377
f 3377/5/3377 3375/23/3375 3376/7/3376
f 3378/36/3378 3377/53/3377 3376/51/3376
f 3379/29/3379 3384/36/3384 3381/23/3381
f 3380/3/3380 3382/7/3382 3381/23/3381
f 3380/30/3380 3381/23/3381 3384/36/3384
f 3380/40/3380 3384/36/3384 3382/51/3382
f 3379/4/3379 3381/23/3381 3383/5/3383
f 3384/36/3384 3379/49/3379 3383/53/3383
f 3383/5/3383 3381/23/3381 3382/7/3382
f 3384/36/3384 3383/53/3383 3382/51/3382
f 3385/29/3385 3390/36/3390 3387/23/3387
f 3386/3/3386 3388/7/3388 3387/23/3387
f 3386/30/3386 3387/23/3387 3390/36/3390
f 3386/40/3386 3390/36/3390 3388/51/3388
f 3385/4/3385 3387/23/3387 3389/5/3389
f 3390/36/3390 3385/50/3385 3389/53/3389
f 3389/5/3389 3387/23/3387 3388/7/3388
f 3390/36/3390 3389/53/3389 3388/51/3388
f 3391/29/3391 3396/36/3396 3393/23/3393
f 3392/3/3392 3394/7/3394 3393/23/3393
f 3392/30/3392 3393/23/3393 3396/36/3396
f 3392/40/3392 3396/36/3396 3394/51/3394
f 3391/4/3391 3393/23/3393 3395/5/3395
f 3396/36/3396 3391/50/3391 3395/53/3395
f 3395/5/3395 3393/23/3393 3394/7/3394
f 3396/36/3396 3395/53/3395 3394/51/3394
f 3397/29/3397 3402/36/3402 3399/23/3399
f 3398/3/3398 3400/7/3400 3399/23/3399
f 3398/30/3398 3399/23/3399 3402/36/3402
f 3398/40/3398 3402/36/3402 3400/51/3400
f 3397/4/3397 3399/23/3399 3401/5/3401
f 3402/36/3402 3397/49/3397 3401/53/3401
f 3401/5/3401 3399/23/3399 3400/7/3400
f 3402/36/3402 3401/53/3401 3400/51/3400
f 3403/29/3403 3408/36/3408 3405/23/3405
f 3404/3/3404 3406/7/3406 3405/23/3405
f 3404/30/3404 3405/23/3405 3408/36/3408
f 3404/40/3404 3408/36/3408 3406/51/3406
f 3403/4/3403 3405/23/3405 3407/5/3407
f 3408/36/3408 3403/50/3403 3407/53/3407
f 3407/5/3407 3405/23/3405 3406/7/3406
f 3408/36/3408 3407/53/3407 3406/51/3406
f 3409/29/3409 3414/36/3414 3411/23/3411
f 3410/3/3410 3412/7/3412 3411/23/3411
f 3410/30/3410 3411/23/3411 3414/36/3414
f 3410/40/3410 3414/36/3414 3412/51/3412
f 3409/4/3409 3411/23/3411 3413/5/3413
f 3414/36/3414 3409/49/3409 3413/53/3413
f 3413/5/3413 3411/23/3411 3412/7/3412
f 3414/36/3414 3413/53/3413 3412/51/3412
f 3415/29/3415 3420/36/3420 3417/23/3417
f 3416/3/3416 3418/7/3418 3417/23/3417
f 3416/30/3416 3417/23/3417 3420/36/3420
f 3416/40/3416 3420/36/3420 3418/51/3418
f 3415/4/3415 3417/23/3417 3419/5/3419
f 3420/36/3420 3415/50/3415 3419/53/3419
f 3419/5/3419 3417/23/3417 3418/7/3418
f 3420/36/3420 3419/53/3419 3418/51/3418
f 3421/29/3421 3426/36/3426 3423/23/3423
f 3422/3/3422 3424/7/3424 3423/23/3423
f 3422/30/3422 3423/23/3423 3426/36/3426
f 3422/40/3422 3426/36/3426 3424/51/3424
f 3421/4/3421 3423/23/3423 3425/5/3425
f 3426/36/3426 3421/50/3421 3425/53/3425
f 3425/5/3425 3423/23/3423 3424/7/3424
f 3426/36/3426 3425/53/3425 3424/51/3424
f 3427/29/3427 3432/36/3432 3429/23/3429
f 3428/3/3428 3430/7/3430 3429/23/3429
f 3428/30/3428 3429/23/3429 3432/36/3432
f 3428/40/3428 3432/36/3432 3430/51/3430
f 3427/4/3427 3429/23/3429 3431/5/3431
f 3432/36/3432 3427/50/3427 3431/53/3431
f 3431/5/3431 3429/23/3429 3430/7/3430
f 3432/36/3432 3431/53/3431 3430/51/3430
f 3433/29/3433 3438/36/3438 3435/23/3435
f 3434/3/3434 3436/7/3436 3435/23/3435
f 3434/30/3434 3435/23/3435 3438/36/3438
f 3434/40/3434 3438/36/3438 3436/51/3436
f 3433/4/3433 3435/23/3435 3437/5/3437
f 3438/36/3438 3433/50/3433 3437/53/3437
f 3437/5/3437 3435/23/3435 3436/7/3436
f 3438/36/3438 3437/53/3437 3436/51/3436
f 3439/29/3439 3444/36/3444 3441/23/3441
f 3440/3/3440 3442/7/3442 3441/23/3441
f 3440/30/3440 3441/23/3441 3444/36/3444
f 3440/40/3440 3444/36/3444 3442/51/3442
f 3439/4/3439 3441/23/3441 3443/5/3443
f 3444/36/3444 3439/49/3439 3443/53/3443
f 3443/5/3443 3441/23/3441 3442/7/3442
f 3444/36/3444 3443/53/3443 3442/51/3442
f 3445/29/3445 3450/36/3450 3447/23/3447
f 3446/3/3446 3448/7/3448 3447/23/3447
f 3446/30/3446 3447/23/3447 3450/36/3450
f 3446/40/3446 3450/36/3450 3448/51/3448
f 3445/4/3445 3447/23/3447 3449/5/3449
f 3450/36/3450 3445/50/3445 3449/53/3449
f 3449/5/3449 3447/23/3447 3448/7/3448
f 3450/36/3450 3449/53/3449 3448/51/3448
f 3451/29/3451 3453/23/3453 3456/36/3456
f 3452/3/3452 3453/23/3453 3454/7/3454
f 3452/30/3452 3456/36/3456 3453/23/3453
f 3452/40/3452 3454/51/3454 3456/36/3456
f 3451/4/3451 3455/5/3455 3453/23/3453
f 3456/36/3456 3455/53/3455 3451/49/3451
f 3455/5/3455 3454/7/3454 3453/23/3453
f 3456/36/3456 3454/51/3454 3455/53/3455
f 3457/29/3457 3459/23/3459 3462/36/3462
f 3458/3/3458 3459/23/3459 3460/7/3460
f 3458/30/3458 3462/36/3462 3459/23/3459
f 3458/40/3458 3460/51/3460 3462/36/3462
f 3457/4/3457 3461/5/3461 3459/23/3459
f 3462/36/3462 3461/53/3461 3457/50/3457
f 3461/5/3461 3460/7/3460 3459/23/3459
f 3462/36/3462 3460/51/3460 3461/53/3461
f 3463/29/3463 3465/23/3465 3468/36/3468
f 3464/3/3464 3465/23/3465 3466/7/3466
f 3464/30/3464 3468/36/3468 3465/23/3465
f 3464/40/3464 3466/51/3466 3468/36/3468
f 3463/4/3463 3467/5/3467 3465/23/3465
f 3468/36/3468 3467/53/3467 3463/50/3463
f 3467/5/3467 3466/7/3466 3465/23/3465
f 3468/36/3468 3466/51/3466 3467/53/3467
f 3469/29/3469 3471/23/3471 3474/36/3474
f 3470/3/3470 3471/23/3471 3472/7/3472
f 3470/30/3470 3474/36/3474 3471/23/3471
f 3470/40/3470 3472/51/3472 3474/36/3474
f 3469/4/3469 3473/5/3473 3471/23/3471
f 3474/36/3474 3473/53/3473 3469/50/3469
f 3473/5/3473 3472/7/3472 3471/23/3471
f 3474/36/3474 3472/51/3472 3473/53/3473
f 3475/29/3475 3477/23/3477 3480/36/3480
f 3476/3/3476 3477/23/3477 3478/7/3478
f 3476/30/3476 3480/36/3480 3477/23/3477
f 3476/40/3476 3478/51/3478 3480/36/3480
f 3475/4/3475 3479/5/3479 3477/23/3477
f 3480/36/3480 3479/53/3479 3475/49/3475
f 3479/5/3479 3478/7/3478 3477/23/3477
f 3480/36/3480 3478/51/3478 3479/53/3479
f 3481/29/3481 3483/23/3483 3486/36/3486
f 3482/3/3482 3483/23/3483 3484/7/3484
f 3482/30/3482 3486/36/3486 3483/23/3483
f 3482/40/3482 3484/51/3484 3486/36/3486
f 3481/4/3481 3485/5/3485 3483/23/3483
f 3486/36/3486 3485/53/3485 3481/49/3481
f 3485/5/3485 3484/7/3484 3483/23/3483
f 3486/36/3486 3484/51/3484 3485/53/3485
f 3487/29/3487 3489/23/3489 3492/36/3492
f 3488/3/3488 3489/23/3489 3490/7/3490
f 3488/30/3488 3492/36/3492 3489/23/3489
f 3488/40/3488 3490/51/3490 3492/36/3492
f 3487/4/3487 3491/5/3491 3489/23/3489
f 3492/36/3492 3491/53/3491 3487/49/3487
f 3491/5/3491 3490/7/3490 3489/23/3489
f 3492/36/3492 3490/51/3490 3491/53/3491
f 3493/29/3493 3495/23/3495 3498/36/3498
f 3494/3/3494 3495/23/3495 3496/7/3496
f 3494/30/3494 3498/36/3498 3495/23/3495
f 3494/40/3494 3496/51/3496 3498/36/3498
f 3493/4/3493 3497/5/3497 3495/23/3495
f 3498/36/3498 3497/53/3497 3493/49/3493
f 3497/5/3497 3496/7/3496 3495/23/3495
f 3498/36/3498 3496/51/3496 3497/53/3497
f 3499/29/3499 3501/23/3501 3504/36/3504
f 3500/3/3500 3501/23/3501 3502/7/3502
f 3500/30/3500 3504/36/3504 3501/23/3501
f 3500/40/3500 3502/51/3502 3504/36/3504
f 3499/4/3499 3503/5/3503 3501/23/3501
f 3504/36/3504 3503/53/3503 3499/50/3499
f 3503/5/3503 3502/7/3502 3501/23/3501
f 3504/36/3504 3502/51/3502 3503/53/3503
f 3505/29/3505 3507/23/3507 3510/36/3510
f 3506/3/3506 3507/23/3507 3508/7/3508
f 3506/30/3506 3510/36/3510 3507/23/3507
f 3506/40/3506 3508/51/3508 3510/36/3510
f 3505/4/3505 3509/5/3509 3507/23/3507
f 3510/36/3510 3509/53/3509 3505/50/3505
f 3509/5/3509 3508/7/3508 3507/23/3507
f 3510/36/3510 3508/51/3508 3509/53/3509
f 3511/29/3511 3513/23/3513 3516/36/3516
f 3512/3/3512 3513/23/3513 3514/7/3514
f 3512/30/3512 3516/36/3516 3513/23/3513
f 3512/40/3512 3514/51/3514 3516/36/3516
f 3511/4/3511 3515/5/3515 3513/23/3513
f 3516/36/3516 3515/53/3515 3511/50/3511
f 3515/5/3515 3514/7/3514 3513/23/3513
f 3516/36/3516 3514/51/3514 3515/53/3515
f 3517/29/3517 3519/23/3519 3522/36/3522
f 3518/3/3518 3519/23/3519 3520/7/3520
f 3518/30/3518 3522/36/3522 3519/23/3519
f 3518/40/3518 3520/51/3520 3522/36/3522
f 3517/4/3517 3521/5/3521 3519/23/3519
f 3522/36/3522 3521/53/3521 3517/50/3517
f 3521/5/3521 3520/7/3520 3519/23/3519
f 3522/36/3522 3520/51/3520 3521/53/3521
f 3523/29/3523 3525/23/3525 3528/36/3528
f 3524/3/3524 3525/23/3525 3526/7/3526
f 3524/30/3524 3528/36/3528 3525/23/3525
f 3524/40/3524 3526/51/3526 3528/36/3528
f 3523/4/3523 3527/5/3527 3525/23/3525
f 3528/36/3528 3527/53/3527 3523/49/3523
f 3527/5/3527 3526/7/3526 3525/23/3525
f 3528/36/3528 3526/51/3526 3527/53/3527
f 3529/29/3529 3534/36/3534 3531/23/3531
f 3530/3/3530 3532/7/3532 3531/23/3531
f 3530/30/3530 3531/23/3531 3534/36/3534
f 3530/40/3530 3534/36/3534 3532/51/3532
f 3529/4/3529 3531/23/3531 3533/5/3533
f 3534/36/3534 3529/49/3529 3533/53/3533
f 3533/5/3533 3531/23/3531 3532/7/3532
f 3534/36/3534 3533/53/3533 3532/51/3532
f 3535/29/3535 3537/23/3537 3540/36/3540
f 3536/3/3536 3537/23/3537 3538/7/3538
f 3536/30/3536 3540/36/3540 3537/23/3537
f 3536/40/3536 3538/51/3538 3540/36/3540
f 3535/4/3535 3539/5/3539 3537/23/3537
f 3540/36/3540 3539/53/3539 3535/49/3535
f 3539/5/3539 3538/7/3538 3537/23/3537
f 3540/36/3540 3538/51/3538 3539/53/3539
f 3541/29/3541 3543/23/3543 3546/36/3546
f 3542/3/3542 3543/23/3543 3544/7/3544
f 3542/30/3542 3546/36/3546 3543/23/3543
f 3542/40/3542 3544/51/3544 3546/36/3546
f 3541/4/3541 3545/5/3545 3543/23/3543
f 3546/36/3546 3545/53/3545 3541/50/3541
f 3545/5/3545 3544/7/3544 3543/23/3543
f 3546/36/3546 3544/51/3544 3545/53/3545
f 3547/29/3547 3549/23/3549 3552/36/3552
f 3548/3/3548 3549/23/3549 3550/7/3550
f 3548/30/3548 3552/36/3552 3549/23/3549
f 3548/40/3548 3550/51/3550 3552/36/3552
f 3547/4/3547 3551/5/3551 3549/23/3549
f 3552/36/3552 3551/53/3551 3547/49/3547
f 3551/5/3551 3550/7/3550 3549/23/3549
f 3552/36/3552 3550/51/3550 3551/53/3551
f 3553/29/3553 3555/23/3555 3558/36/3558
f 3554/3/3554 3555/23/3555 3556/7/3556
f 3554/30/3554 3558/36/3558 3555/23/3555
f 3554/40/3554 3556/51/3556 3558/36/3558
f 3553/4/3553 3557/5/3557 3555/23/3555
f 3558/36/3558 3557/53/3557 3553/49/3553
f 3557/5/3557 3556/7/3556 3555/23/3555
f 3558/36/3558 3556/51/3556 3557/53/3557
f 3559/29/3559 3561/23/3561 3564/36/3564
f 3560/3/3560 3561/23/3561 3562/7/3562
f 3560/30/3560 3564/36/3564 3561/23/3561
f 3560/40/3560 3562/51/3562 3564/36/3564
f 3559/4/3559 3563/5/3563 3561/23/3561
f 3564/36/3564 3563/53/3563 3559/49/3559
f 3563/5/3563 3562/7/3562 3561/23/3561
f 3564/36/3564 3562/51/3562 3563/53/3563
f 3565/29/3565 3567/23/3567 3570/36/3570
f 3566/3/3566 3567/23/3567 3568/7/3568
f 3566/30/3566 3570/36/3570 3567/23/3567
f 3566/40/3566 3568/51/3568 3570/36/3570
f 3565/4/3565 3569/5/3569 3567/23/3567
f 3570/36/3570 3569/53/3569 3565/50/3565
f 3569/5/3569 3568/7/3568 3567/23/3567
f 3570/36/3570 3568/51/3568 3569/53/3569
f 3571/29/3571 3573/23/3573 3576/36/3576
f 3572/3/3572 3573/23/3573 3574/7/3574
f 3572/30/3572 3576/36/3576 3573/23/3573
f 3572/40/3572 3574/51/3574 3576/36/3576
f 3571/4/3571 3575/5/3575 3573/23/3573
f 3576/36/3576 3575/53/3575 3571/50/3571
f 3575/5/3575 3574/7/3574 3573/23/3573
f 3576/36/3576 3574/51/3574 3575/53/3575
f 3577/29/3577 3579/23/3579 3582/36/3582
f 3578/3/3578 3579/23/3579 3580/7/3580
f 3578/30/3578 3582/36/3582 3579/23/3579
f 3578/40/3578 3580/51/3580 3582/36/3582
f 3577/4/3577 3581/5/3581 3579/23/3579
f 3582/36/3582 3581/53/3581 3577/50/3577
f 3581/5/3581 3580/7/3580 3579/23/3579
f 3582/36/3582 3580/51/3580 3581/53/3581
f 3583/29/3583 3585/23/3585 3588/36/3588
f 3584/3/3584 3585/23/3585 3586/7/3586
f 3584/30/3584 3588/36/3588 3585/23/3585
f 3584/40/3584 3586/51/3586 3588/36/3588
f 3583/4/3583 3587/5/3587 3585/23/3585
f 3588/36/3588 3587/53/3587 3583/49/3583
f 3587/5/3587 3586/7/3586 3585/23/3585
f 3588/36/3588 3586/51/3586 3587/53/3587
f 3589/29/3589 3591/23/3591 3594/36/3594
f 3590/3/3590 3591/23/3591 3592/7/3592
f 3590/30/3590 3594/36/3594 3591/23/3591
f 3590/40/3590 3592/51/3592 3594/36/3594
f 3589/4/3589 3593/5/3593 3591/23/3591
f 3594/36/3594 3593/53/3593 3589/49/3589
f 3593/5/3593 3592/7/3592 3591/23/3591
f 3594/36/3594 3592/51/3592 3593/53/3593
f 3595/29/3595 3597/23/3597 3600/36/3600
f 3596/3/3596 3597/23/3597 3598/7/3598
f 3596/30/3596 3600/36/3600 3597/23/3597
f 3596/40/3596 3598/51/3598 3600/36/3600
f 3595/4/3595 3599/5/3599 3597/23/3597
f 3600/36/3600 3599/53/3599 3595/50/3595
f 3599/5/3599 3598/7/3598 3597/23/3597
f 3600/36/3600 3598/51/3598 3599/53/3599
f 3601/29/3601 3603/23/3603 3606/36/3606
f 3602/3/3602 3603/23/3603 3604/7/3604
f 3602/30/3602 3606/36/3606 3603/23/3603
f 3602/40/3602 3604/51/3604 3606/36/3606
f 3601/4/3601 3605/5/3605 3603/23/3603
f 3606/36/3606 3605/53/3605 3601/50/3601
f 3605/5/3605 3604/7/3604 3603/23/3603
f 3606/36/3606 3604/51/3604 3605/53/3605
f 3607/29/3607 3609/23/3609 3612/36/3612
f 3608/3/3608 3609/23/3609 3610/7/3610
f 3608/30/3608 3612/36/3612 3609/23/3609
f 3608/40/3608 3610/51/3610 3612/36/3612
f 3607/4/3607 3611/5/3611 3609/23/3609
f 3612/36/3612 3611/53/3611 3607/49/3607
f 3611/5/3611 3610/7/3610 3609/23/3609
f 3612/36/3612 3610/51/3610 3611/53/3611
f 3613/29/3613 3615/23/3615 3618/36/3618
f 3614/3/3614 3615/23/3615 3616/7/3616
f 3614/30/3614 3618/36/3618 3615/23/3615
f 3614/40/3614 3616/51/3616 3618/36/3618
f 3613/4/3613 3617/5/3617 3615/23/3615
f 3618/36/3618 3617/53/3617 3613/49/3613
f 3617/5/3617 3616/7/3616 3615/23/3615
f 3618/36/3618 3616/51/3616 3617/53/3617
f 3619/29/3619 3624/36/3624 3621/23/3621
f 3620/3/3620 3622/7/3622 3621/23/3621
f 3620/30/3620 3621/23/3621 3624/36/3624
f 3620/40/3620 3624/36/3624 3622/51/3622
f 3619/4/3619 3621/23/3621 3623/5/3623
f 3624/36/3624 3619/50/3619 3623/53/3623
f 3623/5/3623 3621/23/3621 3622/7/3622
f 3624/36/3624 3623/53/3623 3622/51/3622
f 3625/29/3625 3627/23/3627 3630/36/3630
f 3626/3/3626 3627/23/3627 3628/7/3628
f 3626/30/3626 3630/36/3630 3627/23/3627
f 3626/40/3626 3628/51/3628 3630/36/3630
f 3625/4/3625 3629/5/3629 3627/23/3627
f 3630/36/3630 3629/53/3629 3625/50/3625
f 3629/5/3629 3628/7/3628 3627/23/3627
f 3630/36/3630 3628/51/3628 3629/53/3629
f 3631/29/3631 3633/23/3633 3636/36/3636
f 3632/3/3632 3633/23/3633 3634/7/3634
f 3632/30/3632 3636/36/3636 3633/23/3633
f 3632/40/3632 3634/51/3634 3636/36/3636
f 3631/4/3631 3635/5/3635 3633/23/3633
f 3636/36/3636 3635/53/3635 3631/50/3631
f 3635/5/3635 3634/7/3634 3633/23/3633
f 3636/36/3636 3634/51/3634 3635/53/3635
f 3637/29/3637 3639/23/3639 3642/36/3642
f 3638/3/3638 3639/23/3639 3640/7/3640
f 3638/30/3638 3642/36/3642 3639/23/3639
f 3638/40/3638 3640/51/3640 3642/36/3642
f 3637/4/3637 3641/5/3641 3639/23/3639
f 3642/36/3642 3641/53/3641 3637/49/3637
f 3641/5/3641 3640/7/3640 3639/23/3639
f 3642/36/3642 3640/51/3640 3641/53/3641
f 3643/29/3643 3645/23/3645 3648/36/3648
f 3644/3/3644 3645/23/3645 3646/7/3646
f 3644/30/3644 3648/36/3648 3645/23/3645
f 3644/40/3644 3646/51/3646 3648/36/3648
f 3643/4/3643 3647/5/3647 3645/23/3645
f 3648/36/3648 3647/53/3647 3643/49/3643
f 3647/5/3647 3646/7/3646 3645/23/3645
f 3648/36/3648 3646/51/3646 3647/53/3647
f 3649/29/3649 3651/23/3651 3654/36/3654
f 3650/3/3650 3651/23/3651 3652/7/3652
f 3650/30/3650 3654/36/3654 3651/23/3651
f 3650/40/3650 3652/51/3652 3654/36/3654
f 3649/4/3649 3653/5/3653 3651/23/3651
f 3654/36/3654 3653/53/3653 3649/49/3649
f 3653/5/3653 3652/7/3652 3651/23/3651
f 3654/36/3654 3652/51/3652 3653/53/3653
f 3655/29/3655 3657/23/3657 3660/36/3660
f 3656/3/3656 3657/23/3657 3658/7/3658
f 3656/30/3656 3660/36/3660 3657/23/3657
f 3656/40/3656 3658/51/3658 3660/36/3660
f 3655/4/3655 3659/5/3659 3657/23/3657
f 3660/36/3660 3659/53/3659 3655/49/3655
f 3659/5/3659 3658/7/3658 3657/23/3657
f 3660/36/3660 3658/51/3658 3659/53/3659
f 3661/29/3661 3663/23/3663 3666/36/3666
f 3662/3/3662 3663/23/3663 3664/7/3664
f 3662/30/3662 3666/36/3666 3663/23/3663
f 3662/40/3662 3664/51/3664 3666/36/3666
f 3661/4/3661 3665/5/3665 3663/23/3663
f 3666/36/3666 3665/53/3665 3661/49/3661
f 3665/5/3665 3664/7/3664 3663/23/3663
f 3666/36/3666 3664/51/3664 3665/53/3665
f 3667/29/3667 3672/36/3672 3669/23/3669
f 3668/3/3668 3670/7/3670 3669/23/3669
f 3668/30/3668 3669/23/3669 3672/36/3672
f 3668/40/3668 3672/36/3672 3670/51/3670
f 3667/4/3667 3669/23/3669 3671/5/3671
f 3672/36/3672 3667/50/3667 3671/53/3671
f 3671/5/3671 3669/23/3669 3670/7/3670
f 3672/36/3672 3671/53/3671 3670/51/3670
f 3673/29/3673 3675/23/3675 3678/36/3678
f 3674/3/3674 3675/23/3675 3676/7/3676
f 3674/30/3674 3678/36/3678 3675/23/3675
f 3674/40/3674 3676/51/3676 3678/36/3678
f 3673/4/3673 3677/5/3677 3675/23/3675
f 3678/36/3678 3677/53/3677 3673/50/3673
f 3677/5/3677 3676/7/3676 3675/23/3675
f 3678/36/3678 3676/51/3676 3677/53/3677
f 3679/29/3679 3681/23/3681 3684/36/3684
f 3680/3/3680 3681/23/3681 3682/7/3682
f 3680/30/3680 3684/36/3684 3681/23/3681
f 3680/40/3680 3682/51/3682 3684/36/3684
f 3679/4/3679 3683/5/3683 3681/23/3681
f 3684/36/3684 3683/53/3683 3679/50/3679
f 3683/5/3683 3682/7/3682 3681/23/3681
f 3684/36/3684 3682/51/3682 3683/53/3683
f 3685/29/3685 3690/36/3690 3687/23/3687
f 3686/3/3686 3688/7/3688 3687/23/3687
f 3686/30/3686 3687/23/3687 3690/36/3690
f 3686/40/3686 3690/36/3690 3688/51/3688
f 3685/4/3685 3687/23/3687 3689/5/3689
f 3690/36/3690 3685/49/3685 3689/53/3689
f 3689/5/3689 3687/23/3687 3688/7/3688
f 3690/36/3690 3689/53/3689 3688/51/3688
f 3691/29/3691 3696/36/3696 3693/23/3693
f 3692/3/3692 3694/7/3694 3693/23/3693
f 3692/30/3692 3693/23/3693 3696/36/3696
f 3692/40/3692 3696/36/3696 3694/51/3694
f 3691/4/3691 3693/23/3693 3695/5/3695
f 3696/36/3696 3691/50/3691 3695/53/3695
f 3695/5/3695 3693/23/3693 3694/7/3694
f 3696/36/3696 3695/53/3695 3694/51/3694
f 3697/29/3697 3699/23/3699 3702/36/3702
f 3698/3/3698 3699/23/3699 3700/7/3700
f 3698/30/3698 3702/36/3702 3699/23/3699
f 3698/40/3698 3700/51/3700 3702/36/3702
f 3697/4/3697 3701/5/3701 3699/23/3699
f 3702/36/3702 3701/53/3701 3697/50/3697
f 3701/5/3701 3700/7/3700 3699/23/3699
f 3702/36/3702 3700/51/3700 3701/53/3701
f 3703/29/3703 3705/23/3705 3708/36/3708
f 3704/3/3704 3705/23/3705 3706/7/3706
f 3704/30/3704 3708/36/3708 3705/23/3705
f 3704/40/3704 3706/51/3706 3708/36/3708
f 3703/4/3703 3707/5/3707 3705/23/3705
f 3708/36/3708 3707/53/3707 3703/50/3703
f 3707/5/3707 3706/7/3706 3705/23/3705
f 3708/36/3708 3706/51/3706 3707/53/3707
f 3709/29/3709 3711/23/3711 3714/36/3714
f 3710/3/3710 3711/23/3711 3712/7/3712
f 3710/30/3710 3714/36/3714 3711/23/3711
f 3710/40/3710 3712/51/3712 3714/36/3714
f 3709/4/3709 3713/5/3713 3711/23/3711
f 3714/36/3714 3713/53/3713 3709/50/3709
f 3713/5/3713 3712/7/3712 3711/23/3711
f 3714/36/3714 3712/51/3712 3713/53/3713
f 3715/29/3715 3720/36/3720 3717/23/3717
f 3716/3/3716 3718/7/3718 3717/23/3717
f 3716/30/3716 3717/23/3717 3720/36/3720
f 3716/40/3716 3720/36/3720 3718/51/3718
f 3715/4/3715 3717/23/3717 3719/5/3719
f 3720/36/3720 3715/50/3715 3719/53/3719
f 3719/5/3719 3717/23/3717 3718/7/3718
f 3720/36/3720 3719/53/3719 3718/51/3718
f 3721/29/3721 3726/36/3726 3723/23/3723
f 3722/3/3722 3724/7/3724 3723/23/3723
f 3722/30/3722 3723/23/3723 3726/36/3726
f 3722/40/3722 3726/36/3726 3724/51/3724
f 3721/4/3721 3723/23/3723 3725/5/3725
f 3726/36/3726 3721/50/3721 3725/53/3725
f 3725/5/3725 3723/23/3723 3724/7/3724
f 3726/36/3726 3725/53/3725 3724/51/3724
f 3727/29/3727 3729/23/3729 3732/36/3732
f 3728/3/3728 3729/23/3729 3730/7/3730
f 3728/30/3728 3732/36/3732 3729/23/3729
f 3728/40/3728 3730/51/3730 3732/36/3732
f 3727/4/3727 3731/5/3731 3729/23/3729
f 3732/36/3732 3731/53/3731 3727/50/3727
f 3731/5/3731 3730/7/3730 3729/23/3729
f 3732/36/3732 3730/51/3730 3731/53/3731
f 3733/29/3733 3735/23/3735 3738/36/3738
f 3734/3/3734 3735/23/3735 3736/7/3736
f 3734/30/3734 3738/36/3738 3735/23/3735
f 3734/40/3734 3736/51/3736 3738/36/3738
f 3733/4/3733 3737/5/3737 3735/23/3735
f 3738/36/3738 3737/53/3737 3733/50/3733
f 3737/5/3737 3736/7/3736 3735/23/3735
f 3738/36/3738 3736/51/3736 3737/53/3737
f 3739/29/3739 3741/23/3741 3744/36/3744
f 3740/3/3740 3741/23/3741 3742/7/3742
f 3740/30/3740 3744/36/3744 3741/23/3741
f 3740/40/3740 3742/51/3742 3744/36/3744
f 3739/4/3739 3743/5/3743 3741/23/3741
f 3744/36/3744 3743/53/3743 3739/50/3739
f 3743/5/3743 3742/7/3742 3741/23/3741
f 3744/36/3744 3742/51/3742 3743/53/3743
f 3745/29/3745 3747/23/3747 3750/36/3750
f 3746/3/3746 3747/23/3747 3748/7/3748
f 3746/30/3746 3750/36/3750 3747/23/3747
f 3746/40/3746 3748/51/3748 3750/36/3750
f 3745/4/3745 3749/5/3749 3747/23/3747
f 3750/36/3750 3749/53/3749 3745/50/3745
f 3749/5/3749 3748/7/3748 3747/23/3747
f 3750/36/3750 3748/51/3748 3749/53/3749
f 3751/29/3751 3753/23/3753 3756/36/3756
f 3752/3/3752 3753/23/3753 3754/7/3754
f 3752/30/3752 3756/36/3756 3753/23/3753
f 3752/40/3752 3754/51/3754 3756/36/3756
f 3751/4/3751 3755/5/3755 3753/23/3753
f 3756/36/3756 3755/53/3755 3751/49/3751
f 3755/5/3755 3754/7/3754 3753/23/3753
f 3756/36/3756 3754/51/3754 3755/53/3755
f 3757/29/3757 3759/23/3759 3762/36/3762
f 3758/3/3758 3759/23/3759 3760/7/3760
f 3758/30/3758 3762/36/3762 3759/23/3759
f 3758/40/3758 3760/51/3760 3762/36/3762
f 3757/4/3757 3761/5/3761 3759/23/3759
f 3762/36/3762 3761/53/3761 3757/50/3757
f 3761/5/3761 3760/7/3760 3759/23/3759
f 3762/36/3762 3760/51/3760 3761/53/3761
f 3763/29/3763 3768/36/3768 3765/23/3765
f 3764/3/3764 3766/7/3766 3765/23/3765
f 3764/30/3764 3765/23/3765 3768/36/3768
f 3764/40/3764 3768/36/3768 3766/51/3766
f 3763/4/3763 3765/23/3765 3767/5/3767
f 3768/36/3768 3763/49/3763 3767/53/3767
f 3767/5/3767 3765/23/3765 3766/7/3766
f 3768/36/3768 3767/53/3767 3766/51/3766
f 3769/29/3769 3771/23/3771 3774/36/3774
f 3770/3/3770 3771/23/3771 3772/7/3772
f 3770/30/3770 3774/36/3774 3771/23/3771
f 3770/40/3770 3772/51/3772 3774/36/3774
f 3769/4/3769 3773/5/3773 3771/23/3771
f 3774/36/3774 3773/53/3773 3769/50/3769
f 3773/5/3773 3772/7/3772 3771/23/3771
f 3774/36/3774 3772/51/3772 3773/53/3773
f 3775/29/3775 3777/23/3777 3780/36/3780
f 3776/3/3776 3777/23/3777 3778/7/3778
f 3776/30/3776 3780/36/3780 3777/23/3777
f 3776/40/3776 3778/51/3778 3780/36/3780
f 3775/4/3775 3779/5/3779 3777/23/3777
f 3780/36/3780 3779/53/3779 3775/49/3775
f 3779/5/3779 3778/7/3778 3777/23/3777
f 3780/36/3780 3778/51/3778 3779/53/3779
f 3781/29/3781 3783/23/3783 3786/36/3786
f 3782/3/3782 3783/23/3783 3784/7/3784
f 3782/30/3782 3786/36/3786 3783/23/3783
f 3782/40/3782 3784/51/3784 3786/36/3786
f 3781/4/3781 3785/5/3785 3783/23/3783
f 3786/36/3786 3785/53/3785 3781/50/3781
f 3785/5/3785 3784/7/3784 3783/23/3783
f 3786/36/3786 3784/51/3784 3785/53/3785
f 3787/29/3787 3789/23/3789 3792/36/3792
f 3788/3/3788 3789/23/3789 3790/7/3790
f 3788/30/3788 3792/36/3792 3789/23/3789
f 3788/40/3788 3790/51/3790 3792/36/3792
f 3787/4/3787 3791/5/3791 3789/23/3789
f 3792/36/3792 3791/53/3791 3787/49/3787
f 3791/5/3791 3790/7/3790 3789/23/3789
f 3792/36/3792 3790/51/3790 3791/53/3791
f 3793/29/3793 3798/36/3798 3795/23/3795
f 3794/3/3794 3796/7/3796 3795/23/3795
f 3794/30/3794 3795/23/3795 3798/36/3798
f 3794/40/3794 3798/36/3798 3796/51/3796
f 3793/4/3793 3795/23/3795 3797/5/3797
f 3798/36/3798 3793/50/3793 3797/53/3797
f 3797/5/3797 3795/23/3795 3796/7/3796
f 3798/36/3798 3797/53/3797 3796/51/3796
f 3799/29/3799 3801/23/3801 3804/36/3804
f 3800/3/3800 3801/23/3801 3802/7/3802
f 3800/30/3800 3804/36/3804 3801/23/3801
f 3800/40/3800 3802/51/3802 3804/36/3804
f 3799/4/3799 3803/5/3803 3801/23/3801
f 3804/36/3804 3803/53/3803 3799/50/3799
f 3803/5/3803 3802/7/3802 3801/23/3801
f 3804/36/3804 3802/51/3802 3803/53/3803
f 3805/29/3805 3807/23/3807 3810/36/3810
f 3806/3/3806 3807/23/3807 3808/7/3808
f 3806/30/3806 3810/36/3810 3807/23/3807
f 3806/40/3806 3808/51/3808 3810/36/3810
f 3805/4/3805 3809/5/3809 3807/23/3807
f 3810/36/3810 3809/53/3809 3805/49/3805
f 3809/5/3809 3808/7/3808 3807/23/3807
f 3810/36/3810 3808/51/3808 3809/53/3809
f 3811/29/3811 3813/23/3813 3816/36/3816
f 3812/3/3812 3813/23/3813 3814/7/3814
f 3812/30/3812 3816/36/3816 3813/23/3813
f 3812/40/3812 3814/51/3814 3816/36/3816
f 3811/4/3811 3815/5/3815 3813/23/3813
f 3816/36/3816 3815/53/3815 3811/50/3811
f 3815/5/3815 3814/7/3814 3813/23/3813
f 3816/36/3816 3814/51/3814 3815/53/3815
f 3817/29/3817 3819/23/3819 3822/36/3822
f 3818/3/3818 3819/23/3819 3820/7/3820
f 3818/30/3818 3822/36/3822 3819/23/3819
f 3818/40/3818 3820/51/3820 3822/36/3822
f 3817/4/3817 3821/5/3821 3819/23/3819
f 3822/36/3822 3821/53/3821 3817/50/3817
f 3821/5/3821 3820/7/3820 3819/23/3819
f 3822/36/3822 3820/51/3820 3821/53/3821
f 3823/29/3823 3825/23/3825 3828/36/3828
f 3824/3/3824 3825/23/3825 3826/7/3826
f 3824/30/3824 3828/36/3828 3825/23/3825
f 3824/40/3824 3826/51/3826 3828/36/3828
f 3823/4/3823 3827/5/3827 3825/23/3825
f 3828/36/3828 3827/53/3827 3823/50/3823
f 3827/5/3827 3826/7/3826 3825/23/3825
f 3828/36/3828 3826/51/3826 3827/53/3827
f 3829/29/3829 3831/23/3831 3834/36/3834
f 3830/3/3830 3831/23/3831 3832/7/3832
f 3830/30/3830 3834/36/3834 3831/23/3831
f 3830/40/3830 3832/51/3832 3834/36/3834
f 3829/4/3829 3833/5/3833 3831/23/3831
f 3834/36/3834 3833/53/3833 3829/50/3829
f 3833/5/3833 3832/7/3832 3831/23/3831
f 3834/36/3834 3832/51/3832 3833/53/3833
f 3835/29/3835 3837/23/3837 3840/36/3840
f 3836/3/3836 3837/23/3837 3838/7/3838
f 3836/30/3836 3840/36/3840 3837/23/3837
f 3836/40/3836 3838/51/3838 3840/36/3840
f 3835/4/3835 3839/5/3839 3837/23/3837
f 3840/36/3840 3839/53/3839 3835/50/3835
f 3839/5/3839 3838/7/3838 3837/23/3837
f 3840/36/3840 3838/51/3838 3839/53/3839
f 3841/29/3841 3843/23/3843 3846/36/3846
f 3842/3/3842 3843/23/3843 3844/7/3844
f 3842/30/3842 3846/36/3846 3843/23/3843
f 3842/40/3842 3844/51/3844 3846/36/3846
f 3841/4/3841 3845/5/3845 3843/23/3843
f 3846/36/3846 3845/53/3845 3841/49/3841
f 3845/5/3845 3844/7/3844 3843/23/3843
f 3846/36/3846 3844/51/3844 3845/53/3845
f 3847/29/3847 3852/36/3852 3849/23/3849
f 3848/3/3848 3850/7/3850 3849/23/3849
f 3848/30/3848 3849/23/3849 3852/36/3852
f 3848/40/3848 3852/36/3852 3850/51/3850
f 3847/4/3847 3849/23/3849 3851/5/3851
f 3852/36/3852 3847/50/3847 3851/53/3851
f 3851/5/3851 3849/23/3849 3850/7/3850
f 3852/36/3852 3851/53/3851 3850/51/3850
f 3853/29/3853 3855/23/3855 3858/36/3858
f 3854/3/3854 3855/23/3855 3856/7/3856
f 3854/30/3854 3858/36/3858 3855/23/3855
f 3854/40/3854 3856/51/3856 3858/36/3858
f 3853/4/3853 3857/5/3857 3855/23/3855
f 3858/36/3858 3857/53/3857 3853/49/3853
f 3857/5/3857 3856/7/3856 3855/23/3855
f 3858/36/3858 3856/51/3856 3857/53/3857
f 3859/29/3859 3864/36/3864 3861/23/3861
f 3860/3/3860 3862/7/3862 3861/23/3861
f 3860/30/3860 3861/23/3861 3864/36/3864
f 3860/40/3860 3864/36/3864 3862/51/3862
f 3859/4/3859 3861/23/3861 3863/5/3863
f 3864/36/3864 3859/50/3859 3863/53/3863
f 3863/5/3863 3861/23/3861 3862/7/3862
f 3864/36/3864 3863/53/3863 3862/51/3862
f 3865/29/3865 3870/36/3870 3867/23/3867
f 3866/3/3866 3868/7/3868 3867/23/3867
f 3866/30/3866 3867/23/3867 3870/36/3870
f 3866/40/3866 3870/36/3870 3868/51/3868
f 3865/4/3865 3867/23/3867 3869/5/3869
f 3870/36/3870 3865/50/3865 3869/53/3869
f 3869/5/3869 3867/23/3867 3868/7/3868
f 3870/36/3870 3869/53/3869 3868/51/3868
f 3871/1/3871 3875/8/3875 3876/25/3876
f 3871/29/3871 3876/25/3876 3872/43/3872
f 3871/47/3871 3872/43/3872 3875/57/3875
f 3873/20/3873 3876/25/3876 3874/15/3874
f 3873/33/3873 3872/43/3872 3876/25/3876
f 3873/48/3873 3874/62/3874 3872/43/3872
f 3875/8/3875 3874/15/3874 3876/25/3876
f 3875/57/3875 3872/43/3872 3874/62/3874
f 3877/1/3877 3881/8/3881 3882/25/3882
f 3877/29/3877 3882/25/3882 3878/43/3878
f 3877/47/3877 3878/43/3878 3881/57/3881
f 3879/20/3879 3882/25/3882 3880/15/3880
f 3879/33/3879 3878/43/3878 3882/25/3882
f 3879/48/3879 3880/62/3880 3878/43/3878
f 3881/8/3881 3880/15/3880 3882/25/3882
f 3881/57/3881 3878/43/3878 3880/62/3880
f 3883/1/3883 3887/8/3887 3888/25/3888
f 3883/29/3883 3888/25/3888 3884/43/3884
f 3883/47/3883 3884/43/3884 3887/57/3887
f 3885/20/3885 3888/25/3888 3886/15/3886
f 3885/33/3885 3884/43/3884 3888/25/3888
f 3885/48/3885 3886/62/3886 3884/43/3884
f 3887/8/3887 3886/15/3886 3888/25/3888
f 3887/57/3887 3884/43/3884 3886/62/3886
f 3889/1/3889 3893/8/3893 3894/25/3894
f 3889/29/3889 3894/25/3894 3890/43/3890
f 3889/47/3889 3890/43/3890 3893/57/3893
f 3891/20/3891 3894/25/3894 3892/15/3892
f 3891/33/3891 3890/43/3890 3894/25/3894
f 3891/48/3891 3892/62/3892 3890/43/3890
f 3893/8/3893 3892/15/3892 3894/25/3894
f 3893/57/3893 3890/43/3890 3892/62/3892
f 3895/1/3895 3899/8/3899 3900/25/3900
f 3895/29/3895 3900/25/3900 3896/43/3896
f 3895/47/3895 3896/43/3896 3899/57/3899
f 3897/20/3897 3900/25/3900 3898/15/3898
f 3897/33/3897 3896/43/3896 3900/25/3900
f 3897/48/3897 3898/62/3898 3896/43/3896
f 3899/8/3899 3898/15/3898 3900/25/3900
f 3899/57/3899 3896/43/3896 3898/62/3898
f 3901/1/3901 3905/8/3905 3906/25/3906
f 3901/29/3901 3906/25/3906 3902/43/3902
f 3901/47/3901 3902/43/3902 3905/57/3905
f 3903/20/3903 3906/25/3906 3904/15/3904
f 3903/33/3903 3902/43/3902 3906/25/3906
f 3903/48/3903 3904/62/3904 3902/43/3902
f 3905/8/3905 3904/15/3904 3906/25/3906
f 3905/57/3905 3902/43/3902 3904/62/3904
f 3907/1/3907 3911/8/3911 3912/25/3912
f 3907/29/3907 3912/25/3912 3908/43/3908
f 3907/47/3907 3908/43/3908 3911/57/3911
f 3909/20/3909 3912/25/3912 3910/15/3910
f 3909/33/3909 3908/43/3908 3912/25/3912
f 3909/48/3909 3910/62/3910 3908/43/3908
f 3911/8/3911 3910/15/3910 3912/25/3912
f 3911/57/3911 3908/43/3908 3910/62/3910
f 3913/1/3913 3917/8/3917 3918/25/3918
f 3913/29/3913 3918/25/3918 3914/43/3914
f 3913/47/3913 3914/43/3914 3917/57/3917
f 3915/20/3915 3918/25/3918 3916/15/3916
f 3915/33/3915 3914/43/3914 3918/25/3918
f 3915/48/3915 3916/62/3916 3914/43/3914
f 3917/8/3917 3916/15/3916 3918/25/3918
f 3917/57/3917 3914/43/3914 3916/62/3916
f 3919/1/3919 3923/8/3923 3924/25/3924
f 3919/29/3919 3924/25/3924 3920/43/3920
f 3919/47/3919 3920/43/3920 3923/57/3923
f 3921/20/3921 3924/25/3924 3922/15/3922
f 3921/33/3921 3920/43/3920 3924/25/3924
f 3921/48/3921 3922/62/3922 3920/43/3920
f 3923/8/3923 3922/15/3922 3924/25/3924
f 3923/57/3923 3920/43/3920 3922/62/3922
f 3925/1/3925 3929/8/3929 3930/25/3930
f 3925/29/3925 3930/25/3930 3926/43/3926
f 3925/47/3925 3926/43/3926 3929/57/3929
f 3927/20/3927 3930/25/3930 3928/15/3928
f 3927/33/3927 3926/43/3926 3930/25/3930
f 3927/48/3927 3928/62/3928 3926/43/3926
f 3929/8/3929 3928/15/3928 3930/25/3930
f 3929/57/3929 3926/43/3926 3928/62/3928
f 3931/1/3931 3935/8/3935 3936/25/3936
f 3931/29/3931 3936/25/3936 3932/43/3932
f 3931/47/3931 3932/43/3932 3935/57/3935
f 3933/20/3933 3936/25/3936 3934/15/3934
f 3933/33/3933 3932/43/3932 3936/25/3936
f 3933/48/3933 3934/62/3934 3932/43/3932
f 3935/8/3935 3934/15/3934 3936/25/3936
f 3935/57/3935 3932/43/3932 3934/62/3934
f 3937/1/3937 3941/8/3941 3942/25/3942
f 3937/29/3937 3942/25/3942 3938/43/3938
f 3937/47/3937 3938/43/3938 3941/57/3941
f 3939/20/3939 3942/25/3942 3940/15/3940
f 3939/33/3939 3938/43/3938 3942/25/3942
f 3939/48/3939 3940/62/3940 3938/43/3938
f 3941/8/3941 3940/15/3940 3942/25/3942
f 3941/57/3941 3938/43/3938 3940/62/3940
f 3943/1/3943 3947/8/3947 3948/25/3948
f 3943/29/3943 3948/25/3948 3944/43/3944
f 3943/47/3943 3944/43/3944 3947/57/3947
f 3945/20/3945 3948/25/3948 3946/15/3946
f 3945/33/3945 3944/43/3944 3948/25/3948
f 3945/48/3945 3946/62/3946 3944/43/3944
f 3947/8/3947 3946/15/3946 3948/25/3948
f 3947/57/3947 3944/43/3944 3946/62/3946
f 3949/1/3949 3954/25/3954 3953/8/3953
f 3949/29/3949 3950/43/3950 3954/25/3954
f 3949/47/3949 3953/57/3953 3950/43/3950
f 3951/20/3951 3952/15/3952 3954/25/3954
f 3951/33/3951 3954/25/3954 3950/43/3950
f 3951/48/3951 3950/43/3950 3952/62/3952
f 3953/8/3953 3954/25/3954 3952/15/3952
f 3953/57/3953 3952/62/3952 3950/43/3950
f 3955/1/3955 3959/8/3959 3960/25/3960
f 3955/29/3955 3960/25/3960 3956/43/3956
f 3955/47/3955 3956/43/3956 3959/57/3959
f 3957/20/3957 3960/25/3960 3958/15/3958
f 3957/33/3957 3956/43/3956 3960/25/3960
f 3957/48/3957 3958/62/3958 3956/43/3956
f 3959/8/3959 3958/15/3958 3960/25/3960
f 3959/57/3959 3956/43/3956 3958/62/3958
f 3961/1/3961 3965/8/3965 3966/25/3966
f 3961/29/3961 3966/25/3966 3962/43/3962
f 3961/47/3961 3962/43/3962 3965/57/3965
f 3963/20/3963 3966/25/3966 3964/15/3964
f 3963/33/3963 3962/43/3962 3966/25/3966
f 3963/48/3963 3964/62/3964 3962/43/3962
f 3965/8/3965 3964/15/3964 3966/25/3966
f 3965/57/3965 3962/43/3962 3964/62/3964
f 3967/1/3967 3971/8/3971 3972/25/3972
f 3967/29/3967 3972/25/3972 3968/43/3968
f 3967/47/3967 3968/43/3968 3971/57/3971
f 3969/20/3969 3972/25/3972 3970/15/3970
f 3969/33/3969 3968/43/3968 3972/25/3972
f 3969/48/3969 3970/62/3970 3968/43/3968
f 3971/8/3971 3970/15/3970 3972/25/3972
f 3971/57/3971 3968/43/3968 3970/62/3970
f 3973/1/3973 3977/8/3977 3978/25/3978
f 3973/29/3973 3978/25/3978 3974/43/3974
f 3973/47/3973 3974/43/3974 3977/57/3977
f 3975/20/3975 3978/25/3978 3976/15/3976
f 3975/33/3975 3974/43/3974 3978/25/3978
f 3975/48/3975 3976/62/3976 3974/43/3974
f 3977/8/3977 3976/15/3976 3978/25/3978
f 3977/57/3977 3974/43/3974 3976/62/3976
f 3979/1/3979 3984/25/3984 3983/8/3983
f 3979/29/3979 3980/43/3980 3984/25/3984
f 3979/47/3979 3983/57/3983 3980/43/3980
f 3981/20/3981 3982/15/3982 3984/25/3984
f 3981/33/3981 3984/25/3984 3980/43/3980
f 3981/48/3981 3980/43/3980 3982/62/3982
f 3983/8/3983 3984/25/3984 3982/15/3982
f 3983/57/3983 3982/62/3982 3980/43/3980
f 3985/1/3985 3990/25/3990 3989/8/3989
f 3985/29/3985 3986/43/3986 3990/25/3990
f 3985/47/3985 3989/57/3989 3986/43/3986
f 3987/20/3987 3988/15/3988 3990/25/3990
f 3987/33/3987 3990/25/3990 3986/43/3986
f 3987/48/3987 3986/43/3986 3988/62/3988
f 3989/8/3989 3990/25/3990 3988/15/3988
f 3989/57/3989 3988/62/3988 3986/43/3986
f 3991/1/3991 3996/25/3996 3995/8/3995
f 3991/29/3991 3992/43/3992 3996/25/3996
f 3991/47/3991 3995/57/3995 3992/43/3992
f 3993/20/3993 3994/15/3994 3996/25/3996
f 3993/33/3993 3996/25/3996 3992/43/3992
f 3993/48/3993 3992/43/3992 3994/62/3994
f 3995/8/3995 3996/25/3996 3994/15/3994
f 3995/57/3995 3994/62/3994 3992/43/3992
f 3997/1/3997 4002/25/4002 4001/8/4001
f 3997/29/3997 3998/43/3998 4002/25/4002
f 3997/47/3997 4001/57/4001 3998/43/3998
f 3999/20/3999 4000/15/4000 4002/25/4002
f 3999/33/3999 4002/25/4002 3998/43/3998
f 3999/48/3999 3998/43/3998 4000/62/4000
f 4001/8/4001 4002/25/4002 4000/15/4000
f 4001/57/4001 4000/62/4000 3998/43/3998
f 4003/1/4003 4008/25/4008 4007/8/4007
f 4003/29/4003 4004/43/4004 4008/25/4008
f 4003/47/4003 4007/57/4007 4004/43/4004
f 4005/20/4005 4006/15/4006 4008/25/4008
f 4005/33/4005 4008/25/4008 4004/43/4004
f 4005/48/4005 4004/43/4004 4006/62/4006
f 4007/8/4007 4008/25/4008 4006/15/4006
f 4007/57/4007 4006/62/4006 4004/43/4004
f 4009/1/4009 4014/25/4014 4013/8/4013
f 4009/29/4009 4010/43/4010 4014/25/4014
f 4009/47/4009 4013/57/4013 4010/43/4010
f 4011/20/4011 4012/15/4012 4014/25/4014
f 4011/33/4011 4014/25/4014 4010/43/4010
f 4011/48/4011 4010/43/4010 4012/62/4012
f 4013/8/4013 4014/25/4014 4012/15/4012
f 4013/57/4013 4012/62/4012 4010/43/4010
f 4015/1/4015 4020/25/4020 4019/8/4019
f 4015/29/4015 4016/43/4016 4020/25/4020
f 4015/47/4015 4019/57/4019 4016/43/4016
f 4017/20/4017 4018/15/4018 4020/25/4020
f 4017/33/4017 4020/25/4020 4016/43/4016
f 4017/48/4017 4016/43/4016 4018/62/4018
f 4019/8/4019 4020/25/4020 4018/15/4018
f 4019/57/4019 4018/62/4018 4016/43/4016
f 4021/1/4021 4026/25/4026 4025/8/4025
f 4021/29/4021 4022/43/4022 4026/25/4026
f 4021/47/4021 4025/57/4025 4022/43/4022
f 4023/20/4023 4024/15/4024 4026/25/4026
f 4023/33/4023 4026/25/4026 4022/43/4022
f 4023/48/4023 4022/43/4022 4024/62/4024
f 4025/8/4025 4026/25/4026 4024/15/4024
f 4025/57/4025 4024/62/4024 4022/43/4022
f 4027/1/4027 4032/25/4032 4031/8/4031
f 4027/29/4027 4028/43/4028 4032/25/4032
f 4027/47/4027 4031/57/4031 4028/43/4028
f 4029/20/4029 4030/15/4030 4032/25/4032
f 4029/33/4029 4032/25/4032 4028/43/4028
f 4029/48/4029 4028/43/4028 4030/62/4030
f 4031/8/4031 4032/25/4032 4030/15/4030
f 4031/57/4031 4030/62/4030 4028/43/4028
f 4033/1/4033 4038/25/4038 4037/8/4037
f 4033/29/4033 4034/43/4034 4038/25/4038
f 4033/47/4033 4037/57/4037 4034/43/4034
f 4035/20/4035 4036/15/4036 4038/25/4038
f 4035/33/4035 4038/25/4038 4034/43/4034
f 4035/48/4035 4034/43/4034 4036/62/4036
f 4037/8/4037 4038/25/4038 4036/15/4036
f 4037/57/4037 4036/62/4036 4034/43/4034
f 4039/1/4039 4044/25/4044 4043/8/4043
f 4039/29/4039 4040/43/4040 4044/25/4044
f 4039/47/4039 4043/57/4043 4040/43/4040
f 4041/20/4041 4042/15/4042 4044/25/4044
f 4041/33/4041 4044/25/4044 4040/43/4040
f 4041/48/4041 4040/43/4040 4042/62/4042
f 4043/8/4043 4044/25/4044 4042/15/4042
f 4043/57/4043 4042/62/4042 4040/43/4040
f 4045/1/4045 4050/25/4050 4049/8/4049
f 4045/29/4045 4046/43/4046 4050/25/4050
f 4045/47/4045 4049/57/4049 4046/43/4046
f 4047/20/4047 4048/15/4048 4050/25/4050
f 4047/33/4047 4050/25/4050 4046/43/4046
f 4047/48/4047 4046/43/4046 4048/62/4048
f 4049/8/4049 4050/25/4050 4048/15/4048
f 4049/57/4049 4048/62/4048 4046/43/4046
f 4051/1/4051 4056/25/4056 4055/8/4055
f 4051/29/4051 4052/43/4052 4056/25/4056
f 4051/47/4051 4055/57/4055 4052/43/4052
f 4053/20/4053 4054/15/4054 4056/25/4056
f 4053/33/4053 4056/25/4056 4052/43/4052
f 4053/48/4053 4052/43/4052 4054/62/4054
f 4055/8/4055 4056/25/4056 4054/15/4054
f 4055/57/4055 4054/62/4054 4052/43/4052
f 4057/1/4057 4062/25/4062 4061/8/4061
f 4057/29/4057 4058/43/4058 4062/25/4062
f 4057/47/4057 4061/57/4061 4058/43/4058
f 4059/20/4059 4060/15/4060 4062/25/4062
f 4059/33/4059 4062/25/4062 4058/43/4058
f 4059/48/4059 4058/43/4058 4060/62/4060
f 4061/8/4061 4062/25/4062 4060/15/4060
f 4061/57/4061 4060/62/4060 4058/43/4058
f 4063/1/4063 4068/25/4068 4067/8/4067
f 4063/29/4063 4064/43/4064 4068/25/4068
f 4063/47/4063 4067/57/4067 4064/43/4064
f 4065/20/4065 4066/15/4066 4068/25/4068
f 4065/33/4065 4068/25/4068 4064/43/4064
f 4065/48/4065 4064/43/4064 4066/62/4066
f 4067/8/4067 4068/25/4068 4066/15/4066
f 4067/57/4067 4066/62/4066 4064/43/4064
f 4069/1/4069 4074/25/4074 4073/8/4073
f 4069/29/4069 4070/43/4070 4074/25/4074
f 4069/47/4069 4073/57/4073 4070/43/4070
f 4071/20/4071 4072/15/4072 4074/25/4074
f 4071/33/4071 4074/25/4074 4070/43/4070
f 4071/48/4071 4070/43/4070 4072/62/4072
f 4073/8/4073 4074/25/4074 4072/15/4072
f 4073/57/4073 4072/62/4072 4070/43/4070
f 4075/1/4075 4080/25/4080 4079/8/4079
f 4075/29/4075 4076/43/4076 4080/25/4080
f 4075/47/4075 4079/57/4079 4076/43/4076
f 4077/20/4077 4078/15/4078 4080/25/4080
f 4077/33/4077 4080/25/4080 4076/43/4076
f 4077/48/4077 4076/43/4076 4078/62/4078
f 4079/8/4079 4080/25/4080 4078/15/4078
f 4079/57/4079 4078/62/4078 4076/43/4076
f 4081/1/4081 4086/25/4086 4085/8/4085
f 4081/29/4081 4082/43/4082 4086/25/4086
f 4081/47/4081 4085/57/4085 4082/43/4082
f 4083/20/4083 4084/15/4084 4086/25/4086
f 4083/33/4083 4086/25/4086 4082/43/4082
f 4083/48/4083 4082/43/4082 4084/62/4084
f 4085/8/4085 4086/25/4086 4084/15/4084
f 4085/57/4085 4084/62/4084 4082/43/4082
f 4087/1/4087 4092/25/4092 4091/8/4091
f 4087/29/4087 4088/43/4088 4092/25/4092
f 4087/47/4087 4091/57/4091 4088/43/4088
f 4089/20/4089 4090/15/4090 4092/25/4092
f 4089/33/4089 4092/25/4092 4088/43/4088
f 4089/48/4089 4088/43/4088 4090/62/4090
f 4091/8/4091 4092/25/4092 4090/15/4090
f 4091/57/4091 4090/62/4090 4088/43/4088
f 4093/1/4093 4098/25/4098 4097/8/4097
f 4093/29/4093 4094/43/4094 4098/25/4098
f 4093/47/4093 4097/57/4097 4094/43/4094
f 4095/20/4095 4096/15/4096 4098/25/4098
f 4095/33/4095 4098/25/4098 4094/43/4094
f 4095/48/4095 4094/43/4094 4096/62/4096
f 4097/8/4097 4098/25/4098 4096/15/4096
f 4097/57/4097 4096/62/4096 4094/43/4094
f 4099/1/4099 4104/25/4104 4103/8/4103
f 4099/29/4099 4100/43/4100 4104/25/4104
f 4099/47/4099 4103/57/4103 4100/43/4100
f 4101/20/4101 4102/15/4102 4104/25/4104
f 4101/33/4101 4104/25/4104 4100/43/4100
f 4101/48/4101 4100/43/4100 4102/62/4102
f 4103/8/4103 4104/25/4104 4102/15/4102
f 4103/57/4103 4102/62/4102 4100/43/4100
f 4105/1/4105 4110/25/4110 4109/8/4109
f 4105/29/4105 4106/43/4106 4110/25/4110
f 4105/47/4105 4109/57/4109 4106/43/4106
f 4107/20/4107 4108/15/4108 4110/25/4110
f 4107/33/4107 4110/25/4110 4106/43/4106
f 4107/48/4107 4106/43/4106 4108/62/4108
f 4109/8/4109 4110/25/4110 4108/15/4108
f 4109/57/4109 4108/62/4108 4106/43/4106
f 4111/1/4111 4116/25/4116 4115/8/4115
f 4111/29/4111 4112/43/4112 4116/25/4116
f 4111/47/4111 4115/57/4115 4112/43/4112
f 4113/20/4113 4114/15/4114 4116/25/4116
f 4113/33/4113 4116/25/4116 4112/43/4112
f 4113/48/4113 4112/43/4112 4114/62/4114
f 4115/8/4115 4116/25/4116 4114/15/4114
f 4115/57/4115 4114/62/4114 4112/43/4112
f 4117/1/4117 4122/25/4122 4121/8/4121
f 4117/29/4117 4118/43/4118 4122/25/4122
f 4117/47/4117 4121/57/4121 4118/43/4118
f 4119/20/4119 4120/15/4120 4122/25/4122
f 4119/33/4119 4122/25/4122 4118/43/4118
f 4119/48/4119 4118/43/4118 4120/62/4120
f 4121/8/4121 4122/25/4122 4120/15/4120
f 4121/57/4121 4120/62/4120 4118/43/4118
f 4123/1/4123 4128/25/4128 4127/8/4127
f 4123/29/4123 4124/43/4124 4128/25/4128
f 4123/47/4123 4127/57/4127 4124/43/4124
f 4125/20/4125 4126/15/4126 4128/25/4128
f 4125/33/4125 4128/25/4128 4124/43/4124
f 4125/48/4125 4124/43/4124 4126/62/4126
f 4127/8/4127 4128/25/4128 4126/15/4126
f 4127/57/4127 4126/62/4126 4124/43/4124
f 4129/1/4129 4134/25/4134 4133/8/4133
f 4129/29/4129 4130/43/4130 4134/25/4134
f 4129/47/4129 4133/57/4133 4130/43/4130
f 4131/20/4131 4132/15/4132 4134/25/4134
f 4131/33/4131 4134/25/4134 4130/43/4130
f 4131/48/4131 4130/43/4130 4132/62/4132
f 4133/8/4133 4134/25/4134 4132/15/4132
f 4133/57/4133 4132/62/4132 4130/43/4130
f 4135/1/4135 4140/25/4140 4139/8/4139
f 4135/29/4135 4136/43/4136 4140/25/4140
f 4135/47/4135 4139/57/4139 4136/43/4136
f 4137/20/4137 4138/15/4138 4140/25/4140
f 4137/33/4137 4140/25/4140 4136/43/4136
f 4137/48/4137 4136/43/4136 4138/62/4138
f 4139/8/4139 4140/25/4140 4138/15/4138
f 4139/57/4139 4138/62/4138 4136/43/4136
f 4141/1/4141 4146/25/4146 4145/8/4145
f 4141/29/4141 4142/43/4142 4146/25/4146
f 4141/47/4141 4145/57/4145 4142/43/4142
f 4143/20/4143 4144/15/4144 4146/25/4146
f 4143/33/4143 4146/25/4146 4142/43/4142
f 4143/48/4143 4142/43/4142 4144/62/4144
f 4145/8/4145 4146/25/4146 4144/15/4144
f 4145/57/4145 4144/62/4144 4142/43/4142
f 4147/1/4147 4152/25/4152 4151/8/4151
f 4147/29/4147 4148/43/4148 4152/25/4152
f 4147/47/4147 4151/57/4151 4148/43/4148
f 4149/20/4149 4150/15/4150 4152/25/4152
f 4149/33/4149 4152/25/4152 4148/43/4148
f 4149/48/4149 4148/43/4148 4150/62/4150
f 4151/8/4151 4152/25/4152 4150/15/4150
f 4151/57/4151 4150/62/4150 4148/43/4148
f 4153/1/4153 4158/25/4158 4157/8/4157
f 4153/29/4153 4154/43/4154 4158/25/4158
f 4153/47/4153 4157/57/4157 4154/43/4154
f 4155/20/4155 4156/15/4156 4158/25/4158
f 4155/33/4155 4158/25/4158 4154/43/4154
f 4155/48/4155 4154/43/4154 4156/62/4156
f 4157/8/4157 4158/25/4158 4156/15/4156
f 4157/57/4157 4156/62/4156 4154/43/4154
f 4159/1/4159 4164/25/4164 4163/8/4163
f 4159/29/4159 4160/43/4160 4164/25/4164
f 4159/47/4159 4163/57/4163 4160/43/4160
f 4161/20/4161 4162/15/4162 4164/25/4164
f 4161/33/4161 4164/25/4164 4160/43/4160
f 4161/48/4161 4160/43/4160 4162/62/4162
f 4163/8/4163 4164/25/4164 4162/15/4162
f 4163/57/4163 4162/62/4162 4160/43/4160
f 4165/1/4165 4170/25/4170 4169/8/4169
f 4165/29/4165 4166/43/4166 4170/25/4170
f 4165/47/4165 4169/57/4169 4166/43/4166
f 4167/20/4167 4168/15/4168 4170/25/4170
f 4167/33/4167 4170/25/4170 4166/43/4166
f 4167/48/4167 4166/43/4166 4168/62/4168
f 4169/8/4169 4170/25/4170 4168/15/4168
f 4169/57/4169 4168/62/4168 4166/43/4166
f 4171/1/4171 4176/25/4176 4175/8/4175
f 4171/29/4171 4172/43/4172 4176/25/4176
f 4171/47/4171 4175/57/4175 4172/43/4172
f 4173/20/4173 4174/15/4174 4176/25/4176
f 4173/33/4173 4176/25/4176 4172/43/4172
f 4173/48/4173 4172/43/4172 4174/62/4174
f 4175/8/4175 4176/25/4176 4174/15/4174
f 4175/57/4175 4174/62/4174 4172/43/4172
f 4177/1/4177 4182/25/4182 4181/8/4181
f 4177/29/4177 4178/43/4178 4182/25/4182
f 4177/47/4177 4181/57/4181 4178/43/4178
f 4179/20/4179 4180/15/4180 4182/25/4182
f 4179/33/4179 4182/25/4182 4178/43/4178
f 4179/48/4179 4178/43/4178 4180/62/4180
f 4181/8/4181 4182/25/4182 4180/15/4180
f 4181/57/4181 4180/62/4180 4178/43/4178
f 4183/1/4183 4188/25/4188 4187/8/4187
f 4183/29/4183 4184/43/4184 4188/25/4188
f 4183/47/4183 4187/57/4187 4184/43/4184
f 4185/20/4185 4186/15/4186 4188/25/4188
f 4185/33/4185 4188/25/4188 4184/43/4184
f 4185/48/4185 4184/43/4184 4186/62/4186
f 4187/8/4187 4188/25/4188 4186/15/4186
f 4187/57/4187 4186/62/4186 4184/43/4184
f 4189/1/4189 4193/8/4193 4194/25/4194
f 4189/29/4189 4194/25/4194 4190/43/4190
f 4189/47/4189 4190/43/4190 4193/57/4193
f 4191/20/4191 4194/25/4194 4192/15/4192
f 4191/33/4191 4190/43/4190 4194/25/4194
f 4191/48/4191 4192/62/4192 4190/43/4190
f 4193/8/4193 4192/15/4192 4194/25/4194
f 4193/57/4193 4190/43/4190 4192/62/4192
f 4195/1/4195 4199/8/4199 4200/25/4200
f 4195/29/4195 4200/25/4200 4196/43/4196
f 4195/47/4195 4196/43/4196 4199/57/4199
f 4197/20/4197 4200/25/4200 4198/15/4198
f 4197/33/4197 4196/43/4196 4200/25/4200
f 4197/48/4197 4198/62/4198 4196/43/4196
f 4199/8/4199 4198/15/4198 4200/25/4200
f 4199/57/4199 4196/43/4196 4198/62/4198
f 4201/1/4201 4205/8/4205 4206/25/4206
f 4201/29/4201 4206/25/4206 4202/43/4202
f 4201/47/4201 4202/43/4202 4205/57/4205
f 4203/20/4203 4206/25/4206 4204/15/4204
f 4203/33/4203 4202/43/4202 4206/25/4206
f 4203/48/4203 4204/62/4204 4202/43/4202
f 4205/8/4205 4204/15/4204 4206/25/4206
f 4205/57/4205 4202/43/4202 4204/62/4204
f 4207/1/4207 4211/8/4211 4212/25/4212
f 4207/29/4207 4212/25/4212 4208/43/4208
f 4207/47/4207 4208/43/4208 4211/57/4211
f 4209/20/4209 4212/25/4212 4210/15/4210
f 4209/33/4209 4208/43/4208 4212/25/4212
f 4209/48/4209 4210/62/4210 4208/43/4208
f 4211/8/4211 4210/15/4210 4212/25/4212
f 4211/57/4211 4208/43/4208 4210/62/4210
f 4213/1/4213 4217/8/4217 4218/25/4218
f 4213/29/4213 4218/25/4218 4214/43/4214
f 4213/47/4213 4214/43/4214 4217/57/4217
f 4215/20/4215 4218/25/4218 4216/15/4216
f 4215/33/4215 4214/43/4214 4218/25/4218
f 4215/48/4215 4216/62/4216 4214/43/4214
f 4217/8/4217 4216/15/4216 4218/25/4218
f 4217/57/4217 4214/43/4214 4216/62/4216
f 4219/1/4219 4223/8/4223 4224/25/4224
f 4219/29/4219 4224/25/4224 4220/43/4220
f 4219/47/4219 4220/43/4220 4223/57/4223
f 4221/20/4221 4224/25/4224 4222/15/4222
f 4221/33/4221 4220/43/4220 4224/25/4224
f 4221/48/4221 4222/62/4222 4220/43/4220
f 4223/8/4223 4222/15/4222 4224/25/4224
f 4223/57/4223 4220/43/4220 4222/62/4222
f 4225/1/4225 4229/8/4229 4230/25/4230
f 4225/29/4225 4230/25/4230 4226/43/4226
f 4225/47/4225 4226/43/4226 4229/57/4229
f 4227/20/4227 4230/25/4230 4228/15/4228
f 4227/33/4227 4226/43/4226 4230/25/4230
f 4227/48/4227 4228/62/4228 4226/43/4226
f 4229/8/4229 4228/15/4228 4230/25/4230
f 4229/57/4229 4226/43/4226 4228/62/4228
f 4231/1/4231 4235/8/4235 4236/25/4236
f 4231/29/4231 4236/25/4236 4232/43/4232
f 4231/47/4231 4232/43/4232 4235/57/4235
f 4233/20/4233 4236/25/4236 4234/15/4234
f 4233/33/4233 4232/43/4232 4236/25/4236
f 4233/48/4233 4234/62/4234 4232/43/4232
f 4235/8/4235 4234/15/4234 4236/25/4236
f 4235/57/4235 4232/43/4232 4234/62/4234
f 4237/1/4237 4241/8/4241 4242/25/4242
f 4237/29/4237 4242/25/4242 4238/43/4238
f 4237/47/4237 4238/43/4238 4241/57/4241
f 4239/20/4239 4242/25/4242 4240/15/4240
f 4239/33/4239 4238/43/4238 4242/25/4242
f 4239/48/4239 4240/62/4240 4238/43/4238
f 4241/8/4241 4240/15/4240 4242/25/4242
f 4241/57/4241 4238/43/4238 4240/62/4240
f 4243/1/4243 4247/8/4247 4248/25/4248
f 4243/29/4243 4248/25/4248 4244/43/4244
f 4243/47/4243 4244/43/4244 4247/57/4247
f 4245/20/4245 4248/25/4248 4246/15/4246
f 4245/33/4245 4244/43/4244 4248/25/4248
f 4245/48/4245 4246/62/4246 4244/43/4244
f 4247/8/4247 4246/15/4246 4248/25/4248
f 4247/57/4247 4244/43/4244 4246/62/4246
f 4249/1/4249 4253/8/4253 4254/25/4254
f 4249/29/4249 4254/25/4254 4250/43/4250
f 4249/47/4249 4250/43/4250 4253/57/4253
f 4251/20/4251 4254/25/4254 4252/15/4252
f 4251/33/4251 4250/43/4250 4254/25/4254
f 4251/48/4251 4252/62/4252 4250/43/4250
f 4253/8/4253 4252/15/4252 4254/25/4254
f 4253/57/4253 4250/43/4250 4252/62/4252
f 4255/1/4255 4259/8/4259 4260/25/4260
f 4255/29/4255 4260/25/4260 4256/43/4256
f 4255/47/4255 4256/43/4256 4259/57/4259
f 4257/20/4257 4260/25/4260 4258/15/4258
f 4257/33/4257 4256/43/4256 4260/25/4260
f 4257/48/4257 4258/62/4258 4256/43/4256
f 4259/8/4259 4258/15/4258 4260/25/4260
f 4259/57/4259 4256/43/4256 4258/62/4258
f 4261/1/4261 4265/8/4265 4266/25/4266
f 4261/29/4261 4266/25/4266 4262/43/4262
f 4261/47/4261 4262/43/4262 4265/57/4265
f 4263/20/4263 4266/25/4266 4264/15/4264
f 4263/33/4263 4262/43/4262 4266/25/4266
f 4263/48/4263 4264/62/4264 4262/43/4262
f 4265/8/4265 4264/15/4264 4266/25/4266
f 4265/57/4265 4262/43/4262 4264/62/4264
f 4267/1/4267 4271/8/4271 4272/25/4272
f 4267/29/4267 4272/25/4272 4268/43/4268
f 4267/47/4267 4268/43/4268 4271/57/4271
f 4269/20/4269 4272/25/4272 4270/15/4270
f 4269/33/4269 4268/43/4268 4272/25/4272
f 4269/48/4269 4270/62/4270 4268/43/4268
f 4271/8/4271 4270/15/4270 4272/25/4272
f 4271/57/4271 4268/43/4268 4270/62/4270
f 4273/1/4273 4277/8/4277 4278/25/4278
f 4273/29/4273 4278/25/4278 4274/43/4274
f 4273/47/4273 4274/43/4274 4277/57/4277
f 4275/20/4275 4278/25/4278 4276/15/4276
f 4275/33/4275 4274/43/4274 4278/25/4278
f 4275/48/4275 4276/62/4276 4274/43/4274
f 4277/8/4277 4276/15/4276 4278/25/4278
f 4277/57/4277 4274/43/4274 4276/62/4276
f 4279/1/4279 4283/8/4283 4284/25/4284
f 4279/29/4279 4284/25/4284 4280/43/4280
f 4279/47/4279 4280/43/4280 4283/57/4283
f 4281/20/4281 4284/25/4284 4282/15/4282
f 4281/33/4281 4280/43/4280 4284/25/4284
f 4281/48/4281 4282/62/4282 4280/43/4280
f 4283/8/4283 4282/15/4282 4284/25/4284
f 4283/57/4283 4280/43/4280 4282/62/4282
f 4285/1/4285 4289/8/4289 4290/25/4290
f 4285/29/4285 4290/25/4290 4286/43/4286
f 4285/47/4285 4286/43/4286 4289/57/4289
f 4287/20/4287 4290/25/4290 4288/15/4288
f 4287/33/4287 4286/43/4286 4290/25/4290
f 4287/48/4287 4288/62/4288 4286/43/4286
f 4289/8/4289 4288/15/4288 4290/25/4290
f 4289/57/4289 4286/43/4286 4288/62/4288
f 4291/1/4291 4295/8/4295 4296/25/4296
f 4291/29/4291 4296/25/4296 4292/43/4292
f 4291/47/4291 4292/43/4292 4295/57/4295
f 4293/20/4293 4296/25/4296 4294/15/4294
f 4293/33/4293 4292/43/4292 4296/25/4296
f 4293/48/4293 4294/62/4294 4292/43/4292
f 4295/8/4295 4294/15/4294 4296/25/4296
f 4295/57/4295 4292/43/4292 4294/62/4294
f 4297/1/4297 4301/8/4301 4302/25/4302
f 4297/29/4297 4302/25/4302 4298/43/4298
f 4297/47/4297 4298/43/4298 4301/57/4301
f 4299/20/4299 4302/25/4302 4300/15/4300
f 4299/33/4299 4298/43/4298 4302/25/4302
f 4299/48/4299 4300/62/4300 4298/43/4298
f 4301/8/4301 4300/15/4300 4302/25/4302
f 4301/57/4301 4298/43/4298 4300/62/4300
f 4303/1/4303 4307/8/4307 4308/25/4308
f 4303/29/4303 4308/25/4308 4304/43/4304
f 4303/47/4303 4304/43/4304 4307/57/4307
f 4305/20/4305 4308/25/4308 4306/15/4306
f 4305/33/4305 4304/43/4304 4308/25/4308
f 4305/48/4305 4306/62/4306 4304/43/4304
f 4307/8/4307 4306/15/4306 4308/25/4308
f 4307/57/4307 4304/43/4304 4306/62/4306
f 4309/1/4309 4313/8/4313 4314/25/4314
f 4309/29/4309 4314/25/4314 4310/43/4310
f 4309/47/4309 4310/43/4310 4313/57/4313
f 4311/20/4311 4314/25/4314 4312/15/4312
f 4311/33/4311 4310/43/4310 4314/25/4314
f 4311/48/4311 4312/62/4312 4310/43/4310
f 4313/8/4313 4312/15/4312 4314/25/4314
f 4313/57/4313 4310/43/4310 4312/62/4312
f 4315/1/4315 4319/8/4319 4320/25/4320
f 4315/29/4315 4320/25/4320 4316/43/4316
f 4315/47/4315 4316/43/4316 4319/57/4319
f 4317/20/4317 4320/25/4320 4318/15/4318
f 4317/33/4317 4316/43/4316 4320/25/4320
f 4317/48/4317 4318/62/4318 4316/43/4316
f 4319/8/4319 4318/15/4318 4320/25/4320
f 4319/57/4319 4316/43/4316 4318/62/4318
f 4321/1/4321 4325/8/4325 4326/25/4326
f 4321/29/4321 4326/25/4326 4322/43/4322
f 4321/47/4321 4322/43/4322 4325/57/4325
f 4323/20/4323 4326/25/4326 4324/15/4324
f 4323/33/4323 4322/43/4322 4326/25/4326
f 4323/48/4323 4324/62/4324 4322/43/4322
f 4325/8/4325 4324/15/4324 4326/25/4326
f 4325/57/4325 4322/43/4322 4324/62/4324
f 4327/1/4327 4331/8/4331 4332/25/4332
f 4327/29/4327 4332/25/4332 4328/43/4328
f 4327/47/4327 4328/43/4328 4331/57/4331
f 4329/20/4329 4332/25/4332 4330/15/4330
f 4329/33/4329 4328/43/4328 4332/25/4332
f 4329/48/4329 4330/62/4330 4328/43/4328
f 4331/8/4331 4330/15/4330 4332/25/4332
f 4331/57/4331 4328/43/4328 4330/62/4330
f 4333/1/4333 4337/8/4337 4338/25/4338
f 4333/29/4333 4338/25/4338 4334/43/4334
f 4333/47/4333 4334/43/4334 4337/57/4337
f 4335/20/4335 4338/25/4338 4336/15/4336
f 4335/33/4335 4334/43/4334 4338/25/4338
f 4335/48/4335 4336/62/4336 4334/43/4334
f 4337/8/4337 4336/15/4336 4338/25/4338
f 4337/57/4337 4334/43/4334 4336/62/4336
f 4339/1/4339 4343/8/4343 4344/25/4344
f 4339/29/4339 4344/25/4344 4340/43/4340
f 4339/47/4339 4340/43/4340 4343/57/4343
f 4341/20/4341 4344/25/4344 4342/15/4342
f 4341/33/4341 4340/43/4340 4344/25/4344
f 4341/48/4341 4342/62/4342 4340/43/4340
f 4343/8/4343 4342/15/4342 4344/25/4344
f 4343/57/4343 4340/43/4340 4342/62/4342
f 4345/1/4345 4349/8/4349 4350/25/4350
f 4345/29/4345 4350/25/4350 4346/43/4346
f 4345/47/4345 4346/43/4346 4349/57/4349
f 4347/20/4347 4350/25/4350 4348/15/4348
f 4347/33/4347 4346/43/4346 4350/25/4350
f 4347/48/4347 4348/62/4348 4346/43/4346
f 4349/8/4349 4348/15/4348 4350/25/4350
f 4349/57/4349 4346/43/4346 4348/62/4348
f 4351/1/4351 4355/8/4355 4356/25/4356
f 4351/29/4351 4356/25/4356 4352/43/4352
f 4351/47/4351 4352/43/4352 4355/57/4355
f 4353/20/4353 4356/25/4356 4354/15/4354
f 4353/33/4353 4352/43/4352 4356/25/4356
f 4353/48/4353 4354/62/4354 4352/43/4352
f 4355/8/4355 4354/15/4354 4356/25/4356
f 4355/57/4355 4352/43/4352 4354/62/4354
f 4357/1/4357 4361/8/4361 4362/25/4362
f 4357/29/4357 4362/25/4362 4358/43/4358
f 4357/47/4357 4358/43/4358 4361/57/4361
f 4359/20/4359 4362/25/4362 4360/15/4360
f 4359/33/4359 4358/43/4358 4362/25/4362
f 4359/48/4359 4360/62/4360 4358/43/4358
f 4361/8/4361 4360/15/4360 4362/25/4362
f 4361/57/4361 4358/43/4358 4360/62/4360
f 4363/1/4363 4367/8/4367 4368/25/4368
f 4363/29/4363 4368/25/4368 4364/43/4364
f 4363/47/4363 4364/43/4364 4367/57/4367
f 4365/20/4365 4368/25/4368 4366/15/4366
f 4365/33/4365 4364/43/4364 4368/25/4368
f 4365/48/4365 4366/62/4366 4364/43/4364
f 4367/8/4367 4366/15/4366 4368/25/4368
f 4367/57/4367 4364/43/4364 4366/62/4366
f 4369/1/4369 4373/8/4373 4374/25/4374
f 4369/29/4369 4374/25/4374 4370/43/4370
f 4369/47/4369 4370/43/4370 4373/57/4373
f 4371/20/4371 4374/25/4374 4372/15/4372
f 4371/33/4371 4370/43/4370 4374/25/4374
f 4371/48/4371 4372/62/4372 4370/43/4370
f 4373/8/4373 4372/15/4372 4374/25/4374
f 4373/57/4373 4370/43/4370 4372/62/4372
f 4375/1/4375 4379/8/4379 4380/25/4380
f 4375/29/4375 4380/25/4380 4376/43/4376
f 4375/47/4375 4376/43/4376 4379/57/4379
f 4377/20/4377 4380/25/4380 4378/15/4378
f 4377/33/4377 4376/43/4376 4380/25/4380
f 4377/48/4377 4378/62/4378 4376/43/4376
f 4379/8/4379 4378/15/4378 4380/25/4380
f 4379/57/4379 4376/43/4376 4378/62/4378
f 4381/1/4381 4385/8/4385 4386/25/4386
f 4381/29/4381 4386/25/4386 4382/43/4382
f 4381/47/4381 4382/43/4382 4385/57/4385
f 4383/20/4383 4386/25/4386 4384/15/4384
f 4383/33/4383 4382/43/4382 4386/25/4386
f 4383/48/4383 4384/62/4384 4382/43/4382
f 4385/8/4385 4384/15/4384 4386/25/4386
f 4385/57/4385 4382/43/4382 4384/62/4384
f 4387/1/4387 4391/8/4391 4392/25/4392
f 4387/29/4387 4392/25/4392 4388/43/4388
f 4387/47/4387 4388/43/4388 4391/57/4391
f 4389/20/4389 4392/25/4392 4390/15/4390
f 4389/33/4389 4388/43/4388 4392/25/4392
f 4389/48/4389 4390/62/4390 4388/43/4388
f 4391/8/4391 4390/15/4390 4392/25/4392
f 4391/57/4391 4388/43/4388 4390/62/4390
f 4393/1/4393 4397/8/4397 4398/25/4398
f 4393/29/4393 4398/25/4398 4394/43/4394
f 4393/47/4393 4394/43/4394 4397/57/4397
f 4395/20/4395 4398/25/4398 4396/15/4396
f 4395/33/4395 4394/43/4394 4398/25/4398
f 4395/48/4395 4396/62/4396 4394/43/4394
f 4397/8/4397 4396/15/4396 4398/25/4398
f 4397/57/4397 4394/43/4394 4396/62/4396
f 4399/1/4399 4403/8/4403 4404/25/4404
f 4399/29/4399 4404/25/4404 4400/43/4400
f 4399/47/4399 4400/43/4400 4403/57/4403
f 4401/20/4401 4404/25/4404 4402/15/4402
f 4401/33/4401 4400/43/4400 4404/25/4404
f 4401/48/4401 4402/62/4402 4400/43/4400
f 4403/8/4403 4402/15/4402 4404/25/4404
f 4403/57/4403 4400/43/4400 4402/62/4402
f 4405/1/4405 4409/8/4409 4410/25/4410
f 4405/29/4405 4410/25/4410 4406/43/4406
f 4405/47/4405 4406/43/4406 4409/57/4409
f 4407/20/4407 4410/25/4410 4408/15/4408
f 4407/33/4407 4406/43/4406 4410/25/4410
f 4407/48/4407 4408/62/4408 4406/43/4406
f 4409/8/4409 4408/15/4408 4410/25/4410
f 4409/57/4409 4406/43/4406 4408/62/4408
f 4411/1/4411 4415/8/4415 4416/25/4416
f 4411/29/4411 4416/25/4416 4412/43/4412
f 4411/47/4411 4412/43/4412 4415/57/4415
f 4413/20/4413 4416/25/4416 4414/15/4414
f 4413/33/4413 4412/43/4412 4416/25/4416
f 4413/48/4413 4414/62/4414 4412/43/4412
f 4415/8/4415 4414/15/4414 4416/25/4416
f 4415/57/4415 4412/43/4412 4414/62/4414
f 4417/1/4417 4421/8/4421 4422/25/4422
f 4417/29/4417 4422/25/4422 4418/43/4418
f 4417/47/4417 4418/43/4418 4421/57/4421
f 4419/20/4419 4422/25/4422 4420/15/4420
f 4419/33/4419 4418/43/4418 4422/25/4422
f 4419/48/4419 4420/62/4420 4418/43/4418
f 4421/8/4421 4420/15/4420 4422/25/4422
f 4421/57/4421 4418/43/4418 4420/62/4420
f 4423/1/4423 4427/8/4427 4428/25/4428
f 4423/29/4423 4428/25/4428 4424/43/4424
f 4423/47/4423 4424/43/4424 4427/57/4427
f 4425/20/4425 4428/25/4428 4426/15/4426
f 4425/33/4425 4424/43/4424 4428/25/4428
f 4425/48/4425 4426/62/4426 4424/43/4424
f 4427/8/4427 4426/15/4426 4428/25/4428
f 4427/57/4427 4424/43/4424 4426/62/4426
f 4429/1/4429 4433/8/4433 4434/25/4434
f 4429/29/4429 4434/25/4434 4430/43/4430
f 4429/47/4429 4430/43/4430 4433/57/4433
f 4431/20/4431 4434/25/4434 4432/15/4432
f 4431/33/4431 4430/43/4430 4434/25/4434
f 4431/48/4431 4432/62/4432 4430/43/4430
f 4433/8/4433 4432/15/4432 4434/25/4434
f 4433/57/4433 4430/43/4430 4432/62/4432
f 4435/1/4435 4439/8/4439 4440/25/4440
f 4435/29/4435 4440/25/4440 4436/43/4436
f 4435/47/4435 4436/43/4436 4439/57/4439
f 4437/20/4437 4440/25/4440 4438/15/4438
f 4437/33/4437 4436/43/4436 4440/25/4440
f 4437/48/4437 4438/62/4438 4436/43/4436
f 4439/8/4439 4438/15/4438 4440/25/4440
f 4439/57/4439 4436/43/4436 4438/62/4438
f 4441/1/4441 4445/8/4445 4446/25/4446
f 4441/29/4441 4446/25/4446 4442/43/4442
f 4441/47/4441 4442/43/4442 4445/57/4445
f 4443/20/4443 4446/25/4446 4444/15/4444
f 4443/33/4443 4442/43/4442 4446/25/4446
f 4443/48/4443 4444/62/4444 4442/43/4442
f 4445/8/4445 4444/15/4444 4446/25/4446
f 4445/57/4445 4442/43/4442 4444/62/4444
f 4447/1/4447 4451/8/4451 4452/25/4452
f 4447/29/4447 4452/25/4452 4448/43/4448
f 4447/47/4447 4448/43/4448 4451/57/4451
f 4449/20/4449 4452/25/4452 4450/15/4450
f 4449/33/4449 4448/43/4448 4452/25/4452
f 4449/48/4449 4450/62/4450 4448/43/4448
f 4451/8/4451 4450/15/4450 4452/25/4452
f 4451/57/4451 4448/43/4448 4450/62/4450
f 4453/1/4453 4457/8/4457 4458/25/4458
f 4453/29/4453 4458/25/4458 4454/43/4454
f 4453/47/4453 4454/43/4454 4457/57/4457
f 4455/20/4455 4458/25/4458 4456/15/4456
f 4455/33/4455 4454/43/4454 4458/25/4458
f 4455/48/4455 4456/62/4456 4454/43/4454
f 4457/8/4457 4456/15/4456 4458/25/4458
f 4457/57/4457 4454/43/4454 4456/62/4456
f 4459/1/4459 4463/8/4463 4464/25/4464
f 4459/29/4459 4464/25/4464 4460/43/4460
f 4459/47/4459 4460/43/4460 4463/57/4463
f 4461/20/4461 4464/25/4464 4462/15/4462
f 4461/33/4461 4460/43/4460 4464/25/4464
f 4461/48/4461 4462/62/4462 4460/43/4460
f 4463/8/4463 4462/15/4462 4464/25/4464
f 4463/57/4463 4460/43/4460 4462/62/4462
f 4465/1/4465 4469/8/4469 4470/25/4470
f 4465/29/4465 4470/25/4470 4466/43/4466
f 4465/47/4465 4466/43/4466 4469/57/4469
f 4467/20/4467 4470/25/4470 4468/15/4468
f 4467/33/4467 4466/43/4466 4470/25/4470
f 4467/48/4467 4468/62/4468 4466/43/4466
f 4469/8/4469 4468/15/4468 4470/25/4470
f 4469/57/4469 4466/43/4466 4468/62/4468
f 4471/1/4471 4475/8/4475 4476/25/4476
f 4471/29/4471 4476/25/4476 4472/43/4472
f 4471/47/4471 4472/43/4472 4475/57/4475
f 4473/20/4473 4476/25/4476 4474/15/4474
f 4473/33/4473 4472/43/4472 4476/25/4476
f 4473/48/4473 4474/62/4474 4472/43/4472
f 4475/8/4475 4474/15/4474 4476/25/4476
f 4475/57/4475 4472/43/4472 4474/62/4474
f 4477/1/4477 4481/8/4481 4482/25/4482
f 4477/29/4477 4482/25/4482 4478/43/4478
f 4477/47/4477 4478/43/4478 4481/57/4481
f 4479/20/4479 4482/25/4482 4480/15/4480
f 4479/33/4479 4478/43/4478 4482/25/4482
f 4479/48/4479 4480/62/4480 4478/43/4478
f 4481/8/4481 4480/15/4480 4482/25/4482
f 4481/57/4481 4478/43/4478 4480/62/4480
f 4483/1/4483 4487/8/4487 4488/25/4488
f 4483/29/4483 4488/25/4488 4484/43/4484
f 4483/47/4483 4484/43/4484 4487/57/4487
f 4485/20/4485 4488/25/4488 4486/15/4486
f 4485/33/4485 4484/43/4484 4488/25/4488
f 4485/48/4485 4486/62/4486 4484/43/4484
f 4487/8/4487 4486/15/4486 4488/25/4488
f 4487/57/4487 4484/43/4484 4486/62/4486
f 4489/1/4489 4493/8/4493 4494/25/4494
f 4489/29/4489 4494/25/4494 4490/43/4490
f 4489/47/4489 4490/43/4490 4493/57/4493
f 4491/20/4491 4494/25/4494 4492/15/4492
f 4491/33/4491 4490/43/4490 4494/25/4494
f 4491/48/4491 4492/62/4492 4490/43/4490
f 4493/8/4493 4492/15/4492 4494/25/4494
f 4493/57/4493 4490/43/4490 4492/62/4492
f 4495/1/4495 4499/8/4499 4500/25/4500
f 4495/29/4495 4500/25/4500 4496/43/4496
f 4495/47/4495 4496/43/4496 4499/57/4499
f 4497/20/4497 4500/25/4500 4498/15/4498
f 4497/33/4497 4496/43/4496 4500/25/4500
f 4497/48/4497 4498/62/4498 4496/43/4496
f 4499/8/4499 4498/15/4498 4500/25/4500
f 4499/57/4499 4496/43/4496 4498/62/4498
f 4501/1/4501 4505/8/4505 4506/25/4506
f 4501/29/4501 4506/25/4506 4502/43/4502
f 4501/47/4501 4502/43/4502 4505/57/4505
f 4503/20/4503 4506/25/4506 4504/15/4504
f 4503/33/4503 4502/43/4502 4506/25/4506
f 4503/48/4503 4504/62/4504 4502/43/4502
f 4505/8/4505 4504/15/4504 4506/25/4506
f 4505/57/4505 4502/43/4502 4504/62/4504
f 4507/1/4507 4511/8/4511 4512/25/4512
f 4507/29/4507 4512/25/4512 4508/43/4508
f 4507/47/4507 4508/43/4508 4511/57/4511
f 4509/20/4509 4512/25/4512 4510/15/4510
f 4509/33/4509 4508/43/4508 4512/25/4512
f 4509/48/4509 4510/62/4510 4508/43/4508
f 4511/8/4511 4510/15/4510 4512/25/4512
f 4511/57/4511 4508/43/4508 4510/62/4510
f 4513/1/4513 4517/8/4517 4518/25/4518
f 4513/29/4513 4518/25/4518 4514/43/4514
f 4513/47/4513 4514/43/4514 4517/57/4517
f 4515/20/4515 4518/25/4518 4516/15/4516
f 4515/33/4515 4514/43/4514 4518/25/4518
f 4515/48/4515 4516/62/4516 4514/43/4514
f 4517/8/4517 4516/15/4516 4518/25/4518
f 4517/57/4517 4514/43/4514 4516/62/4516
f 4519/1/4519 4523/8/4523 4524/25/4524
f 4519/29/4519 4524/25/4524 4520/43/4520
f 4519/47/4519 4520/43/4520 4523/57/4523
f 4521/20/4521 4524/25/4524 4522/15/4522
f 4521/33/4521 4520/43/4520 4524/25/4524
f 4521/48/4521 4522/62/4522 4520/43/4520
f 4523/8/4523 4522/15/4522 4524/25/4524
f 4523/57/4523 4520/43/4520 4522/62/4522
f 4525/1/4525 4529/8/4529 4530/25/4530
f 4525/29/4525 4530/25/4530 4526/43/4526
f 4525/47/4525 4526/43/4526 4529/57/4529
f 4527/20/4527 4530/25/4530 4528/15/4528
f 4527/33/4527 4526/43/4526 4530/25/4530
f 4527/48/4527 4528/62/4528 4526/43/4526
f 4529/8/4529 4528/15/4528 4530/25/4530
f 4529/57/4529 4526/43/4526 4528/62/4528
f 4531/1/4531 4535/8/4535 4536/25/4536
f 4531/29/4531 4536/25/4536 4532/43/4532
f 4531/47/4531 4532/43/4532 4535/57/4535
f 4533/20/4533 4536/25/4536 4534/15/4534
f 4533/33/4533 4532/43/4532 4536/25/4536
f 4533/48/4533 4534/62/4534 4532/43/4532
f 4535/8/4535 4534/15/4534 4536/25/4536
f 4535/57/4535 4532/43/4532 4534/62/4534
f 4537/1/4537 4541/8/4541 4542/25/4542
f 4537/29/4537 4542/25/4542 4538/43/4538
f 4537/47/4537 4538/43/4538 4541/57/4541
f 4539/20/4539 4542/25/4542 4540/15/4540
f 4539/33/4539 4538/43/4538 4542/25/4542
f 4539/48/4539 4540/62/4540 4538/43/4538
f 4541/8/4541 4540/15/4540 4542/25/4542
f 4541/57/4541 4538/43/4538 4540/62/4540
f 4543/1/4543 4547/8/4547 4548/25/4548
f 4543/29/4543 4548/25/4548 4544/43/4544
f 4543/47/4543 4544/43/4544 4547/57/4547
f 4545/20/4545 4548/25/4548 4546/15/4546
f 4545/33/4545 4544/43/4544 4548/25/4548
f 4545/48/4545 4546/62/4546 4544/43/4544
f 4547/8/4547 4546/15/4546 4548/25/4548
f 4547/57/4547 4544/43/4544 4546/62/4546
f 4549/1/4549 4553/8/4553 4554/25/4554
f 4549/29/4549 4554/25/4554 4550/43/4550
f 4549/47/4549 4550/43/4550 4553/57/4553
f 4551/20/4551 4554/25/4554 4552/15/4552
f 4551/33/4551 4550/43/4550 4554/25/4554
f 4551/48/4551 4552/62/4552 4550/43/4550
f 4553/8/4553 4552/15/4552 4554/25/4554
f 4553/57/4553 4550/43/4550 4552/62/4552
f 4555/1/4555 4559/8/4559 4560/25/4560
f 4555/29/4555 4560/25/4560 4556/43/4556
f 4555/47/4555 4556/43/4556 4559/57/4559
f 4557/20/4557 4560/25/4560 4558/15/4558
f 4557/33/4557 4556/43/4556 4560/25/4560
f 4557/48/4557 4558/62/4558 4556/43/4556
f 4559/8/4559 4558/15/4558 4560/25/4560
f 4559/57/4559 4556/43/4556 4558/62/4558
f 4561/1/4561 4566/25/4566 4565/8/4565
f 4561/29/4561 4562/43/4562 4566/25/4566
f 4561/47/4561 4565/57/4565 4562/43/4562
f 4563/20/4563 4564/15/4564 4566/25/4566
f 4563/33/4563 4566/25/4566 4562/43/4562
f 4563/48/4563 4562/43/4562 4564/62/4564
f 4565/8/4565 4566/25/4566 4564/15/4564
f 4565/57/4565 4564/62/4564 4562/43/4562
f 4567/1/4567 4572/25/4572 4571/8/4571
f 4567/29/4567 4568/43/4568 4572/25/4572
f 4567/47/4567 4571/57/4571 4568/43/4568
f 4569/20/4569 4570/15/4570 4572/25/4572
f 4569/33/4569 4572/25/4572 4568/43/4568
f 4569/48/4569 4568/43/4568 4570/62/4570
f 4571/8/4571 4572/25/4572 4570/15/4570
f 4571/57/4571 4570/62/4570 4568/43/4568
f 4573/1/4573 4578/25/4578 4577/8/4577
f 4573/29/4573 4574/43/4574 4578/25/4578
f 4573/47/4573 4577/57/4577 4574/43/4574
f 4575/20/4575 4576/15/4576 4578/25/4578
f 4575/33/4575 4578/25/4578 4574/43/4574
f 4575/48/4575 4574/43/4574 4576/62/4576
f 4577/8/4577 4578/25/4578 4576/15/4576
f 4577/57/4577 4576/62/4576 4574/43/4574
f 4579/1/4579 4584/25/4584 4583/8/4583
f 4579/29/4579 4580/43/4580 4584/25/4584
f 4579/47/4579 4583/57/4583 4580/43/4580
f 4581/20/4581 4582/15/4582 4584/25/4584
f 4581/33/4581 4584/25/4584 4580/43/4580
f 4581/48/4581 4580/43/4580 4582/62/4582
f 4583/8/4583 4584/25/4584 4582/15/4582
f 4583/57/4583 4582/62/4582 4580/43/4580
f 4585/1/4585 4590/25/4590 4589/8/4589
f 4585/29/4585 4586/43/4586 4590/25/4590
f 4585/47/4585 4589/57/4589 4586/43/4586
f 4587/20/4587 4588/15/4588 4590/25/4590
f 4587/33/4587 4590/25/4590 4586/43/4586
f 4587/48/4587 4586/43/4586 4588/62/4588
f 4589/8/4589 4590/25/4590 4588/15/4588
f 4589/57/4589 4588/62/4588 4586/43/4586
f 4591/1/4591 4596/25/4596 4595/8/4595
f 4591/29/4591 4592/43/4592 4596/25/4596
f 4591/47/4591 4595/57/4595 4592/43/4592
f 4593/20/4593 4594/15/4594 4596/25/4596
f 4593/33/4593 4596/25/4596 4592/43/4592
f 4593/48/4593 4592/43/4592 4594/62/4594
f 4595/8/4595 4596/25/4596 4594/15/4594
f 4595/57/4595 4594/62/4594 4592/43/4592
f 4597/1/4597 4602/25/4602 4601/8/4601
f 4597/29/4597 4598/43/4598 4602/25/4602
f 4597/47/4597 4601/57/4601 4598/43/4598
f 4599/20/4599 4600/15/4600 4602/25/4602
f 4599/33/4599 4602/25/4602 4598/43/4598
f 4599/48/4599 4598/43/4598 4600/62/4600
f 4601/8/4601 4602/25/4602 4600/15/4600
f 4601/57/4601 4600/62/4600 4598/43/4598
f 4603/1/4603 4608/25/4608 4607/8/4607
f 4603/29/4603 4604/43/4604 4608/25/4608
f 4603/47/4603 4607/57/4607 4604/43/4604
f 4605/20/4605 4606/15/4606 4608/25/4608
f 4605/33/4605 4608/25/4608 4604/43/4604
f 4605/48/4605 4604/43/4604 4606/62/4606
f 4607/8/4607 4608/25/4608 4606/15/4606
f 4607/57/4607 4606/62/4606 4604/43/4604
f 4609/1/4609 4614/25/4614 4613/8/4613
f 4609/29/4609 4610/43/4610 4614/25/4614
f 4609/47/4609 4613/57/4613 4610/43/4610
f 4611/20/4611 4612/15/4612 4614/25/4614
f 4611/33/4611 4614/25/4614 4610/43/4610
f 4611/48/4611 4610/43/4610 4612/62/4612
f 4613/8/4613 4614/25/4614 4612/15/4612
f 4613/57/4613 4612/62/4612 4610/43/4610
f 4615/1/4615 4620/25/4620 4619/8/4619
f 4615/29/4615 4616/43/4616 4620/25/4620
f 4615/47/4615 4619/57/4619 4616/43/4616
f 4617/20/4617 4618/15/4618 4620/25/4620
f 4617/33/4617 4620/25/4620 4616/43/4616
f 4617/48/4617 4616/43/4616 4618/62/4618
f 4619/8/4619 4620/25/4620 4618/15/4618
f 4619/57/4619 4618/62/4618 4616/43/4616
f 4621/1/4621 4626/25/4626 4625/8/4625
f 4621/29/4621 4622/43/4622 4626/25/4626
f 4621/47/4621 4625/57/4625 4622/43/4622
f 4623/20/4623 4624/15/4624 4626/25/4626
f 4623/33/4623 4626/25/4626 4622/43/4622
f 4623/48/4623 4622/43/4622 4624/62/4624
f 4625/8/4625 4626/25/4626 4624/15/4624
f 4625/57/4625 4624/62/4624 4622/43/4622
f 4627/1/4627 4632/25/4632 4631/8/4631
f 4627/29/4627 4628/43/4628 4632/25/4632
f 4627/47/4627 4631/57/4631 4628/43/4628
f 4629/20/4629 4630/15/4630 4632/25/4632
f 4629/33/4629 4632/25/4632 4628/43/4628
f 4629/48/4629 4628/43/4628 4630/62/4630
f 4631/8/4631 4632/25/4632 4630/15/4630
f 4631/57/4631 4630/62/4630 4628/43/4628
f 4633/1/4633 4638/25/4638 4637/8/4637
f 4633/29/4633 4634/43/4634 4638/25/4638
f 4633/47/4633 4637/57/4637 4634/43/4634
f 4635/20/4635 4636/15/4636 4638/25/4638
f 4635/33/4635 4638/25/4638 4634/43/4634
f 4635/48/4635 4634/43/4634 4636/62/4636
f 4637/8/4637 4638/25/4638 4636/15/4636
f 4637/57/4637 4636/62/4636 4634/43/4634
f 4639/1/4639 4644/25/4644 4643/8/4643
f 4639/29/4639 4640/43/4640 4644/25/4644
f 4639/47/4639 4643/57/4643 4640/43/4640
f 4641/20/4641 4642/15/4642 4644/25/4644
f 4641/33/4641 4644/25/4644 4640/43/4640
f 4641/48/4641 4640/43/4640 4642/62/4642
f 4643/8/4643 4644/25/4644 4642/15/4642
f 4643/57/4643 4642/62/4642 4640/43/4640
f 4645/1/4645 4650/25/4650 4649/8/4649
f 4645/29/4645 4646/43/4646 4650/25/4650
f 4645/47/4645 4649/57/4649 4646/43/4646
f 4647/20/4647 4648/15/4648 4650/25/4650
f 4647/33/4647 4650/25/4650 4646/43/4646
f 4647/48/4647 4646/43/4646 4648/62/4648
f 4649/8/4649 4650/25/4650 4648/15/4648
f 4649/57/4649 4648/62/4648 4646/43/4646
f 4651/1/4651 4656/25/4656 4655/8/4655
f 4651/29/4651 4652/43/4652 4656/25/4656
f 4651/47/4651 4655/57/4655 4652/43/4652
f 4653/20/4653 4654/15/4654 4656/25/4656
f 4653/33/4653 4656/25/4656 4652/43/4652
f 4653/48/4653 4652/43/4652 4654/62/4654
f 4655/8/4655 4656/25/4656 4654/15/4654
f 4655/57/4655 4654/62/4654 4652/43/4652
f 4657/1/4657 4662/25/4662 4661/8/4661
f 4657/29/4657 4658/43/4658 4662/25/4662
f 4657/47/4657 4661/57/4661 4658/43/4658
f 4659/20/4659 4660/15/4660 4662/25/4662
f 4659/33/4659 4662/25/4662 4658/43/4658
f 4659/48/4659 4658/43/4658 4660/62/4660
f 4661/8/4661 4662/25/4662 4660/15/4660
f 4661/57/4661 4660/62/4660 4658/43/4658
f 4663/1/4663 4668/25/4668 4667/8/4667
f 4663/29/4663 4664/43/4664 4668/25/4668
f 4663/47/4663 4667/57/4667 4664/43/4664
f 4665/20/4665 4666/15/4666 4668/25/4668
f 4665/33/4665 4668/25/4668 4664/43/4664
f 4665/48/4665 4664/43/4664 4666/62/4666
f 4667/8/4667 4668/25/4668 4666/15/4666
f 4667/57/4667 4666/62/4666 4664/43/4664
f 4669/1/4669 4674/25/4674 4673/8/4673
f 4669/29/4669 4670/43/4670 4674/25/4674
f 4669/47/4669 4673/57/4673 4670/43/4670
f 4671/20/4671 4672/15/4672 4674/25/4674
f 4671/33/4671 4674/25/4674 4670/43/4670
f 4671/48/4671 4670/43/4670 4672/62/4672
f 4673/8/4673 4674/25/4674 4672/15/4672
f 4673/57/4673 4672/62/4672 4670/43/4670
f 4675/1/4675 4680/25/4680 4679/8/4679
f 4675/29/4675 4676/43/4676 4680/25/4680
f 4675/47/4675 4679/57/4679 4676/43/4676
f 4677/20/4677 4678/15/4678 4680/25/4680
f 4677/33/4677 4680/25/4680 4676/43/4676
f 4677/48/4677 4676/43/4676 4678/62/4678
f 4679/8/4679 4680/25/4680 4678/15/4678
f 4679/57/4679 4678/62/4678 4676/43/4676
f 4681/1/4681 4686/25/4686 4685/8/4685
f 4681/29/4681 4682/43/4682 4686/25/4686
f 4681/47/4681 4685/57/4685 4682/43/4682
f 4683/20/4683 4684/15/4684 4686/25/4686
f 4683/33/4683 4686/25/4686 4682/43/4682
f 4683/48/4683 4682/43/4682 4684/62/4684
f 4685/8/4685 4686/25/4686 4684/15/4684
f 4685/57/4685 4684/62/4684 4682/43/4682
f 4687/1/4687 4692/25/4692 4691/8/4691
f 4687/29/4687 4688/43/4688 4692/25/4692
f 4687/47/4687 4691/57/4691 4688/43/4688
f 4689/20/4689 4690/15/4690 4692/25/4692
f 4689/33/4689 4692/25/4692 4688/43/4688
f 4689/48/4689 4688/43/4688 4690/62/4690
f 4691/8/4691 4692/25/4692 4690/15/4690
f 4691/57/4691 4690/62/4690 4688/43/4688
f 4693/1/4693 4698/25/4698 4697/8/4697
f 4693/29/4693 4694/43/4694 4698/25/4698
f 4693/47/4693 4697/57/4697 4694/43/4694
f 4695/20/4695 4696/15/4696 4698/25/4698
f 4695/33/4695 4698/25/4698 4694/43/4694
f 4695/48/4695 4694/43/4694 4696/62/4696
f 4697/8/4697 4698/25/4698 4696/15/4696
f 4697/57/4697 4696/62/4696 4694/43/4694
f 4699/1/4699 4704/25/4704 4703/8/4703
f 4699/29/4699 4700/43/4700 4704/25/4704
f 4699/47/4699 4703/57/4703 4700/43/4700
f 4701/20/4701 4702/15/4702 4704/25/4704
f 4701/33/4701 4704/25/4704 4700/43/4700
f 4701/48/4701 4700/43/4700 4702/62/4702
f 4703/8/4703 4704/25/4704 4702/15/4702
f 4703/57/4703 4702/62/4702 4700/43/4700
f 4705/1/4705 4710/25/4710 4709/8/4709
f 4705/29/4705 4706/43/4706 4710/25/4710
f 4705/47/4705 4709/57/4709 4706/43/4706
f 4707/20/4707 4708/15/4708 4710/25/4710
f 4707/33/4707 4710/25/4710 4706/43/4706
f 4707/48/4707 4706/43/4706 4708/62/4708
f 4709/8/4709 4710/25/4710 4708/15/4708
f 4709/57/4709 4708/62/4708 4706/43/4706
f 4711/1/4711 4716/25/4716 4715/8/4715
f 4711/29/4711 4712/43/4712 4716/25/4716
f 4711/47/4711 4715/57/4715 4712/43/4712
f 4713/20/4713 4714/15/4714 4716/25/4716
f 4713/33/4713 4716/25/4716 4712/43/4712
f 4713/48/4713 4712/43/4712 4714/62/4714
f 4715/8/4715 4716/25/4716 4714/15/4714
f 4715/57/4715 4714/62/4714 4712/43/4712
f 4717/1/4717 4722/25/4722 4721/8/4721
f 4717/29/4717 4718/43/4718 4722/25/4722
f 4717/47/4717 4721/57/4721 4718/43/4718
f 4719/20/4719 4720/15/4720 4722/25/4722
f 4719/33/4719 4722/25/4722 4718/43/4718
f 4719/48/4719 4718/43/4718 4720/62/4720
f 4721/8/4721 4722/25/4722 4720/15/4720
f 4721/57/4721 4720/62/4720 4718/43/4718
f 4723/1/4723 4728/25/4728 4727/8/4727
f 4723/29/4723 4724/43/4724 4728/25/4728
f 4723/47/4723 4727/57/4727 4724/43/4724
f 4725/20/4725 4726/15/4726 4728/25/4728
f 4725/33/4725 4728/25/4728 4724/43/4724
f 4725/48/4725 4724/43/4724 4726/62/4726
f 4727/8/4727 4728/25/4728 4726/15/4726
f 4727/57/4727 4726/62/4726 4724/43/4724
f 4729/1/4729 4734/25/4734 4733/8/4733
f 4729/29/4729 4730/43/4730 4734/25/4734
f 4729/47/4729 4733/57/4733 4730/43/4730
f 4731/20/4731 4732/15/4732 4734/25/4734
f 4731/33/4731 4734/25/4734 4730/43/4730
f 4731/48/4731 4730/43/4730 4732/62/4732
f 4733/8/4733 4734/25/4734 4732/15/4732
f 4733/57/4733 4732/62/4732 4730/43/4730
f 4735/1/4735 4740/25/4740 4739/8/4739
f 4735/29/4735 4736/43/4736 4740/25/4740
f 4735/47/4735 4739/57/4739 4736/43/4736
f 4737/20/4737 4738/15/4738 4740/25/4740
f 4737/33/4737 4740/25/4740 4736/43/4736
f 4737/48/4737 4736/43/4736 4738/62/4738
f 4739/8/4739 4740/25/4740 4738/15/4738
f 4739/57/4739 4738/62/4738 4736/43/4736
f 4741/1/4741 4746/25/4746 4745/8/4745
f 4741/29/4741 4742/43/4742 4746/25/4746
f 4741/47/4741 4745/57/4745 4742/43/4742
f 4743/20/4743 4744/15/4744 4746/25/4746
f 4743/33/4743 4746/25/4746 4742/43/4742
f 4743/48/4743 4742/43/4742 4744/62/4744
f 4745/8/4745 4746/25/4746 4744/15/4744
f 4745/57/4745 4744/62/4744 4742/43/4742
f 4747/1/4747 4752/25/4752 4751/8/4751
f 4747/29/4747 4748/43/4748 4752/25/4752
f 4747/47/4747 4751/57/4751 4748/43/4748
f 4749/20/4749 4750/15/4750 4752/25/4752
f 4749/33/4749 4752/25/4752 4748/43/4748
f 4749/48/4749 4748/43/4748 4750/62/4750
f 4751/8/4751 4752/25/4752 4750/15/4750
f 4751/57/4751 4750/62/4750 4748/43/4748
f 4753/1/4753 4758/25/4758 4757/8/4757
f 4753/29/4753 4754/43/4754 4758/25/4758
f 4753/47/4753 4757/57/4757 4754/43/4754
f 4755/20/4755 4756/15/4756 4758/25/4758
f 4755/33/4755 4758/25/4758 4754/43/4754
f 4755/48/4755 4754/43/4754 4756/62/4756
f 4757/8/4757 4758/25/4758 4756/15/4756
f 4757/57/4757 4756/62/4756 4754/43/4754
f 4759/1/4759 4764/25/4764 4763/8/4763
f 4759/29/4759 4760/43/4760 4764/25/4764
f 4759/47/4759 4763/57/4763 4760/43/4760
f 4761/20/4761 4762/15/4762 4764/25/4764
f 4761/33/4761 4764/25/4764 4760/43/4760
f 4761/48/4761 4760/43/4760 4762/62/4762
f 4763/8/4763 4764/25/4764 4762/15/4762
f 4763/57/4763 4762/62/4762 4760/43/4760
f 4765/1/4765 4770/25/4770 4769/8/4769
f 4765/29/4765 4766/43/4766 4770/25/4770
f 4765/47/4765 4769/57/4769 4766/43/4766
f 4767/20/4767 4768/15/4768 4770/25/4770
f 4767/33/4767 4770/25/4770 4766/43/4766
f 4767/48/4767 4766/43/4766 4768/62/4768
f 4769/8/4769 4770/25/4770 4768/15/4768
f 4769/57/4769 4768/62/4768 4766/43/4766
f 4771/1/4771 4776/25/4776 4775/8/4775
f 4771/29/4771 4772/43/4772 4776/25/4776
f 4771/47/4771 4775/57/4775 4772/43/4772
f 4773/20/4773 4774/15/4774 4776/25/4776
f 4773/33/4773 4776/25/4776 4772/43/4772
f 4773/48/4773 4772/43/4772 4774/62/4774
f 4775/8/4775 4776/25/4776 4774/15/4774
f 4775/57/4775 4774/62/4774 4772/43/4772
f 4777/1/4777 4782/25/4782 4781/8/4781
f 4777/29/4777 4778/43/4778 4782/25/4782
f 4777/47/4777 4781/57/4781 4778/43/4778
f 4779/20/4779 4780/15/4780 4782/25/4782
f 4779/33/4779 4782/25/4782 4778/43/4778
f 4779/48/4779 4778/43/4778 4780/62/4780
f 4781/8/4781 4782/25/4782 4780/15/4780
f 4781/57/4781 4780/62/4780 4778/43/4778
f 4783/1/4783 4788/25/4788 4787/8/4787
f 4783/29/4783 4784/43/4784 4788/25/4788
f 4783/47/4783 4787/57/4787 4784/43/4784
f 4785/20/4785 4786/15/4786 4788/25/4788
f 4785/33/4785 4788/25/4788 4784/43/4784
f 4785/48/4785 4784/43/4784 4786/62/4786
f 4787/8/4787 4788/25/4788 4786/15/4786
f 4787/57/4787 4786/62/4786 4784/43/4784
f 4789/1/4789 4794/25/4794 4793/8/4793
f 4789/29/4789 4790/43/4790 4794/25/4794
f 4789/47/4789 4793/57/4793 4790/43/4790
f 4791/20/4791 4792/15/4792 4794/25/4794
f 4791/33/4791 4794/25/4794 4790/43/4790
f 4791/48/4791 4790/43/4790 4792/62/4792
f 4793/8/4793 4794/25/4794 4792/15/4792
f 4793/57/4793 4792/62/4792 4790/43/4790
f 4795/1/4795 4800/25/4800 4799/8/4799
f 4795/29/4795 4796/43/4796 4800/25/4800
f 4795/47/4795 4799/57/4799 4796/43/4796
f 4797/20/4797 4798/15/4798 4800/25/4800
f 4797/33/4797 4800/25/4800 4796/43/4796
f 4797/48/4797 4796/43/4796 4798/62/4798
f 4799/8/4799 4800/25/4800 4798/15/4798
f 4799/57/4799 4798/62/4798 4796/43/4796
f 4801/1/4801 4806/25/4806 4805/8/4805
f 4801/29/4801 4802/43/4802 4806/25/4806
f 4801/47/4801 4805/57/4805 4802/43/4802
f 4803/20/4803 4804/15/4804 4806/25/4806
f 4803/33/4803 4806/25/4806 4802/43/4802
f 4803/48/4803 4802/43/4802 4804/62/4804
f 4805/8/4805 4806/25/4806 4804/15/4804
f 4805/57/4805 4804/62/4804 4802/43/4802
f 4807/1/4807 4812/25/4812 4811/8/4811
f 4807/29/4807 4808/43/4808 4812/25/4812
f 4807/47/4807 4811/57/4811 4808/43/4808
f 4809/20/4809 4810/15/4810 4812/25/4812
f 4809/33/4809 4812/25/4812 4808/43/4808
f 4809/48/4809 4808/43/4808 4810/62/4810
f 4811/8/4811 4812/25/4812 4810/15/4810
f 4811/57/4811 4810/62/4810 4808/43/4808
f 4813/1/4813 4818/25/4818 4817/8/4817
f 4813/29/4813 4814/43/4814 4818/25/4818
f 4813/47/4813 4817/57/4817 4814/43/4814
f 4815/20/4815 4816/15/4816 4818/25/4818
f 4815/33/4815 4818/25/4818 4814/43/4814
f 4815/48/4815 4814/43/4814 4816/62/4816
f 4817/8/4817 4818/25/4818 4816/15/4816
f 4817/57/4817 4816/62/4816 4814/43/4814
f 4819/1/4819 4824/25/4824 4823/8/4823
f 4819/29/4819 4820/43/4820 4824/25/4824
f 4819/47/4819 4823/57/4823 4820/43/4820
f 4821/20/4821 4822/15/4822 4824/25/4824
f 4821/33/4821 4824/25/4824 4820/43/4820
f 4821/48/4821 4820/43/4820 4822/62/4822
f 4823/8/4823 4824/25/4824 4822/15/4822
f 4823/57/4823 4822/62/4822 4820/43/4820
f 4825/1/4825 4830/25/4830 4829/8/4829
f 4825/29/4825 4826/43/4826 4830/25/4830
f 4825/47/4825 4829/57/4829 4826/43/4826
f 4827/20/4827 4828/15/4828 4830/25/4830
f 4827/33/4827 4830/25/4830 4826/43/4826
f 4827/48/4827 4826/43/4826 4828/62/4828
f 4829/8/4829 4830/25/4830 4828/15/4828
f 4829/57/4829 4828/62/4828 4826/43/4826
f 4831/1/4831 4836/25/4836 4835/8/4835
f 4831/29/4831 4832/43/4832 4836/25/4836
f 4831/47/4831 4835/57/4835 4832/43/4832
f 4833/20/4833 4834/15/4834 4836/25/4836
f 4833/33/4833 4836/25/4836 4832/43/4832
f 4833/48/4833 4832/43/4832 4834/62/4834
f 4835/8/4835 4836/25/4836 4834/15/4834
f 4835/57/4835 4834/62/4834 4832/43/4832
f 4837/1/4837 4842/25/4842 4841/8/4841
f 4837/29/4837 4838/43/4838 4842/25/4842
f 4837/47/4837 4841/57/4841 4838/43/4838
f 4839/20/4839 4840/15/4840 4842/25/4842
f 4839/33/4839 4842/25/4842 4838/43/4838
f 4839/48/4839 4838/43/4838 4840/62/4840
f 4841/8/4841 4842/25/4842 4840/15/4840
f 4841/57/4841 4840/62/4840 4838/43/4838
f 4843/1/4843 4848/25/4848 4847/8/4847
f 4843/29/4843 4844/43/4844 4848/25/4848
f 4843/47/4843 4847/57/4847 4844/43/4844
f 4845/20/4845 4846/15/4846 4848/25/4848
f 4845/33/4845 4848/25/4848 4844/43/4844
f 4845/48/4845 4844/43/4844 4846/62/4846
f 4847/8/4847 4848/25/4848 4846/15/4846
f 4847/57/4847 4846/62/4846 4844/43/4844
f 4849/1/4849 4854/25/4854 4853/8/4853
f 4849/29/4849 4850/43/4850 4854/25/4854
f 4849/47/4849 4853/57/4853 4850/43/4850
f 4851/20/4851 4852/15/4852 4854/25/4854
f 4851/33/4851 4854/25/4854 4850/43/4850
f 4851/48/4851 4850/43/4850 4852/62/4852
f 4853/8/4853 4854/25/4854 4852/15/4852
f 4853/57/4853 4852/62/4852 4850/43/4850
f 4855/1/4855 4860/25/4860 4859/8/4859
f 4855/29/4855 4856/43/4856 4860/25/4860
f 4855/47/4855 4859/57/4859 4856/43/4856
f 4857/20/4857 4858/15/4858 4860/25/4860
f 4857/33/4857 4860/25/4860 4856/43/4856
f 4857/48/4857 4856/43/4856 4858/62/4858
f 4859/8/4859 4860/25/4860 4858/15/4858
f 4859/57/4859 4858/62/4858 4856/43/4856
f 4861/1/4861 4866/25/4866 4865/8/4865
f 4861/29/4861 4862/43/4862 4866/25/4866
f 4861/47/4861 4865/57/4865 4862/43/4862
f 4863/20/4863 4864/15/4864 4866/25/4866
f 4863/33/4863 4866/25/4866 4862/43/4862
f 4863/48/4863 4862/43/4862 4864/62/4864
f 4865/8/4865 4866/25/4866 4864/15/4864
f 4865/57/4865 4864/62/4864 4862/43/4862
f 4867/1/4867 4872/25/4872 4871/8/4871
f 4867/29/4867 4868/43/4868 4872/25/4872
f 4867/47/4867 4871/57/4871 4868/43/4868
f 4869/20/4869 4870/15/4870 4872/25/4872
f 4869/33/4869 4872/25/4872 4868/43/4868
f 4869/48/4869 4868/43/4868 4870/62/4870
f 4871/8/4871 4872/25/4872 4870/15/4870
f 4871/57/4871 4870/62/4870 4868/43/4868
f 4873/1/4873 4878/25/4878 4877/8/4877
f 4873/29/4873 4874/43/4874 4878/25/4878
f 4873/47/4873 4877/57/4877 4874/43/4874
f 4875/20/4875 4876/15/4876 4878/25/4878
f 4875/33/4875 4878/25/4878 4874/43/4874
f 4875/48/4875 4874/43/4874 4876/62/4876
f 4877/8/4877 4878/25/4878 4876/15/4876
f 4877/57/4877 4876/62/4876 4874/43/4874
f 4879/1/4879 4884/25/4884 4883/8/4883
f 4879/29/4879 4880/43/4880 4884/25/4884
f 4879/47/4879 4883/57/4883 4880/43/4880
f 4881/20/4881 4882/15/4882 4884/25/4884
f 4881/33/4881 4884/25/4884 4880/43/4880
f 4881/48/4881 4880/43/4880 4882/62/4882
f 4883/8/4883 4884/25/4884 4882/15/4882
f 4883/57/4883 4882/62/4882 4880/43/4880
f 4885/1/4885 4890/25/4890 4889/8/4889
f 4885/29/4885 4886/43/4886 4890/25/4890
f 4885/47/4885 4889/57/4889 4886/43/4886
f 4887/20/4887 4888/15/4888 4890/25/4890
f 4887/33/4887 4890/25/4890 4886/43/4886
f 4887/48/4887 4886/43/4886 4888/62/4888
f 4889/8/4889 4890/25/4890 4888/15/4888
f 4889/57/4889 4888/62/4888 4886/43/4886
f 4891/1/4891 4896/25/4896 4895/8/4895
f 4891/29/4891 4892/43/4892 4896/25/4896
f 4891/47/4891 4895/57/4895 4892/43/4892
f 4893/20/4893 4894/15/4894 4896/25/4896
f 4893/33/4893 4896/25/4896 4892/43/4892
f 4893/48/4893 4892/43/4892 4894/62/4894
f 4895/8/4895 4896/25/4896 4894/15/4894
f 4895/57/4895 4894/62/4894 4892/43/4892
f 4897/1/4897 4902/25/4902 4901/8/4901
f 4897/29/4897 4898/43/4898 4902/25/4902
f 4897/47/4897 4901/57/4901 4898/43/4898
f 4899/20/4899 4900/15/4900 4902/25/4902
f 4899/33/4899 4902/25/4902 4898/43/4898
f 4899/48/4899 4898/43/4898 4900/62/4900
f 4901/8/4901 4902/25/4902 4900/15/4900
f 4901/57/4901 4900/62/4900 4898/43/4898
f 4903/1/4903 4908/25/4908 4907/8/4907
f 4903/29/4903 4904/43/4904 4908/25/4908
f 4903/47/4903 4907/57/4907 4904/43/4904
f 4905/20/4905 4906/15/4906 4908/25/4908
f 4905/33/4905 4908/25/4908 4904/43/4904
f 4905/48/4905 4904/43/4904 4906/62/4906
f 4907/8/4907 4908/25/4908 4906/15/4906
f 4907/57/4907 4906/62/4906 4904/43/4904
f 4909/1/4909 4914/25/4914 4913/8/4913
f 4909/29/4909 4910/43/4910 4914/25/4914
f 4909/47/4909 4913/57/4913 4910/43/4910
f 4911/20/4911 4912/15/4912 4914/25/4914
f 4911/33/4911 4914/25/4914 4910/43/4910
f 4911/48/4911 4910/43/4910 4912/62/4912
f 4913/8/4913 4914/25/4914 4912/15/4912
f 4913/57/4913 4912/62/4912 4910/43/4910
f 4915/1/4915 4920/25/4920 4919/8/4919
f 4915/29/4915 4916/43/4916 4920/25/4920
f 4915/47/4915 4919/57/4919 4916/43/4916
f 4917/20/4917 4918/15/4918 4920/25/4920
f 4917/33/4917 4920/25/4920 4916/43/4916
f 4917/48/4917 4916/43/4916 4918/62/4918
f 4919/8/4919 4920/25/4920 4918/15/4918
f 4919/57/4919 4918/62/4918 4916/43/4916
f 4921/1/4921 4926/25/4926 4925/8/4925
f 4921/29/4921 4922/43/4922 4926/25/4926
f 4921/47/4921 4925/57/4925 4922/43/4922
f 4923/20/4923 4924/15/4924 4926/25/4926
f 4923/33/4923 4926/25/4926 4922/43/4922
f 4923/48/4923 4922/43/4922 4924/62/4924
f 4925/8/4925 4926/25/4926 4924/15/4924
f 4925/57/4925 4924/62/4924 4922/43/4922
f 4927/1/4927 4932/25/4932 4931/8/4931
f 4927/29/4927 4928/43/4928 4932/25/4932
f 4927/47/4927 4931/57/4931 4928/43/4928
f 4929/20/4929 4930/15/4930 4932/25/4932
f 4929/33/4929 4932/25/4932 4928/43/4928
f 4929/48/4929 4928/43/4928 4930/62/4930
f 4931/8/4931 4932/25/4932 4930/15/4930
f 4931/57/4931 4930/62/4930 4928/43/4928
f 4933/1/4933 4938/25/4938 4937/8/4937
f 4933/29/4933 4934/43/4934 4938/25/4938
f 4933/47/4933 4937/57/4937 4934/43/4934
f 4935/20/4935 4936/15/4936 4938/25/4938
f 4935/33/4935 4938/25/4938 4934/43/4934
f 4935/48/4935 4934/43/4934 4936/62/4936
f 4937/8/4937 4938/25/4938 4936/15/4936
f 4937/57/4937 4936/62/4936 4934/43/4934
f 4939/1/4939 4944/25/4944 4943/8/4943
f 4939/29/4939 4940/43/4940 4944/25/4944
f 4939/47/4939 4943/57/4943 4940/43/4940
f 4941/20/4941 4942/15/4942 4944/25/4944
f 4941/33/4941 4944/25/4944 4940/43/4940
f 4941/48/4941 4940/43/4940 4942/62/4942
f 4943/8/4943 4944/25/4944 4942/15/4942
f 4943/57/4943 4942/62/4942 4940/43/4940
f 4945/1/4945 4950/25/4950 4949/8/4949
f 4945/29/4945 4946/43/4946 4950/25/4950
f 4945/47/4945 4949/57/4949 4946/43/4946
f 4947/20/4947 4948/15/4948 4950/25/4950
f 4947/33/4947 4950/25/4950 4946/43/4946
f 4947/48/4947 4946/43/4946 4948/62/4948
f 4949/8/4949 4950/25/4950 4948/15/4948
f 4949/57/4949 4948/62/4948 4946/43/4946
f 4951/1/4951 4956/25/4956 4955/8/4955
f 4951/29/4951 4952/43/4952 4956/25/4956
f 4951/47/4951 4955/57/4955 4952/43/4952
f 4953/20/4953 4954/15/4954 4956/25/4956
f 4953/33/4953 4956/25/4956 4952/43/4952
f 4953/48/4953 4952/43/4952 4954/62/4954
f 4955/8/4955 4956/25/4956 4954/15/4954
f 4955/57/4955 4954/62/4954 4952/43/4952
f 4957/1/4957 4962/25/4962 4961/8/4961
f 4957/29/4957 4958/43/4958 4962/25/4962
f 4957/47/4957 4961/57/4961 4958/43/4958
f 4959/20/4959 4960/15/4960 4962/25/4962
f 4959/33/4959 4962/25/4962 4958/43/4958
f 4959/48/4959 4958/43/4958 4960/62/4960
f 4961/8/4961 4962/25/4962 4960/15/4960
f 4961/57/4961 4960/62/4960 4958/43/4958
f 4963/1/4963 4968/25/4968 4967/8/4967
f 4963/29/4963 4964/43/4964 4968/25/4968
f 4963/47/4963 4967/57/4967 4964/43/4964
f 4965/20/4965 4966/15/4966 4968/25/4968
f 4965/33/4965 4968/25/4968 4964/43/4964
f 4965/48/4965 4964/43/4964 4966/62/4966
f 4967/8/4967 4968/25/4968 4966/15/4966
f 4967/57/4967 4966/62/4966 4964/43/4964
f 4969/1/4969 4974/25/4974 4973/8/4973
f 4969/29/4969 4970/43/4970 4974/25/4974
f 4969/47/4969 4973/57/4973 4970/43/4970
f 4971/20/4971 4972/15/4972 4974/25/4974
f 4971/33/4971 4974/25/4974 4970/43/4970
f 4971/48/4971 4970/43/4970 4972/62/4972
f 4973/8/4973 4974/25/4974 4972/15/4972
f 4973/57/4973 4972/62/4972 4970/43/4970
f 4975/1/4975 4980/25/4980 4979/8/4979
f 4975/29/4975 4976/43/4976 4980/25/4980
f 4975/47/4975 4979/57/4979 4976/43/4976
f 4977/20/4977 4978/15/4978 4980/25/4980
f 4977/33/4977 4980/25/4980 4976/43/4976
f 4977/48/4977 4976/43/4976 4978/62/4978
f 4979/8/4979 4980/25/4980 4978/15/4978
f 4979/57/4979 4978/62/4978 4976/43/4976
f 4981/1/4981 4986/25/4986 4985/8/4985
f 4981/29/4981 4982/43/4982 4986/25/4986
f 4981/47/4981 4985/57/4985 4982/43/4982
f 4983/20/4983 4984/15/4984 4986/25/4986
f 4983/33/4983 4986/25/4986 4982/43/4982
f 4983/48/4983 4982/43/4982 4984/62/4984
f 4985/8/4985 4986/25/4986 4984/15/4984
f 4985/57/4985 4984/62/4984 4982/43/4982
f 4987/1/4987 4992/25/4992 4991/8/4991
f 4987/29/4987 4988/43/4988 4992/25/4992
f 4987/47/4987 4991/57/4991 4988/43/4988
f 4989/20/4989 4990/15/4990 4992/25/4992
f 4989/33/4989 4992/25/4992 4988/43/4988
f 4989/48/4989 4988/43/4988 4990/62/4990
f 4991/8/4991 4992/25/4992 4990/15/4990
f 4991/57/4991 4990/62/4990 4988/43/4988
f 4993/1/4993 4998/25/4998 4997/8/4997
f 4993/29/4993 4994/43/4994 4998/25/4998
f 4993/47/4993 4997/57/4997 4994/43/4994
f 4995/20/4995 4996/15/4996 4998/25/4998
f 4995/33/4995 4998/25/4998 4994/43/4994
f 4995/48/4995 4994/43/4994 4996/62/4996
f 4997/8/4997 4998/25/4998 4996/15/4996
f 4997/57/4997 4996/62/4996 4994/43/4994
f 4999/1/4999 5004/25/5004 5003/8/5003
f 4999/29/4999 5000/43/5000 5004/25/5004
f 4999/47/4999 5003/57/5003 5000/43/5000
f 5001/20/5001 5002/15/5002 5004/25/5004
f 5001/33/5001 5004/25/5004 5000/43/5000
f 5001/48/5001 5000/43/5000 5002/62/5002
f 5003/8/5003 5004/25/5004 5002/15/5002
f 5003/57/5003 5002/62/5002 5000/43/5000
f 5005/1/5005 5010/25/5010 5009/8/5009
f 5005/29/5005 5006/43/5006 5010/25/5010
f 5005/47/5005 5009/57/5009 5006/43/5006
f 5007/20/5007 5008/15/5008 5010/25/5010
f 5007/33/5007 5010/25/5010 5006/43/5006
f 5007/48/5007 5006/43/5006 5008/62/5008
f 5009/8/5009 5010/25/5010 5008/15/5008
f 5009/57/5009 5008/62/5008 5006/43/5006
f 5011/1/5011 5016/25/5016 5015/8/5015
f 5011/29/5011 5012/43/5012 5016/25/5016
f 5011/47/5011 5015/57/5015 5012/43/5012
f 5013/20/5013 5014/15/5014 5016/25/5016
f 5013/33/5013 5016/25/5016 5012/43/5012
f 5013/48/5013 5012/43/5012 5014/62/5014
f 5015/8/5015 5016/25/5016 5014/15/5014
f 5015/57/5015 5014/62/5014 5012/43/5012
f 5017/1/5017 5022/25/5022 5021/8/5021
f 5017/29/5017 5018/43/5018 5022/25/5022
f 5017/47/5017 5021/57/5021 5018/43/5018
f 5019/20/5019 5020/15/5020 5022/25/5022
f 5019/33/5019 5022/25/5022 5018/43/5018
f 5019/48/5019 5018/43/5018 5020/62/5020
f 5021/8/5021 5022/25/5022 5020/15/5020
f 5021/57/5021 5020/62/5020 5018/43/5018
f 5023/1/5023 5028/25/5028 5027/8/5027
f 5023/29/5023 5024/43/5024 5028/25/5028
f 5023/47/5023 5027/57/5027 5024/43/5024
f 5025/20/5025 5026/15/5026 5028/25/5028
f 5025/33/5025 5028/25/5028 5024/43/5024
f 5025/48/5025 5024/43/5024 5026/62/5026
f 5027/8/5027 5028/25/5028 5026/15/5026
f 5027/57/5027 5026/62/5026 5024/43/5024
f 5029/1/5029 5034/25/5034 5033/8/5033
f 5029/29/5029 5030/43/5030 5034/25/5034
f 5029/47/5029 5033/57/5033 5030/43/5030
f 5031/20/5031 5032/15/5032 5034/25/5034
f 5031/33/5031 5034/25/5034 5030/43/5030
f 5031/48/5031 5030/43/5030 5032/62/5032
f 5033/8/5033 5034/25/5034 5032/15/5032
f 5033/57/5033 5032/62/5032 5030/43/5030
f 5035/1/5035 5040/25/5040 5039/8/5039
f 5035/29/5035 5036/43/5036 5040/25/5040
f 5035/47/5035 5039/57/5039 5036/43/5036
f 5037/20/5037 5038/15/5038 5040/25/5040
f 5037/33/5037 5040/25/5040 5036/43/5036
f 5037/48/5037 5036/43/5036 5038/62/5038
f 5039/8/5039 5040/25/5040 5038/15/5038
f 5039/57/5039 5038/62/5038 5036/43/5036
f 5041/1/5041 5045/8/5045 5046/25/5046
f 5041/29/5041 5046/25/5046 5042/43/5042
f 5041/47/5041 5042/43/5042 5045/57/5045
f 5043/20/5043 5046/25/5046 5044/15/5044
f 5043/33/5043 5042/43/5042 5046/25/5046
f 5043/48/5043 5044/62/5044 5042/43/5042
f 5045/8/5045 5044/15/5044 5046/25/5046
f 5045/57/5045 5042/43/5042 5044/62/5044
f 5047/1/5047 5051/8/5051 5052/25/5052
f 5047/29/5047 5052/25/5052 5048/43/5048
f 5047/47/5047 5048/43/5048 5051/57/5051
f 5049/20/5049 5052/25/5052 5050/15/5050
f 5049/33/5049 5048/43/5048 5052/25/5052
f 5049/48/5049 5050/62/5050 5048/43/5048
f 5051/8/5051 5050/15/5050 5052/25/5052
f 5051/57/5051 5048/43/5048 5050/62/5050
f 5053/1/5053 5057/8/5057 5058/25/5058
f 5053/29/5053 5058/25/5058 5054/43/5054
f 5053/47/5053 5054/43/5054 5057/57/5057
f 5055/20/5055 5058/25/5058 5056/15/5056
f 5055/33/5055 5054/43/5054 5058/25/5058
f 5055/48/5055 5056/62/5056 5054/43/5054
f 5057/8/5057 5056/15/5056 5058/25/5058
f 5057/57/5057 5054/43/5054 5056/62/5056
f 5059/1/5059 5063/8/5063 5064/25/5064
f 5059/29/5059 5064/25/5064 5060/43/5060
f 5059/47/5059 5060/43/5060 5063/57/5063
f 5061/20/5061 5064/25/5064 5062/15/5062
f 5061/33/5061 5060/43/5060 5064/25/5064
f 5061/48/5061 5062/62/5062 5060/43/5060
f 5063/8/5063 5062/15/5062 5064/25/5064
f 5063/57/5063 5060/43/5060 5062/62/5062
f 5065/1/5065 5069/8/5069 5070/25/5070
f 5065/29/5065 5070/25/5070 5066/43/5066
f 5065/47/5065 5066/43/5066 5069/57/5069
f 5067/20/5067 5070/25/5070 5068/15/5068
f 5067/33/5067 5066/43/5066 5070/25/5070
f 5067/48/5067 5068/62/5068 5066/43/5066
f 5069/8/5069 5068/15/5068 5070/25/5070
f 5069/57/5069 5066/43/5066 5068/62/5068
f 5071/1/5071 5075/8/5075 5076/25/5076
f 5071/29/5071 5076/25/5076 5072/43/5072
f 5071/47/5071 5072/43/5072 5075/57/5075
f 5073/20/5073 5076/25/5076 5074/15/5074
f 5073/33/5073 5072/43/5072 5076/25/5076
f 5073/48/5073 5074/62/5074 5072/43/5072
f 5075/8/5075 5074/15/5074 5076/25/5076
f 5075/57/5075 5072/43/5072 5074/62/5074
f 5077/1/5077 5081/8/5081 5082/25/5082
f 5077/29/5077 5082/25/5082 5078/43/5078
f 5077/47/5077 5078/43/5078 5081/57/5081
f 5079/20/5079 5082/25/5082 5080/15/5080
f 5079/33/5079 5078/43/5078 5082/25/5082
f 5079/48/5079 5080/62/5080 5078/43/5078
f 5081/8/5081 5080/15/5080 5082/25/5082
f 5081/57/5081 5078/43/5078 5080/62/5080
f 5083/1/5083 5087/8/5087 5088/25/5088
f 5083/29/5083 5088/25/5088 5084/43/5084
f 5083/47/5083 5084/43/5084 5087/57/5087
f 5085/20/5085 5088/25/5088 5086/15/5086
f 5085/33/5085 5084/43/5084 5088/25/5088
f 5085/48/5085 5086/62/5086 5084/43/5084
f 5087/8/5087 5086/15/5086 5088/25/5088
f 5087/57/5087 5084/43/5084 5086/62/5086
f 5089/1/5089 5093/8/5093 5094/25/5094
f 5089/29/5089 5094/25/5094 5090/43/5090
f 5089/47/5089 5090/43/5090 5093/57/5093
f 5091/20/5091 5094/25/5094 5092/15/5092
f 5091/33/5091 5090/43/5090 5094/25/5094
f 5091/48/5091 5092/62/5092 5090/43/5090
f 5093/8/5093 5092/15/5092 5094/25/5094
f 5093/57/5093 5090/43/5090 5092/62/5092
f 5095/1/5095 5099/8/5099 5100/25/5100
f 5095/29/5095 5100/25/5100 5096/43/5096
f 5095/47/5095 5096/43/5096 5099/57/5099
f 5097/20/5097 5100/25/5100 5098/15/5098
f 5097/33/5097 5096/43/5096 5100/25/5100
f 5097/48/5097 5098/62/5098 5096/43/5096
f 5099/8/5099 5098/15/5098 5100/25/5100
f 5099/57/5099 5096/43/5096 5098/62/5098
f 5101/1/5101 5105/8/5105 5106/25/5106
f 5101/29/5101 5106/25/5106 5102/43/5102
f 5101/47/5101 5102/43/5102 5105/57/5105
f 5103/20/5103 5106/25/5106 5104/15/5104
f 5103/33/5103 5102/43/5102 5106/25/5106
f 5103/48/5103 5104/62/5104 5102/43/5102
f 5105/8/5105 5104/15/5104 5106/25/5106
f 5105/57/5105 5102/43/5102 5104/62/5104
f 5107/1/5107 5111/8/5111 5112/25/5112
f 5107/29/5107 5112/25/5112 5108/43/5108
f 5107/47/5107 5108/43/5108 5111/57/5111
f 5109/20/5109 5112/25/5112 5110/15/5110
f 5109/33/5109 5108/43/5108 5112/25/5112
f 5109/48/5109 5110/62/5110 5108/43/5108
f 5111/8/5111 5110/15/5110 5112/25/5112
f 5111/57/5111 5108/43/5108 5110/62/5110
f 5113/1/5113 5117/8/5117 5118/25/5118
f 5113/29/5113 5118/25/5118 5114/43/5114
f 5113/47/5113 5114/43/5114 5117/57/5117
f 5115/20/5115 5118/25/5118 5116/15/5116
f 5115/33/5115 5114/43/5114 5118/25/5118
f 5115/48/5115 5116/62/5116 5114/43/5114
f 5117/8/5117 5116/15/5116 5118/25/5118
f 5117/57/5117 5114/43/5114 5116/62/5116
f 5119/1/5119 5123/8/5123 5124/25/5124
f 5119/29/5119 5124/25/5124 5120/43/5120
f 5119/47/5119 5120/43/5120 5123/57/5123
f 5121/20/5121 5124/25/5124 5122/15/5122
f 5121/33/5121 5120/43/5120 5124/25/5124
f 5121/48/5121 5122/62/5122 5120/43/5120
f 5123/8/5123 5122/15/5122 5124/25/5124
f 5123/57/5123 5120/43/5120 5122/62/5122
f 5125/1/5125 5129/8/5129 5130/25/5130
f 5125/29/5125 5130/25/5130 5126/43/5126
f 5125/47/5125 5126/43/5126 5129/57/5129
f 5127/20/5127 5130/25/5130 5128/15/5128
f 5127/33/5127 5126/43/5126 5130/25/5130
f 5127/48/5127 5128/62/5128 5126/43/5126
f 5129/8/5129 5128/15/5128 5130/25/5130
f 5129/57/5129 5126/43/5126 5128/62/5128
f 5131/1/5131 5135/8/5135 5136/25/5136
f 5131/29/5131 5136/25/5136 5132/43/5132
f 5131/47/5131 5132/43/5132 5135/57/5135
f 5133/20/5133 5136/25/5136 5134/15/5134
f 5133/33/5133 5132/43/5132 5136/25/5136
f 5133/48/5133 5134/62/5134 5132/43/5132
f 5135/8/5135 5134/15/5134 5136/25/5136
f 5135/57/5135 5132/43/5132 5134/62/5134
f 5137/1/5137 5141/8/5141 5142/25/5142
f 5137/29/5137 5142/25/5142 5138/43/5138
f 5137/47/5137 5138/43/5138 5141/57/5141
f 5139/20/5139 5142/25/5142 5140/15/5140
f 5139/33/5139 5138/43/5138 5142/25/5142
f 5139/48/5139 5140/62/5140 5138/43/5138
f 5141/8/5141 5140/15/5140 5142/25/5142
f 5141/57/5141 5138/43/5138 5140/62/5140
f 5143/1/5143 5147/8/5147 5148/25/5148
f 5143/29/5143 5148/25/5148 5144/43/5144
f 5143/47/5143 5144/43/5144 5147/57/5147
f 5145/20/5145 5148/25/5148 5146/15/5146
f 5145/33/5145 5144/43/5144 5148/25/5148
f 5145/48/5145 5146/62/5146 5144/43/5144
f 5147/8/5147 5146/15/5146 5148/25/5148
f 5147/57/5147 5144/43/5144 5146/62/5146
f 5149/1/5149 5153/8/5153 5154/25/5154
f 5149/29/5149 5154/25/5154 5150/43/5150
f 5149/47/5149 5150/43/5150 5153/57/5153
f 5151/20/5151 5154/25/5154 5152/15/5152
f 5151/33/5151 5150/43/5150 5154/25/5154
f 5151/48/5151 5152/62/5152 5150/43/5150
f 5153/8/5153 5152/15/5152 5154/25/5154
f 5153/57/5153 5150/43/5150 5152/62/5152
f 5155/1/5155 5159/8/5159 5160/25/5160
f 5155/29/5155 5160/25/5160 5156/43/5156
f 5155/47/5155 5156/43/5156 5159/57/5159
f 5157/20/5157 5160/25/5160 5158/15/5158
f 5157/33/5157 5156/43/5156 5160/25/5160
f 5157/48/5157 5158/62/5158 5156/43/5156
f 5159/8/5159 5158/15/5158 5160/25/5160
f 5159/57/5159 5156/43/5156 5158/62/5158
f 5161/1/5161 5166/25/5166 5165/8/5165
f 5161/29/5161 5162/43/5162 5166/25/5166
f 5161/47/5161 5165/57/5165 5162/43/5162
f 5163/20/5163 5164/15/5164 5166/25/5166
f 5163/33/5163 5166/25/5166 5162/43/5162
f 5163/48/5163 5162/43/5162 5164/62/5164
f 5165/8/5165 5166/25/5166 5164/15/5164
f 5165/57/5165 5164/62/5164 5162/43/5162
f 5167/1/5167 5172/25/5172 5171/8/5171
f 5167/29/5167 5168/43/5168 5172/25/5172
f 5167/47/5167 5171/57/5171 5168/43/5168
f 5169/20/5169 5170/15/5170 5172/25/5172
f 5169/33/5169 5172/25/5172 5168/43/5168
f 5169/48/5169 5168/43/5168 5170/62/5170
f 5171/8/5171 5172/25/5172 5170/15/5170
f 5171/57/5171 5170/62/5170 5168/43/5168
f 5173/1/5173 5177/8/5177 5178/25/5178
f 5173/29/5173 5178/25/5178 5174/43/5174
f 5173/47/5173 5174/43/5174 5177/57/5177
f 5175/20/5175 5178/25/5178 5176/15/5176
f 5175/33/5175 5174/43/5174 5178/25/5178
f 5175/48/5175 5176/62/5176 5174/43/5174
f 5177/8/5177 5176/15/5176 5178/25/5178
f 5177/57/5177 5174/43/5174 5176/62/5176
f 5179/1/5179 5183/8/5183 5184/25/5184
f 5179/29/5179 5184/25/5184 5180/43/5180
f 5179/47/5179 5180/43/5180 5183/57/5183
f 5181/20/5181 5184/25/5184 5182/15/5182
f 5181/33/5181 5180/43/5180 5184/25/5184
f 5181/48/5181 5182/62/5182 5180/43/5180
f 5183/8/5183 5182/15/5182 5184/25/5184
f 5183/57/5183 5180/43/5180 5182/62/5182
f 5185/1/5185 5189/8/5189 5190/25/5190
f 5185/29/5185 5190/25/5190 5186/43/5186
f 5185/47/5185 5186/43/5186 5189/57/5189
f 5187/20/5187 5190/25/5190 5188/15/5188
f 5187/33/5187 5186/43/5186 5190/25/5190
f 5187/48/5187 5188/62/5188 5186/43/5186
f 5189/8/5189 5188/15/5188 5190/25/5190
f 5189/57/5189 5186/43/5186 5188/62/5188
f 5191/1/5191 5196/25/5196 5195/8/5195
f 5191/29/5191 5192/43/5192 5196/25/5196
f 5191/47/5191 5195/57/5195 5192/43/5192
f 5193/20/5193 5194/15/5194 5196/25/5196
f 5193/33/5193 5196/25/5196 5192/43/5192
f 5193/48/5193 5192/43/5192 5194/62/5194
f 5195/8/5195 5196/25/5196 5194/15/5194
f 5195/57/5195 5194/62/5194 5192/43/5192
f 5197/1/5197 5201/8/5201 5202/25/5202
f 5197/29/5197 5202/25/5202 5198/43/5198
f 5197/47/5197 5198/43/5198 5201/57/5201
f 5199/20/5199 5202/25/5202 5200/15/5200
f 5199/33/5199 5198/43/5198 5202/25/5202
f 5199/48/5199 5200/62/5200 5198/43/5198
f 5201/8/5201 5200/15/5200 5202/25/5202
f 5201/57/5201 5198/43/5198 5200/62/5200
f 5203/1/5203 5208/25/5208 5207/8/5207
f 5203/29/5203 5204/43/5204 5208/25/5208
f 5203/47/5203 5207/57/5207 5204/43/5204
f 5205/20/5205 5206/15/5206 5208/25/5208
f 5205/33/5205 5208/25/5208 5204/43/5204
f 5205/48/5205 5204/43/5204 5206/62/5206
f 5207/8/5207 5208/25/5208 5206/15/5206
f 5207/57/5207 5206/62/5206 5204/43/5204
f 5209/1/5209 5214/25/5214 5213/8/5213
f 5209/29/5209 5210/43/5210 5214/25/5214
f 5209/47/5209 5213/57/5213 5210/43/5210
f 5211/20/5211 5212/15/5212 5214/25/5214
f 5211/33/5211 5214/25/5214 5210/43/5210
f 5211/48/5211 5210/43/5210 5212/62/5212
f 5213/8/5213 5214/25/5214 5212/15/5212
f 5213/57/5213 5212/62/5212 5210/43/5210
f 5215/1/5215 5219/8/5219 5220/25/5220
f 5215/29/5215 5220/25/5220 5216/43/5216
f 5215/47/5215 5216/43/5216 5219/57/5219
f 5217/20/5217 5220/25/5220 5218/15/5218
f 5217/33/5217 5216/43/5216 5220/25/5220
f 5217/48/5217 5218/62/5218 5216/43/5216
f 5219/8/5219 5218/15/5218 5220/25/5220
f 5219/57/5219 5216/43/5216 5218/62/5218
f 5221/1/5221 5225/8/5225 5226/25/5226
f 5221/29/5221 5226/25/5226 5222/43/5222
f 5221/47/5221 5222/43/5222 5225/57/5225
f 5223/20/5223 5226/25/5226 5224/15/5224
f 5223/33/5223 5222/43/5222 5226/25/5226
f 5223/48/5223 5224/62/5224 5222/43/5222
f 5225/8/5225 5224/15/5224 5226/25/5226
f 5225/57/5225 5222/43/5222 5224/62/5224
f 5227/1/5227 5232/25/5232 5231/8/5231
f 5227/29/5227 5228/43/5228 5232/25/5232
f 5227/47/5227 5231/57/5231 5228/43/5228
f 5229/20/5229 5230/15/5230 5232/25/5232
f 5229/33/5229 5232/25/5232 5228/43/5228
f 5229/48/5229 5228/43/5228 5230/62/5230
f 5231/8/5231 5232/25/5232 5230/15/5230
f 5231/57/5231 5230/62/5230 5228/43/5228
f 5233/1/5233 5238/25/5238 5237/8/5237
f 5233/29/5233 5234/43/5234 5238/25/5238
f 5233/47/5233 5237/57/5237 5234/43/5234
f 5235/20/5235 5236/15/5236 5238/25/5238
f 5235/33/5235 5238/25/5238 5234/43/5234
f 5235/48/5235 5234/43/5234 5236/62/5236
f 5237/8/5237 5238/25/5238 5236/15/5236
f 5237/57/5237 5236/62/5236 5234/43/5234
f 5239/1/5239 5244/25/5244 5243/8/5243
f 5239/29/5239 5240/43/5240 5244/25/5244
f 5239/47/5239 5243/57/5243 5240/43/5240
f 5241/20/5241 5242/15/5242 5244/25/5244
f 5241/33/5241 5244/25/5244 5240/43/5240
f 5241/48/5241 5240/43/5240 5242/62/5242
f 5243/8/5243 5244/25/5244 5242/15/5242
f 5243/57/5243 5242/62/5242 5240/43/5240
f 5245/1/5245 5250/25/5250 5249/8/5249
f 5245/29/5245 5246/43/5246 5250/25/5250
f 5245/47/5245 5249/57/5249 5246/43/5246
f 5247/20/5247 5248/15/5248 5250/25/5250
f 5247/33/5247 5250/25/5250 5246/43/5246
f 5247/48/5247 5246/43/5246 5248/62/5248
f 5249/8/5249 5250/25/5250 5248/15/5248
f 5249/57/5249 5248/62/5248 5246/43/5246
f 5251/1/5251 5256/25/5256 5255/8/5255
f 5251/29/5251 5252/43/5252 5256/25/5256
f 5251/47/5251 5255/57/5255 5252/43/5252
f 5253/20/5253 5254/15/5254 5256/25/5256
f 5253/33/5253 5256/25/5256 5252/43/5252
f 5253/48/5253 5252/43/5252 5254/62/5254
f 5255/8/5255 5256/25/5256 5254/15/5254
f 5255/57/5255 5254/62/5254 5252/43/5252
f 5257/1/5257 5262/25/5262 5261/8/5261
f 5257/29/5257 5258/43/5258 5262/25/5262
f 5257/47/5257 5261/57/5261 5258/43/5258
f 5259/20/5259 5260/15/5260 5262/25/5262
f 5259/33/5259 5262/25/5262 5258/43/5258
f 5259/48/5259 5258/43/5258 5260/62/5260
f 5261/8/5261 5262/25/5262 5260/15/5260
f 5261/57/5261 5260/62/5260 5258/43/5258
f 5263/1/5263 5268/25/5268 5267/8/5267
f 5263/29/5263 5264/43/5264 5268/25/5268
f 5263/47/5263 5267/57/5267 5264/43/5264
f 5265/20/5265 5266/15/5266 5268/25/5268
f 5265/33/5265 5268/25/5268 5264/43/5264
f 5265/48/5265 5264/43/5264 5266/62/5266
f 5267/8/5267 5268/25/5268 5266/15/5266
f 5267/57/5267 5266/62/5266 5264/43/5264
f 5269/1/5269 5274/25/5274 5273/8/5273
f 5269/29/5269 5270/43/5270 5274/25/5274
f 5269/47/5269 5273/57/5273 5270/43/5270
f 5271/20/5271 5272/15/5272 5274/25/5274
f 5271/33/5271 5274/25/5274 5270/43/5270
f 5271/48/5271 5270/43/5270 5272/62/5272
f 5273/8/5273 5274/25/5274 5272/15/5272
f 5273/57/5273 5272/62/5272 5270/43/5270
f 5275/1/5275 5280/25/5280 5279/8/5279
f 5275/29/5275 5276/43/5276 5280/25/5280
f 5275/47/5275 5279/57/5279 5276/43/5276
f 5277/20/5277 5278/15/5278 5280/25/5280
f 5277/33/5277 5280/25/5280 5276/43/5276
f 5277/48/5277 5276/43/5276 5278/62/5278
f 5279/8/5279 5280/25/5280 5278/15/5278
f 5279/57/5279 5278/62/5278 5276/43/5276
f 5281/1/5281 5286/25/5286 5285/8/5285
f 5281/29/5281 5282/43/5282 5286/25/5286
f 5281/47/5281 5285/57/5285 5282/43/5282
f 5283/20/5283 5284/15/5284 5286/25/5286
f 5283/33/5283 5286/25/5286 5282/43/5282
f 5283/48/5283 5282/43/5282 5284/62/5284
f 5285/8/5285 5286/25/5286 5284/15/5284
f 5285/57/5285 5284/62/5284 5282/43/5282
f 5287/1/5287 5292/25/5292 5291/8/5291
f 5287/29/5287 5288/43/5288 5292/25/5292
f 5287/47/5287 5291/57/5291 5288/43/5288
f 5289/20/5289 5290/15/5290 5292/25/5292
f 5289/33/5289 5292/25/5292 5288/43/5288
f 5289/48/5289 5288/43/5288 5290/62/5290
f 5291/8/5291 5292/25/5292 5290/15/5290
f 5291/57/5291 5290/62/5290 5288/43/5288
f 5293/1/5293 5298/25/5298 5297/8/5297
f 5293/29/5293 5294/43/5294 5298/25/5298
f 5293/47/5293 5297/57/5297 5294/43/5294
f 5295/20/5295 5296/15/5296 5298/25/5298
f 5295/33/5295 5298/25/5298 5294/43/5294
f 5295/48/5295 5294/43/5294 5296/62/5296
f 5297/8/5297 5298/25/5298 5296/15/5296
f 5297/57/5297 5296/62/5296 5294/43/5294
f 5299/1/5299 5304/25/5304 5303/8/5303
f 5299/29/5299 5300/43/5300 5304/25/5304
f 5299/47/5299 5303/57/5303 5300/43/5300
f 5301/20/5301 5302/15/5302 5304/25/5304
f 5301/33/5301 5304/25/5304 5300/43/5300
f 5301/48/5301 5300/43/5300 5302/62/5302
f 5303/8/5303 5304/25/5304 5302/15/5302
f 5303/57/5303 5302/62/5302 5300/43/5300
f 5305/1/5305 5310/25/5310 5309/8/5309
f 5305/29/5305 5306/43/5306 5310/25/5310
f 5305/47/5305 5309/57/5309 5306/43/5306
f 5307/20/5307 5308/15/5308 5310/25/5310
f 5307/33/5307 5310/25/5310 5306/43/5306
f 5307/48/5307 5306/43/5306 5308/62/5308
f 5309/8/5309 5310/25/5310 5308/15/5308
f 5309/57/5309 5308/62/5308 5306/43/5306
f 5311/1/5311 5316/25/5316 5315/8/5315
f 5311/29/5311 5312/43/5312 5316/25/5316
f 5311/47/5311 5315/57/5315 5312/43/5312
f 5313/20/5313 5314/15/5314 5316/25/5316
f 5313/33/5313 5316/25/5316 5312/43/5312
f 5313/48/5313 5312/43/5312 5314/62/5314
f 5315/8/5315 5316/25/5316 5314/15/5314
f 5315/57/5315 5314/62/5314 5312/43/5312
f 5317/1/5317 5322/25/5322 5321/8/5321
f 5317/29/5317 5318/43/5318 5322/25/5322
f 5317/47/5317 5321/57/5321 5318/43/5318
f 5319/20/5319 5320/15/5320 5322/25/5322
f 5319/33/5319 5322/25/5322 5318/43/5318
f 5319/48/5319 5318/43/5318 5320/62/5320
f 5321/8/5321 5322/25/5322 5320/15/5320
f 5321/57/5321 5320/62/5320 5318/43/5318
f 5323/1/5323 5328/25/5328 5327/8/5327
f 5323/29/5323 5324/43/5324 5328/25/5328
f 5323/47/5323 5327/57/5327 5324/43/5324
f 5325/20/5325 5326/15/5326 5328/25/5328
f 5325/33/5325 5328/25/5328 5324/43/5324
f 5325/48/5325 5324/43/5324 5326/62/5326
f 5327/8/5327 5328/25/5328 5326/15/5326
f 5327/57/5327 5326/62/5326 5324/43/5324
f 5329/1/5329 5334/25/5334 5333/8/5333
f 5329/29/5329 5330/43/5330 5334/25/5334
f 5329/47/5329 5333/57/5333 5330/43/5330
f 5331/20/5331 5332/15/5332 5334/25/5334
f 5331/33/5331 5334/25/5334 5330/43/5330
f 5331/48/5331 5330/43/5330 5332/62/5332
f 5333/8/5333 5334/25/5334 5332/15/5332
f 5333/57/5333 5332/62/5332 5330/43/5330
f 5335/1/5335 5340/25/5340 5339/8/5339
f 5335/29/5335 5336/43/5336 5340/25/5340
f 5335/47/5335 5339/57/5339 5336/43/5336
f 5337/20/5337 5338/15/5338 5340/25/5340
f 5337/33/5337 5340/25/5340 5336/43/5336
f 5337/48/5337 5336/43/5336 5338/62/5338
f 5339/8/5339 5340/25/5340 5338/15/5338
f 5339/57/5339 5338/62/5338 5336/43/5336
f 5341/1/5341 5346/25/5346 5345/8/5345
f 5341/29/5341 5342/43/5342 5346/25/5346
f 5341/47/5341 5345/57/5345 5342/43/5342
f 5343/20/5343 5344/15/5344 5346/25/5346
f 5343/33/5343 5346/25/5346 5342/43/5342
f 5343/48/5343 5342/43/5342 5344/62/5344
f 5345/8/5345 5346/25/5346 5344/15/5344
f 5345/57/5345 5344/62/5344 5342/43/5342
f 5347/1/5347 5352/25/5352 5351/8/5351
f 5347/29/5347 5348/43/5348 5352/25/5352
f 5347/47/5347 5351/57/5351 5348/43/5348
f 5349/20/5349 5350/15/5350 5352/25/5352
f 5349/33/5349 5352/25/5352 5348/43/5348
f 5349/48/5349 5348/43/5348 5350/62/5350
f 5351/8/5351 5352/25/5352 5350/15/5350
f 5351/57/5351 5350/62/5350 5348/43/5348
f 5353/1/5353 5358/25/5358 5357/8/5357
f 5353/29/5353 5354/43/5354 5358/25/5358
f 5353/47/5353 5357/57/5357 5354/43/5354
f 5355/20/5355 5356/15/5356 5358/25/5358
f 5355/33/5355 5358/25/5358 5354/43/5354
f 5355/48/5355 5354/43/5354 5356/62/5356
f 5357/8/5357 5358/25/5358 5356/15/5356
f 5357/57/5357 5356/62/5356 5354/43/5354
f 5359/1/5359 5364/25/5364 5363/8/5363
f 5359/29/5359 5360/43/5360 5364/25/5364
f 5359/47/5359 5363/57/5363 5360/43/5360
f 5361/20/5361 5362/15/5362 5364/25/5364
f 5361/33/5361 5364/25/5364 5360/43/5360
f 5361/48/5361 5360/43/5360 5362/62/5362
f 5363/8/5363 5364/25/5364 5362/15/5362
f 5363/57/5363 5362/62/5362 5360/43/5360
f 5365/1/5365 5370/25/5370 5369/8/5369
f 5365/29/5365 5366/43/5366 5370/25/5370
f 5365/47/5365 5369/57/5369 5366/43/5366
f 5367/20/5367 5368/15/5368 5370/25/5370
f 5367/33/5367 5370/25/5370 5366/43/5366
f 5367/48/5367 5366/43/5366 5368/62/5368
f 5369/8/5369 5370/25/5370 5368/15/5368
f 5369/57/5369 5368/62/5368 5366/43/5366
f 5371/1/5371 5376/25/5376 5375/8/5375
f 5371/29/5371 5372/43/5372 5376/25/5376
f 5371/47/5371 5375/57/5375 5372/43/5372
f 5373/20/5373 5374/15/5374 5376/25/5376
f 5373/33/5373 5376/25/5376 5372/43/5372
f 5373/48/5373 5372/43/5372 5374/62/5374
f 5375/8/5375 5376/25/5376 5374/15/5374
f 5375/57/5375 5374/62/5374 5372/43/5372
f 5377/1/5377 5382/25/5382 5381/8/5381
f 5377/29/5377 5378/43/5378 5382/25/5382
f 5377/47/5377 5381/57/5381 5378/43/5378
f 5379/20/5379 5380/15/5380 5382/25/5382
f 5379/33/5379 5382/25/5382 5378/43/5378
f 5379/48/5379 5378/43/5378 5380/62/5380
f 5381/8/5381 5382/25/5382 5380/15/5380
f 5381/57/5381 5380/62/5380 5378/43/5378
f 5383/1/5383 5388/25/5388 5387/8/5387
f 5383/29/5383 5384/43/5384 5388/25/5388
f 5383/47/5383 5387/57/5387 5384/43/5384
f 5385/20/5385 5386/15/5386 5388/25/5388
f 5385/33/5385 5388/25/5388 5384/43/5384
f 5385/48/5385 5384/43/5384 5386/62/5386
f 5387/8/5387 5388/25/5388 5386/15/5386
f 5387/57/5387 5386/62/5386 5384/43/5384
f 5389/1/5389 5394/25/5394 5393/8/5393
f 5389/29/5389 5390/43/5390 5394/25/5394
f 5389/47/5389 5393/57/5393 5390/43/5390
f 5391/20/5391 5392/15/5392 5394/25/5394
f 5391/33/5391 5394/25/5394 5390/43/5390
f 5391/48/5391 5390/43/5390 5392/62/5392
f 5393/8/5393 5394/25/5394 5392/15/5392
f 5393/57/5393 5392/62/5392 5390/43/5390
f 5395/1/5395 5400/25/5400 5399/8/5399
f 5395/29/5395 5396/43/5396 5400/25/5400
f 5395/47/5395 5399/57/5399 5396/43/5396
f 5397/20/5397 5398/15/5398 5400/25/5400
f 5397/33/5397 5400/25/5400 5396/43/5396
f 5397/48/5397 5396/43/5396 5398/62/5398
f 5399/8/5399 5400/25/5400 5398/15/5398
f 5399/57/5399 5398/62/5398 5396/43/5396
f 5401/1/5401 5406/25/5406 5405/8/5405
f 5401/29/5401 5402/43/5402 5406/25/5406
f 5401/47/5401 5405/57/5405 5402/43/5402
f 5403/20/5403 5404/15/5404 5406/25/5406
f 5403/33/5403 5406/25/5406 5402/43/5402
f 5403/48/5403 5402/43/5402 5404/62/5404
f 5405/8/5405 5406/25/5406 5404/15/5404
f 5405/57/5405 5404/62/5404 5402/43/5402
f 5407/1/5407 5412/25/5412 5411/8/5411
f 5407/29/5407 5408/43/5408 5412/25/5412
f 5407/47/5407 5411/57/5411 5408/43/5408
f 5409/20/5409 5410/15/5410 5412/25/5412
f 5409/33/5409 5412/25/5412 5408/43/5408
f 5409/48/5409 5408/43/5408 5410/62/5410
f 5411/8/5411 5412/25/5412 5410/15/5410
f 5411/57/5411 5410/62/5410 5408/43/5408
f 5413/1/5413 5418/25/5418 5417/8/5417
f 5413/29/5413 5414/43/5414 5418/25/5418
f 5413/47/5413 5417/57/5417 5414/43/5414
f 5415/20/5415 5416/15/5416 5418/25/5418
f 5415/33/5415 5418/25/5418 5414/43/5414
f 5415/48/5415 5414/43/5414 5416/62/5416
f 5417/8/5417 5418/25/5418 5416/15/5416
f 5417/57/5417 5416/62/5416 5414/43/5414
f 5419/1/5419 5424/25/5424 5423/8/5423
f 5419/29/5419 5420/43/5420 5424/25/5424
f 5419/47/5419 5423/57/5423 5420/43/5420
f 5421/20/5421 5422/15/5422 5424/25/5424
f 5421/33/5421 5424/25/5424 5420/43/5420
f 5421/48/5421 5420/43/5420 5422/62/5422
f 5423/8/5423 5424/25/5424 5422/15/5422
f 5423/57/5423 5422/62/5422 5420/43/5420
f 5425/1/5425 5430/25/5430 5429/8/5429
f 5425/29/5425 5426/43/5426 5430/25/5430
f 5425/47/5425 5429/57/5429 5426/43/5426
f 5427/20/5427 5428/15/5428 5430/25/5430
f 5427/33/5427 5430/25/5430 5426/43/5426
f 5427/48/5427 5426/43/5426 5428/62/5428
f 5429/8/5429 5430/25/5430 5428/15/5428
f 5429/57/5429 5428/62/5428 5426/43/5426
f 5431/1/5431 5436/25/5436 5435/8/5435
f 5431/29/5431 5432/43/5432 5436/25/5436
f 5431/47/5431 5435/57/5435 5432/43/5432
f 5433/20/5433 5434/15/5434 5436/25/5436
f 5433/33/5433 5436/25/5436 5432/43/5432
f 5433/48/5433 5432/43/5432 5434/62/5434
f 5435/8/5435 5436/25/5436 5434/15/5434
f 5435/57/5435 5434/62/5434 5432/43/5432
f 5437/1/5437 5442/25/5442 5441/8/5441
f 5437/29/5437 5438/43/5438 5442/25/5442
f 5437/47/5437 5441/57/5441 5438/43/5438
f 5439/20/5439 5440/15/5440 5442/25/5442
f 5439/33/5439 5442/25/5442 5438/43/5438
f 5439/48/5439 5438/43/5438 5440/62/5440
f 5441/8/5441 5442/25/5442 5440/15/5440
f 5441/57/5441 5440/62/5440 5438/43/5438
f 5443/1/5443 5448/25/5448 5447/8/5447
f 5443/29/5443 5444/43/5444 5448/25/5448
f 5443/47/5443 5447/57/5447 5444/43/5444
f 5445/20/5445 5446/15/5446 5448/25/5448
f 5445/33/5445 5448/25/5448 5444/43/5444
f 5445/48/5445 5444/43/5444 5446/62/5446
f 5447/8/5447 5448/25/5448 5446/15/5446
f 5447/57/5447 5446/62/5446 5444/43/5444
f 5449/1/5449 5454/25/5454 5453/8/5453
f 5449/29/5449 5450/43/5450 5454/25/5454
f 5449/47/5449 5453/57/5453 5450/43/5450
f 5451/20/5451 5452/15/5452 5454/25/5454
f 5451/33/5451 5454/25/5454 5450/43/5450
f 5451/48/5451 5450/43/5450 5452/62/5452
f 5453/8/5453 5454/25/5454 5452/15/5452
f 5453/57/5453 5452/62/5452 5450/43/5450
f 5455/1/5455 5460/25/5460 5459/8/5459
f 5455/29/5455 5456/43/5456 5460/25/5460
f 5455/47/5455 5459/57/5459 5456/43/5456
f 5457/20/5457 5458/15/5458 5460/25/5460
f 5457/33/5457 5460/25/5460 5456/43/5456
f 5457/48/5457 5456/43/5456 5458/62/5458
f 5459/8/5459 5460/25/5460 5458/15/5458
f 5459/57/5459 5458/62/5458 5456/43/5456
f 5461/1/5461 5466/25/5466 5465/8/5465
f 5461/29/5461 5462/43/5462 5466/25/5466
f 5461/47/5461 5465/57/5465 5462/43/5462
f 5463/20/5463 5464/15/5464 5466/25/5466
f 5463/33/5463 5466/25/5466 5462/43/5462
f 5463/48/5463 5462/43/5462 5464/62/5464
f 5465/8/5465 5466/25/5466 5464/15/5464
f 5465/57/5465 5464/62/5464 5462/43/5462
f 5467/1/5467 5472/25/5472 5471/8/5471
f 5467/29/5467 5468/43/5468 5472/25/5472
f 5467/47/5467 5471/57/5471 5468/43/5468
f 5469/20/5469 5470/15/5470 5472/25/5472
f 5469/33/5469 5472/25/5472 5468/43/5468
f 5469/48/5469 5468/43/5468 5470/62/5470
f 5471/8/5471 5472/25/5472 5470/15/5470
f 5471/57/5471 5470/62/5470 5468/43/5468
f 5473/1/5473 5478/25/5478 5477/8/5477
f 5473/29/5473 5474/43/5474 5478/25/5478
f 5473/47/5473 5477/57/5477 5474/43/5474
f 5475/20/5475 5476/15/5476 5478/25/5478
f 5475/33/5475 5478/25/5478 5474/43/5474
f 5475/48/5475 5474/43/5474 5476/62/5476
f 5477/8/5477 5478/25/5478 5476/15/5476
f 5477/57/5477 5476/62/5476 5474/43/5474
f 5479/1/5479 5484/25/5484 5483/8/5483
f 5479/29/5479 5480/43/5480 5484/25/5484
f 5479/47/5479 5483/57/5483 5480/43/5480
f 5481/20/5481 5482/15/5482 5484/25/5484
f 5481/33/5481 5484/25/5484 5480/43/5480
f 5481/48/5481 5480/43/5480 5482/62/5482
f 5483/8/5483 5484/25/5484 5482/15/5482
f 5483/57/5483 5482/62/5482 5480/43/5480
f 5485/1/5485 5490/25/5490 5489/8/5489
f 5485/29/5485 5486/43/5486 5490/25/5490
f 5485/47/5485 5489/57/5489 5486/43/5486
f 5487/20/5487 5488/15/5488 5490/25/5490
f 5487/33/5487 5490/25/5490 5486/43/5486
f 5487/48/5487 5486/43/5486 5488/62/5488
f 5489/8/5489 5490/25/5490 5488/15/5488
f 5489/57/5489 5488/62/5488 5486/43/5486
f 5491/1/5491 5496/25/5496 5495/8/5495
f 5491/29/5491 5492/43/5492 5496/25/5496
f 5491/47/5491 5495/57/5495 5492/43/5492
f 5493/20/5493 5494/15/5494 5496/25/5496
f 5493/33/5493 5496/25/5496 5492/43/5492
f 5493/48/5493 5492/43/5492 5494/62/5494
f 5495/8/5495 5496/25/5496 5494/15/5494
f 5495/57/5495 5494/62/5494 5492/43/5492
f 5497/1/5497 5502/25/5502 5501/8/5501
f 5497/29/5497 5498/43/5498 5502/25/5502
f 5497/47/5497 5501/57/5501 5498/43/5498
f 5499/20/5499 5500/15/5500 5502/25/5502
f 5499/33/5499 5502/25/5502 5498/43/5498
f 5499/48/5499 5498/43/5498 5500/62/5500
f 5501/8/5501 5502/25/5502 5500/15/5500
f 5501/57/5501 5500/62/5500 5498/43/5498
f 5503/1/5503 5508/25/5508 5507/8/5507
f 5503/29/5503 5504/43/5504 5508/25/5508
f 5503/47/5503 5507/57/5507 5504/43/5504
f 5505/20/5505 5506/15/5506 5508/25/5508
f 5505/33/5505 5508/25/5508 5504/43/5504
f 5505/48/5505 5504/43/5504 5506/62/5506
f 5507/8/5507 5508/25/5508 5506/15/5506
f 5507/57/5507 5506/62/5506 5504/43/5504
f 5509/1/5509 5514/25/5514 5513/8/5513
f 5509/29/5509 5510/43/5510 5514/25/5514
f 5509/47/5509 5513/57/5513 5510/43/5510
f 5511/20/5511 5512/15/5512 5514/25/5514
f 5511/33/5511 5514/25/5514 5510/43/5510
f 5511/48/5511 5510/43/5510 5512/62/5512
f 5513/8/5513 5514/25/5514 5512/15/5512
f 5513/57/5513 5512/62/5512 5510/43/5510
f 5515/1/5515 5520/25/5520 5519/8/5519
f 5515/29/5515 5516/43/5516 5520/25/5520
f 5515/47/5515 5519/57/5519 5516/43/5516
f 5517/20/5517 5518/15/5518 5520/25/5520
f 5517/33/5517 5520/25/5520 5516/43/5516
f 5517/48/5517 5516/43/5516 5518/62/5518
f 5519/8/5519 5520/25/5520 5518/15/5518
f 5519/57/5519 5518/62/5518 5516/43/5516
f 5521/1/5521 5525/8/5525 5526/25/5526
f 5521/29/5521 5526/25/5526 5522/43/5522
f 5521/47/5521 5522/43/5522 5525/57/5525
f 5523/20/5523 5526/25/5526 5524/15/5524
f 5523/33/5523 5522/43/5522 5526/25/5526
f 5523/48/5523 5524/62/5524 5522/43/5522
f 5525/8/5525 5524/15/5524 5526/25/5526
f 5525/57/5525 5522/43/5522 5524/62/5524
f 5527/1/5527 5531/8/5531 5532/25/5532
f 5527/29/5527 5532/25/5532 5528/43/5528
f 5527/47/5527 5528/43/5528 5531/57/5531
f 5529/20/5529 5532/25/5532 5530/15/5530
f 5529/33/5529 5528/43/5528 5532/25/5532
f 5529/48/5529 5530/62/5530 5528/43/5528
f 5531/8/5531 5530/15/5530 5532/25/5532
f 5531/57/5531 5528/43/5528 5530/62/5530
f 5533/1/5533 5537/8/5537 5538/25/5538
f 5533/29/5533 5538/25/5538 5534/43/5534
f 5533/47/5533 5534/43/5534 5537/57/5537
f 5535/20/5535 5538/25/5538 5536/15/5536
f 5535/33/5535 5534/43/5534 5538/25/5538
f 5535/48/5535 5536/62/5536 5534/43/5534
f 5537/8/5537 5536/15/5536 5538/25/5538
f 5537/57/5537 5534/43/5534 5536/62/5536
f 5539/1/5539 5543/8/5543 5544/25/5544
f 5539/29/5539 5544/25/5544 5540/43/5540
f 5539/47/5539 5540/43/5540 5543/57/5543
f 5541/20/5541 5544/25/5544 5542/15/5542
f 5541/33/5541 5540/43/5540 5544/25/5544
f 5541/48/5541 5542/62/5542 5540/43/5540
f 5543/8/5543 5542/15/5542 5544/25/5544
f 5543/57/5543 5540/43/5540 5542/62/5542
f 5545/1/5545 5549/8/5549 5550/25/5550
f 5545/29/5545 5550/25/5550 5546/43/5546
f 5545/47/5545 5546/43/5546 5549/57/5549
f 5547/20/5547 5550/25/5550 5548/15/5548
f 5547/33/5547 5546/43/5546 5550/25/5550
f 5547/48/5547 5548/62/5548 5546/43/5546
f 5549/8/5549 5548/15/5548 5550/25/5550
f 5549/57/5549 5546/43/5546 5548/62/5548
f 5551/1/5551 5556/25/5556 5555/8/5555
f 5551/29/5551 5552/43/5552 5556/25/5556
f 5551/47/5551 5555/57/5555 5552/43/5552
f 5553/20/5553 5554/15/5554 5556/25/5556
f 5553/33/5553 5556/25/5556 5552/43/5552
f 5553/48/5553 5552/43/5552 5554/62/5554
f 5555/8/5555 5556/25/5556 5554/15/5554
f 5555/57/5555 5554/62/5554 5552/43/5552
f 5557/1/5557 5561/8/5561 5562/25/5562
f 5557/29/5557 5562/25/5562 5558/43/5558
f 5557/47/5557 5558/43/5558 5561/57/5561
f 5559/20/5559 5562/25/5562 5560/15/5560
f 5559/33/5559 5558/43/5558 5562/25/5562
f 5559/48/5559 5560/62/5560 5558/43/5558
f 5561/8/5561 5560/15/5560 5562/25/5562
f 5561/57/5561 5558/43/5558 5560/62/5560
f 5563/1/5563 5567/8/5567 5568/25/5568
f 5563/29/5563 5568/25/5568 5564/43/5564
f 5563/47/5563 5564/43/5564 5567/57/5567
f 5565/20/5565 5568/25/5568 5566/15/5566
f 5565/33/5565 5564/43/5564 5568/25/5568
f 5565/48/5565 5566/62/5566 5564/43/5564
f 5567/8/5567 5566/15/5566 5568/25/5568
f 5567/57/5567 5564/43/5564 5566/62/5566
f 5569/1/5569 5573/8/5573 5574/25/5574
f 5569/29/5569 5574/25/5574 5570/43/5570
f 5569/47/5569 5570/43/5570 5573/57/5573
f 5571/20/5571 5574/25/5574 5572/15/5572
f 5571/33/5571 5570/43/5570 5574/25/5574
f 5571/48/5571 5572/62/5572 5570/43/5570
f 5573/8/5573 5572/15/5572 5574/25/5574
f 5573/57/5573 5570/43/5570 5572/62/5572
f 5575/1/5575 5579/8/5579 5580/25/5580
f 5575/29/5575 5580/25/5580 5576/43/5576
f 5575/47/5575 5576/43/5576 5579/57/5579
f 5577/20/5577 5580/25/5580 5578/15/5578
f 5577/33/5577 5576/43/5576 5580/25/5580
f 5577/48/5577 5578/62/5578 5576/43/5576
f 5579/8/5579 5578/15/5578 5580/25/5580
f 5579/57/5579 5576/43/5576 5578/62/5578
f 5581/1/5581 5585/8/5585 5586/25/5586
f 5581/29/5581 5586/25/5586 5582/43/5582
f 5581/47/5581 5582/43/5582 5585/57/5585
f 5583/20/5583 5586/25/5586 5584/15/5584
f 5583/33/5583 5582/43/5582 5586/25/5586
f 5583/48/5583 5584/62/5584 5582/43/5582
f 5585/8/5585 5584/15/5584 5586/25/5586
f 5585/57/5585 5582/43/5582 5584/62/5584
f 5587/1/5587 5591/8/5591 5592/25/5592
f 5587/29/5587 5592/25/5592 5588/43/5588
f 5587/47/5587 5588/43/5588 5591/57/5591
f 5589/20/5589 5592/25/5592 5590/15/5590
f 5589/33/5589 5588/43/5588 5592/25/5592
f 5589/48/5589 5590/62/5590 5588/43/5588
f 5591/8/5591 5590/15/5590 5592/25/5592
f 5591/57/5591 5588/43/5588 5590/62/5590
f 5593/1/5593 5597/8/5597 5598/25/5598
f 5593/29/5593 5598/25/5598 5594/43/5594
f 5593/47/5593 5594/43/5594 5597/57/5597
f 5595/20/5595 5598/25/5598 5596/15/5596
f 5595/33/5595 5594/43/5594 5598/25/5598
f 5595/48/5595 5596/62/5596 5594/43/5594
f 5597/8/5597 5596/15/5596 5598/25/5598
f 5597/57/5597 5594/43/5594 5596/62/5596
f 5599/1/5599 5603/8/5603 5604/25/5604
f 5599/29/5599 5604/25/5604 5600/43/5600
f 5599/47/5599 5600/43/5600 5603/57/5603
f 5601/20/5601 5604/25/5604 5602/15/5602
f 5601/33/5601 5600/43/5600 5604/25/5604
f 5601/48/5601 5602/62/5602 5600/43/5600
f 5603/8/5603 5602/15/5602 5604/25/5604
f 5603/57/5603 5600/43/5600 5602/62/5602
f 5605/1/5605 5609/8/5609 5610/25/5610
f 5605/29/5605 5610/25/5610 5606/43/5606
f 5605/47/5605 5606/43/5606 5609/57/5609
f 5607/20/5607 5610/25/5610 5608/15/5608
f 5607/33/5607 5606/43/5606 5610/25/5610
f 5607/48/5607 5608/62/5608 5606/43/5606
f 5609/8/5609 5608/15/5608 5610/25/5610
f 5609/57/5609 5606/43/5606 5608/62/5608
f 5611/1/5611 5615/8/5615 5616/25/5616
f 5611/29/5611 5616/25/5616 5612/43/5612
f 5611/47/5611 5612/43/5612 5615/57/5615
f 5613/20/5613 5616/25/5616 5614/15/5614
f 5613/33/5613 5612/43/5612 5616/25/5616
f 5613/48/5613 5614/62/5614 5612/43/5612
f 5615/8/5615 5614/15/5614 5616/25/5616
f 5615/57/5615 5612/43/5612 5614/62/5614
f 5617/1/5617 5621/8/5621 5622/25/5622
f 5617/29/5617 5622/25/5622 5618/43/5618
f 5617/47/5617 5618/43/5618 5621/57/5621
f 5619/20/5619 5622/25/5622 5620/15/5620
f 5619/33/5619 5618/43/5618 5622/25/5622
f 5619/48/5619 5620/62/5620 5618/43/5618
f 5621/8/5621 5620/15/5620 5622/25/5622
f 5621/57/5621 5618/43/5618 5620/62/5620
f 5623/1/5623 5627/8/5627 5628/25/5628
f 5623/29/5623 5628/25/5628 5624/43/5624
f 5623/47/5623 5624/43/5624 5627/57/5627
f 5625/20/5625 5628/25/5628 5626/15/5626
f 5625/33/5625 5624/43/5624 5628/25/5628
f 5625/48/5625 5626/62/5626 5624/43/5624
f 5627/8/5627 5626/15/5626 5628/25/5628
f 5627/57/5627 5624/43/5624 5626/62/5626
f 5629/1/5629 5633/8/5633 5634/25/5634
f 5629/29/5629 5634/25/5634 5630/43/5630
f 5629/47/5629 5630/43/5630 5633/57/5633
f 5631/20/5631 5634/25/5634 5632/15/5632
f 5631/33/5631 5630/43/5630 5634/25/5634
f 5631/48/5631 5632/62/5632 5630/43/5630
f 5633/8/5633 5632/15/5632 5634/25/5634
f 5633/57/5633 5630/43/5630 5632/62/5632
f 5635/1/5635 5639/8/5639 5640/25/5640
f 5635/29/5635 5640/25/5640 5636/43/5636
f 5635/47/5635 5636/43/5636 5639/57/5639
f 5637/20/5637 5640/25/5640 5638/15/5638
f 5637/33/5637 5636/43/5636 5640/25/5640
f 5637/48/5637 5638/62/5638 5636/43/5636
f 5639/8/5639 5638/15/5638 5640/25/5640
f 5639/57/5639 5636/43/5636 5638/62/5638
f 5641/1/5641 5645/8/5645 5646/25/5646
f 5641/29/5641 5646/25/5646 5642/43/5642
f 5641/47/5641 5642/43/5642 5645/57/5645
f 5643/20/5643 5646/25/5646 5644/15/5644
f 5643/33/5643 5642/43/5642 5646/25/5646
f 5643/48/5643 5644/62/5644 5642/43/5642
f 5645/8/5645 5644/15/5644 5646/25/5646
f 5645/57/5645 5642/43/5642 5644/62/5644
f 5647/1/5647 5651/8/5651 5652/25/5652
f 5647/29/5647 5652/25/5652 5648/43/5648
f 5647/47/5647 5648/43/5648 5651/57/5651
f 5649/20/5649 5652/25/5652 5650/15/5650
f 5649/33/5649 5648/43/5648 5652/25/5652
f 5649/48/5649 5650/62/5650 5648/43/5648
f 5651/8/5651 5650/15/5650 5652/25/5652
f 5651/57/5651 5648/43/5648 5650/62/5650
f 5653/1/5653 5657/8/5657 5658/25/5658
f 5653/29/5653 5658/25/5658 5654/43/5654
f 5653/47/5653 5654/43/5654 5657/57/5657
f 5655/20/5655 5658/25/5658 5656/15/5656
f 5655/33/5655 5654/43/5654 5658/25/5658
f 5655/48/5655 5656/62/5656 5654/43/5654
f 5657/8/5657 5656/15/5656 5658/25/5658
f 5657/57/5657 5654/43/5654 5656/62/5656
f 5659/1/5659 5663/8/5663 5664/25/5664
f 5659/29/5659 5664/25/5664 5660/43/5660
f 5659/47/5659 5660/43/5660 5663/57/5663
f 5661/20/5661 5664/25/5664 5662/15/5662
f 5661/33/5661 5660/43/5660 5664/25/5664
f 5661/48/5661 5662/62/5662 5660/43/5660
f 5663/8/5663 5662/15/5662 5664/25/5664
f 5663/57/5663 5660/43/5660 5662/62/5662
f 5665/1/5665 5669/8/5669 5670/25/5670
f 5665/29/5665 5670/25/5670 5666/43/5666
f 5665/47/5665 5666/43/5666 5669/57/5669
f 5667/20/5667 5670/25/5670 5668/15/5668
f 5667/33/5667 5666/43/5666 5670/25/5670
f 5667/48/5667 5668/62/5668 5666/43/5666
f 5669/8/5669 5668/15/5668 5670/25/5670
f 5669/57/5669 5666/43/5666 5668/62/5668
f 5671/1/5671 5675/8/5675 5676/25/5676
f 5671/29/5671 5676/25/5676 5672/43/5672
f 5671/47/5671 5672/43/5672 5675/57/5675
f 5673/20/5673 5676/25/5676 5674/15/5674
f 5673/33/5673 5672/43/5672 5676/25/5676
f 5673/48/5673 5674/62/5674 5672/43/5672
f 5675/8/5675 5674/15/5674 5676/25/5676
f 5675/57/5675 5672/43/5672 5674/62/5674
f 5677/1/5677 5681/8/5681 5682/25/5682
f 5677/29/5677 5682/25/5682 5678/43/5678
f 5677/47/5677 5678/43/5678 5681/57/5681
f 5679/20/5679 5682/25/5682 5680/15/5680
f 5679/33/5679 5678/43/5678 5682/25/5682
f 5679/48/5679 5680/62/5680 5678/43/5678
f 5681/8/5681 5680/15/5680 5682/25/5682
f 5681/57/5681 5678/43/5678 5680/62/5680
f 5683/1/5683 5687/8/5687 5688/25/5688
f 5683/29/5683 5688/25/5688 5684/43/5684
f 5683/47/5683 5684/43/5684 5687/57/5687
f 5685/20/5685 5688/25/5688 5686/15/5686
f 5685/33/5685 5684/43/5684 5688/25/5688
f 5685/48/5685 5686/62/5686 5684/43/5684
f 5687/8/5687 5686/15/5686 5688/25/5688
f 5687/57/5687 5684/43/5684 5686/62/5686
f 5689/1/5689 5693/8/5693 5694/25/5694
f 5689/29/5689 5694/25/5694 5690/43/5690
f 5689/47/5689 5690/43/5690 5693/57/5693
f 5691/20/5691 5694/25/5694 5692/15/5692
f 5691/33/5691 5690/43/5690 5694/25/5694
f 5691/48/5691 5692/62/5692 5690/43/5690
f 5693/8/5693 5692/15/5692 5694/25/5694
f 5693/57/5693 5690/43/5690 5692/62/5692
f 5695/1/5695 5699/8/5699 5700/25/5700
f 5695/29/5695 5700/25/5700 5696/43/5696
f 5695/47/5695 5696/43/5696 5699/57/5699
f 5697/20/5697 5700/25/5700 5698/15/5698
f 5697/33/5697 5696/43/5696 5700/25/5700
f 5697/48/5697 5698/62/5698 5696/43/5696
f 5699/8/5699 5698/15/5698 5700/25/5700
f 5699/57/5699 5696/43/5696 5698/62/5698
f 5701/1/5701 5705/8/5705 5706/25/5706
f 5701/29/5701 5706/25/5706 5702/43/5702
f 5701/47/5701 5702/43/5702 5705/57/5705
f 5703/20/5703 5706/25/5706 5704/15/5704
f 5703/33/5703 5702/43/5702 5706/25/5706
f 5703/48/5703 5704/62/5704 5702/43/5702
f 5705/8/5705 5704/15/5704 5706/25/5706
f 5705/57/5705 5702/43/5702 5704/62/5704
f 5707/1/5707 5712/25/5712 5711/8/5711
f 5707/29/5707 5708/43/5708 5712/25/5712
f 5707/47/5707 5711/57/5711 5708/43/5708
f 5709/20/5709 5710/15/5710 5712/25/5712
f 5709/33/5709 5712/25/5712 5708/43/5708
f 5709/48/5709 5708/43/5708 5710/62/5710
f 5711/8/5711 5712/25/5712 5710/15/5710
f 5711/57/5711 5710/62/5710 5708/43/5708
f 5713/1/5713 5717/8/5717 5718/25/5718
f 5713/29/5713 5718/25/5718 5714/43/5714
f 5713/47/5713 5714/43/5714 5717/57/5717
f 5715/20/5715 5718/25/5718 5716/15/5716
f 5715/33/5715 5714/43/5714 5718/25/5718
f 5715/48/5715 5716/62/5716 5714/43/5714
f 5717/8/5717 5716/15/5716 5718/25/5718
f 5717/57/5717 5714/43/5714 5716/62/5716
f 5719/1/5719 5723/8/5723 5724/25/5724
f 5719/29/5719 5724/25/5724 5720/43/5720
f 5719/47/5719 5720/43/5720 5723/57/5723
f 5721/20/5721 5724/25/5724 5722/15/5722
f 5721/33/5721 5720/43/5720 5724/25/5724
f 5721/48/5721 5722/62/5722 5720/43/5720
f 5723/8/5723 5722/15/5722 5724/25/5724
f 5723/57/5723 5720/43/5720 5722/62/5722
f 5725/1/5725 5729/8/5729 5730/25/5730
f 5725/29/5725 5730/25/5730 5726/43/5726
f 5725/47/5725 5726/43/5726 5729/57/5729
f 5727/20/5727 5730/25/5730 5728/15/5728
f 5727/33/5727 5726/43/5726 5730/25/5730
f 5727/48/5727 5728/62/5728 5726/43/5726
f 5729/8/5729 5728/15/5728 5730/25/5730
f 5729/57/5729 5726/43/5726 5728/62/5728
f 5731/1/5731 5735/8/5735 5736/25/5736
f 5731/29/5731 5736/25/5736 5732/43/5732
f 5731/47/5731 5732/43/5732 5735/57/5735
f 5733/20/5733 5736/25/5736 5734/15/5734
f 5733/33/5733 5732/43/5732 5736/25/5736
f 5733/48/5733 5734/62/5734 5732/43/5732
f 5735/8/5735 5734/15/5734 5736/25/5736
f 5735/57/5735 5732/43/5732 5734/62/5734
f 5737/1/5737 5741/8/5741 5742/25/5742
f 5737/29/5737 5742/25/5742 5738/43/5738
f 5737/47/5737 5738/43/5738 5741/57/5741
f 5739/20/5739 5742/25/5742 5740/15/5740
f 5739/33/5739 5738/43/5738 5742/25/5742
f 5739/48/5739 5740/62/5740 5738/43/5738
f 5741/8/5741 5740/15/5740 5742/25/5742
f 5741/57/5741 5738/43/5738 5740/62/5740
f 5743/1/5743 5747/8/5747 5748/25/5748
f 5743/29/5743 5748/25/5748 5744/43/5744
f 5743/47/5743 5744/43/5744 5747/57/5747
f 5745/20/5745 5748/25/5748 5746/15/5746
f 5745/33/5745 5744/43/5744 5748/25/5748
f 5745/48/5745 5746/62/5746 5744/43/5744
f 5747/8/5747 5746/15/5746 5748/25/5748
f 5747/57/5747 5744/43/5744 5746/62/5746
f 5749/1/5749 5753/8/5753 5754/25/5754
f 5749/29/5749 5754/25/5754 5750/43/5750
f 5749/47/5749 5750/43/5750 5753/57/5753
f 5751/20/5751 5754/25/5754 5752/15/5752
f 5751/33/5751 5750/43/5750 5754/25/5754
f 5751/48/5751 5752/62/5752 5750/43/5750
f 5753/8/5753 5752/15/5752 5754/25/5754
f 5753/57/5753 5750/43/5750 5752/62/5752
f 5755/1/5755 5759/8/5759 5760/25/5760
f 5755/29/5755 5760/25/5760 5756/43/5756
f 5755/47/5755 5756/43/5756 5759/57/5759
f 5757/20/5757 5760/25/5760 5758/15/5758
f 5757/33/5757 5756/43/5756 5760/25/5760
f 5757/48/5757 5758/62/5758 5756/43/5756
f 5759/8/5759 5758/15/5758 5760/25/5760
f 5759/57/5759 5756/43/5756 5758/62/5758
f 5761/1/5761 5765/8/5765 5766/25/5766
f 5761/29/5761 5766/25/5766 5762/43/5762
f 5761/47/5761 5762/43/5762 5765/57/5765
f 5763/20/5763 5766/25/5766 5764/15/5764
f 5763/33/5763 5762/43/5762 5766/25/5766
f 5763/48/5763 5764/62/5764 5762/43/5762
f 5765/8/5765 5764/15/5764 5766/25/5766
f 5765/57/5765 5762/43/5762 5764/62/5764
f 5767/1/5767 5771/8/5771 5772/25/5772
f 5767/29/5767 5772/25/5772 5768/43/5768
f 5767/47/5767 5768/43/5768 5771/57/5771
f 5769/20/5769 5772/25/5772 5770/15/5770
f 5769/33/5769 5768/43/5768 5772/25/5772
f 5769/48/5769 5770/62/5770 5768/43/5768
f 5771/8/5771 5770/15/5770 5772/25/5772
f 5771/57/5771 5768/43/5768 5770/62/5770
f 5773/1/5773 5777/8/5777 5778/25/5778
f 5773/29/5773 5778/25/5778 5774/43/5774
f 5773/47/5773 5774/43/5774 5777/57/5777
f 5775/20/5775 5778/25/5778 5776/15/5776
f 5775/33/5775 5774/43/5774 5778/25/5778
f 5775/48/5775 5776/62/5776 5774/43/5774
f 5777/8/5777 5776/15/5776 5778/25/5778
f 5777/57/5777 5774/43/5774 5776/62/5776
f 5779/1/5779 5783/8/5783 5784/25/5784
f 5779/29/5779 5784/25/5784 5780/43/5780
f 5779/47/5779 5780/43/5780 5783/57/5783
f 5781/20/5781 5784/25/5784 5782/15/5782
f 5781/33/5781 5780/43/5780 5784/25/5784
f 5781/48/5781 5782/62/5782 5780/43/5780
f 5783/8/5783 5782/15/5782 5784/25/5784
f 5783/57/5783 5780/43/5780 5782/62/5782
f 5785/1/5785 5789/8/5789 5790/25/5790
f 5785/29/5785 5790/25/5790 5786/43/5786
f 5785/47/5785 5786/43/5786 5789/57/5789
f 5787/20/5787 5790/25/5790 5788/15/5788
f 5787/33/5787 5786/43/5786 5790/25/5790
f 5787/48/5787 5788/62/5788 5786/43/5786
f 5789/8/5789 5788/15/5788 5790/25/5790
f 5789/57/5789 5786/43/5786 5788/62/5788
f 5791/1/5791 5795/8/5795 5796/25/5796
f 5791/29/5791 5796/25/5796 5792/43/5792
f 5791/47/5791 5792/43/5792 5795/57/5795
f 5793/20/5793 5796/25/5796 5794/15/5794
f 5793/33/5793 5792/43/5792 5796/25/5796
f 5793/48/5793 5794/62/5794 5792/43/5792
f 5795/8/5795 5794/15/5794 5796/25/5796
f 5795/57/5795 5792/43/5792 5794/62/5794
f 5797/1/5797 5801/8/5801 5802/25/5802
f 5797/29/5797 5802/25/5802 5798/43/5798
f 5797/47/5797 5798/43/5798 5801/57/5801
f 5799/20/5799 5802/25/5802 5800/15/5800
f 5799/33/5799 5798/43/5798 5802/25/5802
f 5799/48/5799 5800/62/5800 5798/43/5798
f 5801/8/5801 5800/15/5800 5802/25/5802
f 5801/57/5801 5798/43/5798 5800/62/5800
f 5803/1/5803 5807/8/5807 5808/25/5808
f 5803/29/5803 5808/25/5808 5804/43/5804
f 5803/47/5803 5804/43/5804 5807/57/5807
f 5805/20/5805 5808/25/5808 5806/15/5806
f 5805/33/5805 5804/43/5804 5808/25/5808
f 5805/48/5805 5806/62/5806 5804/43/5804
f 5807/8/5807 5806/15/5806 5808/25/5808
f 5807/57/5807 5804/43/5804 5806/62/5806
f 5809/1/5809 5813/8/5813 5814/25/5814
f 5809/29/5809 5814/25/5814 5810/43/5810
f 5809/47/5809 5810/43/5810 5813/57/5813
f 5811/20/5811 5814/25/5814 5812/15/5812
f 5811/33/5811 5810/43/5810 5814/25/5814
f 5811/48/5811 5812/62/5812 5810/43/5810
f 5813/8/5813 5812/15/5812 5814/25/5814
f 5813/57/5813 5810/43/5810 5812/62/5812
f 5815/1/5815 5819/8/5819 5820/25/5820
f 5815/29/5815 5820/25/5820 5816/43/5816
f 5815/47/5815 5816/43/5816 5819/57/5819
f 5817/20/5817 5820/25/5820 5818/15/5818
f 5817/33/5817 5816/43/5816 5820/25/5820
f 5817/48/5817 5818/62/5818 5816/43/5816
f 5819/8/5819 5818/15/5818 5820/25/5820
f 5819/57/5819 5816/43/5816 5818/62/5818
f 5821/1/5821 5825/8/5825 5826/25/5826
f 5821/29/5821 5826/25/5826 5822/43/5822
f 5821/47/5821 5822/43/5822 5825/57/5825
f 5823/20/5823 5826/25/5826 5824/15/5824
f 5823/33/5823 5822/43/5822 5826/25/5826
f 5823/48/5823 5824/62/5824 5822/43/5822
f 5825/8/5825 5824/15/5824 5826/25/5826
f 5825/57/5825 5822/43/5822 5824/62/5824
f 5827/1/5827 5831/8/5831 5832/25/5832
f 5827/29/5827 5832/25/5832 5828/43/5828
f 5827/47/5827 5828/43/5828 5831/57/5831
f 5829/20/5829 5832/25/5832 5830/15/5830
f 5829/33/5829 5828/43/5828 5832/25/5832
f 5829/48/5829 5830/62/5830 5828/43/5828
f 5831/8/5831 5830/15/5830 5832/25/5832
f 5831/57/5831 5828/43/5828 5830/62/5830
f 5833/1/5833 5837/8/5837 5838/25/5838
f 5833/29/5833 5838/25/5838 5834/43/5834
f 5833/47/5833 5834/43/5834 5837/57/5837
f 5835/20/5835 5838/25/5838 5836/15/5836
f 5835/33/5835 5834/43/5834 5838/25/5838
f 5835/48/5835 5836/62/5836 5834/43/5834
f 5837/8/5837 5836/15/5836 5838/25/5838
f 5837/57/5837 5834/43/5834 5836/62/5836
f 5839/1/5839 5843/8/5843 5844/25/5844
f 5839/29/5839 5844/25/5844 5840/43/5840
f 5839/47/5839 5840/43/5840 5843/57/5843
f 5841/20/5841 5844/25/5844 5842/15/5842
f 5841/33/5841 5840/43/5840 5844/25/5844
f 5841/48/5841 5842/62/5842 5840/43/5840
f 5843/8/5843 5842/15/5842 5844/25/5844
f 5843/57/5843 5840/43/5840 5842/62/5842
f 5845/1/5845 5849/8/5849 5850/25/5850
f 5845/29/5845 5850/25/5850 5846/43/5846
f 5845/47/5845 5846/43/5846 5849/57/5849
f 5847/20/5847 5850/25/5850 5848/15/5848
f 5847/33/5847 5846/43/5846 5850/25/5850
f 5847/48/5847 5848/62/5848 5846/43/5846
f 5849/8/5849 5848/15/5848 5850/25/5850
f 5849/57/5849 5846/43/5846 5848/62/5848
f 5851/1/5851 5855/8/5855 5856/25/5856
f 5851/29/5851 5856/25/5856 5852/43/5852
f 5851/47/5851 5852/43/5852 5855/57/5855
f 5853/20/5853 5856/25/5856 5854/15/5854
f 5853/33/5853 5852/43/5852 5856/25/5856
f 5853/48/5853 5854/62/5854 5852/43/5852
f 5855/8/5855 5854/15/5854 5856/25/5856
f 5855/57/5855 5852/43/5852 5854/62/5854
f 5857/1/5857 5861/8/5861 5862/25/5862
f 5857/29/5857 5862/25/5862 5858/43/5858
f 5857/47/5857 5858/43/5858 5861/57/5861
f 5859/20/5859 5862/25/5862 5860/15/5860
f 5859/33/5859 5858/43/5858 5862/25/5862
f 5859/48/5859 5860/62/5860 5858/43/5858
f 5861/8/5861 5860/15/5860 5862/25/5862
f 5861/57/5861 5858/43/5858 5860/62/5860
f 5863/1/5863 5867/8/5867 5868/25/5868
f 5863/29/5863 5868/25/5868 5864/43/5864
f 5863/47/5863 5864/43/5864 5867/57/5867
f 5865/20/5865 5868/25/5868 5866/15/5866
f 5865/33/5865 5864/43/5864 5868/25/5868
f 5865/48/5865 5866/62/5866 5864/43/5864
f 5867/8/5867 5866/15/5866 5868/25/5868
f 5867/57/5867 5864/43/5864 5866/62/5866
f 5869/1/5869 5873/8/5873 5874/25/5874
f 5869/29/5869 5874/25/5874 5870/43/5870
f 5869/47/5869 5870/43/5870 5873/57/5873
f 5871/20/5871 5874/25/5874 5872/15/5872
f 5871/33/5871 5870/43/5870 5874/25/5874
f 5871/48/5871 5872/62/5872 5870/43/5870
f 5873/8/5873 5872/15/5872 5874/25/5874
f 5873/57/5873 5870/43/5870 5872/62/5872
f 5875/1/5875 5879/8/5879 5880/25/5880
f 5875/29/5875 5880/25/5880 5876/43/5876
f 5875/47/5875 5876/43/5876 5879/57/5879
f 5877/20/5877 5880/25/5880 5878/15/5878
f 5877/33/5877 5876/43/5876 5880/25/5880
f 5877/48/5877 5878/62/5878 5876/43/5876
f 5879/8/5879 5878/15/5878 5880/25/5880
f 5879/57/5879 5876/43/5876 5878/62/5878
f 5881/1/5881 5885/8/5885 5886/25/5886
f 5881/29/5881 5886/25/5886 5882/43/5882
f 5881/47/5881 5882/43/5882 5885/57/5885
f 5883/20/5883 5886/25/5886 5884/15/5884
f 5883/33/5883 5882/43/5882 5886/25/5886
f 5883/48/5883 5884/62/5884 5882/43/5882
f 5885/8/5885 5884/15/5884 5886/25/5886
f 5885/57/5885 5882/43/5882 5884/62/5884
f 5887/1/5887 5888/2/5888 5891/28/5891
f 5887/29/5887 5891/28/5891 5892/37/5892
f 5887/34/5887 5892/37/5892 5888/46/5888
f 5889/20/5889 5891/28/5891 5890/17/5890
f 5889/33/5889 5892/37/5892 5891/28/5891
f 5888/2/5888 5890/17/5890 5891/28/5891
f 5888/46/5888 5892/37/5892 5890/60/5890
f 5892/37/5892 5889/44/5889 5890/60/5890
f 5893/1/5893 5897/9/5897 5898/26/5898
f 5893/29/5893 5898/26/5898 5894/42/5894
f 5893/47/5893 5894/42/5894 5897/58/5897
f 5895/20/5895 5898/26/5898 5896/14/5896
f 5895/33/5895 5894/42/5894 5898/26/5898
f 5895/48/5895 5896/62/5896 5894/42/5894
f 5897/9/5897 5896/14/5896 5898/26/5898
f 5897/58/5897 5894/42/5894 5896/62/5896
f 5899/1/5899 5903/9/5903 5904/26/5904
f 5899/29/5899 5904/26/5904 5900/42/5900
f 5899/47/5899 5900/42/5900 5903/58/5903
f 5901/20/5901 5904/26/5904 5902/14/5902
f 5901/33/5901 5900/42/5900 5904/26/5904
f 5901/48/5901 5902/62/5902 5900/42/5900
f 5903/9/5903 5902/14/5902 5904/26/5904
f 5903/58/5903 5900/42/5900 5902/62/5902
f 5905/1/5905 5909/10/5909 5910/27/5910
f 5905/29/5905 5910/27/5910 5906/41/5906
f 5905/47/5905 5906/41/5906 5909/59/5909
f 5907/20/5907 5910/27/5910 5908/13/5908
f 5907/33/5907 5906/41/5906 5910/27/5910
f 5907/48/5907 5908/62/5908 5906/41/5906
f 5909/10/5909 5908/13/5908 5910/27/5910
f 5909/59/5909 5906/41/5906 5908/62/5908
f 5911/1/5911 5915/10/5915 5916/27/5916
f 5911/29/5911 5916/27/5916 5912/41/5912
f 5911/47/5911 5912/41/5912 5915/59/5915
f 5913/20/5913 5916/27/5916 5914/13/5914
f 5913/33/5913 5912/41/5912 5916/27/5916
f 5913/48/5913 5914/62/5914 5912/41/5912
f 5915/10/5915 5914/13/5914 5916/27/5916
f 5915/59/5915 5912/41/5912 5914/62/5914
f 5917/1/5917 5921/9/5921 5922/26/5922
f 5917/29/5917 5922/26/5922 5918/42/5918
f 5917/47/5917 5918/42/5918 5921/58/5921
f 5919/20/5919 5922/26/5922 5920/14/5920
f 5919/33/5919 5918/42/5918 5922/26/5922
f 5919/48/5919 5920/62/5920 5918/42/5918
f 5921/9/5921 5920/14/5920 5922/26/5922
f 5921/58/5921 5918/42/5918 5920/62/5920
