# https://github.com/mikedh/trimesh
v -0.03497335 -0.19951829 -0.02492765
v -0.04497999 -0.19947934 -0.13490844
v -0.03497335 -0.19947934 -0.14488080
v 0.00083111 -0.19947934 -0.14905968
v 0.03500658 -0.19951829 -0.02492765
v 0.00083111 -0.19947934 0.10081895
v -0.04497999 -0.19947934 0.09493052
v -0.05498662 -0.19944039 -0.13490844
v -0.04497999 -0.19940144 -0.20490485
v 0.03500658 -0.19947934 -0.14488080
v 0.00083111 -0.19944039 -0.17907171
v 0.04497997 -0.19940144 -0.20490485
v 0.04497997 -0.19947934 -0.13490844
v 0.05498660 -0.19944039 -0.13490844
v 0.05498660 -0.19944039 0.09493052
v 0.04497997 -0.19947934 0.09493052
v 0.03500658 -0.19940144 0.16492693
v -0.03497335 -0.19940144 0.16492693
v -0.05498662 -0.19944039 0.09493052
v -0.04497999 -0.19940144 0.15495458
v -0.06499325 -0.19932352 -0.14488080
v -0.05498662 -0.19936249 -0.20490485
v -0.04497999 -0.19936249 -0.22494453
v 0.00083111 -0.19940144 -0.20898877
v 0.04497997 -0.19936249 -0.22484955
v 0.05498660 -0.19936249 -0.20490485
v 0.06499323 -0.19932352 -0.14488080
v 0.06499323 -0.19932352 0.09493052
v 0.06499323 -0.19924562 0.16492693
v 0.05498660 -0.19936249 0.15485960
v 0.04497997 -0.19940144 0.15485960
v 0.04497997 -0.19936249 0.17489928
v 0.00083111 -0.19936249 0.18078771
v -0.04497999 -0.19936249 0.17489928
v -0.06499325 -0.19932352 0.09493052
v -0.05498662 -0.19936249 0.15495458
v -0.06499325 -0.19924562 0.16492693
v -0.07499988 -0.19901189 -0.13490844
v -0.07499988 -0.19893399 -0.20490485
v -0.06499325 -0.19924562 -0.20490485
v -0.05498662 -0.19932352 -0.22494453
v 0.00083111 -0.19936249 -0.22494453
v -0.04497999 -0.19932352 -0.23491688
v 0.04497997 -0.19932352 -0.23491688
v 0.05498660 -0.19932352 -0.22484955
v 0.06499323 -0.19924562 -0.20490485
v 0.07499987 -0.19897294 -0.17489283
v 0.07499987 -0.19901189 -0.13490844
v 0.07499987 -0.19901189 0.08486319
v 0.07499987 -0.19897294 0.12484758
v 0.07499987 -0.19889504 0.17489928
v 0.06499323 -0.19912876 0.19484399
v 0.05498660 -0.19932352 0.17489928
v 0.07499987 -0.19893399 0.15485960
v 0.04497997 -0.19932352 0.18487163
v -0.04497999 -0.19932352 0.18487163
v 0.03500658 -0.19928457 0.19484399
v 0.00083111 -0.19928457 0.19493896
v -0.03497335 -0.19928457 0.19493896
v -0.05498662 -0.19932352 0.17489928
v -0.07499988 -0.19901189 0.08495817
v -0.07499988 -0.19897294 0.12484758
v -0.07499988 -0.19889504 0.17489928
v -0.07499988 -0.19893399 0.15495458
v -0.06499325 -0.19912876 0.19493896
v -0.07499988 -0.19881712 0.19493896
v -0.08497327 -0.19819386 -0.13490844
v -0.08497327 -0.19807699 -0.22494453
v -0.07499988 -0.19889504 -0.22494453
v -0.06499325 -0.19920667 -0.22494453
v -0.05498662 -0.19928457 -0.23491688
v 0.00083111 -0.19924562 -0.24906813
v -0.04497999 -0.19908980 -0.27490127
v 0.05498660 -0.19928457 -0.23491688
v 0.04497997 -0.19908980 -0.27490127
v 0.06499323 -0.19920667 -0.22484955
v 0.07499987 -0.19893399 -0.20490485
v 0.08500650 -0.19819386 -0.13490844
v 0.08500650 -0.19819386 0.08486319
v 0.08500650 -0.19807699 0.17489928
v 0.08500650 -0.19796014 0.20491131
v 0.07499987 -0.19881712 0.19484399
v 0.05498660 -0.19928457 0.18487163
v 0.06499323 -0.19889504 0.23492335
v 0.05498660 -0.19901189 0.23492335
v 0.04497997 -0.19920667 0.20491131
v -0.05498662 -0.19928457 0.18487163
v -0.05498662 -0.19901189 0.23492335
v 0.03500658 -0.19905084 0.23492335
v -0.03497335 -0.19905084 0.23492335
v -0.08497327 -0.19819386 0.08495817
v -0.08497327 -0.19815491 0.12484758
v -0.08497327 -0.19807699 0.17489928
v -0.06499325 -0.19889504 0.23492335
v -0.07499988 -0.19858339 0.23492335
v -0.08497327 -0.19780432 0.23492335
v -0.08497327 -0.19796014 0.20491131
v -0.09497990 -0.19620721 -0.14488080
v -0.09497990 -0.19612931 -0.22494453
v -0.09497990 -0.19589558 -0.28487360
v -0.08497327 -0.19799909 -0.24488923
v -0.06499325 -0.19901189 -0.26492891
v -0.06499325 -0.19916771 -0.23491688
v -0.08497327 -0.19780432 -0.28487360
v -0.07499988 -0.19858339 -0.28487360
v -0.05498662 -0.19905084 -0.27490127
v 0.00083111 -0.19912876 -0.26901281
v -0.04497999 -0.19901189 -0.28487360
v 0.06499323 -0.19916771 -0.23491688
v 0.05498660 -0.19905084 -0.27490127
v 0.06499323 -0.19889504 -0.28487360
v 0.06499323 -0.19901189 -0.26483393
v 0.04497997 -0.19901189 -0.28487360
v 0.07499987 -0.19889504 -0.22484955
v 0.08500650 -0.19807699 -0.22484955
v 0.09497989 -0.19616826 -0.19493251
v 0.09497989 -0.19620721 -0.14488080
v 0.09497989 -0.19620721 0.09493052
v 0.09497989 -0.19612931 0.17489928
v 0.09497989 -0.19589558 0.23492335
v 0.08500650 -0.19780432 0.23492335
v 0.07499987 -0.19858339 0.23492335
v 0.06499323 -0.19877817 0.24489568
v 0.02499995 -0.19858339 0.31489211
v -0.02499996 -0.19854444 0.31498706
v -0.09497990 -0.19616826 0.14488725
v -0.09497990 -0.19620721 0.09493052
v -0.09497990 -0.19612931 0.17489928
v -0.06499325 -0.19877817 0.24489568
v -0.07499988 -0.19846654 0.24489568
v -0.08497327 -0.19768746 0.24489568
v -0.09497990 -0.19570081 0.25496304
v -0.09497990 -0.19581766 0.24489568
v -0.09497990 -0.19589558 0.23492335
v -0.10365675 -0.19238973 -0.19493251
v -0.10365675 -0.19235076 -0.23491688
v -0.10362350 -0.19231181 -0.26492891
v -0.10362350 -0.19227286 -0.28487360
v -0.10359026 -0.19219495 -0.30491328
v -0.09497990 -0.19581766 -0.29484594
v -0.06499325 -0.19889504 -0.28487360
v -0.08497327 -0.19768746 -0.29484594
v -0.07499988 -0.19846654 -0.29484594
v -0.05498662 -0.19897294 -0.28487360
v 0.00083111 -0.19897294 -0.28905249
v -0.04497999 -0.19889504 -0.29484594
v 0.07499987 -0.19858339 -0.28487360
v 0.05498660 -0.19897294 -0.28487360
v 0.06499323 -0.19877817 -0.29484594
v 0.04497997 -0.19889504 -0.29484594
v 0.08500650 -0.19799909 -0.24488923
v 0.08500650 -0.19803804 -0.23491688
v 0.08500650 -0.19780432 -0.28487360
v 0.09497989 -0.19612931 -0.22484955
v 0.10365673 -0.19238973 -0.19493251
v 0.10365673 -0.19235076 -0.24488923
v 0.10368998 -0.19238973 -0.16492046
v 0.10368998 -0.19238973 0.10490288
v 0.10365673 -0.19238973 0.14488725
v 0.10365673 -0.19235076 0.19484399
v 0.10362349 -0.19227286 0.23492335
v 0.10362349 -0.19223391 0.24489568
v 0.10359024 -0.19219495 0.25486803
v 0.09497989 -0.19581766 0.24489568
v 0.08500650 -0.19768746 0.24489568
v 0.07499987 -0.19846654 0.24489568
v 0.06499323 -0.19858339 0.25486803
v 0.03500658 -0.19803804 0.31489211
v 0.03500658 -0.19706419 0.32486445
v 0.07499987 -0.19827177 0.25486803
v 0.07499987 -0.19780432 0.27490771
v 0.07499987 -0.19753164 0.28488010
v -0.03497335 -0.19698629 0.32495946
v -0.03497335 -0.19803804 0.31498706
v -0.07499988 -0.19753164 0.28488010
v -0.07499988 -0.19780432 0.27490771
v -0.07499988 -0.19827177 0.25496304
v -0.06499325 -0.19858339 0.25496304
v -0.10365675 -0.19235076 0.19493896
v -0.10365675 -0.19238973 0.14488725
v -0.10362350 -0.19227286 0.23492335
v -0.08497327 -0.19753164 0.25496304
v -0.09497990 -0.19538918 0.27490771
v -0.10345728 -0.19196123 0.28488010
v -0.10352377 -0.19203913 0.27490771
v -0.10359026 -0.19219495 0.25496304
v -0.10867669 -0.18884490 -0.22494453
v -0.10864344 -0.18884490 -0.27490127
v -0.10857695 -0.18884490 -0.30491328
v -0.10851046 -0.18884490 -0.32495296
v -0.10844398 -0.18880595 -0.33492529
v -0.10352377 -0.19203913 -0.32495296
v -0.10345728 -0.19196123 -0.33492529
v -0.09497990 -0.19566186 -0.30491328
v -0.06499325 -0.19877817 -0.29484594
v -0.09497990 -0.19535021 -0.32495296
v -0.08497327 -0.19729792 -0.31498063
v -0.07499988 -0.19823281 -0.30491328
v 0.00083111 -0.19881712 -0.29902488
v -0.05498662 -0.19866131 -0.30491328
v -0.04497999 -0.19870026 -0.30491328
v 0.07499987 -0.19846654 -0.29484594
v 0.05498660 -0.19866131 -0.30491328
v 0.06499323 -0.19854444 -0.30491328
v 0.04497997 -0.19870026 -0.30491328
v 0.09497989 -0.19589558 -0.28487360
v 0.09497989 -0.19593453 -0.27490127
v 0.09497989 -0.19609034 -0.23491688
v 0.08500650 -0.19768746 -0.29484594
v 0.09497989 -0.19581766 -0.29484594
v 0.10362349 -0.19227286 -0.28487360
v 0.10861018 -0.18884490 -0.28487360
v 0.10851045 -0.18884490 -0.32485801
v 0.10864343 -0.18884490 -0.24488923
v 0.10867667 -0.18884490 -0.19493251
v 0.10867667 -0.18884490 0.14488725
v 0.10864343 -0.18884490 0.19484399
v 0.10861018 -0.18884490 0.23492335
v 0.10851045 -0.18884490 0.27490771
v 0.10847721 -0.18884490 0.28488010
v 0.10352375 -0.19203913 0.27490771
v 0.10349051 -0.19196123 0.28488010
v 0.09497989 -0.19570081 0.25486803
v 0.09497989 -0.19538918 0.27490771
v 0.08500650 -0.19753164 0.25486803
v 0.07499987 -0.19694734 0.29485244
v 0.08500650 -0.19566186 0.30491978
v 0.08500650 -0.19472696 0.31489211
v 0.04497997 -0.19503859 0.33483678
v 0.04497997 -0.19359729 0.34490412
v -0.04497999 -0.19355834 0.34490412
v 0.08500650 -0.19733687 0.26484042
v 0.08500650 -0.19686943 0.28488010
v 0.08500650 -0.19632407 0.29485244
v -0.04497999 -0.19499964 0.33493179
v -0.08497327 -0.19472696 0.31498706
v -0.08497327 -0.19566186 0.30482477
v -0.07499988 -0.19694734 0.29485244
v -0.08497327 -0.19632407 0.29485244
v -0.08497327 -0.19686943 0.28488010
v -0.08497327 -0.19733687 0.26493537
v -0.10854371 -0.18884490 0.27490771
v -0.10864344 -0.18884490 0.22485602
v -0.10867669 -0.18884490 0.17489928
v -0.10847722 -0.18884490 0.28488010
v -0.09497990 -0.19519441 0.28488010
v -0.10332430 -0.19180541 0.29485244
v -0.10834424 -0.18876700 0.29485244
v -0.11333094 -0.18385880 -0.32495296
v -0.11333094 -0.18381985 -0.33492529
v -0.11333094 -0.18374194 -0.34489769
v -0.11336418 -0.18362507 -0.35487002
v -0.10831100 -0.18876700 -0.34489769
v -0.10329106 -0.19176646 -0.34489769
v -0.06499325 -0.19831072 -0.31498063
v -0.09497990 -0.19507754 -0.33492529
v -0.08497327 -0.19706419 -0.32495296
v -0.07499988 -0.19776537 -0.32495296
v -0.05498662 -0.19815491 -0.32495296
v -0.04497999 -0.19819386 -0.32495296
v 0.07499987 -0.19823281 -0.30491328
v 0.08500650 -0.19729792 -0.31488562
v 0.08500650 -0.19749269 -0.30491328
v 0.05498660 -0.19815491 -0.32485801
v 0.06499323 -0.19831072 -0.31488562
v 0.00083111 -0.19819386 -0.32495296
v 0.04497997 -0.19819386 -0.32485801
v 0.10359024 -0.19219495 -0.30491328
v 0.10362349 -0.19223391 -0.29484594
v 0.09497989 -0.19535021 -0.32485801
v 0.09497989 -0.19566186 -0.30491328
v 0.10345726 -0.19196123 -0.33483034
v 0.10352375 -0.19203913 -0.32485801
v 0.11333092 -0.18385880 -0.32485801
v 0.10844396 -0.18880595 -0.33483034
v 0.11336417 -0.18362507 -0.35487002
v 0.11333092 -0.18374194 -0.34489769
v 0.11333092 -0.18381985 -0.33483034
v 0.11333092 -0.18385880 0.27490771
v 0.11333092 -0.18378089 0.29485244
v 0.11336417 -0.18366404 0.30491978
v 0.11339741 -0.18346927 0.31489211
v 0.10834423 -0.18876700 0.29485244
v 0.10332429 -0.19180541 0.29485244
v 0.09497989 -0.19519441 0.28488010
v 0.09497989 -0.19425951 0.30491978
v 0.09497989 -0.19348043 0.31489211
v 0.09497989 -0.19219495 0.32486445
v 0.08500650 -0.19332461 0.32486445
v 0.06047197 -0.19020830 0.36142975
v 0.05498660 -0.19032516 0.36180967
v -0.05498662 -0.19032516 0.36180967
v -0.06043874 -0.19020830 0.36142975
v 0.09497989 -0.19480486 0.29485244
v -0.08497327 -0.19332461 0.32495946
v -0.09497990 -0.19219495 0.32495946
v -0.09497990 -0.19348043 0.31498706
v -0.09497990 -0.19425951 0.30482477
v -0.09497990 -0.19480486 0.29485244
v -0.11333094 -0.18378089 0.29485244
v -0.11333094 -0.18385880 0.27490771
v -0.11336418 -0.18346927 0.31498706
v -0.11336418 -0.18366404 0.30482477
v -0.10309159 -0.19157168 0.30482477
v -0.10807829 -0.18865015 0.30482477
v -0.11336418 -0.18319659 0.32495946
v -0.13703436 -0.15655208 -0.43483877
v -0.13201442 -0.16231726 -0.43483877
v -0.11838412 -0.17801571 -0.37481475
v -0.13211414 -0.16235621 0.39495581
v -0.11825114 -0.17801571 -0.38497704
v -0.11336418 -0.18343031 -0.36484236
v -0.11336418 -0.18311867 -0.37481475
v -0.10804504 -0.18861118 -0.35487002
v -0.10302510 -0.19153273 -0.35487002
v -0.06499325 -0.19803804 -0.32495296
v -0.08497327 -0.19679151 -0.33492529
v -0.09497990 -0.19468801 -0.34489769
v -0.07499988 -0.19745374 -0.33492529
v -0.06499325 -0.19772641 -0.33492529
v -0.05498662 -0.19780432 -0.33492529
v -0.04497999 -0.19784327 -0.33492529
v 0.07499987 -0.19776537 -0.32485801
v 0.08500650 -0.19706419 -0.32485801
v 0.06499323 -0.19803804 -0.32485801
v 0.05498660 -0.19780432 -0.33483034
v 0.06499323 -0.19772641 -0.33483034
v 0.00083111 -0.19784327 -0.33492529
v 0.04497997 -0.19784327 -0.33483034
v 0.09497989 -0.19507754 -0.33483034
v 0.10329104 -0.19176646 -0.34489769
v 0.10831098 -0.18876700 -0.34489769
v 0.11838410 -0.17797676 -0.37490970
v 0.13201439 -0.16231726 -0.43483877
v 0.13703433 -0.15655208 -0.43483877
v 0.13211414 -0.16235621 0.39486086
v 0.11339741 -0.18343031 -0.36484236
v 0.11825112 -0.17801571 -0.38488203
v 0.11828437 -0.17801571 0.33483678
v 0.11805166 -0.17801571 0.34490412
v 0.11339741 -0.18311867 0.32486445
v 0.10807827 -0.18865015 0.30491978
v 0.10309158 -0.19157168 0.30491978
v 0.10255966 -0.19126005 0.31489211
v 0.10149583 -0.19059783 0.32486445
v 0.10053174 -0.19020830 0.33113277
v 0.09734026 -0.18966295 0.33787602
v 0.09438148 -0.19059783 0.33464688
v 0.06499323 -0.18522219 0.38488853
v 0.05498660 -0.18931235 0.36684328
v 0.08088417 -0.18054771 0.40226889
v 0.07499987 -0.18085934 0.40312368
v -0.05498662 -0.18931235 0.36674833
v -0.06499325 -0.18522219 0.38498348
v -0.09441474 -0.19059783 0.33474183
v -0.07499988 -0.18085934 0.40312368
v -0.08088418 -0.18054771 0.40226889
v -0.09734027 -0.18966295 0.33797097
v -0.10049851 -0.19020830 0.33122778
v -0.10149585 -0.19067575 0.32495946
v -0.10255968 -0.19126005 0.31498706
v -0.11805167 -0.17801571 0.34490412
v -0.11828438 -0.17801571 0.33493179
v -0.10757961 -0.18845537 0.31498706
v -0.11329769 -0.18284599 0.33493179
v -0.11765274 -0.17801571 0.35487646
v -0.15977368 -0.12971279 -0.35487002
v -0.14128965 -0.15152702 -0.43483877
v -0.13700110 -0.15643521 -0.44490612
v -0.13713408 -0.15655208 0.39495581
v -0.13201442 -0.16216144 -0.44490612
v -0.12263943 -0.17283483 0.36484885
v -0.12745991 -0.16738127 0.38498348
v -0.13204765 -0.16212249 0.40492821
v -0.13706759 -0.15639625 0.40492821
v -0.12260619 -0.17275693 -0.41489410
v -0.11798518 -0.17801571 -0.39494938
v -0.11326445 -0.18276809 -0.38497704
v -0.11755300 -0.17801571 -0.40492171
v -0.10744663 -0.18841642 -0.36484236
v -0.10242670 -0.19118215 -0.36484236
v -0.08497327 -0.19624616 -0.34489769
v -0.09497990 -0.19414265 -0.35487002
v -0.07499988 -0.19683047 -0.34489769
v -0.06499325 -0.19706419 -0.34489769
v -0.05498662 -0.19718106 -0.34489769
v -0.04497999 -0.19722001 -0.34489769
v 0.07499987 -0.19745374 -0.33483034
v 0.08500650 -0.19679151 -0.33483034
v 0.05498660 -0.19718106 -0.34489769
v 0.06499323 -0.19706419 -0.34489769
v 0.07499987 -0.19683047 -0.34489769
v 0.04497997 -0.19722001 -0.34489769
v 0.09497989 -0.19468801 -0.34489769
v 0.10302509 -0.19153273 -0.35487002
v 0.10804503 -0.18861118 -0.35487002
v 0.11336417 -0.18311867 -0.37490970
v 0.13201439 -0.16220039 -0.44490612
v 0.13703433 -0.15643521 -0.44490612
v 0.14125639 -0.15152702 -0.43483877
v 0.15980691 -0.12971279 -0.34489769
v 0.13713408 -0.15655208 0.39486086
v 0.13706759 -0.15639625 0.40483320
v 0.13208088 -0.16216144 0.40483320
v 0.11798517 -0.17801571 -0.39485443
v 0.12260617 -0.17275693 -0.41489410
v 0.12267266 -0.17248425 0.37482119
v 0.11765272 -0.17801571 0.35487646
v 0.11329768 -0.18280704 0.33483678
v 0.10757960 -0.18845537 0.31489211
v 0.10648253 -0.18818270 0.32486445
v 0.11263278 -0.18171634 0.35487646
v 0.11170194 -0.18085934 0.36484885
v 0.11067135 -0.18027504 0.37130713
v 0.10495327 -0.18471579 0.35487646
v 0.10495327 -0.18280704 0.36484885
v 0.06499323 -0.18284599 0.39486086
v 0.10076445 -0.17041968 0.43104625
v 0.08500650 -0.17684709 0.41490054
v 0.08500650 -0.17404240 0.42487288
v 0.07499987 -0.17941806 0.40806234
v -0.07499988 -0.17941806 0.40815735
v -0.08497327 -0.17404240 0.42487288
v -0.08497327 -0.17684709 0.41490054
v -0.10076447 -0.17041968 0.43114126
v -0.11063812 -0.18027504 0.37140208
v -0.10498653 -0.18280704 0.36484885
v -0.10498653 -0.18471579 0.35487646
v -0.11170195 -0.18085934 0.36484885
v -0.11263280 -0.18171634 0.35487646
v -0.10648254 -0.18818270 0.32495946
v -0.12267268 -0.17248425 0.37482119
v -0.11306497 -0.18233959 0.34490412
v -0.12243997 -0.17193890 0.38498348
v -0.16326436 -0.12476564 -0.29484594
v -0.16316462 -0.12476564 -0.31498063
v -0.16309813 -0.12476564 -0.32495296
v -0.16299841 -0.12476564 -0.33492529
v -0.16286543 -0.12472668 -0.34489769
v -0.15970719 -0.12955698 -0.36484236
v -0.15039870 -0.14046408 -0.41489410
v -0.15046519 -0.14058095 -0.40492171
v -0.15977368 -0.12971279 0.30482477
v -0.16339734 -0.12476564 -0.16492046
v -0.16336408 -0.12476564 -0.24488923
v -0.16333085 -0.12476564 -0.27490127
v -0.14115667 -0.15141015 -0.44490612
v -0.13676840 -0.15616253 -0.45497346
v -0.14122316 -0.15156597 0.39495581
v -0.13178170 -0.16181086 -0.45497346
v -0.12257294 -0.17232843 -0.42486644
v -0.13181496 -0.16169399 0.41490054
v -0.13680163 -0.15612358 0.41490054
v -0.14082423 -0.15113747 0.41490054
v -0.14105695 -0.15141015 0.40492821
v -0.11299849 -0.18222274 -0.39494938
v -0.12224049 -0.17174412 -0.43483877
v -0.11253306 -0.18156052 -0.40492171
v -0.10624983 -0.18810478 -0.37481475
v -0.09497990 -0.19332461 -0.36484236
v -0.10126314 -0.19055888 -0.37481475
v -0.08497327 -0.19554499 -0.35487002
v -0.07499988 -0.19605139 -0.35487002
v -0.06499325 -0.19628511 -0.35487002
v -0.03497335 -0.19640198 -0.35487002
v 0.08500650 -0.19624616 -0.34489769
v 0.03500658 -0.19640198 -0.35487002
v 0.06499323 -0.19628511 -0.35487002
v 0.07499987 -0.19605139 -0.35487002
v 0.08500650 -0.19554499 -0.35487002
v 0.09497989 -0.19414265 -0.35487002
v 0.10242669 -0.19118215 -0.36484236
v 0.10744662 -0.18841642 -0.36484236
v 0.11326443 -0.18276809 -0.38488203
v 0.11755299 -0.17801571 -0.40482676
v 0.12260617 -0.17232843 -0.42486644
v 0.13178170 -0.16181086 -0.45487845
v 0.13680163 -0.15612358 -0.45487845
v 0.14112341 -0.15141015 -0.44490612
v 0.15036544 -0.14046408 -0.41489410
v 0.15046516 -0.14058095 -0.40482676
v 0.15977365 -0.12971279 -0.35487002
v 0.16323110 -0.12476564 -0.30491328
v 0.16329759 -0.12476564 -0.28487360
v 0.16336408 -0.12476564 -0.22484955
v 0.15980691 -0.12971279 0.29485244
v 0.15977365 -0.12971279 0.30491978
v 0.14122316 -0.15156597 0.39486086
v 0.14105693 -0.15137120 0.40483320
v 0.13683486 -0.15612358 0.41490054
v 0.13181493 -0.16169399 0.41490054
v 0.12692797 -0.16738127 0.39486086
v 0.12243995 -0.17197785 0.38488853
v 0.11306496 -0.18233959 0.34490412
v 0.12190803 -0.17131563 0.39486086
v 0.12084421 -0.17049760 0.40483320
v 0.12004633 -0.17003015 0.41005683
v 0.12872317 -0.15955153 0.43826437
v 0.12204101 -0.16052538 0.44101858
v 0.11495990 -0.16142131 0.44244325
v 0.09497989 -0.16851094 0.43702966
v 0.09497989 -0.17096505 0.43199599
v 0.08500650 -0.17108190 0.43199599
v -0.08497327 -0.17108190 0.43209100
v -0.09497990 -0.17096505 0.43209100
v -0.09497990 -0.16854990 0.43702966
v -0.11499316 -0.16142131 0.44244325
v -0.12204102 -0.16052538 0.44111359
v -0.12872320 -0.15955153 0.43835932
v -0.12004635 -0.17003015 0.41015178
v -0.12084422 -0.17049760 0.40492821
v -0.12190805 -0.17131563 0.39495581
v -0.16761941 -0.11498819 -0.28487360
v -0.16755292 -0.11498819 -0.29484594
v -0.16741994 -0.11498819 -0.30491328
v -0.16266596 -0.12468773 -0.35487002
v -0.16725370 -0.11498819 -0.31498063
v -0.16708750 -0.11498819 -0.32495296
v -0.16688803 -0.11498819 -0.33492529
v -0.15960744 -0.12920639 -0.37481475
v -0.15013275 -0.14019141 -0.42486644
v -0.14089072 -0.15113747 -0.45497346
v -0.15970719 -0.12959594 0.31498706
v -0.16303164 -0.12476564 0.28488010
v -0.16323110 -0.12476564 0.25496304
v -0.16329759 -0.12476564 0.24489568
v -0.16333085 -0.12476564 0.22485602
v -0.16336408 -0.12476564 0.19493896
v -0.16339734 -0.12476564 0.11487523
v -0.16788536 -0.11498819 -0.04487235
v -0.16785213 -0.11498819 -0.14488080
v -0.16781887 -0.11498819 -0.21487720
v -0.16778564 -0.11498819 -0.23491688
v -0.14042529 -0.15063107 -0.46494579
v -0.13626972 -0.15561718 -0.46494579
v -0.15039870 -0.14046408 0.36484885
v -0.13128304 -0.16114864 -0.46494579
v -0.13121656 -0.16099283 0.42487288
v -0.13620323 -0.15565613 0.42487288
v -0.14042529 -0.15063107 0.42487288
v -0.15003300 -0.14007455 0.38061464
v -0.15019923 -0.14023036 0.37482119
v -0.12147587 -0.17096505 -0.44490612
v -0.11140275 -0.18074249 -0.41489410
v -0.08497327 -0.19457114 -0.36484236
v -0.10033229 -0.19009143 -0.38070315
v -0.09497990 -0.19196123 -0.37481475
v -0.07499988 -0.19499964 -0.36484236
v -0.06499325 -0.19519441 -0.36484236
v -0.05498662 -0.19527231 -0.36484236
v 0.00083111 -0.19593453 -0.35904890
v 0.05498660 -0.19527231 -0.36484236
v 0.06499323 -0.19519441 -0.36484236
v 0.07499987 -0.19499964 -0.36484236
v 0.08500650 -0.19457114 -0.36484236
v 0.09497989 -0.19332461 -0.36484236
v 0.10126312 -0.19055888 -0.37490970
v 0.11253305 -0.18156052 -0.40482676
v 0.10624982 -0.18810478 -0.37490970
v 0.11299847 -0.18222274 -0.39485443
v 0.12224048 -0.17174412 -0.43483877
v 0.13124979 -0.16114864 -0.46485084
v 0.13626972 -0.15561718 -0.46485084
v 0.14085746 -0.15113747 -0.45487845
v 0.14042529 -0.15063107 -0.46485084
v 0.15013272 -0.14019141 -0.42486644
v 0.15960744 -0.12920639 -0.37490970
v 0.15970716 -0.12955698 -0.36484236
v 0.16303164 -0.12476564 -0.33483034
v 0.16761941 -0.11498819 -0.28487360
v 0.16778561 -0.11498819 -0.22484955
v 0.16781887 -0.11498819 -0.20490485
v 0.16785210 -0.11498819 -0.16492046
v 0.16336408 -0.12476564 0.17489928
v 0.16329759 -0.12476564 0.24489568
v 0.15970716 -0.12959594 0.31489211
v 0.15039867 -0.14054200 0.36484885
v 0.16313136 -0.12476564 0.27490771
v 0.16303164 -0.12476564 0.28488010
v 0.14079097 -0.15113747 0.41490054
v 0.15019920 -0.14030828 0.37482119
v 0.14042529 -0.15063107 0.42487288
v 0.13623646 -0.15565613 0.42487288
v 0.13121653 -0.16103178 0.42487288
v 0.13055164 -0.16040851 0.43161613
v 0.13477370 -0.15487705 0.43437040
v 0.13238010 -0.15289040 0.44253820
v 0.12523249 -0.15538345 0.44510251
v 0.11495990 -0.15725325 0.44747692
v 0.10495327 -0.16282366 0.44348794
v 0.09497989 -0.16352484 0.44377285
v -0.09497990 -0.16356379 0.44386786
v -0.10498653 -0.16278471 0.44358295
v -0.11499316 -0.15717533 0.44738191
v -0.12523252 -0.15538345 0.44519752
v -0.13480696 -0.15487705 0.43437040
v -0.13055164 -0.16040851 0.43171108
v -0.13238010 -0.15289040 0.44263315
v -0.16884947 -0.10497703 -0.28487360
v -0.16911542 -0.10497703 -0.22494453
v -0.16908216 -0.10497703 -0.23491688
v -0.16894919 -0.10497703 -0.26492891
v -0.16878298 -0.10497703 -0.29484594
v -0.16233352 -0.12457087 -0.36484236
v -0.16861674 -0.10497703 -0.30491328
v -0.16821781 -0.10497703 -0.32495296
v -0.16795185 -0.10497703 -0.33492529
v -0.16648909 -0.11498819 -0.34489769
v -0.15940797 -0.12838836 -0.38497704
v -0.14996651 -0.13995768 -0.43009007
v -0.15960744 -0.12932326 0.32495946
v -0.16269919 -0.12468773 0.30482477
v -0.16289866 -0.12472668 0.29485244
v -0.16741994 -0.11498819 0.25496304
v -0.16755292 -0.11498819 0.24489568
v -0.16761941 -0.11498819 0.23492335
v -0.16778564 -0.11498819 0.18487163
v -0.16781887 -0.11498819 0.16492693
v -0.16785213 -0.11498819 0.09493052
v -0.16788536 -0.11498819 -0.00517290
v -0.16921514 -0.10497703 -0.14488080
v -0.16914865 -0.10497703 -0.21487720
v -0.14009285 -0.15012467 -0.47054929
v -0.13058490 -0.16048643 -0.47216386
v -0.14012611 -0.15020257 0.43038142
v -0.14973381 -0.13839953 0.38726288
v -0.16120321 -0.12359702 0.33493179
v -0.15944123 -0.12858313 0.33493179
v -0.12067800 -0.17038073 -0.45174432
v -0.11037216 -0.18011922 -0.42068756
v -0.08497327 -0.19309089 -0.37481475
v -0.09497990 -0.19059783 -0.38298255
v -0.10498653 -0.18444312 -0.40492171
v -0.09497990 -0.18966295 -0.38792127
v -0.07499988 -0.19344148 -0.37481475
v -0.06499325 -0.19359729 -0.37481475
v -0.04497999 -0.19367521 -0.37481475
v 0.00083111 -0.19367521 -0.37490970
v 0.04497997 -0.19367521 -0.37490970
v 0.06499323 -0.19359729 -0.37490970
v 0.07499987 -0.19344148 -0.37490970
v 0.08500650 -0.19309089 -0.37490970
v 0.09497989 -0.19196123 -0.37490970
v 0.10033228 -0.19009143 -0.38070315
v 0.11140274 -0.18074249 -0.41489410
v 0.12147585 -0.17096505 -0.44490612
v 0.13058487 -0.16048643 -0.47216386
v 0.14012608 -0.15012467 -0.47045434
v 0.14999974 -0.13995768 -0.42999506
v 0.15944120 -0.12838836 -0.38488203
v 0.16233349 -0.12453192 -0.36484236
v 0.16266593 -0.12468773 -0.35487002
v 0.16286540 -0.12472668 -0.34489769
v 0.16708747 -0.11498819 -0.32485801
v 0.16738668 -0.11498819 -0.30491328
v 0.16751966 -0.11498819 -0.29484594
v 0.16888270 -0.10497703 -0.28487360
v 0.16904891 -0.10497703 -0.24488923
v 0.16908216 -0.10497703 -0.23491688
v 0.16911539 -0.10497703 -0.22484955
v 0.16914865 -0.10497703 -0.20490485
v 0.16918188 -0.10497703 -0.17489283
v 0.16921514 -0.10497703 -0.13490844
v 0.16924837 -0.10497703 -0.06491203
v 0.16785210 -0.11498819 0.11487523
v 0.16781887 -0.11498819 0.16492693
v 0.16778561 -0.11498819 0.18487163
v 0.16771913 -0.11498819 0.20491131
v 0.16761941 -0.11498819 0.23492335
v 0.16289866 -0.12472668 0.29485244
v 0.16269919 -0.12472668 0.30491978
v 0.15964067 -0.12932326 0.32486445
v 0.16755292 -0.11498819 0.24489568
v 0.16728693 -0.11498819 0.26484042
v 0.15003300 -0.14007455 0.38061464
v 0.14012608 -0.15020257 0.43038142
v 0.13364339 -0.14494379 0.44396281
v 0.12779233 -0.14494379 0.44899648
v 0.12174181 -0.15117642 0.45042109
v 0.13866332 -0.14494379 0.43607992
v 0.10495327 -0.15787651 0.44852161
v 0.11495990 -0.15226714 0.45070606
v 0.09497989 -0.15807128 0.44880652
v -0.09497990 -0.15807128 0.44880652
v -0.10498653 -0.15783755 0.44852161
v -0.12174182 -0.15117642 0.45042109
v -0.12782559 -0.14494379 0.44899648
v -0.13367665 -0.14494379 0.44405782
v -0.13866335 -0.14494379 0.43617487
v -0.16931489 -0.09496586 -0.27490127
v -0.16951436 -0.09496586 -0.22494453
v -0.16948110 -0.09496586 -0.23491688
v -0.16924840 -0.09496586 -0.28487360
v -0.16914865 -0.09496586 -0.29484594
v -0.16180161 -0.12422028 -0.37481475
v -0.16595718 -0.11498819 -0.35487002
v -0.16898245 -0.09496586 -0.30491328
v -0.16878298 -0.09496586 -0.31498063
v -0.16855025 -0.09496586 -0.32495296
v -0.16828430 -0.09496586 -0.33492529
v -0.16745320 -0.10497703 -0.34489769
v -0.16110346 -0.12340225 -0.38497704
v -0.14963406 -0.13769835 -0.43673831
v -0.15917528 -0.12507728 -0.39542425
v -0.16240001 -0.12457087 0.31498706
v -0.16695452 -0.11498819 0.28488010
v -0.16712072 -0.11498819 0.27490771
v -0.16878298 -0.10497703 0.24489568
v -0.16888270 -0.10497703 0.23492335
v -0.16901568 -0.10497703 0.20491131
v -0.16914865 -0.10497703 0.16492693
v -0.16921514 -0.10497703 0.09493052
v -0.16964734 -0.09496586 -0.06491203
v -0.16961408 -0.09496586 -0.15494812
v -0.16954759 -0.09496586 -0.20490485
v -0.14079100 -0.14494379 -0.47273374
v -0.13949445 -0.14494379 -0.47776741
v -0.13680163 -0.14494379 -0.48489052
v -0.13297850 -0.15359157 -0.48489052
v -0.13500643 -0.15491600 -0.47472817
v -0.14245322 -0.14494379 -0.46494579
v -0.12948781 -0.15974630 -0.47890711
v -0.14042529 -0.14494379 0.43123621
v -0.14700773 -0.13493262 0.40492821
v -0.15023246 -0.13169944 0.39096689
v -0.15621650 -0.12496041 0.36484885
v -0.15804496 -0.12496041 0.35487646
v -0.15927500 -0.12519413 0.34566391
v -0.16422847 -0.11498819 0.32495946
v -0.16535878 -0.11498819 0.31498706
v -0.16190132 -0.12429819 0.32495946
v -0.16053832 -0.12203886 0.34281468
v -0.12569794 -0.16227831 -0.47529805
v -0.11841736 -0.16964060 -0.45839256
v -0.11505966 -0.17115980 -0.45506841
v -0.11176844 -0.17034177 -0.46114677
v -0.10498653 -0.18245646 -0.41489410
v -0.08976050 -0.18997458 -0.38982075
v -0.08583763 -0.19094843 -0.38592678
v -0.07499988 -0.19153273 -0.38497704
v -0.09497990 -0.18826060 -0.39494938
v -0.06499325 -0.19161063 -0.38497704
v -0.04497999 -0.19168855 -0.38497704
v 0.00083111 -0.19168855 -0.38497704
v 0.05498660 -0.19168855 -0.38488203
v 0.07499987 -0.19153273 -0.38488203
v 0.08587086 -0.19094843 -0.38583177
v 0.08982697 -0.18997458 -0.38982075
v 0.09497989 -0.19059783 -0.38298255
v 0.09497989 -0.18966295 -0.38792127
v 0.10495327 -0.18245646 -0.41489410
v 0.10495327 -0.18444312 -0.40482676
v 0.11037215 -0.18011922 -0.42068756
v 0.12067799 -0.17038073 -0.45174432
v 0.13497317 -0.15491600 -0.47463322
v 0.12948781 -0.15974630 -0.47881210
v 0.13297850 -0.15359157 -0.48489052
v 0.13683486 -0.14494379 -0.48489052
v 0.13949445 -0.14494379 -0.47767240
v 0.14079097 -0.14494379 -0.47273374
v 0.14245322 -0.14494379 -0.46485084
v 0.14966729 -0.13769835 -0.43664330
v 0.15917525 -0.12507728 -0.39532930
v 0.16107020 -0.12336329 -0.38488203
v 0.16180158 -0.12422028 -0.37490970
v 0.16599041 -0.11498819 -0.35487002
v 0.16648906 -0.11498819 -0.34489769
v 0.16688800 -0.11498819 -0.33483034
v 0.16861674 -0.10497703 -0.30491328
v 0.16878295 -0.10497703 -0.29484594
v 0.16924837 -0.09496586 -0.28487360
v 0.16931486 -0.09496586 -0.27490127
v 0.16951433 -0.09496586 -0.23491688
v 0.16954759 -0.09496586 -0.22484955
v 0.16964731 -0.09496586 -0.13490844
v 0.16924837 -0.10497703 0.01486678
v 0.16921514 -0.10497703 0.10490288
v 0.16914865 -0.10497703 0.17489928
v 0.16918188 -0.10497703 0.14488725
v 0.16888270 -0.10497703 0.23492335
v 0.16911539 -0.10497703 0.18487163
v 0.16898242 -0.10497703 0.21488367
v 0.16712072 -0.11498819 0.27490771
v 0.16239998 -0.12457087 0.31489211
v 0.16692126 -0.11498819 0.28488010
v 0.16658881 -0.11498819 0.29485244
v 0.15947446 -0.12862208 0.33483678
v 0.16878295 -0.10497703 0.24489568
v 0.16864997 -0.10497703 0.25486803
v 0.16120318 -0.12359702 0.33483678
v 0.15930822 -0.12523308 0.34566391
v 0.14973378 -0.13843848 0.38726288
v 0.14035881 -0.14494379 0.43104625
v 0.15804493 -0.12496041 0.35487646
v 0.15624973 -0.12496041 0.36484885
v 0.15023246 -0.13173839 0.39096689
v 0.14704096 -0.13493262 0.40483320
v 0.14484683 -0.13493262 0.41490054
v 0.13859683 -0.13493262 0.43636483
v 0.13889605 0.13497940 0.43702966
v 0.13400906 0.14499056 0.44443768
v 0.11961415 -0.00537174 0.46476233
v 0.12280564 -0.14494379 0.45070606
v 0.11751974 -0.01499337 0.46476233
v 0.11266603 -0.02590048 0.46476233
v 0.11240007 -0.02640688 0.46476233
v 0.11023917 -0.03041914 0.46476233
v 0.10761284 -0.03408081 0.46476233
v 0.10166205 -0.04159893 0.46476233
v 0.11495990 -0.14494379 0.45194072
v 0.14049178 -0.13493262 0.43133116
v 0.10495327 -0.15289040 0.45089597
v 0.09497989 -0.14494379 0.45270050
v 0.09497989 -0.15308517 0.45099097
v 0.07499987 -0.15300727 0.45127589
v 0.02499995 -0.15308517 0.45175076
v 0.01499332 -0.15308517 0.45184571
v 0.00083111 -0.15312412 0.45194072
v -0.01499333 -0.15312412 0.45184571
v -0.02499996 -0.15312412 0.45175076
v -0.08497327 -0.15304622 0.45118093
v -0.10498653 -0.15285145 0.45089597
v -0.11499316 -0.15215027 0.45080101
v -0.11499316 -0.14494379 0.45194072
v -0.12280566 -0.14494379 0.45080101
v -0.12882292 0.14499056 0.44947135
v -0.13397583 0.14499056 0.44443768
v -0.13863009 -0.13493262 0.43655479
v -0.14059153 -0.13493262 0.43161613
v -0.16968057 -0.08499365 -0.22494453
v -0.16954759 -0.08499365 -0.25495654
v -0.16938138 -0.08499365 -0.28487360
v -0.16928163 -0.08499365 -0.29484594
v -0.16519254 -0.11498819 -0.36484236
v -0.16678828 -0.10497703 -0.35487002
v -0.16911542 -0.08499365 -0.30491328
v -0.16868323 -0.08499365 -0.32495296
v -0.16838405 -0.08499365 -0.33492529
v -0.16775239 -0.09496586 -0.34489769
v -0.16402900 -0.11498819 -0.37481475
v -0.16043857 -0.12180514 -0.39238507
v -0.14890268 -0.13465995 -0.44433624
v -0.15781224 -0.12496041 -0.40492171
v -0.16605690 -0.11498819 0.30482477
v -0.16658881 -0.11498819 0.29485244
v -0.16801834 -0.10497703 0.28488010
v -0.16825107 -0.10497703 0.27490771
v -0.16845053 -0.10497703 0.26493537
v -0.16861674 -0.10497703 0.25496304
v -0.16918191 -0.09496586 0.24489568
v -0.16924840 -0.09496586 0.23492335
v -0.16944787 -0.09496586 0.19493896
v -0.16951436 -0.09496586 0.17489928
v -0.16954759 -0.09496586 0.15495458
v -0.16958085 -0.09496586 0.12484758
v -0.16961408 -0.09496586 0.08495817
v -0.16964734 -0.09496586 0.01496176
v -0.16981354 -0.08499365 -0.02492765
v -0.16978031 -0.08499365 -0.12484112
v -0.16974705 -0.08499365 -0.16492046
v -0.14664206 -0.13493262 -0.45497346
v -0.14431491 -0.13493262 -0.46494579
v -0.13992664 -0.13906175 -0.47976184
v -0.13829765 -0.13543902 -0.48413068
v -0.13228038 -0.14494379 -0.49267840
v -0.13121656 -0.15168282 -0.49144375
v -0.12719396 -0.15861663 -0.48489052
v -0.12007959 -0.16001898 -0.49001914
v -0.12220725 -0.16087596 -0.48489052
v -0.14241999 -0.13493262 0.42487288
v -0.14484683 -0.13493262 0.41490054
v -0.15418857 -0.12496041 0.37482119
v -0.15987340 -0.11794870 0.34946293
v -0.16273245 -0.11498819 0.33493179
v -0.16479361 -0.10497703 0.32495946
v -0.16605690 -0.10497703 0.31498706
v -0.16688803 -0.10497703 0.30482477
v -0.11505966 -0.16874467 -0.46466088
v -0.10498653 -0.17264006 -0.45497346
v -0.10498653 -0.17524998 -0.44490612
v -0.10498653 -0.17770408 -0.43483877
v -0.10498653 -0.18062562 -0.42258704
v -0.11499316 -0.16578417 -0.47491813
v -0.10498653 -0.16921212 -0.46722519
v -0.09497990 -0.18607917 -0.40492171
v -0.08311157 -0.19009143 -0.39048558
v -0.09497990 -0.18370299 -0.41489410
v -0.08583763 -0.18911758 -0.39428455
v -0.07499988 -0.19020830 -0.39086545
v -0.06499325 -0.19028620 -0.39105541
v -0.05498662 -0.19028620 -0.39115041
v 0.05498660 -0.19028620 -0.39115041
v 0.06499323 -0.19028620 -0.39105541
v 0.07499987 -0.19024725 -0.39086545
v 0.08317804 -0.19009143 -0.39048558
v 0.08587086 -0.18911758 -0.39418960
v 0.09497989 -0.18370299 -0.41489410
v 0.09497989 -0.18607917 -0.40482676
v 0.09497989 -0.18826060 -0.39485443
v 0.10495327 -0.17945701 -0.42762071
v 0.11173518 -0.17034177 -0.46105182
v 0.11502640 -0.17115980 -0.45497346
v 0.11841734 -0.16964060 -0.45839256
v 0.12217399 -0.16087596 -0.48489052
v 0.12007958 -0.16001898 -0.48992413
v 0.12719393 -0.15857768 -0.48489052
v 0.12566468 -0.16227831 -0.47520310
v 0.13121653 -0.15168282 -0.49134880
v 0.13829765 -0.13540007 -0.48403573
v 0.13992661 -0.13894488 -0.47966689
v 0.13228035 -0.14494379 -0.49258345
v 0.13291201 -0.13493262 -0.49334323
v 0.14431491 -0.13493262 -0.46485084
v 0.14664203 -0.13493262 -0.45487845
v 0.14890265 -0.13465995 -0.44424129
v 0.15781224 -0.12496041 -0.40482676
v 0.16043857 -0.12180514 -0.39229012
v 0.16402897 -0.11498819 -0.37490970
v 0.16519254 -0.11498819 -0.36484236
v 0.16678828 -0.10497703 -0.35487002
v 0.16745317 -0.10497703 -0.34489769
v 0.16795185 -0.10497703 -0.33483034
v 0.16821781 -0.10497703 -0.32485801
v 0.16898242 -0.09496586 -0.30491328
v 0.16914865 -0.09496586 -0.29484594
v 0.16941461 -0.08499365 -0.28487360
v 0.16964731 -0.08499365 -0.23491688
v 0.16968057 -0.08499365 -0.22484955
v 0.16971380 -0.08499365 -0.19493251
v 0.16974705 -0.08499365 -0.16492046
v 0.16978028 -0.08499365 -0.12493609
v 0.16981354 -0.08499365 -0.02492765
v 0.16964731 -0.09496586 0.08486319
v 0.16954759 -0.09496586 0.17489928
v 0.16958082 -0.09496586 0.15485960
v 0.16928163 -0.09496586 0.23492335
v 0.16951433 -0.09496586 0.18487163
v 0.16825104 -0.10497703 0.27490771
v 0.16605690 -0.11498819 0.30491978
v 0.16190132 -0.12429819 0.32486445
v 0.16801834 -0.10497703 0.28488010
v 0.16755292 -0.10497703 0.29485244
v 0.16918188 -0.09496586 0.24489568
v 0.16901568 -0.09496586 0.25486803
v 0.16535875 -0.11498819 0.31489211
v 0.16422844 -0.11498819 0.32486445
v 0.16053829 -0.12203886 0.34281468
v 0.14235348 -0.13493262 0.42487288
v 0.15990663 -0.11818242 0.34946293
v 0.15418857 -0.12496041 0.37482119
v 0.15199441 -0.12496041 0.38488853
v 0.15226036 -0.11498819 0.38488853
v 0.14740667 -0.12496041 0.40483320
v 0.14501303 -0.12496041 0.41490054
v 0.14069125 0.13497940 0.43209100
v 0.13899577 0.14499056 0.43655479
v 0.13261279 0.15285926 0.44291812
v 0.12885615 0.14499056 0.44947135
v 0.11924846 0.00448361 0.46476233
v 0.11961415 -0.00517697 0.46476233
v 0.10156232 -0.04167683 0.46476233
v 0.09497989 -0.04607863 0.46476233
v 0.08899585 -0.04946763 0.46476233
v 0.08404241 -0.05215545 0.46476233
v 0.07499987 -0.05550549 0.46476233
v 0.08500650 -0.14494379 0.45298541
v 0.03500658 -0.14494379 0.45441008
v 0.02499995 -0.14494379 0.45459998
v 0.00498669 -0.14494379 0.45488495
v -0.00498670 -0.14494379 0.45488495
v -0.01499333 -0.14494379 0.45478994
v -0.02499996 -0.14494379 0.45459998
v -0.03497335 -0.14494379 0.45441008
v -0.06499325 -0.14494379 0.45355529
v -0.09497990 -0.14494379 0.45270050
v -0.11499316 -0.13493262 0.45203567
v 0.03686828 -0.05161009 0.46476233
v 0.03198132 -0.04888332 0.46476233
v 0.02603053 -0.04381930 0.46476233
v 0.02091086 -0.03887215 0.46476233
v 0.01642284 -0.03392500 0.46476233
v 0.01133641 -0.02734178 0.46476233
v 0.00874333 -0.02239462 0.46476233
v 0.00681514 -0.01514919 0.46476233
v 0.00678190 -0.01499337 0.46476233
v 0.00511967 -0.00513802 0.46476233
v -0.12380299 0.14499056 0.45108593
v -0.11499316 0.14499056 0.45260555
v -0.13257957 0.15285926 0.44291812
v -0.12243997 0.15145692 0.45061105
v -0.13896254 0.14499056 0.43645984
v -0.13886282 0.13497940 0.43683970
v -0.14062476 0.13497940 0.43190104
v -0.16964734 0.08496250 -0.22494453
v -0.16961408 0.08496250 -0.23491688
v -0.16971382 0.08496250 -0.19493251
v -0.16938138 0.08496250 -0.28487360
v -0.16928163 0.08496250 -0.29484594
v -0.16589069 -0.10497703 -0.36484236
v -0.16708750 -0.09496586 -0.35487002
v -0.16888270 0.08496250 -0.31498063
v -0.16868323 0.08496250 -0.32495296
v -0.16838405 0.08496250 -0.33492529
v -0.16785213 -0.08499365 -0.34489769
v -0.16249973 -0.11498819 -0.38497704
v -0.16459414 -0.10497703 -0.37481475
v -0.15598378 -0.12496041 -0.41489410
v -0.15013275 -0.13107619 -0.44053727
v -0.16755292 -0.10497703 0.29485244
v -0.16835079 -0.09496586 0.28488010
v -0.16858351 -0.09496586 0.27490771
v -0.16901568 -0.09496586 0.25496304
v -0.16931489 -0.08499365 0.24489568
v -0.16938138 -0.08499365 0.23492335
v -0.16964734 -0.08499365 0.18487163
v -0.16968057 -0.08499365 0.17489928
v -0.16978031 -0.08499365 0.08495817
v -0.16978031 0.08496250 -0.12484112
v -0.16978031 0.08496250 0.07489084
v -0.14720720 -0.12496041 -0.45497346
v -0.14916864 -0.12496041 -0.44633073
v -0.14202106 -0.12496041 -0.47491813
v -0.14132291 -0.13543902 -0.47577292
v -0.14474711 -0.12496041 -0.46494579
v -0.14009285 -0.13240062 -0.48033172
v -0.13819793 -0.12496041 -0.48565030
v -0.13291201 -0.13493262 -0.49343824
v -0.12752640 -0.13493262 -0.49837691
v -0.12622985 -0.14494379 -0.49761713
v -0.12021257 -0.15016362 -0.49999148
v -0.12347054 -0.15429275 -0.49400806
v -0.11499316 -0.16033061 -0.49058896
v -0.11499316 -0.16243412 -0.48489052
v -0.11499316 -0.15588985 -0.49552768
v -0.10498653 -0.15678580 -0.49638242
v -0.14251971 0.13497940 0.42487288
v -0.14507955 0.12492926 0.41490054
v -0.14497980 -0.12496041 0.41490054
v -0.14740667 -0.12496041 0.40492821
v -0.14926839 -0.12496041 0.39685535
v -0.15196118 -0.12496041 0.38498348
v -0.15678167 -0.11498819 0.36484885
v -0.15907553 -0.11475447 0.35402173
v -0.16003963 -0.11124861 0.35022271
v -0.16080427 -0.11475447 0.34566391
v -0.16316462 -0.10497703 0.33493179
v -0.16499308 -0.09496586 0.32495946
v -0.16628963 -0.09496586 0.31498706
v -0.16715398 -0.09496586 0.30482477
v -0.16785213 -0.09496586 0.29485244
v -0.09497990 -0.17306855 -0.45497346
v -0.09431501 -0.17879479 -0.43398404
v -0.09717405 -0.17984654 -0.42942524
v -0.10498653 -0.16679697 -0.47491813
v -0.09497990 -0.16936792 -0.46779501
v -0.08497327 -0.18405357 -0.41489410
v -0.08497327 -0.18658558 -0.40492171
v -0.09431501 -0.18097621 -0.42562622
v -0.09052512 -0.18000236 -0.42999506
v -0.07499988 -0.18900073 -0.39589912
v -0.07499988 -0.18678035 -0.40492171
v -0.06499325 -0.18685825 -0.40492171
v -0.05498662 -0.18907863 -0.39618403
v 0.05498660 -0.18907863 -0.39618403
v 0.06499323 -0.18903968 -0.39608908
v 0.07499987 -0.18900073 -0.39589912
v 0.08500650 -0.18658558 -0.40482676
v 0.08500650 -0.18405357 -0.41489410
v 0.09052511 -0.18000236 -0.42999506
v 0.09431499 -0.18097621 -0.42562622
v 0.09717403 -0.17984654 -0.42942524
v 0.10495327 -0.17524998 -0.44490612
v 0.10495327 -0.17770408 -0.43483877
v 0.10495327 -0.17061445 -0.46219152
v 0.10495327 -0.16921212 -0.46713018
v 0.11495990 -0.16574521 -0.47482318
v 0.11502640 -0.16870572 -0.46456587
v 0.10495327 -0.17264006 -0.45487845
v 0.11495990 -0.16243412 -0.48489052
v 0.11495990 -0.16033061 -0.49058896
v 0.11495990 -0.15588985 -0.49552768
v 0.12021255 -0.15016362 -0.49999148
v 0.12350377 -0.15429275 -0.49400806
v 0.12622982 -0.14494379 -0.49761713
v 0.14009285 -0.13232271 -0.48023671
v 0.13819790 -0.12496041 -0.48565030
v 0.14128965 -0.13540007 -0.47577292
v 0.12752637 -0.13493262 -0.49837691
v 0.12819126 -0.12496041 -0.49875683
v 0.13321120 -0.12496041 -0.49372315
v 0.14474708 -0.12496041 -0.46485084
v 0.14717394 -0.12496041 -0.45487845
v 0.14202103 -0.12496041 -0.47482318
v 0.14916864 -0.12496041 -0.44633073
v 0.15013272 -0.13107619 -0.44053727
v 0.15598378 -0.12496041 -0.41489410
v 0.16249973 -0.11498819 -0.38488203
v 0.16459414 -0.10497703 -0.37490970
v 0.16589066 -0.10497703 -0.36484236
v 0.16705424 -0.09496586 -0.35487002
v 0.16775239 -0.09496586 -0.34489769
v 0.16828430 -0.09496586 -0.33483034
v 0.16855025 -0.09496586 -0.32485801
v 0.16878295 -0.09496586 -0.31488562
v 0.16911539 -0.08499365 -0.30491328
v 0.16928163 -0.08499365 -0.29484594
v 0.16938135 0.08496250 -0.28487360
v 0.16944784 0.08496250 -0.27490127
v 0.16964731 0.08496250 -0.23491688
v 0.16928163 0.08496250 -0.29484594
v 0.16968057 0.08496250 -0.22484955
v 0.16978028 0.08496250 -0.14488080
v 0.16978028 0.08496250 0.09493052
v 0.16978028 -0.08499365 0.08486319
v 0.16971380 -0.08499365 0.16492693
v 0.16941461 -0.08499365 0.23492335
v 0.16964731 -0.08499365 0.18487163
v 0.16858348 -0.09496586 0.27490771
v 0.16688800 -0.10497703 0.30491978
v 0.16835079 -0.09496586 0.28488010
v 0.16785210 -0.09496586 0.29485244
v 0.16931486 -0.08499365 0.24489568
v 0.16914865 -0.08499365 0.25486803
v 0.16894919 -0.08499365 0.26484042
v 0.16605690 -0.10497703 0.31489211
v 0.16479361 -0.10497703 0.32486445
v 0.16276568 -0.11498819 0.33483678
v 0.14261943 0.13497940 0.42487288
v 0.16080424 -0.11491029 0.34566391
v 0.16003960 -0.11148234 0.35012776
v 0.15910876 -0.11491029 0.35402173
v 0.15681490 -0.11498819 0.36484885
v 0.15455425 -0.11498819 0.37482119
v 0.15694788 -0.10497703 0.36484885
v 0.15229362 -0.10497703 0.38488853
v 0.15053165 -0.11498819 0.39220160
v 0.14933485 -0.11498819 0.39723521
v 0.14049178 0.14499056 0.43152112
v 0.14012608 0.15017144 0.43038142
v 0.12563142 0.15550813 0.44538742
v 0.12247320 0.15145692 0.45061105
v 0.13490668 0.15484591 0.43437040
v 0.12875643 0.15955934 0.43835932
v 0.12386946 0.14499056 0.45099097
v 0.11742001 0.01507909 0.46476233
v 0.11745325 0.01496223 0.46476233
v 0.06499323 -0.05682993 0.46476233
v 0.00083111 -0.13493262 0.45602465
v -0.00498670 -0.13493262 0.45602465
v -0.02499996 -0.13493262 0.45564473
v -0.04497999 -0.13493262 0.45507485
v 0.00452126 0.00479524 0.46476233
v 0.04481375 -0.05410315 0.46476233
v 0.00452126 0.00499001 0.46476233
v 0.00634972 0.01496223 0.46476233
v 0.00890955 0.02177917 0.46476233
v 0.01176859 0.02676528 0.46476233
v 0.01718746 0.03584155 0.46476233
v -0.10498653 0.14499056 0.45317537
v -0.11499316 0.15317090 0.45118093
v -0.12559819 0.15550813 0.44538742
v -0.12875643 0.15955934 0.43835932
v -0.13490671 0.15484591 0.43437040
v -0.14009285 0.15021040 0.43047643
v -0.10721392 0.15944248 0.44937640
v -0.11499316 0.15819596 0.44795179
v -0.14042529 0.14499056 0.43152112
v -0.16951436 0.09497367 -0.22494453
v -0.16948110 0.09497367 -0.23491688
v -0.16958085 0.09497367 -0.16492046
v -0.16921514 0.09497367 -0.28487360
v -0.16911542 0.09497367 -0.29484594
v -0.16894919 0.09497367 -0.30491328
v -0.16612339 -0.09496586 -0.36484236
v -0.16715398 -0.08499365 -0.35487002
v -0.16855025 0.09497367 -0.32495296
v -0.16825107 0.09497367 -0.33492529
v -0.16785213 0.08496250 -0.34489769
v -0.16296515 -0.10497703 -0.38497704
v -0.16080427 -0.11498819 -0.39418960
v -0.16479361 -0.09496586 -0.37481475
v -0.15984017 -0.11498819 -0.39912826
v -0.15867659 -0.11498819 -0.40492171
v -0.15392262 -0.12496041 -0.42486644
v -0.15172848 -0.12496041 -0.43483877
v -0.16845053 -0.08499365 0.28488010
v -0.16871649 -0.08499365 0.27490771
v -0.16914865 -0.08499365 0.25496304
v -0.16931489 0.08496250 0.24489568
v -0.16938138 0.08496250 0.23492335
v -0.16964734 0.08496250 0.18487163
v -0.16968057 0.08496250 0.17489928
v -0.16974705 0.08496250 0.11487523
v -0.16961408 0.09497367 -0.12484112
v -0.16961408 0.09497367 0.08495817
v -0.14743993 -0.11498819 -0.45497346
v -0.15046519 -0.11498819 -0.44205689
v -0.15435481 -0.11498819 -0.42486644
v -0.14222053 -0.11498819 -0.47491813
v -0.14035881 -0.11498819 -0.48099655
v -0.14022583 -0.12496041 -0.48071158
v -0.14494658 -0.11498819 -0.46494579
v -0.13836414 -0.11498819 -0.48593521
v -0.13321123 -0.12496041 -0.49381810
v -0.12819129 -0.12496041 -0.49885178
v -0.12253970 -0.13493262 -0.50103623
v -0.12124316 -0.14494379 -0.50046635
v -0.11499316 -0.14494379 -0.50160605
v -0.11499316 -0.15090375 -0.50037140
v -0.10498653 -0.16333006 -0.48489052
v -0.10498653 -0.16068119 -0.49144375
v -0.09497990 -0.15713638 -0.49676234
v -0.10498653 -0.15176074 -0.50084627
v -0.14488009 0.13497940 0.41490054
v -0.14743993 0.12492926 0.40492821
v -0.14933488 0.11499601 0.39723521
v -0.14750642 0.11499601 0.40492821
v -0.14747316 -0.11498819 0.40492821
v -0.14933488 -0.11498819 0.39723521
v -0.15053168 -0.11498819 0.39220160
v -0.15222713 -0.11498819 0.38498348
v -0.15455428 -0.11498819 0.37482119
v -0.15694788 -0.10497703 0.36484885
v -0.15904230 -0.10497703 0.35544634
v -0.16010612 -0.10497703 0.35050762
v -0.16126969 -0.10497703 0.34490412
v -0.16333085 -0.09496586 0.33493179
v -0.16502634 -0.08499365 0.32495946
v -0.16635612 -0.08499365 0.31498706
v -0.16725370 -0.08499365 0.30482477
v -0.16795185 -0.08499365 0.29485244
v -0.08497327 -0.16944584 -0.46807998
v -0.08497327 -0.17322437 -0.45497346
v -0.08497327 -0.17602906 -0.44490612
v -0.09497990 -0.16710860 -0.47491813
v -0.07499988 -0.18420939 -0.41489410
v -0.08497327 -0.18144366 -0.42486644
v -0.08497327 -0.18004131 -0.43018502
v -0.05498662 -0.18689722 -0.40492171
v 0.00083111 -0.18818270 -0.39979309
v 0.00083111 -0.18689722 -0.40492171
v 0.05498660 -0.18689722 -0.40482676
v 0.06499323 -0.18685825 -0.40482676
v 0.07499987 -0.18678035 -0.40482676
v 0.07499987 -0.18420939 -0.41489410
v 0.08500650 -0.18144366 -0.42486644
v 0.08500650 -0.18004131 -0.43009007
v 0.08500650 -0.17602906 -0.44490612
v 0.09497989 -0.17306855 -0.45487845
v 0.09497989 -0.17579533 -0.44490612
v 0.09431499 -0.17879479 -0.43388903
v 0.09497989 -0.16936792 -0.46770006
v 0.10495327 -0.16679697 -0.47482318
v 0.09497989 -0.17080922 -0.46276134
v 0.10495327 -0.16333006 -0.48489052
v 0.10495327 -0.16068119 -0.49134880
v 0.10495327 -0.15678580 -0.49638242
v 0.11495990 -0.15090375 -0.50027639
v 0.10495327 -0.14494379 -0.50246084
v 0.11495990 -0.14494379 -0.50151110
v 0.11495990 -0.13493262 -0.50265080
v 0.12124314 -0.14494379 -0.50037140
v 0.14025906 -0.12496041 -0.48061663
v 0.13833088 -0.11498819 -0.48593521
v 0.12253968 -0.13493262 -0.50094122
v 0.12855697 -0.11498819 -0.49894679
v 0.12320457 -0.12496041 -0.50122613
v 0.13334417 -0.11498819 -0.49400806
v 0.14494655 -0.11498819 -0.46485084
v 0.14740667 -0.11498819 -0.45487845
v 0.14930162 -0.11498819 -0.44699556
v 0.14222050 -0.11498819 -0.47482318
v 0.15046516 -0.11498819 -0.44196188
v 0.15209416 -0.11498819 -0.43483877
v 0.15435478 -0.11498819 -0.42486644
v 0.15029895 -0.12496041 -0.44129705
v 0.15172845 -0.12496041 -0.43483877
v 0.15392262 -0.12496041 -0.42486644
v 0.15867659 -0.11498819 -0.40482676
v 0.15984014 -0.11498819 -0.39912826
v 0.16080424 -0.11498819 -0.39409459
v 0.16296515 -0.10497703 -0.38488203
v 0.16479361 -0.09496586 -0.37490970
v 0.16615662 -0.09496586 -0.36484236
v 0.16715395 -0.08499365 -0.35487002
v 0.16785210 -0.08499365 -0.34489769
v 0.16838402 -0.08499365 -0.33483034
v 0.16868323 -0.08499365 -0.32485801
v 0.16911539 0.08496250 -0.30491328
v 0.16924837 0.09497367 -0.28487360
v 0.16948110 0.09497367 -0.23491688
v 0.16914865 0.09497367 -0.29484594
v 0.16951433 0.09497367 -0.22484955
v 0.16954759 0.09497367 -0.19493251
v 0.16958082 0.09497367 -0.16492046
v 0.16961408 0.09497367 -0.12493609
v 0.16961408 0.09497367 0.09493052
v 0.16954759 0.09497367 0.16492693
v 0.16968057 0.08496250 0.17489928
v 0.16941461 0.08496250 0.23492335
v 0.16964731 0.08496250 0.18487163
v 0.16871646 -0.08499365 0.27490771
v 0.16715395 -0.09496586 0.30491978
v 0.16845050 -0.08499365 0.28488010
v 0.16795185 -0.08499365 0.29485244
v 0.16931486 0.08496250 0.24489568
v 0.16914865 0.08496250 0.25486803
v 0.16871646 0.08496250 0.27490771
v 0.16628960 -0.09496586 0.31489211
v 0.16499308 -0.09496586 0.32486445
v 0.16319785 -0.10497703 0.33483678
v 0.15053165 0.10498484 0.39220160
v 0.14933485 0.11499601 0.39714026
v 0.15222713 0.11499601 0.38488853
v 0.15452102 0.11499601 0.37482119
v 0.14488006 0.13497940 0.41490054
v 0.16126966 -0.10497703 0.34490412
v 0.16010612 -0.10497703 0.35050762
v 0.15904227 -0.10497703 0.35554129
v 0.15904227 -0.09496586 0.35563630
v 0.15694788 0.09497367 0.36484885
v 0.15229362 0.10498484 0.38488853
v 0.15019920 0.13116190 0.39087194
v 0.14032555 0.15052202 0.42487288
v 0.13620323 0.15550813 0.42487288
v 0.13118330 0.16107854 0.42487288
v 0.13058487 0.16045529 0.43161613
v 0.15608349 0.12492926 0.36484885
v 0.16050506 0.12165713 0.34262472
v 0.16113669 0.12298157 0.33483678
v 0.15910876 0.12792872 0.33483678
v 0.11495990 0.15819596 0.44795179
v 0.12207425 0.16065006 0.44111359
v 0.11495990 0.15317090 0.45118093
v 0.11495990 0.14499056 0.45251054
v 0.11100379 0.03128394 0.46476233
v 0.11432826 0.02505131 0.46476233
v 0.10731364 0.15944248 0.44928139
v 0.12034553 0.17019378 0.41081661
v 0.12523249 0.16177972 0.43494022
v 0.11436150 0.02497340 0.46476233
v 0.06479377 -0.05682993 0.46476233
v 0.05498660 -0.05601189 0.46476233
v 0.04497997 -0.05414210 0.46476233
v 0.02376990 0.04308699 0.46476233
v -0.10432164 0.15566395 0.45118093
v 0.02410235 0.04343758 0.46476233
v 0.03194808 0.04900799 0.46476233
v 0.03693477 0.05157895 0.46476233
v -0.08497327 0.14499056 0.45384020
v -0.10056500 0.16002679 0.44994622
v -0.12210751 0.16065006 0.44120854
v -0.12523252 0.16177972 0.43494022
v -0.12034555 0.17019378 0.41081661
v -0.13058490 0.16045529 0.43171108
v -0.13121656 0.16107854 0.42487288
v -0.13620323 0.15550813 0.42487288
v -0.14032558 0.15052202 0.42487288
v -0.15907553 0.12800664 0.33493179
v -0.16113672 0.12298157 0.33493179
v -0.16050506 0.12165713 0.34271973
v -0.15781224 0.12492926 0.35487646
v -0.15608352 0.12492926 0.36484885
v -0.15019923 0.13123982 0.39087194
v -0.14694124 0.13497940 0.40492821
v -0.09032565 0.16999900 0.43997389
v -0.16908216 0.10498484 -0.21487720
v -0.16904894 0.10498484 -0.22494453
v -0.16901568 0.10498484 -0.23491688
v -0.16888270 0.10498484 -0.26492891
v -0.16878298 0.10498484 -0.28487360
v -0.16914865 0.10498484 -0.14488080
v -0.16871649 0.10498484 -0.29484594
v -0.16835079 0.10498484 -0.31498063
v -0.16618988 -0.08499365 -0.36484236
v -0.16715398 0.08496250 -0.35487002
v -0.16815132 0.10498484 -0.32495296
v -0.16788536 0.10498484 -0.33492529
v -0.16738668 0.10498484 -0.34489769
v -0.16771916 0.09497367 -0.34489769
v -0.16705424 0.09497367 -0.35487002
v -0.16313139 -0.09496586 -0.38497704
v -0.16120321 -0.09496586 -0.39494938
v -0.16083750 -0.10544448 -0.39589912
v -0.15997314 -0.10906719 -0.39979309
v -0.16482687 -0.08499365 -0.37481475
v -0.15654895 -0.11498819 -0.41489410
v -0.16845053 0.08496250 0.28488010
v -0.16871649 0.08496250 0.27490771
v -0.16914865 0.08496250 0.25496304
v -0.16914865 0.09497367 0.24489568
v -0.16924840 0.09497367 0.23492335
v -0.16948110 0.09497367 0.18487163
v -0.16934812 0.09497367 0.21488367
v -0.16951436 0.09497367 0.17489928
v -0.16914865 0.10498484 0.09493052
v -0.16908216 0.10498484 0.16492693
v -0.14750642 -0.10497703 -0.45497346
v -0.15053168 -0.10497703 -0.44224679
v -0.14936811 -0.10497703 -0.44718552
v -0.15678167 -0.10497703 -0.41489410
v -0.15452102 -0.10497703 -0.42486644
v -0.14501306 -0.10497703 -0.46494579
v -0.14225376 -0.10497703 -0.47491813
v -0.14039207 -0.10497703 -0.48109150
v -0.13839740 -0.10497703 -0.48603022
v -0.13341069 -0.10497703 -0.49410307
v -0.13334420 -0.11498819 -0.49400806
v -0.12855697 -0.11498819 -0.49904174
v -0.12317134 -0.12496041 -0.50132114
v -0.11499316 -0.12496041 -0.50322062
v -0.11499316 -0.13493262 -0.50274575
v -0.10498653 -0.14494379 -0.50246084
v -0.09497990 -0.16087596 -0.49182367
v -0.09497990 -0.16364169 -0.48489052
v -0.08497327 -0.15733115 -0.49685735
v -0.09497990 -0.15215027 -0.50103623
v -0.09497990 -0.14494379 -0.50293571
v -0.15412208 0.12492926 0.37482119
v -0.15196118 0.12492926 0.38498348
v -0.15222713 0.11499601 0.38498348
v -0.15229362 0.10498484 0.38498348
v -0.15226039 -0.10497703 0.38498348
v -0.15694788 0.10498484 0.36484885
v -0.15904230 -0.09496586 0.35563630
v -0.16013938 -0.09496586 0.35069758
v -0.16136941 -0.09496586 0.34490412
v -0.16333085 0.09497367 0.33493179
v -0.16502634 0.08496250 0.32495946
v -0.16635612 0.08496250 0.31498706
v -0.16725370 0.08496250 0.30482477
v -0.16795185 0.08496250 0.29485244
v -0.08497327 -0.16722547 -0.47491813
v -0.07499988 -0.16730337 -0.47491813
v -0.07499988 -0.16944584 -0.46817493
v -0.07499988 -0.17092608 -0.46314126
v -0.07499988 -0.17330228 -0.45497346
v -0.07499988 -0.17610696 -0.44490612
v -0.05498662 -0.18428729 -0.41489410
v -0.06499325 -0.18011922 -0.43037498
v 0.05498660 -0.18428729 -0.41489410
v 0.07499987 -0.18008026 -0.43027997
v 0.07499987 -0.17610696 -0.44490612
v 0.08500650 -0.17322437 -0.45487845
v 0.08500650 -0.16944584 -0.46798497
v 0.09497989 -0.16710860 -0.47482318
v 0.09497989 -0.16364169 -0.48489052
v 0.09497989 -0.16087596 -0.49172866
v 0.09497989 -0.15713638 -0.49666739
v 0.10495327 -0.15176074 -0.50075126
v 0.09497989 -0.14494379 -0.50284076
v 0.10495327 -0.13493262 -0.50350553
v 0.11495990 -0.12496041 -0.50322062
v 0.14035881 -0.11498819 -0.48090154
v 0.13839737 -0.10497703 -0.48593521
v 0.13341066 -0.10497703 -0.49410307
v 0.12875643 -0.10497703 -0.49913669
v 0.12357026 -0.11498819 -0.50141609
v 0.11495990 -0.11498819 -0.50350553
v 0.14501303 -0.10497703 -0.46485084
v 0.14750639 -0.10497703 -0.45487845
v 0.14936811 -0.10497703 -0.44718552
v 0.15053165 -0.10497703 -0.44224679
v 0.14225376 -0.10497703 -0.47482318
v 0.15452102 -0.10497703 -0.42486644
v 0.15678164 -0.10497703 -0.41489410
v 0.15654895 -0.11498819 -0.41489410
v 0.15997311 -0.10891137 -0.39979309
v 0.16313136 -0.09496586 -0.38488203
v 0.16083750 -0.10532761 -0.39580417
v 0.16482684 -0.08499365 -0.37490970
v 0.16622311 -0.08499365 -0.36484236
v 0.16715395 0.08496250 -0.35487002
v 0.16785210 0.08496250 -0.34489769
v 0.16838402 0.08496250 -0.33483034
v 0.16868323 0.08496250 -0.32485801
v 0.16894919 0.09497367 -0.30491328
v 0.16855025 0.09497367 -0.32485801
v 0.16881621 0.10498484 -0.28487360
v 0.16898242 0.10498484 -0.24488923
v 0.16901568 0.10498484 -0.23491688
v 0.16871646 0.10498484 -0.29484594
v 0.16855025 0.10498484 -0.30491328
v 0.16904891 0.10498484 -0.22484955
v 0.16908216 0.10498484 -0.20490485
v 0.16914865 0.10498484 -0.15485315
v 0.16918188 0.10498484 -0.03490000
v 0.16918188 0.10498484 -0.00507792
v 0.16914865 0.10498484 0.10490288
v 0.16908216 0.10498484 0.16492693
v 0.16904891 0.10498484 0.18487163
v 0.16948110 0.09497367 0.18487163
v 0.16924837 0.09497367 0.23492335
v 0.16725370 -0.08499365 0.30491978
v 0.16845050 0.08496250 0.28488010
v 0.16795185 0.08496250 0.29485244
v 0.16914865 0.09497367 0.24489568
v 0.16898242 0.09497367 0.25486803
v 0.16858348 0.09497367 0.27490771
v 0.16635609 -0.08499365 0.31489211
v 0.16502631 -0.08499365 0.32486445
v 0.16333082 -0.09496586 0.33483678
v 0.15691462 0.10498484 0.36484885
v 0.15904227 0.10498484 0.35544634
v 0.15674841 0.11499601 0.36484885
v 0.15192792 0.12492926 0.38488853
v 0.15408882 0.12492926 0.37482119
v 0.16136941 -0.09496586 0.34490412
v 0.15904227 0.09497367 0.35563630
v 0.14055827 0.15079470 0.41490054
v 0.13666865 0.15578081 0.41490054
v 0.14983353 0.13961491 0.37482119
v 0.14996651 0.13996550 0.36883777
v 0.13164872 0.16166286 0.41490054
v 0.12184154 0.17132343 0.39486086
v 0.12107692 0.17070018 0.40483320
v 0.15987340 0.11764488 0.34927297
v 0.16266593 0.11499601 0.33483678
v 0.16409546 0.11499601 0.32486445
v 0.16515929 0.11499601 0.31489211
v 0.16180158 0.12368274 0.32486445
v 0.16226700 0.12399437 0.31489211
v 0.15920851 0.12866884 0.32486445
v 0.09032564 0.16999900 0.43987894
v 0.10063148 0.16006574 0.44994622
v 0.10438812 0.15566395 0.45108593
v 0.09497989 0.15496278 0.45156080
v 0.09497989 0.14499056 0.45346028
v 0.10495327 0.14499056 0.45308042
v 0.09085755 0.05056615 0.46476233
v 0.09577776 0.04667076 0.46476233
v 0.10152908 0.04160674 0.46476233
v 0.10644928 0.03634796 0.46476233
v 0.11130299 0.18071134 0.36484885
v 0.11043864 0.18020494 0.37102222
v 0.11495990 0.17264788 0.40483320
v 0.08500650 0.17486826 0.42487288
v 0.11688810 0.16945365 0.41746485
v -0.06499325 0.14499056 0.45441008
v -0.04497999 0.14499056 0.45497990
v -0.02499996 0.14499056 0.45535982
v -0.09458096 0.15593663 0.45127589
v 0.04497997 0.05500690 0.46476233
v -0.00498670 0.14499056 0.45564473
v 0.00083111 0.15021040 0.45374525
v -0.01499333 0.15391102 0.45232064
v -0.11688811 0.16945365 0.41755986
v -0.11499316 0.17264788 0.40492821
v -0.11040541 0.18020494 0.37102222
v -0.11130301 0.18071134 0.36484885
v -0.12111018 0.17070018 0.40492821
v -0.08497327 0.17486826 0.42487288
v -0.12187480 0.17136240 0.39495581
v -0.13168198 0.16166286 0.41490054
v -0.13666865 0.15578081 0.41490054
v -0.14055827 0.15079470 0.41490054
v -0.14996651 0.13996550 0.36921769
v -0.14983353 0.13961491 0.37482119
v -0.15920851 0.12866884 0.32495946
v -0.16226703 0.12399437 0.31498706
v -0.16180161 0.12372170 0.32495946
v -0.16519254 0.11499601 0.31498706
v -0.16412872 0.11499601 0.32495946
v -0.15987340 0.11783965 0.34946293
v -0.16266596 0.11499601 0.33493179
v -0.08580439 0.17151821 0.43560505
v -0.09218735 0.17097285 0.43484527
v -0.08966076 0.16999900 0.43997389
v -0.16745320 0.11499601 -0.22494453
v -0.16738668 0.11499601 -0.25495654
v -0.16748643 0.11499601 -0.19493251
v -0.16728696 0.11499601 -0.28487360
v -0.16751969 0.11499601 -0.14488080
v -0.16722047 0.11499601 -0.29484594
v -0.16712072 0.11499601 -0.30491328
v -0.16682154 0.11499601 -0.32495296
v -0.16618988 0.08496250 -0.36484236
v -0.16612339 0.09497367 -0.36484236
v -0.16662207 0.11499601 -0.33492529
v -0.16622314 0.11499601 -0.34489769
v -0.16575772 0.11499601 -0.35487002
v -0.16672179 0.10498484 -0.35487002
v -0.16582420 0.10498484 -0.36484236
v -0.16313139 0.08496250 -0.38497704
v -0.16116995 0.09497367 -0.39494938
v -0.16007286 0.09497367 -0.40026796
v -0.16007286 -0.09496586 -0.40026796
v -0.16003963 -0.10240606 -0.40007800
v -0.15914202 -0.10544448 -0.40406698
v -0.16482687 0.08496250 -0.37481475
v -0.16785213 0.09497367 0.29485244
v -0.16831756 0.09497367 0.28488010
v -0.16858351 0.09497367 0.27490771
v -0.16898245 0.09497367 0.25496304
v -0.16871649 0.10498484 0.24489568
v -0.16858351 0.10498484 0.25496304
v -0.16881621 0.10498484 0.23492335
v -0.16894919 0.10498484 0.20491131
v -0.16751969 0.11499601 0.09493052
v -0.16745320 0.11499601 0.17489928
v -0.16741994 0.11499601 0.19493896
v -0.14750642 0.10498484 -0.45497346
v -0.14936811 0.09497367 -0.44728047
v -0.15053168 0.09497367 -0.44234180
v -0.15458751 -0.09496586 -0.42486644
v -0.15897581 -0.09496586 -0.40530163
v -0.15684816 -0.09496586 -0.41489410
v -0.14501306 0.10498484 -0.46494579
v -0.14225376 0.10498484 -0.47491813
v -0.14035881 0.10498484 -0.48109150
v -0.13839740 0.10498484 -0.48603022
v -0.13337743 0.10498484 -0.49410307
v -0.12878969 0.09497367 -0.49913669
v -0.12878969 -0.09496586 -0.49913669
v -0.12875643 -0.10497703 -0.49913669
v -0.12357028 -0.11498819 -0.50141609
v -0.11499316 -0.11498819 -0.50360054
v -0.10498653 -0.12496041 -0.50417036
v -0.10498653 -0.13493262 -0.50360054
v -0.08497327 -0.16095386 -0.49191862
v -0.08497327 -0.16375856 -0.48489052
v -0.07499988 -0.15737011 -0.49695230
v -0.08497327 -0.15230609 -0.50113118
v -0.08497327 -0.14494379 -0.50312567
v -0.09497990 -0.13493262 -0.50398040
v -0.15907553 0.11468437 0.35402173
v -0.15674841 0.11499601 0.36484885
v -0.15452102 0.11499601 0.37482119
v -0.15904230 0.10498484 0.35554129
v -0.15904230 0.09497367 0.35563630
v -0.16013938 0.09497367 0.35069758
v -0.16136941 0.09497367 0.34490412
v -0.16126969 0.10498484 0.34490412
v -0.16316462 0.10498484 0.33493179
v -0.16499308 0.09497367 0.32495946
v -0.16625637 0.09497367 0.31498706
v -0.16715398 0.09497367 0.30482477
v 0.00083111 -0.16730337 -0.47491813
v -0.05498662 -0.16948479 -0.46817493
v -0.06499325 -0.16383646 -0.48489052
v -0.04497999 -0.17334123 -0.45497346
v -0.04497999 -0.17614591 -0.44490612
v 0.05498660 -0.18011922 -0.43037498
v 0.06499323 -0.18011922 -0.43027997
v 0.04497997 -0.17614591 -0.44490612
v 0.07499987 -0.17330228 -0.45487845
v 0.07499987 -0.16944584 -0.46807998
v 0.07499987 -0.16730337 -0.47482318
v 0.08500650 -0.16722547 -0.47482318
v 0.07499987 -0.17092608 -0.46304631
v 0.08500650 -0.16375856 -0.48489052
v 0.08500650 -0.16095386 -0.49182367
v 0.08500650 -0.15733115 -0.49685735
v 0.09497989 -0.15215027 -0.50094122
v 0.08500650 -0.14494379 -0.50303066
v 0.09497989 -0.13493262 -0.50388545
v 0.10495327 -0.12496041 -0.50407541
v 0.14035881 -0.10497703 -0.48099655
v 0.13839737 0.10498484 -0.48593521
v 0.12878966 -0.09496586 -0.49913669
v 0.13341066 0.10498484 -0.49410307
v 0.12376973 -0.10497703 -0.50151110
v 0.11495990 -0.10497703 -0.50369549
v 0.10495327 -0.11498819 -0.50436032
v 0.14501303 0.10498484 -0.46485084
v 0.14750639 0.10498484 -0.45487845
v 0.14936811 -0.09496586 -0.44728047
v 0.15226036 -0.09496586 -0.43483877
v 0.15684813 -0.09496586 -0.41489410
v 0.14225376 0.10498484 -0.47482318
v 0.15897578 -0.09496586 -0.40520668
v 0.16003960 -0.10225025 -0.40007800
v 0.15914202 -0.10532761 -0.40397197
v 0.16316462 0.08496250 -0.38488203
v 0.16116995 -0.09496586 -0.39485443
v 0.16482684 0.08496250 -0.37490970
v 0.16622311 0.08496250 -0.36484236
v 0.16705424 0.09497367 -0.35487002
v 0.16771913 0.09497367 -0.34489769
v 0.16825104 0.09497367 -0.33483034
v 0.16815132 0.10498484 -0.32485801
v 0.16788536 0.10498484 -0.33483034
v 0.16722044 0.11499601 -0.29484594
v 0.16728693 0.11499601 -0.28487360
v 0.16732019 0.11499601 -0.27490127
v 0.16682151 0.11499601 -0.32485801
v 0.16708747 0.11499601 -0.30491328
v 0.16741991 0.11499601 -0.23491688
v 0.16745317 0.11499601 -0.21487720
v 0.16751966 0.11499601 -0.12493609
v 0.16751966 0.11499601 0.08486319
v 0.16745317 0.11499601 0.16492693
v 0.16741991 0.11499601 0.18487163
v 0.16735342 0.11499601 0.21488367
v 0.16728693 0.11499601 0.23492335
v 0.16881621 0.10498484 0.23492335
v 0.16725370 0.08496250 0.30491978
v 0.16831753 0.09497367 0.28488010
v 0.16785210 0.09497367 0.29485244
v 0.16871646 0.10498484 0.24489568
v 0.16858348 0.10498484 0.25486803
v 0.16818455 0.10498484 0.27490771
v 0.16795185 0.10498484 0.28488010
v 0.16635609 0.08496250 0.31489211
v 0.16502631 0.08496250 0.32486445
v 0.16333082 0.08496250 0.33483678
v 0.16136941 0.09497367 0.34490412
v 0.16126966 0.10498484 0.34490412
v 0.16003960 0.11098375 0.35012776
v 0.15907553 0.11452856 0.35402173
v 0.14072448 0.15098947 0.40483320
v 0.13680163 0.15601453 0.40483320
v 0.13181493 0.16197449 0.40483320
v 0.15930822 0.12901944 0.31489211
v 0.15003300 0.14004341 0.36218953
v 0.12234021 0.17221938 0.37482119
v 0.12220723 0.17182983 0.38488853
v 0.11256629 0.18195787 0.34490412
v 0.11216736 0.18141252 0.35487646
v 0.16077101 0.11452856 0.34556895
v 0.16316462 0.10498484 0.33483678
v 0.16476035 0.10498484 0.32486445
v 0.16602364 0.10498484 0.31489211
v 0.16682151 0.10498484 0.30491978
v 0.16582417 0.11499601 0.30491978
v 0.16632286 0.11499601 0.29485244
v 0.16665530 0.11499601 0.28488010
v 0.16253296 0.12411124 0.30491978
v 0.09218734 0.17097285 0.43484527
v 0.08577113 0.17151821 0.43551010
v 0.00083111 0.14499056 0.45564473
v 0.01499332 0.14499056 0.45545477
v 0.03500658 0.14499056 0.45516986
v 0.08500650 0.14499056 0.45374525
v 0.07513285 0.05594180 0.46476233
v 0.08500650 0.05325397 0.46476233
v 0.10076445 0.19033298 0.32258505
v 0.09943467 0.18990448 0.32923329
v 0.10495327 0.18246427 0.36484885
v 0.08038550 0.18016599 0.40141416
v 0.07499987 0.18055552 0.40264881
v 0.07499987 0.17954272 0.40758747
v 0.07499987 0.17775084 0.41490054
v 0.05498660 0.05765577 0.46476233
v -0.10498653 0.18246427 0.36484885
v -0.09943468 0.18990448 0.32923329
v -0.10076447 0.19033298 0.32258505
v -0.11220062 0.18141252 0.35487646
v -0.07499988 0.17775084 0.41490054
v -0.07499988 0.17954272 0.40768248
v -0.08038551 0.18016599 0.40141416
v -0.11256631 0.18195787 0.34490412
v -0.12220725 0.17186880 0.38498348
v -0.12686148 0.16707745 0.39495581
v -0.12234022 0.17221938 0.37482119
v -0.13181496 0.16197449 0.40492821
v -0.13680163 0.15601453 0.40492821
v -0.14072451 0.15098947 0.40492821
v -0.14999977 0.14004341 0.36256945
v -0.15927500 0.12901944 0.31498706
v -0.16249973 0.12411124 0.30482477
v -0.16668856 0.11499601 0.28488010
v -0.16632286 0.11499601 0.29485244
v -0.16582420 0.11499601 0.30482477
v -0.16748643 0.10498484 0.29485244
v -0.16685477 0.10498484 0.30482477
v -0.16599041 0.10498484 0.31498706
v -0.16476038 0.10498484 0.32495946
v -0.16077101 0.11468437 0.34556895
v -0.16003963 0.11117852 0.35022271
v -0.16303164 0.12418915 -0.27490127
v -0.16299841 0.12418915 -0.29484594
v -0.16293192 0.12418915 -0.31498063
v -0.16306490 0.12418915 -0.23491688
v -0.16286543 0.12418915 -0.32495296
v -0.16279894 0.12415019 -0.33492529
v -0.16266596 0.12415019 -0.34489769
v -0.16456091 0.10498484 -0.37481475
v -0.16476038 0.09497367 -0.37481475
v -0.16246650 0.12411124 -0.35487002
v -0.16220054 0.12399437 -0.36484236
v -0.16170186 0.12360483 -0.37481475
v -0.16502634 0.11499601 -0.36484236
v -0.16389602 0.11499601 -0.37481475
v -0.16309813 0.09497367 -0.38497704
v -0.16083750 0.10517961 -0.39580417
v -0.16003963 0.10194643 -0.40007800
v -0.15678167 0.10498484 -0.41489410
v -0.15897581 0.09497367 -0.40530163
v -0.16795185 0.10498484 0.28488010
v -0.16818458 0.10498484 0.27490771
v -0.16712072 0.11499601 0.25496304
v -0.16685477 0.11499601 0.27490771
v -0.16728696 0.11499601 0.23492335
v -0.16722047 0.11499601 0.24489568
v -0.16306490 0.12418915 0.18487163
v -0.16303164 0.12418915 0.22485602
v -0.16293192 0.12418915 0.26493537
v -0.16299841 0.12418915 0.24489568
v -0.14740667 0.11499601 -0.45497346
v -0.14494658 0.11499601 -0.46494579
v -0.14936811 0.10498484 -0.44718552
v -0.15053168 0.10498484 -0.44224679
v -0.15458751 0.09497367 -0.42486644
v -0.15684816 0.09497367 -0.41489410
v -0.14218727 0.11499601 -0.47491813
v -0.14032558 0.11499601 -0.48099655
v -0.13833091 0.11499601 -0.48593521
v -0.13334420 0.11499601 -0.49400806
v -0.12872320 0.10498484 -0.49913669
v -0.12376975 0.09497367 -0.50160605
v -0.12376975 -0.09496586 -0.50160605
v -0.12373650 -0.10497703 -0.50151110
v -0.11499316 -0.10497703 -0.50379050
v -0.10498653 -0.11498819 -0.50445533
v -0.09497990 -0.12496041 -0.50455028
v -0.07499988 -0.16095386 -0.49201357
v -0.06499325 -0.16099283 -0.49201357
v 0.06499323 -0.15737011 -0.49695230
v -0.07499988 -0.15238400 -0.50113118
v -0.05498662 -0.15238400 -0.50122613
v -0.06499325 -0.14494379 -0.50322062
v -0.08497327 -0.13493262 -0.50417036
v -0.07499988 -0.13493262 -0.50426537
v 0.00083111 -0.16948479 -0.46817493
v 0.06499323 -0.16383646 -0.48489052
v 0.00083111 -0.16266784 -0.48783469
v 0.00083111 -0.17334123 -0.45497346
v 0.04497997 -0.17334123 -0.45487845
v 0.06499323 -0.17092608 -0.46314126
v 0.05498660 -0.16948479 -0.46807998
v 0.06499323 -0.16099283 -0.49191862
v 0.07499987 -0.16095386 -0.49191862
v 0.07499987 -0.15238400 -0.50113118
v 0.08500650 -0.15230609 -0.50103623
v 0.07499987 -0.14494379 -0.50312567
v 0.08500650 -0.13493262 -0.50407541
v 0.09497989 -0.12496041 -0.50445533
v 0.14035881 0.10498484 -0.48099655
v 0.13833088 0.11499601 -0.48584026
v 0.14035881 0.11499601 -0.48090154
v 0.12878966 0.09497367 -0.49913669
v 0.12380297 -0.09496586 -0.50151110
v 0.13334417 0.11499601 -0.49400806
v 0.11495990 0.10498484 -0.50369549
v 0.10495327 -0.10497703 -0.50455028
v 0.10495327 -0.09496586 -0.50464523
v 0.09497989 -0.11498819 -0.50474024
v 0.09497989 -0.10497703 -0.50502515
v 0.14494655 0.11499601 -0.46485084
v 0.14740667 0.11499601 -0.45487845
v 0.14936811 0.10498484 -0.44718552
v 0.14936811 0.09497367 -0.44728047
v 0.15226036 0.09497367 -0.43483877
v 0.15684813 0.09497367 -0.41489410
v 0.14218727 0.11499601 -0.47482318
v 0.15897578 0.09497367 -0.40520668
v 0.16003960 -0.09496586 -0.40026796
v 0.16313136 0.09497367 -0.38488203
v 0.16116995 0.09497367 -0.39485443
v 0.16476035 0.09497367 -0.37490970
v 0.16612339 0.09497367 -0.36484236
v 0.16585743 0.10498484 -0.36484236
v 0.16672179 0.10498484 -0.35487002
v 0.16738668 0.10498484 -0.34489769
v 0.16662204 0.11499601 -0.33483034
v 0.16625637 0.11499601 -0.34489769
v 0.16279891 0.12415019 -0.33483034
v 0.16289866 0.12418915 -0.32485801
v 0.16296515 0.12418915 -0.30491328
v 0.16299838 0.12418915 -0.29484594
v 0.16249973 0.12411124 -0.35487002
v 0.16266593 0.12415019 -0.34489769
v 0.16303164 0.12418915 -0.27490127
v 0.16309813 0.12418915 -0.14488080
v 0.16306487 0.12418915 -0.22484955
v 0.16309813 0.12418915 0.09493052
v 0.16306487 0.12418915 0.20491131
v 0.16303164 0.12418915 0.23492335
v 0.16289866 0.12418915 0.27490771
v 0.16722044 0.11499601 0.24489568
v 0.16715395 0.09497367 0.30491978
v 0.16628960 0.09497367 0.31489211
v 0.16748643 0.10498484 0.29485244
v 0.16712072 0.11499601 0.25486803
v 0.16685477 0.11499601 0.27490771
v 0.16495982 0.09497367 0.32486445
v 0.16329759 0.09497367 0.33483678
v 0.15934148 0.12913629 0.30491978
v 0.13680163 0.15605348 0.39486086
v 0.13178170 0.16209134 0.39486086
v 0.11293198 0.18304858 0.30491978
v 0.11293198 0.18289277 0.31489211
v 0.16269919 0.12415019 0.29485244
v 0.16283217 0.12415019 0.28488010
v 0.11289874 0.18269800 0.32486445
v 0.11279900 0.18238637 0.33483678
v 0.10718066 0.18807365 0.30491978
v 0.10658226 0.18787888 0.31489211
v 0.10156232 0.19076146 0.31489211
v 0.05521931 0.05765577 0.46476233
v 0.06519270 0.05746100 0.46476233
v 0.09497989 0.19247544 0.31489211
v 0.09564478 0.19099519 0.32543433
v 0.09275249 0.19041088 0.33227247
v 0.09564478 0.18947598 0.33531171
v 0.06499323 0.18448988 0.38488853
v 0.06499323 0.18246427 0.39486086
v -0.06499325 0.18250322 0.39495581
v -0.09564479 0.18947598 0.33531171
v -0.09278575 0.19041088 0.33227247
v -0.09564479 0.19099519 0.32552928
v -0.09497990 0.19247544 0.31498706
v -0.10159558 0.19076146 0.31498706
v -0.10658228 0.18791783 0.31498706
v -0.06499325 0.18452883 0.38498348
v -0.07499988 0.18055552 0.40264881
v -0.11279902 0.18238637 0.33493179
v -0.11289875 0.18269800 0.32495946
v -0.11293200 0.18289277 0.31498706
v -0.13178170 0.16209134 0.39495581
v -0.11289875 0.18304858 0.30482477
v -0.11289875 0.18316545 0.29485244
v -0.15930825 0.12913629 0.30482477
v -0.16283217 0.12415019 0.28488010
v -0.16269919 0.12415019 0.29485244
v -0.15930825 0.12913629 -0.35487002
v -0.15927500 0.12898049 -0.36484236
v -0.16240001 0.11499601 -0.38497704
v -0.16293192 0.10498484 -0.38497704
v -0.15917528 0.12862989 -0.37481475
v -0.15904230 0.12777291 -0.38497704
v -0.16103697 0.12274785 -0.38497704
v -0.16040534 0.12138446 -0.39219511
v -0.15993989 0.10864651 -0.39969814
v -0.16077101 0.11499601 -0.39399964
v -0.15910879 0.10517961 -0.40406698
v -0.15651572 0.11499601 -0.41489410
v -0.15432155 0.11499601 -0.42486644
v -0.15046519 0.11499601 -0.44196188
v -0.15452102 0.10498484 -0.42486644
v -0.14714071 0.12492926 -0.45497346
v -0.14471385 0.12492926 -0.46494579
v -0.14198780 0.12492926 -0.47491813
v -0.14022583 0.12492926 -0.48061663
v -0.13819793 0.12492926 -0.48555529
v -0.13317797 0.12492926 -0.49372315
v -0.12855697 0.11499601 -0.49904174
v -0.12373650 0.10498484 -0.50151110
v -0.11499316 0.10498484 -0.50379050
v -0.10498653 -0.09496586 -0.50474024
v -0.10498653 -0.10497703 -0.50464523
v -0.09497990 -0.11498819 -0.50483519
v -0.08497327 -0.12496041 -0.50474024
v 0.00083111 -0.16099283 -0.49201357
v 0.00083111 -0.15238400 -0.50122613
v 0.00083111 -0.14494379 -0.50322062
v 0.00083111 -0.13493262 -0.50426537
v -0.06499325 -0.12496041 -0.50483519
v 0.07499987 -0.13493262 -0.50417036
v 0.08500650 -0.12496041 -0.50464523
v 0.08500650 -0.11498819 -0.50502515
v 0.13819790 0.12492926 -0.48555529
v 0.14022583 0.12492926 -0.48061663
v 0.14198780 0.12492926 -0.47482318
v 0.12872317 0.10498484 -0.49904174
v 0.12380297 0.09497367 -0.50151110
v 0.12373649 0.10498484 -0.50151110
v 0.13317797 0.12492926 -0.49372315
v 0.12852371 0.11499601 -0.49894679
v 0.11495990 0.11499601 -0.50350553
v 0.12353702 0.11499601 -0.50141609
v 0.10495327 0.09497367 -0.50464523
v 0.10495327 0.10498484 -0.50455028
v 0.09497989 -0.06497131 -0.50512010
v 0.07499987 -0.09496586 -0.50540507
v 0.14471385 0.12492926 -0.46485084
v 0.14714071 0.12492926 -0.45487845
v 0.14930162 0.11499601 -0.44690061
v 0.15053165 0.10498484 -0.44224679
v 0.15452102 0.10498484 -0.42486644
v 0.15678164 0.10498484 -0.41489410
v 0.16003960 0.10206329 -0.40007800
v 0.16003960 0.09497367 -0.40026796
v 0.16293189 0.10498484 -0.38488203
v 0.16083750 0.10525752 -0.39580417
v 0.16456088 0.10498484 -0.37490970
v 0.16389599 0.11499601 -0.37490970
v 0.16502631 0.11499601 -0.36484236
v 0.16575769 0.11499601 -0.35487002
v 0.16220051 0.12399437 -0.36484236
v 0.15934148 0.12913629 -0.35487002
v 0.15920851 0.12862989 -0.37490970
v 0.15927500 0.12898049 -0.36484236
v 0.11289874 0.18332127 0.25486803
v 0.11289874 0.18328230 0.27490771
v 0.11289874 0.18324335 0.28488010
v 0.11289874 0.18316545 0.29485244
v 0.14082423 0.15098947 -0.43483877
v 0.13656890 0.15601453 -0.43483877
v 0.11289874 0.18332127 -0.30491328
v 0.10764609 0.18826841 0.28488010
v 0.10747986 0.18819050 0.29485244
v 0.10216073 0.19111206 0.30491978
v 0.10245993 0.19130683 0.29485244
v 0.09497989 0.19325452 0.30491978
v 0.08500650 0.19461791 0.30491978
v 0.08500650 0.19372196 0.31489211
v 0.08500650 0.19235858 0.32486445
v 0.05498660 0.18865795 0.36484885
v -0.04497999 0.19282603 0.34490412
v -0.05498662 0.18869691 0.36484885
v -0.08497327 0.19235858 0.32495946
v -0.08497327 0.19372196 0.31498706
v -0.08497327 0.19461791 0.30482477
v -0.09497990 0.19325452 0.30482477
v -0.10216074 0.19111206 0.30482477
v -0.10714743 0.18807365 0.30482477
v -0.10747988 0.18819050 0.29485244
v -0.10764610 0.18826841 0.28488010
v -0.11289875 0.18324335 0.28488010
v -0.11289875 0.18328230 0.27490771
v -0.11286551 0.18332127 0.25496304
v -0.11286551 0.18332127 -0.30491328
v -0.11289875 0.18328230 -0.32495296
v -0.13656893 0.15601453 -0.43483877
v -0.14082423 0.15098947 -0.43483877
v -0.10777909 0.18830737 0.26493537
v -0.14999977 0.14004341 -0.41147500
v -0.14993328 0.13984863 -0.41821820
v -0.14980030 0.13949805 -0.42486644
v -0.14946786 0.13758931 -0.43483877
v -0.15754628 0.12492926 -0.40492171
v -0.15581757 0.12492926 -0.41489410
v -0.15980691 0.11499601 -0.39893830
v -0.15861011 0.11499601 -0.40492171
v -0.15385613 0.12492926 -0.42486644
v -0.15169522 0.12492926 -0.43483877
v -0.14424843 0.13497940 -0.46494579
v -0.15009949 0.13065550 -0.44044232
v -0.14128965 0.13509625 -0.47577292
v -0.14009285 0.13190202 -0.48023671
v -0.13823116 0.13509625 -0.48403573
v -0.13284552 0.13497940 -0.49343824
v -0.12815803 0.12492926 -0.49875683
v -0.12313810 0.12492926 -0.50122613
v -0.12353703 0.11499601 -0.50141609
v -0.11499316 0.11499601 -0.50360054
v -0.10498653 0.10498484 -0.50464523
v -0.10498653 0.09497367 -0.50474024
v -0.09497990 -0.09496586 -0.50512010
v -0.09497990 -0.10497703 -0.50502515
v -0.08497327 -0.11498819 -0.50502515
v -0.07499988 -0.11498819 -0.50512010
v 0.00083111 -0.12496041 -0.50483519
v 0.07499987 -0.12496041 -0.50474024
v 0.00083111 -0.11498819 -0.50512010
v 0.00083111 -0.11085907 -0.50521511
v 0.13823116 0.13513520 -0.48403573
v 0.14009285 0.13197994 -0.48014176
v 0.13287875 0.13497940 -0.49334323
v 0.14125639 0.13513520 -0.47567797
v 0.12812477 0.12492926 -0.49875683
v 0.11495990 0.12492926 -0.50312567
v 0.12313809 0.12492926 -0.50122613
v 0.10495327 0.11499601 -0.50436032
v 0.09497989 0.06497912 -0.50512010
v 0.09497989 0.10498484 -0.50502515
v 0.00083111 -0.10497703 -0.50531006
v -0.07499988 -0.09496586 -0.50540507
v 0.00083111 -0.06497131 -0.50550002
v 0.07499987 0.09497367 -0.50540507
v 0.14421517 0.13497940 -0.46485084
v 0.14916864 0.12492926 -0.44614077
v 0.15043193 0.11499601 -0.44196188
v 0.15206090 0.11499601 -0.43483877
v 0.15432155 0.11499601 -0.42486644
v 0.15651569 0.11499601 -0.41489410
v 0.15914202 0.10525752 -0.40397197
v 0.15993989 0.10876337 -0.39969814
v 0.16243324 0.11499601 -0.38488203
v 0.16077101 0.11499601 -0.39399964
v 0.15980691 0.11499601 -0.39903331
v 0.16040531 0.12146237 -0.39219511
v 0.16100371 0.12274785 -0.38488203
v 0.16170186 0.12364379 -0.37490970
v 0.15907553 0.12777291 -0.38488203
v 0.15003300 0.14004341 -0.41166496
v 0.14980027 0.13953701 -0.42486644
v 0.14993325 0.13988759 -0.41840816
v 0.10797854 0.18834633 0.12484758
v 0.10794529 0.18834633 0.19484399
v 0.10787880 0.18830737 0.24489568
v 0.10784556 0.18830737 0.25486803
v 0.10777907 0.18830737 0.26484042
v 0.14072448 0.15091157 -0.44490612
v 0.13653567 0.15593663 -0.44490612
v 0.13154897 0.16177972 -0.43483877
v 0.11289874 0.18328230 -0.32485801
v 0.10794529 0.18834633 -0.24488923
v 0.10797854 0.18834633 -0.16492046
v 0.10265940 0.19146264 0.28488010
v 0.10282562 0.19165741 0.25486803
v 0.09497989 0.19411151 0.28488010
v 0.09497989 0.19376092 0.29485244
v 0.08500650 0.19531909 0.29485244
v 0.03500658 0.19773422 0.31489211
v 0.03500658 0.19656561 0.32486445
v 0.04497997 0.19274811 0.34490412
v -0.03497335 0.19473477 0.33493179
v -0.03497335 0.19664352 0.32495946
v -0.03497335 0.19773422 0.31498706
v -0.08497327 0.19531909 0.29485244
v -0.09497990 0.19376092 0.29485244
v -0.09497990 0.19411151 0.28488010
v -0.10245994 0.19130683 0.29485244
v -0.10265941 0.19146264 0.28488010
v -0.10282563 0.19165741 0.25496304
v -0.10784557 0.18830737 0.25496304
v -0.10787882 0.18830737 0.24489568
v -0.10794531 0.18834633 0.19493896
v -0.10797855 0.18834633 0.10490288
v -0.10797855 0.18834633 -0.15494812
v -0.10794531 0.18834633 -0.24488923
v -0.10787882 0.18830737 -0.29484594
v -0.10784557 0.18830737 -0.30491328
v -0.11289875 0.18324335 -0.33492529
v -0.13154900 0.16177972 -0.43483877
v -0.13653567 0.15593663 -0.44490612
v -0.14072451 0.15091157 -0.44490612
v -0.10289212 0.19173531 0.23492335
v -0.14049178 0.15059993 -0.45497346
v -0.14019260 0.15028830 -0.46228647
v -0.13986015 0.14970399 -0.46902972
v -0.14168859 0.14580859 -0.46532571
v -0.14873645 0.13439508 -0.44424129
v -0.14650908 0.13497940 -0.45497346
v -0.14092398 0.14304286 -0.47292370
v -0.13989338 0.13860211 -0.47966689
v -0.13653567 0.14499056 -0.48489052
v -0.13214740 0.14499056 -0.49248850
v -0.12739342 0.13497940 -0.49837691
v -0.12240672 0.13497940 -0.50094122
v -0.11499316 0.12492926 -0.50322062
v -0.10498653 0.11499601 -0.50445533
v -0.09497990 0.10498484 -0.50502515
v -0.09497990 0.09497367 -0.50512010
v -0.08497327 -0.09496586 -0.50531006
v -0.08497327 -0.10497703 -0.50521511
v -0.07499988 -0.10497703 -0.50531006
v 0.13656890 0.14499056 -0.48489052
v 0.13989338 0.13860211 -0.47957188
v 0.12739339 0.13497940 -0.49828196
v 0.13214737 0.14499056 -0.49248850
v 0.12240671 0.13497940 -0.50094122
v 0.11495990 0.13497940 -0.50255579
v 0.10495327 0.12492926 -0.50398040
v 0.09497989 0.11499601 -0.50474024
v 0.09497989 0.12492926 -0.50445533
v 0.08500650 0.11499601 -0.50502515
v -0.04497999 -0.06497131 -0.50550002
v -0.07499988 0.09497367 -0.50540507
v 0.00083111 0.06497912 -0.50550002
v 0.00083111 0.09910279 -0.50540507
v 0.00083111 0.10498484 -0.50531006
v 0.14650905 0.13497940 -0.45487845
v 0.14089072 0.14304286 -0.47292370
v 0.15009949 0.13065550 -0.44044232
v 0.15169522 0.12492926 -0.43483877
v 0.15861011 0.11499601 -0.40482676
v 0.15382287 0.12492926 -0.42486644
v 0.15581754 0.12492926 -0.41489410
v 0.15754628 0.12492926 -0.40482676
v 0.14946783 0.13758931 -0.43483877
v 0.13989338 0.14970399 -0.46893471
v 0.14022583 0.15028830 -0.46228647
v 0.14049178 0.15059993 -0.45487845
v 0.10295860 0.19185218 0.09493052
v 0.10292535 0.19181323 0.18487163
v 0.10289211 0.19173531 0.23492335
v 0.13630295 0.15566395 -0.45487845
v 0.13151574 0.16158494 -0.44490612
v 0.12210750 0.17245311 -0.40482676
v 0.11788543 0.17743921 -0.37490970
v 0.11289874 0.18324335 -0.33483034
v 0.10784556 0.18830737 -0.30491328
v 0.10787880 0.18830737 -0.29484594
v 0.10292535 0.19181323 -0.23491688
v 0.10295860 0.19185218 -0.15485315
v 0.09497989 0.19430628 0.27490771
v 0.09497989 0.19473477 0.24489568
v 0.09497989 0.19461791 0.25486803
v 0.09497989 0.19481269 0.23492335
v 0.08500650 0.19578654 0.28488010
v 0.08500650 0.19605921 0.27490771
v 0.07499987 0.19644874 0.28488010
v 0.02499995 0.19835749 0.31489211
v -0.02499996 0.19839644 0.31498706
v -0.08497327 0.19578654 0.28488010
v -0.08497327 0.19605921 0.27490771
v -0.09497990 0.19430628 0.27490771
v -0.09497990 0.19461791 0.25496304
v -0.09497990 0.19473477 0.24489568
v -0.09497990 0.19481269 0.23492335
v -0.10292537 0.19181323 0.18487163
v -0.10295861 0.19185218 0.10490288
v -0.10295861 0.19185218 -0.15494812
v -0.10292537 0.19181323 -0.23491688
v -0.10289212 0.19173531 -0.28487360
v -0.10777909 0.18830737 -0.31498063
v -0.11289875 0.18316545 -0.34489769
v -0.11788545 0.17743921 -0.37481475
v -0.13154900 0.16166286 -0.44490612
v -0.11775247 0.17747816 -0.38497704
v -0.13630298 0.15566395 -0.45497346
v -0.09497990 0.19504641 0.17489928
v -0.13650244 0.15418370 -0.46532571
v -0.13357690 0.15558603 -0.47434831
v -0.13277903 0.15305403 -0.48489052
v -0.13942796 0.14580859 -0.47577292
v -0.13108358 0.15141797 -0.49125379
v -0.12476709 0.14596441 -0.49799699
v -0.12130965 0.14327659 -0.50046635
v -0.11499316 0.13497940 -0.50255579
v -0.10498653 0.13497940 -0.50350553
v -0.10498653 0.12492926 -0.50407541
v -0.09497990 0.12492926 -0.50455028
v -0.09497990 0.11499601 -0.50483519
v -0.08497327 0.10498484 -0.50521511
v -0.08497327 0.09497367 -0.50531006
v 0.13277903 0.15305403 -0.48489052
v 0.13942796 0.14580859 -0.47567797
v 0.13108355 0.15141797 -0.49115884
v 0.12476707 0.14596441 -0.49790204
v 0.12127639 0.14327659 -0.50046635
v 0.10495327 0.13497940 -0.50341058
v 0.10495327 0.14499056 -0.50217593
v 0.11592400 0.14596441 -0.50103623
v 0.08500650 0.12492926 -0.50455028
v 0.08500650 0.13497940 -0.50398040
v 0.09497989 0.13497940 -0.50379050
v 0.00083111 0.12492926 -0.50474024
v 0.07499987 0.12492926 -0.50464523
v 0.00083111 0.11499601 -0.50512010
v -0.04497999 0.06497912 -0.50550002
v -0.07499988 0.10498484 -0.50531006
v 0.14168859 0.14580859 -0.46532571
v 0.14873645 0.13439508 -0.44424129
v 0.13361013 0.15558603 -0.47425330
v 0.13018593 0.16014366 -0.47054929
v 0.13650241 0.15418370 -0.46532571
v 0.09497989 0.19512431 0.08486319
v 0.09497989 0.19504641 0.17489928
v 0.10289211 0.19177426 0.21488367
v 0.09497989 0.19508536 0.13491490
v 0.13128302 0.16127332 -0.45487845
v 0.12204101 0.17179088 -0.42486644
v 0.12214074 0.17218043 -0.41489410
v 0.11775246 0.17743921 -0.38488203
v 0.11293198 0.18304858 -0.35487002
v 0.11289874 0.18316545 -0.34489769
v 0.10777907 0.18830737 -0.31488562
v 0.10289211 0.19173531 -0.28487360
v 0.09497989 0.19504641 -0.21487720
v 0.09497989 0.19512431 -0.13490844
v 0.08500650 0.19664352 0.24489568
v 0.08500650 0.19687724 0.20491131
v 0.08500650 0.19672142 0.23492335
v 0.07499987 0.19738364 0.24489568
v 0.07499987 0.19718887 0.25486803
v 0.07499987 0.19672142 0.27490771
v 0.07499987 0.19750050 0.23492335
v 0.06499323 0.19781214 0.23492335
v 0.06499323 0.19804586 0.19484399
v 0.06499323 0.19816272 0.16492693
v 0.05498660 0.19827959 0.15485960
v 0.05498660 0.19835749 0.09493052
v 0.04497997 0.19839644 0.09493052
v 0.03500658 0.19843540 -0.02492765
v -0.03497335 0.19843540 -0.02492765
v -0.04497999 0.19839644 0.09493052
v -0.05498662 0.19835749 0.09493052
v -0.06499325 0.19816272 0.16492693
v -0.06499325 0.19804586 0.19493896
v -0.06499325 0.19781214 0.23492335
v -0.07499988 0.19750050 0.23492335
v -0.07499988 0.19738364 0.24489568
v -0.07499988 0.19718887 0.25496304
v -0.07499988 0.19672142 0.27490771
v -0.07499988 0.19644874 0.28488010
v -0.08497327 0.19664352 0.24489568
v -0.08497327 0.19672142 0.23492335
v -0.08497327 0.19687724 0.20491131
v -0.09497990 0.19512431 0.08495817
v -0.09497990 0.19512431 -0.13490844
v -0.09497990 0.19504641 -0.21487720
v -0.09497990 0.19500744 -0.23491688
v -0.09497990 0.19481269 -0.28487360
v -0.10285888 0.19169636 -0.29484594
v -0.10771260 0.18826841 -0.32495296
v -0.11289875 0.18304858 -0.35487002
v -0.12217400 0.17221938 -0.41489410
v -0.12207427 0.17179088 -0.42486644
v -0.13131627 0.16127332 -0.45497346
v -0.11289875 0.18285382 -0.36484236
v -0.11289875 0.18262009 -0.37481475
v -0.08497327 0.19699410 0.17489928
v -0.08497327 0.19711097 0.08495817
v -0.13015270 0.16014366 -0.47054929
v -0.13071787 0.16061109 -0.46494579
v -0.12519926 0.15827386 -0.48536539
v -0.12868994 0.15936457 -0.47729254
v -0.12496655 0.15328775 -0.49343824
v -0.11988012 0.14993772 -0.49989653
v -0.10498653 0.14499056 -0.50227088
v -0.11592402 0.14596441 -0.50103623
v -0.09497990 0.13497940 -0.50388545
v -0.08497327 0.13497940 -0.50407541
v -0.07499988 0.13497940 -0.50417036
v -0.07499988 0.12492926 -0.50474024
v -0.07499988 0.11499601 -0.50512010
v -0.08497327 0.11499601 -0.50502515
v 0.12519926 0.15827386 -0.48527038
v 0.12868994 0.15936457 -0.47719753
v 0.11991335 0.14993772 -0.49980152
v 0.12496654 0.15328775 -0.49334323
v 0.09497989 0.14499056 -0.50265080
v 0.10495327 0.15126215 -0.50056136
v 0.11323119 0.15067784 -0.50027639
v 0.08500650 0.14499056 -0.50274575
v 0.07499987 0.13497940 -0.50407541
v 0.00083111 0.12909734 -0.50455028
v 0.13071787 0.16065006 -0.46485084
v 0.12011282 0.17003796 -0.45012975
v 0.12067799 0.17046645 -0.44490612
v 0.08500650 0.19711097 0.08486319
v 0.08500650 0.19699410 0.17489928
v 0.08500650 0.19707201 0.12484758
v 0.12157559 0.17120658 -0.43483877
v 0.11236683 0.18172415 -0.39485443
v 0.11273251 0.18226950 -0.38488203
v 0.11289874 0.18262009 -0.37490970
v 0.11293198 0.18285382 -0.36484236
v 0.10761284 0.18822946 -0.33483034
v 0.10771258 0.18826841 -0.32485801
v 0.10285886 0.19169636 -0.29484594
v 0.09497989 0.19481269 -0.28487360
v 0.09497989 0.19485164 -0.27490127
v 0.09497989 0.19500744 -0.23491688
v 0.08500650 0.19699410 -0.22484955
v 0.08500650 0.19711097 -0.13490844
v 0.07499987 0.19781214 0.17489928
v 0.07499987 0.19773422 0.19484399
v 0.07499987 0.19785109 0.15485960
v 0.07499987 0.19789004 0.12484758
v 0.06499323 0.19824062 0.09493052
v 0.05498660 0.19835749 -0.13490844
v 0.04497997 0.19839644 -0.13490844
v 0.03500658 0.19839644 -0.14488080
v 0.00083111 0.19839644 -0.15076923
v -0.03497335 0.19839644 -0.14488080
v -0.04497999 0.19839644 -0.13490844
v -0.05498662 0.19835749 -0.13490844
v -0.06499325 0.19824062 0.09493052
v -0.07499988 0.19789004 0.12484758
v -0.07499988 0.19785109 0.15495458
v -0.07499988 0.19781214 0.17489928
v -0.07499988 0.19773422 0.19493896
v -0.08497327 0.19711097 -0.13490844
v -0.08497327 0.19699410 -0.22494453
v -0.08497327 0.19691619 -0.24488923
v -0.08497327 0.19672142 -0.28487360
v -0.09497990 0.19473477 -0.29484594
v -0.10275915 0.19157951 -0.31498063
v -0.10272590 0.19150159 -0.32495296
v -0.10761286 0.18822946 -0.33492529
v -0.11273253 0.18226950 -0.38497704
v -0.12157560 0.17120658 -0.43483877
v -0.11236684 0.18172415 -0.39494938
v -0.10744663 0.18815155 -0.34489769
v -0.10708094 0.18803468 -0.35487002
v -0.07499988 0.19792899 0.08495817
v -0.12067800 0.17046645 -0.44490612
v -0.12007959 0.17003796 -0.45022470
v -0.11715407 0.15959829 -0.48897439
v -0.12200778 0.16080587 -0.48223120
v -0.12519926 0.16158494 -0.47434831
v -0.11519264 0.15515755 -0.49495780
v -0.11323120 0.15067784 -0.50027639
v -0.09497990 0.14499056 -0.50265080
v -0.10498653 0.15126215 -0.50065631
v -0.08497327 0.14499056 -0.50284076
v -0.07499988 0.14499056 -0.50293571
v 0.00083111 0.13910851 -0.50369549
v 0.00083111 0.13497940 -0.50417036
v 0.11718730 0.15959829 -0.48887944
v 0.12204101 0.16080587 -0.48223120
v 0.12519926 0.16166286 -0.47425330
v 0.11519262 0.15515755 -0.49495780
v 0.08500650 0.15176855 -0.50094122
v 0.09497989 0.15161273 -0.50084627
v 0.10495327 0.15628721 -0.49533772
v 0.06499323 0.14499056 -0.50293571
v 0.11495990 0.17070018 -0.45250410
v 0.10890938 0.17977645 -0.41897798
v 0.11093730 0.18047762 -0.41232979
v 0.11176842 0.18110089 -0.40482676
v 0.11495990 0.16758385 -0.46485084
v 0.11495990 0.16945365 -0.45753777
v 0.07499987 0.19792899 0.08486319
v 0.10139610 0.19064461 -0.36484236
v 0.10638279 0.18783993 -0.36484236
v 0.10711417 0.18803468 -0.35487002
v 0.10741337 0.18815155 -0.34489769
v 0.10262615 0.19142368 -0.33483034
v 0.10272589 0.19150159 -0.32485801
v 0.10275913 0.19157951 -0.31488562
v 0.09497989 0.19473477 -0.29484594
v 0.08500650 0.19672142 -0.28487360
v 0.08500650 0.19691619 -0.24488923
v 0.08500650 0.19695514 -0.23491688
v 0.07499987 0.19781214 -0.22484955
v 0.07499987 0.19785109 -0.20490485
v 0.07499987 0.19792899 -0.13490844
v 0.06499323 0.19824062 -0.14488080
v 0.05498660 0.19827959 -0.20490485
v 0.04497997 0.19831854 -0.20490485
v 0.00083111 0.19831854 -0.21079329
v -0.04497999 0.19831854 -0.20490485
v -0.06499325 0.19824062 -0.14488080
v -0.05498662 0.19827959 -0.20490485
v -0.07499988 0.19792899 -0.13490844
v -0.07499988 0.19785109 -0.20490485
v -0.07499988 0.19781214 -0.22494453
v -0.07499988 0.19750050 -0.28487360
v -0.08497327 0.19660456 -0.29484594
v -0.07499988 0.19761737 -0.26492891
v -0.09497990 0.19446209 -0.31498063
v -0.10262617 0.19142368 -0.33492529
v -0.10638281 0.18783993 -0.36484236
v -0.11176844 0.18110089 -0.40492171
v -0.10139611 0.19064461 -0.36484236
v -0.10242670 0.19126786 -0.34489769
v -0.10209425 0.19099519 -0.35487002
v -0.11093732 0.18047762 -0.41232979
v -0.10890940 0.17977645 -0.41907299
v -0.11499316 0.17070018 -0.45259905
v -0.11499316 0.16945365 -0.45763272
v -0.11499316 0.16758385 -0.46494579
v -0.11499316 0.16466232 -0.47491813
v -0.11429503 0.16127332 -0.48536539
v -0.11047190 0.16002679 -0.49001914
v -0.10498653 0.15628721 -0.49533772
v -0.09497990 0.15161273 -0.50084627
v -0.09497990 0.15659884 -0.49562263
v -0.08497327 0.15176855 -0.50094122
v -0.07499988 0.15180750 -0.50103623
v 0.00083111 0.14779525 -0.50217593
v 0.11050513 0.16002679 -0.49001914
v 0.11429501 0.16127332 -0.48527038
v 0.11495990 0.16470127 -0.47482318
v 0.00083111 0.15180750 -0.50103623
v 0.07499987 0.15180750 -0.50094122
v 0.07499987 0.15679361 -0.49581259
v 0.08500650 0.15675466 -0.49571764
v 0.09497989 0.15659884 -0.49562263
v 0.10495327 0.16018261 -0.49030405
v 0.10974050 0.16996005 -0.45981717
v 0.10531896 0.17903632 -0.42477149
v 0.10531896 0.18125670 -0.41536897
v 0.10495327 0.18343812 -0.40482676
v 0.09870329 0.18974866 -0.37851876
v 0.10059823 0.19025506 -0.37177551
v 0.09497989 0.19313766 -0.35487002
v 0.10209423 0.19099519 -0.35487002
v 0.10242669 0.19126786 -0.34489769
v 0.09497989 0.19430628 -0.32485801
v 0.09497989 0.19446209 -0.31488562
v 0.08500650 0.19660456 -0.29484594
v 0.07499987 0.19750050 -0.28487360
v 0.06499323 0.19808482 -0.23491688
v 0.06499323 0.19812377 -0.22484955
v 0.06499323 0.19816272 -0.20490485
v 0.05498660 0.19824062 -0.22484955
v 0.04497997 0.19827959 -0.22484955
v -0.04497999 0.19827959 -0.22494453
v 0.00083111 0.19827959 -0.22494453
v -0.06499325 0.19816272 -0.20490485
v -0.05498662 0.19824062 -0.22494453
v -0.06499325 0.19812377 -0.22494453
v -0.06499325 0.19808482 -0.23491688
v -0.06499325 0.19781214 -0.28487360
v -0.07499988 0.19738364 -0.29484594
v -0.08497327 0.19640979 -0.30491328
v -0.09497990 0.19430628 -0.32495296
v -0.06499325 0.19792899 -0.26492891
v -0.10056500 0.19025506 -0.37187052
v -0.09497990 0.19313766 -0.35487002
v -0.09497990 0.19407256 -0.33492529
v -0.09497990 0.19368301 -0.34489769
v -0.09870330 0.18974866 -0.37851876
v -0.10498653 0.18343812 -0.40492171
v -0.10535222 0.18125670 -0.41536897
v -0.10226048 0.18036076 -0.42144734
v -0.10970727 0.16996005 -0.45981717
v -0.10498653 0.16571407 -0.47491813
v -0.10498653 0.16224717 -0.48489052
v -0.10498653 0.16018261 -0.49039900
v -0.08497327 0.15675466 -0.49581259
v -0.09497990 0.16033842 -0.49068397
v -0.07499988 0.15679361 -0.49581259
v -0.05498662 0.15683256 -0.49581259
v 0.00083111 0.15391102 -0.49885178
v 0.10495327 0.16224717 -0.48489052
v 0.10495327 0.16571407 -0.47482318
v 0.05498660 0.15683256 -0.49581259
v 0.05498660 0.16045529 -0.49087393
v 0.08500650 0.16041633 -0.49077892
v 0.09497989 0.16033842 -0.49058896
v 0.09497989 0.16255879 -0.48489052
v 0.10581764 0.16890830 -0.46418601
v 0.10305833 0.17015482 -0.46038699
v 0.10581764 0.17124553 -0.45582819
v 0.09497989 0.17938691 -0.42752576
v 0.10495327 0.17416708 -0.44490612
v 0.10222722 0.18036076 -0.42135239
v 0.09497989 0.18725561 -0.39485443
v 0.09521260 0.18920331 -0.38478708
v 0.09202112 0.19025506 -0.38146299
v 0.09521260 0.19083938 -0.37500465
v 0.09497989 0.19224171 -0.36484236
v 0.08500650 0.19450104 -0.35487002
v 0.08500650 0.19520222 -0.34489769
v 0.09497989 0.19368301 -0.34489769
v 0.09497989 0.19407256 -0.33483034
v 0.08500650 0.19598129 -0.32485801
v 0.08500650 0.19640979 -0.30491328
v 0.07499987 0.19738364 -0.29484594
v 0.06499323 0.19781214 -0.28487360
v 0.06499323 0.19792899 -0.26483393
v 0.05498660 0.19820167 -0.23491688
v 0.04497997 0.19824062 -0.23491688
v -0.04497999 0.19824062 -0.23491688
v -0.05498662 0.19820167 -0.23491688
v -0.05498662 0.19789004 -0.28487360
v -0.06499325 0.19769527 -0.29484594
v -0.05498662 0.19796795 -0.27490127
v -0.07499988 0.19714992 -0.30491328
v -0.08497327 0.19598129 -0.32495296
v -0.09497990 0.19224171 -0.36484236
v -0.08497327 0.19450104 -0.35487002
v -0.08497327 0.19520222 -0.34489769
v -0.08497327 0.19570862 -0.33492529
v -0.09521262 0.19083938 -0.37500465
v -0.09205437 0.19025506 -0.38146299
v -0.09521262 0.18920331 -0.38488203
v -0.09497990 0.18725561 -0.39494938
v -0.09497990 0.18507420 -0.40492171
v -0.09497990 0.18265904 -0.41489410
v -0.10305835 0.17015482 -0.46048200
v -0.10581765 0.16890830 -0.46428096
v -0.09497990 0.17938691 -0.42752576
v -0.10581765 0.17124553 -0.45592320
v -0.09497990 0.16883038 -0.46589553
v -0.09497990 0.16602570 -0.47491813
v -0.09497990 0.16255879 -0.48489052
v -0.08497327 0.16041633 -0.49077892
v -0.07499988 0.16041633 -0.49087393
v -0.08497327 0.16267566 -0.48489052
v -0.06499325 0.16045529 -0.49087393
v 0.09497989 0.16602570 -0.47482318
v 0.09497989 0.16883038 -0.46589553
v 0.06499323 0.16275357 -0.48489052
v 0.08500650 0.16267566 -0.48489052
v 0.09497989 0.17198566 -0.45487845
v 0.09497989 0.17471243 -0.44490612
v 0.08500650 0.17950377 -0.42809558
v 0.08500650 0.18300962 -0.41489410
v 0.09497989 0.18265904 -0.41489410
v 0.09497989 0.18503523 -0.40482676
v 0.08500650 0.18951494 -0.38782626
v 0.08500650 0.19056670 -0.38279259
v 0.08500650 0.19200799 -0.37490970
v 0.08500650 0.19348824 -0.36484236
v 0.07499987 0.19496849 -0.35487002
v 0.07499987 0.19578654 -0.34489769
v 0.07499987 0.19637084 -0.33483034
v 0.08500650 0.19570862 -0.33483034
v 0.07499987 0.19668247 -0.32485801
v 0.07499987 0.19714992 -0.30491328
v 0.06499323 0.19769527 -0.29484594
v 0.05498660 0.19789004 -0.28487360
v 0.05498660 0.19796795 -0.27490127
v 0.04497997 0.19800690 -0.27490127
v 0.00083111 0.19816272 -0.25077766
v -0.04497999 0.19800690 -0.27490127
v -0.04497999 0.19792899 -0.28487360
v -0.04497999 0.19781214 -0.29484594
v -0.05498662 0.19757842 -0.30491328
v -0.06499325 0.19746155 -0.30491328
v -0.07499988 0.19668247 -0.32495296
v -0.08497327 0.19348824 -0.36484236
v -0.07499988 0.19500744 -0.35487002
v -0.07499988 0.19578654 -0.34489769
v -0.07499988 0.19637084 -0.33492529
v -0.08497327 0.19200799 -0.37481475
v -0.08497327 0.19056670 -0.38288760
v -0.08497327 0.18951494 -0.38782626
v -0.08497327 0.18795678 -0.39494938
v -0.08497327 0.18554163 -0.40492171
v -0.08497327 0.18300962 -0.41489410
v -0.09497990 0.17471243 -0.44490612
v -0.09497990 0.17198566 -0.45497346
v -0.08497327 0.17950377 -0.42809558
v -0.08497327 0.16886935 -0.46618044
v -0.08497327 0.17214148 -0.45497346
v -0.08497327 0.16614257 -0.47491813
v -0.06499325 0.16275357 -0.48489052
v -0.07499988 0.16622047 -0.47491813
v 0.08500650 0.16614257 -0.47482318
v 0.08500650 0.16886935 -0.46608549
v 0.07499987 0.17038855 -0.46124178
v 0.08500650 0.17214148 -0.45487845
v 0.00083111 0.16419487 -0.48080659
v 0.07499987 0.16622047 -0.47482318
v 0.08500650 0.17494616 -0.44490612
v 0.07499987 0.17502406 -0.44490612
v 0.07499987 0.17775084 -0.43483877
v 0.07499987 0.18312649 -0.41489410
v 0.07499987 0.18569745 -0.40482676
v 0.08500650 0.18554163 -0.40482676
v 0.08500650 0.18791783 -0.39485443
v 0.07499987 0.18970971 -0.38849109
v 0.07499987 0.19072251 -0.38355243
v 0.07499987 0.19239753 -0.37490970
v 0.07499987 0.19391674 -0.36484236
v 0.06499323 0.19520222 -0.35487002
v 0.06499323 0.19598129 -0.34489769
v 0.06499323 0.19664352 -0.33483034
v 0.06499323 0.19695514 -0.32485801
v 0.06499323 0.19722782 -0.31488562
v 0.06499323 0.19746155 -0.30491328
v 0.05498660 0.19757842 -0.30491328
v 0.04497997 0.19781214 -0.29484594
v 0.04497997 0.19792899 -0.28487360
v 0.00083111 0.19804586 -0.27072239
v 0.00083111 0.19789004 -0.29085702
v -0.04497999 0.19761737 -0.30491328
v -0.05498662 0.19707201 -0.32495296
v -0.06499325 0.19699410 -0.32495296
v -0.07499988 0.19395569 -0.36484236
v -0.06499325 0.19520222 -0.35487002
v -0.06499325 0.19664352 -0.33492529
v -0.06499325 0.19598129 -0.34489769
v -0.07499988 0.19239753 -0.37481475
v -0.07499988 0.19076146 -0.38355243
v -0.07499988 0.18970971 -0.38849109
v -0.07499988 0.18819050 -0.39494938
v -0.07499988 0.18569745 -0.40492171
v -0.07499988 0.18312649 -0.41489410
v -0.08497327 0.17494616 -0.44490612
v -0.07499988 0.17954272 -0.42828554
v -0.07499988 0.17221938 -0.45497346
v -0.07499988 0.17038855 -0.46124178
v -0.07499988 0.16890830 -0.46627545
v -0.05498662 0.16890830 -0.46637040
v 0.00083111 0.16622047 -0.47491813
v 0.07499987 0.16890830 -0.46618044
v 0.06499323 0.16890830 -0.46627545
v 0.00083111 0.16953155 -0.46428096
v 0.00083111 0.17225833 -0.45497346
v 0.04497997 0.17225833 -0.45487845
v 0.07499987 0.17221938 -0.45487845
v 0.00083111 0.16890830 -0.46637040
v 0.04497997 0.17506301 -0.44490612
v 0.06499323 0.18090612 -0.42334682
v 0.05498660 0.18320440 -0.41489410
v 0.06499323 0.18577535 -0.40482676
v 0.07499987 0.18819050 -0.39485443
v 0.06499323 0.18974866 -0.38868105
v 0.06499323 0.19080043 -0.38374233
v 0.06499323 0.19251439 -0.37490970
v 0.06499323 0.19411151 -0.36484236
v 0.05498660 0.19418941 -0.36484236
v 0.03500658 0.19531909 -0.35487002
v 0.05498660 0.19609816 -0.34489769
v 0.05498660 0.19672142 -0.33483034
v 0.05498660 0.19707201 -0.32485801
v 0.04497997 0.19761737 -0.30491328
v 0.00083111 0.19722782 -0.32077408
v -0.04497999 0.19711097 -0.32495296
v -0.05498662 0.19672142 -0.33492529
v -0.06499325 0.19411151 -0.36484236
v -0.03497335 0.19531909 -0.35487002
v -0.05498662 0.19418941 -0.36484236
v -0.05498662 0.19609816 -0.34489769
v -0.06499325 0.19251439 -0.37481475
v -0.06499325 0.19080043 -0.38383734
v -0.06499325 0.18974866 -0.38877600
v -0.06499325 0.18826841 -0.39494938
v -0.06499325 0.18577535 -0.40492171
v -0.05498662 0.18320440 -0.41489410
v -0.07499988 0.17502406 -0.44490612
v -0.06499325 0.17954272 -0.42838049
v -0.06499325 0.17778979 -0.43483877
v -0.04497999 0.17225833 -0.45497346
v -0.05498662 0.17038855 -0.46133673
v -0.04497999 0.17506301 -0.44490612
v 0.00083111 0.17619269 -0.44082218
v 0.00083111 0.17852992 -0.43227446
v 0.00083111 0.18581432 -0.40492171
v 0.05498660 0.18581432 -0.40482676
v 0.06499323 0.18826841 -0.39485443
v 0.05498660 0.18830737 -0.39485443
v 0.04497997 0.18974866 -0.38887101
v 0.04497997 0.19083938 -0.38383734
v 0.04497997 0.19259231 -0.37490970
v 0.00083111 0.19325452 -0.37082577
v 0.00083111 0.19465686 -0.36075848
v 0.04497997 0.19613712 -0.34489769
v 0.04497997 0.19676037 -0.33483034
v 0.04497997 0.19711097 -0.32485801
v 0.00083111 0.19711097 -0.32495296
v 0.00083111 0.19691619 -0.33074641
v -0.04497999 0.19676037 -0.33492529
v -0.04497999 0.19613712 -0.34489769
v -0.04497999 0.19259231 -0.37481475
v -0.04497999 0.19083938 -0.38393229
v -0.04497999 0.18974866 -0.38887101
v -0.05498662 0.18830737 -0.39494938
v -0.05498662 0.18581432 -0.40492171
v 0.00083111 0.18830737 -0.39494938
v 0.00083111 0.19021611 -0.38678157
v 0.00083111 0.19083938 -0.38393229
v 0.00083111 0.19259231 -0.37490970
v 0.00083111 0.19640979 -0.34071881
v 0.00083111 0.19676037 -0.33492529
f 1 2 3
f 1 3 4
f 1 4 5
f 1 5 6
f 1 6 7
f 1 7 19
f 1 19 8
f 1 8 2
f 2 8 22
f 2 22 9
f 2 9 3
f 3 9 4
f 4 10 5
f 4 9 11
f 4 11 12
f 4 12 10
f 5 10 13
f 5 13 14
f 5 14 15
f 5 15 16
f 5 16 6
f 6 16 17
f 6 17 18
f 6 18 7
f 7 18 20
f 7 20 36
f 7 36 19
f 8 19 35
f 8 35 21
f 8 21 22
f 9 22 41
f 9 41 23
f 9 23 24
f 9 24 11
f 10 12 13
f 11 24 12
f 12 24 25
f 12 25 45
f 12 45 26
f 12 26 14
f 12 14 13
f 14 27 28
f 14 28 15
f 14 26 27
f 15 28 29
f 15 29 30
f 15 30 31
f 15 31 16
f 16 31 17
f 17 32 33
f 17 33 18
f 17 31 32
f 18 33 34
f 18 34 20
f 19 36 37
f 19 37 35
f 20 34 60
f 20 60 36
f 21 35 61
f 21 61 38
f 21 38 39
f 21 39 40
f 21 40 22
f 22 40 70
f 22 70 41
f 23 42 24
f 23 41 71
f 23 71 43
f 23 43 44
f 23 44 42
f 24 42 25
f 25 42 44
f 25 44 74
f 25 74 45
f 26 46 27
f 26 45 76
f 26 76 46
f 27 47 48
f 27 48 49
f 27 49 28
f 27 46 77
f 27 77 47
f 28 49 50
f 28 50 29
f 29 51 82
f 29 82 52
f 29 52 83
f 29 83 53
f 29 53 30
f 29 50 54
f 29 54 51
f 30 53 32
f 30 32 31
f 32 53 83
f 32 83 55
f 32 55 33
f 33 56 34
f 33 55 57
f 33 57 58
f 33 58 59
f 33 59 56
f 34 56 87
f 34 87 60
f 35 37 62
f 35 62 61
f 36 60 37
f 37 63 64
f 37 64 62
f 37 60 65
f 37 65 66
f 37 66 63
f 38 61 91
f 38 91 67
f 38 67 39
f 39 68 69
f 39 69 70
f 39 70 40
f 39 67 68
f 41 70 103
f 41 103 71
f 43 72 44
f 43 71 106
f 43 106 73
f 43 73 72
f 44 72 75
f 44 75 110
f 44 110 74
f 45 74 109
f 45 109 76
f 46 76 114
f 46 114 77
f 47 78 48
f 47 77 78
f 48 78 79
f 48 79 49
f 49 79 50
f 50 79 80
f 50 80 54
f 51 54 80
f 51 80 81
f 51 81 82
f 52 82 122
f 52 122 84
f 52 84 85
f 52 85 83
f 55 83 85
f 55 85 86
f 55 86 89
f 55 89 57
f 56 59 88
f 56 88 87
f 57 89 58
f 58 89 124
f 58 124 90
f 58 90 59
f 59 90 88
f 60 87 65
f 61 62 92
f 61 92 91
f 62 64 92
f 63 93 64
f 63 66 93
f 64 93 92
f 65 88 94
f 65 94 95
f 65 95 66
f 65 87 88
f 66 95 96
f 66 96 97
f 66 97 93
f 67 91 127
f 67 127 98
f 67 98 99
f 67 99 68
f 68 99 100
f 68 100 101
f 68 101 69
f 69 102 103
f 69 103 70
f 69 101 104
f 69 104 105
f 69 105 102
f 71 103 102
f 71 102 106
f 72 73 107
f 72 107 75
f 73 75 107
f 73 106 144
f 73 144 108
f 73 108 113
f 73 113 75
f 74 110 111
f 74 111 112
f 74 112 109
f 75 113 148
f 75 148 110
f 76 109 114
f 77 114 115
f 77 115 78
f 78 115 116
f 78 116 117
f 78 117 118
f 78 118 79
f 79 118 119
f 79 119 80
f 80 119 120
f 80 120 81
f 81 120 121
f 81 121 82
f 82 121 122
f 84 122 166
f 84 166 123
f 84 123 124
f 84 124 85
f 85 89 86
f 85 124 89
f 88 90 125
f 88 125 94
f 90 124 125
f 91 92 126
f 91 126 127
f 92 93 128
f 92 128 126
f 93 97 134
f 93 134 128
f 94 125 129
f 94 129 130
f 94 130 95
f 95 130 131
f 95 131 96
f 96 131 132
f 96 132 133
f 96 133 134
f 96 134 97
f 98 127 180
f 98 180 135
f 98 135 99
f 99 135 136
f 99 136 137
f 99 137 138
f 99 138 100
f 100 104 101
f 100 138 139
f 100 139 140
f 100 140 104
f 102 105 141
f 102 141 106
f 104 140 142
f 104 142 143
f 104 143 105
f 105 143 195
f 105 195 141
f 106 141 144
f 108 145 113
f 108 144 146
f 108 146 145
f 109 112 147
f 109 147 114
f 110 148 111
f 111 147 112
f 111 148 149
f 111 149 202
f 111 202 147
f 113 145 150
f 113 150 148
f 114 151 152
f 114 152 115
f 114 147 153
f 114 153 151
f 115 152 208
f 115 208 154
f 115 154 116
f 116 155 117
f 116 154 156
f 116 156 155
f 117 155 157
f 117 157 158
f 117 158 118
f 118 158 159
f 118 159 160
f 118 160 119
f 119 160 161
f 119 161 120
f 120 161 162
f 120 162 163
f 120 163 164
f 120 164 121
f 121 164 223
f 121 223 165
f 121 165 166
f 121 166 122
f 123 166 170
f 123 170 167
f 123 167 124
f 124 168 169
f 124 169 125
f 124 167 170
f 124 170 171
f 124 171 172
f 124 172 168
f 125 169 173
f 125 173 174
f 125 174 175
f 125 175 176
f 125 176 177
f 125 177 178
f 125 178 129
f 126 128 179
f 126 179 127
f 127 179 180
f 128 134 181
f 128 181 179
f 129 178 177
f 129 177 130
f 130 177 182
f 130 182 131
f 131 182 132
f 132 182 183
f 132 183 184
f 132 184 133
f 133 184 185
f 133 185 186
f 133 186 134
f 134 186 181
f 135 180 244
f 135 244 187
f 135 187 188
f 135 188 136
f 136 188 189
f 136 189 138
f 136 138 137
f 138 189 190
f 138 190 139
f 139 190 191
f 139 191 192
f 139 192 140
f 140 192 193
f 140 193 194
f 140 194 142
f 141 195 144
f 142 194 196
f 142 196 197
f 142 197 143
f 143 197 198
f 143 198 255
f 143 255 195
f 144 195 146
f 145 146 150
f 146 199 150
f 146 195 200
f 146 200 201
f 146 201 199
f 147 202 209
f 147 209 153
f 148 150 149
f 149 150 203
f 149 203 204
f 149 204 261
f 149 261 202
f 150 199 205
f 150 205 203
f 151 153 206
f 151 206 207
f 151 207 152
f 152 207 208
f 153 209 210
f 153 210 206
f 154 208 211
f 154 211 156
f 155 156 212
f 155 212 157
f 156 211 213
f 156 213 212
f 157 212 214
f 157 214 215
f 157 215 216
f 157 216 158
f 158 216 217
f 158 217 218
f 158 218 159
f 159 218 160
f 160 218 219
f 160 219 220
f 160 220 161
f 161 220 162
f 162 220 163
f 163 220 221
f 163 221 164
f 164 221 222
f 164 222 223
f 165 223 224
f 165 224 225
f 165 225 166
f 166 225 232
f 166 232 170
f 168 172 226
f 168 226 227
f 168 227 228
f 168 228 169
f 169 228 229
f 169 229 230
f 169 230 231
f 169 231 173
f 170 232 233
f 170 233 171
f 171 233 172
f 172 233 234
f 172 234 226
f 173 231 235
f 173 235 236
f 173 236 174
f 174 236 237
f 174 237 238
f 174 238 175
f 175 238 239
f 175 239 240
f 175 240 176
f 176 240 241
f 176 241 177
f 177 241 182
f 179 181 242
f 179 242 243
f 179 243 180
f 180 243 244
f 181 186 245
f 181 245 242
f 182 241 246
f 182 246 183
f 183 246 184
f 184 246 247
f 184 247 248
f 184 248 245
f 184 245 185
f 185 245 186
f 187 244 301
f 187 301 249
f 187 249 188
f 188 249 189
f 189 249 190
f 190 249 250
f 190 250 251
f 190 251 252
f 190 252 191
f 191 193 192
f 191 252 253
f 191 253 193
f 193 196 194
f 193 253 254
f 193 254 196
f 195 255 200
f 196 254 256
f 196 256 317
f 196 317 257
f 196 257 197
f 197 257 258
f 197 258 198
f 198 258 255
f 199 201 205
f 200 255 259
f 200 259 260
f 200 260 201
f 201 260 266
f 201 266 205
f 202 261 262
f 202 262 263
f 202 263 209
f 203 205 267
f 203 267 264
f 203 264 265
f 203 265 204
f 204 265 323
f 204 323 261
f 205 266 267
f 206 210 268
f 206 268 269
f 206 269 211
f 206 211 207
f 207 211 208
f 209 263 270
f 209 270 271
f 209 271 210
f 210 271 272
f 210 272 273
f 210 273 268
f 211 269 213
f 212 213 274
f 212 274 214
f 213 269 268
f 213 268 275
f 213 275 276
f 213 276 277
f 213 277 278
f 213 278 274
f 214 274 215
f 215 274 279
f 215 279 216
f 216 279 217
f 217 279 218
f 218 279 219
f 219 279 220
f 220 280 281
f 220 281 282
f 220 282 283
f 220 283 222
f 220 222 221
f 220 279 280
f 222 283 284
f 222 284 285
f 222 285 224
f 222 224 223
f 224 285 232
f 224 232 225
f 226 234 227
f 227 286 287
f 227 287 228
f 227 234 286
f 228 287 288
f 228 288 289
f 228 289 290
f 228 290 229
f 229 290 230
f 230 290 291
f 230 291 292
f 230 292 231
f 231 292 293
f 231 293 235
f 232 285 233
f 233 285 294
f 233 294 286
f 233 286 234
f 235 293 236
f 236 293 295
f 236 295 296
f 236 296 297
f 236 297 237
f 237 239 238
f 237 297 298
f 237 298 239
f 239 298 299
f 239 299 240
f 240 299 246
f 240 246 241
f 242 245 300
f 242 300 301
f 242 301 243
f 243 301 244
f 245 248 302
f 245 302 303
f 245 303 300
f 246 299 304
f 246 304 247
f 247 304 305
f 247 305 248
f 248 305 306
f 248 306 302
f 249 307 308
f 249 308 309
f 249 309 250
f 249 301 310
f 249 310 307
f 250 309 251
f 251 309 252
f 252 309 311
f 252 311 312
f 252 312 253
f 253 312 313
f 253 313 314
f 253 314 254
f 254 314 315
f 254 315 256
f 255 258 316
f 255 316 259
f 256 315 318
f 256 318 317
f 257 317 258
f 258 317 319
f 258 319 320
f 258 320 316
f 259 316 320
f 259 320 321
f 259 321 322
f 259 322 260
f 260 322 328
f 260 328 266
f 261 323 324
f 261 324 262
f 262 324 270
f 262 270 263
f 264 325 265
f 264 267 329
f 264 329 326
f 264 326 327
f 264 327 325
f 265 325 323
f 266 328 329
f 266 329 267
f 268 273 275
f 270 324 389
f 270 389 330
f 270 330 331
f 270 331 272
f 270 272 271
f 272 331 332
f 272 332 275
f 272 275 273
f 274 278 333
f 274 333 334
f 274 334 335
f 274 335 336
f 274 336 279
f 275 332 337
f 275 337 276
f 276 337 338
f 276 338 333
f 276 333 277
f 277 333 278
f 279 336 280
f 280 336 281
f 281 336 339
f 281 339 282
f 282 339 340
f 282 340 341
f 282 341 283
f 283 341 342
f 283 342 284
f 284 342 343
f 284 343 285
f 285 343 294
f 286 344 287
f 286 294 344
f 287 344 345
f 287 345 346
f 287 346 288
f 288 346 347
f 288 347 348
f 288 348 290
f 288 290 289
f 290 349 350
f 290 350 291
f 290 348 351
f 290 351 352
f 290 352 349
f 291 350 292
f 292 350 353
f 292 353 354
f 292 354 293
f 293 355 296
f 293 296 295
f 293 354 356
f 293 356 357
f 293 357 355
f 294 343 344
f 296 355 358
f 296 358 359
f 296 359 297
f 297 359 360
f 297 360 361
f 297 361 298
f 298 361 299
f 299 361 304
f 300 303 310
f 300 310 301
f 302 306 362
f 302 362 363
f 302 363 303
f 303 363 310
f 304 361 364
f 304 364 305
f 305 364 365
f 305 365 306
f 306 365 366
f 306 366 362
f 307 367 368
f 307 368 369
f 307 369 308
f 307 310 370
f 307 370 367
f 308 369 371
f 308 371 311
f 308 311 309
f 310 363 372
f 310 372 373
f 310 373 374
f 310 374 375
f 310 375 370
f 311 371 376
f 311 376 377
f 311 377 312
f 312 377 313
f 313 378 314
f 313 377 379
f 313 379 378
f 314 378 380
f 314 380 315
f 315 380 381
f 315 381 318
f 317 318 383
f 317 383 382
f 317 382 319
f 318 381 383
f 319 382 384
f 319 384 320
f 320 384 385
f 320 385 386
f 320 386 321
f 321 386 387
f 321 387 322
f 322 387 393
f 322 393 328
f 323 325 327
f 323 327 388
f 323 388 389
f 323 389 324
f 326 329 393
f 326 393 390
f 326 390 327
f 327 390 391
f 327 391 392
f 327 392 388
f 328 393 329
f 330 389 394
f 330 394 395
f 330 395 331
f 331 396 332
f 331 395 396
f 332 396 397
f 332 397 337
f 333 338 334
f 334 398 399
f 334 399 335
f 334 338 398
f 335 399 400
f 335 400 401
f 335 401 402
f 335 402 336
f 336 402 403
f 336 403 404
f 336 404 339
f 337 397 405
f 337 405 338
f 338 405 406
f 338 406 398
f 339 404 340
f 340 407 408
f 340 408 341
f 340 404 407
f 341 409 342
f 341 408 409
f 342 409 410
f 342 410 343
f 343 410 344
f 344 410 411
f 344 411 412
f 344 412 345
f 345 412 413
f 345 413 346
f 346 413 414
f 346 414 415
f 346 415 347
f 347 415 416
f 347 416 351
f 347 351 348
f 349 417 354
f 349 354 350
f 349 352 417
f 350 354 353
f 351 418 419
f 351 419 352
f 351 416 414
f 351 414 418
f 352 419 420
f 352 420 421
f 352 421 422
f 352 422 356
f 352 356 354
f 352 354 417
f 355 357 358
f 356 422 423
f 356 423 424
f 356 424 357
f 357 424 425
f 357 425 426
f 357 426 427
f 357 427 358
f 358 427 428
f 358 428 359
f 359 428 426
f 359 426 429
f 359 429 360
f 360 429 430
f 360 430 431
f 360 431 361
f 361 431 364
f 362 366 432
f 362 432 372
f 362 372 363
f 364 431 430
f 364 430 433
f 364 433 365
f 365 433 366
f 366 433 434
f 366 434 432
f 367 435 436
f 367 436 437
f 367 437 438
f 367 438 439
f 367 439 440
f 367 440 441
f 367 441 442
f 367 442 368
f 367 370 443
f 367 443 529
f 367 529 444
f 367 444 445
f 367 445 446
f 367 446 435
f 368 447 369
f 368 442 441
f 368 441 447
f 369 447 448
f 369 448 371
f 370 375 449
f 370 449 443
f 371 448 450
f 371 450 451
f 371 451 376
f 372 432 373
f 373 432 374
f 374 452 453
f 374 453 375
f 374 432 452
f 375 453 454
f 375 454 455
f 375 455 449
f 376 379 377
f 376 451 379
f 378 379 456
f 378 456 380
f 379 451 457
f 379 457 456
f 380 456 458
f 380 458 459
f 380 459 381
f 381 460 383
f 381 459 458
f 381 458 461
f 381 461 460
f 382 383 462
f 382 462 384
f 383 460 462
f 384 462 463
f 384 463 464
f 384 464 385
f 385 464 386
f 386 464 465
f 386 465 387
f 387 465 467
f 387 467 393
f 388 392 466
f 388 466 389
f 389 466 394
f 390 393 467
f 390 467 468
f 390 468 391
f 391 468 469
f 391 469 392
f 392 469 470
f 392 470 466
f 394 466 471
f 394 471 472
f 394 472 395
f 395 472 473
f 395 473 396
f 396 473 474
f 396 474 397
f 397 474 475
f 397 475 405
f 398 406 476
f 398 476 477
f 398 477 478
f 398 478 399
f 399 479 400
f 399 478 479
f 400 479 480
f 400 480 481
f 400 481 482
f 400 482 401
f 401 482 483
f 401 483 484
f 401 484 485
f 401 485 574
f 401 574 486
f 401 486 402
f 402 486 487
f 402 487 488
f 402 488 403
f 403 489 490
f 403 490 404
f 403 488 489
f 404 490 491
f 404 491 492
f 404 492 407
f 405 475 406
f 406 475 476
f 407 492 493
f 407 493 408
f 408 494 409
f 408 493 494
f 409 494 410
f 410 494 412
f 410 412 411
f 412 494 493
f 412 493 495
f 412 495 413
f 413 495 496
f 413 496 497
f 413 497 414
f 414 416 415
f 414 497 418
f 418 498 499
f 418 499 500
f 418 500 501
f 418 501 502
f 418 502 419
f 418 497 498
f 419 502 420
f 420 502 503
f 420 503 504
f 420 504 423
f 420 423 422
f 420 422 421
f 423 504 505
f 423 505 424
f 424 505 425
f 425 505 506
f 425 506 507
f 425 507 508
f 425 508 509
f 425 509 510
f 425 510 426
f 426 428 427
f 426 510 429
f 429 510 511
f 429 511 512
f 429 512 430
f 430 512 434
f 430 434 433
f 432 434 452
f 434 512 452
f 435 513 436
f 435 446 513
f 436 513 514
f 436 514 437
f 437 514 438
f 438 514 515
f 438 515 439
f 439 516 440
f 439 515 517
f 439 517 518
f 439 518 519
f 439 519 516
f 440 520 441
f 440 516 520
f 441 520 521
f 441 521 522
f 441 522 447
f 443 449 523
f 443 523 524
f 443 524 525
f 443 525 526
f 443 526 527
f 443 527 528
f 443 528 529
f 444 529 620
f 444 620 530
f 444 530 531
f 444 531 445
f 445 531 532
f 445 532 446
f 446 532 533
f 446 533 513
f 447 522 448
f 448 522 534
f 448 534 535
f 448 535 450
f 449 455 536
f 449 536 523
f 450 535 537
f 450 537 457
f 450 457 451
f 452 512 538
f 452 538 539
f 452 539 453
f 453 539 540
f 453 540 454
f 454 540 541
f 454 541 542
f 454 542 455
f 455 542 536
f 456 457 458
f 457 537 543
f 457 543 458
f 458 544 461
f 458 543 544
f 460 545 462
f 460 461 546
f 460 546 547
f 460 547 545
f 461 544 546
f 462 545 463
f 463 545 548
f 463 548 464
f 464 548 549
f 464 549 550
f 464 550 465
f 465 551 467
f 465 550 551
f 466 470 471
f 467 551 552
f 467 552 468
f 468 552 553
f 468 553 554
f 468 554 469
f 469 554 555
f 469 555 470
f 470 555 556
f 470 556 471
f 471 556 472
f 472 556 557
f 472 557 558
f 472 558 559
f 472 559 473
f 473 559 558
f 473 558 560
f 473 560 474
f 474 560 475
f 475 560 561
f 475 561 476
f 476 561 477
f 477 562 563
f 477 563 478
f 477 561 562
f 478 564 479
f 478 563 565
f 478 565 564
f 479 566 480
f 479 564 566
f 480 567 568
f 480 568 481
f 480 566 567
f 481 568 482
f 482 569 483
f 482 568 569
f 483 570 484
f 483 569 570
f 484 570 571
f 484 571 572
f 484 572 485
f 485 572 573
f 485 573 665
f 485 665 574
f 486 574 575
f 486 575 487
f 487 576 577
f 487 577 488
f 487 575 578
f 487 578 579
f 487 579 576
f 488 577 489
f 489 580 490
f 489 577 581
f 489 581 580
f 490 580 582
f 490 582 583
f 490 583 491
f 491 583 584
f 491 584 495
f 491 495 493
f 491 493 492
f 495 584 496
f 496 584 585
f 496 585 497
f 497 585 498
f 498 585 586
f 498 586 587
f 498 587 588
f 498 588 499
f 499 588 589
f 499 589 500
f 500 589 590
f 500 590 501
f 501 506 504
f 501 504 503
f 501 503 502
f 501 590 591
f 501 591 592
f 501 592 506
f 504 506 505
f 506 592 593
f 506 593 507
f 507 593 594
f 507 594 508
f 508 594 595
f 508 595 509
f 509 596 597
f 509 597 510
f 509 595 598
f 509 598 596
f 510 597 511
f 511 597 512
f 512 597 538
f 513 599 603
f 513 603 514
f 513 533 600
f 513 600 601
f 513 601 602
f 513 602 599
f 514 603 515
f 515 603 605
f 515 605 517
f 516 519 604
f 516 604 520
f 517 605 518
f 518 606 519
f 518 605 606
f 519 606 607
f 519 607 608
f 519 608 604
f 520 604 609
f 520 609 610
f 520 610 521
f 521 610 522
f 522 610 534
f 523 536 611
f 523 611 612
f 523 612 613
f 523 613 524
f 524 613 614
f 524 614 615
f 524 615 616
f 524 616 525
f 525 616 526
f 526 616 617
f 526 617 618
f 526 618 527
f 527 618 528
f 528 618 619
f 528 619 529
f 529 619 620
f 530 621 531
f 530 620 712
f 530 712 621
f 531 621 532
f 532 622 533
f 532 621 622
f 533 622 600
f 534 623 535
f 534 610 623
f 535 623 624
f 535 624 537
f 536 542 611
f 537 624 543
f 538 597 539
f 539 597 625
f 539 625 540
f 540 625 541
f 541 626 627
f 541 627 628
f 541 628 611
f 541 611 542
f 541 625 626
f 543 624 629
f 543 629 544
f 544 629 630
f 544 630 546
f 545 547 631
f 545 631 548
f 546 632 547
f 546 630 633
f 546 633 634
f 546 634 632
f 547 632 631
f 548 631 635
f 548 635 549
f 549 635 636
f 549 636 550
f 550 552 551
f 550 636 637
f 550 637 638
f 550 638 639
f 550 639 552
f 552 639 640
f 552 640 553
f 553 640 641
f 553 641 554
f 554 641 642
f 554 642 555
f 555 642 643
f 555 643 556
f 556 643 644
f 556 644 557
f 557 644 645
f 557 645 558
f 558 645 646
f 558 646 561
f 558 561 560
f 561 646 562
f 562 647 563
f 562 646 647
f 563 647 648
f 563 648 565
f 564 565 649
f 564 649 566
f 565 648 649
f 566 649 567
f 567 650 651
f 567 651 652
f 567 652 568
f 567 649 650
f 568 652 653
f 568 653 569
f 569 653 654
f 569 654 655
f 569 655 656
f 569 656 570
f 570 656 770
f 570 770 657
f 570 657 658
f 570 658 659
f 570 659 660
f 570 660 571
f 571 660 661
f 571 661 572
f 572 661 662
f 572 662 663
f 572 663 573
f 573 663 664
f 573 664 776
f 573 776 665
f 574 666 575
f 574 665 666
f 575 666 667
f 575 667 668
f 575 668 669
f 575 669 578
f 576 579 670
f 576 670 671
f 576 671 672
f 576 672 577
f 577 672 581
f 578 669 673
f 578 673 579
f 579 673 674
f 579 674 670
f 580 581 675
f 580 675 582
f 581 672 675
f 582 676 583
f 582 675 676
f 583 676 585
f 583 585 584
f 585 676 586
f 586 676 587
f 587 677 678
f 587 678 679
f 587 679 588
f 587 676 680
f 587 680 677
f 588 679 589
f 589 681 590
f 589 679 682
f 589 682 681
f 590 681 591
f 591 681 683
f 591 683 592
f 592 683 684
f 592 684 685
f 592 685 593
f 593 685 594
f 594 685 686
f 594 686 595
f 595 686 598
f 596 625 597
f 596 598 625
f 598 686 687
f 598 687 688
f 598 688 689
f 598 689 625
f 599 602 690
f 599 690 693
f 599 693 603
f 600 622 691
f 600 691 692
f 600 692 601
f 601 692 690
f 601 690 602
f 603 693 694
f 603 694 697
f 603 697 605
f 604 695 609
f 604 608 696
f 604 696 695
f 605 697 698
f 605 698 606
f 606 698 699
f 606 699 700
f 606 700 607
f 607 700 701
f 607 701 608
f 608 701 696
f 609 695 702
f 609 702 610
f 610 703 623
f 610 702 704
f 610 704 703
f 611 628 705
f 611 705 612
f 612 705 706
f 612 706 613
f 613 706 707
f 613 707 614
f 614 707 708
f 614 708 615
f 615 708 709
f 615 709 616
f 616 709 710
f 616 710 711
f 616 711 617
f 617 711 618
f 618 711 712
f 618 712 619
f 619 712 620
f 621 712 857
f 621 857 713
f 621 713 714
f 621 714 622
f 622 714 715
f 622 715 691
f 623 716 717
f 623 717 718
f 623 718 719
f 623 719 720
f 623 720 624
f 623 703 721
f 623 721 716
f 624 720 722
f 624 722 629
f 625 689 723
f 625 723 724
f 625 724 725
f 625 725 726
f 625 726 727
f 625 727 626
f 626 727 728
f 626 728 627
f 627 729 730
f 627 730 731
f 627 731 628
f 627 728 732
f 627 732 729
f 628 731 705
f 629 722 733
f 629 733 734
f 629 734 630
f 630 734 735
f 630 735 736
f 630 736 737
f 630 737 633
f 631 632 738
f 631 738 739
f 631 739 740
f 631 740 635
f 632 634 738
f 633 737 634
f 634 737 741
f 634 741 738
f 635 740 636
f 636 740 742
f 636 742 743
f 636 743 637
f 637 743 638
f 638 743 744
f 638 744 639
f 639 744 745
f 639 745 640
f 640 745 746
f 640 746 641
f 641 746 642
f 642 746 747
f 642 747 748
f 642 748 749
f 642 749 643
f 643 749 644
f 644 749 750
f 644 750 751
f 644 751 752
f 644 752 753
f 644 753 645
f 645 753 754
f 645 754 646
f 646 754 647
f 647 755 648
f 647 754 756
f 647 756 755
f 648 755 757
f 648 757 758
f 648 758 759
f 648 759 760
f 648 760 761
f 648 761 762
f 648 762 649
f 649 762 763
f 649 763 764
f 649 764 650
f 650 764 765
f 650 765 651
f 651 765 766
f 651 766 767
f 651 767 768
f 651 768 652
f 652 768 653
f 653 768 654
f 654 769 770
f 654 770 655
f 654 768 923
f 654 923 769
f 655 770 656
f 657 771 772
f 657 772 773
f 657 773 658
f 657 770 925
f 657 925 771
f 658 773 659
f 659 773 774
f 659 774 660
f 660 774 661
f 661 774 775
f 661 775 662
f 662 775 663
f 663 775 664
f 664 775 933
f 664 933 776
f 665 776 777
f 665 777 666
f 666 778 667
f 666 777 779
f 666 779 778
f 667 778 668
f 668 778 669
f 669 780 673
f 669 778 781
f 669 781 782
f 669 782 780
f 670 674 783
f 670 783 671
f 671 784 672
f 671 783 785
f 671 785 786
f 671 786 784
f 672 784 787
f 672 787 675
f 673 780 788
f 673 788 789
f 673 789 674
f 674 789 783
f 675 787 790
f 675 790 791
f 675 791 792
f 675 792 676
f 676 793 680
f 676 792 794
f 676 794 795
f 676 795 796
f 676 796 797
f 676 797 798
f 676 798 793
f 677 680 799
f 677 799 800
f 677 800 801
f 677 801 802
f 677 802 678
f 678 803 679
f 678 802 804
f 678 804 803
f 679 803 804
f 679 804 805
f 679 805 806
f 679 806 807
f 679 807 808
f 679 808 809
f 679 809 810
f 679 810 682
f 680 793 811
f 680 811 799
f 681 682 812
f 681 812 683
f 682 810 813
f 682 813 812
f 683 812 814
f 683 814 815
f 683 815 816
f 683 816 817
f 683 817 818
f 683 818 684
f 684 818 819
f 684 819 820
f 684 820 821
f 684 821 822
f 684 822 685
f 685 822 823
f 685 823 686
f 686 823 824
f 686 824 825
f 686 825 687
f 687 826 688
f 687 825 826
f 688 827 828
f 688 828 689
f 688 826 827
f 689 828 829
f 689 829 723
f 690 692 830
f 690 830 831
f 690 831 832
f 690 832 693
f 691 715 830
f 691 830 692
f 693 832 833
f 693 833 694
f 694 833 836
f 694 836 697
f 695 696 834
f 695 834 702
f 696 701 835
f 696 835 834
f 697 836 698
f 698 836 837
f 698 837 699
f 699 837 700
f 700 837 838
f 700 838 1004
f 700 1004 839
f 700 839 701
f 701 839 1000
f 701 1000 835
f 702 834 840
f 702 840 841
f 702 841 704
f 703 842 721
f 703 704 843
f 703 843 842
f 704 841 843
f 705 844 845
f 705 845 706
f 705 731 844
f 706 845 846
f 706 846 847
f 706 847 848
f 706 848 849
f 706 849 707
f 707 849 708
f 708 849 1012
f 708 1012 850
f 708 850 709
f 709 850 851
f 709 851 852
f 709 852 710
f 710 852 711
f 711 853 854
f 711 854 855
f 711 855 712
f 711 852 853
f 712 855 856
f 712 856 857
f 713 858 859
f 713 859 714
f 713 857 858
f 714 859 860
f 714 860 830
f 714 830 715
f 716 721 861
f 716 861 862
f 716 862 863
f 716 863 717
f 717 863 718
f 718 863 864
f 718 864 865
f 718 865 866
f 718 866 719
f 719 866 867
f 719 867 722
f 719 722 720
f 721 842 861
f 722 867 868
f 722 868 869
f 722 869 733
f 723 829 870
f 723 870 871
f 723 871 724
f 724 871 872
f 724 872 725
f 725 872 726
f 726 872 873
f 726 873 727
f 727 873 732
f 727 732 728
f 729 732 874
f 729 874 875
f 729 875 876
f 729 876 730
f 730 876 877
f 730 877 844
f 730 844 731
f 732 873 874
f 733 869 734
f 734 878 736
f 734 736 735
f 734 869 868
f 734 868 878
f 736 879 880
f 736 880 881
f 736 881 882
f 736 882 737
f 736 878 883
f 736 883 884
f 736 884 879
f 737 885 741
f 737 882 885
f 738 886 739
f 738 741 885
f 738 885 887
f 738 887 888
f 738 888 886
f 739 886 740
f 740 886 889
f 740 889 890
f 740 890 742
f 742 890 743
f 743 890 891
f 743 891 892
f 743 892 744
f 744 892 745
f 745 892 893
f 745 893 746
f 746 893 894
f 746 894 895
f 746 895 747
f 747 895 748
f 748 750 749
f 748 895 896
f 748 896 897
f 748 897 898
f 748 898 899
f 748 899 750
f 750 899 751
f 751 899 898
f 751 898 900
f 751 900 753
f 751 753 752
f 753 900 901
f 753 901 902
f 753 902 903
f 753 903 754
f 754 903 756
f 755 756 757
f 756 904 905
f 756 905 906
f 756 906 757
f 756 903 907
f 756 907 904
f 757 906 908
f 757 908 758
f 758 909 910
f 758 910 759
f 758 908 911
f 758 911 912
f 758 912 909
f 759 910 760
f 760 913 914
f 760 914 761
f 760 910 913
f 761 914 915
f 761 915 762
f 762 915 916
f 762 916 763
f 763 916 917
f 763 917 764
f 764 918 919
f 764 919 765
f 764 917 918
f 765 919 766
f 766 920 921
f 766 921 767
f 766 919 920
f 767 921 922
f 767 922 768
f 768 922 923
f 769 923 1104
f 769 1104 924
f 769 924 925
f 769 925 770
f 771 926 772
f 771 925 926
f 772 926 773
f 773 927 928
f 773 928 774
f 773 926 927
f 774 928 929
f 774 929 775
f 775 929 930
f 775 930 931
f 775 931 932
f 775 932 933
f 776 933 777
f 777 933 779
f 778 934 937
f 778 937 781
f 778 779 935
f 778 935 934
f 779 933 935
f 780 782 936
f 780 936 943
f 780 943 788
f 781 937 782
f 782 937 936
f 783 789 938
f 783 938 785
f 784 786 939
f 784 939 940
f 784 940 787
f 785 938 941
f 785 941 786
f 786 941 942
f 786 942 939
f 787 940 790
f 788 943 789
f 789 943 944
f 789 944 938
f 790 940 945
f 790 945 946
f 790 946 947
f 790 947 791
f 791 947 794
f 791 794 792
f 793 798 948
f 793 948 811
f 794 947 949
f 794 949 795
f 795 949 950
f 795 950 796
f 796 950 797
f 797 950 951
f 797 951 798
f 798 951 952
f 798 952 953
f 798 953 954
f 798 954 948
f 799 811 800
f 800 811 955
f 800 955 956
f 800 956 801
f 801 957 958
f 801 958 959
f 801 959 960
f 801 960 802
f 801 956 957
f 802 960 959
f 802 959 1146
f 802 1146 1145
f 802 1145 1341
f 802 1341 1337
f 802 1337 1336
f 802 1336 1533
f 802 1533 1532
f 802 1532 1531
f 802 1531 1530
f 802 1530 1736
f 802 1736 1735
f 802 1735 1902
f 802 1902 1901
f 802 1901 1744
f 802 1744 1543
f 802 1543 1349
f 802 1349 1348
f 802 1348 1347
f 802 1347 1345
f 802 1345 1158
f 802 1158 1157
f 802 1157 1156
f 802 1156 1155
f 802 1155 1154
f 802 1154 1152
f 802 1152 986
f 802 986 985
f 802 985 984
f 802 984 983
f 802 983 982
f 802 982 981
f 802 981 980
f 802 980 979
f 802 979 978
f 802 978 977
f 802 977 1153
f 802 1153 1344
f 802 1344 1343
f 802 1343 1342
f 802 1342 1147
f 802 1147 965
f 802 965 964
f 802 964 963
f 802 963 962
f 802 962 961
f 802 961 809
f 802 809 808
f 802 808 807
f 802 807 806
f 802 806 805
f 802 805 804
f 809 961 810
f 810 961 962
f 810 962 963
f 810 963 964
f 810 964 965
f 810 965 813
f 811 948 955
f 812 813 966
f 812 966 967
f 812 967 968
f 812 968 814
f 813 965 966
f 814 968 969
f 814 969 815
f 815 969 816
f 816 969 817
f 817 969 818
f 818 969 970
f 818 970 819
f 819 970 971
f 819 971 820
f 820 971 821
f 821 971 822
f 822 971 972
f 822 972 973
f 822 973 823
f 823 973 974
f 823 974 975
f 823 975 824
f 824 976 825
f 824 975 977
f 824 977 978
f 824 978 979
f 824 979 980
f 824 980 981
f 824 981 982
f 824 982 983
f 824 983 984
f 824 984 985
f 824 985 986
f 824 986 976
f 825 987 826
f 825 976 988
f 825 988 987
f 826 989 827
f 826 987 990
f 826 990 989
f 827 989 991
f 827 991 992
f 827 992 828
f 828 992 829
f 829 992 993
f 829 993 870
f 830 994 995
f 830 995 831
f 830 860 996
f 830 996 994
f 831 995 997
f 831 997 832
f 832 997 998
f 832 998 833
f 833 998 836
f 834 999 840
f 834 835 999
f 835 1000 999
f 836 1001 1002
f 836 1002 837
f 836 998 1001
f 837 1002 1003
f 837 1003 838
f 838 1003 1178
f 838 1178 1004
f 839 1004 1000
f 840 1005 841
f 840 999 1006
f 840 1006 1005
f 841 1007 843
f 841 1005 1007
f 842 1008 861
f 842 843 1007
f 842 1007 1008
f 844 877 1009
f 844 1009 845
f 845 1009 846
f 846 1009 1010
f 846 1010 1011
f 846 1011 847
f 847 1011 1012
f 847 1012 848
f 848 1012 849
f 850 1012 1188
f 850 1188 1013
f 850 1013 1014
f 850 1014 851
f 851 1014 1015
f 851 1015 852
f 852 1015 1016
f 852 1016 853
f 853 1016 854
f 854 1016 1017
f 854 1017 855
f 855 1017 856
f 856 1017 857
f 857 1017 858
f 858 1018 859
f 858 1017 1019
f 858 1019 1018
f 859 1018 860
f 860 1018 996
f 861 1020 862
f 861 1008 1021
f 861 1021 1020
f 862 1022 1023
f 862 1023 863
f 862 1020 1024
f 862 1024 1022
f 863 1023 1025
f 863 1025 864
f 864 1025 1026
f 864 1026 1027
f 864 1027 865
f 865 1027 1028
f 865 1028 1029
f 865 1029 866
f 866 1029 1030
f 866 1030 1031
f 866 1031 868
f 866 868 867
f 868 1032 1033
f 868 1033 883
f 868 883 878
f 868 1031 1030
f 868 1030 1034
f 868 1034 1035
f 868 1035 1032
f 870 993 1036
f 870 1036 1037
f 870 1037 1038
f 870 1038 1039
f 870 1039 871
f 871 1039 1040
f 871 1040 1041
f 871 1041 872
f 872 1041 1042
f 872 1042 1043
f 872 1043 873
f 873 1043 1044
f 873 1044 1045
f 873 1045 874
f 874 1046 875
f 874 1045 1046
f 875 1046 1047
f 875 1047 1048
f 875 1048 876
f 876 1048 1049
f 876 1049 877
f 877 1049 1050
f 877 1050 1009
f 879 884 1051
f 879 1051 1052
f 879 1052 1053
f 879 1053 880
f 880 1053 887
f 880 887 881
f 881 887 882
f 882 887 885
f 883 1054 884
f 883 1033 1054
f 884 1054 1055
f 884 1055 1051
f 886 888 889
f 887 1056 1057
f 887 1057 888
f 887 1053 1058
f 887 1058 1059
f 887 1059 1056
f 888 1060 889
f 888 1057 1060
f 889 1060 890
f 890 1060 1061
f 890 1061 1062
f 890 1062 1063
f 890 1063 891
f 891 1063 1064
f 891 1064 892
f 892 1064 893
f 893 1064 1065
f 893 1065 1066
f 893 1066 894
f 894 1066 1067
f 894 1067 895
f 895 1067 896
f 896 1067 897
f 897 1067 1068
f 897 1068 1069
f 897 1069 1070
f 897 1070 1071
f 897 1071 1072
f 897 1072 1073
f 897 1073 900
f 897 900 898
f 900 1073 901
f 901 1074 1075
f 901 1075 1076
f 901 1076 1077
f 901 1077 903
f 901 903 902
f 901 1073 1072
f 901 1072 1078
f 901 1078 1074
f 903 1077 1076
f 903 1076 905
f 903 905 904
f 903 904 907
f 905 1076 1079
f 905 1079 1080
f 905 1080 1081
f 905 1081 1082
f 905 1082 1083
f 905 1083 908
f 905 908 906
f 908 1083 1082
f 908 1082 1084
f 908 1084 911
f 909 1085 910
f 909 912 1086
f 909 1086 1085
f 910 1085 1087
f 910 1087 913
f 911 1084 1088
f 911 1088 912
f 912 1088 1089
f 912 1089 1090
f 912 1090 1086
f 913 1091 1092
f 913 1092 1094
f 913 1094 914
f 913 1087 1093
f 913 1093 1091
f 914 1094 1095
f 914 1095 915
f 915 1095 1096
f 915 1096 916
f 916 1096 917
f 917 1096 1097
f 917 1097 918
f 918 1097 1098
f 918 1098 1099
f 918 1099 919
f 919 1099 920
f 920 1099 1284
f 920 1284 1100
f 920 1100 1101
f 920 1101 921
f 921 1101 1102
f 921 1102 922
f 922 1102 1103
f 922 1103 923
f 923 1103 1104
f 924 1105 1106
f 924 1106 925
f 924 1104 1105
f 925 1106 926
f 926 1107 1108
f 926 1108 1109
f 926 1109 927
f 926 1106 1110
f 926 1110 1107
f 927 1109 1111
f 927 1111 928
f 928 1111 1112
f 928 1112 929
f 929 1112 930
f 930 1112 931
f 931 1112 932
f 932 1112 1113
f 932 1113 1114
f 932 1114 933
f 933 1114 1115
f 933 1115 935
f 934 1115 1117
f 934 1117 937
f 934 935 1115
f 936 937 1117
f 936 1117 1116
f 936 1116 1122
f 936 1122 943
f 938 1118 1120
f 938 1120 941
f 938 944 1118
f 939 1119 945
f 939 945 940
f 939 942 1119
f 941 1120 942
f 942 1120 1121
f 942 1121 1119
f 943 1122 1123
f 943 1123 944
f 944 1123 1124
f 944 1124 1118
f 945 1119 1125
f 945 1125 946
f 946 1126 1127
f 946 1127 947
f 946 1125 1126
f 947 1127 949
f 948 1128 955
f 948 954 1128
f 949 1127 1129
f 949 1129 1130
f 949 1130 1131
f 949 1131 1132
f 949 1132 950
f 950 1132 951
f 951 1132 1133
f 951 1133 952
f 952 1133 1134
f 952 1134 1135
f 952 1135 1136
f 952 1136 953
f 953 1136 1137
f 953 1137 954
f 954 1137 1128
f 955 1128 1138
f 955 1138 956
f 956 1138 1139
f 956 1139 957
f 957 1140 1141
f 957 1141 958
f 957 1139 1142
f 957 1142 1143
f 957 1143 1140
f 958 1141 1144
f 958 1144 1145
f 958 1145 1146
f 958 1146 959
f 965 1147 968
f 965 968 967
f 965 967 966
f 968 1147 969
f 969 1147 1148
f 969 1148 1149
f 969 1149 970
f 970 1149 971
f 971 1149 1150
f 971 1150 972
f 972 1150 973
f 973 1150 974
f 974 1150 975
f 975 1150 1151
f 975 1151 977
f 976 986 1152
f 976 1152 988
f 977 1151 1150
f 977 1150 1153
f 987 988 990
f 988 1152 1154
f 988 1154 1155
f 988 1155 1156
f 988 1156 1157
f 988 1157 1158
f 988 1158 1159
f 988 1159 1160
f 988 1160 990
f 989 990 1161
f 989 1161 1162
f 989 1162 1163
f 989 1163 1164
f 989 1164 991
f 990 1160 1165
f 990 1165 1166
f 990 1166 1161
f 991 1164 1167
f 991 1167 993
f 991 993 992
f 993 1167 1036
f 994 1168 1169
f 994 1169 995
f 994 996 1168
f 995 1169 997
f 996 1018 1170
f 996 1170 1168
f 997 1169 1171
f 997 1171 1172
f 997 1172 998
f 998 1172 1173
f 998 1173 1001
f 999 1174 1006
f 999 1000 1174
f 1000 1175 1375
f 1000 1375 1174
f 1000 1004 1175
f 1001 1173 1176
f 1001 1176 1002
f 1002 1176 1177
f 1002 1177 1003
f 1003 1177 1380
f 1003 1380 1178
f 1004 1178 1376
f 1004 1376 1175
f 1005 1006 1179
f 1005 1179 1180
f 1005 1180 1007
f 1006 1174 1181
f 1006 1181 1179
f 1007 1180 1182
f 1007 1182 1183
f 1007 1183 1184
f 1007 1184 1008
f 1008 1185 1021
f 1008 1184 1185
f 1009 1050 1010
f 1010 1050 1231
f 1010 1231 1186
f 1010 1186 1187
f 1010 1187 1011
f 1011 1187 1188
f 1011 1188 1012
f 1013 1188 1390
f 1013 1390 1189
f 1013 1189 1190
f 1013 1190 1014
f 1014 1190 1191
f 1014 1191 1015
f 1015 1191 1192
f 1015 1192 1016
f 1016 1192 1017
f 1017 1193 1019
f 1017 1192 1193
f 1018 1194 1170
f 1018 1019 1195
f 1018 1195 1194
f 1019 1193 1195
f 1020 1196 1024
f 1020 1021 1197
f 1020 1197 1196
f 1021 1185 1198
f 1021 1198 1197
f 1022 1199 1200
f 1022 1200 1201
f 1022 1201 1025
f 1022 1025 1023
f 1022 1024 1202
f 1022 1202 1199
f 1024 1196 1202
f 1025 1201 1026
f 1026 1201 1203
f 1026 1203 1204
f 1026 1204 1027
f 1027 1204 1205
f 1027 1205 1028
f 1028 1205 1206
f 1028 1206 1207
f 1028 1207 1029
f 1029 1207 1030
f 1030 1207 1208
f 1030 1208 1209
f 1030 1209 1034
f 1032 1210 1033
f 1032 1035 1211
f 1032 1211 1210
f 1033 1210 1054
f 1034 1209 1035
f 1035 1212 1211
f 1035 1209 1213
f 1035 1213 1212
f 1036 1167 1214
f 1036 1214 1215
f 1036 1215 1037
f 1037 1215 1216
f 1037 1216 1217
f 1037 1217 1218
f 1037 1218 1038
f 1038 1218 1039
f 1039 1218 1219
f 1039 1219 1220
f 1039 1220 1221
f 1039 1221 1040
f 1040 1221 1222
f 1040 1222 1041
f 1041 1222 1042
f 1042 1223 1224
f 1042 1224 1044
f 1042 1044 1043
f 1042 1222 1223
f 1044 1225 1226
f 1044 1226 1045
f 1044 1224 1225
f 1045 1226 1046
f 1046 1226 1227
f 1046 1227 1047
f 1047 1227 1228
f 1047 1228 1229
f 1047 1229 1048
f 1048 1229 1230
f 1048 1230 1049
f 1049 1230 1231
f 1049 1231 1050
f 1051 1055 1232
f 1051 1232 1233
f 1051 1233 1234
f 1051 1234 1059
f 1051 1059 1052
f 1052 1059 1058
f 1052 1058 1053
f 1054 1235 1055
f 1054 1210 1415
f 1054 1415 1235
f 1055 1235 1232
f 1056 1236 1061
f 1056 1061 1057
f 1056 1059 1237
f 1056 1237 1236
f 1057 1061 1060
f 1059 1234 1238
f 1059 1238 1237
f 1061 1236 1062
f 1062 1236 1439
f 1062 1439 1239
f 1062 1239 1063
f 1063 1240 1064
f 1063 1239 1240
f 1064 1240 1241
f 1064 1241 1242
f 1064 1242 1243
f 1064 1243 1065
f 1065 1243 1244
f 1065 1244 1066
f 1066 1244 1067
f 1067 1244 1068
f 1068 1244 1245
f 1068 1245 1246
f 1068 1246 1069
f 1069 1071 1070
f 1069 1246 1247
f 1069 1247 1248
f 1069 1248 1249
f 1069 1249 1250
f 1069 1250 1251
f 1069 1251 1071
f 1071 1251 1078
f 1071 1078 1072
f 1074 1078 1249
f 1074 1249 1075
f 1075 1252 1253
f 1075 1253 1076
f 1075 1249 1254
f 1075 1254 1252
f 1076 1253 1079
f 1078 1251 1250
f 1078 1250 1249
f 1079 1255 1080
f 1079 1253 1255
f 1080 1255 1256
f 1080 1256 1257
f 1080 1257 1081
f 1081 1257 1258
f 1081 1258 1082
f 1082 1258 1259
f 1082 1259 1260
f 1082 1260 1261
f 1082 1261 1262
f 1082 1262 1084
f 1084 1262 1088
f 1085 1263 1093
f 1085 1093 1087
f 1085 1086 1263
f 1086 1264 1263
f 1086 1090 1268
f 1086 1268 1264
f 1088 1262 1265
f 1088 1265 1089
f 1089 1266 1090
f 1089 1265 1267
f 1089 1267 1458
f 1089 1458 1266
f 1090 1266 1268
f 1091 1269 1270
f 1091 1270 1092
f 1091 1093 1272
f 1091 1272 1269
f 1092 1270 1271
f 1092 1271 1094
f 1093 1263 1272
f 1094 1271 1273
f 1094 1273 1274
f 1094 1274 1275
f 1094 1275 1276
f 1094 1276 1095
f 1095 1276 1277
f 1095 1277 1278
f 1095 1278 1096
f 1096 1279 1280
f 1096 1280 1281
f 1096 1281 1097
f 1096 1278 1279
f 1097 1282 1098
f 1097 1281 1282
f 1098 1282 1283
f 1098 1283 1284
f 1098 1284 1099
f 1100 1284 1285
f 1100 1285 1286
f 1100 1286 1101
f 1101 1286 1287
f 1101 1287 1102
f 1102 1287 1288
f 1102 1288 1103
f 1103 1288 1104
f 1104 1288 1105
f 1105 1288 1476
f 1105 1476 1289
f 1105 1289 1110
f 1105 1110 1106
f 1107 1290 1108
f 1107 1110 1292
f 1107 1292 1290
f 1108 1290 1109
f 1109 1291 1293
f 1109 1293 1111
f 1109 1290 1291
f 1110 1289 1292
f 1111 1293 1112
f 1112 1294 1295
f 1112 1295 1296
f 1112 1296 1297
f 1112 1297 1113
f 1112 1293 1294
f 1113 1297 1298
f 1113 1298 1299
f 1113 1299 1115
f 1113 1115 1114
f 1115 1299 1301
f 1115 1301 1117
f 1116 1117 1301
f 1116 1301 1300
f 1116 1300 1306
f 1116 1306 1122
f 1118 1302 1120
f 1118 1124 1302
f 1119 1303 1125
f 1119 1121 1303
f 1120 1304 1305
f 1120 1305 1121
f 1120 1302 1304
f 1121 1305 1494
f 1121 1494 1303
f 1122 1306 1307
f 1122 1307 1123
f 1123 1307 1124
f 1124 1308 1302
f 1124 1307 1308
f 1125 1303 1309
f 1125 1309 1126
f 1126 1310 1311
f 1126 1311 1127
f 1126 1309 1310
f 1127 1311 1129
f 1128 1137 1312
f 1128 1312 1313
f 1128 1313 1314
f 1128 1314 1315
f 1128 1315 1316
f 1128 1316 1138
f 1129 1317 1130
f 1129 1311 1317
f 1130 1317 1318
f 1130 1318 1319
f 1130 1319 1132
f 1130 1132 1131
f 1132 1319 1134
f 1132 1134 1133
f 1134 1319 1320
f 1134 1320 1509
f 1134 1509 1321
f 1134 1321 1322
f 1134 1322 1135
f 1135 1322 1137
f 1135 1137 1136
f 1137 1322 1312
f 1138 1316 1323
f 1138 1323 1139
f 1139 1324 1325
f 1139 1325 1326
f 1139 1326 1327
f 1139 1327 1142
f 1139 1323 1328
f 1139 1328 1329
f 1139 1329 1330
f 1139 1330 1331
f 1139 1331 1324
f 1140 1332 1141
f 1140 1143 1333
f 1140 1333 1332
f 1141 1334 1335
f 1141 1335 1336
f 1141 1336 1337
f 1141 1337 1144
f 1141 1332 1338
f 1141 1338 1334
f 1142 1327 1143
f 1143 1327 1339
f 1143 1339 1340
f 1143 1340 1333
f 1144 1337 1341
f 1144 1341 1145
f 1147 1342 1149
f 1147 1149 1148
f 1149 1342 1343
f 1149 1343 1344
f 1149 1344 1150
f 1150 1344 1153
f 1158 1345 1159
f 1159 1346 1160
f 1159 1345 1347
f 1159 1347 1348
f 1159 1348 1349
f 1159 1349 1350
f 1159 1350 1346
f 1160 1346 1351
f 1160 1351 1165
f 1161 1166 1352
f 1161 1352 1162
f 1162 1352 1353
f 1162 1353 1354
f 1162 1354 1355
f 1162 1355 1163
f 1163 1355 1164
f 1164 1355 1356
f 1164 1356 1357
f 1164 1357 1358
f 1164 1358 1359
f 1164 1359 1360
f 1164 1360 1361
f 1164 1361 1362
f 1164 1362 1363
f 1164 1363 1364
f 1164 1364 1365
f 1164 1365 1167
f 1165 1351 1366
f 1165 1366 1352
f 1165 1352 1166
f 1167 1365 1214
f 1168 1367 1368
f 1168 1368 1369
f 1168 1369 1169
f 1168 1170 1367
f 1169 1369 1370
f 1169 1370 1371
f 1169 1371 1171
f 1170 1194 1372
f 1170 1372 1367
f 1171 1371 1373
f 1171 1373 1172
f 1172 1373 1173
f 1173 1374 1176
f 1173 1373 1374
f 1174 1375 1181
f 1175 1376 1577
f 1175 1577 1375
f 1176 1374 1377
f 1176 1377 1378
f 1176 1378 1177
f 1177 1378 1379
f 1177 1379 1380
f 1178 1380 1381
f 1178 1381 1376
f 1179 1382 1383
f 1179 1383 1384
f 1179 1384 1385
f 1179 1385 1180
f 1179 1181 1382
f 1180 1385 1182
f 1181 1386 1382
f 1181 1375 1386
f 1182 1385 1183
f 1183 1387 1184
f 1183 1385 1387
f 1184 1387 1198
f 1184 1198 1185
f 1186 1231 1432
f 1186 1432 1388
f 1186 1388 1389
f 1186 1389 1187
f 1187 1389 1390
f 1187 1390 1188
f 1189 1391 1392
f 1189 1392 1190
f 1189 1390 1594
f 1189 1594 1391
f 1190 1392 1191
f 1191 1393 1395
f 1191 1395 1192
f 1191 1392 1394
f 1191 1394 1393
f 1192 1395 1195
f 1192 1195 1193
f 1194 1195 1396
f 1194 1396 1372
f 1195 1395 1397
f 1195 1397 1396
f 1196 1398 1403
f 1196 1403 1202
f 1196 1197 1399
f 1196 1399 1400
f 1196 1400 1398
f 1197 1198 1401
f 1197 1401 1402
f 1197 1402 1399
f 1198 1387 1401
f 1199 1202 1403
f 1199 1403 1404
f 1199 1404 1405
f 1199 1405 1200
f 1200 1405 1406
f 1200 1406 1203
f 1200 1203 1201
f 1203 1406 1407
f 1203 1407 1408
f 1203 1408 1204
f 1204 1408 1409
f 1204 1409 1205
f 1205 1409 1410
f 1205 1410 1206
f 1206 1410 1411
f 1206 1411 1412
f 1206 1412 1207
f 1207 1412 1208
f 1208 1412 1619
f 1208 1619 1413
f 1208 1413 1209
f 1209 1413 1213
f 1210 1211 1414
f 1210 1414 1415
f 1211 1212 1414
f 1212 1416 1414
f 1212 1213 1417
f 1212 1417 1416
f 1213 1413 1418
f 1213 1418 1417
f 1214 1365 1419
f 1214 1419 1420
f 1214 1420 1215
f 1215 1420 1421
f 1215 1421 1216
f 1216 1421 1422
f 1216 1422 1217
f 1217 1422 1219
f 1217 1219 1218
f 1219 1422 1423
f 1219 1423 1220
f 1220 1423 1221
f 1221 1423 1223
f 1221 1223 1222
f 1223 1423 1422
f 1223 1422 1424
f 1223 1424 1630
f 1223 1630 1425
f 1223 1425 1224
f 1224 1425 1426
f 1224 1426 1225
f 1225 1426 1427
f 1225 1427 1226
f 1226 1427 1227
f 1227 1427 1632
f 1227 1632 1428
f 1227 1428 1429
f 1227 1429 1228
f 1228 1429 1430
f 1228 1430 1229
f 1229 1430 1431
f 1229 1431 1230
f 1230 1431 1432
f 1230 1432 1231
f 1232 1235 1433
f 1232 1433 1434
f 1232 1434 1435
f 1232 1435 1436
f 1232 1436 1437
f 1232 1437 1233
f 1233 1437 1438
f 1233 1438 1234
f 1234 1438 1238
f 1235 1415 1621
f 1235 1621 1433
f 1236 1237 1238
f 1236 1238 1440
f 1236 1440 1439
f 1238 1438 1440
f 1239 1439 1441
f 1239 1441 1241
f 1239 1241 1240
f 1241 1441 1242
f 1242 1441 1245
f 1242 1245 1243
f 1243 1245 1244
f 1245 1441 1644
f 1245 1644 1442
f 1245 1442 1246
f 1246 1442 1247
f 1247 1442 1248
f 1248 1442 1443
f 1248 1443 1646
f 1248 1646 1444
f 1248 1444 1249
f 1249 1444 1254
f 1252 1445 1446
f 1252 1446 1253
f 1252 1254 1445
f 1253 1446 1447
f 1253 1447 1255
f 1254 1444 1445
f 1255 1447 1448
f 1255 1448 1256
f 1256 1448 1449
f 1256 1449 1257
f 1257 1449 1450
f 1257 1450 1258
f 1258 1450 1259
f 1259 1451 1656
f 1259 1656 1452
f 1259 1452 1261
f 1259 1261 1260
f 1259 1450 1451
f 1261 1452 1657
f 1261 1657 1453
f 1261 1453 1265
f 1261 1265 1262
f 1263 1264 1454
f 1263 1454 1272
f 1264 1455 1454
f 1264 1268 1456
f 1264 1456 1455
f 1265 1453 1267
f 1266 1457 1268
f 1266 1458 1457
f 1267 1453 1459
f 1267 1459 1458
f 1268 1457 1456
f 1269 1460 1461
f 1269 1461 1270
f 1269 1272 1460
f 1270 1461 1462
f 1270 1462 1271
f 1271 1462 1463
f 1271 1463 1273
f 1272 1464 1460
f 1272 1454 1464
f 1273 1463 1465
f 1273 1465 1274
f 1274 1465 1466
f 1274 1466 1275
f 1275 1277 1276
f 1275 1466 1467
f 1275 1467 1278
f 1275 1278 1277
f 1278 1467 1279
f 1279 1467 1468
f 1279 1468 1280
f 1280 1468 1281
f 1281 1468 1282
f 1282 1469 1283
f 1282 1468 1470
f 1282 1470 1469
f 1283 1469 1471
f 1283 1471 1472
f 1283 1472 1284
f 1284 1472 1285
f 1285 1472 1677
f 1285 1677 1473
f 1285 1473 1474
f 1285 1474 1286
f 1286 1474 1475
f 1286 1475 1287
f 1287 1475 1476
f 1287 1476 1288
f 1289 1477 1292
f 1289 1476 1478
f 1289 1478 1477
f 1290 1479 1291
f 1290 1292 1482
f 1290 1482 1479
f 1291 1480 1481
f 1291 1481 1484
f 1291 1484 1293
f 1291 1479 1480
f 1292 1477 1483
f 1292 1483 1482
f 1293 1484 1485
f 1293 1485 1486
f 1293 1486 1294
f 1294 1486 1295
f 1295 1486 1296
f 1296 1486 1487
f 1296 1487 1488
f 1296 1488 1297
f 1297 1488 1489
f 1297 1489 1298
f 1298 1490 1491
f 1298 1491 1492
f 1298 1492 1301
f 1298 1301 1299
f 1298 1489 1490
f 1300 1301 1492
f 1300 1492 1493
f 1300 1493 1497
f 1300 1497 1306
f 1302 1308 1495
f 1302 1495 1304
f 1303 1494 1309
f 1304 1495 1496
f 1304 1496 1305
f 1305 1496 1697
f 1305 1697 1494
f 1306 1497 1498
f 1306 1498 1307
f 1307 1498 1499
f 1307 1499 1308
f 1308 1499 1698
f 1308 1698 1495
f 1309 1494 1500
f 1309 1500 1310
f 1310 1501 1502
f 1310 1502 1311
f 1310 1500 1501
f 1311 1502 1317
f 1312 1322 1313
f 1313 1322 1314
f 1314 1322 1503
f 1314 1503 1315
f 1315 1503 1504
f 1315 1504 1505
f 1315 1505 1316
f 1316 1505 1506
f 1316 1506 1507
f 1316 1507 1323
f 1317 1508 1318
f 1317 1502 1508
f 1318 1508 1319
f 1319 1508 1320
f 1320 1508 1707
f 1320 1707 1509
f 1321 1503 1322
f 1321 1509 1503
f 1323 1507 1328
f 1324 1510 1511
f 1324 1511 1325
f 1324 1331 1512
f 1324 1512 1513
f 1324 1513 1510
f 1325 1511 1514
f 1325 1514 1326
f 1326 1514 1515
f 1326 1515 1516
f 1326 1516 1327
f 1327 1516 1339
f 1328 1507 1517
f 1328 1517 1329
f 1329 1517 1518
f 1329 1518 1519
f 1329 1519 1330
f 1330 1519 1520
f 1330 1520 1521
f 1330 1521 1331
f 1331 1521 1522
f 1331 1522 1523
f 1331 1523 1513
f 1331 1513 1512
f 1332 1333 1338
f 1333 1340 1524
f 1333 1524 1338
f 1334 1338 1525
f 1334 1525 1526
f 1334 1526 1527
f 1334 1527 1528
f 1334 1528 1529
f 1334 1529 1335
f 1335 1529 1530
f 1335 1530 1531
f 1335 1531 1532
f 1335 1532 1533
f 1335 1533 1336
f 1338 1524 1525
f 1339 1516 1534
f 1339 1534 1535
f 1339 1535 1536
f 1339 1536 1537
f 1339 1537 1538
f 1339 1538 1340
f 1340 1538 1524
f 1346 1350 1539
f 1346 1539 1540
f 1346 1540 1541
f 1346 1541 1542
f 1346 1542 1351
f 1349 1543 1350
f 1350 1543 1539
f 1351 1542 1544
f 1351 1544 1545
f 1351 1545 1546
f 1351 1546 1525
f 1351 1525 1366
f 1352 1366 1353
f 1353 1366 1547
f 1353 1547 1354
f 1354 1548 1549
f 1354 1549 1550
f 1354 1550 1551
f 1354 1551 1355
f 1354 1547 1552
f 1354 1552 1548
f 1355 1551 1356
f 1356 1551 1553
f 1356 1553 1554
f 1356 1554 1357
f 1357 1554 1555
f 1357 1555 1358
f 1358 1555 1556
f 1358 1556 1557
f 1358 1557 1558
f 1358 1558 1359
f 1359 1559 1560
f 1359 1560 1561
f 1359 1561 1360
f 1359 1558 1557
f 1359 1557 1559
f 1360 1561 1562
f 1360 1562 1563
f 1360 1563 1361
f 1361 1564 1363
f 1361 1363 1362
f 1361 1563 1565
f 1361 1565 1564
f 1363 1419 1364
f 1363 1564 1419
f 1364 1419 1365
f 1366 1566 1552
f 1366 1552 1567
f 1366 1567 1547
f 1366 1525 1568
f 1366 1568 1566
f 1367 1569 1570
f 1367 1570 1368
f 1367 1372 1571
f 1367 1571 1569
f 1368 1570 1572
f 1368 1572 1369
f 1369 1572 1370
f 1370 1572 1371
f 1371 1572 1574
f 1371 1574 1373
f 1372 1573 1571
f 1372 1396 1599
f 1372 1599 1573
f 1373 1574 1575
f 1373 1575 1576
f 1373 1576 1374
f 1374 1576 1579
f 1374 1579 1377
f 1375 1577 1590
f 1375 1590 1386
f 1376 1381 1578
f 1376 1578 1577
f 1377 1579 1378
f 1378 1579 1580
f 1378 1580 1581
f 1378 1581 1379
f 1379 1581 1582
f 1379 1582 1381
f 1379 1381 1380
f 1381 1582 1583
f 1381 1583 1578
f 1382 1584 1383
f 1382 1386 1590
f 1382 1590 1584
f 1383 1585 1586
f 1383 1586 1587
f 1383 1587 1588
f 1383 1588 1384
f 1383 1584 1585
f 1384 1588 1385
f 1385 1588 1589
f 1385 1589 1387
f 1387 1589 1401
f 1388 1432 1591
f 1388 1591 1592
f 1388 1592 1593
f 1388 1593 1389
f 1389 1593 1390
f 1390 1593 1594
f 1391 1595 1597
f 1391 1597 1392
f 1391 1594 1596
f 1391 1596 1595
f 1392 1597 1394
f 1393 1394 1597
f 1393 1597 1598
f 1393 1598 1395
f 1395 1598 1397
f 1396 1397 1600
f 1396 1600 1599
f 1397 1598 1794
f 1397 1794 1601
f 1397 1601 1600
f 1398 1602 1608
f 1398 1608 1403
f 1398 1400 1603
f 1398 1603 1602
f 1399 1604 1603
f 1399 1603 1400
f 1399 1402 1605
f 1399 1605 1604
f 1401 1606 1607
f 1401 1607 1605
f 1401 1605 1402
f 1401 1589 1606
f 1403 1608 1609
f 1403 1609 1404
f 1404 1609 1405
f 1405 1610 1611
f 1405 1611 1406
f 1405 1609 1610
f 1406 1611 1407
f 1407 1612 1613
f 1407 1613 1614
f 1407 1614 1615
f 1407 1615 1408
f 1407 1611 1612
f 1408 1615 1409
f 1409 1615 1616
f 1409 1616 1410
f 1410 1616 1617
f 1410 1617 1411
f 1411 1617 1618
f 1411 1618 1412
f 1412 1618 1619
f 1413 1619 1418
f 1414 1620 1621
f 1414 1621 1415
f 1414 1416 1620
f 1416 1622 1620
f 1416 1417 1623
f 1416 1623 1622
f 1417 1418 1624
f 1417 1624 1623
f 1418 1619 1625
f 1418 1625 1823
f 1418 1823 1624
f 1419 1564 1626
f 1419 1626 1420
f 1420 1626 1627
f 1420 1627 1628
f 1420 1628 1421
f 1421 1628 1424
f 1421 1424 1422
f 1424 1629 1630
f 1424 1628 1629
f 1425 1630 1631
f 1425 1631 1426
f 1426 1631 1632
f 1426 1632 1427
f 1428 1632 1633
f 1428 1633 1634
f 1428 1634 1635
f 1428 1635 1429
f 1429 1635 1430
f 1430 1635 1636
f 1430 1636 1637
f 1430 1637 1431
f 1431 1637 1591
f 1431 1591 1432
f 1433 1621 1434
f 1434 1638 1825
f 1434 1825 1639
f 1434 1639 1435
f 1434 1621 1640
f 1434 1640 1826
f 1434 1826 1638
f 1435 1639 1436
f 1436 1641 1437
f 1436 1639 1641
f 1437 1641 1642
f 1437 1642 1438
f 1438 1642 1440
f 1439 1440 1643
f 1439 1643 1441
f 1440 1642 1645
f 1440 1645 1643
f 1441 1643 1644
f 1442 1644 1443
f 1443 1644 1643
f 1443 1643 1645
f 1443 1645 1829
f 1443 1829 1646
f 1444 1646 1445
f 1445 1647 1648
f 1445 1648 1649
f 1445 1649 1446
f 1445 1646 1650
f 1445 1650 1830
f 1445 1830 1647
f 1446 1649 1651
f 1446 1651 1447
f 1447 1651 1448
f 1448 1651 1652
f 1448 1652 1653
f 1448 1653 1449
f 1449 1653 1654
f 1449 1654 1450
f 1450 1654 1451
f 1451 1655 1837
f 1451 1837 1656
f 1451 1654 1655
f 1452 1656 1838
f 1452 1838 1657
f 1453 1657 1664
f 1453 1664 1459
f 1454 1455 1658
f 1454 1658 1464
f 1455 1659 1839
f 1455 1839 1658
f 1455 1456 1661
f 1455 1661 1659
f 1456 1457 1660
f 1456 1660 1842
f 1456 1842 1661
f 1457 1458 1662
f 1457 1662 1843
f 1457 1843 1660
f 1458 1459 1663
f 1458 1663 1662
f 1459 1664 1846
f 1459 1846 1663
f 1460 1665 1666
f 1460 1666 1461
f 1460 1464 1670
f 1460 1670 1665
f 1461 1666 1853
f 1461 1853 1667
f 1461 1667 1462
f 1462 1667 1463
f 1463 1667 1668
f 1463 1668 1669
f 1463 1669 1465
f 1464 1658 1839
f 1464 1839 1670
f 1465 1669 1466
f 1466 1669 1671
f 1466 1671 1672
f 1466 1672 1673
f 1466 1673 1468
f 1466 1468 1467
f 1468 1672 1470
f 1468 1673 1672
f 1469 1674 1471
f 1469 1470 1675
f 1469 1675 1674
f 1470 1672 1675
f 1471 1674 1676
f 1471 1676 1677
f 1471 1677 1472
f 1473 1677 1862
f 1473 1862 1678
f 1473 1678 1474
f 1474 1678 1679
f 1474 1679 1680
f 1474 1680 1475
f 1475 1680 1478
f 1475 1478 1476
f 1477 1478 1681
f 1477 1681 1483
f 1478 1680 1682
f 1478 1682 1681
f 1479 1482 1683
f 1479 1683 1684
f 1479 1684 1480
f 1480 1684 1685
f 1480 1685 1481
f 1481 1685 1484
f 1482 1483 1686
f 1482 1686 1687
f 1482 1687 1683
f 1483 1681 1866
f 1483 1866 1686
f 1484 1685 1688
f 1484 1688 1485
f 1485 1688 1689
f 1485 1689 1486
f 1486 1690 1487
f 1486 1689 1690
f 1487 1690 1691
f 1487 1691 1488
f 1488 1691 1489
f 1489 1691 1692
f 1489 1692 1490
f 1490 1692 1693
f 1490 1693 1491
f 1491 1693 1694
f 1491 1694 1695
f 1491 1695 1696
f 1491 1696 1493
f 1491 1493 1492
f 1493 1696 1700
f 1493 1700 1497
f 1494 1697 1704
f 1494 1704 1500
f 1495 1698 1699
f 1495 1699 1496
f 1496 1699 1882
f 1496 1882 1697
f 1497 1700 1701
f 1497 1701 1498
f 1498 1701 1702
f 1498 1702 1499
f 1499 1702 1703
f 1499 1703 1698
f 1500 1704 1705
f 1500 1705 1501
f 1501 1705 1706
f 1501 1706 1502
f 1502 1706 1707
f 1502 1707 1508
f 1503 1509 1504
f 1504 1509 1707
f 1504 1707 1708
f 1504 1708 1709
f 1504 1709 1505
f 1505 1507 1506
f 1505 1709 1710
f 1505 1710 1507
f 1507 1710 1517
f 1510 1711 1511
f 1510 1513 1711
f 1511 1711 1712
f 1511 1712 1713
f 1511 1713 1514
f 1513 1523 1714
f 1513 1714 1715
f 1513 1715 1711
f 1514 1713 1716
f 1514 1716 1717
f 1514 1717 1515
f 1515 1717 1718
f 1515 1718 1719
f 1515 1719 1516
f 1516 1719 1534
f 1517 1710 1709
f 1517 1709 1720
f 1517 1720 1518
f 1518 1721 1722
f 1518 1722 1519
f 1518 1720 1721
f 1519 1722 1723
f 1519 1723 1520
f 1520 1723 1724
f 1520 1724 1725
f 1520 1725 1521
f 1521 1725 1522
f 1522 1725 1726
f 1522 1726 1727
f 1522 1727 1728
f 1522 1728 1523
f 1523 1728 1714
f 1524 1568 1525
f 1524 1538 1729
f 1524 1729 1537
f 1524 1537 1730
f 1524 1730 1566
f 1524 1566 1568
f 1525 1546 1545
f 1525 1545 1731
f 1525 1731 1527
f 1525 1527 1526
f 1527 1731 1732
f 1527 1732 1733
f 1527 1733 1734
f 1527 1734 1528
f 1528 1734 1735
f 1528 1735 1736
f 1528 1736 1529
f 1529 1736 1530
f 1534 1719 1737
f 1534 1737 1535
f 1535 1737 1738
f 1535 1738 1739
f 1535 1739 1537
f 1535 1537 1536
f 1537 1739 1740
f 1537 1740 1741
f 1537 1741 1742
f 1537 1742 1743
f 1537 1743 1749
f 1537 1749 1552
f 1537 1552 1566
f 1537 1566 1730
f 1537 1729 1538
f 1539 1543 1540
f 1540 1543 1744
f 1540 1744 1541
f 1541 1744 1544
f 1541 1544 1542
f 1544 1731 1545
f 1544 1744 1901
f 1544 1901 1731
f 1547 1567 1552
f 1548 1552 1549
f 1549 1745 1746
f 1549 1746 1747
f 1549 1747 1550
f 1549 1552 1745
f 1550 1747 1748
f 1550 1748 1551
f 1551 1748 1553
f 1552 1749 1750
f 1552 1750 1751
f 1552 1751 1745
f 1553 1748 1752
f 1553 1752 1753
f 1553 1753 1554
f 1554 1753 1754
f 1554 1754 1755
f 1554 1755 1756
f 1554 1756 1555
f 1555 1756 1757
f 1555 1757 1758
f 1555 1758 1556
f 1556 1758 1557
f 1557 1759 1760
f 1557 1760 1559
f 1557 1758 1757
f 1557 1757 1759
f 1559 1760 1761
f 1559 1761 1560
f 1560 1761 1762
f 1560 1762 1763
f 1560 1763 1764
f 1560 1764 1561
f 1561 1764 1562
f 1562 1764 1765
f 1562 1765 1766
f 1562 1766 1767
f 1562 1767 1563
f 1563 1768 1565
f 1563 1767 1768
f 1564 1565 1769
f 1564 1769 1770
f 1564 1770 1626
f 1565 1768 1634
f 1565 1634 1769
f 1569 1771 1772
f 1569 1772 1570
f 1569 1571 1771
f 1570 1772 1773
f 1570 1773 1572
f 1571 1573 1774
f 1571 1774 1771
f 1572 1773 1775
f 1572 1775 1574
f 1573 1599 1796
f 1573 1796 1774
f 1574 1775 1776
f 1574 1776 1575
f 1575 1776 1777
f 1575 1777 1576
f 1576 1777 1579
f 1577 1578 1779
f 1577 1779 1590
f 1578 1583 1778
f 1578 1778 1779
f 1579 1777 1780
f 1579 1780 1781
f 1579 1781 1580
f 1580 1781 1581
f 1581 1781 1782
f 1581 1782 1783
f 1581 1783 1582
f 1582 1783 1583
f 1583 1783 1784
f 1583 1784 1778
f 1584 1785 1585
f 1584 1590 1785
f 1585 1786 1787
f 1585 1787 1586
f 1585 1785 1786
f 1586 1787 1788
f 1586 1788 1789
f 1586 1789 1606
f 1586 1606 1587
f 1587 1606 1589
f 1587 1589 1588
f 1590 1779 1785
f 1591 1765 1790
f 1591 1790 1592
f 1591 1637 1766
f 1591 1766 1765
f 1592 1790 1593
f 1593 1790 1791
f 1593 1791 1596
f 1593 1596 1594
f 1595 1596 1792
f 1595 1792 1597
f 1596 1791 1762
f 1596 1762 1793
f 1596 1793 1792
f 1597 1794 1598
f 1597 1792 1795
f 1597 1795 1794
f 1599 1600 1797
f 1599 1797 1796
f 1600 1601 1799
f 1600 1799 1797
f 1601 1794 1798
f 1601 1798 1799
f 1602 1800 1801
f 1602 1801 1608
f 1602 1603 1802
f 1602 1802 1800
f 1603 1604 1803
f 1603 1803 1802
f 1604 1605 1804
f 1604 1804 1803
f 1605 1607 1805
f 1605 1805 1804
f 1606 1789 1805
f 1606 1805 1607
f 1608 1801 1806
f 1608 1806 1609
f 1609 1806 1807
f 1609 1807 1610
f 1610 1807 1611
f 1611 1807 1808
f 1611 1808 1809
f 1611 1809 1612
f 1612 1809 1810
f 1612 1810 1613
f 1613 1810 1811
f 1613 1811 1812
f 1613 1812 1614
f 1614 1812 1615
f 1615 1812 1813
f 1615 1813 1616
f 1616 1813 1814
f 1616 1814 1617
f 1617 1814 1952
f 1617 1952 1815
f 1617 1815 1618
f 1618 1815 1953
f 1618 1953 1816
f 1618 1816 1625
f 1618 1625 1619
f 1620 1622 1817
f 1620 1817 1818
f 1620 1818 1640
f 1620 1640 1621
f 1622 1819 1955
f 1622 1955 1818
f 1622 1818 1817
f 1622 1623 1820
f 1622 1820 1821
f 1622 1821 1956
f 1622 1956 1819
f 1623 1821 1820
f 1623 1624 1822
f 1623 1822 1821
f 1624 1823 1824
f 1624 1824 1822
f 1625 1816 1954
f 1625 1954 1823
f 1626 1770 1627
f 1627 1770 1629
f 1627 1629 1628
f 1629 1770 1633
f 1629 1633 1632
f 1629 1632 1631
f 1629 1631 1630
f 1633 1770 1634
f 1634 1770 1769
f 1634 1768 1635
f 1635 1768 1636
f 1636 1768 1767
f 1636 1767 1637
f 1637 1767 1766
f 1638 1648 1825
f 1638 1826 1648
f 1639 1825 1828
f 1639 1828 1641
f 1640 1818 1827
f 1640 1827 1826
f 1641 1828 1645
f 1641 1645 1642
f 1645 1828 1829
f 1646 1829 1830
f 1646 1830 1650
f 1647 1831 1648
f 1647 1830 1831
f 1648 1826 1651
f 1648 1651 1649
f 1648 1831 1825
f 1651 1826 1652
f 1652 1832 1833
f 1652 1833 1653
f 1652 1826 1832
f 1653 1833 1819
f 1653 1819 1834
f 1653 1834 1835
f 1653 1835 1654
f 1654 1835 1655
f 1655 1835 1834
f 1655 1834 1836
f 1655 1836 1960
f 1655 1960 1837
f 1656 1837 1961
f 1656 1961 1838
f 1657 1838 1848
f 1657 1848 1664
f 1659 1840 1841
f 1659 1841 1839
f 1659 1661 1844
f 1659 1844 1840
f 1660 1843 1967
f 1660 1967 1842
f 1661 1842 1966
f 1661 1966 1844
f 1662 1663 1843
f 1663 1845 1967
f 1663 1967 1843
f 1663 1846 1847
f 1663 1847 1973
f 1663 1973 1845
f 1664 1848 1849
f 1664 1849 1846
f 1665 1850 1666
f 1665 1670 1856
f 1665 1856 1850
f 1666 1851 1852
f 1666 1852 1853
f 1666 1850 1851
f 1667 1853 1854
f 1667 1854 1668
f 1668 1854 1855
f 1668 1855 1669
f 1669 1855 1857
f 1669 1857 1671
f 1670 1839 1841
f 1670 1841 1856
f 1671 1857 1984
f 1671 1984 1858
f 1671 1858 1672
f 1672 1858 1675
f 1674 1859 1676
f 1674 1675 1860
f 1674 1860 1859
f 1675 1858 1984
f 1675 1984 1860
f 1676 1859 1861
f 1676 1861 1677
f 1677 1861 1862
f 1678 1862 1863
f 1678 1863 1864
f 1678 1864 1865
f 1678 1865 1679
f 1679 1865 1680
f 1680 1865 1682
f 1681 1682 1866
f 1682 1865 1867
f 1682 1867 1866
f 1683 1687 1873
f 1683 1873 1868
f 1683 1868 1869
f 1683 1869 1684
f 1684 1869 1870
f 1684 1870 1685
f 1685 1870 1871
f 1685 1871 1688
f 1686 1866 1872
f 1686 1872 1873
f 1686 1873 1687
f 1688 1871 1874
f 1688 1874 1689
f 1689 1874 1690
f 1690 1875 1877
f 1690 1877 1691
f 1690 1874 1876
f 1690 1876 1875
f 1691 1877 1878
f 1691 1878 1692
f 1692 1878 1879
f 1692 1879 1693
f 1693 1879 1694
f 1694 1879 1695
f 1695 1879 1880
f 1695 1880 1881
f 1695 1881 1696
f 1696 1881 1885
f 1696 1885 1700
f 1697 1882 1883
f 1697 1883 1704
f 1698 1703 1884
f 1698 1884 1699
f 1699 1884 1724
f 1699 1724 1882
f 1700 1885 1886
f 1700 1886 1701
f 1701 1886 1702
f 1702 1886 1727
f 1702 1727 1703
f 1703 1727 1726
f 1703 1726 1884
f 1704 1883 1887
f 1704 1887 1705
f 1705 1887 1888
f 1705 1888 1706
f 1706 1888 1707
f 1707 1888 1708
f 1708 1720 1709
f 1708 1888 1721
f 1708 1721 1720
f 1711 1715 1712
f 1712 1715 1889
f 1712 1889 1890
f 1712 1890 1891
f 1712 1891 1713
f 1713 1891 1892
f 1713 1892 1893
f 1713 1893 1716
f 1714 1728 1894
f 1714 1894 1895
f 1714 1895 1889
f 1714 1889 1715
f 1716 1893 1896
f 1716 1896 1897
f 1716 1897 1717
f 1717 1897 1718
f 1718 1897 1898
f 1718 1898 1899
f 1718 1899 1719
f 1719 1899 1900
f 1719 1900 1737
f 1721 1888 1887
f 1721 1887 1722
f 1722 1887 1883
f 1722 1883 1723
f 1723 1883 1882
f 1723 1882 1724
f 1724 1884 1725
f 1725 1884 1726
f 1727 1886 1728
f 1728 1886 1894
f 1731 1901 1902
f 1731 1902 1732
f 1732 1902 1733
f 1733 1902 1735
f 1733 1735 1734
f 1737 1900 1903
f 1737 1903 1738
f 1738 1903 1904
f 1738 1904 1905
f 1738 1905 1906
f 1738 1906 1739
f 1739 1906 1740
f 1740 1906 1905
f 1740 1905 1741
f 1741 1905 1907
f 1741 1907 1908
f 1741 1908 1742
f 1742 1908 1909
f 1742 1909 1750
f 1742 1750 1743
f 1743 1750 1749
f 1745 1910 1746
f 1745 1751 1910
f 1746 1911 1912
f 1746 1912 1913
f 1746 1913 1747
f 1746 1910 1911
f 1747 1913 1914
f 1747 1914 1748
f 1748 1914 1915
f 1748 1915 1752
f 1750 1909 1916
f 1750 1916 1917
f 1750 1917 1751
f 1751 1917 1911
f 1751 1911 1910
f 1752 1915 1918
f 1752 1918 1753
f 1753 1918 1755
f 1753 1755 1754
f 1755 1918 1919
f 1755 1919 1920
f 1755 1920 1756
f 1756 1921 1757
f 1756 1920 1922
f 1756 1922 1923
f 1756 1923 1921
f 1757 1921 1924
f 1757 1924 1759
f 1759 1924 1760
f 1760 1924 1925
f 1760 1925 1926
f 1760 1926 1761
f 1761 1926 1762
f 1762 1790 1763
f 1762 1926 1793
f 1762 1791 1790
f 1763 1790 1765
f 1763 1765 1764
f 1771 1774 1927
f 1771 1927 1772
f 1772 1927 1773
f 1773 1927 1775
f 1774 1796 1924
f 1774 1924 1927
f 1775 1927 1776
f 1776 1927 1777
f 1777 1927 1928
f 1777 1928 1780
f 1778 1784 1929
f 1778 1929 1930
f 1778 1930 1779
f 1779 1930 1785
f 1780 1928 1931
f 1780 1931 1781
f 1781 1931 1932
f 1781 1932 1782
f 1782 1932 1933
f 1782 1933 1783
f 1783 1933 1784
f 1784 1933 1934
f 1784 1934 1929
f 1785 1930 1786
f 1786 1935 1787
f 1786 1930 1936
f 1786 1936 1935
f 1787 1935 1937
f 1787 1937 1788
f 1788 1938 1939
f 1788 1939 1940
f 1788 1940 1941
f 1788 1941 1804
f 1788 1804 1805
f 1788 1805 1789
f 1788 1937 1938
f 1792 1793 1926
f 1792 1926 1925
f 1792 1925 1795
f 1794 1795 1925
f 1794 1925 1798
f 1796 1797 1924
f 1797 1799 1924
f 1798 1925 1924
f 1798 1924 1799
f 1800 1942 1943
f 1800 1943 1801
f 1800 1802 1803
f 1800 1803 1940
f 1800 1940 1942
f 1801 1943 1944
f 1801 1944 1806
f 1803 1804 1941
f 1803 1941 1940
f 1806 1944 1807
f 1807 1944 1945
f 1807 1945 1808
f 1808 1945 1946
f 1808 1946 1947
f 1808 1947 1809
f 1809 1947 1948
f 1809 1948 1810
f 1810 1948 1949
f 1810 1949 1811
f 1811 1949 1950
f 1811 1950 1814
f 1811 1814 1812
f 1812 1814 1813
f 1814 1950 2050
f 1814 2050 1951
f 1814 1951 1952
f 1815 1952 2052
f 1815 2052 1953
f 1816 1953 2053
f 1816 2053 1954
f 1818 1955 1827
f 1819 1833 1832
f 1819 1832 1955
f 1819 1956 1834
f 1821 1822 1957
f 1821 1957 1956
f 1822 1824 1958
f 1822 1958 1957
f 1823 1954 1824
f 1824 1954 1959
f 1824 1959 2055
f 1824 2055 1958
f 1825 1831 1830
f 1825 1830 1828
f 1826 1827 1955
f 1826 1955 1832
f 1828 1830 1829
f 1834 1956 1957
f 1834 1957 1836
f 1836 1957 1958
f 1836 1958 1960
f 1837 1960 2056
f 1837 2056 1961
f 1838 1961 1962
f 1838 1962 1848
f 1840 1963 1964
f 1840 1964 1841
f 1840 1844 1963
f 1841 1964 1965
f 1841 1965 1856
f 1842 1967 1968
f 1842 1968 1966
f 1844 1969 1963
f 1844 1966 1970
f 1844 1970 1969
f 1845 1971 1972
f 1845 1972 1968
f 1845 1968 1967
f 1845 1973 1974
f 1845 1974 2066
f 1845 2066 1971
f 1846 1849 1847
f 1847 1849 1975
f 1847 1975 2067
f 1847 2067 1973
f 1848 1962 1849
f 1849 1962 1976
f 1849 1976 1975
f 1850 1977 1851
f 1850 1856 1965
f 1850 1965 1977
f 1851 1978 1979
f 1851 1979 1852
f 1851 1977 1978
f 1852 1979 1980
f 1852 1980 1853
f 1853 1980 1854
f 1854 1980 1855
f 1855 1980 1981
f 1855 1981 1982
f 1855 1982 1857
f 1857 1982 1983
f 1857 1983 1984
f 1859 1985 1987
f 1859 1987 1861
f 1859 1860 1986
f 1859 1986 1985
f 1860 1984 1983
f 1860 1983 1986
f 1861 1987 1862
f 1862 1987 1863
f 1863 1987 1988
f 1863 1988 1989
f 1863 1989 1864
f 1864 1989 1990
f 1864 1990 1865
f 1865 1990 1867
f 1866 1867 1991
f 1866 1991 1872
f 1867 1990 1991
f 1868 1873 1992
f 1868 1992 1869
f 1869 1992 1870
f 1870 1992 1871
f 1871 1992 1874
f 1872 1991 1993
f 1872 1993 1994
f 1872 1994 1873
f 1873 1994 1992
f 1874 1992 1876
f 1875 1876 1992
f 1875 1992 1889
f 1875 1889 1877
f 1877 1889 1878
f 1878 1889 1879
f 1879 1889 1880
f 1880 1895 1881
f 1880 1889 1895
f 1881 1895 1885
f 1885 1895 1886
f 1886 1895 1894
f 1889 1891 1890
f 1889 1992 1891
f 1891 1995 1996
f 1891 1996 1997
f 1891 1997 1998
f 1891 1998 1892
f 1891 1992 1999
f 1891 1999 2000
f 1891 2000 2001
f 1891 2001 1995
f 1892 1998 2002
f 1892 2002 1893
f 1893 2002 1896
f 1896 2002 2003
f 1896 2003 1898
f 1896 1898 1897
f 1898 2004 1899
f 1898 2003 2005
f 1898 2005 2004
f 1899 2004 1900
f 1900 2004 2006
f 1900 2006 1903
f 1903 2006 2007
f 1903 2007 2008
f 1903 2008 1904
f 1904 2008 1905
f 1905 2008 2009
f 1905 2009 1907
f 1907 2009 2010
f 1907 2010 1908
f 1908 2010 2011
f 1908 2011 1909
f 1909 2011 2012
f 1909 2012 1916
f 1911 2013 1912
f 1911 1917 1916
f 1911 1916 2013
f 1912 2013 2014
f 1912 2014 1913
f 1913 2014 2015
f 1913 2015 2016
f 1913 2016 1914
f 1914 2016 2017
f 1914 2017 1915
f 1915 2017 2018
f 1915 2018 1918
f 1916 2012 2013
f 1918 2018 1919
f 1919 2018 2019
f 1919 2019 2020
f 1919 2020 1920
f 1920 2020 1922
f 1921 1923 2021
f 1921 2021 2022
f 1921 2022 2023
f 1921 2023 2024
f 1921 2024 2025
f 1921 2025 2026
f 1921 2026 2027
f 1921 2027 1927
f 1921 1927 1924
f 1922 2020 1923
f 1923 2020 2028
f 1923 2028 2021
f 1927 2027 2029
f 1927 2029 1928
f 1928 2029 2030
f 1928 2030 1931
f 1929 1934 1936
f 1929 1936 1930
f 1931 2030 2031
f 1931 2031 1932
f 1932 2031 2032
f 1932 2032 1933
f 1933 2032 2033
f 1933 2033 1934
f 1934 2033 2034
f 1934 2034 1936
f 1935 1936 2035
f 1935 2035 2036
f 1935 2036 1938
f 1935 1938 1937
f 1936 2034 2035
f 1938 2036 2037
f 1938 2037 2038
f 1938 2038 1939
f 1939 2038 1940
f 1940 2038 1942
f 1942 2039 1943
f 1942 2038 2040
f 1942 2040 2039
f 1943 2039 2041
f 1943 2041 1944
f 1944 2041 2042
f 1944 2042 1945
f 1945 2042 1946
f 1946 2042 2043
f 1946 2043 2044
f 1946 2044 1947
f 1947 2044 1948
f 1948 2044 2045
f 1948 2045 2046
f 1948 2046 2047
f 1948 2047 1949
f 1949 2047 1950
f 1950 2047 2048
f 1950 2048 2145
f 1950 2145 2049
f 1950 2049 2050
f 1951 2050 2147
f 1951 2147 2051
f 1951 2051 2052
f 1951 2052 1952
f 1953 2052 2149
f 1953 2149 2053
f 1954 2053 2054
f 1954 2054 1959
f 1958 2055 2056
f 1958 2056 1960
f 1959 2054 2057
f 1959 2057 2055
f 1961 2056 1962
f 1962 2057 2058
f 1962 2058 1976
f 1962 2056 2055
f 1962 2055 2057
f 1963 2059 2060
f 1963 2060 1964
f 1963 1969 2061
f 1963 2061 2059
f 1964 2060 1965
f 1965 2060 2062
f 1965 2062 1977
f 1966 1968 1972
f 1966 1972 1970
f 1969 1970 2063
f 1969 2063 2061
f 1970 1972 2065
f 1970 2065 2063
f 1971 2064 2065
f 1971 2065 1972
f 1971 2066 2157
f 1971 2157 2064
f 1973 2067 2068
f 1973 2068 1974
f 1974 2068 2066
f 1975 1976 2072
f 1975 2072 2067
f 1976 2058 2069
f 1976 2069 2150
f 1976 2150 2070
f 1976 2070 2161
f 1976 2161 2071
f 1976 2071 2163
f 1976 2163 2072
f 1977 2073 1978
f 1977 2062 2073
f 1978 2073 2074
f 1978 2074 1979
f 1979 2074 2075
f 1979 2075 1981
f 1979 1981 1980
f 1981 2075 2076
f 1981 2076 2077
f 1981 2077 1982
f 1982 2077 2078
f 1982 2078 2079
f 1982 2079 1983
f 1983 2079 2080
f 1983 2080 1986
f 1985 2081 1987
f 1985 1986 2082
f 1985 2082 2081
f 1986 2080 2083
f 1986 2083 2082
f 1987 2081 1988
f 1988 2081 2084
f 1988 2084 2085
f 1988 2085 1989
f 1989 2085 2086
f 1989 2086 1990
f 1990 2086 1991
f 1991 2086 2087
f 1991 2087 1993
f 1992 1994 2088
f 1992 2088 1999
f 1993 2087 2089
f 1993 2089 2090
f 1993 2090 1994
f 1994 2090 2088
f 1995 2091 2092
f 1995 2092 1996
f 1995 2001 2101
f 1995 2101 2091
f 1996 2092 2093
f 1996 2093 2094
f 1996 2094 1997
f 1997 2094 2095
f 1997 2095 1998
f 1998 2095 2002
f 1999 2096 2097
f 1999 2097 2000
f 1999 2088 2096
f 2000 2097 2098
f 2000 2098 2001
f 2001 2098 2099
f 2001 2099 2100
f 2001 2100 2101
f 2002 2102 2003
f 2002 2095 2103
f 2002 2103 2102
f 2003 2102 2005
f 2004 2005 2104
f 2004 2104 2105
f 2004 2105 2006
f 2005 2102 2104
f 2006 2105 2106
f 2006 2106 2007
f 2007 2107 2008
f 2007 2106 2107
f 2008 2107 2108
f 2008 2108 2009
f 2009 2108 2109
f 2009 2109 2010
f 2010 2109 2011
f 2011 2109 2110
f 2011 2110 2111
f 2011 2111 2013
f 2011 2013 2012
f 2013 2111 2014
f 2014 2111 2112
f 2014 2112 2015
f 2015 2112 2113
f 2015 2113 2016
f 2016 2113 2114
f 2016 2114 2017
f 2017 2114 2115
f 2017 2115 2116
f 2017 2116 2018
f 2018 2116 2019
f 2019 2116 2117
f 2019 2117 2020
f 2020 2117 2118
f 2020 2118 2028
f 2021 2028 2119
f 2021 2119 2022
f 2022 2119 2120
f 2022 2120 2121
f 2022 2121 2122
f 2022 2122 2023
f 2023 2122 2123
f 2023 2123 2024
f 2024 2123 2025
f 2025 2123 2124
f 2025 2124 2125
f 2025 2125 2126
f 2025 2126 2127
f 2025 2127 2128
f 2025 2128 2026
f 2026 2128 2129
f 2026 2129 2027
f 2027 2129 2130
f 2027 2130 2029
f 2028 2118 2131
f 2028 2131 2119
f 2029 2130 2030
f 2030 2130 2132
f 2030 2132 2031
f 2031 2132 2133
f 2031 2133 2134
f 2031 2134 2032
f 2032 2134 2135
f 2032 2135 2136
f 2032 2136 2033
f 2033 2136 2034
f 2034 2136 2040
f 2034 2040 2037
f 2034 2037 2035
f 2035 2037 2036
f 2037 2040 2038
f 2039 2040 2137
f 2039 2137 2138
f 2039 2138 2139
f 2039 2139 2041
f 2040 2136 2137
f 2041 2139 2042
f 2042 2139 2043
f 2043 2139 2140
f 2043 2140 2044
f 2044 2140 2141
f 2044 2141 2142
f 2044 2142 2045
f 2045 2142 2143
f 2045 2143 2046
f 2046 2143 2144
f 2046 2144 2048
f 2046 2048 2047
f 2048 2144 2226
f 2048 2226 2145
f 2049 2145 2228
f 2049 2228 2146
f 2049 2146 2147
f 2049 2147 2050
f 2051 2147 2230
f 2051 2230 2148
f 2051 2148 2149
f 2051 2149 2052
f 2053 2149 2150
f 2053 2150 2054
f 2054 2150 2058
f 2054 2058 2057
f 2058 2150 2069
f 2059 2151 2152
f 2059 2152 2060
f 2059 2061 2151
f 2060 2152 2062
f 2061 2063 2153
f 2061 2153 2154
f 2061 2154 2151
f 2062 2152 2073
f 2063 2065 2155
f 2063 2155 2153
f 2064 2156 2155
f 2064 2155 2065
f 2064 2157 2236
f 2064 2236 2156
f 2066 2068 2158
f 2066 2158 2159
f 2066 2159 2157
f 2067 2072 2068
f 2068 2072 2160
f 2068 2160 2158
f 2070 2150 2149
f 2070 2149 2148
f 2070 2148 2230
f 2070 2230 2162
f 2070 2162 2245
f 2070 2245 2161
f 2071 2161 2245
f 2071 2245 2163
f 2072 2163 2164
f 2072 2164 2165
f 2072 2165 2160
f 2073 2166 2074
f 2073 2152 2167
f 2073 2167 2166
f 2074 2168 2169
f 2074 2169 2077
f 2074 2077 2076
f 2074 2076 2075
f 2074 2166 2168
f 2077 2169 2078
f 2078 2170 2080
f 2078 2080 2079
f 2078 2169 2171
f 2078 2171 2170
f 2080 2170 2083
f 2081 2082 2084
f 2082 2083 2172
f 2082 2172 2084
f 2083 2170 2171
f 2083 2171 2172
f 2084 2172 2173
f 2084 2173 2174
f 2084 2174 2085
f 2085 2087 2086
f 2085 2174 2087
f 2087 2174 2089
f 2088 2090 2096
f 2089 2174 2175
f 2089 2175 2176
f 2089 2176 2177
f 2089 2177 2090
f 2090 2177 2096
f 2091 2101 2189
f 2091 2189 2178
f 2091 2178 2092
f 2092 2179 2093
f 2092 2178 2179
f 2093 2179 2180
f 2093 2180 2094
f 2094 2180 2095
f 2095 2180 2103
f 2096 2181 2097
f 2096 2177 2181
f 2097 2181 2182
f 2097 2182 2098
f 2098 2182 2183
f 2098 2183 2184
f 2098 2184 2185
f 2098 2185 2099
f 2099 2185 2186
f 2099 2186 2187
f 2099 2187 2100
f 2100 2188 2189
f 2100 2189 2101
f 2100 2187 2188
f 2102 2190 2104
f 2102 2103 2191
f 2102 2191 2192
f 2102 2192 2190
f 2103 2180 2193
f 2103 2193 2191
f 2104 2194 2105
f 2104 2190 2195
f 2104 2195 2194
f 2105 2194 2106
f 2106 2194 2107
f 2107 2194 2196
f 2107 2196 2197
f 2107 2197 2108
f 2108 2197 2111
f 2108 2111 2109
f 2109 2111 2110
f 2111 2197 2198
f 2111 2198 2112
f 2112 2198 2290
f 2112 2290 2199
f 2112 2199 2113
f 2113 2199 2114
f 2114 2199 2115
f 2115 2199 2200
f 2115 2200 2201
f 2115 2201 2117
f 2115 2117 2116
f 2117 2201 2202
f 2117 2202 2203
f 2117 2203 2118
f 2118 2203 2204
f 2118 2204 2131
f 2119 2131 2120
f 2120 2131 2205
f 2120 2205 2121
f 2121 2205 2206
f 2121 2206 2122
f 2122 2206 2207
f 2122 2207 2123
f 2123 2207 2124
f 2124 2207 2208
f 2124 2208 2125
f 2125 2208 2209
f 2125 2209 2126
f 2126 2210 2127
f 2126 2209 2210
f 2127 2210 2211
f 2127 2211 2212
f 2127 2212 2128
f 2128 2213 2129
f 2128 2212 2214
f 2128 2214 2213
f 2129 2213 2215
f 2129 2215 2130
f 2130 2215 2132
f 2131 2204 2216
f 2131 2216 2205
f 2132 2215 2133
f 2133 2215 2217
f 2133 2217 2134
f 2134 2138 2135
f 2134 2217 2218
f 2134 2218 2219
f 2134 2219 2220
f 2134 2220 2138
f 2135 2138 2137
f 2135 2137 2136
f 2138 2220 2139
f 2139 2220 2140
f 2140 2220 2219
f 2140 2219 2221
f 2140 2221 2141
f 2141 2221 2222
f 2141 2222 2142
f 2142 2222 2223
f 2142 2223 2143
f 2143 2223 2224
f 2143 2224 2144
f 2144 2225 2226
f 2144 2224 2225
f 2145 2226 2227
f 2145 2227 2228
f 2146 2229 2230
f 2146 2230 2147
f 2146 2228 2322
f 2146 2322 2229
f 2151 2231 2232
f 2151 2232 2152
f 2151 2154 2233
f 2151 2233 2231
f 2152 2232 2167
f 2153 2234 2154
f 2153 2155 2235
f 2153 2235 2234
f 2154 2234 2233
f 2155 2156 2235
f 2156 2236 2237
f 2156 2237 2238
f 2156 2238 2235
f 2157 2159 2236
f 2158 2160 2159
f 2159 2160 2239
f 2159 2239 2240
f 2159 2240 2241
f 2159 2241 2236
f 2160 2242 2243
f 2160 2243 2239
f 2160 2165 2244
f 2160 2244 2242
f 2162 2164 2245
f 2162 2230 2229
f 2162 2229 2246
f 2162 2246 2164
f 2163 2245 2164
f 2164 2246 2165
f 2165 2246 2321
f 2165 2321 2244
f 2166 2167 2247
f 2166 2247 2248
f 2166 2248 2168
f 2167 2232 2175
f 2167 2175 2247
f 2168 2248 2172
f 2168 2172 2171
f 2168 2171 2169
f 2172 2248 2173
f 2173 2248 2174
f 2174 2248 2247
f 2174 2247 2175
f 2175 2232 2231
f 2175 2231 2249
f 2175 2249 2250
f 2175 2250 2251
f 2175 2251 2176
f 2176 2251 2181
f 2176 2181 2177
f 2178 2189 2265
f 2178 2265 2252
f 2178 2252 2179
f 2179 2253 2254
f 2179 2254 2180
f 2179 2252 2255
f 2179 2255 2253
f 2180 2254 2253
f 2180 2253 2193
f 2181 2256 2182
f 2181 2251 2256
f 2182 2256 2257
f 2182 2257 2258
f 2182 2258 2183
f 2183 2258 2259
f 2183 2259 2184
f 2184 2259 2260
f 2184 2260 2261
f 2184 2261 2185
f 2185 2261 2262
f 2185 2262 2186
f 2186 2262 2263
f 2186 2263 2187
f 2187 2263 2188
f 2188 2263 2264
f 2188 2264 2265
f 2188 2265 2189
f 2190 2192 2266
f 2190 2266 2195
f 2191 2266 2192
f 2191 2193 2268
f 2191 2268 2266
f 2193 2253 2337
f 2193 2337 2267
f 2193 2267 2268
f 2194 2195 2271
f 2194 2271 2196
f 2195 2266 2269
f 2195 2269 2270
f 2195 2270 2271
f 2196 2271 2197
f 2197 2271 2270
f 2197 2270 2269
f 2197 2269 2272
f 2197 2272 2273
f 2197 2273 2274
f 2197 2274 2275
f 2197 2275 2276
f 2197 2276 2277
f 2197 2277 2278
f 2197 2278 2279
f 2197 2279 2198
f 2198 2280 2281
f 2198 2281 2282
f 2198 2282 2283
f 2198 2283 2284
f 2198 2284 2285
f 2198 2285 2286
f 2198 2286 2287
f 2198 2287 2288
f 2198 2288 2289
f 2198 2289 2290
f 2198 2279 2280
f 2199 2290 2289
f 2199 2289 2200
f 2200 2289 2288
f 2200 2288 2291
f 2200 2291 2201
f 2201 2291 2202
f 2202 2291 2203
f 2203 2291 2292
f 2203 2292 2204
f 2204 2292 2293
f 2204 2293 2307
f 2204 2307 2216
f 2205 2216 2294
f 2205 2294 2206
f 2206 2294 2295
f 2206 2295 2207
f 2207 2295 2208
f 2208 2296 2209
f 2208 2295 2296
f 2209 2296 2297
f 2209 2297 2298
f 2209 2298 2299
f 2209 2299 2210
f 2210 2299 2300
f 2210 2300 2211
f 2211 2300 2301
f 2211 2301 2214
f 2211 2214 2212
f 2213 2214 2302
f 2213 2302 2303
f 2213 2303 2304
f 2213 2304 2215
f 2214 2301 2305
f 2214 2305 2306
f 2214 2306 2302
f 2215 2304 2217
f 2216 2307 2308
f 2216 2308 2294
f 2217 2309 2218
f 2217 2304 2310
f 2217 2310 2309
f 2218 2309 2219
f 2219 2311 2221
f 2219 2309 2312
f 2219 2312 2311
f 2221 2313 2314
f 2221 2314 2222
f 2221 2311 2313
f 2222 2314 2223
f 2223 2314 2224
f 2224 2315 2225
f 2224 2314 2316
f 2224 2316 2315
f 2225 2315 2390
f 2225 2390 2317
f 2225 2317 2227
f 2225 2227 2226
f 2227 2317 2318
f 2227 2318 2319
f 2227 2319 2320
f 2227 2320 2321
f 2227 2321 2322
f 2227 2322 2228
f 2229 2322 2321
f 2229 2321 2246
f 2231 2233 2323
f 2231 2323 2324
f 2231 2324 2250
f 2231 2250 2249
f 2233 2234 2325
f 2233 2325 2326
f 2233 2326 2323
f 2234 2235 2325
f 2235 2238 2325
f 2236 2241 2327
f 2236 2327 2237
f 2237 2327 2328
f 2237 2328 2329
f 2237 2329 2238
f 2238 2329 2325
f 2239 2243 2331
f 2239 2331 2240
f 2240 2330 2327
f 2240 2327 2241
f 2240 2331 2403
f 2240 2403 2330
f 2242 2320 2332
f 2242 2332 2243
f 2242 2244 2321
f 2242 2321 2320
f 2243 2332 2331
f 2250 2333 2251
f 2250 2324 2334
f 2250 2334 2335
f 2250 2335 2333
f 2251 2333 2256
f 2252 2336 2255
f 2252 2265 2351
f 2252 2351 2336
f 2253 2255 2336
f 2253 2336 2338
f 2253 2338 2337
f 2256 2339 2257
f 2256 2333 2339
f 2257 2339 2340
f 2257 2340 2341
f 2257 2341 2342
f 2257 2342 2258
f 2258 2342 2259
f 2259 2342 2343
f 2259 2343 2260
f 2260 2344 2345
f 2260 2345 2262
f 2260 2262 2261
f 2260 2343 2344
f 2262 2345 2346
f 2262 2346 2263
f 2263 2347 2348
f 2263 2348 2349
f 2263 2349 2264
f 2263 2346 2347
f 2264 2349 2350
f 2264 2350 2351
f 2264 2351 2265
f 2266 2268 2272
f 2266 2272 2269
f 2267 2337 2352
f 2267 2352 2353
f 2267 2353 2268
f 2268 2353 2272
f 2272 2353 2274
f 2272 2274 2273
f 2274 2353 2352
f 2274 2352 2275
f 2275 2354 2355
f 2275 2355 2356
f 2275 2356 2277
f 2275 2277 2276
f 2275 2352 2354
f 2277 2356 2425
f 2277 2425 2357
f 2277 2357 2279
f 2277 2279 2278
f 2279 2357 2358
f 2279 2358 2359
f 2279 2359 2360
f 2279 2360 2280
f 2280 2360 2361
f 2280 2361 2362
f 2280 2362 2363
f 2280 2363 2282
f 2280 2282 2281
f 2282 2363 2430
f 2282 2430 2364
f 2282 2364 2283
f 2283 2364 2365
f 2283 2365 2366
f 2283 2366 2367
f 2283 2367 2368
f 2283 2368 2284
f 2284 2368 2286
f 2284 2286 2285
f 2286 2368 2292
f 2286 2292 2291
f 2286 2291 2287
f 2287 2291 2288
f 2292 2368 2293
f 2293 2368 2307
f 2294 2308 2369
f 2294 2369 2295
f 2295 2369 2296
f 2296 2370 2297
f 2296 2369 2370
f 2297 2370 2298
f 2298 2371 2372
f 2298 2372 2373
f 2298 2373 2374
f 2298 2374 2299
f 2298 2370 2371
f 2299 2374 2300
f 2300 2375 2376
f 2300 2376 2301
f 2300 2374 2375
f 2301 2376 2305
f 2302 2306 2377
f 2302 2377 2303
f 2303 2378 2304
f 2303 2377 2379
f 2303 2379 2378
f 2304 2378 2310
f 2305 2376 2380
f 2305 2380 2306
f 2306 2380 2381
f 2306 2381 2377
f 2307 2368 2367
f 2307 2367 2366
f 2307 2366 2308
f 2308 2366 2365
f 2308 2365 2382
f 2308 2382 2432
f 2308 2432 2369
f 2309 2310 2383
f 2309 2383 2384
f 2309 2384 2312
f 2310 2378 2383
f 2311 2385 2313
f 2311 2312 2386
f 2311 2386 2385
f 2312 2384 2387
f 2312 2387 2386
f 2313 2385 2314
f 2314 2385 2388
f 2314 2388 2389
f 2314 2389 2315
f 2314 2315 2316
f 2315 2389 2391
f 2315 2391 2390
f 2317 2390 2392
f 2317 2392 2318
f 2318 2392 2393
f 2318 2393 2319
f 2319 2332 2320
f 2319 2393 2394
f 2319 2394 2395
f 2319 2395 2332
f 2323 2396 2397
f 2323 2397 2324
f 2323 2326 2396
f 2324 2398 2334
f 2324 2397 2398
f 2325 2329 2399
f 2325 2399 2396
f 2325 2396 2326
f 2327 2330 2400
f 2327 2400 2401
f 2327 2401 2328
f 2328 2401 2402
f 2328 2402 2329
f 2329 2402 2399
f 2330 2403 2400
f 2331 2332 2395
f 2331 2395 2394
f 2331 2394 2403
f 2333 2335 2339
f 2334 2404 2405
f 2334 2405 2406
f 2334 2406 2407
f 2334 2407 2335
f 2334 2398 2397
f 2334 2397 2408
f 2334 2408 2409
f 2334 2409 2404
f 2335 2407 2339
f 2336 2410 2355
f 2336 2355 2338
f 2336 2351 2424
f 2336 2424 2410
f 2337 2354 2352
f 2337 2338 2354
f 2338 2355 2354
f 2339 2407 2340
f 2340 2407 2411
f 2340 2411 2412
f 2340 2412 2341
f 2341 2412 2413
f 2341 2413 2342
f 2342 2413 2414
f 2342 2414 2343
f 2343 2414 2344
f 2344 2414 2415
f 2344 2415 2416
f 2344 2416 2345
f 2345 2416 2417
f 2345 2417 2346
f 2346 2417 2347
f 2347 2417 2418
f 2347 2418 2419
f 2347 2419 2420
f 2347 2420 2421
f 2347 2421 2348
f 2348 2421 2349
f 2349 2421 2350
f 2350 2421 2422
f 2350 2422 2423
f 2350 2423 2351
f 2351 2423 2424
f 2355 2410 2356
f 2356 2410 2424
f 2356 2424 2425
f 2357 2425 2426
f 2357 2426 2427
f 2357 2427 2358
f 2358 2427 2359
f 2359 2427 2360
f 2360 2428 2429
f 2360 2429 2361
f 2360 2427 2428
f 2361 2429 2362
f 2362 2429 2431
f 2362 2431 2363
f 2363 2431 2430
f 2364 2382 2365
f 2364 2430 2432
f 2364 2432 2382
f 2369 2432 2433
f 2369 2433 2370
f 2370 2433 2434
f 2370 2434 2371
f 2371 2434 2437
f 2371 2437 2372
f 2372 2435 2493
f 2372 2493 2436
f 2372 2436 2373
f 2372 2437 2435
f 2373 2436 2438
f 2373 2438 2439
f 2373 2439 2375
f 2373 2375 2374
f 2375 2439 2376
f 2376 2439 2380
f 2377 2381 2440
f 2377 2440 2379
f 2378 2379 2441
f 2378 2441 2383
f 2379 2440 2442
f 2379 2442 2441
f 2380 2439 2443
f 2380 2443 2381
f 2381 2443 2444
f 2381 2444 2440
f 2383 2441 2384
f 2384 2441 2445
f 2384 2445 2446
f 2384 2446 2447
f 2384 2447 2448
f 2384 2448 2449
f 2384 2449 2386
f 2384 2386 2387
f 2385 2386 2450
f 2385 2450 2451
f 2385 2451 2452
f 2385 2452 2388
f 2386 2449 2450
f 2388 2453 2389
f 2388 2452 2453
f 2389 2453 2391
f 2390 2391 2454
f 2390 2454 2392
f 2391 2453 2455
f 2391 2455 2454
f 2392 2454 2456
f 2392 2456 2457
f 2392 2457 2393
f 2393 2457 2458
f 2393 2458 2403
f 2393 2403 2394
f 2396 2459 2460
f 2396 2460 2461
f 2396 2461 2397
f 2396 2399 2459
f 2397 2461 2408
f 2399 2402 2459
f 2400 2403 2462
f 2400 2462 2463
f 2400 2463 2464
f 2400 2464 2465
f 2400 2465 2466
f 2400 2466 2401
f 2401 2466 2402
f 2402 2466 2467
f 2402 2467 2459
f 2403 2458 2462
f 2404 2409 2468
f 2404 2468 2405
f 2405 2468 2469
f 2405 2469 2470
f 2405 2470 2471
f 2405 2471 2406
f 2406 2471 2472
f 2406 2472 2473
f 2406 2473 2407
f 2407 2473 2411
f 2408 2461 2468
f 2408 2468 2409
f 2411 2473 2474
f 2411 2474 2475
f 2411 2475 2412
f 2412 2475 2413
f 2413 2475 2476
f 2413 2476 2414
f 2414 2476 2415
f 2415 2476 2477
f 2415 2477 2478
f 2415 2478 2418
f 2415 2418 2416
f 2416 2418 2417
f 2418 2478 2479
f 2418 2479 2419
f 2419 2479 2538
f 2419 2538 2480
f 2419 2480 2422
f 2419 2422 2420
f 2420 2422 2421
f 2422 2481 2482
f 2422 2482 2483
f 2422 2483 2423
f 2422 2480 2481
f 2423 2483 2425
f 2423 2425 2424
f 2425 2483 2426
f 2426 2483 2482
f 2426 2482 2484
f 2426 2484 2485
f 2426 2485 2427
f 2427 2485 2428
f 2428 2486 2429
f 2428 2485 2487
f 2428 2487 2486
f 2429 2486 2489
f 2429 2489 2431
f 2430 2431 2488
f 2430 2488 2433
f 2430 2433 2432
f 2431 2489 2490
f 2431 2490 2488
f 2433 2488 2490
f 2433 2490 2434
f 2434 2490 2491
f 2434 2491 2437
f 2435 2492 2546
f 2435 2546 2493
f 2435 2437 2496
f 2435 2496 2492
f 2436 2493 2494
f 2436 2494 2495
f 2436 2495 2438
f 2437 2491 2496
f 2438 2495 2439
f 2439 2495 2443
f 2440 2444 2442
f 2441 2442 2497
f 2441 2497 2445
f 2442 2444 2498
f 2442 2498 2497
f 2443 2495 2499
f 2443 2499 2444
f 2444 2499 2500
f 2444 2500 2498
f 2445 2497 2501
f 2445 2501 2502
f 2445 2502 2446
f 2446 2503 2504
f 2446 2504 2505
f 2446 2505 2447
f 2446 2502 2503
f 2447 2505 2448
f 2448 2505 2449
f 2449 2505 2450
f 2450 2505 2506
f 2450 2506 2451
f 2451 2506 2452
f 2452 2506 2507
f 2452 2507 2508
f 2452 2508 2453
f 2453 2508 2455
f 2454 2455 2509
f 2454 2509 2456
f 2455 2508 2510
f 2455 2510 2509
f 2456 2509 2457
f 2457 2462 2458
f 2457 2509 2511
f 2457 2511 2512
f 2457 2512 2513
f 2457 2513 2462
f 2459 2467 2514
f 2459 2514 2515
f 2459 2515 2460
f 2460 2515 2461
f 2461 2515 2468
f 2462 2513 2516
f 2462 2516 2463
f 2463 2516 2464
f 2464 2516 2517
f 2464 2517 2518
f 2464 2518 2465
f 2465 2518 2519
f 2465 2519 2466
f 2466 2519 2467
f 2467 2519 2520
f 2467 2520 2514
f 2468 2515 2521
f 2468 2521 2522
f 2468 2522 2523
f 2468 2523 2524
f 2468 2524 2579
f 2468 2579 2525
f 2468 2525 2526
f 2468 2526 2469
f 2469 2526 2470
f 2470 2526 2527
f 2470 2527 2471
f 2471 2527 2528
f 2471 2528 2472
f 2472 2528 2529
f 2472 2529 2530
f 2472 2530 2531
f 2472 2531 2473
f 2473 2531 2474
f 2474 2531 2532
f 2474 2532 2533
f 2474 2533 2534
f 2474 2534 2475
f 2475 2534 2535
f 2475 2535 2476
f 2476 2535 2477
f 2477 2536 2537
f 2477 2537 2479
f 2477 2479 2478
f 2477 2535 2536
f 2479 2537 2538
f 2480 2538 2591
f 2480 2591 2539
f 2480 2539 2540
f 2480 2540 2481
f 2481 2541 2484
f 2481 2484 2482
f 2481 2540 2541
f 2484 2541 2542
f 2484 2542 2485
f 2485 2542 2487
f 2486 2487 2542
f 2486 2542 2543
f 2486 2543 2544
f 2486 2544 2489
f 2489 2544 2491
f 2489 2491 2490
f 2491 2544 2496
f 2492 2545 2546
f 2492 2496 2547
f 2492 2547 2545
f 2493 2546 2600
f 2493 2600 2548
f 2493 2548 2549
f 2493 2549 2494
f 2494 2549 2495
f 2495 2549 2499
f 2496 2544 2547
f 2497 2498 2550
f 2497 2550 2501
f 2498 2551 2550
f 2498 2500 2552
f 2498 2552 2551
f 2499 2549 2553
f 2499 2553 2500
f 2500 2553 2552
f 2501 2550 2554
f 2501 2554 2555
f 2501 2555 2556
f 2501 2556 2502
f 2502 2556 2557
f 2502 2557 2503
f 2503 2557 2558
f 2503 2558 2504
f 2504 2558 2559
f 2504 2559 2505
f 2505 2560 2561
f 2505 2561 2506
f 2505 2559 2562
f 2505 2562 2563
f 2505 2563 2560
f 2506 2561 2564
f 2506 2564 2565
f 2506 2565 2566
f 2506 2566 2507
f 2507 2566 2508
f 2508 2566 2510
f 2509 2510 2567
f 2509 2567 2568
f 2509 2568 2511
f 2510 2566 2569
f 2510 2569 2567
f 2511 2568 2570
f 2511 2570 2512
f 2512 2516 2513
f 2512 2570 2517
f 2512 2517 2516
f 2514 2520 2571
f 2514 2571 2515
f 2515 2571 2572
f 2515 2572 2521
f 2517 2570 2618
f 2517 2618 2573
f 2517 2573 2518
f 2518 2573 2574
f 2518 2574 2520
f 2518 2520 2519
f 2520 2574 2620
f 2520 2620 2571
f 2521 2572 2522
f 2522 2572 2575
f 2522 2575 2576
f 2522 2576 2524
f 2522 2524 2523
f 2524 2576 2577
f 2524 2577 2578
f 2524 2578 2579
f 2525 2579 2526
f 2526 2579 2580
f 2526 2580 2527
f 2527 2580 2581
f 2527 2581 2582
f 2527 2582 2529
f 2527 2529 2528
f 2529 2582 2583
f 2529 2583 2584
f 2529 2584 2530
f 2530 2584 2531
f 2531 2584 2532
f 2532 2584 2585
f 2532 2585 2586
f 2532 2586 2533
f 2533 2586 2587
f 2533 2587 2588
f 2533 2588 2534
f 2534 2588 2535
f 2535 2588 2536
f 2536 2589 2590
f 2536 2590 2538
f 2536 2538 2537
f 2536 2588 2589
f 2538 2590 2642
f 2538 2642 2591
f 2539 2591 2592
f 2539 2592 2593
f 2539 2593 2541
f 2539 2541 2540
f 2541 2593 2594
f 2541 2594 2542
f 2542 2594 2595
f 2542 2595 2543
f 2543 2595 2596
f 2543 2596 2547
f 2543 2547 2544
f 2545 2597 2598
f 2545 2598 2546
f 2545 2547 2596
f 2545 2596 2597
f 2546 2598 2599
f 2546 2599 2600
f 2548 2600 2650
f 2548 2650 2601
f 2548 2601 2549
f 2549 2601 2553
f 2550 2602 2554
f 2550 2551 2602
f 2551 2603 2602
f 2551 2552 2604
f 2551 2604 2603
f 2552 2553 2605
f 2552 2605 2604
f 2553 2601 2605
f 2554 2602 2555
f 2555 2602 2606
f 2555 2606 2607
f 2555 2607 2557
f 2555 2557 2556
f 2557 2608 2609
f 2557 2609 2558
f 2557 2607 2608
f 2558 2609 2610
f 2558 2610 2559
f 2559 2610 2611
f 2559 2611 2562
f 2560 2563 2562
f 2560 2562 2612
f 2560 2612 2613
f 2560 2613 2564
f 2560 2564 2561
f 2562 2614 2612
f 2562 2611 2614
f 2564 2615 2565
f 2564 2613 2616
f 2564 2616 2615
f 2565 2615 2617
f 2565 2617 2569
f 2565 2569 2566
f 2567 2569 2618
f 2567 2618 2570
f 2567 2570 2568
f 2569 2617 2619
f 2569 2619 2618
f 2571 2620 2572
f 2572 2620 2621
f 2572 2621 2622
f 2572 2622 2623
f 2572 2623 2575
f 2573 2618 2624
f 2573 2624 2625
f 2573 2625 2574
f 2574 2625 2620
f 2575 2623 2626
f 2575 2626 2576
f 2576 2626 2577
f 2577 2626 2627
f 2577 2627 2628
f 2577 2628 2629
f 2577 2629 2578
f 2578 2629 2630
f 2578 2630 2631
f 2578 2631 2579
f 2579 2631 2632
f 2579 2632 2580
f 2580 2632 2581
f 2581 2632 2633
f 2581 2633 2582
f 2582 2634 2635
f 2582 2635 2583
f 2582 2633 2634
f 2583 2635 2636
f 2583 2636 2584
f 2584 2636 2585
f 2585 2636 2637
f 2585 2637 2586
f 2586 2637 2638
f 2586 2638 2639
f 2586 2639 2587
f 2587 2639 2640
f 2587 2640 2589
f 2587 2589 2588
f 2589 2640 2641
f 2589 2641 2642
f 2589 2642 2590
f 2591 2642 2643
f 2591 2643 2644
f 2591 2644 2592
f 2592 2644 2645
f 2592 2645 2594
f 2592 2594 2593
f 2594 2646 2595
f 2594 2645 2647
f 2594 2647 2646
f 2595 2646 2596
f 2596 2646 2647
f 2596 2647 2597
f 2597 2647 2598
f 2598 2647 2648
f 2598 2648 2599
f 2599 2648 2691
f 2599 2691 2649
f 2599 2649 2650
f 2599 2650 2600
f 2601 2650 2605
f 2602 2651 2606
f 2602 2603 2651
f 2603 2652 2651
f 2603 2604 2654
f 2603 2654 2652
f 2604 2605 2653
f 2604 2653 2654
f 2605 2650 2653
f 2606 2651 2655
f 2606 2655 2607
f 2607 2655 2656
f 2607 2656 2657
f 2607 2657 2608
f 2608 2657 2609
f 2609 2657 2658
f 2609 2658 2610
f 2610 2659 2611
f 2610 2658 2659
f 2611 2659 2660
f 2611 2660 2614
f 2612 2614 2613
f 2613 2614 2661
f 2613 2661 2616
f 2614 2662 2661
f 2614 2660 2662
f 2615 2616 2663
f 2615 2663 2664
f 2615 2664 2665
f 2615 2665 2619
f 2615 2619 2617
f 2616 2661 2703
f 2616 2703 2663
f 2618 2619 2624
f 2619 2665 2666
f 2619 2666 2674
f 2619 2674 2667
f 2619 2667 2624
f 2620 2625 2621
f 2621 2668 2622
f 2621 2625 2668
f 2622 2668 2669
f 2622 2669 2670
f 2622 2670 2671
f 2622 2671 2672
f 2622 2672 2673
f 2622 2673 2623
f 2623 2673 2627
f 2623 2627 2626
f 2624 2667 2625
f 2625 2667 2674
f 2625 2674 2669
f 2625 2669 2668
f 2627 2673 2672
f 2627 2672 2675
f 2627 2675 2676
f 2627 2676 2628
f 2628 2676 2629
f 2629 2677 2712
f 2629 2712 2678
f 2629 2678 2630
f 2629 2676 2677
f 2630 2678 2713
f 2630 2713 2679
f 2630 2679 2631
f 2631 2679 2633
f 2631 2633 2632
f 2633 2679 2680
f 2633 2680 2681
f 2633 2681 2634
f 2634 2681 2682
f 2634 2682 2635
f 2635 2682 2683
f 2635 2683 2636
f 2636 2683 2637
f 2637 2683 2684
f 2637 2684 2685
f 2637 2685 2686
f 2637 2686 2638
f 2638 2686 2639
f 2639 2686 2687
f 2639 2687 2688
f 2639 2688 2640
f 2640 2688 2641
f 2641 2688 2643
f 2641 2643 2642
f 2643 2688 2722
f 2643 2722 2689
f 2643 2689 2644
f 2644 2689 2647
f 2644 2647 2645
f 2647 2689 2648
f 2648 2689 2690
f 2648 2690 2691
f 2649 2691 2725
f 2649 2725 2692
f 2649 2692 2653
f 2649 2653 2650
f 2651 2693 2655
f 2651 2652 2693
f 2652 2694 2695
f 2652 2695 2693
f 2652 2654 2696
f 2652 2696 2726
f 2652 2726 2694
f 2653 2692 2696
f 2653 2696 2654
f 2655 2697 2656
f 2655 2693 2697
f 2656 2697 2698
f 2656 2698 2699
f 2656 2699 2657
f 2657 2699 2658
f 2658 2699 2700
f 2658 2700 2701
f 2658 2701 2659
f 2659 2701 2660
f 2660 2701 2731
f 2660 2731 2702
f 2660 2702 2662
f 2661 2662 2703
f 2662 2704 2705
f 2662 2705 2703
f 2662 2702 2704
f 2663 2706 2707
f 2663 2707 2664
f 2663 2703 2708
f 2663 2708 2706
f 2664 2707 2666
f 2664 2666 2665
f 2666 2707 2670
f 2666 2670 2674
f 2669 2674 2670
f 2670 2707 2706
f 2670 2706 2671
f 2671 2706 2708
f 2671 2708 2675
f 2671 2675 2672
f 2675 2708 2709
f 2675 2709 2710
f 2675 2710 2676
f 2676 2710 2677
f 2677 2710 2702
f 2677 2702 2731
f 2677 2731 2711
f 2677 2711 2712
f 2678 2712 2714
f 2678 2714 2713
f 2679 2713 2680
f 2680 2713 2714
f 2680 2714 2715
f 2680 2715 2716
f 2680 2716 2681
f 2681 2716 2717
f 2681 2717 2682
f 2682 2717 2684
f 2682 2684 2683
f 2684 2718 2695
f 2684 2695 2719
f 2684 2719 2685
f 2684 2717 2718
f 2685 2719 2694
f 2685 2694 2726
f 2685 2726 2720
f 2685 2720 2686
f 2686 2720 2721
f 2686 2721 2687
f 2687 2721 2722
f 2687 2722 2688
f 2689 2722 2690
f 2690 2722 2723
f 2690 2723 2691
f 2691 2723 2724
f 2691 2724 2725
f 2692 2725 2726
f 2692 2726 2696
f 2693 2695 2697
f 2694 2719 2695
f 2695 2718 2727
f 2695 2727 2697
f 2697 2727 2698
f 2698 2727 2728
f 2698 2728 2699
f 2699 2729 2730
f 2699 2730 2700
f 2699 2728 2729
f 2700 2730 2731
f 2700 2731 2701
f 2702 2710 2704
f 2703 2705 2708
f 2704 2710 2705
f 2705 2710 2708
f 2708 2710 2709
f 2711 2731 2730
f 2711 2730 2732
f 2711 2732 2714
f 2711 2714 2712
f 2714 2732 2715
f 2715 2729 2733
f 2715 2733 2734
f 2715 2734 2716
f 2715 2732 2730
f 2715 2730 2729
f 2716 2734 2717
f 2717 2734 2728
f 2717 2728 2735
f 2717 2735 2718
f 2718 2735 2727
f 2720 2726 2736
f 2720 2736 2721
f 2721 2724 2722
f 2721 2736 2737
f 2721 2737 2724
f 2722 2724 2723
f 2724 2737 2725
f 2725 2737 2736
f 2725 2736 2726
f 2727 2735 2728
f 2728 2733 2729
f 2728 2734 2733

