# https://github.com/mikedh/trimesh
v 0.00498055 -0.23166752 -0.03506443
v -0.00498507 -0.23162217 -0.07504883
v 0.00498055 -0.23157683 -0.13505837
v 0.01499006 -0.23144077 -0.06503627
v 0.01499006 -0.23144077 0.02494511
v 0.00498055 -0.23162217 0.05498281
v -0.00498507 -0.23162217 0.03495768
v -0.01499458 -0.23144077 -0.05502369
v -0.00498507 -0.23157683 -0.12504581
v -0.00498507 -0.23153147 -0.17497690
v 0.00498055 -0.23153147 -0.17497690
v 0.01499006 -0.23135008 -0.16503021
v 0.02499958 -0.23107798 -0.04501113
v 0.02499958 -0.23103262 0.07494208
v 0.01499006 -0.23139542 0.10497978
v 0.02499958 -0.23107798 -0.01503929
v 0.00498055 -0.23157683 0.11499235
v -0.00498507 -0.23157683 0.11499235
v -0.01499458 -0.23144077 0.00498584
v -0.02496020 -0.23103262 -0.08506140
v -0.01499458 -0.23139542 -0.10502066
v -0.01499458 -0.23135008 -0.14500506
v -0.01499458 -0.23130472 -0.17497690
v -0.01499458 -0.23116867 -0.18498947
v -0.00498507 -0.23135008 -0.18498947
v 0.00498055 -0.23139542 -0.18498947
v 0.01499006 -0.23130472 -0.17497690
v 0.02499958 -0.23094192 -0.17497690
v 0.02499958 -0.23098728 -0.14500506
v 0.03496519 -0.23039773 -0.04501113
v 0.03443838 -0.23035239 -0.15501764
v 0.03457008 -0.23035239 0.11499235
v 0.02499958 -0.23098728 0.11499235
v 0.03496519 -0.23039773 -0.01503929
v 0.01499006 -0.23135008 0.11499235
v 0.01499006 -0.23103262 0.12493905
v 0.00498055 -0.23121403 0.12493905
v -0.00498507 -0.23121403 0.12493905
v -0.01499458 -0.23135008 0.11499235
v -0.01499458 -0.23139542 0.08495465
v -0.02496020 -0.23103262 0.04497024
v -0.03492581 -0.23039773 -0.03506443
v -0.03435510 -0.23035239 -0.14500506
v -0.02496020 -0.23098728 -0.13505837
v -0.02496020 -0.23094192 -0.17497690
v -0.02496020 -0.23080587 -0.18498947
v -0.02421388 -0.23026168 -0.19493617
v -0.01499458 -0.23057914 -0.19493617
v -0.00498507 -0.23076053 -0.19493617
v 0.01499006 -0.23116867 -0.18498947
v 0.00498055 -0.23080587 -0.19493617
v 0.02499958 -0.23080587 -0.18498947
v 0.03342865 -0.23026168 -0.18498947
v 0.03435058 -0.23030703 -0.17497690
v 0.03988215 -0.22998959 -0.07504883
v 0.03996995 -0.22998959 -0.05752683
v 0.04005776 -0.22998959 -0.03506443
v 0.03931144 -0.22994423 -0.17497690
v 0.03983825 -0.22998959 0.03495768
v 0.03957484 -0.22994423 0.11499235
v 0.03298963 -0.23021634 0.12493905
v 0.02499958 -0.23066983 0.12493905
v 0.04005776 -0.22998959 -0.02505186
v 0.04001386 -0.22998959 -0.00746399
v 0.03996995 -0.22998959 0.00498584
v 0.03992605 -0.22998959 0.01499841
v 0.02499958 -0.23017098 0.13264608
v 0.02499958 -0.22980818 0.13765237
v 0.01499006 -0.23030703 0.13422704
v 0.00919508 -0.22998959 0.13989204
v 0.00550736 -0.23035239 0.13593969
v -0.00542408 -0.23035239 0.13587382
v -0.00906790 -0.22998959 0.13982615
v -0.01499458 -0.23030703 0.13416114
v -0.01499458 -0.23098728 0.12493905
v -0.02496020 -0.23066983 0.12493905
v -0.02496020 -0.23098728 0.11499235
v -0.03444290 -0.23035239 0.11499235
v -0.03492581 -0.23039773 -0.02505186
v -0.03993057 -0.22998959 -0.03506443
v -0.03988667 -0.22998959 -0.04501113
v -0.03931595 -0.22994423 -0.15501764
v -0.03422339 -0.23030703 -0.17497690
v -0.03334536 -0.23026168 -0.18498947
v -0.03167711 -0.23012564 -0.19157669
v -0.06499827 -0.22486506 -0.25494570
v -0.06499827 -0.22423017 -0.26495826
v -0.05498875 -0.22445692 -0.26495826
v -0.03496972 -0.22481972 -0.26495826
v -0.01499458 -0.22509181 -0.26495826
v -0.00498507 -0.22518252 -0.26495826
v 0.01499006 -0.23057914 -0.19493617
v 0.02429716 -0.23026168 -0.19493617
v 0.00498055 -0.22518252 -0.26495826
v 0.01499006 -0.22509181 -0.26495826
v 0.02499958 -0.22495577 -0.26495826
v 0.05498423 -0.22441156 -0.26495826
v 0.03171649 -0.23012564 -0.19157669
v 0.03843341 -0.22985354 -0.18498947
v 0.06499375 -0.22536391 -0.24499902
v 0.06499375 -0.22577207 -0.23498644
v 0.04497471 -0.22949074 -0.08506140
v 0.04497471 -0.22944538 -0.13505837
v 0.04506252 -0.22949074 -0.03506443
v 0.04497471 -0.22926399 -0.18498947
v 0.04497471 -0.22940004 -0.17497690
v 0.04497471 -0.22949074 0.03495768
v 0.04497471 -0.22944538 0.11499235
v 0.04497471 -0.22921863 0.12493905
v 0.03799439 -0.22980818 0.12493905
v 0.03092627 -0.23003493 0.13113102
v 0.06499375 -0.22618021 0.16498932
v 0.06499375 -0.22608951 0.16749248
v 0.05498423 -0.22667906 0.16749248
v 0.04747709 -0.22690581 0.16749248
v 0.00252207 -0.22998959 0.14028725
v 0.02745806 -0.22735929 0.16749248
v 0.02499958 -0.22740465 0.16749248
v 0.01749244 -0.22749534 0.16749248
v 0.00748293 -0.22758605 0.16749248
v -0.00239489 -0.22998959 0.14028725
v -0.00498507 -0.22781280 0.16498932
v -0.01249221 -0.22754070 0.16749248
v -0.02250172 -0.22740465 0.16749248
v -0.02496020 -0.22758605 0.16498932
v -0.03496972 -0.22722325 0.16749248
v -0.02496020 -0.22980818 0.13765237
v -0.02496020 -0.23017098 0.13264608
v -0.03097469 -0.23003493 0.13113102
v -0.03295025 -0.23021634 0.12493905
v -0.03944766 -0.22994423 0.11499235
v -0.03988667 -0.22998959 -0.00502673
v -0.03993057 -0.22998959 -0.02505186
v -0.04497923 -0.22949074 -0.08506140
v -0.04497923 -0.22944538 -0.13505837
v -0.04497923 -0.22940004 -0.17497690
v -0.03922815 -0.22989888 -0.17497690
v -0.03835012 -0.22985354 -0.18498947
v -0.06499827 -0.22540927 -0.24499902
v -0.07496388 -0.22354992 -0.26495826
v -0.07496388 -0.22268827 -0.27497083
v -0.06499827 -0.22323248 -0.27497083
v -0.05498875 -0.22345923 -0.27497083
v -0.03496972 -0.22386737 -0.27497083
v -0.02496020 -0.22404878 -0.27497083
v -0.00498507 -0.22427551 -0.27497083
v 0.05498423 -0.22513716 -0.25494570
v 0.05498423 -0.22581741 -0.24499902
v 0.00498055 -0.22427551 -0.27497083
v 0.02499958 -0.22404878 -0.27497083
v 0.06499375 -0.22409412 -0.26495826
v 0.04497471 -0.22364062 -0.27497083
v 0.06499375 -0.22318713 -0.27497083
v 0.07495936 -0.22327782 -0.26495826
v 0.07495936 -0.22373132 -0.25494570
v 0.07495936 -0.22413947 -0.24499902
v 0.06499375 -0.22672440 -0.19493617
v 0.05498423 -0.22826630 -0.18498947
v 0.05498423 -0.22844769 -0.08506140
v 0.05498423 -0.22840235 -0.14500506
v 0.05498423 -0.22844769 0.04497024
v 0.05498423 -0.22835699 -0.17497690
v 0.05498423 -0.22840235 0.11499235
v 0.05498423 -0.22826630 0.12493905
v 0.05498423 -0.22799420 0.13495162
v 0.05748661 -0.22654301 0.16749248
v 0.06499375 -0.22645231 0.15497676
v 0.06745222 -0.22581741 0.16749248
v 0.00498055 -0.22781280 0.16498932
v -0.00498507 -0.22758605 0.16749248
v -0.05498875 -0.22654301 0.16749248
v -0.06499827 -0.22604416 0.16749248
v -0.03795501 -0.22980818 0.12493905
v -0.04497923 -0.22944538 0.11499235
v -0.04497923 -0.22949074 0.03495768
v -0.05498875 -0.22849305 -0.06503627
v -0.05498875 -0.22844769 -0.12504581
v -0.05498875 -0.22840235 -0.17497690
v -0.05498875 -0.22831164 -0.18498947
v -0.04497923 -0.22926399 -0.18498947
v -0.06499827 -0.22577207 -0.23498644
v -0.07496388 -0.22445692 -0.24499902
v -0.07496388 -0.22404878 -0.25494570
v -0.08497340 -0.22187199 -0.26495826
v -0.08497340 -0.22128244 -0.27497083
v -0.08835381 -0.21978590 -0.28715718
v -0.08497340 -0.21942310 -0.29486424
v -0.08168080 -0.22014870 -0.29143888
v -0.07496388 -0.22146384 -0.28498340
v -0.06499827 -0.22187199 -0.28498340
v -0.03496972 -0.22250688 -0.28498340
v -0.02496020 -0.22268827 -0.28498340
v -0.01499458 -0.22282434 -0.28498340
v -0.00498507 -0.22296038 -0.28498340
v 0.00498055 -0.22296038 -0.28498340
v 0.02499958 -0.22268827 -0.28498340
v 0.03496519 -0.22250688 -0.28498340
v 0.07495936 -0.22250688 -0.27497083
v 0.06499375 -0.22182663 -0.28498340
v 0.07495936 -0.21865216 -0.30494267
v 0.07495936 -0.22033009 -0.29242697
v 0.07495936 -0.22132778 -0.28498340
v 0.08496888 -0.22146384 -0.26495826
v 0.08553959 -0.22078359 -0.27411449
v 0.08496888 -0.22173594 -0.25494570
v 0.08496888 -0.22196269 -0.24499902
v 0.07495936 -0.22436622 -0.23498644
v 0.06499375 -0.22690581 -0.18498947
v 0.06499375 -0.22708720 -0.07504883
v 0.06499375 -0.22699650 -0.17497690
v 0.06499375 -0.22704186 -0.12504581
v 0.06499375 -0.22708720 0.07494208
v 0.06499375 -0.22704186 0.11499235
v 0.06499375 -0.22695115 0.12493905
v 0.06499375 -0.22681510 0.13495162
v 0.07495936 -0.22481972 0.16749248
v -0.07496388 -0.22486506 0.16749248
v -0.05498875 -0.22822094 0.12493905
v -0.04497923 -0.22917329 0.12493905
v -0.05498875 -0.22840235 0.11499235
v -0.05498875 -0.22844769 0.09496722
v -0.05498875 -0.22849305 0.00498584
v -0.06499827 -0.22713256 -0.09500810
v -0.06499827 -0.22708720 -0.17497690
v -0.06499827 -0.22699650 -0.18498947
v -0.07496388 -0.22468367 -0.23498644
v -0.08497340 -0.22246154 -0.24499902
v -0.08497340 -0.22223479 -0.25494570
v -0.09059278 -0.22014870 -0.27497083
v -0.09010986 -0.22001265 -0.28050411
v -0.09498291 -0.21783586 -0.29499596
v -0.10499243 -0.21334624 -0.32496780
v -0.11157764 -0.21035315 -0.34499294
v -0.11034840 -0.21003571 -0.35052621
v -0.09498291 -0.21593118 -0.31495523
v -0.08497340 -0.21819866 -0.30494267
v -0.09498291 -0.21475208 -0.32496780
v -0.07496388 -0.21969520 -0.29789436
v -0.07496388 -0.21869750 -0.30494267
v -0.05064251 -0.22001265 -0.30006814
v -0.03496972 -0.21946844 -0.30639187
v -0.03496972 -0.22019404 -0.30138558
v -0.03496972 -0.22110105 -0.29499596
v -0.02496020 -0.22128244 -0.29499596
v -0.01499458 -0.22141849 -0.29499596
v -0.00498507 -0.22155453 -0.29499596
v 0.00498055 -0.22155453 -0.29499596
v 0.02499958 -0.22128244 -0.29499596
v 0.03496519 -0.22110105 -0.29499596
v 0.08084214 -0.22010335 -0.29091191
v 0.08448596 -0.21924171 -0.29453486
v 0.08255430 -0.22042079 -0.28498340
v 0.08755906 -0.21960449 -0.28498340
v 0.03496519 -0.22019404 -0.30138558
v 0.06499375 -0.22055684 -0.29381028
v 0.04497471 -0.21933240 -0.30553553
v 0.03496519 -0.21946844 -0.30632597
v 0.07495936 -0.21711026 -0.31495523
v 0.08496888 -0.21520558 -0.32496780
v 0.08496888 -0.21670212 -0.31495523
v 0.08496888 -0.21801727 -0.30494267
v 0.08922731 -0.21983124 -0.27688113
v 0.09001754 -0.22001265 -0.27022806
v 0.09054436 -0.22019404 -0.25494570
v 0.09076386 -0.22033009 -0.24499902
v 0.08496888 -0.22214408 -0.23498644
v 0.07495936 -0.22495577 -0.18498947
v 0.07495936 -0.22513716 -0.08506140
v 0.07495936 -0.22518252 -0.02505186
v 0.07495936 -0.22504647 -0.16503021
v 0.07495936 -0.22509181 -0.13505837
v 0.07495936 -0.22518252 0.12493905
v 0.07495936 -0.22509181 0.14496419
v 0.07495936 -0.22500111 0.15497676
v 0.07495936 -0.22486506 0.16498932
v 0.07746174 -0.22432087 0.16749248
v -0.08497340 -0.22286968 0.16749248
v -0.07496388 -0.22513716 0.12493905
v -0.06499827 -0.22708720 0.11499235
v -0.06499827 -0.22695115 0.12493905
v -0.06499827 -0.22713256 0.02494511
v -0.07496388 -0.22522786 -0.17497690
v -0.07496388 -0.22518252 -0.18498947
v -0.07496388 -0.22509181 -0.19493617
v -0.08497340 -0.22259758 -0.23498644
v -0.09133910 -0.22046614 -0.25494570
v -0.09116349 -0.22033009 -0.26495826
v -0.09559754 -0.21869750 -0.27497083
v -0.09406099 -0.21878821 -0.28425881
v -0.10499243 -0.21416253 -0.31495523
v -0.13840139 -0.19978668 -0.40493661
v -0.15956186 -0.18994579 -0.46982071
v -0.08497340 -0.21679282 -0.31495523
v -0.11495805 -0.20636238 -0.37496477
v -0.08497340 -0.21529628 -0.32496780
v -0.07496388 -0.21715562 -0.31495523
v -0.04497923 -0.21788120 -0.31495523
v -0.02496020 -0.21955915 -0.30698472
v -0.02496020 -0.22028475 -0.30197841
v -0.00498507 -0.22042079 -0.30296654
v 0.00498055 -0.22042079 -0.30296654
v 0.02499958 -0.22028475 -0.30197841
v 0.10999267 -0.20999035 -0.34999925
v 0.09497839 -0.21565907 -0.31495523
v 0.09497839 -0.21656607 -0.30494267
v 0.09497839 -0.21733701 -0.29499596
v 0.02499958 -0.21955915 -0.30698472
v 0.08496888 -0.21366368 -0.33498037
v 0.03496519 -0.21806261 -0.31495523
v 0.10498791 -0.20513794 -0.38497734
v 0.09497839 -0.21048921 -0.35316110
v 0.11499743 -0.20482050 -0.38497734
v 0.09497839 -0.21321020 -0.33498037
v 0.10498791 -0.21021710 -0.35144842
v 0.10498791 -0.21357299 -0.31495523
v 0.09497839 -0.21788120 -0.28498340
v 0.11231945 -0.21085200 -0.32496780
v 0.10498791 -0.21393578 -0.30494267
v 0.11253895 -0.21107875 -0.31495523
v 0.09089556 -0.22037545 -0.23498644
v 0.08496888 -0.22237083 -0.18498947
v 0.08496888 -0.22259758 0.02494511
v 0.08496888 -0.22264293 0.10497978
v 0.08496888 -0.22241618 -0.16503021
v 0.08496888 -0.22246154 -0.12504581
v 0.08496888 -0.22264293 0.16749248
v -0.09195372 -0.22082894 0.16749248
v -0.08497340 -0.22286968 0.14496419
v -0.07496388 -0.22522786 0.08495465
v -0.07496388 -0.22518252 0.11499235
v -0.08497340 -0.22282434 -0.18498947
v -0.09155861 -0.22064754 -0.23498644
v -0.09147081 -0.22055684 -0.24499902
v -0.09612435 -0.21869750 -0.26495826
v -0.10499243 -0.21493348 -0.29499596
v -0.11798725 -0.20940082 -0.33498037
v -0.10499243 -0.21466137 -0.30494267
v -0.11658240 -0.20926477 -0.34499294
v -0.13989404 -0.19996807 -0.39795417
v -0.16074720 -0.19026323 -0.46310174
v -0.16496173 -0.18727015 -0.48497128
v -0.15574244 -0.18940158 -0.47436589
v -0.14498660 -0.19284816 -0.45499948
v -0.11495805 -0.20491119 -0.38497734
v -0.10499243 -0.20681588 -0.37496477
v -0.09498291 -0.21053456 -0.35329282
v -0.08497340 -0.21370904 -0.33498037
v -0.02496020 -0.21824400 -0.31495523
v -0.11495805 -0.20332395 -0.39498991
v -0.15499611 -0.18772365 -0.48497128
v -0.00498507 -0.21969520 -0.30797279
v 0.00498055 -0.21969520 -0.30797279
v 0.11073899 -0.21017176 -0.34499294
v 0.13067022 -0.20010412 -0.41079924
v 0.15837200 -0.18985508 -0.46837151
v 0.16021585 -0.19008183 -0.46171841
v 0.02499958 -0.21824400 -0.31495523
v 0.11499743 -0.20327860 -0.39498991
v 0.15499160 -0.18767829 -0.48497128
v 0.15169899 -0.19008183 -0.47061116
v 0.15503550 -0.18935624 -0.47436589
v 0.16043536 -0.19021788 -0.45499948
v 0.11249505 -0.21112411 -0.30494267
v 0.09093947 -0.22042079 -0.21496131
v 0.09151018 -0.22064754 0.16749248
v 0.08663713 -0.22214408 0.16749248
v -0.09322686 -0.22028475 0.16749248
v -0.11355320 -0.21157759 -0.30494267
v -0.10499243 -0.21516022 -0.27497083
v -0.09169031 -0.22073825 -0.18498947
v -0.10499243 -0.21511488 -0.28498340
v -0.11359710 -0.21144155 -0.31495523
v -0.14006965 -0.20001343 -0.38497734
v -0.16127402 -0.19058068 -0.45499948
v -0.11842626 -0.20940082 -0.32496780
v -0.16496173 -0.18808645 -0.47495872
v -0.17448834 -0.18341543 -0.48497128
v -0.17365420 -0.18250844 -0.49498385
v -0.16496173 -0.18495731 -0.49498385
v -0.01499458 -0.21838006 -0.31495523
v -0.09498291 -0.18776900 -0.48497128
v -0.00498507 -0.20250766 -0.40493661
v -0.00498507 -0.20432164 -0.39498991
v -0.00498507 -0.20613563 -0.38497734
v -0.00498507 -0.21497883 -0.33498037
v -0.00498507 -0.21851611 -0.31495523
v 0.00498055 -0.21851611 -0.31495523
v 0.16495721 -0.18690735 -0.48497128
v 0.16495721 -0.18745156 -0.47495872
v 0.00498055 -0.20613563 -0.38497734
v 0.14498208 -0.18772365 -0.48497128
v 0.15499160 -0.18482126 -0.49498385
v 0.16495721 -0.18473057 -0.49498385
v 0.00498055 -0.21497883 -0.33498037
v 0.17347407 -0.18305263 -0.48497128
v 0.16039146 -0.19021788 -0.44498688
v 0.09524181 -0.21892425 0.16749248
v -0.09695848 -0.21865216 0.16749248
v -0.11860187 -0.20940082 -0.31495523
v -0.16127402 -0.19067138 -0.44498688
v -0.14006965 -0.20001343 -0.37496477
v -0.17949308 -0.17770137 -0.48497128
v -0.16627876 -0.18795040 -0.45499948
v -0.17431273 -0.18346077 -0.47495872
v -0.17931749 -0.17856301 -0.47495872
v -0.17826386 -0.17475364 -0.49432513
v -0.17185424 -0.18114793 -0.50091237
v 0.02499958 -0.18781435 -0.48497128
v -0.02496020 -0.18781435 -0.48497128
v -0.16496173 -0.18155609 -0.50124168
v 0.16495721 -0.18146539 -0.50117588
v 0.00498055 -0.20250766 -0.40493661
v 0.00498055 -0.20432164 -0.39498991
v 0.17272775 -0.18232703 -0.49498385
v 0.09497839 -0.18776900 -0.48497128
v 0.17127901 -0.18105724 -0.50084651
v 0.17803982 -0.17498037 -0.48497128
v 0.18080561 -0.17176054 -0.46494615
v 0.17795202 -0.17674902 -0.46494615
v 0.20104416 -0.13144465 0.16749248
v 0.19581988 -0.13797501 0.16749248
v 0.18787374 -0.14749844 0.16749248
v 0.18291287 -0.15307647 0.16749248
v 0.17799592 -0.15806493 0.16749248
v 0.17299117 -0.16287200 0.16749248
v 0.16653766 -0.16903956 0.16749248
v 0.16276214 -0.17257684 0.16749248
v 0.15705496 -0.17756531 0.16749248
v 0.15582572 -0.17856301 0.16749248
v 0.15205020 -0.18160143 0.16749248
v 0.14726496 -0.18536547 0.16749248
v 0.14067975 -0.19053534 0.16749248
v 0.13646521 -0.19370981 0.16749248
v 0.13036291 -0.19819944 0.16749248
v 0.12887026 -0.19924247 0.16749248
v 0.12764102 -0.20005877 0.16749248
v 0.11622667 -0.20754148 0.16749248
v 0.11122191 -0.21076131 0.16749248
v 0.10498791 -0.21411718 0.16749248
v 0.09857831 -0.21733701 0.16749248
v 0.09651495 -0.21833470 0.16749248
v -0.10499243 -0.21493348 0.16749248
v -0.11210446 -0.21126015 0.16749248
v -0.18054673 -0.17266755 -0.48497128
v -0.18010771 -0.17130706 -0.49050456
v -0.18994161 -0.15983358 -0.41494918
v -0.20025845 -0.14046924 -0.35493964
v -0.19999504 -0.14001575 -0.36007768
v -0.18976602 -0.15788354 -0.42496175
v -0.11710922 -0.20813102 0.16749248
v -0.12290420 -0.20436700 0.16749248
v -0.12979671 -0.19987737 0.16749248
v -0.13475758 -0.19638544 0.16749248
v -0.14169399 -0.19130628 0.16749248
v -0.14292324 -0.19035393 0.16749248
v -0.14669876 -0.18740620 0.16749248
v -0.15306446 -0.18241774 0.16749248
v -0.15806921 -0.17842695 0.16749248
v -0.16377640 -0.17343849 0.16749248
v -0.16500564 -0.17230475 0.16749248
v -0.16878115 -0.16881281 0.16749248
v -0.17400542 -0.16382435 0.16749248
v -0.17523466 -0.16264525 0.16749248
v -0.17901017 -0.15901728 0.16749248
v -0.18392713 -0.15402880 0.16749248
v -0.18888798 -0.14881359 0.16749248
v -0.19222449 -0.14504957 0.16749248
v -0.19832678 -0.13806571 0.16749248
v -0.20144379 -0.13434704 0.16749248
v -0.20245352 -0.13307723 0.16749248
v -0.20372666 -0.13139930 0.16749248
v -0.20745827 -0.12627478 0.16749248
v -0.21083868 -0.12128632 0.16749248
v -0.17835166 -0.16495809 -0.49577433
v -0.17303959 -0.17498037 -0.50163698
v -0.16496173 -0.17498037 -0.50315201
v 0.16495721 -0.17498037 -0.50308615
v 0.17602035 -0.17498037 -0.49498385
v 0.17215703 -0.17498037 -0.50150520
v 0.17992759 -0.16727093 -0.47970152
v 0.18041050 -0.17103495 -0.47304845
v 0.19072732 -0.15203342 -0.40493661
v 0.20108806 -0.13280514 -0.33498037
v 0.19112244 -0.15262297 -0.39498991
v 0.18111292 -0.17189659 -0.45499948
v 0.18115683 -0.17171520 -0.44498688
v 0.20385385 -0.12663758 0.16749248
v -0.21013626 -0.11081053 -0.31139815
v -0.18015161 -0.16495809 -0.49083391
v -0.20978504 -0.10700116 -0.31805122
v -0.21259473 -0.09498348 -0.30494267
v -0.21000455 -0.10033475 -0.32009327
v -0.21101429 -0.09498348 -0.31495523
v -0.21009237 -0.09498348 -0.32062024
v -0.21158500 -0.07498425 -0.31495523
v -0.21211182 -0.05498503 -0.31495523
v -0.20056576 -0.14087740 -0.33498037
v -0.20052186 -0.14096808 -0.34499294
v -0.21079478 -0.12155841 -0.27497083
v -0.21035577 -0.12092352 -0.28498340
v -0.21009237 -0.12037932 -0.29143888
v -0.20719486 -0.12495964 -0.31495523
v -0.20622903 -0.12495964 -0.32496780
v -0.21364836 -0.11498270 0.16749248
v -0.21378008 -0.11498270 0.11499235
v -0.21097039 -0.12169446 -0.26495826
v -0.18019551 -0.13498193 -0.49083391
v -0.17835166 -0.13498193 -0.49584019
v -0.17334689 -0.14495887 -0.50196636
v -0.17334689 -0.16495809 -0.50190043
v -0.16496173 -0.16495809 -0.50400835
v 0.15499160 -0.16495809 -0.50400835
v 0.16495721 -0.16495809 -0.50387657
v 0.17659108 -0.16495809 -0.49498385
v 0.17931296 -0.16436854 -0.48398322
v 0.17242044 -0.16495809 -0.50176871
v 0.18695180 -0.15498115 -0.43497431
v 0.21008784 -0.04496274 -0.31047595
v 0.21000004 -0.05072216 -0.31008071
v 0.20991223 -0.05738857 -0.30948788
v 0.20855129 -0.07498425 -0.31495523
v 0.20824398 -0.08496119 -0.31495523
v 0.20951712 -0.08496119 -0.30678710
v 0.20635623 -0.09498348 -0.32496780
v 0.20789278 -0.09498348 -0.31495523
v 0.20587331 -0.10496042 -0.32496780
v 0.20236120 -0.11498270 -0.34499294
v 0.20372213 -0.11498270 -0.33498037
v 0.20012222 -0.13062836 -0.35118493
v 0.20051734 -0.13171674 -0.34499294
v 0.20372213 -0.12495964 -0.32496780
v 0.20446846 -0.12495964 -0.31495523
v 0.20503917 -0.12495964 -0.30494267
v 0.20143926 -0.13321330 -0.32496780
v 0.19911249 -0.13820176 -0.32496780
v 0.19911249 -0.13829246 -0.31495523
v 0.20481966 -0.12495964 0.16749248
v -0.21378008 -0.10496042 -0.28498340
v -0.21637025 -0.09498348 -0.27497083
v -0.21522883 -0.09498348 -0.28498340
v -0.21162891 -0.10496042 -0.30494267
v -0.19784386 -0.05498503 -0.39498991
v -0.18129304 -0.12495964 -0.48497128
v -0.21061918 -0.05498503 -0.32358450
v -0.21224353 -0.04496274 -0.31495523
v -0.20978504 -0.04496274 -0.32878840
v -0.20144379 -0.05498503 -0.37496477
v -0.21399958 -0.09498348 -0.29499596
v -0.21474591 -0.07498425 -0.29499596
v -0.21290205 -0.08496119 -0.30494267
v -0.21584344 -0.08496119 -0.28498340
v -0.21623856 -0.07498425 -0.28498340
v -0.21658976 -0.06496197 -0.28498340
v -0.21347277 -0.06496197 -0.30494267
v -0.21373618 -0.05498503 -0.30494267
v -0.21553613 -0.04496274 -0.29499596
v -0.21391179 -0.04496274 -0.30494267
v -0.21312155 -0.11498270 -0.26495826
v -0.21263865 -0.11498270 -0.27497083
v -0.20982894 -0.11910953 -0.29815784
v -0.21470201 -0.10496042 -0.27497083
v -0.21658976 -0.10496042 0.16749248
v -0.21663366 -0.10496042 0.16498932
v -0.21702878 -0.10496042 0.12493905
v -0.21707268 -0.10496042 0.11499235
v -0.21711658 -0.10496042 0.10497978
v -0.21378008 -0.11498270 0.10497978
v -0.21320936 -0.11498270 -0.25494570
v -0.21351667 -0.11498270 -0.13505837
v -0.21347277 -0.11498270 -0.16503021
v -0.21342887 -0.11498270 -0.18498947
v -0.18019551 0.15498416 -0.49083391
v -0.17835166 0.15498416 -0.49584019
v -0.17334689 0.14496186 -0.50196636
v -0.16496173 -0.13498193 -0.50420594
v -0.16496173 -0.15498115 -0.50414014
v -0.15499611 -0.15498115 -0.50460124
v 0.15499160 -0.15498115 -0.50466704
v 0.16495721 -0.15498115 -0.50394249
v 0.17663498 -0.13498193 -0.49498385
v 0.17918126 -0.10496042 -0.48549828
v 0.17918126 -0.11498270 -0.48543242
v 0.17918126 -0.15498115 -0.48510304
v 0.21057075 0.02496652 -0.31324255
v 0.21052685 0.01498958 -0.31297910
v 0.21188779 0.01498958 -0.30494267
v 0.21039514 -0.00496429 -0.31225449
v 0.21017565 -0.03498581 -0.31100291
v 0.17242044 0.15498416 -0.50176871
v 0.16495721 -0.14495887 -0.50400835
v 0.20152707 -0.12495964 -0.34499294
v 0.21294142 -0.02496352 -0.29499596
v 0.21272193 -0.03498581 -0.29499596
v 0.21250242 -0.04496274 -0.29499596
v 0.21043906 -0.07498425 -0.30283475
v 0.21026345 -0.08496119 -0.30178082
v 0.21008784 -0.09135550 -0.30079275
v 0.20723425 -0.10496042 -0.31495523
v 0.20503917 -0.11498270 -0.32496780
v 0.20275630 -0.12495964 -0.33498037
v 0.20740986 -0.11498270 -0.30494267
v 0.20833178 -0.11498270 -0.29499596
v 0.21048295 -0.11171752 -0.27497083
v 0.20547819 -0.12495964 -0.29499596
v 0.21083416 -0.11239777 -0.26495826
v 0.20903420 -0.11670599 -0.27497083
v 0.20157097 -0.13330398 -0.31495523
v 0.20161487 -0.13325864 -0.30494267
v 0.21127318 -0.11271522 0.11499235
v 0.20877080 -0.11770369 0.11499235
v 0.20877080 -0.11765834 0.12493905
v 0.20776106 -0.11924558 0.16749248
v -0.21716048 -0.09498348 -0.26495826
v -0.21812631 -0.08496119 -0.26495826
v -0.21716048 -0.08496119 -0.27497083
v -0.19938041 -0.04496274 -0.38655829
v -0.19784386 0.06496496 -0.39498991
v -0.18498076 -0.05498503 -0.46494615
v -0.18129304 0.10496341 -0.48497128
v -0.21399958 -0.03498581 -0.30494267
v -0.21224353 0.05498803 -0.31495523
v -0.20978504 0.05498803 -0.32878840
v -0.21505322 -0.06496197 -0.29499596
v -0.21689707 -0.05498503 -0.28498340
v -0.21755560 -0.07498425 -0.27497083
v -0.21795070 -0.06496197 -0.27497083
v -0.21830192 -0.05498503 -0.27497083
v -0.21531662 -0.05498503 -0.29499596
v -0.21562393 -0.03498581 -0.29499596
v -0.21711658 -0.04496274 -0.28498340
v -0.21724829 -0.03498581 -0.28498340
v -0.21606295 -0.10496042 -0.23498644
v -0.21593124 -0.10496042 -0.24499902
v -0.21571174 -0.10496042 -0.25494570
v -0.21536052 -0.10496042 -0.26495826
v -0.21667756 -0.10496042 -0.18498947
v -0.21856533 -0.09498348 0.16749248
v -0.22001407 -0.09008571 0.14167058
v -0.22014578 -0.09067526 0.12493905
v -0.21904825 -0.09570908 0.12493905
v -0.22018968 -0.09085666 0.11499235
v -0.21909215 -0.09584513 0.11499235
v -0.22018968 -0.09090201 0.09496722
v -0.22018968 -0.09094735 0.05498281
v -0.21909215 -0.09598117 0.03495768
v -0.21711658 -0.10496042 0.09496722
v -0.21707268 -0.10496042 0.03495768
v -0.21672148 -0.10496042 -0.17497690
v -0.21689707 -0.10496042 -0.08506140
v -0.21685317 -0.10496042 -0.11503324
v -0.21680927 -0.10496042 -0.13505837
v -0.18015161 0.16496108 -0.49063629
v -0.19938041 0.06496496 -0.38655829
v -0.20025845 0.07498726 -0.38142025
v -0.17830776 0.16496108 -0.49564257
v -0.17330299 0.16496108 -0.50183457
v -0.17334689 0.15498416 -0.50190043
v -0.16496173 0.13498493 -0.50420594
v -0.15499611 -0.14495887 -0.50473297
v -0.14498660 -0.14495887 -0.50499642
v 0.14498208 -0.14495887 -0.50512815
v 0.14498208 -0.13498193 -0.50519407
v 0.15499160 -0.13498193 -0.50479883
v 0.17663498 0.15498416 -0.49498385
v 0.17918126 0.02496652 -0.48569590
v 0.17918126 -0.03498581 -0.48563001
v 0.18010318 -0.03498581 -0.48062372
v 0.19063953 0.03498881 -0.42344669
v 0.19586378 0.03498881 -0.39498991
v 0.19766374 0.02496652 -0.38497734
v 0.19928810 0.02496652 -0.37601876
v 0.20969273 0.03498881 -0.31831473
v 0.21057075 0.03498881 -0.31330845
v 0.21197560 0.02496652 -0.30494267
v 0.21175610 0.00496729 -0.30494267
v 0.21518040 0.01498958 -0.28498340
v 0.21324874 -0.00496429 -0.29499596
v 0.17237654 0.16496108 -0.50170279
v 0.16495721 0.14496186 -0.50400835
v 0.16495721 0.15498416 -0.50394249
v 0.21487309 -0.00496429 -0.28498340
v 0.21469748 -0.01498658 -0.28498340
v 0.21425848 -0.03498581 -0.28498340
v 0.21403897 -0.04496274 -0.28498340
v 0.21158049 -0.07498425 -0.29499596
v 0.21294142 -0.07498425 -0.28498340
v 0.21118537 -0.08496119 -0.29499596
v 0.21250242 -0.08496119 -0.28498340
v 0.21373165 -0.08496119 -0.27497083
v 0.21052685 -0.09480208 -0.29506186
v 0.20626841 -0.11498270 -0.31495523
v 0.21171220 -0.09498348 -0.28498340
v 0.20841959 -0.10496042 -0.30494267
v 0.21280973 -0.09498348 -0.27497083
v 0.21162438 -0.10496042 -0.27497083
v 0.21013173 -0.11076518 -0.28162393
v 0.21232681 -0.10496042 -0.26495826
v 0.20899031 -0.11738624 -0.26495826
v 0.20560990 -0.12495964 -0.28498340
v 0.21267802 -0.10496042 -0.25494570
v 0.21294142 -0.10496042 -0.24499902
v 0.21096587 -0.11244312 -0.25494570
v 0.20560990 -0.12495964 -0.27497083
v 0.21131708 -0.11271522 0.05498281
v 0.21351215 -0.10496042 0.10497978
v 0.21346824 -0.10496042 0.11499235
v 0.21122928 -0.11266987 0.12493905
v 0.20872690 -0.11734089 0.16498932
v 0.21364385 -0.10496042 -0.03506443
v 0.21359995 -0.10496042 0.01499841
v 0.20872690 -0.11729554 0.16749248
v -0.21768729 -0.09498348 -0.25494570
v -0.21975066 -0.08623099 -0.23498644
v -0.21948725 -0.08400885 -0.24401093
v -0.21874093 -0.08496119 -0.25494570
v -0.21997017 -0.08001807 -0.23999272
v -0.22150671 -0.04496274 -0.24499902
v -0.21970676 -0.04577904 -0.26489240
v -0.18313691 0.09498648 -0.47495872
v -0.18498076 0.00496729 -0.46494615
v -0.21399958 0.02496652 -0.30494267
v -0.21395569 0.04496574 -0.30494267
v -0.21391179 0.05498803 -0.30494267
v -0.21206792 0.06496496 -0.31495523
v -0.21061918 0.06496496 -0.32351863
v -0.21860923 -0.04496274 -0.27497083
v -0.21562393 0.02496652 -0.29499596
v -0.21878484 -0.03498581 -0.27497083
v -0.21724829 0.02496652 -0.28498340
v -0.21882874 -0.00496429 -0.27497083
v -0.21896043 -0.09579977 -0.18498947
v -0.22018968 -0.09081130 -0.18498947
v -0.22010188 -0.09058455 -0.19493617
v -0.21997017 -0.08999501 -0.21021850
v -0.21838972 -0.09498348 -0.23498644
v -0.21812631 -0.09498348 -0.24499902
v -0.21979457 -0.08668448 0.16749248
v -0.21979457 -0.08736473 0.16498932
v -0.21997017 -0.08958686 0.14832366
v -0.22080430 -0.08496119 0.11499235
v -0.22084820 -0.08496119 0.05498281
v -0.22018968 -0.09094735 -0.13505837
v -0.21909215 -0.09598117 0.00498584
v -0.22018968 -0.09090201 -0.17497690
v -0.21904825 -0.09593582 -0.12504581
v -0.21896043 -0.09589048 -0.17497690
v -0.21900435 -0.09589048 -0.15501764
v -0.18006381 0.17013095 -0.49030694
v -0.17216156 0.17194495 -0.50117588
v -0.16496173 0.16496108 -0.50354725
v -0.16496173 0.15498416 -0.50407422
v -0.15499611 0.13498493 -0.50473297
v -0.14498660 -0.13498193 -0.50506234
v -0.12496757 -0.12495964 -0.50519407
v 0.13497256 -0.13498193 -0.50525993
v 0.14498208 -0.09498348 -0.50525993
v 0.15499160 0.13498493 -0.50479883
v 0.17654717 0.16496108 -0.49498385
v 0.17918126 0.14496186 -0.48543242
v 0.17918126 0.09498648 -0.48569590
v 0.18010318 0.01498958 -0.48068962
v 0.18971759 0.07498726 -0.42845297
v 0.19586378 0.06496496 -0.39498991
v 0.18010318 0.09498648 -0.48068962
v 0.19928810 0.03498881 -0.37608463
v 0.20969273 0.04496574 -0.31831473
v 0.21057075 0.05498803 -0.31330845
v 0.21197560 0.05498803 -0.30494267
v 0.21364385 0.03498881 -0.29499596
v 0.21526821 0.02496652 -0.28498340
v 0.21676084 0.01498958 -0.27497083
v 0.17154242 0.17185424 -0.50110996
v 0.16495721 0.16496108 -0.50348139
v 0.15499160 0.14496186 -0.50466704
v 0.21658525 0.00496729 -0.27497083
v 0.21640964 -0.00496429 -0.27497083
v 0.21619013 -0.01498658 -0.27497083
v 0.21575111 -0.03498581 -0.27497083
v 0.21368775 -0.05498503 -0.28498340
v 0.21544380 -0.04496274 -0.27497083
v 0.21509260 -0.05498503 -0.27497083
v 0.21425848 -0.07498425 -0.27497083
v 0.21526821 -0.07498425 -0.26495826
v 0.21460968 -0.08496119 -0.26495826
v 0.21359995 -0.09498348 -0.26495826
v 0.21408287 -0.09498348 -0.25494570
v 0.21443407 -0.09498348 -0.24499902
v 0.21114147 -0.11248847 -0.23498644
v 0.21131708 -0.11266987 -0.19493617
v 0.21131708 -0.11271522 -0.18498947
v 0.21131708 -0.11276057 -0.17497690
v 0.21320483 -0.10496042 -0.22497387
v 0.21465358 -0.09498348 -0.23498644
v 0.21698035 -0.08496119 -0.19493617
v 0.21715596 -0.08496119 -0.18498947
v 0.21553162 -0.09498348 -0.18498947
v 0.21355605 -0.10496042 -0.19493617
v 0.21531211 -0.09498348 0.11499235
v 0.21548770 -0.09498348 -0.01503929
v 0.21544380 -0.09498348 0.02494511
v 0.21535601 -0.09498348 0.09496722
v 0.21338044 -0.10496042 0.12493905
v 0.21100977 -0.11235242 0.16498932
v 0.21118537 -0.11257917 0.13495162
v 0.21364385 -0.10496042 -0.18498947
v 0.21553162 -0.09498348 -0.08506140
v 0.21096587 -0.11230707 0.16749248
v -0.21983847 -0.08813567 -0.22497387
v -0.22018968 -0.08314721 -0.22497387
v -0.22076039 -0.07498425 -0.22497387
v -0.22045308 -0.07498425 -0.23498644
v -0.22155063 -0.05498503 -0.23498644
v -0.22207744 -0.04496274 -0.23498644
v -0.22238475 -0.03498581 -0.23498644
v -0.22177012 -0.03498581 -0.24499902
v -0.22010188 -0.04301270 -0.26153293
v -0.21975066 -0.03498581 -0.26739556
v -0.21558003 0.04496574 -0.29499596
v -0.21720438 0.04496574 -0.28498340
v -0.21549223 0.05498803 -0.29499596
v -0.21364836 0.06496496 -0.30494267
v -0.21167281 0.07498726 -0.31495523
v -0.21979457 0.00496729 -0.26792252
v -0.21882874 0.01498958 -0.27497083
v -0.22080430 -0.08496119 -0.17497690
v -0.22076039 -0.08496119 -0.18498947
v -0.22062869 -0.08496119 -0.19493617
v -0.21992627 -0.08917872 -0.21687159
v -0.22010188 -0.08187741 0.16749248
v -0.22014578 -0.08237626 0.16498932
v -0.22141892 -0.07498425 0.12493905
v -0.22159453 -0.07498425 0.11499235
v -0.22067259 -0.08496119 0.12493905
v -0.22163843 -0.07498425 -0.00502673
v -0.22084820 -0.08496119 -0.09500810
v -0.18010771 0.17017631 -0.48497128
v -0.17022990 0.18015325 -0.48220468
v -0.17527856 0.17316939 -0.49412754
v -0.21018016 0.08496419 -0.32121310
v -0.21000455 0.09013406 -0.32022500
v -0.21329716 0.08496419 -0.29499596
v -0.21417519 0.08496419 -0.28498340
v -0.20960945 0.09829701 -0.30494267
v -0.20974115 0.09915865 -0.29499596
v -0.16496173 0.17271589 -0.50157106
v -0.16750801 0.17988116 -0.48885775
v -0.16447881 0.17811251 -0.49399579
v -0.15499611 0.14496186 -0.50453532
v -0.14498660 0.12496264 -0.50506234
v -0.13497709 -0.10496042 -0.50519407
v -0.10499243 -0.10496042 -0.50532579
v -0.11495805 -0.11498270 -0.50525993
v -0.09498291 -0.09498348 -0.50539166
v 0.13497256 -0.07498425 -0.50532579
v 0.14498208 0.10496341 -0.50525993
v 0.14498208 0.12496264 -0.50519407
v 0.14498208 0.13498493 -0.50506234
v 0.17321067 0.17371359 -0.49498385
v 0.17869835 0.16496108 -0.48497128
v 0.17935687 0.15584581 -0.48418084
v 0.18115683 0.09498648 -0.47495872
v 0.19928810 0.06496496 -0.37608463
v 0.20969273 0.05498803 -0.31824887
v 0.20960492 0.06496496 -0.31772187
v 0.21043906 0.06496496 -0.31271559
v 0.21166828 0.06496496 -0.30494267
v 0.21351215 0.05498803 -0.29499596
v 0.21522430 0.04496574 -0.28498340
v 0.21526821 0.03498881 -0.28498340
v 0.21684866 0.02496652 -0.27497083
v 0.21807790 0.01498958 -0.26495826
v 0.16495721 0.17267054 -0.50150520
v 0.16421089 0.17797646 -0.49399579
v 0.21790229 0.00496729 -0.26495826
v 0.21724376 -0.02496352 -0.26495826
v 0.21698035 -0.03498581 -0.26495826
v 0.21662915 -0.04496274 -0.26495826
v 0.21579503 -0.06496197 -0.26495826
v 0.21715596 -0.05498503 -0.25494570
v 0.21601452 -0.07498425 -0.25494570
v 0.21522430 -0.08496119 -0.25494570
v 0.21575111 -0.08496119 -0.24499902
v 0.21605843 -0.08496119 -0.23498644
v 0.21676084 -0.08496119 -0.20494874
v 0.21816570 -0.07498425 -0.19493617
v 0.21834131 -0.07498425 -0.18498947
v 0.21719986 -0.08496119 -0.17497690
v 0.21698035 -0.08496119 0.11499235
v 0.21522430 -0.09498348 0.12493905
v 0.21715596 -0.08496119 -0.01503929
v 0.21706817 -0.08496119 0.05498281
v 0.21324874 -0.10496042 0.13495162
v 0.21280973 -0.10496042 0.16498932
v 0.21232681 -0.10677440 0.16749248
v 0.21719986 -0.08496119 -0.11503324
v -0.22119941 -0.07498425 -0.20494874
v -0.22282377 -0.05498503 -0.19493617
v -0.22260426 -0.05498503 -0.20494874
v -0.22317497 -0.04496274 -0.20494874
v -0.22282377 -0.04496274 -0.21496131
v -0.22277986 -0.03498581 -0.22497387
v -0.22291157 -0.02496352 -0.22497387
v -0.22299936 -0.01498658 -0.22497387
v -0.22256035 -0.01498658 -0.23498644
v -0.22198963 -0.00496429 -0.24499902
v -0.22089210 -0.03498581 -0.25494570
v -0.22264816 -0.00496429 -0.23498644
v -0.22203353 0.00496729 -0.24499902
v -0.22106771 0.00496729 -0.25494570
v -0.21878484 0.03498881 -0.27497083
v -0.21874093 0.04496574 -0.27497083
v -0.21518493 0.06496496 -0.29499596
v -0.21702878 0.05498803 -0.28498340
v -0.21316546 0.07498726 -0.30494267
v -0.21979457 0.01498958 -0.26792252
v -0.22299936 -0.05498503 -0.17497690
v -0.22150671 -0.07498425 -0.18498947
v -0.22163843 -0.07498425 -0.05502369
v -0.22137502 -0.07498425 -0.19493617
v -0.22045308 -0.08496119 -0.20494874
v -0.22190183 -0.04496274 0.16749248
v -0.22308718 -0.04496274 0.13495162
v -0.22343838 -0.04496274 0.12493905
v -0.22277986 -0.05498503 0.12493905
v -0.22291157 -0.05498503 0.11499235
v -0.22361399 -0.04496274 0.10497978
v -0.22374569 -0.04496274 -0.01503929
v -0.22304326 -0.05498503 -0.01503929
v -0.18006381 0.17013095 -0.47805473
v -0.17018600 0.18010789 -0.47495872
v -0.21909215 0.07725474 -0.15501764
v -0.21913604 0.07743614 -0.06503627
v -0.21917994 0.07757219 0.01499841
v -0.21922384 0.07766289 0.11499235
v -0.21615075 0.08496419 0.10497978
v -0.21615075 0.08496419 0.11499235
v -0.21606295 0.08496419 0.13495162
v -0.21184841 0.09321784 0.16749248
v -0.09678287 0.21824701 0.16749248
v -0.11140203 0.21080965 -0.30494267
v -0.11122643 0.21058291 -0.31495523
v -0.11069962 0.21026546 -0.32496780
v -0.11021670 0.21003871 -0.33069870
v -0.21461420 0.07498726 -0.29499596
v -0.21584344 0.07498726 -0.28498340
v -0.21680927 0.07498726 -0.27497083
v -0.21751170 0.07498726 -0.26495826
v -0.22001407 0.07013483 -0.24071732
v -0.21474591 0.08496419 -0.27497083
v -0.21505322 0.08496419 -0.26495826
v -0.21896043 0.07689194 -0.19493617
v -0.21904825 0.07711869 -0.18498947
v -0.21904825 0.07720939 -0.17497690
v -0.15499611 0.17752296 -0.49511561
v -0.13497709 0.17752296 -0.49511561
v 0.15499160 0.17747761 -0.49511561
v -0.12084083 0.20006177 -0.39031300
v -0.14068426 0.19003949 -0.44024411
v -0.16083500 0.18001720 -0.49004346
v -0.09006596 0.22001565 -0.28024063
v -0.12751384 0.19974433 -0.38741463
v -0.10688020 0.20967591 -0.33735180
v -0.09498291 0.21443763 -0.31495523
v -0.15499611 0.18001720 -0.49010932
v 0.15499160 0.18001720 -0.49010932
v 0.13497256 0.11498570 -0.50525993
v -0.13497709 0.10496341 -0.50519407
v -0.10499243 -0.06496197 -0.50539166
v -0.12496757 -0.09498348 -0.50525993
v -0.09498291 -0.03498581 -0.50545752
v 0.13497256 0.08496419 -0.50532579
v 0.16724008 0.17965440 -0.48497128
v 0.17408870 0.17462058 -0.48497128
v 0.17856663 0.16713788 -0.46494615
v 0.18084951 0.16214941 -0.46494615
v 0.18045440 0.16137846 -0.47324604
v 0.19020051 0.14047225 -0.41145796
v 0.21004394 0.09017941 -0.30059510
v 0.20978053 0.08754913 -0.30724820
v 0.17997149 0.15979123 -0.47996500
v 0.21118537 0.07498726 -0.30494267
v 0.21311703 0.06496496 -0.29499596
v 0.21504870 0.05498803 -0.28498340
v 0.21021955 0.07498726 -0.31139815
v 0.21676084 0.04496574 -0.27497083
v 0.21684866 0.03498881 -0.27497083
v 0.21816570 0.02496652 -0.26495826
v 0.21992175 0.02496652 -0.24921483
v 0.21917543 0.01498958 -0.25494570
v 0.16039146 0.18001720 -0.49004346
v 0.21899982 0.00496729 -0.25494570
v 0.21856080 -0.01498658 -0.25494570
v 0.21829739 -0.02496352 -0.25494570
v 0.21799009 -0.03498581 -0.25494570
v 0.21759498 -0.04496274 -0.25494570
v 0.21891202 -0.03498581 -0.24499902
v 0.21842910 -0.04496274 -0.24499902
v 0.21785839 -0.05498503 -0.24499902
v 0.21724376 -0.06496197 -0.24499902
v 0.21658525 -0.07498425 -0.24499902
v 0.21706817 -0.07498425 -0.23498644
v 0.21741937 -0.07498425 -0.22497387
v 0.21794619 -0.07498425 -0.20494874
v 0.21974614 -0.05729787 -0.19493617
v 0.21983394 -0.05820486 -0.18498947
v 0.21838520 -0.07498425 -0.17497690
v 0.21816570 -0.07498425 0.11499235
v 0.21684866 -0.08496119 0.12493905
v 0.21276583 -0.10496042 0.16749248
v 0.21838520 -0.07498425 -0.04501113
v 0.21834131 -0.07498425 -0.00502673
v -0.22212134 -0.06496197 -0.19493617
v -0.22370179 -0.04496274 -0.18498947
v -0.22348228 -0.04496274 -0.19493617
v -0.22387740 -0.03498581 -0.19493617
v -0.22352618 -0.03498581 -0.20494874
v -0.22378959 -0.01498658 -0.20494874
v -0.22313108 0.00496729 -0.22497387
v -0.22396520 0.00496729 -0.20494874
v -0.22269206 0.00496729 -0.23498644
v -0.22203353 0.01498958 -0.24499902
v -0.22106771 0.01498958 -0.25494570
v -0.21975066 0.03498881 -0.26746142
v -0.21970676 0.04496574 -0.26706618
v -0.21847752 0.05498803 -0.27497083
v -0.21663366 0.06496496 -0.28498340
v -0.22027749 0.02496652 -0.26278448
v -0.22374569 -0.04496274 -0.12504581
v -0.22304326 -0.05498503 -0.05502369
v -0.22229694 -0.03498581 0.16749248
v -0.22242865 -0.03498581 0.16498932
v -0.22317497 -0.03498581 0.14496419
v -0.22387740 -0.03498581 0.12493905
v -0.22405300 -0.03498581 0.11499235
v -0.22357008 -0.04496274 0.11499235
v -0.22409691 -0.03498581 0.09496722
v -0.22418471 -0.03498581 0.01499841
v -0.22422861 -0.03498581 -0.02505186
v -0.17611268 0.17407638 -0.47482699
v -0.20895092 0.09825166 0.16749248
v -0.20794119 0.09988425 0.16749248
v -0.20368275 0.10655066 0.16749248
v -0.20074137 0.11108563 0.16749248
v -0.19613172 0.11793344 0.16749248
v -0.19235620 0.12342075 0.16749248
v -0.18972212 0.12718478 0.16749248
v -0.18884408 0.12840922 0.16749248
v -0.18739533 0.13026856 0.16749248
v -0.18366373 0.13503028 0.16749248
v -0.17901017 0.14088039 0.16749248
v -0.17593707 0.14473511 0.16749248
v -0.17448834 0.14654911 0.16749248
v -0.17084451 0.15103874 0.16749248
v -0.16645437 0.15607254 0.16749248
v -0.16144963 0.16146916 0.16749248
v -0.15776190 0.16523319 0.16749248
v -0.15152791 0.17153680 0.16749248
v -0.14533781 0.17779507 0.16749248
v -0.14156228 0.18155909 0.16749248
v -0.13620631 0.18654756 0.16749248
v -0.13120157 0.19103718 0.16749248
v -0.12553829 0.19607100 0.16749248
v -0.12430904 0.19715939 0.16749248
v -0.12053353 0.20046993 0.16749248
v -0.11640679 0.20391650 0.16749248
v -0.11083132 0.20854217 0.16749248
v -0.10951427 0.20963056 0.16749248
v -0.10450952 0.21325853 0.16749248
v -0.22071649 0.07222092 -0.16503021
v -0.22071649 0.07226627 -0.15501764
v -0.22076039 0.07235697 -0.10502066
v -0.22080430 0.07249302 -0.02505186
v -0.22084820 0.07262907 0.05498281
v -0.22084820 0.07267442 0.11499235
v -0.21917994 0.07757219 0.12493905
v -0.22084820 0.07267442 0.08495465
v -0.21597515 0.08496419 0.14496419
v -0.21478981 0.08705028 0.16749248
v -0.09177811 0.22078659 0.16749248
v -0.09621216 0.21829236 -0.25494570
v -0.09599265 0.21838306 -0.26495826
v -0.09550973 0.21829236 -0.27497083
v -0.09147081 0.22074124 -0.11503324
v -0.09050497 0.22015169 -0.27497083
v -0.21790680 0.06496496 -0.27497083
v -0.21887264 0.06496496 -0.26495826
v -0.21983847 0.06813945 -0.24737041
v -0.22032139 0.06487427 -0.24440616
v -0.22172622 0.05498803 -0.23498644
v -0.22304326 0.05498803 -0.19493617
v -0.22330667 0.05498803 -0.18498947
v -0.22181404 0.06496496 -0.19493617
v -0.22010188 0.07040694 -0.23498644
v -0.22023357 0.07081508 -0.22497387
v -0.22036529 0.07117788 -0.21496131
v -0.22058479 0.07185812 -0.19493617
v -0.22067259 0.07213023 -0.18498947
v -0.11495805 0.20010713 -0.39051062
v -0.10020718 0.20999336 -0.34005255
v -0.09498291 0.20908636 -0.34525645
v -0.15499611 0.18106024 -0.48497128
v -0.08497340 0.22269128 -0.24499902
v -0.07496388 0.22482271 -0.24499902
v -0.07496388 0.22337152 -0.26495826
v -0.07496388 0.22223778 -0.27497083
v -0.08497340 0.22028774 -0.28215092
v -0.08497340 0.21956214 -0.28715718
v -0.08497340 0.21838306 -0.29499596
v -0.14498660 0.18310098 -0.47495872
v 0.14498208 0.18310098 -0.47495872
v 0.15499160 0.18106024 -0.48497128
v -0.09498291 0.03498881 -0.50545752
v -0.09498291 0.06496496 -0.50539166
v -0.10499243 0.08496419 -0.50532579
v -0.11495805 0.07498726 -0.50532579
v -0.10499243 0.05498803 -0.50539166
v 0.14853810 0.18949530 -0.42496175
v 0.16877663 0.17938229 -0.47495872
v 0.16223532 0.18051605 -0.48497128
v 0.15499160 0.18437077 -0.46494615
v 0.14186507 0.19044763 -0.43497431
v 0.12171434 0.20042457 -0.38306707
v 0.10121239 0.21031080 -0.33221376
v 0.12316309 0.20096877 -0.37496477
v 0.12816785 0.19942687 -0.37496477
v 0.17395699 0.17439383 -0.47495872
v 0.19050781 0.12328470 0.16749248
v 0.19265899 0.12011022 0.16749248
v 0.19625890 0.11475895 0.16749248
v 0.18106902 0.16205871 -0.45499948
v 0.19972710 0.10958909 0.16749248
v 0.20280021 0.10482737 0.16749248
v 0.20793667 0.09652837 0.16749248
v 0.21013173 0.09280969 0.16749248
v 0.21087806 0.09153990 0.16749248
v 0.19028831 0.14065364 -0.40493661
v 0.20885859 0.09593882 -0.29499596
v 0.21026345 0.09090500 -0.29499596
v 0.21228291 0.08496419 -0.28498340
v 0.21491699 0.07498726 -0.27497083
v 0.21140487 0.08496419 -0.29499596
v 0.21381946 0.07498726 -0.28498340
v 0.20920981 0.08451070 -0.31423065
v 0.21004394 0.08088272 -0.31041008
v 0.21254632 0.07498726 -0.29499596
v 0.21649744 0.05498803 -0.27497083
v 0.21807790 0.04496574 -0.26495826
v 0.21816570 0.03498881 -0.26495826
v 0.21926323 0.03498881 -0.25494570
v 0.21987785 0.03498881 -0.24901721
v 0.22040467 0.02496652 -0.24427441
v 0.22036077 0.01498958 -0.24374744
v 0.21983394 0.01498958 -0.24875373
v 0.12496305 0.19316861 -0.42496175
v 0.14028463 0.19003949 -0.44017822
v 0.22027296 0.00496729 -0.24275935
v 0.21965834 -0.00496429 -0.24644819
v 0.22014126 -0.00496429 -0.24150778
v 0.21921933 -0.02496352 -0.24499902
v 0.21992175 -0.01834246 -0.23907050
v 0.21983394 -0.02496352 -0.23716022
v 0.21965834 -0.03430556 -0.23426184
v 0.21904372 -0.04496274 -0.23498644
v 0.21777058 -0.06496197 -0.23498644
v 0.21820959 -0.06496197 -0.22497387
v 0.21856080 -0.06496197 -0.21496131
v 0.21882421 -0.06496197 -0.20494874
v 0.22018516 -0.05230940 -0.19493617
v 0.22027296 -0.05321639 -0.18498947
v 0.22101928 -0.04496274 -0.17497690
v 0.21913153 -0.06496197 0.06499538
v 0.21908763 -0.06496197 0.09496722
v 0.21974614 -0.05720717 0.11499235
v 0.21799009 -0.07498425 0.12493905
v 0.21583892 -0.08496119 0.16498932
v 0.21544380 -0.08745543 0.16749248
v 0.21434627 -0.09498348 0.16749248
v 0.22101928 -0.04496274 -0.02505186
v 0.21926323 -0.06496197 -0.03506443
v 0.21983394 -0.05815951 -0.00502673
v 0.21917543 -0.06496197 0.03495768
v -0.22418471 -0.03498581 -0.17497690
v -0.22414081 -0.03498581 -0.18498947
v -0.22414081 -0.01498658 -0.19493617
v -0.22427250 -0.00496429 -0.19493617
v -0.22436032 0.00496729 -0.19493617
v -0.22313108 0.01498958 -0.22497387
v -0.22396520 0.01498958 -0.20494874
v -0.22269206 0.01498958 -0.23498644
v -0.22198963 0.02496652 -0.24499902
v -0.22023357 0.03498881 -0.26245514
v -0.22190183 0.03498881 -0.24499902
v -0.22172622 0.04496574 -0.24499902
v -0.22010188 0.05145075 -0.26126945
v -0.21957506 0.05485198 -0.26476067
v -0.22422861 -0.03498581 -0.06503627
v -0.22242865 -0.02496352 0.16749248
v -0.22256035 -0.02496352 0.16498932
v -0.22295547 -0.02496352 0.15497676
v -0.22409691 -0.02496352 0.12493905
v -0.22427250 -0.02496352 0.11499235
v -0.22431640 -0.02496352 0.08495465
v -0.22440422 -0.02496352 -0.01503929
v -0.22212134 0.06496496 -0.15501764
v -0.22216524 0.06496496 -0.12504581
v -0.22220914 0.06496496 -0.09500810
v -0.22229694 0.06496496 -0.02505186
v -0.22207744 0.06496496 -0.17497690
v -0.22234085 0.06496496 0.06499538
v -0.22234085 0.06496496 0.11499235
v -0.22080430 0.07253837 0.12493905
v -0.21913604 0.07725474 0.13495162
v -0.21571174 0.08496419 0.16749248
v -0.08668555 0.22264592 0.16749248
v -0.08497340 0.22328083 0.16498932
v -0.08497340 0.22337152 0.12493905
v -0.08497340 0.22337152 0.06499538
v -0.08497340 0.22332618 -0.04501113
v -0.09155861 0.22078659 0.01499841
v -0.09138300 0.22069590 -0.18498947
v -0.09138300 0.22065054 -0.21496131
v -0.09133910 0.22060519 -0.23498644
v -0.09129520 0.22055985 -0.24499902
v -0.09120740 0.22046915 -0.25494570
v -0.09098789 0.22033310 -0.26495826
v -0.08497340 0.22323547 -0.14500506
v -0.08497340 0.22319013 -0.18498947
v -0.22119941 0.05498803 -0.24499902
v -0.22234085 0.04496574 -0.23498644
v -0.22343838 0.04496574 -0.20494874
v -0.22378959 0.04496574 -0.19493617
v -0.22405300 0.04496574 -0.18498947
v -0.22414081 0.04496574 -0.17497690
v -0.22335058 0.05498803 -0.17497690
v -0.22203353 0.06496496 -0.18498947
v 0.10498791 0.20010713 -0.39051062
v -0.08497340 0.21312249 -0.32496780
v -0.08497340 0.21008407 -0.34038192
v -0.08497340 0.21675047 -0.30494267
v -0.08497340 0.21502718 -0.31495523
v -0.08497340 0.22296338 -0.23498644
v -0.07496388 0.22523086 -0.23498644
v -0.06499827 0.22559366 -0.24499902
v -0.06499827 0.22613786 -0.23498644
v -0.06499827 0.22477737 -0.25494570
v -0.06499827 0.22391573 -0.26495826
v -0.06499827 0.22260058 -0.27497083
v -0.07496388 0.21987960 -0.28933096
v 0.10854392 0.20944916 -0.31495523
v 0.12873857 0.19947222 -0.36495221
v 0.08957852 0.21983425 0.16498932
v 0.08957852 0.21983425 0.16749248
v 0.09497839 0.21679582 0.16749248
v 0.10288065 0.21194340 0.16749248
v 0.10788541 0.20849682 0.16749248
v 0.11271456 0.20473279 0.16749248
v 0.11433890 0.20346300 0.16749248
v 0.11934367 0.19942687 0.16749248
v 0.12878247 0.19126393 0.16749248
v 0.13137265 0.18899643 0.16749248
v 0.13510427 0.18564056 0.16749248
v 0.13927490 0.18187654 0.16749248
v 0.14063583 0.18060674 0.16749248
v 0.10498791 0.20804332 -0.34499294
v 0.09497839 0.21221550 -0.32496780
v 0.08049094 0.22010635 -0.28096521
v 0.10252944 0.21076430 -0.32496780
v 0.10353917 0.21121781 -0.31495523
v 0.14186507 0.17938229 0.16749248
v 0.15060146 0.17058446 0.16749248
v 0.15929393 0.16178662 0.16749248
v 0.16052318 0.16051681 0.16749248
v 0.16210362 0.15879352 0.16749248
v 0.16565964 0.15475741 0.16749248
v 0.16991806 0.14990498 0.16749248
v 0.17518623 0.14337462 0.16749248
v 0.18291287 0.13366979 0.16749248
v 0.18787374 0.12704873 0.16749248
v 0.21434627 0.08496419 0.12493905
v 0.21439017 0.08496419 0.11499235
v 0.21439017 0.08496419 0.10497978
v 0.21373165 0.08496419 0.16749248
v 0.21395116 0.08496419 0.15497676
v 0.21425848 0.08496419 0.13495162
v 0.20877080 0.09666442 -0.28498340
v 0.21417066 0.08496419 -0.17497690
v 0.21412677 0.08496419 -0.18498947
v 0.21074636 0.09181200 -0.27497083
v 0.21052685 0.09167595 -0.28498340
v 0.21289752 0.08496419 -0.27497083
v 0.21561942 0.07498726 -0.26495826
v 0.21842910 0.06496496 -0.24499902
v 0.21689256 0.06496496 -0.26495826
v 0.21588282 0.06496496 -0.27497083
v 0.21763888 0.05498803 -0.26495826
v 0.21979004 0.04496574 -0.24802913
v 0.22027296 0.04496574 -0.24308872
v 0.22036077 0.03498881 -0.24401093
v 0.22110708 0.02496652 -0.23498644
v 0.22101928 0.01498958 -0.23498644
v 0.10498791 0.20119551 -0.38497734
v 0.11899246 0.19992572 -0.38978601
v 0.08496888 0.21634232 -0.30494267
v 0.10498791 0.20314555 -0.37496477
v 0.09089556 0.21003871 -0.34025013
v 0.08496888 0.21303178 -0.32496780
v 0.08496888 0.21475507 -0.31495523
v 0.22079977 0.00496729 -0.23498644
v 0.22053637 -0.00496429 -0.23498644
v 0.22022906 -0.01498658 -0.23544756
v 0.22009735 -0.02496352 -0.23215394
v 0.22000955 -0.03049618 -0.23044126
v 0.22053637 -0.03498581 -0.21496131
v 0.22000955 -0.04033707 -0.22049457
v 0.22014126 -0.04233246 -0.21496131
v 0.22036077 -0.04564299 -0.20540984
v 0.22079977 -0.04496274 -0.19493617
v 0.22097538 -0.04496274 -0.18498947
v 0.22176561 -0.03498581 -0.17497690
v 0.22018516 -0.05217335 0.11499235
v 0.22009735 -0.05140240 0.12322637
v 0.22022906 -0.05258150 0.06499538
v 0.22084367 -0.04496274 0.10497978
v 0.22049247 -0.04596044 0.12592712
v 0.21680476 -0.07498425 0.16498932
v 0.21649744 -0.07747849 0.16749248
v 0.21575111 -0.08496119 0.16749248
v 0.22176561 -0.03498581 -0.01503929
v 0.22093149 -0.04496274 0.04497024
v -0.22436032 -0.02496352 -0.14500506
v -0.22449201 -0.01498658 -0.14500506
v -0.22471152 0.00496729 -0.17497690
v -0.22440422 -0.02496352 -0.06503627
v -0.22440422 -0.01498658 -0.18498947
v -0.22453591 -0.00496429 -0.18498947
v -0.22462372 0.00496729 -0.18498947
v -0.22466762 0.01498958 -0.18498947
v -0.22436032 0.01498958 -0.19493617
v -0.22264816 0.02496652 -0.23498644
v -0.22431640 0.02496652 -0.19493617
v -0.22251645 0.03498881 -0.23498644
v -0.22260426 -0.00247006 0.16749248
v -0.22282377 0.00496729 0.16498932
v -0.22409691 0.00496729 0.13495162
v -0.22449201 0.00496729 0.12493905
v -0.22466762 0.00496729 0.11499235
v -0.22471152 0.00496729 0.08495465
v -0.22453591 -0.01498658 -0.01503929
v -0.22339448 0.05498803 -0.15501764
v -0.22343838 0.05498803 -0.12504581
v -0.22348228 0.05498803 -0.08506140
v -0.22352618 0.05498803 -0.04501113
v -0.22348228 0.05498803 0.11499235
v -0.22220914 0.06496496 0.12493905
v -0.22352618 0.05498803 0.06499538
v -0.22067259 0.07226627 0.13495162
v -0.21896043 0.07648379 0.15497676
v -0.21904825 0.07689194 0.14496419
v -0.21808241 0.07825243 0.16749248
v -0.08497340 0.22323547 0.16749248
v -0.07496388 0.22545761 0.16498932
v -0.07496388 0.22572972 0.12493905
v -0.07496388 0.22577506 0.11499235
v -0.07496388 0.22577506 -0.07504883
v -0.07496388 0.22572972 -0.12504581
v -0.07496388 0.22568436 -0.16503021
v -0.07496388 0.22563902 -0.18498947
v -0.22409691 0.03498881 -0.19493617
v -0.22436032 0.03498881 -0.18498947
v -0.22444811 0.03498881 -0.17497690
v -0.22449201 0.03498881 -0.14500506
v -0.22418471 0.04496574 -0.13505837
v 0.08496888 0.21008407 -0.34038192
v -0.07496388 0.21706791 -0.30494267
v -0.07496388 0.21511787 -0.31495523
v -0.07496388 0.21888191 -0.29499596
v -0.07496388 0.22554831 -0.20494874
v -0.07496388 0.22545761 -0.21496131
v -0.06499827 0.22659135 -0.21496131
v -0.06499827 0.22640996 -0.22497387
v -0.01552140 0.23040073 -0.19579251
v -0.00498507 0.23071818 -0.19493617
v -0.05498875 0.22577506 -0.24499902
v -0.02496020 0.23021933 -0.19335523
v -0.03071128 0.23003793 -0.19144495
v -0.05498875 0.22396107 -0.26495826
v -0.00498507 0.23012863 -0.20165512
v -0.00498507 0.22894955 -0.21496131
v -0.01499458 0.22699951 -0.23498644
v 0.05498423 0.22260058 -0.27497083
v -0.06499827 0.22087729 -0.28471991
v 0.10880733 0.20944916 -0.30494267
v 0.09497839 0.21561672 -0.28498340
v 0.08760297 0.21910866 -0.26495826
v 0.08795417 0.21919936 -0.25494570
v 0.08935902 0.21974355 0.09496722
v 0.08356404 0.22142150 -0.15501764
v 0.08369574 0.22146684 -0.11503324
v 0.08584691 0.22128543 0.16749248
v 0.07495936 0.22164823 -0.27497083
v 0.08154457 0.22046915 -0.27497083
v 0.08259820 0.22087729 -0.26495826
v 0.21829739 0.07521401 0.11499235
v 0.21829739 0.07521401 0.03495768
v 0.21825349 0.07521401 -0.03506443
v 0.21825349 0.07512330 -0.08506140
v 0.21715596 0.07498726 0.16749248
v 0.21724376 0.07498726 0.16498932
v 0.21755107 0.07498726 0.15497676
v 0.21807790 0.07498726 0.13495162
v 0.21860471 0.07408026 0.12513667
v 0.21812180 0.07498726 -0.18498947
v 0.21820959 0.07498726 -0.16503021
v 0.21324874 0.08496419 -0.26495826
v 0.21992175 0.06968134 -0.18498947
v 0.21654135 0.07498726 -0.24499902
v 0.21614623 0.07498726 -0.25494570
v 0.22014126 0.05140540 -0.24157366
v 0.21895592 0.06496496 -0.23498644
v 0.22031686 0.05294729 -0.23498644
v 0.22075588 0.04496574 -0.23498644
v 0.22097538 0.03498881 -0.23498644
v 0.22312655 0.02496652 -0.19493617
v 0.22255583 0.01498958 -0.20494874
v 0.07495936 0.21865515 -0.29499596
v 0.07495936 0.21974355 -0.28807941
v 0.07495936 0.22051449 -0.28307313
v 0.07495936 0.21511787 -0.31495523
v 0.07495936 0.21697721 -0.30494267
v 0.22233632 0.00496729 -0.20494874
v 0.22075588 -0.01498658 -0.22497387
v 0.22044857 -0.02496352 -0.22497387
v 0.22093149 -0.02496352 -0.21496131
v 0.22185341 -0.02496352 -0.19493617
v 0.22141440 -0.03498581 -0.19493617
v 0.22172171 -0.03498581 -0.18498947
v 0.22224852 -0.02496352 -0.17497690
v 0.22079977 -0.04496274 0.11499235
v 0.22159000 -0.03498581 0.11499235
v 0.22137049 -0.03498581 0.12493905
v 0.21671695 -0.07498425 0.16749248
v 0.22224852 -0.02496352 -0.00502673
v 0.22167781 -0.03498581 0.05498281
v -0.22462372 -0.00496429 -0.14500506
v -0.22453591 -0.01498658 -0.06503627
v -0.22475542 0.01498958 -0.15501764
v -0.22471152 0.01498958 -0.17497690
v -0.22475542 0.00496729 -0.11503324
v -0.22466762 0.02496652 -0.16503021
v -0.22457981 0.02496652 -0.18498947
v -0.22264816 0.00496729 0.16749248
v -0.22286767 0.01498958 0.16498932
v -0.22330667 0.01498958 0.15497676
v -0.22414081 0.01498958 0.13495162
v -0.22453591 0.01498958 0.12493905
v -0.22471152 0.01498958 0.11499235
v -0.22475542 0.01498958 0.07494208
v -0.22475542 0.00496729 0.03495768
v -0.22466762 -0.00496429 -0.01503929
v -0.22479932 0.00496729 -0.02505186
v -0.22422861 0.04496574 -0.09500810
v -0.22427250 0.04496574 -0.04501113
v -0.22422861 0.04496574 0.09496722
v -0.22418471 0.04496574 0.11499235
v -0.22335058 0.05498803 0.12493905
v -0.22133112 0.06496496 0.15497676
v -0.22023357 0.07086043 0.16749248
v -0.22027749 0.07104183 0.16498932
v -0.22040918 0.07149532 0.15497676
v -0.22054090 0.07190347 0.14496419
v -0.22427250 0.04496574 0.00498584
v -0.21887264 0.07603030 0.16498932
v -0.21887264 0.07562215 0.16749248
v -0.07496388 0.22541226 0.16749248
v -0.03132590 0.23012863 0.12184307
v -0.03703308 0.22972049 0.11499235
v -0.05498875 0.22799720 0.11499235
v -0.06499827 0.22695415 0.11499235
v -0.06499827 0.22699951 0.08495465
v -0.06499827 0.22704485 0.01499841
v -0.06499827 0.22704485 -0.05502369
v -0.06499827 0.22695415 -0.15501764
v -0.06499827 0.22690880 -0.17497690
v -0.06499827 0.22686346 -0.18498947
v -0.22457981 0.03498881 -0.04501113
v -0.01499458 0.21897261 -0.29499596
v 0.06499375 0.21706791 -0.30494267
v -0.06499827 0.22681810 -0.19493617
v -0.05498875 0.22781579 -0.19493617
v -0.03145760 0.23012863 -0.18498947
v -0.01499458 0.23103563 -0.18498947
v -0.00498507 0.23130773 -0.18498947
v 0.00498055 0.23012863 -0.20172100
v 0.00498055 0.23071818 -0.19493617
v -0.02496020 0.23058213 -0.18498947
v 0.05498423 0.22396107 -0.26495826
v -0.00498507 0.22704485 -0.23498644
v 0.00498055 0.22609250 -0.24499902
v 0.00498055 0.22894955 -0.21496131
v 0.06499375 0.22246453 -0.27497083
v 0.06499375 0.22083195 -0.28471991
v 0.05498423 0.22087729 -0.28471991
v 0.08808587 0.21924470 -0.24499902
v 0.08826149 0.21929005 -0.22497387
v 0.08852489 0.21938075 -0.16503021
v 0.08883220 0.21951680 -0.07504883
v 0.08294941 0.22110404 -0.25494570
v 0.08312502 0.22124009 -0.24499902
v 0.07495936 0.22414248 -0.18498947
v 0.07495936 0.22418782 -0.16503021
v 0.07495936 0.22423317 -0.14500506
v 0.08330063 0.22133079 -0.21496131
v 0.08387134 0.22151218 -0.06503627
v 0.08426645 0.22164823 0.06499538
v 0.08448596 0.22173893 0.14496419
v 0.08457377 0.22173893 0.16498932
v 0.08457377 0.22173893 0.16749248
v 0.06499375 0.22359827 -0.26495826
v 0.07495936 0.22255524 -0.26495826
v 0.07495936 0.22309943 -0.25494570
v 0.07495936 0.22355293 -0.24499902
v 0.22005345 0.07013483 0.12197480
v 0.22005345 0.07022554 0.11499235
v 0.22005345 0.07022554 -0.02505186
v 0.22005345 0.07018019 -0.05502369
v 0.22000955 0.07004414 -0.13505837
v 0.21926323 0.06446612 0.16749248
v 0.21943884 0.06428472 0.16492346
v 0.21952663 0.06650686 0.15497676
v 0.21970224 0.06786735 0.14496419
v 0.21983394 0.06904645 0.13495162
v 0.21992175 0.06972669 0.12862790
v 0.21996565 0.06990809 -0.17497690
v 0.21983394 0.06881969 -0.19493617
v 0.22071198 0.06491962 -0.17497690
v 0.22066808 0.06464752 -0.18498947
v 0.22259973 0.04496574 -0.19493617
v 0.22053637 0.06383123 -0.19493617
v 0.22172171 0.05498803 -0.19493617
v 0.22295095 0.03498881 -0.19493617
v 0.22246803 0.03498881 -0.20494874
v 0.22347777 0.02496652 -0.18498947
v 0.22303875 0.01498958 -0.19493617
v 0.06499375 0.21992494 -0.28972620
v 0.22281924 0.00496729 -0.19493617
v 0.22220463 -0.01498658 -0.19493617
v 0.22216073 -0.02496352 -0.18498947
v 0.22251193 -0.01498658 -0.18498947
v 0.22317046 0.00496729 -0.18498947
v 0.22290705 -0.00496429 -0.17497690
v 0.22325826 0.00496729 -0.16503021
v 0.22259973 -0.01498658 -0.13505837
v 0.22211681 -0.02496352 0.09496722
v 0.22207291 -0.02496352 0.11499235
v 0.22216073 -0.02496352 0.06499538
v 0.22185341 -0.02496352 0.12493905
v 0.22093149 -0.03498581 0.13495162
v 0.21856080 -0.04745698 0.16749248
v 0.21996565 -0.03956613 0.14944351
v 0.22330216 0.00496729 -0.03506443
v 0.22325826 0.00496729 0.00498584
v 0.22317046 0.00496729 0.08495465
v 0.22281924 -0.00496429 0.09496722
v -0.22466762 -0.00496429 -0.06503627
v -0.22479932 0.00496729 -0.05502369
v -0.22471152 0.02496652 -0.11503324
v -0.22484322 0.01498958 -0.03506443
v -0.22269206 0.01498958 0.16749248
v -0.22269206 0.02496652 0.16749248
v -0.22282377 0.02496652 0.16498932
v -0.22326277 0.02496652 0.15497676
v -0.22409691 0.02496652 0.13495162
v -0.22449201 0.02496652 0.12493905
v -0.22466762 0.02496652 0.11499235
v -0.22479932 0.01498958 0.02494511
v -0.22449201 0.03498881 0.11499235
v -0.22457981 0.03498881 -0.00502673
v -0.22453591 0.03498881 0.07494208
v -0.22400910 0.04496574 0.12493905
v -0.22198963 0.05498803 0.16498932
v -0.22093600 0.06514636 0.16749248
v -0.06499827 0.22609250 0.16749248
v -0.02491630 0.23031004 0.12507078
v -0.01499458 0.23080888 0.12493905
v -0.02496020 0.23071818 0.11499235
v -0.03202832 0.23017399 0.11499235
v -0.03229173 0.23021933 0.05498281
v -0.03755990 0.22976583 -0.00502673
v -0.04497923 0.22899489 0.07494208
v -0.05498875 0.22804254 0.06499538
v -0.05498875 0.22808790 0.00498584
v -0.05498875 0.22808790 -0.05502369
v -0.05498875 0.22799720 -0.15501764
v -0.05498875 0.22795185 -0.17497690
v -0.05498875 0.22790650 -0.18498947
v -0.22475542 0.02496652 -0.05502369
v 0.01499006 0.21897261 -0.29499596
v -0.04497923 0.22885884 -0.18498947
v -0.03189662 0.23017399 -0.17497690
v -0.02496020 0.23067284 -0.17497690
v -0.01499458 0.23117168 -0.17497690
v 0.00498055 0.23130773 -0.18498947
v -0.00498507 0.23144378 -0.17497690
v 0.05498423 0.22577506 -0.24499902
v 0.01560468 0.23040073 -0.19585837
v 0.01499006 0.22699951 -0.23498644
v 0.08321282 0.22128543 -0.23498644
v 0.07495936 0.22377968 -0.23498644
v 0.07495936 0.22391573 -0.22497387
v 0.06499375 0.22640996 -0.18498947
v 0.06499375 0.22645530 -0.17497690
v 0.07495936 0.22405177 -0.20494874
v 0.07495936 0.22441457 -0.04501113
v 0.07495936 0.22445992 -0.01503929
v 0.07495936 0.22450528 0.02494511
v 0.07495936 0.22459596 0.10497978
v 0.07495936 0.22445992 0.16749248
v 0.07495936 0.22459596 0.12493905
v 0.06499375 0.22523086 -0.24499902
v 0.06499375 0.22568436 -0.23498644
v 0.22062418 0.06582661 0.12513667
v 0.22088759 0.06496496 0.11499235
v 0.22088759 0.06496496 -0.02505186
v 0.22005345 0.07013483 -0.06503627
v 0.22075588 0.06496496 -0.13505837
v 0.22084367 0.06496496 -0.06503627
v 0.21979004 0.06033930 0.16749248
v 0.22005345 0.06052070 0.16156396
v 0.22018516 0.06151839 0.15497676
v 0.22040467 0.06287888 0.14496419
v 0.21992175 0.05929625 0.16749248
v 0.22058026 0.06405798 0.13495162
v 0.22202902 0.05498803 -0.18498947
v 0.22211681 0.05498803 -0.17497690
v 0.22290705 0.04496574 -0.18498947
v 0.22330216 0.03498881 -0.18498947
v 0.22338995 0.03498881 -0.17497690
v 0.22356556 0.02496652 -0.16503021
v 0.22347777 0.01498958 -0.17497690
v 0.22338995 0.01498958 -0.18498947
v 0.22352166 0.01498958 -0.10502066
v 0.22330216 0.00496729 -0.05502369
v 0.22246803 -0.01498658 0.09496722
v 0.22312655 0.00496729 0.11499235
v 0.22290705 0.00496729 0.12493905
v 0.22141440 -0.02496352 0.13495162
v 0.22000955 -0.03031478 0.16044414
v 0.22014126 -0.03244622 0.15497676
v 0.21921933 -0.03743469 0.16749248
v 0.21983394 -0.03743469 0.15497676
v 0.22352166 0.01498958 -0.00502673
v 0.22347777 0.01498958 0.04497024
v 0.22343387 0.01498958 0.08495465
v -0.22475542 0.02496652 -0.00502673
v -0.22256035 0.03498881 0.16749248
v -0.22269206 0.03498881 0.16498932
v -0.22313108 0.03498881 0.15497676
v -0.22431640 0.03498881 0.12493905
v -0.22365789 0.04496574 0.13495162
v -0.22291157 0.04496574 0.15497676
v -0.22251645 0.04496574 0.16498932
v -0.22185794 0.05498803 0.16749248
v -0.22163843 0.05752762 0.16749248
v -0.05749113 0.22631925 0.16749248
v -0.00498507 0.23108098 0.12493905
v -0.00498507 0.23148912 0.11499235
v -0.01499458 0.23117168 0.11499235
v -0.01499458 0.23121703 0.09496722
v -0.02496020 0.23080888 0.01499841
v -0.03246734 0.23021933 0.01499841
v -0.04497923 0.22904024 0.01499841
v -0.03764770 0.22976583 -0.02505186
v -0.03764770 0.22976583 -0.03506443
v -0.03755990 0.22976583 -0.05502369
v -0.03707698 0.22972049 -0.14500506
v -0.02496020 0.23071818 -0.15501764
v -0.03233563 0.23021933 -0.09500810
v -0.02496020 0.23080888 -0.06503627
v -0.00498507 0.23148912 -0.15501764
v -0.01499458 0.23121703 -0.13505837
v 0.01499006 0.23103563 -0.18498947
v 0.00498055 0.23144378 -0.17497690
v 0.05498423 0.22645530 -0.23498644
v 0.02499958 0.22990188 -0.19829565
v 0.02499958 0.23021933 -0.19328937
v 0.06499375 0.22591111 -0.22497387
v 0.06499375 0.22631925 -0.19493617
v 0.05498423 0.22786115 -0.18498947
v 0.05498423 0.22790650 -0.17497690
v 0.06499375 0.22663671 -0.04501113
v 0.06499375 0.22591111 0.16498932
v 0.06499375 0.22582041 0.16749248
v 0.06499375 0.22659135 0.11499235
v 0.06499375 0.22650066 0.12493905
v 0.06499375 0.22663671 0.00498584
v 0.05498423 0.22749835 -0.20494874
v 0.03070676 0.23003793 -0.19131319
v 0.22207291 0.05498803 0.12493905
v 0.22224852 0.05498803 0.11499235
v 0.22224852 0.05498803 -0.06503627
v 0.22132659 0.05498803 0.14496419
v 0.22172171 0.05498803 0.13495162
v 0.22000955 0.05834391 0.16749248
v 0.22040467 0.05548688 0.16492346
v 0.22303875 0.04496574 -0.14500506
v 0.22299485 0.04496574 -0.17497690
v 0.22308265 0.04496574 -0.10502066
v 0.22343387 0.03498881 -0.12504581
v 0.22347777 0.03498881 -0.07504883
v 0.22365336 0.02496652 -0.03506443
v 0.22338995 0.01498958 0.11499235
v 0.22317046 0.01498958 0.12493905
v 0.22242413 0.00496729 0.13495162
v 0.21987785 -0.02401117 0.16749248
v 0.21983394 -0.02496352 0.16749248
v 0.21939494 -0.03444161 0.16749248
v 0.22360946 0.02496652 0.02494511
v 0.22356556 0.02496652 0.07494208
v 0.22352166 0.02496652 0.11499235
v -0.22238475 0.04496574 0.16749248
v -0.04748161 0.22654600 0.16749248
v -0.00498507 0.23035538 0.13389766
v 0.00498055 0.23108098 0.12493905
v 0.00498055 0.23153448 0.07494208
v -0.00498507 0.23157983 0.01499841
v 0.00498055 0.23148912 0.11499235
v -0.01499458 0.23126237 0.04497024
v -0.01499458 0.23130773 -0.01503929
v -0.03264294 0.23021933 -0.02505186
v -0.03264294 0.23021933 -0.03506443
v -0.03255514 0.23021933 -0.05502369
v -0.01499458 0.23126237 -0.09500810
v -0.01499458 0.23130773 -0.04501113
v 0.00498055 0.23148912 -0.15501764
v -0.00498507 0.23157983 -0.06503627
v 0.00498055 0.23162517 -0.03506443
v 0.01499006 0.23117168 -0.17497690
v 0.02499958 0.23058213 -0.18498947
v 0.05498423 0.22772510 -0.19493617
v 0.04497471 0.22885884 -0.18498947
v 0.03698466 0.22972049 -0.17497690
v 0.04497471 0.22894955 -0.16503021
v 0.05498423 0.22799720 -0.08506140
v 0.05498423 0.22804254 -0.03506443
v 0.05498423 0.22777045 0.12493905
v 0.03140919 0.23012863 0.12184307
v 0.05498423 0.22636461 0.16749248
v 0.02499958 0.23035538 0.12513667
v 0.05498423 0.22795185 0.10497978
v 0.05498423 0.22790650 0.11499235
v 0.05498423 0.22804254 -0.02505186
v 0.05498423 0.22799720 0.04497024
v 0.03149699 0.23012863 -0.18498947
v 0.03650175 0.22967514 -0.18498947
v 0.22286314 0.04496574 0.12493905
v 0.22308265 0.04496574 0.11499235
v 0.22312655 0.04496574 0.03495768
v 0.22312655 0.04496574 -0.05502369
v 0.22088759 0.05498803 0.15497676
v 0.22246803 0.04496574 0.13495162
v 0.22031686 0.05453453 0.16749248
v 0.22088759 0.04496574 0.16749248
v 0.22101928 0.04496574 0.16498932
v 0.22347777 0.03498881 0.04497024
v 0.22343387 0.03498881 0.11499235
v 0.22330216 0.02496652 0.12493905
v 0.22268754 0.01498958 0.13495162
v 0.22084367 0.00496729 0.16498932
v 0.22088759 0.01213255 0.16749248
v -0.02746258 0.22695415 0.16749248
v 0.00498055 0.23035538 0.13389766
v -0.01499458 0.22740765 0.16498932
v -0.00498507 0.22754370 0.16498932
v 0.01499006 0.23080888 0.12493905
v 0.01499006 0.23021933 0.13244846
v 0.00498055 0.23157983 0.02494511
v 0.01499006 0.23121703 0.11499235
v 0.01499006 0.23121703 -0.15501764
v 0.01499006 0.23130773 -0.06503627
v 0.01499006 0.23126237 -0.11503324
v 0.01499006 0.23130773 0.01499841
v 0.02499958 0.23067284 -0.17497690
v 0.02499958 0.23071818 -0.16503021
v 0.03197990 0.23017399 -0.17497690
v 0.03237502 0.23021933 -0.10502066
v 0.03746758 0.22976583 -0.08506140
v 0.04497471 0.22904024 -0.07504883
v 0.03773098 0.22976583 -0.03506443
v 0.04497471 0.22894955 0.11499235
v 0.03711636 0.22972049 0.11499235
v 0.03211161 0.23017399 0.11499235
v 0.02499958 0.23071818 0.11499235
v 0.04497471 0.22659135 0.16749248
v 0.04497471 0.22904024 0.01499841
v 0.04497471 0.22899489 0.07494208
v 0.03773098 0.22976583 -0.02505186
v 0.22321436 0.03498881 0.12493905
v 0.22277534 0.03498881 0.13495162
v 0.22106318 0.03498881 0.16749248
v 0.22123879 0.03498881 0.16498932
v 0.22176561 0.03498881 0.15497676
v 0.22233632 0.02496652 0.14496419
v 0.22110708 0.01498958 0.16498932
v 0.22110708 0.02496652 0.16749248
v 0.22128269 0.02496652 0.16498932
v -0.01499458 0.22718090 0.16749248
v 0.00498055 0.22754370 0.16498932
v 0.01248769 0.22722626 0.16749248
v 0.01499006 0.22740765 0.16498932
v 0.02499958 0.22699951 0.16749248
v -0.00498507 0.22731695 0.16749248
v 0.02499958 0.23076352 0.08495465
v 0.02499958 0.23085423 -0.03506443
v 0.02499958 0.23080888 -0.08506140
v 0.02499958 0.23080888 0.03495768
v 0.02499958 0.23085423 -0.02505186
v 0.03250672 0.23021933 -0.08506140
v 0.03755538 0.22976583 -0.07504883
v 0.03272622 0.23021933 -0.04501113
v 0.03746758 0.22976583 0.03495768
v 0.03233111 0.23021933 0.06499538
v 0.03755538 0.22976583 0.01499841
v 0.03272622 0.23021933 -0.02505186
v 0.00498055 0.22731695 0.16749248
v 0.03255062 0.23021933 0.01499841
f 1 2 9
f 1 9 3
f 1 3 12
f 1 12 4
f 1 4 5
f 1 5 6
f 1 6 7
f 1 7 2
f 2 8 21
f 2 21 9
f 2 7 19
f 2 19 8
f 3 9 10
f 3 10 11
f 3 11 12
f 4 12 29
f 4 29 13
f 4 13 16
f 4 16 5
f 5 14 15
f 5 15 6
f 5 16 14
f 6 15 17
f 6 17 18
f 6 18 7
f 7 18 19
f 8 20 44
f 8 44 21
f 8 19 41
f 8 41 20
f 9 21 10
f 10 22 23
f 10 23 24
f 10 24 25
f 10 25 26
f 10 26 11
f 10 21 22
f 11 26 50
f 11 50 27
f 11 27 12
f 12 27 28
f 12 28 29
f 13 30 34
f 13 34 16
f 13 29 31
f 13 31 30
f 14 32 33
f 14 33 15
f 14 16 34
f 14 34 32
f 15 33 35
f 15 35 17
f 17 35 36
f 17 36 37
f 17 37 38
f 17 38 18
f 18 38 75
f 18 75 39
f 18 39 40
f 18 40 19
f 19 40 41
f 20 42 43
f 20 43 44
f 20 41 79
f 20 79 42
f 21 44 22
f 22 45 23
f 22 44 45
f 23 45 46
f 23 46 24
f 24 46 47
f 24 47 48
f 24 48 49
f 24 49 25
f 25 49 51
f 25 51 26
f 26 51 92
f 26 92 50
f 27 50 52
f 27 52 28
f 28 52 53
f 28 53 54
f 28 54 31
f 28 31 29
f 30 55 56
f 30 56 57
f 30 57 63
f 30 63 34
f 30 31 55
f 31 54 58
f 31 58 55
f 32 59 60
f 32 60 110
f 32 110 61
f 32 61 33
f 32 34 59
f 33 61 62
f 33 62 36
f 33 36 35
f 34 63 64
f 34 64 65
f 34 65 66
f 34 66 59
f 36 62 67
f 36 67 68
f 36 68 69
f 36 69 70
f 36 70 37
f 37 70 71
f 37 71 38
f 38 71 72
f 38 72 73
f 38 73 74
f 38 74 75
f 39 75 76
f 39 76 77
f 39 77 40
f 40 77 41
f 41 77 78
f 41 78 79
f 42 79 133
f 42 133 80
f 42 80 81
f 42 81 82
f 42 82 43
f 43 82 83
f 43 83 45
f 43 45 44
f 45 83 84
f 45 84 46
f 46 84 85
f 46 85 47
f 47 86 87
f 47 87 48
f 47 85 86
f 48 87 88
f 48 88 89
f 48 89 49
f 49 89 90
f 49 90 91
f 49 91 51
f 50 92 93
f 50 93 52
f 51 91 94
f 51 94 95
f 51 95 96
f 51 96 97
f 51 97 92
f 52 93 98
f 52 98 53
f 53 99 58
f 53 58 54
f 53 98 100
f 53 100 101
f 53 101 99
f 55 102 56
f 55 58 103
f 55 103 102
f 56 102 57
f 57 104 63
f 57 102 104
f 58 99 105
f 58 105 106
f 58 106 103
f 59 66 107
f 59 107 108
f 59 108 60
f 60 108 109
f 60 109 110
f 61 111 62
f 61 110 112
f 61 112 113
f 61 113 111
f 62 111 67
f 63 104 107
f 63 107 64
f 64 107 65
f 65 107 66
f 67 111 114
f 67 114 68
f 68 70 69
f 68 114 115
f 68 115 70
f 70 116 71
f 70 115 117
f 70 117 118
f 70 118 119
f 70 119 120
f 70 120 116
f 71 116 121
f 71 121 72
f 72 121 73
f 73 121 122
f 73 122 123
f 73 123 124
f 73 124 125
f 73 125 126
f 73 126 74
f 74 126 127
f 74 127 75
f 75 127 128
f 75 128 76
f 76 128 129
f 76 129 130
f 76 130 77
f 77 130 78
f 78 130 173
f 78 173 131
f 78 131 132
f 78 132 79
f 79 132 133
f 80 133 175
f 80 175 134
f 80 134 81
f 81 134 82
f 82 135 136
f 82 136 137
f 82 137 83
f 82 134 135
f 83 137 138
f 83 138 84
f 84 138 139
f 84 139 85
f 85 139 86
f 86 139 140
f 86 140 87
f 87 140 141
f 87 141 142
f 87 142 143
f 87 143 88
f 88 143 144
f 88 144 145
f 88 145 89
f 89 145 90
f 90 145 146
f 90 146 91
f 91 146 149
f 91 149 94
f 92 97 147
f 92 147 148
f 92 148 93
f 93 148 100
f 93 100 98
f 94 149 95
f 95 149 150
f 95 150 96
f 96 150 97
f 97 151 147
f 97 150 152
f 97 152 153
f 97 153 151
f 99 101 105
f 100 148 151
f 100 151 154
f 100 154 155
f 100 155 156
f 100 156 101
f 101 156 157
f 101 157 158
f 101 158 105
f 102 159 104
f 102 103 160
f 102 160 159
f 103 106 160
f 104 159 161
f 104 161 107
f 105 158 106
f 106 158 162
f 106 162 160
f 107 161 108
f 108 163 164
f 108 164 109
f 108 161 163
f 109 164 165
f 109 165 112
f 109 112 110
f 111 113 166
f 111 166 114
f 112 167 168
f 112 168 113
f 112 165 164
f 112 164 167
f 113 168 216
f 113 216 276
f 113 276 326
f 113 326 366
f 113 366 365
f 113 365 397
f 113 397 441
f 113 441 440
f 113 440 439
f 113 439 438
f 113 438 437
f 113 437 436
f 113 436 435
f 113 435 434
f 113 434 433
f 113 433 432
f 113 432 431
f 113 431 430
f 113 430 429
f 113 429 428
f 113 428 427
f 113 427 426
f 113 426 425
f 113 425 424
f 113 424 423
f 113 423 422
f 113 422 421
f 113 421 420
f 113 420 487
f 113 487 537
f 113 537 612
f 113 612 711
f 113 711 807
f 113 807 894
f 113 894 1009
f 113 1009 1177
f 113 1177 1176
f 113 1176 1327
f 113 1327 1326
f 113 1326 1441
f 113 1441 1558
f 113 1558 1649
f 113 1649 1716
f 113 1716 1715
f 113 1715 1714
f 113 1714 1769
f 113 1769 1804
f 113 1804 1799
f 113 1799 1762
f 113 1762 1761
f 113 1761 1703
f 113 1703 1631
f 113 1631 1627
f 113 1627 1527
f 113 1527 1407
f 113 1407 1282
f 113 1282 1135
f 113 1135 1134
f 113 1134 1133
f 113 1133 1132
f 113 1132 1131
f 113 1131 1129
f 113 1129 1128
f 113 1128 1127
f 113 1127 1278
f 113 1278 1277
f 113 1277 1276
f 113 1276 1275
f 113 1275 1274
f 113 1274 1273
f 113 1273 1272
f 113 1272 1271
f 113 1271 1270
f 113 1270 1269
f 113 1269 1263
f 113 1263 1262
f 113 1262 1261
f 113 1261 1260
f 113 1260 1259
f 113 1259 1258
f 113 1258 1257
f 113 1257 1256
f 113 1256 1255
f 113 1255 1254
f 113 1254 1253
f 113 1253 1252
f 113 1252 1399
f 113 1399 1517
f 113 1517 1617
f 113 1617 1692
f 113 1692 1747
f 113 1747 1793
f 113 1793 1810
f 113 1810 1808
f 113 1808 1824
f 113 1824 1811
f 113 1811 1806
f 113 1806 1770
f 113 1770 1721
f 113 1721 1664
f 113 1664 1582
f 113 1582 1474
f 113 1474 1360
f 113 1360 1214
f 113 1214 1079
f 113 1079 939
f 113 939 1068
f 113 1068 1067
f 113 1067 1066
f 113 1066 1065
f 113 1065 1064
f 113 1064 1063
f 113 1063 1062
f 113 1062 1061
f 113 1061 1060
f 113 1060 1059
f 113 1059 1058
f 113 1058 1057
f 113 1057 1056
f 113 1056 1055
f 113 1055 1054
f 113 1054 1053
f 113 1053 1052
f 113 1052 1051
f 113 1051 1050
f 113 1050 1049
f 113 1049 1048
f 113 1048 1047
f 113 1047 1046
f 113 1046 1045
f 113 1045 1044
f 113 1044 1043
f 113 1043 1042
f 113 1042 1041
f 113 1041 1040
f 113 1040 938
f 113 938 1078
f 113 1078 1213
f 113 1213 1359
f 113 1359 1473
f 113 1473 1467
f 113 1467 1581
f 113 1581 1663
f 113 1663 1662
f 113 1662 1720
f 113 1720 1655
f 113 1655 1569
f 113 1569 1568
f 113 1568 1451
f 113 1451 1342
f 113 1342 1197
f 113 1197 1030
f 113 1030 921
f 113 921 829
f 113 829 737
f 113 737 637
f 113 637 562
f 113 562 504
f 113 504 473
f 113 473 472
f 113 472 471
f 113 471 470
f 113 470 469
f 113 469 468
f 113 468 467
f 113 467 466
f 113 466 465
f 113 465 464
f 113 464 463
f 113 463 462
f 113 462 461
f 113 461 460
f 113 460 459
f 113 459 458
f 113 458 457
f 113 457 456
f 113 456 455
f 113 455 454
f 113 454 453
f 113 453 452
f 113 452 451
f 113 451 450
f 113 450 443
f 113 443 442
f 113 442 398
f 113 398 367
f 113 367 327
f 113 327 277
f 113 277 217
f 113 217 172
f 113 172 171
f 113 171 126
f 113 126 124
f 113 124 123
f 113 123 170
f 113 170 120
f 113 120 119
f 113 119 118
f 113 118 117
f 113 117 115
f 113 115 114
f 113 114 166
f 116 120 169
f 116 169 122
f 116 122 121
f 120 170 122
f 120 122 169
f 122 170 123
f 124 126 125
f 126 171 127
f 127 171 128
f 128 171 129
f 129 171 172
f 129 172 130
f 130 172 173
f 131 173 174
f 131 174 132
f 132 174 175
f 132 175 133
f 134 176 177
f 134 177 135
f 134 175 222
f 134 222 176
f 135 177 178
f 135 178 136
f 136 178 179
f 136 179 180
f 136 180 138
f 136 138 137
f 138 180 181
f 138 181 139
f 139 181 182
f 139 182 183
f 139 183 140
f 140 183 184
f 140 184 185
f 140 185 186
f 140 186 141
f 141 186 187
f 141 187 188
f 141 188 189
f 141 189 142
f 142 189 190
f 142 190 143
f 143 190 191
f 143 191 144
f 144 191 192
f 144 192 145
f 145 192 193
f 145 193 194
f 145 194 146
f 146 194 195
f 146 195 149
f 147 151 148
f 149 195 150
f 150 195 196
f 150 196 197
f 150 197 152
f 151 153 198
f 151 198 154
f 152 197 199
f 152 199 153
f 153 199 200
f 153 200 201
f 153 201 202
f 153 202 198
f 154 203 155
f 154 198 204
f 154 204 203
f 155 203 156
f 156 203 205
f 156 205 206
f 156 206 207
f 156 207 157
f 157 207 208
f 157 208 158
f 158 208 210
f 158 210 162
f 159 160 209
f 159 209 212
f 159 212 161
f 160 162 210
f 160 210 211
f 160 211 209
f 161 212 163
f 163 213 214
f 163 214 215
f 163 215 164
f 163 212 213
f 164 215 167
f 167 216 168
f 167 215 275
f 167 275 216
f 172 217 218
f 172 218 219
f 172 219 173
f 173 219 174
f 174 219 218
f 174 218 220
f 174 220 221
f 174 221 175
f 175 221 222
f 176 223 224
f 176 224 177
f 176 222 281
f 176 281 223
f 177 224 178
f 178 224 225
f 178 225 179
f 179 225 226
f 179 226 182
f 179 182 181
f 179 181 180
f 182 226 227
f 182 227 228
f 182 228 184
f 182 184 183
f 184 229 230
f 184 230 185
f 184 228 229
f 185 230 186
f 186 231 232
f 186 232 233
f 186 233 234
f 186 234 235
f 186 235 187
f 186 230 231
f 187 236 188
f 187 235 234
f 187 234 237
f 187 237 236
f 188 236 189
f 189 236 238
f 189 238 190
f 190 238 239
f 190 239 240
f 190 240 241
f 190 241 242
f 190 242 243
f 190 243 191
f 191 243 244
f 191 244 192
f 192 244 245
f 192 245 193
f 193 245 246
f 193 246 194
f 194 246 247
f 194 247 195
f 195 247 248
f 195 248 196
f 196 248 249
f 196 249 197
f 197 249 199
f 198 202 250
f 198 250 251
f 198 251 252
f 198 252 253
f 198 253 204
f 199 249 254
f 199 254 255
f 199 255 200
f 200 255 256
f 200 256 257
f 200 257 258
f 200 258 308
f 200 308 259
f 200 259 260
f 200 260 201
f 201 260 202
f 202 260 261
f 202 261 250
f 203 204 262
f 203 262 263
f 203 263 205
f 204 253 262
f 205 263 206
f 206 263 264
f 206 264 265
f 206 265 266
f 206 266 207
f 207 266 267
f 207 267 208
f 208 267 210
f 209 211 271
f 209 271 268
f 209 268 269
f 209 269 272
f 209 272 212
f 210 267 270
f 210 270 271
f 210 271 211
f 212 272 213
f 213 272 273
f 213 273 274
f 213 274 214
f 214 274 275
f 214 275 215
f 216 275 276
f 217 277 278
f 217 278 279
f 217 279 280
f 217 280 218
f 218 280 220
f 220 280 279
f 220 279 221
f 221 279 222
f 222 279 281
f 223 282 224
f 223 281 329
f 223 329 282
f 224 282 283
f 224 283 225
f 225 283 284
f 225 284 226
f 226 284 285
f 226 285 227
f 227 286 287
f 227 287 228
f 227 285 286
f 228 287 229
f 229 288 289
f 229 289 230
f 229 287 288
f 230 289 290
f 230 290 231
f 231 290 232
f 232 290 233
f 233 290 291
f 233 291 292
f 233 292 234
f 234 292 237
f 236 237 293
f 236 293 238
f 237 292 294
f 237 294 293
f 238 293 239
f 239 241 240
f 239 293 295
f 239 295 296
f 239 296 241
f 241 296 297
f 241 297 298
f 241 298 299
f 241 299 242
f 242 299 244
f 242 244 243
f 244 299 300
f 244 300 245
f 245 300 246
f 246 300 301
f 246 301 247
f 247 301 248
f 248 301 302
f 248 302 254
f 248 254 249
f 250 261 303
f 250 303 251
f 251 253 252
f 251 303 304
f 251 304 253
f 253 304 305
f 253 305 306
f 253 306 262
f 254 302 307
f 254 307 257
f 254 257 255
f 255 257 256
f 257 308 258
f 257 307 309
f 257 309 310
f 257 310 308
f 259 308 311
f 259 311 312
f 259 312 260
f 260 313 314
f 260 314 303
f 260 303 261
f 260 312 313
f 262 306 263
f 263 306 315
f 263 315 316
f 263 316 317
f 263 317 318
f 263 318 319
f 263 319 264
f 264 319 265
f 265 320 266
f 265 319 320
f 266 320 321
f 266 321 270
f 266 270 267
f 268 271 325
f 268 325 322
f 268 322 269
f 269 322 323
f 269 323 326
f 269 326 272
f 270 321 324
f 270 324 271
f 271 324 325
f 272 326 273
f 273 326 274
f 274 326 276
f 274 276 275
f 277 327 328
f 277 328 282
f 277 282 329
f 277 329 330
f 277 330 278
f 278 330 279
f 279 330 329
f 279 329 281
f 282 331 283
f 282 328 331
f 283 331 285
f 283 285 284
f 285 332 333
f 285 333 286
f 285 331 332
f 286 333 334
f 286 334 288
f 286 288 287
f 288 334 335
f 288 335 336
f 288 336 337
f 288 337 289
f 289 337 290
f 290 338 291
f 290 337 339
f 290 339 338
f 291 339 340
f 291 340 292
f 291 338 339
f 292 340 341
f 292 341 342
f 292 342 343
f 292 343 344
f 292 344 294
f 293 294 344
f 293 344 295
f 295 345 346
f 295 346 296
f 295 344 345
f 296 346 347
f 296 347 297
f 297 348 298
f 297 347 346
f 297 346 345
f 297 345 349
f 297 349 350
f 297 350 348
f 298 351 300
f 298 300 299
f 298 348 351
f 300 351 352
f 300 352 301
f 301 352 307
f 301 307 302
f 303 353 306
f 303 306 305
f 303 305 304
f 303 314 354
f 303 354 355
f 303 355 356
f 303 356 353
f 306 353 315
f 307 352 357
f 307 357 309
f 308 310 358
f 308 358 311
f 309 357 359
f 309 359 310
f 310 359 358
f 311 358 312
f 312 358 360
f 312 360 361
f 312 361 354
f 312 354 314
f 312 314 313
f 315 317 316
f 315 353 356
f 315 356 317
f 317 319 318
f 317 356 362
f 317 362 319
f 319 363 364
f 319 364 320
f 319 362 363
f 320 364 321
f 321 364 324
f 322 365 323
f 322 325 365
f 323 365 366
f 323 366 326
f 324 364 325
f 325 364 365
f 327 367 368
f 327 368 369
f 327 369 370
f 327 370 331
f 327 331 328
f 331 370 332
f 332 369 371
f 332 371 334
f 332 334 333
f 332 370 369
f 334 371 335
f 335 371 372
f 335 372 336
f 336 372 339
f 336 339 337
f 339 373 374
f 339 374 340
f 339 372 375
f 339 375 368
f 339 368 373
f 340 374 376
f 340 376 341
f 341 377 378
f 341 378 379
f 341 379 350
f 341 350 342
f 341 376 377
f 342 350 343
f 343 349 344
f 343 350 349
f 344 349 345
f 348 380 351
f 348 350 380
f 350 379 381
f 350 381 382
f 350 382 383
f 350 383 384
f 350 384 385
f 350 385 386
f 350 386 380
f 351 380 386
f 351 386 387
f 351 387 352
f 352 387 357
f 354 361 355
f 355 361 388
f 355 388 356
f 356 388 389
f 356 389 362
f 357 387 359
f 358 359 360
f 359 390 391
f 359 391 392
f 359 392 393
f 359 393 388
f 359 388 361
f 359 361 360
f 359 387 394
f 359 394 390
f 362 389 395
f 362 395 396
f 362 396 365
f 362 365 363
f 363 365 364
f 365 396 397
f 367 398 399
f 367 399 368
f 368 399 373
f 368 375 372
f 368 372 371
f 368 371 369
f 373 400 374
f 373 399 401
f 373 401 400
f 374 400 377
f 374 377 376
f 377 402 378
f 377 400 403
f 377 403 404
f 377 404 405
f 377 405 402
f 378 402 406
f 378 406 407
f 378 407 379
f 379 392 408
f 379 408 409
f 379 409 381
f 379 407 410
f 379 410 411
f 379 411 392
f 381 409 382
f 382 412 413
f 382 413 383
f 382 409 408
f 382 408 412
f 383 413 390
f 383 390 384
f 384 390 394
f 384 394 385
f 385 394 387
f 385 387 386
f 388 393 414
f 388 414 395
f 388 395 389
f 390 413 391
f 391 415 392
f 391 413 412
f 391 412 415
f 392 415 408
f 392 411 393
f 393 411 416
f 393 416 414
f 395 414 417
f 395 417 418
f 395 418 419
f 395 419 420
f 395 420 421
f 395 421 422
f 395 422 423
f 395 423 424
f 395 424 425
f 395 425 426
f 395 426 427
f 395 427 428
f 395 428 429
f 395 429 430
f 395 430 431
f 395 431 432
f 395 432 433
f 395 433 434
f 395 434 435
f 395 435 436
f 395 436 437
f 395 437 438
f 395 438 396
f 396 438 439
f 396 439 440
f 396 440 441
f 396 441 397
f 398 442 400
f 398 400 401
f 398 401 399
f 400 442 443
f 400 443 403
f 402 444 445
f 402 445 406
f 402 405 446
f 402 446 447
f 402 447 448
f 402 448 449
f 402 449 444
f 403 443 404
f 404 443 450
f 404 450 451
f 404 451 452
f 404 452 453
f 404 453 454
f 404 454 455
f 404 455 456
f 404 456 457
f 404 457 458
f 404 458 459
f 404 459 460
f 404 460 461
f 404 461 462
f 404 462 463
f 404 463 464
f 404 464 405
f 405 464 465
f 405 465 466
f 405 466 467
f 405 467 468
f 405 468 469
f 405 469 470
f 405 470 471
f 405 471 472
f 405 472 473
f 405 473 446
f 406 474 475
f 406 475 407
f 406 445 474
f 407 475 476
f 407 476 410
f 408 415 412
f 410 476 477
f 410 477 411
f 411 477 416
f 414 478 417
f 414 416 478
f 416 477 479
f 416 479 478
f 417 478 480
f 417 480 481
f 417 481 418
f 418 481 482
f 418 482 483
f 418 483 484
f 418 484 485
f 418 485 419
f 419 485 486
f 419 486 420
f 420 486 485
f 420 485 487
f 444 449 488
f 444 488 445
f 445 489 474
f 445 488 490
f 445 490 491
f 445 491 492
f 445 492 493
f 445 493 494
f 445 494 495
f 445 495 496
f 445 496 489
f 446 473 497
f 446 497 498
f 446 498 447
f 447 498 499
f 447 499 500
f 447 500 501
f 447 501 502
f 447 502 448
f 448 502 503
f 448 503 488
f 448 488 449
f 473 504 505
f 473 505 506
f 473 506 497
f 474 489 507
f 474 507 508
f 474 508 509
f 474 509 510
f 474 510 475
f 475 510 511
f 475 511 476
f 476 511 512
f 476 512 477
f 477 512 513
f 477 513 479
f 478 514 515
f 478 515 480
f 478 479 514
f 479 516 514
f 479 513 516
f 480 517 481
f 480 515 518
f 480 518 519
f 480 519 520
f 480 520 521
f 480 521 522
f 480 522 523
f 480 523 524
f 480 524 525
f 480 525 526
f 480 526 527
f 480 527 528
f 480 528 517
f 481 517 529
f 481 529 530
f 481 530 482
f 482 530 483
f 483 530 531
f 483 531 532
f 483 532 533
f 483 533 534
f 483 534 484
f 484 534 485
f 485 534 535
f 485 535 536
f 485 536 537
f 485 537 487
f 488 503 538
f 488 538 539
f 488 539 540
f 488 540 541
f 488 541 490
f 489 542 543
f 489 543 507
f 489 496 544
f 489 544 545
f 489 545 546
f 489 546 547
f 489 547 542
f 490 541 540
f 490 540 548
f 490 548 491
f 491 549 623
f 491 623 550
f 491 550 493
f 491 493 492
f 491 548 551
f 491 551 552
f 491 552 553
f 491 553 549
f 493 495 494
f 493 550 554
f 493 554 495
f 495 554 555
f 495 555 496
f 496 555 556
f 496 556 557
f 496 557 545
f 496 545 544
f 497 506 498
f 498 506 499
f 499 506 558
f 499 558 559
f 499 559 500
f 500 559 501
f 501 559 502
f 502 559 560
f 502 560 561
f 502 561 538
f 502 538 503
f 504 562 563
f 504 563 564
f 504 564 565
f 504 565 566
f 504 566 505
f 505 566 646
f 505 646 567
f 505 567 506
f 506 568 558
f 506 567 569
f 506 569 570
f 506 570 571
f 506 571 568
f 507 543 619
f 507 619 572
f 507 572 573
f 507 573 508
f 508 573 574
f 508 574 509
f 509 574 658
f 509 658 575
f 509 575 576
f 509 576 510
f 510 576 511
f 511 576 577
f 511 577 578
f 511 578 512
f 512 578 513
f 513 578 579
f 513 579 516
f 514 580 581
f 514 581 582
f 514 582 583
f 514 583 515
f 514 516 580
f 515 583 584
f 515 584 585
f 515 585 586
f 515 586 587
f 515 587 588
f 515 588 518
f 516 589 664
f 516 664 580
f 516 579 590
f 516 590 679
f 516 679 589
f 517 528 591
f 517 591 529
f 518 588 592
f 518 592 593
f 518 593 594
f 518 594 519
f 519 594 520
f 520 594 595
f 520 595 521
f 521 595 523
f 521 523 522
f 523 595 596
f 523 596 525
f 523 525 524
f 525 596 597
f 525 597 526
f 526 597 598
f 526 598 528
f 526 528 527
f 528 598 599
f 528 599 591
f 529 591 600
f 529 600 530
f 530 600 531
f 531 601 602
f 531 602 532
f 531 600 601
f 532 602 603
f 532 603 533
f 533 604 534
f 533 603 605
f 533 605 606
f 533 606 604
f 534 604 607
f 534 607 535
f 535 607 536
f 536 607 608
f 536 608 609
f 536 609 610
f 536 610 611
f 536 611 537
f 537 611 612
f 538 561 539
f 539 561 613
f 539 613 614
f 539 614 615
f 539 615 540
f 540 615 548
f 542 616 653
f 542 653 617
f 542 617 720
f 542 720 618
f 542 618 543
f 542 547 546
f 542 546 616
f 543 618 720
f 543 720 719
f 543 719 619
f 545 557 620
f 545 620 721
f 545 721 621
f 545 621 622
f 545 622 546
f 546 622 653
f 546 653 616
f 548 615 551
f 549 553 624
f 549 624 623
f 550 623 554
f 551 615 625
f 551 625 552
f 552 625 626
f 552 626 627
f 552 627 553
f 553 627 624
f 554 623 628
f 554 628 555
f 555 628 556
f 556 629 620
f 556 620 557
f 556 628 624
f 556 624 630
f 556 630 631
f 556 631 629
f 558 632 633
f 558 633 634
f 558 634 635
f 558 635 559
f 558 568 636
f 558 636 632
f 559 635 561
f 559 561 560
f 561 635 613
f 562 637 638
f 562 638 563
f 563 638 639
f 563 639 640
f 563 640 564
f 564 640 641
f 564 641 642
f 564 642 565
f 565 642 566
f 566 642 641
f 566 641 643
f 566 643 644
f 566 644 645
f 566 645 743
f 566 743 646
f 567 646 647
f 567 647 569
f 568 571 648
f 568 648 636
f 569 647 649
f 569 649 650
f 569 650 570
f 570 650 651
f 570 651 648
f 570 648 571
f 572 652 655
f 572 655 573
f 572 619 617
f 572 617 653
f 572 653 654
f 572 654 622
f 572 622 621
f 572 621 652
f 573 655 656
f 573 656 657
f 573 657 574
f 574 657 658
f 575 658 752
f 575 752 659
f 575 659 576
f 576 659 577
f 577 659 660
f 577 660 661
f 577 661 578
f 578 661 662
f 578 662 663
f 578 663 579
f 579 663 590
f 580 664 760
f 580 760 665
f 580 665 666
f 580 666 581
f 581 666 667
f 581 667 668
f 581 668 669
f 581 669 582
f 582 669 583
f 583 669 670
f 583 670 671
f 583 671 672
f 583 672 584
f 584 672 673
f 584 673 674
f 584 674 586
f 584 586 585
f 586 675 587
f 586 674 770
f 586 770 676
f 586 676 675
f 587 675 588
f 588 675 677
f 588 677 592
f 589 678 664
f 589 679 680
f 589 680 678
f 590 663 757
f 590 757 679
f 591 599 691
f 591 691 600
f 592 677 676
f 592 676 681
f 592 681 682
f 592 682 593
f 593 682 683
f 593 683 684
f 593 684 594
f 594 684 595
f 595 684 596
f 596 684 685
f 596 685 686
f 596 686 687
f 596 687 597
f 597 687 688
f 597 688 689
f 597 689 690
f 597 690 598
f 598 691 599
f 598 690 692
f 598 692 693
f 598 693 691
f 600 691 601
f 601 691 692
f 601 692 694
f 601 694 695
f 601 695 602
f 602 695 696
f 602 696 603
f 603 696 695
f 603 695 697
f 603 697 605
f 604 606 698
f 604 698 699
f 604 699 607
f 605 697 700
f 605 700 701
f 605 701 702
f 605 702 698
f 605 698 606
f 607 699 608
f 608 699 703
f 608 703 704
f 608 704 609
f 609 705 706
f 609 706 707
f 609 707 708
f 609 708 611
f 609 611 610
f 609 704 709
f 609 709 710
f 609 710 705
f 611 708 612
f 612 708 711
f 613 635 712
f 613 712 713
f 613 713 714
f 613 714 715
f 613 715 614
f 614 715 714
f 614 714 716
f 614 716 717
f 614 717 718
f 614 718 615
f 615 718 625
f 617 719 720
f 617 619 719
f 620 629 727
f 620 727 721
f 621 721 722
f 621 722 723
f 621 723 724
f 621 724 725
f 621 725 652
f 622 654 653
f 623 624 628
f 624 627 726
f 624 726 630
f 625 718 626
f 626 718 627
f 627 718 726
f 629 631 729
f 629 729 727
f 630 726 728
f 630 728 631
f 631 728 730
f 631 730 824
f 631 824 729
f 632 636 731
f 632 731 732
f 632 732 633
f 633 732 733
f 633 733 734
f 633 734 735
f 633 735 634
f 634 735 736
f 634 736 635
f 635 736 712
f 636 648 731
f 637 737 738
f 637 738 739
f 637 739 638
f 638 740 639
f 638 739 740
f 639 740 641
f 639 641 640
f 641 740 741
f 641 741 643
f 643 741 644
f 644 741 835
f 644 835 742
f 644 742 743
f 644 743 645
f 646 743 742
f 646 742 744
f 646 744 647
f 647 744 745
f 647 745 649
f 648 746 731
f 648 651 747
f 648 747 746
f 649 745 650
f 650 745 747
f 650 747 651
f 652 748 655
f 652 725 724
f 652 724 748
f 655 748 749
f 655 749 656
f 656 749 750
f 656 750 751
f 656 751 657
f 657 751 658
f 658 751 752
f 659 752 849
f 659 849 753
f 659 753 660
f 660 753 754
f 660 754 755
f 660 755 661
f 661 755 662
f 662 755 756
f 662 756 663
f 663 756 855
f 663 855 757
f 664 758 759
f 664 759 760
f 664 678 758
f 665 760 764
f 665 764 761
f 665 761 666
f 666 761 667
f 667 761 668
f 668 762 763
f 668 763 669
f 668 761 764
f 668 764 762
f 669 763 862
f 669 862 765
f 669 765 671
f 669 671 670
f 671 765 672
f 672 765 862
f 672 862 766
f 672 766 767
f 672 767 673
f 673 767 768
f 673 768 674
f 674 768 769
f 674 769 770
f 675 676 677
f 676 770 870
f 676 870 771
f 676 771 681
f 678 772 758
f 678 680 773
f 678 773 772
f 679 757 680
f 680 757 774
f 680 774 773
f 681 771 775
f 681 775 682
f 682 775 776
f 682 776 777
f 682 777 778
f 682 778 683
f 683 778 684
f 684 779 685
f 684 778 780
f 684 780 781
f 684 781 779
f 685 779 781
f 685 781 686
f 686 781 782
f 686 782 688
f 686 688 687
f 688 782 689
f 689 782 783
f 689 783 784
f 689 784 694
f 689 694 692
f 689 692 690
f 691 693 692
f 694 784 785
f 694 785 695
f 695 785 697
f 697 785 786
f 697 786 787
f 697 787 700
f 698 702 788
f 698 788 789
f 698 789 699
f 699 789 790
f 699 790 791
f 699 791 703
f 700 787 701
f 701 792 702
f 701 787 793
f 701 793 794
f 701 794 795
f 701 795 796
f 701 796 792
f 702 792 797
f 702 797 788
f 703 791 704
f 704 791 709
f 705 798 706
f 705 710 799
f 705 799 800
f 705 800 801
f 705 801 798
f 706 798 889
f 706 889 802
f 706 802 803
f 706 803 804
f 706 804 707
f 707 804 711
f 707 711 708
f 709 791 805
f 709 805 796
f 709 796 806
f 709 806 799
f 709 799 710
f 711 804 803
f 711 803 807
f 712 736 713
f 713 808 809
f 713 809 810
f 713 810 811
f 713 811 716
f 713 716 714
f 713 736 808
f 716 811 812
f 716 812 813
f 716 813 717
f 717 813 814
f 717 814 815
f 717 815 816
f 717 816 718
f 718 816 817
f 718 817 726
f 721 727 818
f 721 818 722
f 722 818 723
f 723 818 819
f 723 819 820
f 723 820 724
f 724 820 821
f 724 821 822
f 724 822 748
f 726 817 728
f 727 729 819
f 727 819 818
f 728 817 823
f 728 823 730
f 729 824 910
f 729 910 819
f 730 823 915
f 730 915 824
f 731 746 744
f 731 744 732
f 732 744 825
f 732 825 826
f 732 826 733
f 733 826 734
f 734 826 827
f 734 827 828
f 734 828 736
f 734 736 735
f 736 828 808
f 737 829 830
f 737 830 739
f 737 739 738
f 739 830 831
f 739 831 832
f 739 832 833
f 739 833 740
f 740 833 832
f 740 832 741
f 741 832 834
f 741 834 918
f 741 918 835
f 742 835 744
f 744 746 747
f 744 747 745
f 744 835 825
f 748 836 837
f 748 837 838
f 748 838 749
f 748 822 839
f 748 839 840
f 748 840 841
f 748 841 842
f 748 842 843
f 748 843 844
f 748 844 836
f 749 845 750
f 749 838 846
f 749 846 847
f 749 847 845
f 750 773 774
f 750 774 751
f 750 845 773
f 751 774 848
f 751 848 752
f 752 848 849
f 753 849 967
f 753 967 850
f 753 850 754
f 754 850 851
f 754 851 853
f 754 853 852
f 754 852 755
f 755 852 853
f 755 853 970
f 755 970 854
f 755 854 756
f 756 854 971
f 756 971 855
f 757 855 856
f 757 856 857
f 757 857 774
f 758 858 859
f 758 859 860
f 758 860 759
f 758 772 858
f 759 763 762
f 759 762 861
f 759 861 764
f 759 764 760
f 759 860 862
f 759 862 763
f 762 764 861
f 766 863 767
f 766 862 863
f 767 864 768
f 767 863 860
f 767 860 864
f 768 864 865
f 768 865 866
f 768 866 867
f 768 867 868
f 768 868 869
f 768 869 769
f 769 869 770
f 770 869 986
f 770 986 870
f 771 870 987
f 771 987 871
f 771 871 874
f 771 874 775
f 772 773 872
f 772 872 873
f 772 873 858
f 773 845 872
f 774 857 848
f 775 874 776
f 776 874 777
f 777 874 778
f 778 874 875
f 778 875 876
f 778 876 780
f 780 876 781
f 781 876 877
f 781 877 878
f 781 878 782
f 782 878 783
f 783 878 879
f 783 879 880
f 783 880 784
f 784 880 881
f 784 881 785
f 785 881 882
f 785 882 786
f 786 882 787
f 787 882 883
f 787 883 884
f 787 884 794
f 787 794 793
f 788 797 805
f 788 805 789
f 789 805 790
f 790 805 791
f 792 796 797
f 794 884 1003
f 794 1003 885
f 794 885 886
f 794 886 795
f 795 886 1006
f 795 1006 887
f 795 887 796
f 796 887 895
f 796 895 806
f 796 805 797
f 798 888 889
f 798 801 888
f 799 806 890
f 799 890 800
f 800 890 891
f 800 891 801
f 801 891 888
f 802 889 892
f 802 892 803
f 803 893 894
f 803 894 807
f 803 892 893
f 806 895 890
f 808 828 896
f 808 896 809
f 809 896 897
f 809 897 898
f 809 898 810
f 810 898 811
f 811 898 899
f 811 899 900
f 811 900 812
f 812 900 813
f 813 900 1016
f 813 1016 901
f 813 901 814
f 814 901 902
f 814 902 903
f 814 903 904
f 814 904 815
f 815 905 906
f 815 906 816
f 815 904 907
f 815 907 905
f 816 906 817
f 817 906 905
f 817 905 908
f 817 908 909
f 817 909 823
f 819 910 911
f 819 911 913
f 819 913 820
f 820 912 821
f 820 913 912
f 821 912 822
f 822 912 914
f 822 914 839
f 823 909 1022
f 823 1022 915
f 824 915 910
f 825 916 917
f 825 917 826
f 825 835 918
f 825 918 916
f 826 917 919
f 826 919 827
f 827 919 896
f 827 896 920
f 827 920 828
f 828 920 896
f 829 921 922
f 829 922 923
f 829 923 830
f 830 923 924
f 830 924 831
f 831 924 832
f 832 924 925
f 832 925 926
f 832 926 927
f 832 927 834
f 834 927 928
f 834 928 1029
f 834 1029 918
f 836 929 930
f 836 930 837
f 836 844 931
f 836 931 932
f 836 932 933
f 836 933 934
f 836 934 935
f 836 935 936
f 836 936 937
f 836 937 938
f 836 938 929
f 837 846 838
f 837 930 939
f 837 939 940
f 837 940 941
f 837 941 942
f 837 942 943
f 837 943 846
f 839 914 944
f 839 944 840
f 840 944 945
f 840 945 841
f 841 945 946
f 841 946 842
f 842 946 947
f 842 947 948
f 842 948 949
f 842 949 843
f 843 949 844
f 844 949 950
f 844 950 951
f 844 951 952
f 844 952 953
f 844 953 931
f 845 847 954
f 845 954 955
f 845 955 956
f 845 956 872
f 846 957 958
f 846 958 959
f 846 959 847
f 846 943 960
f 846 960 961
f 846 961 962
f 846 962 963
f 846 963 957
f 847 959 964
f 847 964 965
f 847 965 956
f 847 956 955
f 847 955 954
f 848 857 849
f 849 857 856
f 849 856 966
f 849 966 967
f 850 967 1116
f 850 1116 968
f 850 968 969
f 850 969 853
f 850 853 851
f 853 969 968
f 853 968 970
f 854 970 1112
f 854 1112 971
f 855 971 966
f 855 966 856
f 858 873 972
f 858 972 973
f 858 973 859
f 859 973 974
f 859 974 975
f 859 975 976
f 859 976 977
f 859 977 978
f 859 978 979
f 859 979 980
f 859 980 860
f 860 980 864
f 860 863 862
f 864 980 865
f 865 980 866
f 866 981 982
f 866 982 983
f 866 983 867
f 866 980 984
f 866 984 981
f 867 983 985
f 867 985 868
f 868 985 986
f 868 986 869
f 870 986 1148
f 870 1148 987
f 871 987 988
f 871 988 989
f 871 989 991
f 871 991 874
f 872 956 873
f 873 956 990
f 873 990 972
f 874 991 992
f 874 992 875
f 875 992 876
f 876 992 993
f 876 993 994
f 876 994 877
f 877 994 995
f 877 995 878
f 878 995 879
f 879 995 996
f 879 996 997
f 879 997 998
f 879 998 880
f 880 998 999
f 880 999 1000
f 880 1000 881
f 881 1000 882
f 882 1000 1001
f 882 1001 1002
f 882 1002 883
f 883 1002 1003
f 883 1003 884
f 885 1004 886
f 885 1003 1004
f 886 1005 1006
f 886 1004 1005
f 887 1006 1010
f 887 1010 895
f 888 1007 1008
f 888 1008 889
f 888 891 1011
f 888 1011 1007
f 889 1008 1009
f 889 1009 893
f 889 893 892
f 890 895 1010
f 890 1010 1011
f 890 1011 891
f 893 1009 894
f 896 919 1012
f 896 1012 897
f 897 1012 1013
f 897 1013 898
f 898 1013 1014
f 898 1014 899
f 899 1014 1015
f 899 1015 1016
f 899 1016 900
f 901 1016 1017
f 901 1017 902
f 902 1017 1186
f 902 1186 1019
f 902 1019 903
f 903 1018 907
f 903 907 904
f 903 1019 1018
f 905 907 1020
f 905 1020 908
f 907 1018 1020
f 908 1021 1022
f 908 1022 909
f 908 1020 1189
f 908 1189 1021
f 910 915 911
f 911 915 1023
f 911 1023 1024
f 911 1024 1025
f 911 1025 913
f 912 944 914
f 912 913 1025
f 912 1025 1026
f 912 1026 944
f 915 1022 1027
f 915 1027 1023
f 916 1028 1013
f 916 1013 917
f 916 918 1028
f 917 1013 1012
f 917 1012 919
f 918 1029 1028
f 921 1030 1031
f 921 1031 1032
f 921 1032 922
f 922 1032 1033
f 922 1033 923
f 923 1033 1034
f 923 1034 1035
f 923 1035 925
f 923 925 924
f 925 1035 926
f 926 1035 1034
f 926 1034 1036
f 926 1036 1037
f 926 1037 927
f 927 1038 1196
f 927 1196 1028
f 927 1028 1029
f 927 1029 928
f 927 1037 1038
f 929 1039 930
f 929 938 1040
f 929 1040 1041
f 929 1041 1042
f 929 1042 1043
f 929 1043 1044
f 929 1044 1045
f 929 1045 1046
f 929 1046 1047
f 929 1047 1048
f 929 1048 1049
f 929 1049 1050
f 929 1050 1051
f 929 1051 1052
f 929 1052 1053
f 929 1053 1054
f 929 1054 1055
f 929 1055 1039
f 930 1039 1056
f 930 1056 1057
f 930 1057 1058
f 930 1058 1059
f 930 1059 1060
f 930 1060 1061
f 930 1061 1062
f 930 1062 1063
f 930 1063 1064
f 930 1064 1065
f 930 1065 1066
f 930 1066 1067
f 930 1067 1068
f 930 1068 939
f 931 953 1069
f 931 1069 1070
f 931 1070 1071
f 931 1071 932
f 932 1071 1072
f 932 1072 1073
f 932 1073 933
f 933 1073 934
f 934 1074 1075
f 934 1075 937
f 934 937 936
f 934 936 935
f 934 1073 1076
f 934 1076 1074
f 937 1075 1077
f 937 1077 1078
f 937 1078 938
f 939 1079 940
f 940 1080 1081
f 940 1081 1082
f 940 1082 941
f 940 1079 1083
f 940 1083 1080
f 941 1082 1084
f 941 1084 942
f 942 1084 960
f 942 960 943
f 944 1026 1085
f 944 1085 945
f 945 1085 1086
f 945 1086 946
f 946 1086 1087
f 946 1087 948
f 946 948 947
f 948 950 949
f 948 1087 1088
f 948 1088 1089
f 948 1089 1090
f 948 1090 1091
f 948 1091 1092
f 948 1092 1093
f 948 1093 950
f 950 1093 1094
f 950 1094 1095
f 950 1095 1096
f 950 1096 951
f 951 1096 1097
f 951 1097 952
f 952 1097 1069
f 952 1069 953
f 956 965 990
f 957 1098 958
f 957 963 1099
f 957 1099 1100
f 957 1100 1098
f 958 1098 959
f 959 1098 1101
f 959 1101 964
f 960 1084 1102
f 960 1102 1103
f 960 1103 1104
f 960 1104 1105
f 960 1105 1106
f 960 1106 1107
f 960 1107 963
f 960 963 962
f 960 962 961
f 963 1107 1108
f 963 1108 1099
f 964 1101 1109
f 964 1109 1110
f 964 1110 965
f 965 1110 1111
f 965 1111 990
f 966 971 1112
f 966 1112 1113
f 966 1113 1114
f 966 1114 967
f 967 1114 1115
f 967 1115 1116
f 968 1116 1112
f 968 1112 970
f 972 1117 1118
f 972 1118 973
f 972 990 1119
f 972 1119 1120
f 972 1120 1121
f 972 1121 1122
f 972 1122 1123
f 972 1123 1124
f 972 1124 1125
f 972 1125 1117
f 973 1118 1126
f 973 1126 1127
f 973 1127 1128
f 973 1128 1129
f 973 1129 974
f 974 1130 975
f 974 1129 1131
f 974 1131 1132
f 974 1132 1133
f 974 1133 1134
f 974 1134 1135
f 974 1135 1130
f 975 1130 1136
f 975 1136 977
f 975 977 976
f 977 1136 1137
f 977 1137 1138
f 977 1138 978
f 978 1138 1139
f 978 1139 1140
f 978 1140 1141
f 978 1141 979
f 979 1141 1140
f 979 1140 1142
f 979 1142 1143
f 979 1143 980
f 980 1143 1144
f 980 1144 984
f 981 1145 1146
f 981 1146 982
f 981 984 1144
f 981 1144 1145
f 982 1146 983
f 983 1146 985
f 985 1146 1147
f 985 1147 1148
f 985 1148 986
f 987 1148 988
f 988 1149 1150
f 988 1150 1151
f 988 1151 1152
f 988 1152 1153
f 988 1153 989
f 988 1148 1149
f 989 1153 991
f 990 1111 1154
f 990 1154 1155
f 990 1155 1119
f 991 1153 1152
f 991 1152 1156
f 991 1156 992
f 992 1156 1157
f 992 1157 993
f 993 1157 1158
f 993 1158 1159
f 993 1159 996
f 993 996 994
f 994 996 995
f 996 1159 1158
f 996 1158 1160
f 996 1160 1161
f 996 1161 1162
f 996 1162 997
f 997 1162 1163
f 997 1163 998
f 998 1163 999
f 999 1163 1164
f 999 1164 1000
f 1000 1164 1001
f 1001 1164 1165
f 1001 1165 1166
f 1001 1166 1002
f 1002 1166 1167
f 1002 1167 1003
f 1003 1167 1168
f 1003 1168 1004
f 1004 1168 1169
f 1004 1169 1005
f 1005 1169 1006
f 1006 1169 1170
f 1006 1170 1178
f 1006 1178 1010
f 1007 1171 1172
f 1007 1172 1173
f 1007 1173 1174
f 1007 1174 1008
f 1007 1011 1171
f 1008 1174 1175
f 1008 1175 1176
f 1008 1176 1177
f 1008 1177 1009
f 1010 1178 1179
f 1010 1179 1180
f 1010 1180 1011
f 1011 1180 1181
f 1011 1181 1171
f 1013 1028 1182
f 1013 1182 1183
f 1013 1183 1014
f 1014 1183 1015
f 1015 1183 1334
f 1015 1334 1184
f 1015 1184 1017
f 1015 1017 1016
f 1017 1184 1185
f 1017 1185 1186
f 1018 1187 1189
f 1018 1189 1020
f 1018 1019 1188
f 1018 1188 1187
f 1019 1186 1338
f 1019 1338 1188
f 1021 1190 1027
f 1021 1027 1022
f 1021 1189 1339
f 1021 1339 1190
f 1023 1027 1191
f 1023 1191 1024
f 1024 1191 1190
f 1024 1190 1192
f 1024 1192 1193
f 1024 1193 1194
f 1024 1194 1025
f 1025 1085 1026
f 1025 1194 1195
f 1025 1195 1085
f 1027 1190 1191
f 1028 1196 1182
f 1030 1197 1198
f 1030 1198 1031
f 1031 1198 1199
f 1031 1199 1200
f 1031 1200 1032
f 1032 1200 1033
f 1033 1200 1201
f 1033 1201 1034
f 1034 1201 1036
f 1036 1201 1202
f 1036 1202 1037
f 1037 1202 1038
f 1038 1203 1333
f 1038 1333 1196
f 1038 1202 1203
f 1039 1055 1056
f 1069 1204 1205
f 1069 1205 1206
f 1069 1206 1207
f 1069 1207 1071
f 1069 1071 1070
f 1069 1097 1208
f 1069 1208 1204
f 1071 1207 1072
f 1072 1207 1073
f 1073 1209 1076
f 1073 1207 1209
f 1074 1210 1211
f 1074 1211 1075
f 1074 1076 1209
f 1074 1209 1210
f 1075 1211 1212
f 1075 1212 1213
f 1075 1213 1077
f 1077 1213 1078
f 1079 1214 1215
f 1079 1215 1216
f 1079 1216 1217
f 1079 1217 1218
f 1079 1218 1219
f 1079 1219 1083
f 1080 1083 1220
f 1080 1220 1081
f 1081 1220 1221
f 1081 1221 1222
f 1081 1222 1223
f 1081 1223 1224
f 1081 1224 1225
f 1081 1225 1082
f 1082 1225 1084
f 1083 1219 1218
f 1083 1218 1226
f 1083 1226 1227
f 1083 1227 1220
f 1084 1225 1102
f 1085 1195 1086
f 1086 1195 1194
f 1086 1194 1228
f 1086 1228 1087
f 1087 1228 1088
f 1088 1228 1089
f 1089 1229 1230
f 1089 1230 1231
f 1089 1231 1090
f 1089 1228 1229
f 1090 1231 1232
f 1090 1232 1091
f 1091 1232 1233
f 1091 1233 1234
f 1091 1234 1208
f 1091 1208 1235
f 1091 1235 1092
f 1092 1235 1093
f 1093 1235 1094
f 1094 1235 1095
f 1095 1235 1096
f 1096 1235 1097
f 1097 1235 1208
f 1098 1236 1110
f 1098 1110 1109
f 1098 1109 1101
f 1098 1100 1237
f 1098 1237 1238
f 1098 1238 1373
f 1098 1373 1236
f 1099 1108 1239
f 1099 1239 1240
f 1099 1240 1237
f 1099 1237 1100
f 1102 1225 1241
f 1102 1241 1242
f 1102 1242 1103
f 1103 1243 1104
f 1103 1242 1244
f 1103 1244 1243
f 1104 1243 1245
f 1104 1245 1246
f 1104 1246 1105
f 1105 1246 1247
f 1105 1247 1248
f 1105 1248 1239
f 1105 1239 1108
f 1105 1108 1107
f 1105 1107 1106
f 1110 1236 1154
f 1110 1154 1111
f 1112 1116 1114
f 1112 1114 1113
f 1114 1116 1115
f 1117 1125 1249
f 1117 1249 1250
f 1117 1250 1118
f 1118 1250 1251
f 1118 1251 1252
f 1118 1252 1253
f 1118 1253 1254
f 1118 1254 1255
f 1118 1255 1256
f 1118 1256 1257
f 1118 1257 1258
f 1118 1258 1259
f 1118 1259 1260
f 1118 1260 1261
f 1118 1261 1262
f 1118 1262 1263
f 1118 1263 1126
f 1119 1155 1120
f 1120 1155 1121
f 1121 1155 1122
f 1122 1155 1123
f 1123 1264 1265
f 1123 1265 1266
f 1123 1266 1267
f 1123 1267 1124
f 1123 1155 1264
f 1124 1267 1268
f 1124 1268 1125
f 1125 1268 1249
f 1126 1263 1269
f 1126 1269 1270
f 1126 1270 1271
f 1126 1271 1272
f 1126 1272 1273
f 1126 1273 1274
f 1126 1274 1275
f 1126 1275 1276
f 1126 1276 1277
f 1126 1277 1278
f 1126 1278 1127
f 1130 1135 1279
f 1130 1279 1280
f 1130 1280 1281
f 1130 1281 1136
f 1135 1282 1283
f 1135 1283 1284
f 1135 1284 1279
f 1136 1285 1137
f 1136 1281 1286
f 1136 1286 1287
f 1136 1287 1285
f 1137 1285 1288
f 1137 1288 1289
f 1137 1289 1290
f 1137 1290 1138
f 1138 1290 1139
f 1139 1290 1291
f 1139 1291 1140
f 1140 1291 1292
f 1140 1292 1293
f 1140 1293 1294
f 1140 1294 1142
f 1142 1294 1145
f 1142 1145 1144
f 1142 1144 1143
f 1145 1294 1146
f 1146 1294 1295
f 1146 1295 1147
f 1147 1295 1296
f 1147 1296 1150
f 1147 1150 1149
f 1147 1149 1148
f 1150 1296 1297
f 1150 1297 1298
f 1150 1298 1151
f 1151 1298 1299
f 1151 1299 1152
f 1152 1299 1300
f 1152 1300 1156
f 1154 1236 1301
f 1154 1301 1155
f 1155 1302 1303
f 1155 1303 1265
f 1155 1265 1264
f 1155 1301 1304
f 1155 1304 1305
f 1155 1305 1306
f 1155 1306 1307
f 1155 1307 1302
f 1156 1158 1157
f 1156 1300 1158
f 1158 1300 1308
f 1158 1308 1309
f 1158 1309 1160
f 1160 1309 1310
f 1160 1310 1161
f 1161 1310 1311
f 1161 1311 1312
f 1161 1312 1162
f 1162 1312 1313
f 1162 1313 1314
f 1162 1314 1163
f 1163 1314 1315
f 1163 1315 1164
f 1164 1315 1316
f 1164 1316 1165
f 1165 1316 1317
f 1165 1317 1166
f 1166 1317 1168
f 1166 1168 1167
f 1168 1317 1318
f 1168 1318 1169
f 1169 1318 1170
f 1170 1318 1436
f 1170 1436 1319
f 1170 1319 1328
f 1170 1328 1178
f 1171 1181 1173
f 1171 1173 1172
f 1173 1320 1321
f 1173 1321 1174
f 1173 1181 1322
f 1173 1322 1323
f 1173 1323 1320
f 1174 1321 1324
f 1174 1324 1325
f 1174 1325 1326
f 1174 1326 1175
f 1175 1326 1327
f 1175 1327 1176
f 1178 1180 1179
f 1178 1328 1443
f 1178 1443 1329
f 1178 1329 1180
f 1180 1329 1322
f 1180 1322 1181
f 1182 1330 1331
f 1182 1331 1332
f 1182 1332 1183
f 1182 1196 1333
f 1182 1333 1330
f 1183 1332 1334
f 1184 1334 1335
f 1184 1335 1185
f 1185 1335 1336
f 1185 1336 1186
f 1186 1336 1337
f 1186 1337 1338
f 1187 1339 1189
f 1187 1188 1340
f 1187 1340 1339
f 1188 1338 1340
f 1190 1339 1192
f 1192 1339 1341
f 1192 1341 1229
f 1192 1229 1193
f 1193 1228 1194
f 1193 1229 1228
f 1197 1342 1343
f 1197 1343 1198
f 1198 1343 1344
f 1198 1344 1345
f 1198 1345 1199
f 1199 1345 1200
f 1200 1345 1346
f 1200 1346 1201
f 1201 1346 1347
f 1201 1347 1202
f 1202 1347 1458
f 1202 1458 1348
f 1202 1348 1203
f 1203 1348 1460
f 1203 1460 1565
f 1203 1565 1445
f 1203 1445 1333
f 1204 1208 1234
f 1204 1234 1349
f 1204 1349 1350
f 1204 1350 1205
f 1205 1350 1206
f 1206 1350 1207
f 1207 1350 1351
f 1207 1351 1352
f 1207 1352 1209
f 1209 1352 1355
f 1209 1355 1210
f 1210 1353 1465
f 1210 1465 1354
f 1210 1354 1211
f 1210 1355 1353
f 1211 1354 1356
f 1211 1356 1357
f 1211 1357 1358
f 1211 1358 1212
f 1212 1358 1359
f 1212 1359 1213
f 1214 1360 1215
f 1215 1360 1474
f 1215 1474 1361
f 1215 1361 1362
f 1215 1362 1363
f 1215 1363 1216
f 1216 1363 1364
f 1216 1364 1217
f 1217 1364 1218
f 1218 1364 1365
f 1218 1365 1226
f 1220 1227 1221
f 1221 1227 1222
f 1222 1241 1223
f 1222 1227 1241
f 1223 1241 1224
f 1224 1241 1225
f 1226 1365 1366
f 1226 1366 1227
f 1227 1366 1367
f 1227 1367 1241
f 1229 1341 1340
f 1229 1340 1368
f 1229 1368 1230
f 1230 1368 1231
f 1231 1368 1369
f 1231 1369 1232
f 1232 1369 1370
f 1232 1370 1233
f 1233 1349 1234
f 1233 1370 1371
f 1233 1371 1372
f 1233 1372 1350
f 1233 1350 1349
f 1236 1373 1301
f 1237 1240 1374
f 1237 1374 1375
f 1237 1375 1238
f 1238 1375 1428
f 1238 1428 1373
f 1239 1248 1240
f 1240 1248 1376
f 1240 1376 1374
f 1241 1377 1378
f 1241 1378 1242
f 1241 1367 1377
f 1242 1378 1488
f 1242 1488 1379
f 1242 1379 1380
f 1242 1380 1244
f 1243 1381 1382
f 1243 1382 1383
f 1243 1383 1245
f 1243 1244 1384
f 1243 1384 1381
f 1244 1380 1385
f 1244 1385 1384
f 1245 1383 1246
f 1246 1386 1247
f 1246 1383 1382
f 1246 1382 1387
f 1246 1387 1388
f 1246 1388 1389
f 1246 1389 1497
f 1246 1497 1386
f 1247 1386 1496
f 1247 1496 1390
f 1247 1390 1502
f 1247 1502 1391
f 1247 1391 1376
f 1247 1376 1248
f 1249 1392 1250
f 1249 1268 1393
f 1249 1393 1394
f 1249 1394 1395
f 1249 1395 1392
f 1250 1392 1251
f 1251 1396 1397
f 1251 1397 1398
f 1251 1398 1399
f 1251 1399 1252
f 1251 1392 1396
f 1265 1303 1266
f 1266 1400 1401
f 1266 1401 1267
f 1266 1303 1400
f 1267 1401 1268
f 1268 1401 1402
f 1268 1402 1393
f 1279 1284 1403
f 1279 1403 1280
f 1280 1403 1404
f 1280 1404 1281
f 1281 1404 1405
f 1281 1405 1406
f 1281 1406 1286
f 1282 1407 1408
f 1282 1408 1409
f 1282 1409 1410
f 1282 1410 1411
f 1282 1411 1283
f 1283 1411 1284
f 1284 1411 1403
f 1285 1287 1412
f 1285 1412 1288
f 1286 1406 1413
f 1286 1413 1287
f 1287 1413 1412
f 1288 1414 1289
f 1288 1412 1415
f 1288 1415 1414
f 1289 1414 1290
f 1290 1414 1416
f 1290 1416 1417
f 1290 1417 1291
f 1291 1417 1419
f 1291 1419 1292
f 1292 1418 1293
f 1292 1419 1420
f 1292 1420 1418
f 1293 1295 1294
f 1293 1418 1295
f 1295 1418 1296
f 1296 1418 1297
f 1297 1418 1421
f 1297 1421 1422
f 1297 1422 1298
f 1298 1422 1299
f 1299 1422 1423
f 1299 1423 1424
f 1299 1424 1300
f 1300 1424 1430
f 1300 1430 1308
f 1301 1373 1304
f 1302 1307 1303
f 1303 1307 1425
f 1303 1425 1426
f 1303 1426 1427
f 1303 1427 1400
f 1304 1373 1305
f 1305 1373 1428
f 1305 1428 1306
f 1306 1428 1429
f 1306 1429 1307
f 1307 1429 1425
f 1308 1430 1309
f 1309 1430 1310
f 1310 1430 1431
f 1310 1431 1311
f 1311 1431 1432
f 1311 1432 1312
f 1312 1432 1433
f 1312 1433 1434
f 1312 1434 1313
f 1313 1434 1435
f 1313 1435 1314
f 1314 1435 1315
f 1315 1435 1316
f 1316 1435 1317
f 1317 1435 1436
f 1317 1436 1318
f 1319 1436 1437
f 1319 1437 1442
f 1319 1442 1328
f 1320 1438 1321
f 1320 1323 1438
f 1321 1438 1324
f 1322 1329 1323
f 1323 1439 1438
f 1323 1329 1443
f 1323 1443 1439
f 1324 1438 1439
f 1324 1439 1440
f 1324 1440 1441
f 1324 1441 1325
f 1325 1441 1326
f 1328 1442 1555
f 1328 1555 1443
f 1330 1333 1445
f 1330 1445 1331
f 1331 1444 1332
f 1331 1445 1564
f 1331 1564 1444
f 1332 1446 1447
f 1332 1447 1337
f 1332 1337 1336
f 1332 1336 1335
f 1332 1335 1334
f 1332 1444 1448
f 1332 1448 1446
f 1337 1447 1449
f 1337 1449 1450
f 1337 1450 1340
f 1337 1340 1338
f 1339 1340 1341
f 1340 1450 1369
f 1340 1369 1368
f 1342 1451 1343
f 1343 1451 1568
f 1343 1568 1452
f 1343 1452 1453
f 1343 1453 1344
f 1344 1454 1455
f 1344 1455 1345
f 1344 1453 1454
f 1345 1455 1456
f 1345 1456 1346
f 1346 1456 1347
f 1347 1457 1575
f 1347 1575 1458
f 1347 1456 1457
f 1348 1459 1460
f 1348 1458 1459
f 1350 1372 1351
f 1351 1372 1461
f 1351 1461 1352
f 1352 1461 1462
f 1352 1462 1471
f 1352 1471 1355
f 1353 1463 1464
f 1353 1464 1465
f 1353 1355 1463
f 1354 1465 1466
f 1354 1466 1467
f 1354 1467 1468
f 1354 1468 1469
f 1354 1469 1470
f 1354 1470 1356
f 1355 1471 1463
f 1356 1470 1472
f 1356 1472 1357
f 1357 1472 1359
f 1357 1359 1358
f 1359 1472 1473
f 1361 1474 1475
f 1361 1475 1476
f 1361 1476 1477
f 1361 1477 1478
f 1361 1478 1362
f 1362 1478 1363
f 1363 1478 1479
f 1363 1479 1480
f 1363 1480 1481
f 1363 1481 1364
f 1364 1481 1482
f 1364 1482 1365
f 1365 1482 1366
f 1366 1482 1483
f 1366 1483 1367
f 1367 1483 1484
f 1367 1484 1377
f 1369 1450 1370
f 1370 1450 1449
f 1370 1449 1371
f 1371 1449 1566
f 1371 1566 1485
f 1371 1485 1462
f 1371 1462 1461
f 1371 1461 1372
f 1374 1486 1597
f 1374 1597 1487
f 1374 1487 1428
f 1374 1428 1375
f 1374 1376 1391
f 1374 1391 1486
f 1377 1484 1488
f 1377 1488 1378
f 1379 1488 1489
f 1379 1489 1490
f 1379 1490 1380
f 1380 1490 1385
f 1381 1384 1491
f 1381 1491 1492
f 1381 1492 1382
f 1382 1493 1387
f 1382 1492 1602
f 1382 1602 1494
f 1382 1494 1493
f 1384 1385 1495
f 1384 1495 1491
f 1385 1490 1495
f 1386 1497 1498
f 1386 1498 1496
f 1387 1493 1388
f 1388 1493 1499
f 1388 1499 1498
f 1388 1498 1497
f 1388 1497 1389
f 1390 1500 1501
f 1390 1501 1502
f 1390 1496 1500
f 1391 1502 1597
f 1391 1597 1486
f 1392 1395 1503
f 1392 1503 1504
f 1392 1504 1505
f 1392 1505 1506
f 1392 1506 1396
f 1393 1402 1394
f 1394 1402 1507
f 1394 1507 1395
f 1395 1507 1508
f 1395 1508 1503
f 1396 1506 1397
f 1397 1509 1510
f 1397 1510 1511
f 1397 1511 1398
f 1397 1506 1505
f 1397 1505 1504
f 1397 1504 1512
f 1397 1512 1509
f 1398 1511 1513
f 1398 1513 1399
f 1399 1514 1515
f 1399 1515 1516
f 1399 1516 1517
f 1399 1513 1514
f 1400 1427 1500
f 1400 1500 1518
f 1400 1518 1519
f 1400 1519 1401
f 1401 1519 1402
f 1402 1519 1520
f 1402 1520 1521
f 1402 1521 1507
f 1403 1411 1522
f 1403 1522 1523
f 1403 1523 1524
f 1403 1524 1404
f 1404 1524 1525
f 1404 1525 1405
f 1405 1525 1406
f 1406 1525 1526
f 1406 1526 1413
f 1407 1527 1528
f 1407 1528 1529
f 1407 1529 1530
f 1407 1530 1531
f 1407 1531 1532
f 1407 1532 1522
f 1407 1522 1408
f 1408 1522 1409
f 1409 1522 1410
f 1410 1522 1411
f 1412 1413 1533
f 1412 1533 1415
f 1413 1526 1533
f 1414 1534 1416
f 1414 1415 1534
f 1415 1533 1535
f 1415 1535 1536
f 1415 1536 1534
f 1416 1534 1417
f 1417 1534 1419
f 1418 1420 1537
f 1418 1537 1421
f 1419 1534 1538
f 1419 1538 1539
f 1419 1539 1420
f 1420 1539 1537
f 1421 1537 1540
f 1421 1540 1541
f 1421 1541 1422
f 1422 1541 1423
f 1423 1541 1540
f 1423 1540 1636
f 1423 1636 1542
f 1423 1542 1640
f 1423 1640 1543
f 1423 1543 1424
f 1424 1543 1545
f 1424 1545 1430
f 1425 1429 1501
f 1425 1501 1500
f 1425 1500 1426
f 1426 1500 1427
f 1428 1487 1544
f 1428 1544 1429
f 1429 1544 1501
f 1430 1545 1546
f 1430 1546 1433
f 1430 1433 1432
f 1430 1432 1431
f 1433 1546 1434
f 1434 1546 1548
f 1434 1548 1547
f 1434 1547 1436
f 1434 1436 1435
f 1436 1547 1437
f 1437 1547 1548
f 1437 1548 1549
f 1437 1549 1550
f 1437 1550 1551
f 1437 1551 1552
f 1437 1552 1642
f 1437 1642 1560
f 1437 1560 1442
f 1439 1553 1554
f 1439 1554 1556
f 1439 1556 1440
f 1439 1443 1555
f 1439 1555 1553
f 1440 1556 1646
f 1440 1646 1557
f 1440 1557 1441
f 1441 1557 1559
f 1441 1559 1558
f 1442 1560 1561
f 1442 1561 1562
f 1442 1562 1563
f 1442 1563 1555
f 1444 1564 1565
f 1444 1565 1448
f 1445 1565 1564
f 1446 1566 1449
f 1446 1449 1447
f 1446 1448 1567
f 1446 1567 1566
f 1448 1565 1567
f 1452 1568 1569
f 1452 1569 1570
f 1452 1570 1571
f 1452 1571 1453
f 1453 1571 1572
f 1453 1572 1454
f 1454 1572 1573
f 1454 1573 1455
f 1455 1573 1574
f 1455 1574 1456
f 1456 1574 1457
f 1457 1574 1575
f 1458 1575 1567
f 1458 1567 1460
f 1458 1460 1459
f 1460 1567 1565
f 1462 1485 1577
f 1462 1577 1471
f 1463 1576 1464
f 1463 1471 1577
f 1463 1577 1578
f 1463 1578 1576
f 1464 1576 1658
f 1464 1658 1579
f 1464 1579 1465
f 1465 1579 1580
f 1465 1580 1581
f 1465 1581 1466
f 1466 1581 1467
f 1467 1473 1472
f 1467 1472 1468
f 1468 1472 1469
f 1469 1472 1470
f 1474 1582 1475
f 1475 1583 1584
f 1475 1584 1585
f 1475 1585 1586
f 1475 1586 1476
f 1475 1582 1583
f 1476 1586 1587
f 1476 1587 1588
f 1476 1588 1589
f 1476 1589 1477
f 1477 1589 1590
f 1477 1590 1479
f 1477 1479 1478
f 1479 1590 1591
f 1479 1591 1480
f 1480 1591 1592
f 1480 1592 1481
f 1481 1592 1593
f 1481 1593 1482
f 1482 1593 1594
f 1482 1594 1483
f 1483 1594 1595
f 1483 1595 1484
f 1484 1595 1488
f 1485 1596 1654
f 1485 1654 1577
f 1485 1566 1596
f 1487 1597 1502
f 1487 1502 1544
f 1488 1595 1489
f 1489 1595 1598
f 1489 1598 1490
f 1490 1599 1600
f 1490 1600 1495
f 1490 1598 1599
f 1491 1495 1601
f 1491 1601 1603
f 1491 1603 1492
f 1492 1603 1682
f 1492 1682 1602
f 1493 1604 1499
f 1493 1494 1604
f 1494 1602 1605
f 1494 1605 1604
f 1495 1600 1601
f 1496 1604 1518
f 1496 1518 1500
f 1496 1498 1606
f 1496 1606 1499
f 1496 1499 1604
f 1498 1499 1606
f 1501 1544 1502
f 1503 1508 1607
f 1503 1607 1504
f 1504 1607 1512
f 1507 1521 1608
f 1507 1608 1508
f 1508 1608 1609
f 1508 1609 1607
f 1509 1610 1611
f 1509 1611 1510
f 1509 1512 1607
f 1509 1607 1612
f 1509 1612 1610
f 1510 1611 1511
f 1511 1611 1613
f 1511 1613 1515
f 1511 1515 1514
f 1511 1514 1513
f 1515 1613 1614
f 1515 1614 1516
f 1516 1614 1615
f 1516 1615 1616
f 1516 1616 1618
f 1516 1618 1517
f 1517 1618 1617
f 1518 1604 1619
f 1518 1619 1519
f 1519 1619 1520
f 1520 1619 1521
f 1521 1619 1620
f 1521 1620 1686
f 1521 1686 1608
f 1522 1532 1621
f 1522 1621 1622
f 1522 1622 1523
f 1523 1622 1623
f 1523 1623 1524
f 1524 1623 1525
f 1525 1624 1526
f 1525 1623 1624
f 1526 1625 1535
f 1526 1535 1533
f 1526 1624 1623
f 1526 1623 1626
f 1526 1626 1625
f 1527 1627 1528
f 1528 1628 1629
f 1528 1629 1630
f 1528 1630 1529
f 1528 1627 1631
f 1528 1631 1628
f 1529 1630 1530
f 1530 1630 1632
f 1530 1632 1621
f 1530 1621 1531
f 1531 1621 1532
f 1534 1536 1633
f 1534 1633 1538
f 1535 1634 1536
f 1535 1625 1634
f 1536 1634 1633
f 1537 1539 1633
f 1537 1633 1635
f 1537 1635 1636
f 1537 1636 1540
f 1538 1633 1539
f 1542 1636 1637
f 1542 1637 1638
f 1542 1638 1639
f 1542 1639 1640
f 1543 1640 1549
f 1543 1549 1545
f 1545 1549 1546
f 1546 1549 1548
f 1549 1640 1639
f 1549 1639 1551
f 1549 1551 1550
f 1551 1639 1641
f 1551 1641 1642
f 1551 1642 1552
f 1553 1643 1644
f 1553 1644 1554
f 1553 1555 1643
f 1554 1644 1645
f 1554 1645 1556
f 1555 1563 1643
f 1556 1645 1646
f 1557 1646 1647
f 1557 1647 1648
f 1557 1648 1559
f 1558 1559 1649
f 1559 1648 1650
f 1559 1650 1649
f 1560 1642 1641
f 1560 1641 1651
f 1560 1651 1652
f 1560 1652 1561
f 1561 1652 1653
f 1561 1653 1562
f 1562 1653 1711
f 1562 1711 1644
f 1562 1644 1563
f 1563 1644 1643
f 1566 1567 1596
f 1567 1654 1596
f 1567 1575 1574
f 1567 1574 1654
f 1569 1655 1656
f 1569 1656 1570
f 1570 1656 1657
f 1570 1657 1571
f 1571 1657 1572
f 1572 1657 1658
f 1572 1658 1573
f 1573 1658 1576
f 1573 1576 1574
f 1574 1576 1578
f 1574 1578 1654
f 1577 1654 1578
f 1579 1658 1659
f 1579 1659 1580
f 1580 1660 1661
f 1580 1661 1720
f 1580 1720 1662
f 1580 1662 1663
f 1580 1663 1581
f 1580 1659 1660
f 1582 1664 1584
f 1582 1584 1583
f 1584 1665 1666
f 1584 1666 1667
f 1584 1667 1585
f 1584 1664 1665
f 1585 1667 1668
f 1585 1668 1727
f 1585 1727 1669
f 1585 1669 1587
f 1585 1587 1586
f 1587 1669 1670
f 1587 1670 1588
f 1588 1591 1671
f 1588 1671 1589
f 1588 1670 1729
f 1588 1729 1672
f 1588 1672 1591
f 1589 1671 1590
f 1590 1671 1591
f 1591 1672 1673
f 1591 1673 1592
f 1592 1673 1674
f 1592 1674 1593
f 1593 1675 1599
f 1593 1599 1594
f 1593 1674 1675
f 1594 1599 1595
f 1595 1599 1598
f 1599 1676 1600
f 1599 1675 1677
f 1599 1677 1678
f 1599 1678 1676
f 1600 1676 1601
f 1601 1679 1603
f 1601 1676 1680
f 1601 1680 1679
f 1602 1681 1605
f 1602 1682 1737
f 1602 1737 1681
f 1603 1679 1734
f 1603 1734 1682
f 1604 1605 1683
f 1604 1683 1619
f 1605 1684 1683
f 1605 1681 1685
f 1605 1685 1684
f 1607 1609 1612
f 1608 1686 1687
f 1608 1687 1609
f 1609 1687 1610
f 1609 1610 1612
f 1610 1687 1688
f 1610 1688 1689
f 1610 1689 1611
f 1611 1689 1690
f 1611 1690 1614
f 1611 1614 1613
f 1614 1690 1615
f 1615 1690 1616
f 1616 1690 1695
f 1616 1695 1618
f 1617 1691 1692
f 1617 1618 1693
f 1617 1693 1694
f 1617 1694 1691
f 1618 1695 1693
f 1619 1683 1620
f 1620 1696 1739
f 1620 1739 1686
f 1620 1683 1697
f 1620 1697 1696
f 1621 1632 1698
f 1621 1698 1699
f 1621 1699 1622
f 1622 1699 1700
f 1622 1700 1623
f 1623 1700 1626
f 1625 1626 1634
f 1626 1700 1634
f 1628 1701 1702
f 1628 1702 1630
f 1628 1630 1629
f 1628 1631 1701
f 1630 1702 1698
f 1630 1698 1632
f 1631 1703 1704
f 1631 1704 1701
f 1633 1634 1706
f 1633 1706 1635
f 1634 1705 1706
f 1634 1700 1705
f 1635 1706 1637
f 1635 1637 1636
f 1637 1706 1705
f 1637 1705 1707
f 1637 1707 1708
f 1637 1708 1638
f 1638 1708 1709
f 1638 1709 1710
f 1638 1710 1639
f 1639 1710 1641
f 1641 1710 1651
f 1644 1711 1712
f 1644 1712 1645
f 1645 1712 1767
f 1645 1767 1713
f 1645 1713 1647
f 1645 1647 1646
f 1647 1714 1715
f 1647 1715 1716
f 1647 1716 1649
f 1647 1649 1650
f 1647 1650 1648
f 1647 1713 1714
f 1651 1710 1717
f 1651 1717 1718
f 1651 1718 1652
f 1652 1718 1719
f 1652 1719 1653
f 1653 1719 1711
f 1655 1720 1661
f 1655 1661 1656
f 1656 1661 1657
f 1657 1661 1660
f 1657 1660 1658
f 1658 1660 1659
f 1664 1721 1722
f 1664 1722 1665
f 1665 1723 1726
f 1665 1726 1666
f 1665 1722 1771
f 1665 1771 1723
f 1666 1724 1776
f 1666 1776 1725
f 1666 1725 1727
f 1666 1727 1668
f 1666 1668 1667
f 1666 1726 1724
f 1669 1727 1728
f 1669 1728 1733
f 1669 1733 1678
f 1669 1678 1730
f 1669 1730 1729
f 1669 1729 1670
f 1672 1729 1730
f 1672 1730 1673
f 1673 1730 1731
f 1673 1731 1674
f 1674 1731 1677
f 1674 1677 1675
f 1676 1678 1732
f 1676 1732 1680
f 1677 1731 1678
f 1678 1733 1732
f 1678 1731 1730
f 1679 1680 1732
f 1679 1732 1735
f 1679 1735 1736
f 1679 1736 1734
f 1681 1737 1738
f 1681 1738 1685
f 1682 1734 1778
f 1682 1778 1737
f 1683 1684 1685
f 1683 1685 1697
f 1685 1738 1697
f 1686 1739 1688
f 1686 1688 1687
f 1688 1740 1741
f 1688 1741 1689
f 1688 1739 1740
f 1689 1741 1742
f 1689 1742 1743
f 1689 1743 1690
f 1690 1743 1744
f 1690 1744 1751
f 1690 1751 1695
f 1691 1694 1745
f 1691 1745 1746
f 1691 1746 1692
f 1692 1746 1748
f 1692 1748 1747
f 1693 1749 1750
f 1693 1750 1694
f 1693 1695 1751
f 1693 1751 1752
f 1693 1752 1749
f 1694 1750 1745
f 1696 1697 1753
f 1696 1753 1754
f 1696 1754 1739
f 1697 1738 1753
f 1698 1702 1755
f 1698 1755 1756
f 1698 1756 1699
f 1699 1756 1757
f 1699 1757 1758
f 1699 1758 1700
f 1700 1758 1707
f 1700 1707 1705
f 1701 1704 1759
f 1701 1759 1760
f 1701 1760 1755
f 1701 1755 1702
f 1703 1761 1704
f 1704 1761 1762
f 1704 1762 1763
f 1704 1763 1760
f 1704 1760 1759
f 1707 1758 1709
f 1707 1709 1708
f 1709 1758 1757
f 1709 1757 1764
f 1709 1764 1710
f 1710 1764 1765
f 1710 1765 1717
f 1711 1719 1766
f 1711 1766 1712
f 1712 1766 1802
f 1712 1802 1767
f 1713 1767 1803
f 1713 1803 1768
f 1713 1768 1714
f 1714 1768 1769
f 1717 1765 1718
f 1718 1765 1719
f 1719 1765 1797
f 1719 1797 1766
f 1721 1770 1722
f 1722 1770 1772
f 1722 1772 1773
f 1722 1773 1807
f 1722 1807 1771
f 1723 1774 1777
f 1723 1777 1726
f 1723 1771 1775
f 1723 1775 1774
f 1724 1726 1777
f 1724 1777 1781
f 1724 1781 1776
f 1725 1776 1736
f 1725 1736 1735
f 1725 1735 1733
f 1725 1733 1728
f 1725 1728 1727
f 1732 1733 1735
f 1734 1736 1780
f 1734 1780 1778
f 1736 1779 1780
f 1736 1776 1781
f 1736 1781 1779
f 1737 1782 1738
f 1737 1778 1783
f 1737 1783 1782
f 1738 1782 1753
f 1739 1754 1740
f 1740 1754 1741
f 1741 1754 1753
f 1741 1753 1784
f 1741 1784 1785
f 1741 1785 1786
f 1741 1786 1742
f 1742 1786 1787
f 1742 1787 1743
f 1743 1787 1744
f 1744 1788 1796
f 1744 1796 1751
f 1744 1787 1788
f 1745 1750 1789
f 1745 1789 1790
f 1745 1790 1746
f 1746 1790 1791
f 1746 1791 1792
f 1746 1792 1748
f 1747 1748 1774
f 1747 1774 1775
f 1747 1775 1771
f 1747 1771 1793
f 1748 1792 1777
f 1748 1777 1774
f 1749 1789 1750
f 1749 1752 1794
f 1749 1794 1795
f 1749 1795 1789
f 1751 1796 1794
f 1751 1794 1752
f 1753 1782 1784
f 1755 1760 1797
f 1755 1797 1765
f 1755 1765 1756
f 1756 1765 1764
f 1756 1764 1757
f 1760 1798 1797
f 1760 1763 1798
f 1762 1799 1800
f 1762 1800 1801
f 1762 1801 1763
f 1763 1801 1798
f 1766 1797 1798
f 1766 1798 1802
f 1767 1802 1805
f 1767 1805 1803
f 1768 1803 1769
f 1769 1803 1805
f 1769 1805 1804
f 1770 1806 1772
f 1771 1807 1808
f 1771 1808 1809
f 1771 1809 1810
f 1771 1810 1793
f 1772 1806 1811
f 1772 1811 1773
f 1773 1811 1824
f 1773 1824 1807
f 1777 1792 1812
f 1777 1812 1815
f 1777 1815 1781
f 1778 1780 1814
f 1778 1814 1783
f 1779 1813 1814
f 1779 1814 1780
f 1779 1781 1816
f 1779 1816 1813
f 1781 1815 1816
f 1782 1783 1784
f 1783 1814 1784
f 1784 1814 1785
f 1785 1814 1813
f 1785 1813 1817
f 1785 1817 1818
f 1785 1818 1786
f 1786 1818 1787
f 1787 1818 1788
f 1788 1819 1823
f 1788 1823 1796
f 1788 1818 1819
f 1789 1795 1790
f 1790 1795 1820
f 1790 1820 1821
f 1790 1821 1791
f 1791 1821 1812
f 1791 1812 1792
f 1794 1822 1820
f 1794 1820 1795
f 1794 1796 1822
f 1796 1823 1825
f 1796 1825 1822
f 1798 1801 1802
f 1799 1804 1805
f 1799 1805 1800
f 1800 1805 1802
f 1800 1802 1801
f 1807 1824 1808
f 1808 1810 1809
f 1812 1821 1815
f 1813 1816 1823
f 1813 1823 1819
f 1813 1819 1817
f 1815 1821 1816
f 1816 1821 1825
f 1816 1825 1823
f 1817 1819 1818
f 1820 1822 1821
f 1821 1822 1825

