# simplified by tools/simplify_meshes.py
v -0.06414018 0.17920989 -0.22427220
v -0.06413911 0.17924266 -0.06798346
v -0.00000018 0.17927935 -0.06798417
v -0.00000018 0.17924516 -0.22427220
v -0.06413590 0.17920206 0.08831952
v -0.00000018 0.17924266 0.08831809
v 0.06413875 0.17924266 -0.06798346
v 0.06413982 0.17920989 -0.22427220
v 0.06413555 0.17920206 0.08831952
v -0.11731111 0.17900296 -0.35378883
v -0.11731111 0.17910482 -0.22427184
v -0.11730898 0.17913225 -0.06798239
v -0.11730292 0.17907918 0.08832308
v -0.11729081 0.17893992 0.21788886
v -0.06412985 0.17908595 0.21787996
v 0.02953842 0.17913857 0.21462184
v 0.11729046 0.17893992 0.21788886
v 0.11730257 0.17907953 0.08832344
v 0.11730898 0.17913260 -0.06798239
v 0.11731076 0.17910482 -0.22427184
v 0.06413982 0.17910589 -0.35378918
v 0.11731076 0.17900296 -0.35378883
v -0.02954148 0.17914714 -0.35053045
v 0.16627574 -0.09679898 0.38963357
v 0.15974845 -0.04949812 0.40960575
v 0.16364205 -0.07583335 0.40080450
v 0.15696974 -0.02874689 0.41695758
v 0.15729853 -0.02838945 0.41931774
v 0.15531880 -0.00904235 0.43100055
v 0.15616425 -0.01727012 0.42917606
v -0.17526866 -0.05357911 0.36679840
v -0.17527365 -0.00000000 0.36675602
v -0.17559563 -0.00000000 0.36649530
v -0.17559029 -0.05413260 0.36653804
v -0.17526866 0.05357911 0.36679840
v -0.17559064 0.05413260 0.36653804
v -0.17590585 -0.00000000 0.36623138
v -0.17589980 -0.05470676 0.36627412
v -0.17589980 0.05470676 0.36627447
v -0.17495843 -0.05306444 0.36707088
v -0.17496342 -0.00000000 0.36702992
v -0.17495843 0.05306444 0.36707088
v -0.17494419 0.09704433 0.36719376
v -0.17525370 0.09798392 0.36692520
v -0.17630062 0.09862827 0.36598932
v -0.17617298 0.05528411 0.36599132
v -0.17617975 -0.00000000 0.36594929
v -0.17617298 -0.05528411 0.36599132
v -0.17588235 -0.10004580 0.36640198
v -0.17615233 -0.10110221 0.36611704
v -0.17535308 -0.09553079 0.36680785
v 0.17526866 0.05357911 0.36679840
v 0.17527365 -0.00000000 0.36675602
v 0.17559563 -0.00000000 0.36649530
v 0.17559029 0.05413260 0.36653804
v 0.17526866 -0.05357911 0.36679840
v 0.17559029 -0.05413260 0.36653804
v 0.17590550 -0.00000000 0.36623138
v 0.17589980 0.05470711 0.36627412
v 0.17589980 -0.05470676 0.36627447
v 0.17495843 0.05306480 0.36707088
v 0.17496342 -0.00000000 0.36702992
v 0.17495843 -0.05306444 0.36707088
v 0.17505914 -0.09404788 0.36703393
v 0.17629218 -0.09855824 0.36599854
v 0.17617298 -0.05528411 0.36599132
v 0.17617975 -0.00000000 0.36594929
v 0.17617298 0.05528411 0.36599132
v 0.17588235 0.10004580 0.36640198
v 0.17615197 0.10110221 0.36611704
v 0.17537685 0.09551275 0.36678542
v 0.17921078 0.06413466 -0.22427148
v 0.17924854 0.06409512 -0.06797990
v 0.17928344 -0.00000000 -0.06798061
v 0.17924533 -0.00000000 -0.22427184
v 0.17922183 0.06398791 0.08833127
v 0.17925673 -0.00000000 0.08833020
v 0.17924854 -0.06409476 -0.06797990
v 0.17921078 -0.06413430 -0.22427148
v 0.17922183 -0.06398756 0.08833127
v 0.17900278 0.11731129 -0.35378883
v 0.17910607 0.11730096 -0.22427148
v 0.17914347 0.11722866 -0.06797919
v 0.17911711 0.11703205 0.08833448
v 0.17910806 0.09061322 0.21447789
v 0.17917079 -0.02938294 0.21468846
v 0.17903020 -0.11664881 0.21791558
v 0.17911747 -0.11703205 0.08833448
v 0.17914347 -0.11722866 -0.06797919
v 0.17910643 -0.11730096 -0.22427148
v 0.17908096 -0.09114664 -0.35030319
v 0.17914691 0.02953646 -0.35052555
v -0.16042069 0.05220802 0.41136388
v -0.16639589 0.09738871 0.38992411
v -0.15531262 0.00896316 0.43106018
v -0.15616425 0.01727012 0.42917606
v 0.16368014 0.07536299 0.40122420
v 0.15515653 0.00768409 0.43058199
v 0.15616425 0.01727012 0.42917606
v 0.15730424 0.02801525 0.41973415
v 0.05951362 -0.10794543 0.39263600
v -0.02893971 -0.07790412 0.40478157
v -0.00050551 -0.13515853 0.38168223
v 0.11155027 -0.13590854 0.38123772
v -0.10405311 -0.04959858 0.41607341
v -0.14015923 -0.12407869 0.38601554
v 0.00082786 0.00636017 0.46413400
v -0.08007510 0.00603736 0.47153828
v -0.05688029 0.00538373 0.48802991
v -0.11498518 0.00590630 0.47186518
v -0.11432922 0.00502670 0.49197699
v -0.00088562 0.00524922 0.48947127
v 0.11892064 0.00521903 0.48844698
v -0.14770469 0.00195205 0.49142088
v -0.11582766 -0.00015781 0.49935721
v -0.08847000 -0.00104893 0.49955514
v -0.08722376 -0.00009000 0.49972387
v -0.08847178 0.00055777 0.49966235
v -0.08847000 0.00104893 0.49955514
v -0.11217128 0.00173717 0.49878077
v -0.12867768 -0.00251201 0.49786064
v -0.04817151 -0.00055421 0.49988923
v -0.00000018 -0.00055314 0.49996474
v -0.00000018 -0.00000000 0.50000000
v -0.04817223 -0.00000000 0.49992449
v 0.04817151 -0.00055421 0.49988923
v 0.04817187 -0.00000000 0.49992485
v -0.00000018 0.00055314 0.49996510
v -0.04817151 0.00055456 0.49988923
v 0.04817151 0.00055456 0.49988923
v -0.04816938 -0.00104252 0.49978309
v -0.00000018 -0.00104038 0.49985896
v 0.04816938 -0.00104252 0.49978309
v 0.08847000 -0.00104893 0.49955514
v 0.08734780 -0.00015140 0.49972695
v 0.08847178 0.00055812 0.49966235
v 0.08847000 0.00104893 0.49955514
v 0.04816938 0.00104252 0.49978273
v -0.00000018 0.00104038 0.49985896
v -0.04816938 0.00104252 0.49978309
v -0.00082611 -0.00636025 0.46413295
v -0.07989780 -0.00562718 0.48571303
v 0.08005176 -0.00603710 0.47153749
v 0.07635773 -0.00541407 0.48935294
v 0.11499512 -0.00590621 0.47186470
v 0.11397933 -0.00514197 0.49061133
v 0.00089058 -0.00524954 0.48946759
v -0.13592423 -0.00623463 0.46114903
v -0.11590580 -0.00539665 0.48677831
v 0.15444355 -0.00388059 0.44921600
v 0.15535247 0.00153841 0.45843315
v -0.05951753 0.10793049 0.39264202
v 0.02892934 0.07788670 0.40478864
v 0.00049812 0.13514269 0.38168875
v -0.11156350 0.13589514 0.38124311
v 0.10408145 0.04959985 0.41607277
v 0.10944413 0.10619484 0.39323680
v -0.15616425 -0.01727012 0.42917606
v 0.16216233 -0.02418072 0.39522071
v -0.15953749 -0.00392997 0.40380970
v -0.15714891 0.01951325 0.41088189
v -0.15441276 0.00002553 0.42403039
v -0.15585533 0.01892510 0.42199944
v -0.15488235 -0.00299798 0.43628405
v -0.15548295 -0.01316199 0.42461643
v 0.11508329 0.00011887 0.49935074
v 0.11266141 -0.00124259 0.49919747
v 0.13102675 -0.00086359 0.49892318
v -0.17921078 -0.06413430 -0.22427148
v -0.17924854 -0.06409512 -0.06797990
v -0.17928344 -0.00000000 -0.06798061
v -0.17924569 -0.00000000 -0.22427184
v -0.17922218 -0.06398756 0.08833127
v -0.17925709 -0.00000000 0.08833020
v -0.17924854 0.06409512 -0.06797990
v -0.17921078 0.06413430 -0.22427148
v -0.17922218 0.06398756 0.08833127
v -0.17900278 -0.11731094 -0.35378883
v -0.17910643 -0.11730096 -0.22427148
v -0.17914347 -0.11722866 -0.06797919
v -0.17911747 -0.11703205 0.08833448
v -0.17902985 -0.11664917 0.21791558
v -0.17913350 -0.06377848 0.21790774
v -0.17917078 0.02938526 0.21469092
v -0.17903020 0.11664917 0.21791558
v -0.17911747 0.11703205 0.08833448
v -0.17914382 0.11722866 -0.06797919
v -0.17910643 0.11730096 -0.22427148
v -0.17908093 0.09115668 -0.35030417
v -0.17914695 -0.02953886 -0.35052778
v 0.15439033 0.00012702 0.42352991
v 0.15507749 0.01187854 0.42283867
v 0.15486088 -0.00039527 0.43245194
v -0.15951930 -0.04761318 0.40912393
v -0.16407099 -0.07944140 0.40098272
v 0.06413982 -0.17920989 -0.22427220
v 0.06413875 -0.17924266 -0.06798346
v 0.00000018 -0.17927935 -0.06798417
v 0.00000018 -0.17924480 -0.22427220
v 0.06413590 -0.17920170 0.08831952
v 0.00000018 -0.17924266 0.08831809
v -0.06413875 -0.17924266 -0.06798346
v -0.06413982 -0.17920989 -0.22427220
v -0.06413590 -0.17920170 0.08831952
v 0.11731111 -0.17900260 -0.35378883
v 0.11731111 -0.17910482 -0.22427184
v 0.11730898 -0.17913225 -0.06798239
v 0.11730292 -0.17907918 0.08832308
v 0.11729081 -0.17893992 0.21788886
v 0.06412985 -0.17908595 0.21787996
v -0.02953622 -0.17913835 0.21461961
v -0.11729046 -0.17893992 0.21788886
v -0.11730257 -0.17907918 0.08832344
v -0.11730898 -0.17913225 -0.06798239
v -0.11731111 -0.17910482 -0.22427184
v -0.09115678 -0.17908091 -0.35030452
v 0.02953904 -0.17914697 -0.35052820
v 0.16624302 0.16298335 -0.49942788
v 0.11564718 0.14729977 -0.49968717
v 0.11730898 0.17537249 -0.49909354
v 0.11730862 0.17645596 -0.49884244
v 0.14990204 0.17590424 -0.49889747
v 0.17537231 0.11730916 -0.49909354
v 0.17645579 0.11730880 -0.49884244
v 0.15914466 0.11667966 -0.49953337
v 0.15128076 0.17661054 -0.49847665
v 0.14955006 0.17694939 -0.49808221
v 0.16836397 0.17673712 -0.49819547
v 0.17634453 0.17670089 -0.49794286
v 0.11730826 0.17663441 -0.49860060
v 0.11730791 0.17682175 -0.49837086
v 0.11730791 0.17701729 -0.49815146
v 0.11730791 0.17722067 -0.49794061
v 0.15128005 0.17714979 -0.49786973
v 0.16873109 0.17739301 -0.49752080
v 0.17672644 0.17678893 -0.49731772
v 0.17658733 0.14969156 -0.49856874
v 0.17674185 0.16838320 -0.49819016
v 0.17694936 0.14956185 -0.49808194
v 0.17663423 0.11730844 -0.49860060
v 0.17739898 0.16868904 -0.49751564
v 0.17714961 0.15128023 -0.49786973
v 0.17701711 0.11730809 -0.49815146
v 0.17722049 0.11730809 -0.49794061
v 0.17682158 0.11730809 -0.49837086
v 0.16880875 0.17845979 -0.43646443
v 0.17536554 0.17822401 -0.43646300
v 0.16276153 0.17862466 -0.48281545
v 0.15128682 0.17883449 -0.35378811
v 0.16881160 0.17861793 -0.35378776
v 0.17537231 0.17837396 -0.35378705
v 0.17645579 0.17812250 -0.35378633
v 0.17644225 0.17798395 -0.43646193
v 0.17642551 0.17780942 -0.47898793
v 0.17631730 0.17764867 -0.49406877
v 0.11730898 0.17837360 -0.49477637
v 0.11730862 0.17812250 -0.49717590
v 0.12894684 0.17880397 -0.45080754
v 0.17661037 0.17775671 -0.43646122
v 0.17678418 0.17754372 -0.43646051
v 0.17673788 0.17740980 -0.47898401
v 0.17658080 0.17760142 -0.47898579
v 0.17696369 0.17734248 -0.43646051
v 0.17689780 0.17723135 -0.47898330
v 0.17663423 0.17788066 -0.35378598
v 0.17682158 0.17765092 -0.35378598
v 0.17701711 0.17743152 -0.35378598
v 0.17722049 0.17722067 -0.35378562
v 0.17714961 0.17714979 -0.43646015
v 0.17706164 0.17706181 -0.47898294
v 0.17716231 0.17680594 -0.49375783
v 0.14972774 0.17786390 -0.49728380
v 0.14957463 0.17736214 -0.49766927
v 0.11730826 0.17788066 -0.49735435
v 0.11730791 0.17743152 -0.49773723
v 0.11730791 0.17765092 -0.49754169
v 0.17879777 0.14552222 -0.43496774
v 0.17862474 0.16275081 -0.48282193
v 0.17822383 0.17536572 -0.43646300
v 0.17883431 0.15128700 -0.35378811
v 0.17837378 0.11730916 -0.49477637
v 0.17812232 0.11730880 -0.49717590
v 0.17741723 0.17590199 -0.49740381
v 0.17780924 0.17642569 -0.47898793
v 0.17798377 0.17644243 -0.43646193
v 0.17837342 0.17537249 -0.35378705
v 0.17812232 0.17645596 -0.35378633
v 0.17861776 0.16881178 -0.35378776
v 0.17786346 0.14970568 -0.49728353
v 0.17736218 0.14954945 -0.49766927
v 0.17788048 0.11730844 -0.49735435
v 0.17765075 0.11730809 -0.49754169
v 0.17743134 0.11730809 -0.49773723
v 0.17775653 0.17661054 -0.43646122
v 0.17760124 0.17658098 -0.47898579
v 0.17740962 0.17673805 -0.47898401
v 0.17754354 0.17678436 -0.43646051
v 0.17723117 0.17689797 -0.47898330
v 0.17734230 0.17696387 -0.43646051
v 0.17788048 0.17663441 -0.35378598
v 0.17743134 0.17701729 -0.35378562
v 0.17765075 0.17682175 -0.35378598
v 0.17417129 0.09471710 0.36811482
v 0.17376003 0.09035892 0.36867491
v 0.17441064 0.09543229 0.36779355
v 0.17284135 0.08761806 0.36985239
v 0.17192160 0.13398763 0.37154974
v 0.16928600 0.11453124 0.37601723
v 0.16953633 0.07697172 0.37612832
v 0.17185837 0.08579536 0.37099407
v 0.16481279 -0.16481609 -0.49949009
v 0.11649353 -0.14455931 -0.49971779
v 0.15961986 -0.11581100 -0.49952405
v 0.17537266 -0.11730916 -0.49909354
v 0.17645579 -0.11730844 -0.49884244
v 0.17650567 -0.17687438 -0.49765862
v 0.11730933 -0.17537249 -0.49909354
v 0.11730862 -0.17645596 -0.49884244
v 0.17658961 -0.14968950 -0.49856699
v 0.17694929 -0.14956203 -0.49808226
v 0.17674190 -0.16837924 -0.49819062
v 0.17663423 -0.11730809 -0.49860060
v 0.17682158 -0.11730809 -0.49837086
v 0.17701711 -0.11730809 -0.49815146
v 0.17722049 -0.11730809 -0.49794061
v 0.17714961 -0.15127987 -0.49786973
v 0.17739597 -0.16868861 -0.49751898
v 0.14976315 -0.17650564 -0.49864504
v 0.16758515 -0.17714026 -0.49781850
v 0.14975820 -0.17687862 -0.49816493
v 0.11730826 -0.17663405 -0.49860060
v 0.15128005 -0.17714979 -0.49786973
v 0.11730826 -0.17701694 -0.49815146
v 0.11730826 -0.17722031 -0.49794061
v 0.11730826 -0.17682140 -0.49837086
v 0.17879592 -0.14561920 -0.43508816
v 0.17822383 -0.17536572 -0.43646300
v 0.17862469 -0.16276627 -0.48282275
v 0.17883431 -0.15128664 -0.35378811
v 0.17861776 -0.16881178 -0.35378776
v 0.17837378 -0.17537249 -0.35378705
v 0.17812232 -0.17645596 -0.35378633
v 0.17798377 -0.17644243 -0.43646193
v 0.17780924 -0.17642569 -0.47898793
v 0.17732509 -0.17627980 -0.49726707
v 0.17812232 -0.11730844 -0.49717590
v 0.17872771 -0.11691745 -0.48572686
v 0.17775689 -0.17661019 -0.43646122
v 0.17754389 -0.17678400 -0.43646051
v 0.17740997 -0.17673770 -0.47898401
v 0.17760124 -0.17658062 -0.47898579
v 0.17734230 -0.17696387 -0.43646051
v 0.17723117 -0.17689762 -0.47898330
v 0.17697928 -0.17697726 -0.49337974
v 0.17788083 -0.17663405 -0.35378598
v 0.17765110 -0.17682140 -0.35378598
v 0.17743134 -0.17701694 -0.35378562
v 0.17722049 -0.17722031 -0.35378562
v 0.17714961 -0.17714979 -0.43646015
v 0.17706164 -0.17706181 -0.47898294
v 0.17786485 -0.14970527 -0.49728298
v 0.17736223 -0.14955097 -0.49766929
v 0.17788083 -0.11730809 -0.49735435
v 0.17743134 -0.11730809 -0.49773723
v 0.17765075 -0.11730809 -0.49754169
v 0.14552977 -0.17879758 -0.43496035
v 0.17536590 -0.17822365 -0.43646300
v 0.15128682 -0.17883413 -0.35378811
v 0.11730933 -0.17837360 -0.49477637
v 0.11730862 -0.17812214 -0.49717590
v 0.16937066 -0.17859620 -0.48791164
v 0.17642587 -0.17780907 -0.47898793
v 0.17644225 -0.17798359 -0.43646193
v 0.17537266 -0.17837360 -0.35378705
v 0.17645579 -0.17812214 -0.35378633
v 0.16881196 -0.17861793 -0.35378776
v 0.14977607 -0.17794569 -0.49719036
v 0.14975820 -0.17744641 -0.49759734
v 0.11730826 -0.17788066 -0.49735435
v 0.11730826 -0.17765092 -0.49754169
v 0.11730826 -0.17743117 -0.49773723
v 0.17661037 -0.17775671 -0.43646122
v 0.17658080 -0.17760106 -0.47898579
v 0.17673788 -0.17740980 -0.47898401
v 0.17678418 -0.17754372 -0.43646051
v 0.17689780 -0.17723100 -0.47898330
v 0.17696405 -0.17734212 -0.43646051
v 0.17663423 -0.17788066 -0.35378598
v 0.17701711 -0.17743117 -0.35378598
v 0.17682158 -0.17765092 -0.35378598
v 0.17407492 -0.09114371 0.36823960
v 0.17536386 -0.14225751 0.36735393
v 0.17339424 -0.08882546 0.36915780
v 0.17288999 -0.11602285 0.36989068
v 0.17183370 -0.13326006 0.37160116
v 0.17364044 -0.14234419 0.37015513
v 0.16879647 -0.11460524 0.37963384
v 0.17174387 -0.08559614 0.37111718
v 0.17248541 -0.08721672 0.37028648
v 0.17289748 -0.14227419 0.37473666
v -0.16482630 0.16481602 -0.49948991
v -0.11648896 0.14456574 -0.49971773
v -0.15960998 0.11581698 -0.49952420
v -0.17537266 0.11730916 -0.49909354
v -0.17645614 0.11730880 -0.49884244
v -0.11730933 0.17537249 -0.49909354
v -0.11730862 0.17645596 -0.49884244
v -0.17658883 0.14969102 -0.49856713
v -0.17694943 0.14955945 -0.49808207
v -0.17673717 0.16837706 -0.49819489
v -0.17663423 0.11730844 -0.49860060
v -0.17682158 0.11730809 -0.49837086
v -0.17701711 0.11730809 -0.49815146
v -0.17722049 0.11730809 -0.49794061
v -0.17714997 0.15127987 -0.49786973
v -0.17739387 0.16871066 -0.49752044
v -0.14967907 0.17658837 -0.49856885
v -0.16836815 0.17674295 -0.49818980
v -0.14955259 0.17694895 -0.49808232
v -0.11730826 0.17663441 -0.49860060
v -0.17500461 0.17729289 -0.49745663
v -0.16873213 0.17739801 -0.49751591
v -0.15128005 0.17714979 -0.49786973
v -0.11730826 0.17701729 -0.49815146
v -0.11730826 0.17722067 -0.49794061
v -0.11730826 0.17682140 -0.49837086
v -0.17879588 0.14562842 -0.43509498
v -0.17822383 0.17536572 -0.43646300
v -0.17862489 0.16276230 -0.48281634
v -0.17883467 0.15128700 -0.35378811
v -0.17861811 0.16881178 -0.35378776
v -0.17837378 0.17537249 -0.35378705
v -0.17812232 0.17645596 -0.35378633
v -0.17798377 0.17644243 -0.43646193
v -0.17780924 0.17642569 -0.47898793
v -0.17719063 0.17628069 -0.49747802
v -0.17812232 0.11730880 -0.49717590
v -0.17872802 0.11691644 -0.48572317
v -0.17775689 0.17661054 -0.43646122
v -0.17754389 0.17678400 -0.43646051
v -0.17740997 0.17673770 -0.47898401
v -0.17760124 0.17658098 -0.47898579
v -0.17734230 0.17696387 -0.43646051
v -0.17723153 0.17689762 -0.47898330
v -0.17788083 0.17663441 -0.35378598
v -0.17765110 0.17682140 -0.35378598
v -0.17743134 0.17701729 -0.35378562
v -0.17722049 0.17722067 -0.35378562
v -0.17714997 0.17714979 -0.43646015
v -0.17706199 0.17706181 -0.47898294
v -0.17786425 0.14971667 -0.49728351
v -0.17736223 0.14956328 -0.49766926
v -0.17788083 0.11730844 -0.49735435
v -0.17743134 0.11730809 -0.49773723
v -0.17765110 0.11730809 -0.49754169
v -0.17684468 0.17694050 -0.49712266
v -0.14553745 0.17879756 -0.43495294
v -0.17536590 0.17822365 -0.43646300
v -0.15128682 0.17883449 -0.35378811
v -0.11575819 0.17870870 -0.48631912
v -0.11730862 0.17812250 -0.49717590
v -0.16932678 0.17860781 -0.48790981
v -0.17642587 0.17780942 -0.47898793
v -0.17644261 0.17798395 -0.43646193
v -0.17537266 0.17837360 -0.35378705
v -0.17645614 0.17812250 -0.35378633
v -0.16881196 0.17861793 -0.35378776
v -0.14972886 0.17786258 -0.49728447
v -0.14957295 0.17736193 -0.49766930
v -0.11730826 0.17788066 -0.49735435
v -0.11730826 0.17765092 -0.49754169
v -0.11730826 0.17743117 -0.49773723
v -0.17661037 0.17775671 -0.43646122
v -0.17658080 0.17760106 -0.47898579
v -0.17673788 0.17740980 -0.47898401
v -0.17678418 0.17754372 -0.43646051
v -0.17689780 0.17723135 -0.47898330
v -0.17696405 0.17734212 -0.43646051
v -0.17697601 0.17698068 -0.49336544
v -0.17663423 0.17788066 -0.35378598
v -0.17701711 0.17743152 -0.35378562
v -0.17682158 0.17765092 -0.35378598
v -0.17466459 0.09619913 0.36748439
v -0.17441064 0.09543229 0.36779355
v -0.17409704 0.09126486 0.36820973
v -0.17398748 0.13512663 0.36863134
v -0.17340870 0.08892201 0.36913959
v -0.16777522 0.09110165 0.38006954
v -0.16962155 0.11933507 0.38131513
v -0.17173500 0.08561681 0.37112957
v -0.17336471 0.11791202 0.36930111
v -0.17099366 0.12911720 0.37363177
v -0.17247991 0.08724923 0.37029310
v -0.17328976 0.14097931 0.37041605
v -0.16683527 -0.17196495 -0.49917158
v -0.16267865 -0.15623652 -0.49949639
v -0.11564497 -0.14728860 -0.49968731
v -0.11730933 -0.17537249 -0.49909354
v -0.11730862 -0.17645596 -0.49884244
v -0.17537266 -0.11730916 -0.49909354
v -0.17645579 -0.11730880 -0.49884244
v -0.15915368 -0.11668095 -0.49953323
v -0.14976263 -0.17650346 -0.49864610
v -0.16758707 -0.17713931 -0.49781903
v -0.14975887 -0.17687631 -0.49816751
v -0.11730826 -0.17663441 -0.49860060
v -0.11730826 -0.17682140 -0.49837086
v -0.11730791 -0.17701729 -0.49815146
v -0.11730791 -0.17722067 -0.49794061
v -0.15128005 -0.17714979 -0.49786973
v -0.17658830 -0.14969107 -0.49856848
v -0.17674156 -0.16838175 -0.49819119
v -0.17694937 -0.14956209 -0.49808217
v -0.17663423 -0.11730844 -0.49860060
v -0.17739519 -0.16870823 -0.49751917
v -0.17714961 -0.15127987 -0.49786973
v -0.17701711 -0.11730809 -0.49815146
v -0.17722049 -0.11730809 -0.49794061
v -0.17682158 -0.11730809 -0.49837086
v -0.14562838 -0.17879574 -0.43509511
v -0.17536590 -0.17822365 -0.43646300
v -0.15128682 -0.17883449 -0.35378811
v -0.16881160 -0.17861793 -0.35378776
v -0.17537231 -0.17837360 -0.35378705
v -0.17645579 -0.17812250 -0.35378633
v -0.17644225 -0.17798395 -0.43646193
v -0.17642587 -0.17780942 -0.47898793
v -0.16938405 -0.17858492 -0.48788741
v -0.11730862 -0.17812250 -0.49717590
v -0.11691681 -0.17872751 -0.48572280
v -0.17661037 -0.17775671 -0.43646122
v -0.17678418 -0.17754372 -0.43646051
v -0.17673788 -0.17740980 -0.47898401
v -0.17658080 -0.17760106 -0.47898579
v -0.17696369 -0.17734248 -0.43646051
v -0.17689780 -0.17723135 -0.47898330
v -0.17663423 -0.17788066 -0.35378598
v -0.17682158 -0.17765092 -0.35378598
v -0.17701711 -0.17743117 -0.35378562
v -0.17722049 -0.17722067 -0.35378562
v -0.17714961 -0.17714979 -0.43646015
v -0.17706164 -0.17706181 -0.47898294
v -0.14977674 -0.17794727 -0.49718951
v -0.14975886 -0.17744689 -0.49759693
v -0.11730826 -0.17788066 -0.49735435
v -0.11730791 -0.17743117 -0.49773723
v -0.11730826 -0.17765092 -0.49754169
v -0.17879767 -0.14553012 -0.43496021
v -0.17862405 -0.16276137 -0.48282012
v -0.17822383 -0.17536572 -0.43646300
v -0.17883431 -0.15128700 -0.35378811
v -0.17837378 -0.11730916 -0.49477637
v -0.17812232 -0.11730880 -0.49717590
v -0.17751069 -0.17650261 -0.49370009
v -0.17780924 -0.17642569 -0.47898793
v -0.17798377 -0.17644243 -0.43646193
v -0.17837378 -0.17537249 -0.35378705
v -0.17812232 -0.17645596 -0.35378633
v -0.17861776 -0.16881178 -0.35378776
v -0.17786334 -0.14971634 -0.49728381
v -0.17736211 -0.14956232 -0.49766930
v -0.17788083 -0.11730844 -0.49735435
v -0.17765075 -0.11730809 -0.49754169
v -0.17743134 -0.11730809 -0.49773723
v -0.17775653 -0.17661054 -0.43646122
v -0.17760124 -0.17658098 -0.47898579
v -0.17740997 -0.17673770 -0.47898401
v -0.17754354 -0.17678400 -0.43646051
v -0.17723117 -0.17689762 -0.47898330
v -0.17734230 -0.17696387 -0.43646051
v -0.17788083 -0.17663441 -0.35378598
v -0.17743134 -0.17701729 -0.35378598
v -0.17765075 -0.17682140 -0.35378598
v -0.17680514 -0.17689289 -0.49740183
v -0.17411929 -0.09139840 0.36817754
v -0.17441064 -0.09543229 0.36779355
v -0.17294499 -0.09129143 0.36973184
v -0.17346502 -0.08965509 0.36906230
v -0.16907975 -0.11649946 0.38100174
v -0.17378206 -0.14675058 0.37171876
v -0.17139923 -0.11105593 0.37176504
v -0.16832793 -0.05106787 0.37908893
v -0.17174583 -0.08555772 0.37114099
v -0.17248531 -0.08726649 0.37028354
v 0.14127442 0.00198947 0.49597921
v 0.14429725 0.00245352 0.49359241
v 0.14157502 -0.00314867 0.49464753
v 0.14242830 -0.00166799 0.49575612
v -0.14374510 -0.00179229 0.49489730
v -0.14166765 0.00196642 0.49576286
v -0.13877300 -0.00413107 0.49486317
v -0.14151482 -0.00274837 0.49511608
v 0.14550504 0.17866332 0.29916570
v 0.15730996 0.17807248 0.34836299
v 0.17527472 0.17759287 0.30075003
v 0.15125619 0.17870128 0.21790382
v 0.11721602 0.17809222 0.35917915
v 0.11718432 0.17775137 0.36170513
v 0.17403913 0.17673483 0.36031859
v 0.17575053 0.17692216 0.34112968
v 0.17634217 0.17714302 0.30078743
v 0.17532529 0.17804521 0.21794264
v 0.17640378 0.17768476 0.21796188
v 0.16877171 0.17839355 0.21792234
v 0.14957227 0.17713325 0.36186462
v 0.16700262 0.17455840 0.36341956
v 0.11715155 0.17742191 0.36201001
v 0.11711842 0.17710990 0.36232095
v 0.11708494 0.17681784 0.36263795
v 0.11705182 0.17654714 0.36295921
v 0.14786468 0.17613644 0.36275016
v 0.17650779 0.17670920 0.30081948
v 0.17656848 0.17550386 0.34149812
v 0.17668623 0.17630139 0.30084477
v 0.17675177 0.17491516 0.34363611
v 0.17687678 0.17592349 0.30086187
v 0.17658116 0.17733607 0.21797862
v 0.17658705 0.17382550 0.35928029
v 0.17694303 0.17449737 0.34365000
v 0.17708016 0.17557942 0.30087006
v 0.17697224 0.17669389 0.21800034
v 0.17718452 0.17640432 0.21800498
v 0.17677100 0.17700518 0.21799180
v 0.14918435 0.16965242 0.36729092
v 0.15297871 0.13347788 0.38201640
v 0.17101707 0.14305670 0.37738987
v 0.17182361 0.16757647 0.36783402
v 0.11684951 0.17510001 0.36477961
v 0.11692182 0.17568912 0.36427599
v 0.11466383 0.16014753 0.37144551
v 0.17331483 0.15671287 0.37126035
v 0.17517834 0.17015741 0.36504847
v 0.17091415 0.13862677 0.37836719
v 0.17104089 0.13830128 0.37825756
v 0.17447628 0.16336485 0.36798744
v 0.14921057 0.17493762 0.36429467
v 0.14930927 0.17535918 0.36359802
v 0.11695423 0.17587113 0.36394261
v 0.11701905 0.17629960 0.36328404
v 0.11698664 0.17607450 0.36361137
v 0.17403089 0.14742076 0.37140918
v 0.17300101 0.15157759 0.37266350
v 0.17090513 0.12907646 0.38084902
v 0.17527797 0.16078845 0.36723047
v 0.17636603 0.10213832 0.36579969
v 0.17653628 0.10315626 0.36545563
v 0.17668089 0.10416388 0.36509412
v 0.17681873 0.10517042 0.36472548
v 0.17696547 0.10618195 0.36435648
v 0.17712325 0.10719918 0.36398998
v 0.17729172 0.10821998 0.36362633
v 0.17747017 0.10924255 0.36326481
v 0.17767456 0.14093537 0.36276851
v 0.17648029 0.16392316 0.36424601
v 0.17884990 0.14403539 0.29941680
v 0.17826123 0.17346411 0.30078458
v 0.17866883 0.16028898 0.34742207
v 0.17886067 0.15043111 0.21792804
v 0.17864198 0.16785617 0.21794371
v 0.17839337 0.17438339 0.21796045
v 0.17813479 0.17547221 0.21797648
v 0.17800728 0.17455115 0.30081485
v 0.17784201 0.17334586 0.34355740
v 0.17720324 0.16780093 0.36292323
v 0.17777439 0.17172921 0.35963018
v 0.17895196 0.11352448 0.35579541
v 0.17775938 0.17476022 0.30083978
v 0.17752181 0.17499993 0.30085831
v 0.17736830 0.17382776 0.34362970
v 0.17759981 0.17356633 0.34359907
v 0.17729529 0.17527169 0.30086863
v 0.17714890 0.17413621 0.34364716
v 0.17788262 0.17567238 0.21798930
v 0.17764006 0.17589392 0.21799856
v 0.17740748 0.17613755 0.21800391
v 0.17586704 0.17337664 0.36285356
v 0.17659205 0.15235733 0.36554105
v 0.17805892 0.11230457 0.36220484
v 0.17765751 0.11026548 0.36290721
v 0.17785377 0.11128663 0.36255353
v 0.17682968 -0.13440423 0.36491363
v 0.17668089 -0.10416388 0.36509412
v 0.17681873 -0.10517007 0.36472548
v 0.17653628 -0.10315591 0.36545563
v 0.17696547 -0.10618195 0.36435648
v 0.17729208 -0.10821962 0.36362597
v 0.17747017 -0.10924219 0.36326481
v 0.17712361 -0.10719883 0.36398998
v 0.17625353 -0.15764127 0.36630129
v 0.17484205 -0.15229063 0.37023303
v 0.17115490 -0.13239103 0.37989761
v 0.17104089 -0.13830093 0.37825756
v 0.17340334 -0.15683012 0.37107851
v 0.17463131 -0.16396540 0.36762758
v 0.17531593 -0.16908629 0.36528539
v 0.14918937 -0.16965199 0.36729020
v 0.11445796 -0.16723326 0.36840295
v 0.11684987 -0.17509966 0.36477997
v 0.11692182 -0.17568877 0.36427563
v 0.17186132 -0.16763437 0.36779730
v 0.16191679 -0.14648634 0.37690682
v 0.14919913 -0.17492877 0.36430338
v 0.14930134 -0.17535023 0.36361061
v 0.17588368 -0.17295139 0.36311564
v 0.11695423 -0.17587077 0.36394261
v 0.11698664 -0.17607415 0.36361172
v 0.11701941 -0.17629925 0.36328404
v 0.11705218 -0.17654714 0.36295921
v 0.14785507 -0.17613260 0.36275293
v 0.17118752 -0.14188791 0.37740373
v 0.14559727 -0.17866051 0.29930363
v 0.17527472 -0.17759251 0.30075003
v 0.15125654 -0.17870092 0.21790382
v 0.16877206 -0.17839355 0.21792234
v 0.17532529 -0.17804521 0.21794264
v 0.17640414 -0.17768441 0.21796188
v 0.17634252 -0.17714267 0.30078743
v 0.17572357 -0.17693120 0.34112803
v 0.17006710 -0.17788067 0.35697393
v 0.11718432 -0.17775101 0.36170548
v 0.11687477 -0.17859503 0.35015192
v 0.17650814 -0.17670920 0.30081948
v 0.17668623 -0.17630139 0.30084442
v 0.17650377 -0.17571251 0.34111720
v 0.17687714 -0.17592313 0.30086187
v 0.17675212 -0.17491480 0.34363576
v 0.17691513 -0.17320560 0.35856099
v 0.17658116 -0.17733571 0.21797862
v 0.17677100 -0.17700483 0.21799180
v 0.17697224 -0.17669353 0.21800034
v 0.17718487 -0.17640396 0.21800462
v 0.17708016 -0.17557907 0.30087006
v 0.17694339 -0.17449701 0.34364965
v 0.14957330 -0.17714504 0.36185803
v 0.16700806 -0.17454495 0.36342923
v 0.11715155 -0.17742155 0.36201001
v 0.11708530 -0.17681748 0.36263795
v 0.11711842 -0.17710990 0.36232095
v 0.17885125 -0.14396674 0.29933111
v 0.17867178 -0.16024663 0.34742151
v 0.17826123 -0.17346375 0.30078458
v 0.17886067 -0.15043111 0.21792804
v 0.17849096 -0.11431125 0.35929811
v 0.17794549 -0.14284467 0.36226893
v 0.17784201 -0.17334586 0.34355740
v 0.17800728 -0.17455079 0.30081485
v 0.17839372 -0.17438304 0.21796045
v 0.17813514 -0.17547186 0.21797648
v 0.17864198 -0.16785581 0.21794371
v 0.17840141 -0.11063751 0.36160877
v 0.17785377 -0.11128663 0.36255318
v 0.17765751 -0.11026512 0.36290721
v 0.17775974 -0.17476022 0.30084014
v 0.17760017 -0.17356598 0.34359907
v 0.17736866 -0.17382741 0.34362935
v 0.17752217 -0.17499957 0.30085831
v 0.17714926 -0.17413585 0.34364716
v 0.17729529 -0.17527169 0.30086863
v 0.17788262 -0.17567203 0.21798930
v 0.17740748 -0.17613755 0.21800391
v 0.17764006 -0.17589357 0.21799856
v 0.17694996 -0.16803943 0.36321660
v -0.13147456 -0.16516941 0.36945755
v -0.17101876 -0.14306801 0.37738533
v -0.17417142 -0.17062681 0.36613021
v -0.11684951 -0.17509966 0.36477961
v -0.11692182 -0.17568877 0.36427599
v -0.17331197 -0.15670291 0.37126575
v -0.17091377 -0.13862162 0.37836878
v -0.17104089 -0.13830093 0.37825756
v -0.14919971 -0.17493030 0.36430453
v -0.14930042 -0.17535123 0.36360928
v -0.11695423 -0.17587113 0.36394225
v -0.17586897 -0.17090781 0.36389084
v -0.14785220 -0.17613688 0.36275563
v -0.11701941 -0.17629925 0.36328404
v -0.11705218 -0.17654714 0.36295921
v -0.11698664 -0.17607415 0.36361172
v -0.17494414 -0.16206966 0.36746447
v -0.17640976 -0.16243221 0.36493785
v -0.17299622 -0.15157010 0.37267173
v -0.17120971 -0.13242639 0.37984142
v -0.17636639 -0.10213832 0.36579969
v -0.17653628 -0.10315626 0.36545563
v -0.17668089 -0.10416388 0.36509412
v -0.17681873 -0.10517042 0.36472548
v -0.17566780 -0.15253667 0.36841425
v -0.17696547 -0.10618195 0.36435648
v -0.17712361 -0.10719918 0.36399033
v -0.17729208 -0.10821962 0.36362597
v -0.17747017 -0.10924255 0.36326481
v -0.17768020 -0.14104077 0.36275502
v -0.17690243 -0.15246591 0.36460100
v -0.17884978 -0.14404382 0.29942497
v -0.17826123 -0.17346375 0.30078458
v -0.17886067 -0.15043111 0.21792804
v -0.17864198 -0.16785581 0.21794371
v -0.17839337 -0.17438304 0.21796045
v -0.17813479 -0.17547221 0.21797648
v -0.17800728 -0.17455079 0.30081485
v -0.17784201 -0.17334586 0.34355740
v -0.17867649 -0.16325514 0.35429565
v -0.17895205 -0.11352462 0.35579536
v -0.17775938 -0.17476022 0.30083978
v -0.17752217 -0.17499957 0.30085831
v -0.17736866 -0.17382776 0.34362970
v -0.17759981 -0.17356633 0.34359907
v -0.17729529 -0.17527169 0.30086863
v -0.17714890 -0.17413585 0.34364716
v -0.17788262 -0.17567203 0.21798930
v -0.17764006 -0.17589357 0.21799856
v -0.17740748 -0.17613755 0.21800391
v -0.17718487 -0.17640432 0.21800462
v -0.17708016 -0.17557907 0.30087006
v -0.17694303 -0.17449737 0.34364965
v -0.17805892 -0.11230421 0.36220484
v -0.17765751 -0.11026548 0.36290686
v -0.17785377 -0.11128663 0.36255353
v -0.14549810 -0.17866322 0.29917334
v -0.17527472 -0.17759287 0.30075003
v -0.15125619 -0.17870128 0.21790382
v -0.11721637 -0.17809222 0.35917915
v -0.11718432 -0.17775101 0.36170513
v -0.17013219 -0.17788212 0.35704480
v -0.17572603 -0.17694242 0.34112510
v -0.17634217 -0.17714267 0.30078743
v -0.17532529 -0.17804521 0.21794264
v -0.17640378 -0.17768476 0.21796188
v -0.16877206 -0.17839355 0.21792234
v -0.14956939 -0.17713884 0.36185894
v -0.16701471 -0.17454807 0.36343479
v -0.11715155 -0.17742155 0.36200966
v -0.11711842 -0.17710990 0.36232095
v -0.11708494 -0.17681784 0.36263795
v -0.17650814 -0.17670920 0.30081948
v -0.17650379 -0.17571900 0.34111699
v -0.17668623 -0.17630139 0.30084442
v -0.17675212 -0.17491516 0.34363576
v -0.17687714 -0.17592349 0.30086187
v -0.17690920 -0.17320516 0.35854932
v -0.17658116 -0.17733571 0.21797862
v -0.17697224 -0.17669389 0.21800034
v -0.17677100 -0.17700483 0.21799180
v -0.17544293 0.14872315 0.36788380
v -0.17668089 0.10416388 0.36509412
v -0.17681873 0.10517042 0.36472548
v -0.17653628 0.10315626 0.36545563
v -0.17748536 0.13988386 0.36311043
v -0.17696547 0.10618195 0.36435648
v -0.17729208 0.10821962 0.36362597
v -0.17747017 0.10924255 0.36326481
v -0.17712361 0.10719918 0.36398998
v -0.17101443 0.13497999 0.37909045
v -0.17104089 0.13830128 0.37825756
v -0.17340363 0.15682876 0.37107892
v -0.17444115 0.16333324 0.36805578
v -0.17504953 0.16325231 0.36701988
v -0.14919062 0.16964828 0.36729202
v -0.11446710 0.16722321 0.36840742
v -0.11684987 0.17509966 0.36477997
v -0.11692182 0.17568877 0.36427563
v -0.17185379 0.16763472 0.36779870
v -0.16191302 0.14648691 0.37690684
v -0.14921006 0.17492705 0.36430537
v -0.14931251 0.17534840 0.36361265
v -0.16723908 0.17530667 0.36290437
v -0.11695423 0.17587113 0.36394261
v -0.11698664 0.17607415 0.36361172
v -0.11701941 0.17629925 0.36328404
v -0.11705218 0.17654714 0.36295921
v -0.14787832 0.17613059 0.36275427
v -0.17118755 0.14188635 0.37740421
v -0.17552414 0.17195720 0.36416370
v -0.17547261 0.16665332 0.36525693
v -0.14560567 0.17866031 0.29931065
v -0.17527472 0.17759287 0.30075003
v -0.15731545 0.17806843 0.34836338
v -0.15125654 0.17870128 0.21790382
v -0.16877206 0.17839355 0.21792234
v -0.17532529 0.17804521 0.21794264
v -0.17640414 0.17768476 0.21796188
v -0.17634252 0.17714267 0.30078743
v -0.17572335 0.17693174 0.34112909
v -0.17589135 0.17542278 0.36147864
v -0.11718432 0.17775101 0.36170548
v -0.11687360 0.17859533 0.35014894
v -0.17650814 0.17670920 0.30081948
v -0.17668623 0.17630139 0.30084442
v -0.17650394 0.17571264 0.34111732
v -0.17687714 0.17592349 0.30086187
v -0.17675212 0.17491516 0.34363576
v -0.17658116 0.17733571 0.21797862
v -0.17677100 0.17700483 0.21799180
v -0.17697259 0.17669389 0.21800034
v -0.17718487 0.17640432 0.21800462
v -0.17708016 0.17557907 0.30087006
v -0.17694339 0.17449737 0.34364965
v -0.14958449 0.17714469 0.36185819
v -0.11715155 0.17742155 0.36201001
v -0.11708530 0.17681784 0.36263795
v -0.11711842 0.17710990 0.36232095
v -0.17885133 0.14397450 0.29932452
v -0.17826123 0.17346411 0.30078458
v -0.17886067 0.15043111 0.21792804
v -0.17849096 0.11431160 0.35929811
v -0.17868042 0.16321845 0.35427471
v -0.17784201 0.17334586 0.34355740
v -0.17800728 0.17455079 0.30081485
v -0.17839372 0.17438304 0.21796045
v -0.17813514 0.17547221 0.21797648
v -0.17864198 0.16785581 0.21794371
v -0.17570134 0.15610131 0.36779365
v -0.17643406 0.16559922 0.36420065
v -0.17840328 0.11067367 0.36160447
v -0.17785412 0.11128663 0.36255318
v -0.17765787 0.11026548 0.36290721
v -0.17775974 0.17476022 0.30084014
v -0.17760017 0.17356633 0.34359907
v -0.17736866 0.17382776 0.34362935
v -0.17752217 0.17499957 0.30085831
v -0.17727576 0.17273526 0.35842745
v -0.17714926 0.17413585 0.34364716
v -0.17729529 0.17527169 0.30086863
v -0.17788262 0.17567203 0.21798930
v -0.17740748 0.17613755 0.21800391
v -0.17764006 0.17589357 0.21799856
v 0.12937762 0.00769152 0.43689935
v 0.14477006 0.00893429 0.43393680
v 0.10128618 0.00826393 0.43561317
v 0.10130078 0.00852073 0.43521533
v 0.10151780 0.00692061 0.44700416
v 0.15289250 0.00575201 0.43701209
v 0.15207022 0.00714913 0.43497038
v 0.12931977 0.00873756 0.43465155
v 0.10131574 0.00876577 0.43494428
v 0.12801180 0.00951076 0.43367277
v 0.10134673 0.00922809 0.43437618
v 0.10136382 0.00944500 0.43408020
v 0.10133105 0.00900156 0.43466433
v 0.15366768 0.00914821 0.43054344
v 0.15344487 0.00525269 0.43588732
v 0.15698643 0.02816691 0.42196018
v 0.15483879 0.01664940 0.42698419
v 0.15676024 0.03303248 0.42052572
v 0.15655390 0.03383965 0.42056308
v 0.15276651 0.00682281 0.43237870
v 0.10086250 0.01845747 0.42883453
v 0.10149846 0.01080059 0.43233674
v 0.10143933 0.01021077 0.43283182
v 0.15423601 0.02048423 0.42678143
v 0.14395010 0.02070417 0.42746521
v 0.12944945 0.00994438 0.43286339
v 0.10141974 0.01003589 0.43315273
v 0.10140051 0.00984925 0.43346830
v 0.10138163 0.00965229 0.43377781
v 0.15455435 0.02008147 0.42631308
v 0.15634113 0.03461122 0.42077933
v 0.12982639 -0.00710492 0.44244764
v 0.14479690 -0.00869931 0.43416877
v 0.09864049 -0.00746725 0.44093868
v 0.10128618 -0.00826357 0.43561317
v 0.10130078 -0.00852037 0.43521533
v 0.12929997 -0.00830403 0.43511761
v 0.12934089 -0.00896142 0.43439631
v 0.10131574 -0.00876542 0.43494428
v 0.10133105 -0.00900121 0.43466433
v 0.10134673 -0.00922773 0.43437618
v 0.10136382 -0.00944500 0.43408020
v 0.12802286 -0.00950160 0.43368370
v 0.15254092 -0.00641358 0.43804004
v 0.15233043 -0.00797829 0.43311121
v 0.14198832 -0.01555217 0.42976036
v 0.10201169 -0.02099372 0.42730020
v 0.10143933 -0.01021041 0.43283182
v 0.15422342 -0.01974811 0.42694538
v 0.15631772 -0.03489102 0.42080308
v 0.15655390 -0.03383929 0.42056308
v 0.15358940 -0.01149662 0.42964258
v 0.15313634 -0.00597095 0.43226410
v 0.12945786 -0.00994020 0.43286944
v 0.10141974 -0.01003553 0.43315273
v 0.10138163 -0.00965229 0.43377781
v 0.10140051 -0.00984925 0.43346830
v 0.15488151 -0.01473945 0.42754665
v 0.15551558 -0.02531091 0.42387547
v -0.15316865 -0.00602082 0.44097255
v -0.12938220 -0.00769156 0.43689934
v -0.14476891 -0.00893194 0.43394017
v -0.10128618 -0.00826357 0.43561317
v -0.10130078 -0.00852037 0.43521533
v -0.10152365 -0.00692057 0.44700517
v -0.15319311 -0.00493146 0.43575894
v -0.12932520 -0.00873762 0.43465131
v -0.10131574 -0.00876542 0.43494428
v -0.12802312 -0.00950380 0.43368332
v -0.10134708 -0.00922773 0.43437618
v -0.10136382 -0.00944500 0.43408020
v -0.10133105 -0.00900156 0.43466433
v -0.15696680 -0.03004200 0.42129458
v -0.15452775 -0.00884902 0.43277030
v -0.15483236 -0.01658338 0.42702331
v -0.15226221 -0.00760101 0.43377452
v -0.15666361 -0.03325481 0.42057982
v -0.15655390 -0.03383929 0.42056308
v -0.10087027 -0.01845148 0.42883705
v -0.10149846 -0.01080059 0.43233674
v -0.10143933 -0.01021077 0.43283182
v -0.15286011 -0.01037038 0.43096186
v -0.15423802 -0.02048489 0.42677994
v -0.14391960 -0.02072023 0.42745938
v -0.12945629 -0.00993922 0.43287010
v -0.10141974 -0.01003553 0.43315273
v -0.10140051 -0.00984925 0.43346830
v -0.10138163 -0.00965229 0.43377781
v -0.15455462 -0.02008584 0.42631161
v -0.15634452 -0.03461466 0.42077563
v -0.14442389 0.00723091 0.44238597
v -0.09863012 0.00746770 0.44093862
v -0.10128618 0.00826357 0.43561317
v -0.10130078 0.00852073 0.43521533
v -0.12929426 0.00830410 0.43511782
v -0.12933538 0.00896174 0.43439602
v -0.15227354 0.00816914 0.43308168
v -0.10131574 0.00876542 0.43494428
v -0.10133105 0.00900156 0.43466433
v -0.10134708 0.00922809 0.43437618
v -0.10136382 0.00944500 0.43408020
v -0.12801046 0.00949911 0.43368807
v -0.15264175 0.00631297 0.43612466
v -0.14199331 0.01554975 0.42976146
v -0.10201205 0.02098547 0.42730372
v -0.10143933 0.01021077 0.43283182
v -0.15422368 0.01974833 0.42694521
v -0.15631786 0.03489151 0.42080279
v -0.15655390 0.03383929 0.42056308
v -0.15482883 0.01927659 0.42619530
v -0.12945205 0.00993884 0.43287175
v -0.14476261 0.00892942 0.43394198
v -0.10141974 0.01003553 0.43315273
v -0.10138163 0.00965229 0.43377781
v -0.10140051 0.00984925 0.43346830
v -0.15346686 0.00646784 0.43150223
v -0.15733787 0.03179113 0.42043296
v 0.16881409 -0.00000000 -0.49946752
v 0.16881374 -0.06413929 -0.49943511
v 0.14550555 0.06459679 -0.49978521
v 0.17537801 -0.00000000 -0.49921642
v 0.17537658 -0.06413929 -0.49918579
v 0.17537658 0.06413929 -0.49918579
v 0.13343576 -0.06148689 -0.49979065
v 0.13335369 0.00240879 -0.49982224
v 0.17646433 0.06413929 -0.49892756
v 0.17646718 -0.00000000 -0.49895606
v 0.17646433 -0.06413893 -0.49892756
v 0.17664919 -0.06413893 -0.49867717
v 0.17665382 -0.00000000 -0.49870246
v 0.17685221 -0.00000000 -0.49845884
v 0.17684473 -0.06413857 -0.49843676
v 0.17664883 0.06413893 -0.49867717
v 0.17684473 0.06413893 -0.49843676
v 0.17706092 -0.00000000 -0.49822448
v 0.17704988 -0.06413857 -0.49820631
v 0.17704988 0.06413893 -0.49820631
v 0.17726394 0.06413893 -0.49798406
v 0.17727855 -0.00000000 -0.49799866
v 0.17726430 -0.06413857 -0.49798406
v 0.17748619 -0.06413857 -0.49777000
v 0.17750436 -0.00000000 -0.49778104
v 0.17773872 -0.00000000 -0.49757232
v 0.17771699 -0.06413857 -0.49756449
v 0.17748619 0.06413893 -0.49777000
v 0.17771699 0.06413893 -0.49756449
v 0.17798234 -0.00000000 -0.49737394
v 0.17795706 -0.06413893 -0.49736895
v 0.17795706 0.06413893 -0.49736895
v 0.17820745 0.06413929 -0.49718410
v 0.17823594 -0.00000000 -0.49718695
v 0.17820745 -0.06413893 -0.49718410
v 0.17908361 -0.06587402 -0.47041813
v 0.17849630 -0.00000000 -0.49478171
v 0.17846567 0.06413929 -0.49478028
v 0.17873517 0.08939204 -0.47528840
v 0.17897041 0.02058272 -0.44937421
v 0.15128717 0.17893315 -0.22427113
v 0.15128397 0.17895202 -0.06798061
v 0.16880911 0.17871944 -0.06797812
v 0.16881302 0.17871161 -0.22427077
v 0.15127471 0.17887901 0.08832949
v 0.16879664 0.17862043 0.08833733
v 0.17537195 0.17845552 -0.06797527
v 0.17537587 0.17846086 -0.22427006
v 0.17535664 0.17832730 0.08834588
v 0.17644225 0.17802313 0.08835407
v 0.17646042 0.17818127 -0.06797278
v 0.17646327 0.17820086 -0.22426970
v 0.17664812 0.17794869 -0.22426935
v 0.17664741 0.17791449 -0.06797064
v 0.17684580 0.17765840 -0.06796922
v 0.17684366 0.17770684 -0.22426899
v 0.17662639 0.17772715 0.08836119
v 0.17682336 0.17744434 0.08836653
v 0.17705523 0.17741229 -0.06796815
v 0.17704917 0.17747498 -0.22426863
v 0.17703101 0.17717508 0.08837045
v 0.17724898 0.17691970 0.08837223
v 0.17727427 0.17717686 -0.06796743
v 0.17726359 0.17725130 -0.22426863
v 0.17748584 0.17703653 -0.22426863
v 0.17750151 0.17695104 -0.06796743
v 0.17773765 0.17673663 -0.06796815
v 0.17771664 0.17683030 -0.22426899
v 0.17747622 0.17667893 0.08837188
v 0.17771236 0.17645347 0.08836974
v 0.17798270 0.17653361 -0.06796957
v 0.17795706 0.17663405 -0.22426899
v 0.17795777 0.17624333 0.08836582
v 0.17821279 0.17604921 0.08836012
v 0.17823736 0.17634413 -0.06797135
v 0.17820780 0.17644884 -0.22426935
v 0.17846603 0.17536144 -0.22427006
v 0.17849879 0.17525459 -0.06797313
v 0.17875025 0.16869495 -0.06797527
v 0.17871535 0.16879860 -0.22427042
v 0.17847422 0.17495933 0.08835336
v 0.17872532 0.16841037 0.08834659
v 0.17897179 0.15118086 -0.06797741
v 0.17893546 0.15127417 -0.22427077
v 0.17894615 0.15092655 0.08833982
v 0.17639239 0.05585007 0.36567717
v 0.17640094 -0.00000000 0.36563657
v 0.17658009 -0.00000000 0.36529856
v 0.17656905 0.05640606 0.36533809
v 0.17639239 -0.05585007 0.36567717
v 0.17656905 -0.05640570 0.36533809
v 0.17673538 -0.00000000 0.36494452
v 0.17672149 0.05695599 0.36498228
v 0.17672185 -0.05695599 0.36498228
v 0.17686788 -0.05750556 0.36461898
v 0.17688426 -0.00000000 0.36458372
v 0.17686788 0.05750592 0.36461898
v 0.17702281 0.05805870 0.36425675
v 0.17704205 -0.00000000 0.36422363
v 0.17721016 -0.00000000 0.36386603
v 0.17718843 0.05861469 0.36389702
v 0.17702281 -0.05805834 0.36425675
v 0.17718843 -0.05861433 0.36389702
v 0.17738825 -0.00000000 0.36351128
v 0.17736403 0.05917281 0.36354013
v 0.17736403 -0.05917281 0.36354013
v 0.17754853 -0.05973200 0.36318645
v 0.17757453 -0.00000000 0.36316010
v 0.17754853 0.05973200 0.36318610
v 0.17774086 0.06029155 0.36283598
v 0.17776864 -0.00000000 0.36281247
v 0.17797023 -0.00000000 0.36246983
v 0.17794103 0.06085003 0.36249049
v 0.17774086 -0.06029155 0.36283598
v 0.17794103 -0.06084967 0.36249049
v 0.17817966 -0.00000000 0.36213289
v 0.17814939 0.06140637 0.36215106
v 0.17814939 -0.06140601 0.36215106
v 0.17836594 -0.06195915 0.36181804
v 0.17839693 -0.00000000 0.36180343
v 0.17836594 0.06195915 0.36181839
v 0.17909536 0.06516273 0.33519491
v 0.17861989 -0.00000000 0.35925288
v 0.17858748 -0.06250232 0.35926427
v 0.17881339 -0.08790138 0.33987679
v 0.17902346 -0.02029779 0.31376694
v 0.15127471 -0.17887865 0.08832949
v 0.15128397 -0.17895202 -0.06798026
v 0.16880911 -0.17871909 -0.06797812
v 0.16879664 -0.17862043 0.08833733
v 0.15128717 -0.17893315 -0.22427113
v 0.16881302 -0.17871125 -0.22427077
v 0.17537231 -0.17845516 -0.06797527
v 0.17535664 -0.17832694 0.08834588
v 0.17537587 -0.17846051 -0.22427006
v 0.17646362 -0.17820050 -0.22426970
v 0.17646077 -0.17818127 -0.06797313
v 0.17644225 -0.17802277 0.08835407
v 0.17662675 -0.17772715 0.08836119
v 0.17664741 -0.17791414 -0.06797064
v 0.17684615 -0.17765805 -0.06796922
v 0.17682336 -0.17744434 0.08836653
v 0.17664812 -0.17794833 -0.22426935
v 0.17684401 -0.17770684 -0.22426899
v 0.17705558 -0.17741229 -0.06796815
v 0.17703101 -0.17717508 0.08837045
v 0.17704917 -0.17747462 -0.22426863
v 0.17726359 -0.17725130 -0.22426863
v 0.17727427 -0.17717650 -0.06796743
v 0.17724898 -0.17691970 0.08837223
v 0.17747622 -0.17667893 0.08837188
v 0.17750151 -0.17695104 -0.06796743
v 0.17773765 -0.17673627 -0.06796850
v 0.17771236 -0.17645311 0.08836974
v 0.17748584 -0.17703617 -0.22426863
v 0.17771664 -0.17682995 -0.22426899
v 0.17798270 -0.17653361 -0.06796957
v 0.17795777 -0.17624297 0.08836546
v 0.17795706 -0.17663405 -0.22426899
v 0.17820780 -0.17644884 -0.22426935
v 0.17823736 -0.17634413 -0.06797135
v 0.17821279 -0.17604921 0.08836012
v 0.17847422 -0.17495933 0.08835336
v 0.17849915 -0.17525424 -0.06797313
v 0.17875061 -0.16869460 -0.06797527
v 0.17872532 -0.16841037 0.08834659
v 0.17846603 -0.17536109 -0.22427006
v 0.17871535 -0.16879860 -0.22427042
v 0.17897215 -0.15118086 -0.06797741
v 0.17894615 -0.15092655 0.08833982
v 0.17893546 -0.15127417 -0.22427077
v 0.00000018 -0.16881427 -0.49946752
v -0.06413946 -0.16881356 -0.49943511
v 0.06514114 -0.14564466 -0.49978302
v 0.00000018 -0.17537783 -0.49921642
v -0.06413911 -0.17537676 -0.49918579
v 0.06413911 -0.17537640 -0.49918579
v -0.06217412 -0.13344311 -0.49979012
v 0.00122078 -0.13337983 -0.49982222
v 0.06413911 -0.17646416 -0.49892756
v 0.00000018 -0.17646701 -0.49895606
v -0.06413911 -0.17646416 -0.49892756
v -0.06413875 -0.17664901 -0.49867717
v 0.00000018 -0.17665400 -0.49870246
v 0.00000018 -0.17685238 -0.49845884
v -0.06413875 -0.17684455 -0.49843676
v 0.06413875 -0.17664901 -0.49867717
v 0.06413875 -0.17684455 -0.49843676
v 0.00000018 -0.17706110 -0.49822448
v -0.06413875 -0.17705006 -0.49820631
v 0.06413875 -0.17705006 -0.49820631
v 0.06413875 -0.17726412 -0.49798406
v 0.00000018 -0.17727872 -0.49799866
v -0.06413875 -0.17726412 -0.49798406
v -0.06413875 -0.17748637 -0.49777000
v 0.00000018 -0.17750454 -0.49778104
v 0.00000018 -0.17773890 -0.49757232
v -0.06413875 -0.17771682 -0.49756449
v 0.06413875 -0.17748602 -0.49777000
v 0.06413875 -0.17771682 -0.49756449
v 0.00000018 -0.17798252 -0.49737394
v -0.06413875 -0.17795688 -0.49736895
v 0.06413875 -0.17795688 -0.49736895
v 0.06413911 -0.17820727 -0.49718410
v 0.00000018 -0.17823576 -0.49718695
v -0.06413911 -0.17820762 -0.49718410
v -0.06585715 -0.17908374 -0.47040824
v 0.00000018 -0.17849648 -0.49478171
v 0.06413911 -0.17846585 -0.49478028
v 0.08940317 -0.17873526 -0.47527819
v 0.02058674 -0.17897027 -0.44937132
v 0.06143056 -0.15533213 0.37344853
v -0.00022852 -0.16756358 0.36840739
v 0.06374162 -0.17251206 0.36618792
v -0.06244398 -0.14484417 0.37776533
v -0.06374162 -0.17251206 0.36618792
v 0.00000018 -0.17584014 0.36463643
v 0.06390938 -0.17565529 0.36467241
v -0.06390902 -0.17565529 0.36467241
v -0.06394713 -0.17624582 0.36417020
v 0.00000018 -0.17643174 0.36413494
v 0.06394713 -0.17624582 0.36417020
v 0.06396316 -0.17642462 0.36383967
v 0.00000018 -0.17660912 0.36380548
v 0.00000018 -0.17680074 0.36348030
v 0.06397919 -0.17661909 0.36351306
v -0.06396316 -0.17642462 0.36383967
v -0.06397919 -0.17661909 0.36351306
v 0.00000018 -0.17700518 0.36315938
v 0.06399557 -0.17682888 0.36319037
v -0.06399521 -0.17682888 0.36319037
v -0.06401160 -0.17705327 0.36287195
v 0.00000018 -0.17722209 0.36284310
v 0.06401160 -0.17705327 0.36287195
v 0.06402798 -0.17729226 0.36255816
v 0.00000018 -0.17745040 0.36253145
v 0.00000018 -0.17769010 0.36222550
v 0.06404437 -0.17754514 0.36224936
v -0.06402798 -0.17729226 0.36255816
v -0.06404437 -0.17754514 0.36224936
v 0.00000018 -0.17794085 0.36192667
v 0.06406075 -0.17781085 0.36194768
v -0.06406075 -0.17781085 0.36194768
v -0.06407713 -0.17808937 0.36165384
v 0.00000018 -0.17820228 0.36163674
v 0.06407713 -0.17808937 0.36165384
v 0.06584258 -0.17906955 0.33464448
v 0.00000018 -0.17847119 0.35912608
v -0.06409281 -0.17837645 0.35913961
v -0.08936338 -0.17866734 0.33954786
v -0.02058175 -0.17896433 0.31355750
v -0.17894615 -0.15092655 0.08833982
v -0.17897215 -0.15118086 -0.06797741
v -0.17875025 -0.16869460 -0.06797527
v -0.17872532 -0.16841037 0.08834659
v -0.17893546 -0.15127417 -0.22427077
v -0.17871535 -0.16879860 -0.22427042
v -0.17849879 -0.17525424 -0.06797313
v -0.17847422 -0.17495933 0.08835336
v -0.17846603 -0.17536109 -0.22426970
v -0.17820780 -0.17644884 -0.22426935
v -0.17823736 -0.17634413 -0.06797135
v -0.17821279 -0.17604921 0.08836012
v -0.17795777 -0.17624297 0.08836546
v -0.17798270 -0.17653361 -0.06796957
v -0.17773765 -0.17673627 -0.06796850
v -0.17771236 -0.17645311 0.08836974
v -0.17795706 -0.17663405 -0.22426899
v -0.17771664 -0.17683030 -0.22426899
v -0.17750151 -0.17695104 -0.06796779
v -0.17747622 -0.17667893 0.08837188
v -0.17748584 -0.17703617 -0.22426863
v -0.17726359 -0.17725130 -0.22426863
v -0.17727427 -0.17717650 -0.06796743
v -0.17724898 -0.17691970 0.08837223
v -0.17703101 -0.17717508 0.08837045
v -0.17705523 -0.17741229 -0.06796815
v -0.17684615 -0.17765805 -0.06796922
v -0.17682336 -0.17744434 0.08836653
v -0.17704917 -0.17747462 -0.22426863
v -0.17684366 -0.17770684 -0.22426899
v -0.17664741 -0.17791449 -0.06797064
v -0.17662675 -0.17772715 0.08836119
v -0.17664812 -0.17794833 -0.22426935
v -0.17646362 -0.17820086 -0.22426970
v -0.17646042 -0.17818127 -0.06797313
v -0.17644225 -0.17802277 0.08835407
v -0.17535664 -0.17832730 0.08834588
v -0.17537195 -0.17845552 -0.06797527
v -0.16880911 -0.17871944 -0.06797812
v -0.16879664 -0.17862043 0.08833733
v -0.17537587 -0.17846051 -0.22427006
v -0.16881302 -0.17871161 -0.22427077
v -0.15128397 -0.17895202 -0.06798026
v -0.15127471 -0.17887901 0.08832949
v -0.15128717 -0.17893315 -0.22427113
v -0.16881409 -0.00000000 -0.49946752
v -0.16881374 0.06413964 -0.49943511
v -0.14549642 -0.06457875 -0.49978530
v -0.17537801 -0.00000000 -0.49921642
v -0.17537658 0.06413929 -0.49918579
v -0.17537658 -0.06413929 -0.49918579
v -0.13341312 0.06149176 -0.49979078
v -0.13333395 -0.00239864 -0.49982235
v -0.17646433 -0.06413893 -0.49892756
v -0.17646718 -0.00000000 -0.49895606
v -0.17646433 0.06413893 -0.49892756
v -0.17664919 0.06413893 -0.49867717
v -0.17665417 -0.00000000 -0.49870246
v -0.17685221 -0.00000000 -0.49845884
v -0.17684473 0.06413893 -0.49843676
v -0.17664919 -0.06413893 -0.49867717
v -0.17684473 -0.06413893 -0.49843676
v -0.17706092 -0.00000000 -0.49822448
v -0.17705024 0.06413893 -0.49820631
v -0.17704988 -0.06413893 -0.49820631
v -0.17726430 -0.06413893 -0.49798406
v -0.17727855 -0.00000000 -0.49799866
v -0.17726430 0.06413857 -0.49798406
v -0.17748619 0.06413893 -0.49777000
v -0.17750472 -0.00000000 -0.49778104
v -0.17773908 -0.00000000 -0.49757232
v -0.17771699 0.06413893 -0.49756449
v -0.17748619 -0.06413893 -0.49777000
v -0.17771699 -0.06413893 -0.49756449
v -0.17798234 -0.00000000 -0.49737394
v -0.17795706 0.06413893 -0.49736895
v -0.17795706 -0.06413893 -0.49736895
v -0.17820745 -0.06413893 -0.49718410
v -0.17823594 -0.00000000 -0.49718695
v -0.17820745 0.06413893 -0.49718410
v -0.17908379 0.06585757 -0.47040827
v -0.17849666 -0.00000000 -0.49478171
v -0.17846567 -0.06413929 -0.49478028
v -0.17873517 -0.08940320 -0.47527821
v -0.17897034 -0.02058643 -0.44937126
v -0.17639239 -0.05585007 0.36567717
v -0.17640094 -0.00000000 0.36563657
v -0.17658009 -0.00000000 0.36529856
v -0.17656905 -0.05640570 0.36533809
v -0.17639239 0.05585007 0.36567717
v -0.17656941 0.05640570 0.36533809
v -0.17673538 -0.00000000 0.36494452
v -0.17672185 -0.05695599 0.36498228
v -0.17672185 0.05695599 0.36498228
v -0.17686788 0.05750556 0.36461898
v -0.17688426 -0.00000000 0.36458372
v -0.17686788 -0.05750556 0.36461898
v -0.17702281 -0.05805870 0.36425675
v -0.17704205 -0.00000000 0.36422363
v -0.17721016 -0.00000000 0.36386603
v -0.17718843 -0.05861469 0.36389702
v -0.17702281 0.05805870 0.36425675
v -0.17718879 0.05861469 0.36389702
v -0.17738825 -0.00000000 0.36351128
v -0.17736403 -0.05917281 0.36354013
v -0.17736403 0.05917281 0.36354013
v -0.17754853 0.05973200 0.36318645
v -0.17757453 -0.00000000 0.36316010
v -0.17754853 -0.05973200 0.36318610
v -0.17774086 -0.06029155 0.36283598
v -0.17776864 -0.00000000 0.36281247
v -0.17797023 -0.00000000 0.36246983
v -0.17794103 -0.06085003 0.36249049
v -0.17774086 0.06029155 0.36283598
v -0.17794138 0.06085003 0.36249049
v -0.17817966 -0.00000000 0.36213289
v -0.17814939 -0.06140601 0.36215106
v -0.17814939 0.06140601 0.36215106
v -0.17836594 0.06195915 0.36181804
v -0.17839729 -0.00000000 0.36180343
v -0.17836594 -0.06195915 0.36181839
v -0.17909533 -0.06514230 0.33518829
v -0.17861989 -0.00000000 0.35925288
v -0.17858784 0.06250267 0.35926427
v -0.17881341 0.08791173 0.33986771
v -0.17902361 0.02030173 0.31376483
v -0.15127471 0.17887901 0.08832949
v -0.15128397 0.17895202 -0.06798026
v -0.16880946 0.17871944 -0.06797812
v -0.16879700 0.17862043 0.08833733
v -0.15128717 0.17893315 -0.22427113
v -0.16881302 0.17871161 -0.22427077
v -0.17537231 0.17845552 -0.06797527
v -0.17535699 0.17832730 0.08834588
v -0.17537587 0.17846051 -0.22427006
v -0.17646362 0.17820050 -0.22426970
v -0.17646077 0.17818127 -0.06797313
v -0.17644261 0.17802277 0.08835407
v -0.17662675 0.17772715 0.08836119
v -0.17664741 0.17791449 -0.06797064
v -0.17684615 0.17765805 -0.06796922
v -0.17682336 0.17744434 0.08836653
v -0.17664812 0.17794869 -0.22426935
v -0.17684401 0.17770684 -0.22426899
v -0.17705558 0.17741229 -0.06796815
v -0.17703136 0.17717508 0.08837045
v -0.17704953 0.17747462 -0.22426863
v -0.17726359 0.17725130 -0.22426863
v -0.17727427 0.17717650 -0.06796743
v -0.17724898 0.17691970 0.08837223
v -0.17747622 0.17667893 0.08837188
v -0.17750151 0.17695104 -0.06796743
v -0.17773765 0.17673627 -0.06796850
v -0.17771236 0.17645311 0.08836974
v -0.17748584 0.17703617 -0.22426863
v -0.17771699 0.17683030 -0.22426899
v -0.17798270 0.17653361 -0.06796957
v -0.17795777 0.17624297 0.08836546
v -0.17795706 0.17663405 -0.22426899
v -0.17820780 0.17644884 -0.22426935
v -0.17823772 0.17634413 -0.06797135
v -0.17821279 0.17604921 0.08836012
v -0.17847422 0.17495933 0.08835336
v -0.17849915 0.17525424 -0.06797313
v -0.17875061 0.16869460 -0.06797527
v -0.17872532 0.16841037 0.08834659
v -0.17846603 0.17536109 -0.22427006
v -0.17871535 0.16879860 -0.22427042
v -0.17897215 0.15118086 -0.06797741
v -0.17894615 0.15092655 0.08833982
v -0.17893546 0.15127417 -0.22427077
v -0.00000018 0.16881427 -0.49946752
v 0.06413946 0.16881356 -0.49943511
v -0.06515533 0.14565855 -0.49978283
v -0.00000018 0.17537818 -0.49921642
v 0.06413911 0.17537676 -0.49918579
v -0.06413946 0.17537676 -0.49918579
v 0.06216175 0.13345344 -0.49979008
v -0.00123124 0.13339440 -0.49982214
v -0.06413911 0.17646416 -0.49892756
v -0.00000018 0.17646701 -0.49895606
v 0.06413875 0.17646416 -0.49892756
v 0.06413875 0.17664901 -0.49867717
v -0.00000018 0.17665400 -0.49870246
v -0.00000018 0.17685238 -0.49845884
v 0.06413875 0.17684455 -0.49843676
v -0.06413911 0.17664901 -0.49867717
v -0.06413875 0.17684455 -0.49843676
v -0.00000018 0.17706110 -0.49822448
v 0.06413875 0.17705006 -0.49820631
v -0.06413875 0.17705006 -0.49820631
v -0.06413875 0.17726412 -0.49798406
v -0.00000018 0.17727872 -0.49799866
v 0.06413875 0.17726412 -0.49798406
v 0.06413875 0.17748637 -0.49777000
v -0.00000018 0.17750454 -0.49778104
v -0.00000018 0.17773890 -0.49757232
v 0.06413875 0.17771682 -0.49756449
v -0.06413875 0.17748637 -0.49777000
v -0.06413875 0.17771682 -0.49756449
v -0.00000018 0.17798252 -0.49737394
v 0.06413875 0.17795723 -0.49736895
v -0.06413911 0.17795723 -0.49736895
v -0.06413911 0.17820762 -0.49718410
v -0.00000018 0.17823612 -0.49718695
v 0.06413875 0.17820762 -0.49718410
v 0.06413911 0.17846585 -0.49478028
v -0.00000018 0.17849648 -0.49478171
v -0.06413946 0.17846585 -0.49478028
v 0.00181730 0.17893780 -0.45645158
v 0.06501252 0.17890120 -0.45673314
v -0.06168214 0.17890719 -0.45644774
v -0.06144051 0.15531529 0.37345551
v 0.00022706 0.16754980 0.36841344
v -0.06374162 0.17251206 0.36618792
v 0.06243023 0.14483567 0.37776893
v 0.06374162 0.17251206 0.36618792
v -0.00000018 0.17584050 0.36463643
v -0.06390938 0.17565529 0.36467241
v 0.06390902 0.17565529 0.36467241
v 0.06394677 0.17624618 0.36417020
v -0.00000018 0.17643174 0.36413494
v -0.06394713 0.17624618 0.36417020
v -0.06396316 0.17642462 0.36383967
v -0.00000018 0.17660947 0.36380548
v -0.00000018 0.17680074 0.36348030
v -0.06397919 0.17661909 0.36351306
v 0.06396316 0.17642498 0.36383967
v 0.06397919 0.17661909 0.36351306
v -0.00000018 0.17700554 0.36315938
v -0.06399557 0.17682888 0.36319037
v 0.06399521 0.17682888 0.36319037
v 0.06401160 0.17705362 0.36287195
v -0.00000018 0.17722209 0.36284310
v -0.06401160 0.17705327 0.36287195
v -0.06402798 0.17729226 0.36255816
v -0.00000018 0.17745076 0.36253145
v -0.00000018 0.17769010 0.36222550
v -0.06404437 0.17754514 0.36224936
v 0.06402798 0.17729226 0.36255816
v 0.06404437 0.17754514 0.36224936
v -0.00000018 0.17794085 0.36192667
v -0.06406075 0.17781120 0.36194768
v 0.06406075 0.17781120 0.36194768
v 0.06407713 0.17808973 0.36165384
v -0.00000018 0.17820264 0.36163674
v -0.06407713 0.17808973 0.36165384
v -0.06582576 0.17906953 0.33463458
v -0.00000018 0.17847119 0.35912608
v 0.06409281 0.17837645 0.35913961
v 0.08937433 0.17866742 0.33953771
v 0.02058550 0.17896448 0.31355454
v 0.05213957 -0.00716100 0.44846732
v -0.00000018 -0.00809474 0.43735343
v 0.05537583 -0.00806803 0.43718176
v -0.05496556 -0.00715065 0.44844177
v -0.05537583 -0.00806803 0.43718176
v -0.00000018 -0.00839108 0.43581049
v 0.05538366 -0.00835938 0.43575635
v -0.05538366 -0.00835938 0.43575635
v -0.05539185 -0.00861832 0.43532040
v -0.00000018 -0.00865073 0.43535530
v 0.05539185 -0.00861832 0.43532040
v 0.05540040 -0.00886443 0.43504116
v -0.00000018 -0.00889720 0.43507357
v -0.00000018 -0.00913513 0.43478293
v 0.05540931 -0.00910165 0.43475337
v -0.05540076 -0.00886443 0.43504116
v -0.05540931 -0.00910200 0.43475337
v -0.00000018 -0.00936521 0.43448446
v 0.05541857 -0.00933102 0.43445739
v -0.05541857 -0.00933102 0.43445739
v -0.05542783 -0.00955185 0.43415464
v -0.00000018 -0.00958711 0.43417922
v 0.05542783 -0.00955149 0.43415464
v 0.05543780 -0.00976413 0.43384584
v -0.00000018 -0.00980117 0.43386864
v -0.00000018 -0.01000633 0.43355236
v 0.05544777 -0.00996715 0.43353134
v -0.05543780 -0.00976413 0.43384584
v -0.05544813 -0.00996715 0.43353134
v -0.00000018 -0.01020151 0.43323109
v 0.05545846 -0.01016019 0.43321150
v -0.05545846 -0.01016019 0.43321150
v -0.05546879 -0.01034184 0.43288667
v -0.00000018 -0.01038565 0.43290519
v 0.05546879 -0.01034184 0.43288667
v 0.05550084 -0.01093914 0.43238838
v -0.00000018 -0.01098545 0.43240583
v -0.00000018 -0.01414185 0.43089139
v 0.05749034 -0.03411292 0.42229063
v -0.05550084 -0.01093950 0.43238874
v -0.05566326 -0.01409127 0.43087607
v 0.00059404 -0.03080904 0.42385374
v -0.05510640 -0.03071409 0.42385817
v -0.05212715 0.00716099 0.44846740
v -0.00000018 0.00809474 0.43735343
v -0.05537583 0.00806803 0.43718176
v 0.05496359 0.00715062 0.44844133
v 0.05537583 0.00806803 0.43718176
v -0.00000018 0.00839108 0.43581049
v -0.05538366 0.00835938 0.43575635
v 0.05538331 0.00835938 0.43575635
v 0.05539185 0.00861832 0.43532040
v -0.00000018 0.00865073 0.43535530
v -0.05539185 0.00861832 0.43532040
v -0.05540076 0.00886443 0.43504116
v -0.00000018 0.00889720 0.43507357
v -0.00000018 0.00913548 0.43478293
v -0.05540931 0.00910200 0.43475337
v 0.05540040 0.00886443 0.43504116
v 0.05540931 0.00910200 0.43475337
v -0.00000018 0.00936521 0.43448446
v -0.05541857 0.00933102 0.43445739
v 0.05541821 0.00933102 0.43445739
v 0.05542783 0.00955185 0.43415464
v -0.00000018 0.00958747 0.43417922
v -0.05542783 0.00955185 0.43415464
v -0.05543780 0.00976413 0.43384584
v -0.00000018 0.00980153 0.43386864
v -0.00000018 0.01000668 0.43355236
v -0.05544813 0.00996715 0.43353134
v 0.05543780 0.00976413 0.43384584
v 0.05544777 0.00996715 0.43353134
v -0.00000018 0.01020151 0.43323109
v -0.05545846 0.01016019 0.43321150
v 0.05545846 0.01016019 0.43321150
v 0.05546879 0.01034184 0.43288667
v -0.00000018 0.01038565 0.43290519
v -0.05546879 0.01034184 0.43288667
v -0.05550084 0.01093950 0.43238838
v -0.00000018 0.01098580 0.43240583
v -0.00000018 0.01414185 0.43089139
v -0.05748912 0.03410135 0.42229553
v 0.05550084 0.01093950 0.43238874
v 0.05566326 0.01409127 0.43087607
v -0.00060376 0.03079683 0.42385879
v 0.05509431 0.03070992 0.42386007
v 0.16791800 -0.11046762 0.38884839
v 0.16400145 -0.08244649 0.40013180
v 0.16039761 -0.05229561 0.41168259
v 0.15990637 -0.05736228 0.41090453
v 0.16378351 -0.08606352 0.39942385
v 0.16773738 -0.11462717 0.38788349
v 0.16374041 -0.08701450 0.39927533
v 0.16366226 -0.08934764 0.39901554
v 0.16793063 -0.11834318 0.38685495
v 0.15954439 -0.05779737 0.41134224
v 0.16766765 -0.11827275 0.38729886
v 0.15495840 -0.11009110 0.39153072
v 0.13741662 -0.06093303 0.41166362
v -0.16051284 -0.05056762 0.41280295
v -0.16367404 -0.08303033 0.40027846
v -0.15982413 -0.05431234 0.41176005
v -0.16782328 -0.11297943 0.38813501
v -0.16773738 -0.11462717 0.38788349
v -0.16378351 -0.08606352 0.39942385
v -0.15983675 -0.05750307 0.41095745
v -0.15967430 -0.05842046 0.41107807
v -0.16374041 -0.08701450 0.39927533
v -0.16378941 -0.08896997 0.39894091
v -0.16794333 -0.11885802 0.38682892
v -0.15165877 -0.07636840 0.40520278
v -0.16693528 -0.12031953 0.38686092
v -0.13739671 0.06092546 0.41165761
v -0.15496036 0.11008934 0.39152390
v -0.16366413 0.08935093 0.39901757
v -0.16766637 0.11828082 0.38730443
v -0.16374076 0.08701450 0.39927533
v -0.15954769 0.05780334 0.41135593
v -0.16793078 0.11834140 0.38685579
v -0.16773738 0.11462753 0.38788349
v -0.16378386 0.08606352 0.39942385
v -0.15983675 0.05750307 0.41095745
v -0.16791950 0.11047262 0.38884979
v 0.15165592 0.07635902 0.40520300
v 0.16693528 0.12031989 0.38686092
v 0.16379826 0.08901017 0.39894027
v 0.16374041 0.08701486 0.39927533
v 0.16794780 0.11887865 0.38683486
v 0.15967923 0.05843387 0.41108914
v 0.15983675 0.05750307 0.41095745
v 0.16378351 0.08606352 0.39942385
v 0.16773738 0.11462753 0.38788349
v 0.16781471 0.11290261 0.38816472
v 0.16383693 0.08511360 0.39958093
v 0.16402915 0.08133895 0.40041607
v 0.15983047 0.05442859 0.41172481
v 0.16070066 0.05119313 0.41229818
v 0.08678879 0.00537922 0.48690803
v 0.11357246 0.00407043 0.49644149
v 0.07580791 0.00478099 0.49473604
v 0.08801766 0.00426588 0.49653444
v 0.08847321 0.00399341 0.49677735
v 0.08846751 0.00372771 0.49697289
v 0.08846323 0.00347091 0.49718089
v 0.08845967 0.00322230 0.49739958
v 0.08845718 0.00298152 0.49762753
v 0.11446829 0.00317125 0.49706180
v 0.12904601 0.00373873 0.49612523
v 0.13609079 0.00000498 0.49852235
v 0.08845575 0.00274930 0.49786439
v 0.08845504 0.00252562 0.49810908
v 0.08845575 0.00231299 0.49836267
v 0.08845718 0.00211211 0.49862553
v 0.11308581 0.00241778 0.49789521
v 0.11471211 0.00146013 0.49903633
v 0.08846003 0.00191835 0.49889408
v 0.08846359 0.00170108 0.49915231
v 0.08846715 0.00142362 0.49937919
v 0.08801766 -0.00426553 0.49653408
v 0.08847321 -0.00399341 0.49677735
v 0.11416303 -0.00419647 0.49625127
v 0.08846751 -0.00372771 0.49697289
v 0.08845967 -0.00322194 0.49739958
v 0.08845718 -0.00298152 0.49762753
v 0.08846323 -0.00347055 0.49718089
v 0.11397840 -0.00307909 0.49715494
v 0.08845575 -0.00274894 0.49786439
v 0.08845575 -0.00231299 0.49836267
v 0.08845718 -0.00211211 0.49862553
v 0.08845504 -0.00252562 0.49810908
v 0.11390148 -0.00220247 0.49816159
v 0.08846003 -0.00191799 0.49889444
v 0.08846715 -0.00142327 0.49937955
v 0.08846359 -0.00170073 0.49915231
v 0.14844217 0.00386419 0.48742169
v 0.14895109 -0.00426704 0.48544706
v 0.14834218 -0.00205508 0.49062863
v 0.14130499 0.00459577 0.49308042
v 0.15145252 0.00456322 0.47877847
v 0.15204879 0.00484321 0.47105682
v 0.15165954 -0.00383661 0.48173766
v 0.14621006 -0.00526222 0.48396899
v 0.15499768 0.00049378 0.47337497
v 0.15352643 -0.00330948 0.47063377
v -0.08450887 -0.00427581 0.49654983
v -0.11367831 -0.00377342 0.49660554
v -0.08846751 -0.00372771 0.49697289
v -0.08846323 -0.00347055 0.49718089
v -0.08845967 -0.00322194 0.49739958
v -0.08845754 -0.00298152 0.49762753
v -0.11393113 -0.00264907 0.49760494
v -0.08845575 -0.00274894 0.49786439
v -0.08845540 -0.00252562 0.49810908
v -0.08845575 -0.00231299 0.49836267
v -0.08845754 -0.00211211 0.49862553
v -0.11387308 -0.00180641 0.49871829
v -0.08846003 -0.00191799 0.49889444
v -0.08846359 -0.00170073 0.49915231
v -0.08846715 -0.00142327 0.49937955
v -0.12988838 0.00373310 0.49623709
v -0.11452391 0.00382923 0.49655729
v -0.08801766 0.00426588 0.49653408
v -0.08847321 0.00399341 0.49677735
v -0.07624274 0.00481424 0.49460600
v -0.08846751 0.00372771 0.49697289
v -0.08845967 0.00322230 0.49739958
v -0.08845754 0.00298152 0.49762753
v -0.08846323 0.00347055 0.49718089
v -0.11534148 0.00282681 0.49738809
v -0.13880079 0.00408764 0.49491395
v -0.13596211 -0.00007156 0.49862865
v -0.08845575 0.00274894 0.49786439
v -0.08845575 0.00231299 0.49836267
v -0.08845754 0.00211211 0.49862553
v -0.08845540 0.00252562 0.49810908
v -0.08846003 0.00191835 0.49889408
v -0.08846715 0.00142327 0.49937955
v -0.08846359 0.00170073 0.49915231
v -0.15110697 -0.00310239 0.48479599
v -0.13872513 0.00522580 0.48456982
v -0.14859548 0.00399426 0.48661944
v -0.15033150 -0.00520883 0.47810954
v -0.14473854 -0.00468854 0.48987290
v -0.15218883 -0.00495996 0.47006898
v -0.15462980 0.00033467 0.47750455
v -0.15081522 0.00436109 0.48107803
v -0.15191178 0.00469364 0.47329283
v 0.15082443 -0.00616866 0.45942096
v 0.15313198 -0.00421552 0.46240108
v 0.15309355 -0.00518292 0.44613088
v 0.15231539 0.00517561 0.46275935
v 0.14737107 0.00648972 0.45992071
v 0.15284480 0.00498889 0.45438831
v 0.15408892 0.00458085 0.44410545
v -0.00076275 -0.00506532 0.49355273
v -0.03549383 -0.00513279 0.49261930
v 0.03669575 -0.00515324 0.49252404
v -0.00000018 -0.00425199 0.49687209
v -0.04788622 -0.00425520 0.49679195
v 0.04788586 -0.00425520 0.49679159
v 0.04813697 -0.00398201 0.49704163
v -0.00000018 -0.00397845 0.49712996
v -0.04813732 -0.00398201 0.49704163
v -0.04813732 -0.00371667 0.49723396
v -0.00000018 -0.00371275 0.49732087
v -0.00000018 -0.00345595 0.49752424
v -0.04813803 -0.00345986 0.49743840
v 0.04813732 -0.00371667 0.49723396
v 0.04813768 -0.00345986 0.49743840
v -0.00000018 -0.00320769 0.49773866
v -0.04813910 -0.00321126 0.49765389
v 0.04813910 -0.00321126 0.49765389
v 0.04814088 -0.00297084 0.49787863
v -0.00000018 -0.00296728 0.49796233
v -0.04814088 -0.00297084 0.49787863
v -0.04814302 -0.00273861 0.49811193
v -0.00000018 -0.00273505 0.49819456
v -0.00000018 -0.00251173 0.49843498
v -0.04814587 -0.00251529 0.49835377
v 0.04814302 -0.00273861 0.49811193
v 0.04814587 -0.00251529 0.49835341
v -0.00000018 -0.00229910 0.49868465
v -0.04814908 -0.00230266 0.49860416
v 0.04814908 -0.00230266 0.49860416
v 0.04815299 -0.00210178 0.49886381
v -0.00000018 -0.00209857 0.49894288
v -0.04815299 -0.00210178 0.49886381
v -0.04815727 -0.00190838 0.49912951
v -0.00000018 -0.00190481 0.49920787
v -0.00000018 -0.00168826 0.49946182
v -0.04816190 -0.00169147 0.49938453
v 0.04815727 -0.00190838 0.49912951
v 0.04816190 -0.00169147 0.49938453
v -0.00000018 -0.00141223 0.49968586
v -0.04816617 -0.00141508 0.49960928
v 0.04816617 -0.00141508 0.49960928
v 0.03481372 0.00508374 0.49211058
v 0.00009564 0.00481417 0.49469281
v 0.04612530 0.00452874 0.49612769
v -0.04612530 0.00452874 0.49612769
v -0.00000018 0.00425235 0.49687173
v 0.04788586 0.00425520 0.49679159
v -0.04788622 0.00425520 0.49679159
v -0.04813732 0.00398201 0.49704163
v -0.00000018 0.00397845 0.49712996
v 0.04813697 0.00398237 0.49704163
v 0.04813732 0.00371667 0.49723360
v -0.00000018 0.00371310 0.49732087
v -0.00000018 0.00345630 0.49752424
v 0.04813803 0.00345986 0.49743840
v -0.04813732 0.00371667 0.49723360
v -0.04813803 0.00345986 0.49743840
v -0.00000018 0.00320769 0.49773866
v 0.04813910 0.00321126 0.49765389
v -0.04813910 0.00321126 0.49765389
v -0.04814088 0.00297084 0.49787863
v -0.00000018 0.00296763 0.49796269
v 0.04814088 0.00297120 0.49787899
v 0.04814302 0.00273861 0.49811193
v -0.00000018 0.00273505 0.49819456
v -0.00000018 0.00251209 0.49843498
v 0.04814587 0.00251529 0.49835341
v -0.04814302 0.00273861 0.49811193
v -0.04814587 0.00251529 0.49835341
v -0.00000018 0.00229945 0.49868430
v 0.04814908 0.00230266 0.49860416
v -0.04814908 0.00230266 0.49860380
v -0.04815299 0.00210213 0.49886345
v -0.00000018 0.00209857 0.49894323
v 0.04815299 0.00210213 0.49886345
v 0.04815727 0.00190838 0.49912916
v -0.00000018 0.00190517 0.49920751
v -0.00000018 0.00168826 0.49946182
v 0.04816190 0.00169147 0.49938453
v -0.04815727 0.00190838 0.49912951
v -0.04816190 0.00169147 0.49938453
v -0.00000018 0.00141223 0.49968586
v 0.04816617 0.00141508 0.49960928
v -0.04816617 0.00141508 0.49960892
v -0.15268294 0.00541375 0.44703759
v -0.15437968 0.00371649 0.45171704
v -0.15263059 0.00473948 0.46298557
v -0.15087206 0.00617082 0.45940305
v -0.15555425 0.00024987 0.46223160
v -0.15277143 -0.00470692 0.46278566
v -0.15261833 -0.00553921 0.45189847
v 0.17094187 -0.00000000 0.37254490
v 0.16795307 0.03638101 0.38008458
v 0.17095897 -0.04679010 0.37254953
v 0.17151780 -0.00000000 0.37137167
v 0.17153312 0.04794018 0.37137701
v 0.17153312 -0.04793982 0.37137701
v 0.17185367 -0.04841318 0.37094924
v 0.17184121 -0.00000000 0.37094248
v 0.17185367 0.04841353 0.37094924
v 0.17212900 0.04877754 0.37064009
v 0.17211902 -0.00000000 0.37063047
v 0.17239363 -0.00000000 0.37031241
v 0.17240147 0.04914511 0.37032452
v 0.17212935 -0.04877719 0.37064009
v 0.17240147 -0.04914511 0.37032452
v 0.17266432 -0.00000000 0.36998900
v 0.17266967 0.04951660 0.37000396
v 0.17267002 -0.04951625 0.37000396
v 0.17293466 -0.04989094 0.36967877
v 0.17293110 -0.00000000 0.36966097
v 0.17293466 0.04989094 0.36967877
v 0.17319538 0.05026813 0.36935074
v 0.17319395 -0.00000000 0.36933008
v 0.17345147 -0.00000000 0.36899599
v 0.17345111 0.05064745 0.36901950
v 0.17319538 -0.05026813 0.36935074
v 0.17345147 -0.05064710 0.36901950
v 0.17370328 -0.00000000 0.36865941
v 0.17370150 0.05102713 0.36868612
v 0.17370150 -0.05102678 0.36868648
v 0.17394477 -0.05140610 0.36835096
v 0.17394762 -0.00000000 0.36832069
v 0.17394477 0.05140646 0.36835096
v 0.17418233 0.05178685 0.36801473
v 0.17418625 -0.00000000 0.36798161
v 0.17442774 -0.00000000 0.36764823
v 0.17442346 0.05218042 0.36768456
v 0.17418269 -0.05178649 0.36801473
v 0.17442346 -0.05218006 0.36768456
v 0.17468311 -0.00000000 0.36732874
v 0.17467848 0.05260142 0.36736721
v 0.17467848 -0.05260106 0.36736721
v -0.16939991 -0.00007241 0.37623017
v -0.17095932 0.04679010 0.37254953
v -0.17151816 -0.00000000 0.37137167
v -0.17153312 -0.04793982 0.37137701
v -0.17153312 0.04793982 0.37137701
v -0.17185367 0.04841318 0.37094924
v -0.17184121 -0.00000000 0.37094248
v -0.17185367 -0.04841353 0.37094924
v -0.17212935 -0.04877754 0.37064009
v -0.17211902 -0.00000000 0.37063047
v -0.17239363 -0.00000000 0.37031241
v -0.17240147 -0.04914511 0.37032452
v -0.17212935 0.04877719 0.37064009
v -0.17240147 0.04914511 0.37032452
v -0.17266432 -0.00000000 0.36998900
v -0.17267002 -0.04951660 0.37000396
v -0.17267002 0.04951625 0.37000396
v -0.17293466 0.04989094 0.36967877
v -0.17293110 -0.00000000 0.36966097
v -0.17293466 -0.04989094 0.36967877
v -0.17319538 -0.05026813 0.36935074
v -0.17319395 -0.00000000 0.36933008
v -0.17345147 -0.00000000 0.36899599
v -0.17345147 -0.05064710 0.36901950
v -0.17319538 0.05026813 0.36935074
v -0.17345147 0.05064710 0.36901950
v -0.17370328 -0.00000000 0.36865941
v -0.17370150 -0.05102713 0.36868612
v -0.17370150 0.05102678 0.36868648
v -0.17394477 0.05140646 0.36835096
v -0.17394762 -0.00000000 0.36832069
v -0.17394477 -0.05140646 0.36835096
v -0.17418269 -0.05178685 0.36801473
v -0.17418625 -0.00000000 0.36798161
v -0.17442774 -0.00000000 0.36764823
v -0.17442346 -0.05218006 0.36768456
v -0.17418269 0.05178685 0.36801473
v -0.17442346 0.05218006 0.36768456
v -0.17468311 -0.00000000 0.36732874
v -0.17467848 -0.05260142 0.36736721
v -0.17467848 0.05260106 0.36736721
v 0.15701077 0.02877711 0.41780721
v 0.15513460 -0.01233154 0.42305326
v 0.15691664 0.02767209 0.41693273
v 0.15500924 0.01131572 0.42016077
v 0.15505585 -0.01127940 0.42076627
v 0.15678534 -0.02595472 0.41559006
v 0.15675279 0.02587078 0.41593496
v 0.15651540 -0.00758989 0.41237103
v 0.15882210 0.02716057 0.40614987
v -0.15508752 -0.01162097 0.42238931
v -0.15713306 -0.02895704 0.41833987
v -0.15685258 0.02685025 0.41699356
v -0.15685857 -0.02698266 0.41718580
v -0.15788272 0.03459407 0.40962180
v -0.15574597 -0.01853755 0.41623403
v -0.15508114 0.01154519 0.42121174
v -0.15884586 -0.02716783 0.40610652
v 0.16567570 -0.06882289 0.38642690
v 0.15942555 -0.04598084 0.40825969
v 0.16272405 -0.07051820 0.39895980
v -0.16212143 -0.06191898 0.39641883
v -0.16660071 -0.09801941 0.39022806
v -0.16307001 -0.07350756 0.40010535
v -0.16381466 0.07781453 0.40077624
v -0.15955266 0.04737627 0.40934704
v -0.16250747 0.06863448 0.39826660
v -0.16427224 0.04489995 0.39021544
v 0.16299003 0.07332979 0.40005025
v 0.16220503 0.06610130 0.39817491
v 0.15958527 0.04795991 0.40825250
v 0.16663280 0.09812198 0.39010989
v 0.17570287 0.15339739 0.36832980
v 0.17337564 0.14075863 0.37010331
v 0.17439048 0.12214636 0.36794133
v 0.17661990 0.13250634 0.36547503
v 0.17469209 -0.12306345 0.36759011
v -0.17126881 -0.13105808 0.37284901
v -0.17330020 -0.14049159 0.37013005
v -0.17438762 -0.12217028 0.36794504
v -0.17661739 -0.13253716 0.36548059
v -0.17309962 0.14359342 0.37428608
v -0.17602572 0.12862879 0.36644517
v 0.06414018 -0.06414000 -0.49993019
v 0.03201993 -0.00022975 -0.49999697
v -0.03177744 -0.06316794 -0.49996564
v 0.03176790 0.06318892 -0.49996315
v -0.06355307 0.03229199 -0.49996491
vt 0.0612570 0.1979030
vt 0.0612570 0.1982070
vt 0.0612570 0.1985100
vt 0.0612570 0.3343780
vt 0.0612570 0.4702460
vt 0.0612570 0.6061150
vt 0.0612570 0.7419830
vt 0.0612570 0.7420780
vt 0.0612570 0.7421730
vt 0.0612570 0.7422680
vt 0.0615857 0.7426280
vt 0.0617250 0.5864900
vt 0.0617260 0.4702390
vt 0.0617260 0.6788110
vt 0.0617260 0.7217780
vt 0.0617270 0.7367580
vt 0.0617290 0.3539740
vt 0.0617350 0.2615930
vt 0.0617460 0.2184910
vt 0.0617690 0.2033400
vt 0.0618594 0.1985312
vt 0.0621700 0.5745270
vt 0.0621710 0.6590110
vt 0.0621720 0.4702340
vt 0.0621720 0.7093150
vt 0.0621730 0.7327580
vt 0.0621780 0.3659210
vt 0.0621890 0.2813710
vt 0.0622090 0.2309520
vt 0.0623278 0.2090408
vt 0.0625690 0.5699890
vt 0.0625690 0.6524110
vt 0.0625700 0.7045720
vt 0.0625710 0.4702330
vt 0.0625720 0.7311150
vt 0.0625790 0.3704550
vt 0.0625940 0.2879700
vt 0.0626200 0.2357060
vt 0.0626332 0.1860915
vt 0.0628870 0.1863900
vt 0.0628970 0.5693410
vt 0.0628970 0.6514680
vt 0.0628990 0.7038960
vt 0.0629000 0.4702340
vt 0.0629000 0.7308850
vt 0.0629050 0.1862780
vt 0.0629090 0.3711070
vt 0.0629134 0.1886178
vt 0.0629260 0.2889220
vt 0.0629550 0.2364020
vt 0.0630392 0.7405735
vt 0.0630721 0.7430942
vt 0.0632362 0.1969432
vt 0.0634426 0.2106547
vt 0.0634470 0.7442410
vt 0.0634751 0.1864560
vt 0.0635430 0.7442410
vt 0.0636969 0.1911443
vt 0.0637270 0.5693420
vt 0.0637270 0.6514680
vt 0.0637280 0.7038970
vt 0.0637300 0.4702350
vt 0.0637380 0.3711120
vt 0.0637550 0.2889350
vt 0.0637830 0.2364260
vt 0.0648095 0.1986503
vt 0.0648118 0.1817864
vt 0.0656566 0.1730475
vt 0.0664894 0.1882961
vt 0.0671559 0.7433724
vt 0.0671784 0.1717001
vt 0.0673240 0.1595310
vt 0.0680060 0.5693420
vt 0.0680060 0.6514690
vt 0.0680070 0.7038980
vt 0.0680090 0.4702370
vt 0.0680160 0.3711170
vt 0.0680310 0.2889470
vt 0.0691128 0.1956271
vt 0.0692431 0.1556964
vt 0.0704510 0.1561110
vt 0.0717430 0.1327850
vt 0.0721439 0.7332835
vt 0.0721470 0.1334330
vt 0.0727243 0.1349121
vt 0.0745895 0.7436965
vt 0.0754431 0.2062172
vt 0.0759656 0.1133759
vt 0.0761620 0.1060390
vt 0.0787555 0.0967232
vt 0.0791006 0.1650761
vt 0.0792790 0.5693420
vt 0.0792790 0.6514690
vt 0.0792810 0.4702380
vt 0.0792870 0.3711220
vt 0.0792980 0.2889590
vt 0.0800099 0.7428109
vt 0.0802580 0.1975376
vt 0.0803474 0.0818214
vt 0.0804614 0.1951585
vt 0.0805272 0.0876125
vt 0.0805560 0.1940156
vt 0.0805810 0.0792930
vt 0.0806240 0.0522640
vt 0.0806240 0.0719990
vt 0.0806546 0.0786172
vt 0.0807627 0.1896441
vt 0.0808321 0.0653367
vt 0.0812333 0.1965443
vt 0.0813572 0.0817804
vt 0.0814718 0.1259871
vt 0.0817464 0.0784204
vt 0.0818318 0.0588184
vt 0.0818937 0.0791666
vt 0.0825860 0.0775528
vt 0.0828267 0.0533360
vt 0.0828288 0.0493159
vt 0.0830014 0.2373078
vt 0.0843294 0.0438872
vt 0.0866360 0.0618417
vt 0.0871821 0.0788755
vt 0.0876717 0.0881259
vt 0.0879781 0.0394152
vt 0.0892410 0.0382358
vt 0.0897101 0.0411237
vt 0.0897470 0.7437780
vt 0.0919392 0.0386015
vt 0.0935670 0.0383490
vt 0.0936473 0.7129720
vt 0.0947260 0.0371253
vt 0.0962400 0.0364020
vt 0.0963370 0.0368500
vt 0.0964330 0.0372980
vt 0.0965290 0.0377460
vt 0.0965690 0.0363600
vt 0.0965830 0.0368190
vt 0.0965970 0.0372770
vt 0.0966120 0.0377350
vt 0.0966260 0.0381940
vt 0.0967822 0.0801660
vt 0.0968689 0.0764947
vt 0.0968950 0.0782154
vt 0.0969463 0.0385105
vt 0.0976003 0.0793888
vt 0.0979600 0.7433390
vt 0.1006970 0.7429450
vt 0.1010870 0.5693430
vt 0.1010870 0.6514690
vt 0.1010880 0.4702400
vt 0.1010880 0.7409660
vt 0.1010880 0.7426210
vt 0.1010920 0.3711260
vt 0.1011000 0.2889690
vt 0.1011480 0.1993250
vt 0.1011680 0.1976530
vt 0.1011890 0.1973450
vt 0.1012120 0.1969890
vt 0.1012360 0.1965850
vt 0.1012630 0.1961350
vt 0.1012940 0.1956470
vt 0.1013260 0.1951510
vt 0.1013590 0.1946840
vt 0.1013910 0.1942810
vt 0.1014540 0.1936780
vt 0.1030806 0.1832616
vt 0.1040259 0.0439188
vt 0.1074386 0.1464607
vt 0.1119637 0.1076917
vt 0.1144338 0.0700494
vt 0.1144740 0.0808870
vt 0.1145260 0.0803550
vt 0.1145450 0.0800680
vt 0.1145650 0.0797440
vt 0.1145840 0.0793950
vt 0.1146010 0.0790330
vt 0.1146117 0.0862368
vt 0.1146150 0.0786710
vt 0.1146270 0.0783220
vt 0.1146380 0.0779970
vt 0.1146470 0.0777100
vt 0.1146570 0.0773830
vt 0.1152310 0.0385220
vt 0.1189108 0.2115193
vt 0.1199580 0.7442410
vt 0.1244563 0.0450465
vt 0.1280970 0.7437790
vt 0.1303204 0.0398505
vt 0.1330590 0.7433390
vt 0.1347207 0.7168242
vt 0.1349420 0.7429460
vt 0.1352100 0.4702400
vt 0.1352100 0.5693430
vt 0.1352100 0.6514700
vt 0.1352100 0.7409670
vt 0.1352100 0.7426220
vt 0.1352120 0.3711290
vt 0.1352400 0.1993460
vt 0.1352500 0.1976760
vt 0.1352610 0.1973670
vt 0.1352720 0.1970130
vt 0.1352850 0.1966210
vt 0.1352990 0.1962010
vt 0.1353170 0.1957640
vt 0.1353350 0.1953320
vt 0.1353540 0.1949290
vt 0.1353730 0.1945790
vt 0.1354100 0.1940070
vt 0.1355700 0.1917450
vt 0.1368627 0.1727380
vt 0.1375010 0.0363600
vt 0.1375080 0.0368170
vt 0.1375160 0.0372640
vt 0.1376590 0.0376860
vt 0.1390940 0.0380520
vt 0.1432591 0.0946234
vt 0.1432870 0.0832030
vt 0.1434430 0.0809540
vt 0.1434760 0.0804120
vt 0.1434890 0.0801140
vt 0.1434930 0.0383640
vt 0.1435020 0.0797750
vt 0.1435150 0.0794110
vt 0.1435260 0.0790330
vt 0.1435360 0.0786550
vt 0.1435430 0.0782900
vt 0.1435490 0.0779520
vt 0.1435550 0.0776540
vt 0.1435600 0.0772980
vt 0.1435650 0.0763500
vt 0.1437652 0.0692000
vt 0.1479210 0.0388650
vt 0.1560855 0.0414774
vt 0.1572101 0.2907790
vt 0.1591783 0.1269605
vt 0.1630968 0.2282074
vt 0.1753533 0.7166680
vt 0.1763720 0.1973750
vt 0.1763720 0.1976840
vt 0.1763720 0.1993530
vt 0.1763720 0.3711300
vt 0.1763720 0.4702410
vt 0.1763720 0.5693430
vt 0.1763720 0.7409670
vt 0.1763720 0.7426220
vt 0.1763720 0.7429460
vt 0.1763720 0.7433400
vt 0.1763720 0.7437790
vt 0.1763720 0.7442410
vt 0.1763730 0.1970210
vt 0.1763740 0.1966330
vt 0.1763770 0.1962230
vt 0.1763820 0.1958030
vt 0.1763840 0.1883612
vt 0.1763880 0.1953920
vt 0.1763940 0.1950100
vt 0.1764000 0.1946780
vt 0.1764100 0.1941170
vt 0.1766240 0.1661437
vt 0.1779575 0.0596257
vt 0.1783101 0.0397681
vt 0.1783600 0.0832280
vt 0.1783990 0.0809760
vt 0.1784090 0.0804310
vt 0.1784140 0.0801290
vt 0.1784200 0.0797860
vt 0.1784250 0.0794160
vt 0.1784290 0.0790330
vt 0.1784320 0.0786500
vt 0.1784330 0.0779370
vt 0.1784330 0.0782800
vt 0.1784340 0.0363600
vt 0.1784340 0.0368160
vt 0.1784340 0.0372570
vt 0.1784340 0.0376660
vt 0.1784340 0.0380110
vt 0.1784340 0.0383180
vt 0.1784340 0.0762420
vt 0.1784340 0.0772660
vt 0.1784340 0.0776350
vt 0.1784917 0.0946728
vt 0.1788991 0.0431563
vt 0.1955360 0.6496652
vt 0.2089460 0.0388650
vt 0.2115416 0.0691862
vt 0.2133020 0.0763500
vt 0.2133070 0.0772980
vt 0.2133120 0.0776540
vt 0.2133180 0.0779520
vt 0.2133230 0.0782900
vt 0.2133280 0.0786550
vt 0.2133320 0.0790330
vt 0.2133350 0.0794110
vt 0.2133370 0.0797750
vt 0.2133400 0.0801140
vt 0.2133430 0.0804120
vt 0.2133570 0.0809540
vt 0.2133740 0.0383640
vt 0.2143701 0.0970709
vt 0.2143809 0.0440773
vt 0.2152259 0.1475059
vt 0.2161162 0.1799680
vt 0.2161570 0.7166659
vt 0.2173330 0.1917450
vt 0.2174130 0.1940070
vt 0.2174310 0.1945790
vt 0.2174370 0.1949290
vt 0.2174430 0.1953320
vt 0.2174490 0.1957640
vt 0.2174560 0.1962010
vt 0.2174640 0.1966210
vt 0.2174740 0.1970130
vt 0.2174840 0.1973670
vt 0.2174940 0.1976760
vt 0.2175280 0.2889750
vt 0.2175320 0.3711290
vt 0.2175340 0.4702400
vt 0.2175340 0.7409670
vt 0.2175340 0.7426220
vt 0.2175350 0.5693430
vt 0.2177730 0.0380520
vt 0.2178030 0.7429460
vt 0.2184774 0.2150387
vt 0.2192090 0.0376860
vt 0.2193520 0.0372640
vt 0.2193590 0.0368170
vt 0.2193660 0.0363600
vt 0.2196850 0.7433390
vt 0.2246470 0.7437790
vt 0.2266527 0.0399276
vt 0.2286332 0.0544746
vt 0.2327870 0.7442410
vt 0.2407379 0.0739606
vt 0.2416360 0.0385220
vt 0.2422100 0.0773830
vt 0.2422200 0.0777100
vt 0.2422290 0.0779970
vt 0.2422390 0.0783220
vt 0.2422480 0.0786710
vt 0.2422570 0.0790330
vt 0.2422670 0.0793940
vt 0.2422760 0.0797440
vt 0.2422850 0.0800680
vt 0.2422950 0.0803550
vt 0.2426436 0.0882262
vt 0.2483092 0.1665743
vt 0.2500290 0.1881311
vt 0.2501879 0.0416146
vt 0.2507877 0.7354990
vt 0.2508311 0.0543519
vt 0.2513810 0.1936780
vt 0.2514050 0.2050342
vt 0.2514230 0.1942810
vt 0.2514410 0.1946840
vt 0.2514580 0.1951510
vt 0.2514760 0.1956470
vt 0.2514940 0.1961350
vt 0.2515140 0.1965840
vt 0.2515350 0.1969880
vt 0.2515560 0.1973450
vt 0.2515770 0.1976530
vt 0.2516450 0.2889690
vt 0.2516530 0.3711260
vt 0.2516560 0.4702400
vt 0.2516560 0.7426210
vt 0.2516580 0.5693430
vt 0.2516580 0.6514690
vt 0.2520470 0.7429450
vt 0.2547850 0.7433390
vt 0.2592514 0.0793730
vt 0.2599551 0.0777381
vt 0.2599788 0.0785274
vt 0.2600473 0.0801601
vt 0.2602410 0.0381940
vt 0.2602700 0.0372770
vt 0.2602840 0.0368190
vt 0.2602980 0.0363600
vt 0.2603380 0.0377460
vt 0.2604340 0.0372980
vt 0.2605310 0.0368500
vt 0.2606270 0.0364020
vt 0.2613255 0.0382222
vt 0.2622110 0.0368260
vt 0.2629980 0.7437790
vt 0.2631589 0.0384018
vt 0.2645454 0.1152328
vt 0.2657256 0.0394727
vt 0.2657651 0.0463576
vt 0.2676853 0.0844196
vt 0.2679153 0.0390240
vt 0.2688793 0.0729689
vt 0.2696753 0.0788709
vt 0.2697665 0.7030605
vt 0.2697984 0.2372278
vt 0.2701838 0.0407994
vt 0.2715327 0.1965330
vt 0.2722139 0.1896375
vt 0.2722687 0.1940043
vt 0.2723324 0.1951401
vt 0.2724957 0.1975443
vt 0.2727344 0.7428122
vt 0.2727386 0.0442088
vt 0.2730106 0.0618911
vt 0.2734460 0.2889590
vt 0.2734580 0.3711220
vt 0.2734640 0.4702380
vt 0.2734660 0.5693420
vt 0.2734660 0.6514690
vt 0.2738994 0.0480411
vt 0.2744200 0.0520153
vt 0.2747758 0.0790745
vt 0.2749168 0.0513454
vt 0.2752796 0.0772079
vt 0.2755706 0.0810176
vt 0.2756557 0.0705972
vt 0.2757164 0.0586021
vt 0.2757843 0.1489812
vt 0.2759345 0.0648351
vt 0.2761447 0.0867668
vt 0.2762680 0.0792280
vt 0.2762770 0.0792930
vt 0.2773005 0.2062173
vt 0.2773738 0.0972072
vt 0.2781535 0.7436979
vt 0.2796186 0.1129968
vt 0.2797550 0.1060390
vt 0.2801065 0.1738576
vt 0.2818827 0.1350717
vt 0.2828070 0.1334330
vt 0.2832330 0.1327850
vt 0.2838807 0.1964549
vt 0.2844744 0.1549085
vt 0.2845555 0.7364980
vt 0.2847130 0.2889470
vt 0.2847280 0.3711170
vt 0.2847360 0.4702370
vt 0.2847380 0.5693420
vt 0.2847380 0.6514690
vt 0.2853407 0.1563419
vt 0.2855652 0.7433767
vt 0.2865340 0.1883122
vt 0.2867120 0.1595310
vt 0.2871266 0.1717861
vt 0.2887096 0.1822572
vt 0.2889035 0.7433463
vt 0.2889630 0.2364250
vt 0.2889890 0.2889350
vt 0.2890060 0.3711120
vt 0.2890150 0.4702350
vt 0.2890160 0.7038970
vt 0.2890170 0.6514680
vt 0.2890180 0.5693420
vt 0.2892010 0.7442410
vt 0.2892899 0.2106254
vt 0.2892980 0.7442410
vt 0.2895058 0.1980025
vt 0.2895264 0.1864477
vt 0.2897356 0.7442083
vt 0.2897821 0.1945008
vt 0.2897930 0.2364020
vt 0.2898180 0.2889220
vt 0.2898360 0.3711070
vt 0.2898380 0.7308910
vt 0.2898450 0.4702340
vt 0.2898450 0.7038970
vt 0.2898470 0.5693410
vt 0.2898470 0.6514680
vt 0.2901330 0.2363810
vt 0.2901520 0.2889120
vt 0.2901620 0.7308900
vt 0.2901660 0.3711020
vt 0.2901730 0.4702320
vt 0.2901730 0.7038960
vt 0.2901750 0.6514680
vt 0.2901760 0.5693410
vt 0.2901900 0.1862780
vt 0.2902497 0.1866536
vt 0.2903491 0.2106228
vt 0.2905590 0.7308850
vt 0.2905670 0.2363650
vt 0.2905670 0.2889040
vt 0.2905710 0.3710990
vt 0.2905710 0.7038950
vt 0.2905730 0.4702310
vt 0.2905730 0.6514680
vt 0.2905740 0.5693410
vt 0.2910080 0.7308750
vt 0.2910160 0.7038940
vt 0.2910170 0.6514680
vt 0.2910180 0.5693410
vt 0.2910220 0.4702310
vt 0.2910310 0.3710960
vt 0.2910500 0.2888980
vt 0.2910870 0.2363540
vt 0.2911800 0.2092210
vt 0.2912198 0.7425925
vt 0.2914617 0.7401062
vt 0.2914810 0.7308660
vt 0.2914830 0.6514680
vt 0.2914830 0.7038930
vt 0.2914850 0.5693410
vt 0.2914960 0.4702300
vt 0.2915260 0.3710950
vt 0.2915840 0.2888950
vt 0.2916850 0.2363490
vt 0.2918650 0.2092110
vt 0.2919480 0.6514680
vt 0.2919490 0.7038930
vt 0.2919490 0.7308660
vt 0.2919510 0.5693410
vt 0.2919730 0.4702300
vt 0.2920330 0.3710950
vt 0.2921500 0.2888960
vt 0.2923440 0.2363500
vt 0.2923890 0.6514680
vt 0.2923900 0.7038940
vt 0.2923910 0.7308720
vt 0.2923930 0.5693410
vt 0.2924280 0.4702310
vt 0.2925240 0.3710970
vt 0.2925985 0.1921338
vt 0.2926410 0.2092140
vt 0.2927090 0.2888990
vt 0.2927830 0.6514680
vt 0.2927840 0.7038950
vt 0.2927860 0.7308790
vt 0.2927890 0.5693410
vt 0.2928370 0.4702320
vt 0.2929670 0.3710990
vt 0.2930120 0.2363570
vt 0.2931080 0.6514680
vt 0.2931090 0.7038960
vt 0.2931110 0.7308850
vt 0.2931150 0.5693410
vt 0.2931730 0.4702330
vt 0.2932210 0.2889050
vt 0.2933320 0.3711030
vt 0.2933763 0.7430759
vt 0.2934410 0.2092270
vt 0.2936290 0.2363690
vt 0.2936410 0.2889130
vt 0.2936500 0.7442410
vt 0.2937460 0.7442410
vt 0.2939270 0.6514680
vt 0.2939290 0.7038970
vt 0.2939360 0.5693420
vt 0.2940000 0.4702340
vt 0.2940200 0.1997300
vt 0.2941360 0.2363850
vt 0.2941750 0.3711070
vt 0.2941860 0.2092490
vt 0.2945160 0.2889230
vt 0.2947940 0.2092760
vt 0.2950620 0.2364040
vt 0.2973261 0.7433717
vt 0.2981560 0.6514690
vt 0.2981640 0.5693420
vt 0.2982290 0.4702350
vt 0.2982357 0.1936002
vt 0.2983743 0.1957350
vt 0.2984060 0.3711120
vt 0.2987500 0.2889340
vt 0.3005140 0.1917840
vt 0.3006180 0.1917320
vt 0.3007220 0.1916800
vt 0.3012357 0.1920837
vt 0.3020830 0.2026187
vt 0.3022424 0.7332840
vt 0.3046652 0.7436963
vt 0.3073593 0.1924157
vt 0.3092930 0.6514690
vt 0.3093010 0.5693420
vt 0.3093600 0.4702370
vt 0.3095210 0.3711160
vt 0.3098350 0.2889440
vt 0.3100228 0.7428105
vt 0.3123342 0.1926745
vt 0.3128981 0.7031395
vt 0.3139647 0.2372167
vt 0.3151668 0.1874182
vt 0.3164861 0.1964176
vt 0.3169705 0.1901103
vt 0.3196360 0.7437790
vt 0.3197355 0.1838218
vt 0.3210555 0.1918983
vt 0.3244800 0.1936722
vt 0.3252521 0.1869270
vt 0.3254870 0.1794220
vt 0.3277510 0.7433390
vt 0.3304560 0.7429450
vt 0.3307589 0.1814785
vt 0.3308420 0.7426210
vt 0.3308470 0.5693420
vt 0.3308930 0.4702380
vt 0.3310180 0.3711190
vt 0.3310598 0.7351849
vt 0.3312610 0.2889520
vt 0.3319546 0.1911854
vt 0.3327430 0.1992630
vt 0.3346690 0.1969540
vt 0.3348763 0.1977686
vt 0.3353370 0.1966000
vt 0.3358475 0.1761473
vt 0.3360240 0.1962290
vt 0.3367340 0.1958510
vt 0.3374580 0.1954800
vt 0.3381850 0.1951300
vt 0.3389050 0.1948180
vt 0.3396090 0.1945520
vt 0.3403050 0.1943200
vt 0.3431078 0.1939728
vt 0.3438670 0.1931410
vt 0.3444185 0.1748893
vt 0.3445220 0.1928890
vt 0.3451130 0.1926440
vt 0.3456520 0.1924030
vt 0.3474609 0.6495393
vt 0.3481257 0.1920647
vt 0.3486032 0.1822108
vt 0.3493872 0.2113322
vt 0.3494870 0.7442410
vt 0.3497234 0.1912471
vt 0.3502510 0.1671640
vt 0.3509050 0.1900461
vt 0.3519252 0.1891406
vt 0.3575290 0.7437790
vt 0.3577276 0.1663922
vt 0.3624320 0.7433390
vt 0.3624926 0.1685560
vt 0.3636058 0.7252478
vt 0.3642920 0.7429460
vt 0.3645570 0.7426220
vt 0.3645600 0.5693430
vt 0.3645850 0.4702380
vt 0.3646530 0.3711210
vt 0.3655950 0.1992810
vt 0.3659400 0.1976050
vt 0.3662910 0.1973030
vt 0.3666470 0.1969690
vt 0.3670110 0.1966130
vt 0.3673850 0.1962430
vt 0.3677700 0.1958710
vt 0.3681610 0.1955090
vt 0.3685540 0.1951680
vt 0.3689440 0.1948630
vt 0.3693250 0.1946000
vt 0.3697030 0.1943680
vt 0.3700820 0.1941500
vt 0.3704670 0.1939280
vt 0.3708620 0.1936900
vt 0.3712560 0.1934380
vt 0.3716370 0.1931810
vt 0.3719930 0.1929260
vt 0.3723140 0.1926780
vt 0.3726080 0.1924330
vt 0.3728830 0.1921820
vt 0.3731510 0.1919170
vt 0.3734200 0.1916330
vt 0.3736870 0.1913300
vt 0.3739500 0.1910090
vt 0.3742060 0.1906740
vt 0.3744520 0.1903260
vt 0.3746890 0.1899760
vt 0.3749200 0.1896320
vt 0.3750150 0.1549060
vt 0.3751460 0.1893050
vt 0.3754400 0.1889080
vt 0.3755162 0.1601480
vt 0.3761530 0.1879670
vt 0.3772176 0.1745880
vt 0.3784192 0.1560277
vt 0.3835672 0.1599844
vt 0.3863938 0.2907384
vt 0.3883692 0.1543251
vt 0.3922865 0.2280847
vt 0.3930089 0.1589466
vt 0.3979522 0.1512469
vt 0.3997800 0.1426480
vt 0.4006524 0.1445393
vt 0.4011336 0.1455400
vt 0.4013712 0.1462519
vt 0.4017410 0.1444810
vt 0.4020930 0.1439450
vt 0.4035813 0.1445246
vt 0.4050970 0.1896140
vt 0.4050970 0.1899570
vt 0.4050980 0.1892870
vt 0.4050980 0.1903080
vt 0.4050990 0.1888900
vt 0.4051000 0.1906560
vt 0.4051040 0.1909940
vt 0.4051100 0.1913170
vt 0.4051170 0.1916240
vt 0.4051240 0.1919110
vt 0.4051300 0.1921780
vt 0.4051360 0.1924320
vt 0.4051420 0.1926800
vt 0.4051480 0.1853263
vt 0.4051480 0.1929290
vt 0.4051540 0.1931850
vt 0.4051600 0.1934430
vt 0.4051670 0.1936960
vt 0.4051720 0.1939360
vt 0.4051780 0.1941590
vt 0.4051830 0.1943790
vt 0.4051880 0.1946110
vt 0.4051950 0.1948740
vt 0.4052016 0.1488568
vt 0.4052020 0.1951780
vt 0.4052090 0.1955160
vt 0.4052160 0.1958760
vt 0.4052220 0.1962470
vt 0.4052250 0.1966170
vt 0.4052270 0.1969740
vt 0.4052280 0.1973090
vt 0.4052280 0.1976120
vt 0.4052280 0.1992870
vt 0.4052280 0.3711220
vt 0.4052280 0.4702390
vt 0.4052280 0.5693430
vt 0.4052280 0.7409670
vt 0.4052280 0.7426220
vt 0.4052280 0.7429460
vt 0.4052280 0.7433400
vt 0.4052280 0.7437790
vt 0.4052280 0.7442410
vt 0.4060822 0.1443110
vt 0.4075308 0.1643672
vt 0.4078580 0.1456270
vt 0.4083230 0.1445030
vt 0.4085250 0.1443750
vt 0.4093236 0.1432153
vt 0.4100305 0.1448236
vt 0.4104260 0.1431309
vt 0.4105350 0.1459936
vt 0.4108950 0.1430940
vt 0.4109550 0.1431230
vt 0.4114397 0.1442675
vt 0.4119081 0.1474532
vt 0.4124097 0.1503458
vt 0.4158646 0.1470675
vt 0.4167069 0.1550649
vt 0.4183456 0.7121758
vt 0.4218920 0.1490440
vt 0.4221116 0.1543303
vt 0.4221494 0.1626113
vt 0.4241617 0.6496637
vt 0.4242764 0.1515613
vt 0.4345448 0.1602926
vt 0.4347580 0.1888730
vt 0.4350500 0.1892690
vt 0.4352740 0.1895950
vt 0.4355040 0.1899370
vt 0.4355322 0.1577506
vt 0.4356560 0.1552730
vt 0.4357430 0.1902870
vt 0.4359940 0.1906350
vt 0.4362580 0.1909710
vt 0.4365330 0.1912930
vt 0.4368140 0.1915980
vt 0.4370960 0.1918840
vt 0.4372290 0.1830571
vt 0.4373760 0.1921500
vt 0.4376640 0.1924030
vt 0.4379690 0.1926500
vt 0.4383030 0.1928990
vt 0.4386710 0.1931560
vt 0.4390640 0.1934150
vt 0.4391282 0.1581843
vt 0.4394700 0.1936690
vt 0.4398760 0.1939090
vt 0.4402730 0.1941330
vt 0.4406620 0.1943530
vt 0.4410510 0.1945870
vt 0.4414450 0.1948510
vt 0.4418490 0.1951590
vt 0.4422570 0.1955020
vt 0.4426630 0.1958670
vt 0.4430590 0.1962410
vt 0.4434400 0.1966120
vt 0.4435621 0.1700432
vt 0.4438070 0.1969690
vt 0.4441650 0.1973030
vt 0.4445160 0.1976050
vt 0.4456700 0.2889570
vt 0.4458020 0.3711210
vt 0.4458700 0.4702380
vt 0.4458950 0.5693430
vt 0.4458980 0.7409670
vt 0.4458980 0.7426220
vt 0.4461640 0.7429460
vt 0.4463618 0.2147039
vt 0.4480230 0.7433390
vt 0.4506982 0.1671126
vt 0.4529260 0.7437790
vt 0.4552726 0.1672601
vt 0.4579644 0.1671668
vt 0.4582397 0.1890788
vt 0.4592996 0.1899878
vt 0.4603560 0.1674220
vt 0.4609278 0.1912568
vt 0.4609690 0.7442410
vt 0.4616290 0.1906120
vt 0.4620239 0.7288249
vt 0.4622055 0.1920225
vt 0.4646180 0.1923470
vt 0.4650641 0.1931629
vt 0.4662016 0.1748749
vt 0.4678900 0.1936080
vt 0.4686280 0.1938490
vt 0.4693480 0.1940710
vt 0.4700570 0.1942910
vt 0.4707640 0.1945270
vt 0.4714820 0.1947970
vt 0.4722160 0.1951140
vt 0.4729590 0.1954680
vt 0.4736970 0.1958440
vt 0.4738148 0.1884670
vt 0.4744190 0.1962250
vt 0.4751130 0.1965980
vt 0.4757850 0.1969540
vt 0.4764390 0.1972850
vt 0.4772637 0.1768924
vt 0.4772764 0.2016911
vt 0.4775069 0.1815579
vt 0.4791950 0.2889520
vt 0.4794380 0.3711190
vt 0.4795620 0.4702380
vt 0.4796080 0.5693430
vt 0.4796130 0.7409660
vt 0.4796130 0.7426210
vt 0.4796150 0.6514690
vt 0.4799990 0.7429450
vt 0.4812989 0.1922871
vt 0.4827040 0.7433390
vt 0.4850570 0.1795720
vt 0.4860647 0.1875266
vt 0.4885792 0.1943016
vt 0.4886151 0.1833504
vt 0.4908190 0.7437790
vt 0.4928348 0.1903654
vt 0.4947680 0.1968067
vt 0.4965288 0.2371612
vt 0.4966512 0.0366698
vt 0.4968404 0.1889849
vt 0.4971850 0.0304050
vt 0.4971850 0.0318130
vt 0.4971850 0.0360370
vt 0.4973340 0.0293854
vt 0.4974110 0.0361230
vt 0.4974259 0.0339163
vt 0.4975029 0.7030647
vt 0.4979615 0.0294315
vt 0.4980389 0.0286231
vt 0.4985300 0.0280360
vt 0.4986950 0.0281425
vt 0.5002939 0.0290150
vt 0.5004158 0.1920103
vt 0.5004334 0.7428113
vt 0.5006210 0.2889440
vt 0.5009340 0.3711160
vt 0.5010950 0.4702370
vt 0.5011540 0.5693420
vt 0.5011620 0.6514690
vt 0.5015357 0.1950936
vt 0.5051689 0.0354450
vt 0.5057899 0.7436973
vt 0.5065077 0.0293015
vt 0.5070091 0.1906130
vt 0.5080885 0.1920128
vt 0.5082129 0.7332814
vt 0.5083761 0.2026179
vt 0.5089407 0.1946179
vt 0.5097570 0.1917210
vt 0.5107814 0.0309809
vt 0.5117050 0.2889340
vt 0.5119150 0.0359697
vt 0.5120500 0.3711120
vt 0.5122260 0.4702350
vt 0.5122910 0.5693420
vt 0.5123000 0.6514690
vt 0.5131264 0.7433785
vt 0.5153940 0.2364040
vt 0.5156680 0.2092730
vt 0.5159390 0.2889240
vt 0.5162810 0.3711070
vt 0.5162820 0.2092430
vt 0.5163210 0.2363840
vt 0.5164560 0.4702340
vt 0.5165200 0.5693420
vt 0.5165270 0.7038970
vt 0.5165280 0.6514680
vt 0.5167100 0.7442410
vt 0.5168050 0.7442410
vt 0.5168150 0.2889130
vt 0.5168280 0.2363680
vt 0.5170320 0.2092180
vt 0.5171240 0.3711030
vt 0.5172350 0.2889050
vt 0.5172820 0.4702330
vt 0.5173400 0.5693410
vt 0.5173450 0.7308890
vt 0.5173470 0.7038960
vt 0.5173480 0.6514680
vt 0.5174460 0.2363560
vt 0.5174890 0.3711000
vt 0.5176190 0.4702320
vt 0.5176660 0.5693410
vt 0.5176693 0.7403421
vt 0.5176700 0.7308870
vt 0.5176710 0.7038960
vt 0.5176730 0.6514680
vt 0.5177460 0.2888990
vt 0.5178350 0.2092020
vt 0.5179320 0.3710970
vt 0.5179691 0.1996168
vt 0.5180270 0.4702310
vt 0.5180620 0.5693410
vt 0.5180640 0.7308850
vt 0.5180650 0.7038950
vt 0.5180660 0.6514680
vt 0.5181130 0.2363490
vt 0.5183040 0.2888960
vt 0.5184210 0.3710960
vt 0.5184381 0.0331621
vt 0.5184810 0.4702300
vt 0.5185030 0.5693410
vt 0.5185050 0.7038950
vt 0.5185050 0.7308830
vt 0.5185060 0.6514680
vt 0.5186110 0.2091990
vt 0.5186637 0.0292713
vt 0.5187700 0.2363470
vt 0.5188680 0.2888950
vt 0.5188742 0.0372890
vt 0.5189260 0.3710950
vt 0.5189560 0.4702300
vt 0.5189670 0.5693410
vt 0.5189680 0.7308820
vt 0.5189680 0.7465000
vt 0.5189680 0.9694640
vt 0.5189690 0.6514680
vt 0.5189690 0.7038950
vt 0.5189690 0.7463090
vt 0.5189690 0.7464050
vt 0.5189690 0.8022410
vt 0.5189690 0.8579820
vt 0.5189690 0.9137230
vt 0.5189690 0.9695590
vt 0.5189690 0.9696550
vt 0.5192115 0.7434371
vt 0.5192910 0.2092090
vt 0.5193640 0.2363530
vt 0.5193980 0.2888980
vt 0.5194170 0.3710970
vt 0.5194270 0.4702310
vt 0.5194270 0.9056810
vt 0.5194270 0.9435730
vt 0.5194280 0.8579820
vt 0.5194290 0.8102830
vt 0.5194300 0.5693410
vt 0.5194300 0.7723910
vt 0.5194310 0.6514680
vt 0.5194320 0.7038950
vt 0.5194320 0.7308830
vt 0.5195061 0.9585429
vt 0.5195099 0.7574197
vt 0.5198496 0.7443141
vt 0.5198630 0.9354580
vt 0.5198640 0.9007780
vt 0.5198650 0.8579820
vt 0.5198660 0.8151860
vt 0.5198680 0.7805050
vt 0.5198700 0.5693410
vt 0.5198710 0.4702310
vt 0.5198710 0.6514680
vt 0.5198720 0.7038950
vt 0.5198730 0.3710990
vt 0.5198730 0.7308850
vt 0.5198770 0.2889040
vt 0.5198790 0.2363640
vt 0.5198909 0.1951393
vt 0.5199882 0.7505527
vt 0.5199893 0.9653813
vt 0.5200521 0.9702203
vt 0.5200573 0.1863618
vt 0.5201082 0.2106170
vt 0.5202510 0.1863900
vt 0.5202530 0.9327540
vt 0.5202540 0.8989180
vt 0.5202560 0.8579820
vt 0.5202580 0.8170460
vt 0.5202600 0.7832100
vt 0.5202640 0.5693410
vt 0.5202650 0.6514680
vt 0.5202660 0.1862780
vt 0.5202660 0.4702320
vt 0.5202660 0.7038960
vt 0.5202670 0.7308870
vt 0.5202740 0.3711020
vt 0.5202880 0.2889120
vt 0.5203080 0.2363810
vt 0.5203603 0.9531863
vt 0.5203701 0.7627776
vt 0.5205750 0.9323670
vt 0.5205760 0.8986530
vt 0.5205780 0.8579820
vt 0.5205810 0.8173110
vt 0.5205830 0.7835970
vt 0.5205890 0.5693410
vt 0.5205890 0.6514680
vt 0.5205900 0.7038960
vt 0.5205910 0.4702340
vt 0.5205920 0.7308890
vt 0.5206000 0.3711070
vt 0.5206170 0.2889230
vt 0.5206440 0.2364010
vt 0.5209180 0.9717230
vt 0.5210120 0.9717230
vt 0.5211060 0.9717230
vt 0.5211428 0.2106272
vt 0.5212000 0.9717230
vt 0.5213870 0.9323680
vt 0.5213890 0.8986530
vt 0.5213930 0.8579820
vt 0.5213970 0.8173110
vt 0.5214010 0.7835960
vt 0.5214080 0.5693420
vt 0.5214090 0.6514680
vt 0.5214100 0.7038970
vt 0.5214110 0.4702350
vt 0.5214200 0.3711120
vt 0.5214370 0.2889350
vt 0.5214630 0.2364250
vt 0.5220038 0.1817909
vt 0.5223019 0.1903891
vt 0.5225478 0.1730490
vt 0.5237440 0.1595320
vt 0.5240143 0.1717071
vt 0.5250991 0.0353226
vt 0.5252161 0.9706894
vt 0.5252888 0.2008851
vt 0.5255178 0.1556934
vt 0.5255830 0.8986530
vt 0.5255960 0.8579820
vt 0.5256370 0.5693420
vt 0.5256370 0.6514690
vt 0.5256390 0.4702370
vt 0.5256470 0.3711170
vt 0.5256620 0.2889480
vt 0.5257891 0.0361686
vt 0.5258089 0.7364967
vt 0.5261856 0.0299926
vt 0.5263156 0.7442008
vt 0.5263956 0.0292619
vt 0.5266316 0.1955725
vt 0.5267370 0.1561110
vt 0.5270480 0.7489462
vt 0.5272220 0.1327850
vt 0.5276480 0.1334330
vt 0.5278389 0.0329965
vt 0.5282689 0.9623183
vt 0.5282738 0.1348909
vt 0.5294804 0.0310419
vt 0.5297505 0.7589614
vt 0.5307010 0.1060390
vt 0.5307611 0.1133668
vt 0.5313504 0.9315414
vt 0.5316921 0.7839441
vt 0.5319554 0.0347809
vt 0.5319949 0.9711777
vt 0.5323442 0.0310607
vt 0.5329640 0.0967229
vt 0.5340348 0.0818254
vt 0.5341790 0.0792930
vt 0.5342428 0.0786162
vt 0.5344185 0.0876127
vt 0.5346626 0.0345413
vt 0.5352815 0.0808972
vt 0.5352943 0.0516480
vt 0.5355229 0.0785182
vt 0.5356182 0.0739550
vt 0.5356388 0.0667867
vt 0.5357194 0.0588165
vt 0.5358860 0.0460648
vt 0.5359037 0.0530897
vt 0.5366968 0.1259920
vt 0.5367750 0.5693420
vt 0.5367750 0.6514690
vt 0.5367770 0.4702390
vt 0.5367770 0.7442400
vt 0.5367820 0.3711220
vt 0.5367940 0.2889590
vt 0.5368416 0.0441163
vt 0.5372632 0.0320478
vt 0.5372921 0.9703159
vt 0.5376117 0.7426831
vt 0.5376151 0.7457625
vt 0.5376201 0.7449306
vt 0.5376216 0.7435517
vt 0.5376584 0.0500111
vt 0.5377420 0.1975418
vt 0.5379085 0.1951442
vt 0.5379757 0.1940070
vt 0.5387022 0.1965342
vt 0.5402767 0.0397602
vt 0.5403633 0.8170680
vt 0.5403794 0.7031394
vt 0.5404574 0.2373041
vt 0.5405160 0.0343489
vt 0.5408202 0.0788726
vt 0.5410957 0.0430133
vt 0.5416336 0.0881355
vt 0.5422660 0.0319092
vt 0.5425228 0.0317805
vt 0.5426274 0.0387078
vt 0.5432068 0.0346043
vt 0.5432166 0.0347028
vt 0.5439133 0.1586638
vt 0.5442314 0.0397255
vt 0.5443373 0.0396202
vt 0.5451174 0.0302817
vt 0.5462227 0.0332402
vt 0.5466886 0.0612120
vt 0.5467790 0.9712600
vt 0.5470981 0.0318660
vt 0.5478065 0.8971864
vt 0.5479112 0.8566535
vt 0.5481930 0.0303789
vt 0.5486862 0.0321390
vt 0.5492476 0.1864658
vt 0.5498230 0.0300800
vt 0.5498400 0.0305390
vt 0.5498570 0.0309980
vt 0.5498740 0.0314570
vt 0.5498900 0.0319160
vt 0.5499140 0.0320220
vt 0.5499370 0.0321280
vt 0.5499610 0.0322340
vt 0.5499840 0.0323400
vt 0.5500310 0.0321280
vt 0.5500550 0.0320220
vt 0.5500780 0.0319160
vt 0.5500990 0.0314570
vt 0.5501200 0.0309990
vt 0.5501400 0.0305400
vt 0.5501610 0.0300820
vt 0.5505125 0.0801609
vt 0.5505680 0.0764945
vt 0.5505947 0.0782158
vt 0.5508590 0.0356091
vt 0.5513141 0.0793784
vt 0.5547980 0.9708200
vt 0.5574710 0.9704270
vt 0.5578540 0.9701020
vt 0.5578560 0.9692820
vt 0.5583160 0.7466820
vt 0.5583180 0.7458620
vt 0.5583200 0.7455370
vt 0.5583210 0.7451440
vt 0.5583220 0.5693430
vt 0.5583220 0.7447040
vt 0.5583230 0.7442410
vt 0.5583240 0.4702400
vt 0.5583240 0.7426210
vt 0.5583240 0.7429450
vt 0.5583240 0.7433390
vt 0.5583240 0.7437790
vt 0.5583280 0.3711260
vt 0.5583350 0.2889690
vt 0.5583497 0.9497190
vt 0.5583830 0.1993250
vt 0.5583861 0.0333212
vt 0.5584030 0.1976530
vt 0.5584240 0.1973450
vt 0.5584450 0.1969890
vt 0.5584660 0.1965850
vt 0.5584870 0.1961350
vt 0.5585070 0.1956470
vt 0.5585280 0.1951510
vt 0.5585414 0.7351847
vt 0.5585490 0.1946840
vt 0.5585690 0.1942810
vt 0.5586150 0.1936780
vt 0.5591986 0.7647369
vt 0.5593091 0.0449047
vt 0.5601745 0.0358636
vt 0.5603141 0.0343986
vt 0.5604405 0.0381381
vt 0.5666373 0.1076908
vt 0.5682556 0.0700491
vt 0.5683490 0.0808870
vt 0.5683870 0.0803550
vt 0.5683990 0.0800680
vt 0.5684110 0.0797440
vt 0.5684230 0.0793950
vt 0.5684350 0.0790330
vt 0.5684450 0.0786710
vt 0.5684550 0.0783220
vt 0.5684650 0.0779970
vt 0.5684750 0.0777110
vt 0.5684840 0.0773830
vt 0.5686422 0.0862332
vt 0.5686940 0.0328030
vt 0.5749418 0.6495396
vt 0.5759397 0.2115136
vt 0.5759555 0.0332808
vt 0.5762670 0.9717230
vt 0.5765060 0.0365190
vt 0.5765090 0.0360280
vt 0.5765170 0.0370090
vt 0.5765230 0.0355610
vt 0.5765390 0.0374740
vt 0.5765450 0.0351430
vt 0.5765620 0.0378920
vt 0.5765690 0.0347970
vt 0.5765930 0.0345370
vt 0.5766150 0.0343290
vt 0.5766350 0.0341270
vt 0.5766540 0.0338860
vt 0.5788158 0.0385268
vt 0.5820507 0.0455570
vt 0.5842150 0.9712600
vt 0.5890610 0.9708210
vt 0.5906833 0.9503306
vt 0.5909000 0.9704270
vt 0.5910870 0.7252478
vt 0.5911630 0.9701030
vt 0.5911670 0.9692830
vt 0.5916020 0.0321270
vt 0.5916240 0.0319730
vt 0.5916490 0.0317540
vt 0.5916770 0.0314060
vt 0.5917090 0.0309850
vt 0.5917190 0.0322810
vt 0.5917430 0.0305390
vt 0.5917790 0.0300820
vt 0.5918400 0.8784404
vt 0.5920110 0.7509090
vt 0.5920280 0.7466810
vt 0.5920310 0.7458610
vt 0.5920330 0.7455370
vt 0.5920350 0.7451430
vt 0.5920360 0.7447040
vt 0.5920370 0.7442410
vt 0.5920380 0.5693430
vt 0.5920380 0.7437790
vt 0.5920390 0.4702400
vt 0.5920390 0.7426220
vt 0.5920390 0.7429460
vt 0.5920390 0.7433390
vt 0.5920410 0.3711290
vt 0.5920680 0.1993460
vt 0.5920780 0.1976760
vt 0.5920880 0.1973670
vt 0.5920990 0.1970130
vt 0.5921090 0.1966210
vt 0.5921200 0.1962010
vt 0.5921300 0.1957640
vt 0.5921400 0.1953320
vt 0.5921500 0.1949290
vt 0.5921610 0.1945790
vt 0.5921840 0.1940070
vt 0.5922910 0.1917450
vt 0.5930110 0.7733002
vt 0.5931216 0.1727431
vt 0.5931580 0.0324940
vt 0.5974130 0.0832030
vt 0.5974670 0.0328280
vt 0.5975160 0.0809540
vt 0.5975370 0.0804120
vt 0.5975430 0.0801140
vt 0.5975500 0.0797750
vt 0.5975560 0.0794110
vt 0.5975630 0.0790330
vt 0.5975690 0.0786550
vt 0.5975740 0.0782900
vt 0.5975800 0.0779520
vt 0.5975850 0.0776540
vt 0.5975910 0.0772980
vt 0.5975960 0.0763500
vt 0.5976551 0.0946262
vt 0.5977954 0.0692003
vt 0.6008350 0.0332070
vt 0.6021410 0.0369040
vt 0.6021420 0.0364340
vt 0.6021490 0.0373500
vt 0.6021500 0.0335710
vt 0.6021560 0.0359630
vt 0.6021610 0.0377500
vt 0.6021720 0.0380820
vt 0.6021800 0.0355140
vt 0.6022070 0.0351120
vt 0.6022350 0.0347780
vt 0.6022570 0.0345260
vt 0.6022770 0.0343210
vt 0.6022960 0.0341220
vt 0.6023170 0.0338820
vt 0.6023390 0.0383750
vt 0.6096054 0.0411370
vt 0.6121696 0.8178493
vt 0.6137774 0.2907802
vt 0.6143164 0.1269710
vt 0.6195947 0.2282058
vt 0.6308365 0.9426366
vt 0.6313350 0.9717230
vt 0.6313380 0.9712600
vt 0.6313410 0.9708210
vt 0.6313430 0.9704280
vt 0.6313450 0.9701030
vt 0.6313500 0.9692830
vt 0.6313750 0.9650550
vt 0.6322301 0.0596261
vt 0.6322857 0.0404381
vt 0.6324290 0.1661532
vt 0.6325825 0.1883701
vt 0.6326690 0.7509090
vt 0.6326940 0.7466810
vt 0.6326990 0.7458610
vt 0.6327010 0.7455360
vt 0.6327040 0.7451430
vt 0.6327060 0.7447040
vt 0.6327070 0.7442410
vt 0.6327080 0.7437790
vt 0.6327090 0.0380300
vt 0.6327090 0.0383260
vt 0.6327090 0.0762430
vt 0.6327090 0.0772660
vt 0.6327090 0.0776350
vt 0.6327090 0.0779370
vt 0.6327090 0.0782800
vt 0.6327090 0.0786500
vt 0.6327090 0.0790330
vt 0.6327090 0.0794160
vt 0.6327090 0.0797860
vt 0.6327090 0.0801290
vt 0.6327090 0.0804310
vt 0.6327090 0.0809760
vt 0.6327090 0.0832280
vt 0.6327090 0.1941170
vt 0.6327090 0.1946780
vt 0.6327090 0.1950110
vt 0.6327090 0.1953920
vt 0.6327090 0.1958030
vt 0.6327090 0.1962230
vt 0.6327090 0.1966330
vt 0.6327090 0.1970210
vt 0.6327090 0.1973750
vt 0.6327090 0.1976840
vt 0.6327090 0.1993530
vt 0.6327090 0.3711300
vt 0.6327090 0.4702410
vt 0.6327090 0.5693430
vt 0.6327090 0.7409670
vt 0.6327090 0.7426220
vt 0.6327090 0.7429460
vt 0.6327090 0.7433400
vt 0.6327100 0.0377030
vt 0.6327140 0.0373080
vt 0.6327240 0.0368680
vt 0.6327430 0.0364050
vt 0.6327730 0.0359410
vt 0.6328110 0.0354990
vt 0.6328490 0.0351010
vt 0.6328840 0.0347720
vt 0.6329110 0.0345220
vt 0.6329330 0.0343190
vt 0.6329550 0.0341200
vt 0.6329810 0.0338810
vt 0.6330150 0.0335710
vt 0.6330382 0.0946802
vt 0.6330540 0.0332120
vt 0.6330940 0.0328450
vt 0.6331290 0.0325260
vt 0.6331540 0.0322990
vt 0.6331730 0.0321270
vt 0.6331920 0.0319530
vt 0.6331968 0.0431584
vt 0.6332088 0.7733353
vt 0.6332170 0.0317200
vt 0.6332540 0.0313860
vt 0.6332980 0.0309790
vt 0.6333460 0.0305380
vt 0.6333970 0.0300820
vt 0.6458265 0.7121758
vt 0.6516427 0.6496640
vt 0.6517820 0.8981261
vt 0.6522080 0.8578547
vt 0.6564777 0.0411944
vt 0.6630790 0.0383750
vt 0.6632460 0.0380820
vt 0.6632590 0.0377500
vt 0.6632780 0.0373500
vt 0.6633060 0.0369030
vt 0.6633430 0.0364340
vt 0.6633900 0.0359630
vt 0.6634410 0.0355140
vt 0.6634910 0.0351120
vt 0.6635330 0.0347780
vt 0.6635640 0.0345260
vt 0.6635880 0.0343220
vt 0.6636130 0.0341220
vt 0.6636440 0.0338820
vt 0.6638790 0.0335710
vt 0.6652730 0.0332080
vt 0.6660574 0.0691862
vt 0.6678230 0.0763500
vt 0.6678280 0.0772980
vt 0.6678330 0.0776540
vt 0.6678390 0.0779520
vt 0.6678440 0.0782900
vt 0.6678500 0.0786550
vt 0.6678560 0.0790330
vt 0.6678620 0.0794110
vt 0.6678690 0.0797750
vt 0.6678760 0.0801140
vt 0.6678820 0.0804120
vt 0.6679020 0.0809540
vt 0.6687250 0.0328280
vt 0.6691007 0.0970779
vt 0.6705227 0.1475153
vt 0.6706673 0.9426695
vt 0.6715260 0.9701030
vt 0.6715330 0.9692830
vt 0.6715680 0.9650550
vt 0.6717807 0.1799787
vt 0.6717860 0.9704270
vt 0.6727820 0.8173110
vt 0.6731070 0.0324940
vt 0.6731280 0.1917450
vt 0.6732340 0.1940070
vt 0.6732580 0.1945790
vt 0.6732680 0.1949290
vt 0.6732790 0.1953320
vt 0.6732890 0.1957640
vt 0.6732990 0.1962010
vt 0.6733090 0.1966210
vt 0.6733200 0.1970130
vt 0.6733300 0.1973670
vt 0.6733410 0.1976760
vt 0.6733610 0.7466810
vt 0.6733680 0.7458610
vt 0.6733700 0.7455370
vt 0.6733730 0.7451430
vt 0.6733740 0.2889750
vt 0.6733750 0.7447040
vt 0.6733770 0.7442410
vt 0.6733780 0.3711290
vt 0.6733790 0.7433390
vt 0.6733790 0.7437790
vt 0.6733800 0.4702400
vt 0.6733800 0.5693430
vt 0.6733800 0.7409670
vt 0.6733800 0.7426220
vt 0.6733800 0.7429460
vt 0.6736200 0.9708210
vt 0.6737604 0.7656412
vt 0.6743209 0.2150332
vt 0.6745920 0.0322810
vt 0.6747430 0.0321270
vt 0.6747550 0.0319730
vt 0.6747780 0.0317540
vt 0.6748250 0.0314060
vt 0.6748860 0.0309850
vt 0.6749500 0.0305390
vt 0.6750140 0.0300820
vt 0.6784610 0.9712600
vt 0.6811593 0.0432596
vt 0.6832525 0.0544751
vt 0.6864030 0.9717230
vt 0.6885320 0.0385330
vt 0.6888360 0.0382370
vt 0.6888570 0.0378920
vt 0.6888880 0.0374740
vt 0.6889290 0.0370090
vt 0.6889790 0.0365190
vt 0.6890370 0.0360280
vt 0.6890970 0.0355610
vt 0.6891530 0.0351430
vt 0.6891980 0.0347970
vt 0.6892280 0.0345370
vt 0.6892500 0.0343290
vt 0.6892730 0.0341270
vt 0.6893070 0.0338860
vt 0.6895049 0.7288249
vt 0.6899050 0.0333184
vt 0.6954579 0.0739605
vt 0.6969350 0.0773830
vt 0.6969440 0.0777110
vt 0.6969540 0.0779970
vt 0.6969630 0.0783220
vt 0.6969730 0.0786710
vt 0.6969840 0.0790330
vt 0.6969950 0.0793950
vt 0.6970070 0.0797440
vt 0.6970200 0.0800680
vt 0.6970320 0.0803550
vt 0.6974306 0.0882310
vt 0.6975030 0.0328040
vt 0.7035684 0.1665823
vt 0.7041141 0.9512329
vt 0.7048360 0.9701020
vt 0.7048440 0.9692820
vt 0.7048929 0.0340062
vt 0.7049378 0.0424056
vt 0.7051006 0.0386887
vt 0.7052140 0.9704270
vt 0.7052988 0.0368591
vt 0.7054231 0.1881387
vt 0.7055103 0.0349349
vt 0.7056246 0.0543523
vt 0.7064240 0.7662485
vt 0.7068040 0.1936780
vt 0.7068473 0.2050323
vt 0.7068490 0.1942810
vt 0.7068700 0.1946840
vt 0.7068910 0.1951510
vt 0.7069110 0.1956470
vt 0.7069320 0.1961350
vt 0.7069530 0.1965850
vt 0.7069740 0.1969890
vt 0.7069950 0.1973450
vt 0.7070160 0.1976530
vt 0.7070730 0.7466820
vt 0.7070810 0.7458620
vt 0.7070830 0.2889690
vt 0.7070830 0.7455370
vt 0.7070860 0.7451440
vt 0.7070890 0.7447040
vt 0.7070910 0.3711260
vt 0.7070920 0.7442410
vt 0.7070930 0.7437790
vt 0.7070940 0.7429450
vt 0.7070940 0.7433390
vt 0.7070950 0.4702400
vt 0.7070950 0.7409660
vt 0.7070950 0.7426210
vt 0.7070960 0.5693430
vt 0.7070960 0.6514690
vt 0.7078830 0.9708200
vt 0.7083448 0.0331392
vt 0.7141050 0.0793772
vt 0.7148072 0.0777383
vt 0.7148312 0.0785271
vt 0.7149077 0.0801619
vt 0.7151018 0.0729773
vt 0.7158960 0.9712600
vt 0.7161264 0.8593161
vt 0.7163130 0.0319160
vt 0.7163130 0.0320220
vt 0.7163140 0.0321280
vt 0.7163140 0.0322340
vt 0.7163140 0.0323410
vt 0.7163610 0.0322340
vt 0.7163930 0.0314570
vt 0.7164080 0.0321280
vt 0.7164540 0.0320220
vt 0.7164730 0.0309990
vt 0.7165010 0.0319160
vt 0.7165520 0.0305400
vt 0.7166001 0.8187803
vt 0.7166180 0.0314570
vt 0.7166320 0.0300820
vt 0.7167350 0.0309980
vt 0.7168520 0.0305390
vt 0.7169690 0.0300800
vt 0.7170823 0.0340733
vt 0.7176251 0.0322694
vt 0.7181073 0.0312417
vt 0.7186090 0.0300620
vt 0.7194996 0.1152356
vt 0.7199950 0.0331516
vt 0.7202490 0.0300440
vt 0.7225987 0.0844214
vt 0.7228866 0.0391977
vt 0.7232758 0.8989058
vt 0.7238505 0.0318617
vt 0.7240922 0.0365748
vt 0.7241436 0.0342721
vt 0.7246131 0.0786282
vt 0.7247472 0.0470011
vt 0.7249843 0.7030646
vt 0.7250153 0.2372317
vt 0.7253200 0.9696348
vt 0.7260638 0.0408678
vt 0.7263920 0.9704250
vt 0.7267195 0.1965346
vt 0.7267364 0.0313665
vt 0.7272074 0.0442231
vt 0.7273754 0.1896407
vt 0.7274435 0.1940069
vt 0.7275124 0.1951431
vt 0.7276790 0.1975451
vt 0.7277851 0.7457595
vt 0.7277889 0.7449263
vt 0.7277948 0.7435535
vt 0.7278064 0.7426841
vt 0.7279323 0.0618885
vt 0.7286240 0.2889590
vt 0.7286360 0.3711220
vt 0.7286360 0.7442410
vt 0.7286420 0.4702380
vt 0.7286440 0.5693420
vt 0.7286440 0.6514690
vt 0.7292244 0.0344771
vt 0.7292497 0.0476241
vt 0.7297427 0.0790033
vt 0.7297580 0.0758793
vt 0.7301546 0.0704388
vt 0.7303448 0.0515709
vt 0.7306812 0.9711788
vt 0.7307945 0.1489802
vt 0.7308129 0.0586732
vt 0.7310445 0.0651488
vt 0.7311045 0.0867668
vt 0.7312140 0.0790980
vt 0.7312230 0.0791630
vt 0.7312310 0.0792280
vt 0.7312390 0.0792940
vt 0.7314895 0.0306123
vt 0.7315468 0.9320186
vt 0.7321025 0.0360631
vt 0.7323351 0.0972071
vt 0.7334921 0.0306715
vt 0.7334953 0.7844258
vt 0.7345842 0.1129937
vt 0.7347180 0.1060390
vt 0.7351419 0.1738574
vt 0.7354183 0.0346521
vt 0.7354610 0.9611941
vt 0.7361090 0.0314226
vt 0.7368496 0.1350704
vt 0.7369350 0.7536520
vt 0.7374402 0.9706917
vt 0.7377710 0.1334330
vt 0.7381960 0.1327850
vt 0.7384480 0.8579820
vt 0.7388058 0.1955847
vt 0.7389260 0.8173110
vt 0.7390691 0.0299864
vt 0.7390907 0.7442062
vt 0.7394478 0.1549080
vt 0.7396091 0.7364967
vt 0.7397570 0.2889470
vt 0.7397720 0.3711170
vt 0.7397790 0.4702370
vt 0.7397810 0.6514690
vt 0.7397820 0.5693420
vt 0.7398296 0.0355669
vt 0.7399224 0.0328305
vt 0.7399385 0.0353750
vt 0.7400851 0.2009097
vt 0.7403074 0.1563429
vt 0.7414700 0.9717230
vt 0.7415373 0.1883126
vt 0.7415650 0.9717230
vt 0.7416590 0.9717230
vt 0.7416750 0.1595310
vt 0.7417590 0.9323680
vt 0.7419594 0.9705522
vt 0.7420957 0.1717868
vt 0.7421630 0.8986530
vt 0.7421925 0.9709749
vt 0.7425314 0.9531865
vt 0.7425700 0.9323670
vt 0.7426510 0.8579820
vt 0.7427536 0.9654086
vt 0.7428870 0.9327540
vt 0.7429770 0.8986520
vt 0.7431390 0.8173110
vt 0.7432450 0.9354580
vt 0.7432960 0.8989180
vt 0.7433212 0.9585460
vt 0.7434660 0.8579820
vt 0.7435420 0.7835960
vt 0.7435830 0.9435730
vt 0.7436140 0.9699576
vt 0.7436640 0.9007780
vt 0.7436779 0.1822578
vt 0.7437270 0.9696550
vt 0.7437280 0.9695590
vt 0.7437290 0.9694640
vt 0.7437890 0.8579820
vt 0.7439550 0.8173110
vt 0.7439560 0.2364250
vt 0.7439820 0.2889350
vt 0.7439990 0.3711120
vt 0.7440070 0.4702350
vt 0.7440080 0.7038970
vt 0.7440100 0.5693420
vt 0.7440100 0.6514680
vt 0.7440400 0.9056800
vt 0.7441800 0.8579820
vt 0.7442787 0.2106260
vt 0.7442810 0.8170460
vt 0.7443600 0.7835970
vt 0.7444020 0.9137230
vt 0.7446160 0.8579820
vt 0.7446880 0.7832100
vt 0.7446950 0.8151860
vt 0.7447256 0.1867228
vt 0.7447760 0.2364020
vt 0.7448010 0.2889220
vt 0.7448180 0.3711070
vt 0.7448250 0.7308910
vt 0.7448254 0.7627775
vt 0.7448270 0.4702340
vt 0.7448280 0.7038970
vt 0.7448290 0.6514680
vt 0.7448300 0.5693410
vt 0.7450090 0.1964807
vt 0.7450360 0.1911997
vt 0.7450618 0.7444051
vt 0.7450760 0.8579820
vt 0.7451120 0.2363810
vt 0.7451130 0.7805050
vt 0.7451310 0.2889120
vt 0.7451450 0.3711020
vt 0.7451480 0.7308910
vt 0.7451520 0.4702320
vt 0.7451520 0.7038960
vt 0.7451530 0.1862780
vt 0.7451540 0.5693410
vt 0.7451540 0.6514680
vt 0.7451920 0.8102830
vt 0.7453264 0.2106228
vt 0.7453489 0.7505602
vt 0.7455390 0.7308900
vt 0.7455410 0.2363650
vt 0.7455410 0.2889040
vt 0.7455450 0.3710990
vt 0.7455460 0.7038960
vt 0.7455470 0.4702310
vt 0.7455470 0.6514680
vt 0.7455480 0.5693410
vt 0.7456490 0.7723900
vt 0.7457482 0.7574211
vt 0.7457490 0.8022410
vt 0.7459770 0.7308900
vt 0.7459840 0.7038960
vt 0.7459860 0.6514680
vt 0.7459870 0.5693410
vt 0.7459900 0.4702310
vt 0.7460000 0.3710960
vt 0.7460180 0.2888980
vt 0.7460550 0.2363540
vt 0.7461470 0.2092210
vt 0.7463145 0.7457428
vt 0.7464230 0.7465000
vt 0.7464240 0.7464040
vt 0.7464250 0.7463090
vt 0.7464262 0.7401751
vt 0.7464380 0.7308900
vt 0.7464450 0.7038960
vt 0.7464460 0.6514680
vt 0.7464480 0.5693410
vt 0.7464590 0.4702300
vt 0.7464880 0.3710950
vt 0.7465460 0.2888950
vt 0.7466460 0.2363490
vt 0.7468230 0.2092110
vt 0.7468231 0.0367369
vt 0.7468990 0.7308900
vt 0.7469050 0.7038960
vt 0.7469060 0.6514680
vt 0.7469080 0.5693410
vt 0.7469300 0.4702300
vt 0.7469890 0.3710960
vt 0.7471050 0.2888960
vt 0.7472960 0.2363500
vt 0.7473370 0.7308900
vt 0.7473410 0.6514680
vt 0.7473410 0.7038960
vt 0.7473450 0.5693410
vt 0.7473800 0.4702310
vt 0.7474740 0.3710970
vt 0.7475065 0.1996487
vt 0.7475900 0.2092140
vt 0.7476580 0.2888990
vt 0.7477290 0.7308910
vt 0.7477300 0.6514680
vt 0.7477310 0.7038960
vt 0.7477360 0.5693410
vt 0.7477830 0.4702320
vt 0.7478194 0.0295377
vt 0.7479120 0.3711000
vt 0.7479560 0.2363570
vt 0.7480510 0.6514680
vt 0.7480520 0.7038970
vt 0.7480520 0.7308910
vt 0.7480580 0.5693410
vt 0.7481160 0.4702330
vt 0.7481630 0.2889050
vt 0.7482183 0.7429375
vt 0.7482720 0.3711030
vt 0.7483810 0.2092270
vt 0.7485660 0.2363690
vt 0.7485780 0.2889130
vt 0.7485870 0.7442410
vt 0.7486810 0.7442410
vt 0.7488610 0.6514680
vt 0.7488620 0.7038970
vt 0.7488690 0.5693420
vt 0.7489330 0.4702340
vt 0.7490660 0.2363850
vt 0.7491060 0.3711070
vt 0.7491160 0.2092490
vt 0.7494430 0.2889230
vt 0.7497170 0.2092760
vt 0.7499810 0.2364040
vt 0.7508550 0.0324974
vt 0.7522253 0.7433826
vt 0.7523337 0.1966693
vt 0.7530380 0.6514690
vt 0.7530470 0.5693420
vt 0.7531110 0.4702350
vt 0.7532850 0.3711120
vt 0.7536250 0.2889340
vt 0.7537196 0.1941836
vt 0.7545630 0.0288530
vt 0.7555380 0.1916800
vt 0.7556420 0.1916280
vt 0.7556807 0.1917485
vt 0.7566853 0.0353019
vt 0.7570748 0.7332808
vt 0.7588124 0.2068358
vt 0.7588344 0.0371848
vt 0.7594743 0.7436978
vt 0.7607992 0.1937242
vt 0.7629151 0.0304489
vt 0.7640215 0.0368753
vt 0.7640410 0.6514690
vt 0.7640490 0.5693420
vt 0.7641070 0.4702370
vt 0.7642660 0.3711160
vt 0.7645760 0.2889440
vt 0.7646149 0.1904771
vt 0.7647682 0.7428101
vt 0.7666549 0.0383666
vt 0.7671556 0.0381099
vt 0.7671674 0.0379651
vt 0.7672250 0.0372775
vt 0.7673643 0.0286321
vt 0.7676075 0.7031354
vt 0.7678857 0.0297902
vt 0.7681242 0.0369080
vt 0.7685270 0.0360370
vt 0.7686614 0.2372129
vt 0.7687230 0.0346290
vt 0.7689190 0.0332210
vt 0.7691150 0.0318130
vt 0.7692159 0.1972602
vt 0.7693110 0.0304050
vt 0.7706074 0.1904354
vt 0.7708215 0.1869837
vt 0.7708870 0.1930057
vt 0.7742590 0.7437790
vt 0.7750371 0.1947399
vt 0.7766238 0.1830873
vt 0.7774116 0.1887171
vt 0.7802900 0.1792270
vt 0.7822760 0.7433390
vt 0.7827685 0.1926170
vt 0.7849480 0.7429450
vt 0.7853300 0.7426210
vt 0.7853350 0.5693430
vt 0.7853800 0.4702380
vt 0.7855030 0.3711190
vt 0.7855432 0.7351870
vt 0.7857430 0.2889520
vt 0.7872070 0.1992630
vt 0.7875643 0.1905261
vt 0.7889193 0.1822779
vt 0.7891090 0.1969540
vt 0.7893356 0.1977653
vt 0.7897660 0.1965990
vt 0.7904400 0.1962280
vt 0.7906370 0.1758905
vt 0.7911330 0.1958500
vt 0.7918370 0.1954780
vt 0.7925440 0.1951280
vt 0.7932440 0.1948140
vt 0.7939300 0.1945480
vt 0.7946090 0.1943150
vt 0.7974027 0.1939603
vt 0.7998407 0.1746795
vt 0.8003534 0.1929691
vt 0.8017527 0.6495388
vt 0.8022995 0.1920317
vt 0.8036563 0.2113277
vt 0.8037490 0.7442410
vt 0.8038172 0.1912178
vt 0.8049390 0.1668260
vt 0.8049521 0.1900237
vt 0.8059918 0.1891040
vt 0.8100846 0.1660738
vt 0.8116940 0.7437790
vt 0.8139477 0.1656351
vt 0.8165380 0.7433390
vt 0.8165579 0.1672503
vt 0.8168684 0.1770702
vt 0.8176879 0.7252533
vt 0.8183750 0.7429460
vt 0.8186370 0.7426220
vt 0.8186400 0.5693430
vt 0.8186650 0.4702380
vt 0.8187320 0.3711210
vt 0.8196630 0.1992810
vt 0.8200030 0.1976050
vt 0.8203500 0.1973030
vt 0.8207000 0.1969690
vt 0.8210540 0.1966130
vt 0.8214120 0.1962430
vt 0.8217760 0.1958700
vt 0.8221410 0.1955070
vt 0.8225070 0.1951660
vt 0.8228690 0.1948600
vt 0.8232270 0.1945960
vt 0.8235820 0.1943640
vt 0.8239400 0.1941450
vt 0.8243040 0.1939230
vt 0.8246760 0.1936830
vt 0.8250460 0.1934310
vt 0.8254030 0.1931730
vt 0.8257340 0.1929180
vt 0.8260330 0.1926700
vt 0.8263030 0.1924240
vt 0.8265550 0.1921720
vt 0.8267980 0.1919070
vt 0.8270400 0.1916220
vt 0.8272830 0.1913170
vt 0.8275260 0.1909950
vt 0.8277700 0.1906560
vt 0.8280140 0.1903040
vt 0.8282570 0.1899470
vt 0.8284980 0.1895970
vt 0.8287370 0.1892640
vt 0.8290460 0.1888580
vt 0.8297960 0.1878980
vt 0.8298858 0.1545017
vt 0.8315307 0.1603533
vt 0.8332029 0.1552422
vt 0.8346438 0.1562501
vt 0.8402114 0.2907398
vt 0.8440872 0.1547204
vt 0.8443670 0.1704549
vt 0.8460340 0.2280839
vt 0.8534186 0.1507681
vt 0.8542360 0.1420250
vt 0.8543164 0.1467437
vt 0.8546690 0.1423920
vt 0.8552566 0.1572893
vt 0.8554178 0.1461315
vt 0.8554503 0.1438417
vt 0.8555818 0.1447382
vt 0.8564940 0.1437250
vt 0.8566610 0.1446071
vt 0.8568080 0.1432010
vt 0.8580610 0.1902870
vt 0.8580650 0.1906400
vt 0.8580680 0.1899310
vt 0.8580830 0.1895810
vt 0.8580850 0.1909810
vt 0.8581010 0.1892480
vt 0.8581170 0.1913060
vt 0.8581240 0.1888430
vt 0.8581550 0.1916140
vt 0.8581780 0.1878840
vt 0.8581960 0.1919020
vt 0.8582340 0.1921700
vt 0.8582700 0.1924240
vt 0.8583060 0.1926720
vt 0.8583410 0.1929220
vt 0.8583735 0.1456478
vt 0.8583780 0.1931790
vt 0.8584150 0.1934380
vt 0.8584510 0.1936910
vt 0.8584850 0.1939310
vt 0.8585170 0.1941550
vt 0.8585490 0.1943750
vt 0.8585820 0.1946080
vt 0.8586190 0.1948710
vt 0.8586620 0.1951750
vt 0.8587070 0.1955140
vt 0.8587480 0.1958750
vt 0.8587810 0.1962470
vt 0.8588010 0.1966170
vt 0.8588120 0.1969740
vt 0.8588160 0.1973090
vt 0.8588170 0.1976120
vt 0.8588170 0.1992870
vt 0.8588170 0.3711220
vt 0.8588170 0.4702390
vt 0.8588170 0.5693430
vt 0.8588170 0.7409670
vt 0.8588170 0.7426220
vt 0.8588170 0.7429460
vt 0.8588170 0.7433400
vt 0.8588170 0.7437790
vt 0.8588170 0.7442410
vt 0.8592871 0.1437534
vt 0.8605503 0.1478081
vt 0.8610933 0.1438857
vt 0.8628630 0.1440181
vt 0.8632411 0.1461765
vt 0.8649970 0.1437120
vt 0.8651707 0.1433621
vt 0.8652159 0.1449962
vt 0.8652160 0.1442320
vt 0.8656019 0.1467763
vt 0.8656762 0.1460068
vt 0.8658060 0.1470090
vt 0.8658623 0.1429339
vt 0.8659220 0.1451565
vt 0.8664363 0.1463304
vt 0.8671600 0.1426466
vt 0.8672315 0.1514246
vt 0.8674411 0.1421964
vt 0.8679159 0.1440535
vt 0.8679270 0.1425080
vt 0.8679840 0.1425380
vt 0.8717738 0.7121774
vt 0.8722817 0.1464903
vt 0.8758854 0.1546229
vt 0.8763217 0.1620386
vt 0.8775203 0.6496625
vt 0.8788851 0.1506972
vt 0.8809321 0.1821115
vt 0.8809671 0.1503422
vt 0.8872020 0.1888290
vt 0.8874650 0.1892320
vt 0.8875691 0.1595404
vt 0.8876680 0.1895640
vt 0.8878790 0.1899130
vt 0.8881070 0.1902680
vt 0.8883600 0.1906200
vt 0.8886430 0.1909590
vt 0.8889490 0.1912830
vt 0.8892680 0.1915890
vt 0.8895900 0.1918760
vt 0.8899090 0.1921430
vt 0.8902330 0.1923960
vt 0.8903070 0.1572346
vt 0.8905740 0.1926440
vt 0.8909430 0.1928930
vt 0.8913480 0.1931510
vt 0.8915840 0.1548210
vt 0.8917790 0.1934100
vt 0.8922210 0.1936640
vt 0.8926610 0.1939050
vt 0.8930890 0.1941290
vt 0.8935100 0.1943500
vt 0.8939320 0.1945840
vt 0.8943650 0.1948490
vt 0.8945949 0.1577352
vt 0.8948140 0.1951570
vt 0.8952690 0.1955010
vt 0.8957190 0.1958660
vt 0.8961480 0.1962410
vt 0.8965490 0.1966120
vt 0.8969240 0.1969690
vt 0.8972820 0.1973030
vt 0.8976300 0.1976050
vt 0.8989010 0.3711210
vt 0.8989680 0.4702380
vt 0.8989930 0.5693430
vt 0.8989960 0.7409670
vt 0.8989960 0.7426220
vt 0.8992580 0.7429460
vt 0.8994649 0.2147003
vt 0.8997391 0.1684598
vt 0.9010950 0.7433390
vt 0.9034367 0.1661312
vt 0.9052593 0.1850844
vt 0.9053248 0.1656312
vt 0.9059390 0.7437790
vt 0.9103528 0.1891860
vt 0.9109545 0.1672710
vt 0.9114794 0.1904312
vt 0.9134403 0.1916045
vt 0.9138840 0.7442410
vt 0.9142120 0.1672610
vt 0.9149202 0.7288305
vt 0.9151830 0.1671050
vt 0.9155474 0.2908562
vt 0.9161540 0.1920920
vt 0.9167130 0.1923420
vt 0.9173130 0.1931757
vt 0.9191571 0.1746280
vt 0.9201910 0.1936040
vt 0.9209670 0.1938450
vt 0.9217230 0.1940680
vt 0.9224670 0.1942880
vt 0.9232130 0.1945240
vt 0.9239760 0.1947940
vt 0.9247650 0.1951120
vt 0.9255650 0.1954670
vt 0.9263560 0.1958430
vt 0.9271180 0.1962250
vt 0.9273465 0.1848119
vt 0.9278350 0.1965980
vt 0.9285140 0.1969540
vt 0.9291660 0.1972850
vt 0.9299969 0.2016905
vt 0.9309224 0.1766650
vt 0.9321300 0.3711190
vt 0.9322530 0.4702380
vt 0.9322980 0.5693430
vt 0.9323030 0.7426210
vt 0.9323040 0.7409660
vt 0.9323050 0.6514690
vt 0.9326850 0.7429450
vt 0.9330665 0.1922853
vt 0.9353570 0.7433390
vt 0.9387830 0.1793880
vt 0.9391602 0.1824144
vt 0.9392236 0.1886420
vt 0.9407110 0.1943017
vt 0.9433740 0.7437790
vt 0.9444551 0.1903920
vt 0.9472141 0.1968006
vt 0.9488405 0.1892818
vt 0.9490093 0.2371655
vt 0.9499723 0.7030687
vt 0.9525361 0.1919838
vt 0.9528643 0.7428110
vt 0.9530570 0.2889440
vt 0.9531420 0.1944232
vt 0.9533670 0.3711160
vt 0.9535260 0.4702370
vt 0.9535840 0.5693420
vt 0.9535920 0.6514690
vt 0.9581570 0.7436978
vt 0.9582491 0.1947232
vt 0.9584257 0.1923790
vt 0.9588325 0.2068311
vt 0.9596338 0.1905432
vt 0.9605572 0.7332804
vt 0.9614000 0.1960269
vt 0.9623820 0.1916710
vt 0.9625810 0.1917750
vt 0.9640080 0.2889340
vt 0.9643480 0.3711120
vt 0.9645230 0.4702350
vt 0.9645870 0.5693420
vt 0.9645950 0.6514690
vt 0.9647636 0.1969353
vt 0.9653821 0.7433761
vt 0.9668130 0.1991564
vt 0.9676530 0.2364040
vt 0.9679330 0.2092810
vt 0.9681910 0.2889240
vt 0.9684336 0.1963495
vt 0.9685280 0.3711070
vt 0.9685540 0.2090210
vt 0.9685690 0.2363850
vt 0.9687010 0.4702340
vt 0.9687640 0.5693420
vt 0.9687710 0.7038970
vt 0.9687720 0.6514680
vt 0.9689520 0.7442410
vt 0.9690460 0.7442410
vt 0.9690560 0.2889140
vt 0.9690632 0.7430622
vt 0.9690740 0.2356930
vt 0.9691454 0.1967364
vt 0.9693378 0.1973510
vt 0.9693390 0.2073530
vt 0.9693610 0.3711030
vt 0.9694720 0.2879640
vt 0.9695180 0.4702330
vt 0.9695730 0.7308910
vt 0.9695750 0.5693410
vt 0.9695800 0.7038970
vt 0.9695820 0.6514680
vt 0.9697060 0.2309430
vt 0.9697220 0.3704520
vt 0.9698500 0.4702320
vt 0.9698900 0.7311260
vt 0.9698970 0.5699890
vt 0.9699000 0.7045740
vt 0.9699030 0.6524110
vt 0.9699880 0.2813670
vt 0.9700357 0.7427971
vt 0.9701640 0.3659190
vt 0.9702340 0.2033340
vt 0.9702540 0.4702340
vt 0.9702770 0.7327710
vt 0.9702880 0.5745270
vt 0.9702890 0.7093170
vt 0.9702920 0.6590110
vt 0.9704240 0.2184870
vt 0.9705386 0.7410287
vt 0.9705690 0.2615910
vt 0.9706600 0.3539730
vt 0.9707070 0.4702390
vt 0.9707170 0.7367670
vt 0.9707240 0.5864900
vt 0.9707250 0.7217790
vt 0.9707260 0.6788110
vt 0.9711830 0.1976000
vt 0.9711830 0.1979030
vt 0.9711830 0.1982070
vt 0.9711830 0.1985110
vt 0.9711830 0.3343780
vt 0.9711830 0.4702470
vt 0.9711830 0.6061150
vt 0.9711830 0.7419830
vt 0.9711830 0.7420780
vt 0.9711830 0.7421730
vn -0.001205 0.999999 -0.000502
vn -0.001318 0.999999 0.000027
vn 0.000014 1.000000 0.000014
vn 0.000114 1.000000 -0.000440
vn -0.001416 0.999999 0.000604
vn -0.000114 1.000000 0.000475
vn 0.001356 0.999999 0.000037
vn 0.001256 0.999999 -0.000518
vn 0.001445 0.999999 0.000603
vn -0.002812 0.999995 -0.001168
vn -0.003515 0.999994 -0.000483
vn -0.003688 0.999993 0.000078
vn -0.004076 0.999991 0.000699
vn -0.005087 0.999986 0.001399
vn -0.002342 0.999997 0.000924
vn 0.000715 0.999999 0.001094
vn 0.003911 0.999991 0.001443
vn 0.004251 0.999991 0.000745
vn 0.003775 0.999993 0.000097
vn 0.003551 0.999994 -0.000475
vn 0.001389 0.999998 -0.001362
vn 0.003768 0.999992 -0.001122
vn -0.000289 0.999999 -0.001374
vn 0.991815 0.101572 0.077368
vn 0.987175 0.151426 -0.050548
vn 0.992203 0.110287 0.058055
vn 0.991375 0.129609 -0.019429
vn 0.977913 0.166643 -0.126163
vn 0.993607 0.109069 -0.029151
vn -0.484297 -0.687326 0.541331
vn -0.642422 0.000917 0.766350
vn -0.645486 -0.000006 0.763772
vn -0.638994 0.000003 0.769212
vn -0.641645 0.000856 0.767001
vn -0.651754 -0.000980 0.758430
vn -0.637471 -0.000621 0.770474
vn -0.684185 0.000015 0.729308
vn -0.680520 0.001053 0.732728
vn -0.678616 -0.000926 0.734493
vn -0.688663 0.001110 0.725080
vn -0.695771 -0.000016 0.718264
vn -0.695038 -0.001151 0.718972
vn -0.702238 -0.003849 0.711932
vn -0.663947 -0.003181 0.747773
vn -0.760896 -0.001523 0.648872
vn -0.762603 -0.001150 0.646866
vn -0.770270 0.000029 0.637718
vn -0.773352 0.000918 0.633977
vn -0.669789 -0.001938 0.742549
vn -0.788640 0.000271 0.614855
vn -0.671846 0.000490 0.740691
vn 0.642405 -0.000900 0.766364
vn 0.645554 0.000006 0.763715
vn 0.639064 -0.000004 0.769153
vn 0.641712 -0.000838 0.766946
vn 0.648104 0.000695 0.761552
vn 0.637480 0.000637 0.770466
vn 0.684167 -0.000015 0.729325
vn 0.679893 -0.001050 0.733310
vn 0.678542 0.000935 0.734561
vn 0.688667 -0.001114 0.725077
vn 0.695771 0.000016 0.718264
vn 0.701867 0.000707 0.712308
vn 0.732310 0.002311 0.680968
vn 0.759093 0.000884 0.650981
vn 0.762517 0.001146 0.646968
vn 0.770134 -0.000030 0.637882
vn 0.773419 -0.000916 0.633894
vn 0.667268 0.002066 0.744815
vn 0.788774 -0.000253 0.614683
vn 0.670147 -0.000405 0.742228
vn 0.999999 0.001195 -0.000521
vn 0.999999 0.001260 -0.000034
vn 1.000000 -0.000001 -0.000036
vn 1.000000 -0.000109 -0.000458
vn 0.999999 0.001257 0.000433
vn 1.000000 0.000109 0.000375
vn 0.999999 -0.001258 -0.000036
vn 0.999999 -0.001255 -0.000524
vn 0.999999 -0.001192 0.000431
vn 0.999995 0.002779 -0.001206
vn 0.999994 0.003486 -0.000515
vn 0.999994 0.003511 -0.000031
vn 0.999993 0.003818 0.000426
vn 0.999996 0.002824 0.000656
vn 0.999999 -0.000475 0.000919
vn 0.999996 -0.002787 0.001002
vn 0.999994 -0.003506 0.000427
vn 0.999994 -0.003511 -0.000033
vn 0.999993 -0.003807 -0.000512
vn 0.999996 -0.002882 -0.000744
vn 0.999999 0.000552 -0.001055
vn -0.930494 0.036801 0.364454
vn -0.989963 -0.101990 0.097831
vn -0.994060 -0.043005 0.099972
vn 0.437263 0.628498 0.643266
vn 0.990625 -0.133669 -0.028191
vn 0.997191 -0.073363 -0.015085
vn -0.500505 0.514426 0.696319
vn 0.965864 -0.185474 -0.180851
vn 0.000431 -0.374374 0.927278
vn -0.000136 -0.374558 0.927203
vn 0.000296 -0.376331 0.926485
vn 0.001988 -0.377474 0.926018
vn -0.003264 -0.375240 0.926922
vn -0.013276 -0.375857 0.926582
vn 0.000728 0.998566 0.053521
vn -0.001616 0.999005 0.044560
vn -0.000501 0.997648 0.068542
vn -0.004938 0.998901 0.046620
vn -0.008667 0.988171 0.153112
vn 0.000343 0.997980 0.063534
vn 0.004906 0.992337 0.123460
vn -0.648341 0.516824 0.559059
vn -0.049822 0.016491 0.998622
vn -0.010954 -0.296618 0.954933
vn -0.007917 -0.028450 0.999564
vn -0.012430 0.186934 0.982294
vn -0.011785 0.341953 0.939643
vn -0.017358 0.642689 0.765931
vn -0.018061 -0.583891 0.811631
vn -0.003554 -0.130476 0.991445
vn 0.000005 -0.138405 0.990376
vn -0.000001 -0.000115 1.000000
vn -0.002996 0.012602 0.999916
vn 0.003137 -0.153468 0.988149
vn 0.003413 0.003102 0.999989
vn -0.000005 0.138452 0.990369
vn -0.003508 0.141826 0.989885
vn 0.003550 0.138912 0.990298
vn -0.003370 -0.319873 0.947454
vn 0.000019 -0.319227 0.947678
vn 0.003554 -0.314445 0.949269
vn 0.007831 -0.327789 0.944719
vn 0.009017 -0.088422 0.996042
vn 0.008872 0.129056 0.991598
vn 0.009684 0.288644 0.957388
vn 0.003371 0.320071 0.947388
vn -0.000017 0.319348 0.947637
vn -0.003420 0.319886 0.947450
vn -0.000275 -0.998651 0.051919
vn -0.003497 -0.997074 0.076367
vn 0.001748 -0.999150 0.041176
vn 0.002641 -0.996003 0.089276
vn 0.005290 -0.999081 0.042539
vn 0.036367 -0.982581 0.182241
vn -0.000218 -0.999014 0.044392
vn -0.045887 -0.998363 0.034154
vn -0.010125 -0.991372 0.130684
vn 0.916799 -0.391450 0.079029
vn 0.991235 0.129809 0.024553
vn -0.000458 0.374360 0.927283
vn 0.000208 0.374586 0.927192
vn -0.000297 0.376326 0.926487
vn -0.002017 0.377424 0.926038
vn 0.003251 0.375406 0.926855
vn 0.002507 0.374348 0.927285
vn -0.267469 -0.495719 0.826270
vn 0.952357 0.016222 0.304553
vn -0.953355 -0.000768 0.301850
vn -0.969257 -0.008190 0.245913
vn -0.998726 0.001611 0.050441
vn -0.992756 -0.109943 -0.048467
vn -0.993466 0.030480 0.109985
vn -0.985920 0.129656 -0.105597
vn 0.019710 0.080136 0.996589
vn 0.015236 -0.487044 0.873245
vn 0.073475 -0.320227 0.944487
vn -0.999999 -0.001194 -0.000521
vn -0.999999 -0.001259 -0.000035
vn -1.000000 0.000000 -0.000036
vn -1.000000 0.000109 -0.000458
vn -0.999999 -0.001232 0.000448
vn -1.000000 -0.000109 0.000374
vn -0.999999 0.001258 -0.000036
vn -0.999999 0.001256 -0.000525
vn -0.999999 0.001194 0.000430
vn -0.999995 -0.002778 -0.001208
vn -0.999994 -0.003488 -0.000515
vn -0.999994 -0.003509 -0.000032
vn -0.999994 -0.003510 0.000429
vn -0.999992 -0.003798 0.000826
vn -0.999998 -0.001650 0.000702
vn -0.999999 0.000515 0.000920
vn -0.999996 0.002788 0.001002
vn -0.999994 0.003508 0.000427
vn -0.999994 0.003512 -0.000033
vn -0.999993 0.003809 -0.000513
vn -0.999996 0.002880 -0.000744
vn -0.999999 -0.000553 -0.001056
vn 0.999593 -0.004588 0.028166
vn 0.992752 -0.111600 -0.044597
vn 0.999645 0.017570 -0.020037
vn -0.992031 0.122344 0.030095
vn -0.886106 -0.070835 0.458038
vn 0.001204 -0.999999 -0.000503
vn 0.001319 -0.999999 0.000027
vn -0.000016 -1.000000 0.000013
vn -0.000114 -1.000000 -0.000440
vn 0.001415 -0.999999 0.000604
vn 0.000114 -1.000000 0.000477
vn -0.001358 -0.999999 0.000037
vn -0.001278 -0.999999 -0.000500
vn -0.001446 -0.999999 0.000603
vn 0.002781 -0.999995 -0.001203
vn 0.003515 -0.999994 -0.000484
vn 0.003687 -0.999993 0.000078
vn 0.004078 -0.999991 0.000699
vn 0.005093 -0.999986 0.001397
vn 0.002340 -0.999997 0.000923
vn -0.000716 -0.999999 0.001094
vn -0.003910 -0.999991 0.001442
vn -0.004249 -0.999991 0.000744
vn -0.003772 -0.999993 0.000098
vn -0.003872 -0.999992 -0.000462
vn -0.002886 -0.999996 -0.000738
vn 0.000553 -0.999999 -0.001052
vn 0.049797 0.033560 -0.998195
vn 0.003027 0.016326 -0.999862
vn 0.002591 0.145648 -0.989333
vn 0.002754 0.591078 -0.806610
vn 0.009230 0.232437 -0.972568
vn 0.104529 0.003182 -0.994517
vn 0.487139 0.002859 -0.873320
vn 0.016213 0.000174 -0.999869
vn 0.005713 0.678677 -0.734415
vn 0.003483 0.742930 -0.669360
vn 0.019522 0.503824 -0.863585
vn 0.262583 0.576182 -0.773992
vn 0.001921 0.783558 -0.621316
vn 0.001800 0.758055 -0.652188
vn 0.002070 0.728128 -0.685438
vn 0.001875 0.704446 -0.709755
vn 0.003409 0.707268 -0.706938
vn 0.019254 0.848178 -0.529361
vn 0.616414 0.749639 -0.240987
vn 0.513488 0.008657 -0.858053
vn 0.514473 0.021306 -0.857242
vn 0.753870 0.003404 -0.657015
vn 0.794703 0.001562 -0.606997
vn 0.822751 0.007381 -0.568354
vn 0.707193 0.003400 -0.707012
vn 0.732582 0.002070 -0.680676
vn 0.709755 0.001875 -0.704446
vn 0.763832 0.001798 -0.645412
vn 0.020298 0.999793 -0.000984
vn 0.101373 0.994843 -0.003166
vn 0.025439 0.999207 -0.030638
vn 0.009468 0.999954 -0.001354
vn 0.028861 0.999583 -0.001293
vn 0.163432 0.986554 -0.001206
vn 0.647499 0.762065 -0.000939
vn 0.545787 0.837920 -0.002520
vn 0.422779 0.906195 -0.008318
vn 0.487624 0.869022 -0.083809
vn 0.003545 0.998730 -0.050263
vn 0.003061 0.908017 -0.418923
vn 0.003596 0.999987 -0.003515
vn 0.789467 0.613790 -0.001974
vn 0.760479 0.649359 -0.002031
vn 0.762373 0.647109 -0.006066
vn 0.790872 0.611948 -0.006403
vn 0.733045 0.680178 -0.002061
vn 0.730418 0.682977 -0.005626
vn 0.785481 0.618886 -0.000780
vn 0.756434 0.654069 -0.000800
vn 0.729140 0.684364 -0.000808
vn 0.704682 0.709523 -0.000726
vn 0.707106 0.707105 -0.001784
vn 0.707107 0.707093 -0.004428
vn 0.724291 0.688859 -0.029604
vn 0.009410 0.876813 -0.480739
vn 0.003368 0.653933 -0.756545
vn 0.001661 0.609169 -0.793039
vn 0.002069 0.680792 -0.732474
vn 0.001796 0.645274 -0.763949
vn 0.999961 0.008632 -0.001616
vn 0.999173 0.022651 -0.033778
vn 0.995394 0.095829 -0.002637
vn 0.999968 0.007930 -0.000897
vn 0.997618 0.003851 -0.068869
vn 0.820971 0.002924 -0.570963
vn 0.889510 0.270527 -0.368222
vn 0.909109 0.416347 -0.013265
vn 0.837943 0.545751 -0.002520
vn 0.991403 0.130834 -0.001239
vn 0.835302 0.549791 -0.000990
vn 0.999761 0.021796 -0.001445
vn 0.876934 0.009371 -0.480520
vn 0.654063 0.003369 -0.756432
vn 0.615550 0.001672 -0.788096
vn 0.652074 0.001802 -0.758154
vn 0.685426 0.002070 -0.728139
vn 0.613790 0.789467 -0.001974
vn 0.611954 0.790882 -0.004197
vn 0.647115 0.762378 -0.004682
vn 0.649366 0.760473 -0.002032
vn 0.678167 0.734892 -0.004842
vn 0.680181 0.733041 -0.002061
vn 0.613155 0.789962 -0.000756
vn 0.680095 0.733123 -0.000800
vn 0.648930 0.760848 -0.000784
vn 0.808654 -0.001827 0.588281
vn 0.811231 -0.004221 0.584711
vn 0.767785 -0.002191 0.640703
vn 0.782615 -0.009508 0.622434
vn 0.944747 -0.092849 0.314375
vn 0.931895 -0.047998 0.359539
vn 0.929485 0.001075 0.368859
vn 0.816103 -0.005328 0.577882
vn 0.043204 -0.050709 -0.997779
vn 0.001958 -0.007656 -0.999969
vn 0.018867 -0.001148 -0.999821
vn 0.139200 -0.003818 -0.990257
vn 0.609244 -0.002729 -0.792978
vn 0.306182 -0.659199 -0.686811
vn 0.002957 -0.100123 -0.994971
vn 0.002621 -0.487457 -0.873143
vn 0.512527 -0.008693 -0.858627
vn 0.754222 -0.003394 -0.656611
vn 0.510310 -0.033795 -0.859326
vn 0.789949 -0.001561 -0.613171
vn 0.758168 -0.001800 -0.652057
vn 0.728091 -0.002070 -0.685477
vn 0.704561 -0.001876 -0.709641
vn 0.707316 -0.003392 -0.706890
vn 0.822526 -0.012557 -0.568589
vn 0.011321 -0.508152 -0.861193
vn 0.019696 -0.705414 -0.708522
vn 0.002263 -0.760584 -0.649236
vn 0.001765 -0.792632 -0.609698
vn 0.002801 -0.707108 -0.707100
vn 0.002023 -0.734795 -0.678286
vn 0.001874 -0.709755 -0.704446
vn 0.001790 -0.763941 -0.645283
vn 0.999953 -0.009554 -0.001432
vn 0.995394 -0.095830 -0.002637
vn 0.999010 -0.027497 -0.034974
vn 0.999958 -0.009077 -0.000880
vn 0.999661 -0.026015 -0.001435
vn 0.986598 -0.163168 -0.001219
vn 0.762385 -0.647123 -0.000925
vn 0.837770 -0.546018 -0.002521
vn 0.893543 -0.448793 -0.012902
vn 0.890365 -0.293631 -0.347894
vn 0.922832 -0.000781 -0.385202
vn 0.999414 -0.002548 -0.034147
vn 0.613800 -0.789459 -0.001976
vn 0.649266 -0.760558 -0.002032
vn 0.647095 -0.762397 -0.004456
vn 0.611863 -0.790955 -0.003641
vn 0.680247 -0.732980 -0.002062
vn 0.678213 -0.734849 -0.004899
vn 0.638594 -0.769225 -0.022161
vn 0.619322 -0.785137 -0.000759
vn 0.654395 -0.756152 -0.000786
vn 0.684756 -0.728772 -0.000801
vn 0.709976 -0.704226 -0.000728
vn 0.707114 -0.707098 -0.001782
vn 0.707118 -0.707080 -0.004687
vn 0.881390 -0.008556 -0.472312
vn 0.653774 -0.003359 -0.756682
vn 0.609190 -0.001660 -0.793023
vn 0.680639 -0.002069 -0.732616
vn 0.645153 -0.001794 -0.764052
vn 0.008649 -0.999962 -0.001395
vn 0.105467 -0.994421 -0.002123
vn 0.007928 -0.999968 -0.000889
vn 0.002628 -0.997342 -0.072816
vn 0.002610 -0.821140 -0.570721
vn 0.063366 -0.996387 -0.056543
vn 0.454133 -0.890816 -0.014484
vn 0.545764 -0.837935 -0.002519
vn 0.131008 -0.991381 -0.001226
vn 0.549803 -0.835293 -0.000993
vn 0.021807 -0.999761 -0.001434
vn 0.010524 -0.873460 -0.486781
vn 0.002495 -0.655044 -0.755586
vn 0.001914 -0.619465 -0.785022
vn 0.001794 -0.651835 -0.758359
vn 0.002024 -0.682851 -0.730555
vn 0.789144 -0.614205 -0.001977
vn 0.790829 -0.612026 -0.003631
vn 0.762387 -0.647106 -0.004450
vn 0.760561 -0.649263 -0.002032
vn 0.734869 -0.678191 -0.004896
vn 0.733001 -0.680225 -0.002062
vn 0.790288 -0.612735 -0.000780
vn 0.733950 -0.679203 -0.000808
vn 0.761339 -0.648354 -0.000801
vn 0.797879 0.001429 0.602816
vn 0.831603 0.030435 0.554537
vn 0.788734 0.001137 0.614734
vn 0.830731 0.002775 0.556667
vn 0.913451 0.069159 0.401028
vn 0.943256 0.103200 0.315622
vn 0.975137 0.065704 0.211641
vn 0.864718 0.005728 0.502224
vn 0.761036 0.001184 0.648708
vn 0.949891 0.031351 0.311007
vn -0.047187 0.046214 -0.997816
vn -0.001940 0.007620 -0.999969
vn -0.018863 0.001149 -0.999821
vn -0.139187 0.003817 -0.990259
vn -0.609526 0.002732 -0.792761
vn -0.003555 0.101498 -0.994829
vn -0.002851 0.487144 -0.873317
vn -0.512389 0.008673 -0.858709
vn -0.753824 0.003418 -0.657068
vn -0.517930 0.029331 -0.854920
vn -0.790050 0.001567 -0.613041
vn -0.758055 0.001802 -0.652188
vn -0.728070 0.002071 -0.685500
vn -0.704561 0.001873 -0.709641
vn -0.707216 0.003404 -0.706989
vn -0.823032 0.013840 -0.567827
vn -0.008697 0.512662 -0.858547
vn -0.039416 0.468770 -0.882441
vn -0.003403 0.754111 -0.656739
vn -0.001552 0.794961 -0.606658
vn -0.130019 0.790934 -0.597928
vn -0.011503 0.815247 -0.579000
vn -0.003410 0.707265 -0.706940
vn -0.002072 0.732201 -0.681085
vn -0.001875 0.709989 -0.704210
vn -0.001797 0.763955 -0.645266
vn -0.999953 0.009555 -0.001432
vn -0.995393 0.095840 -0.002637
vn -0.998934 0.029959 -0.035108
vn -0.999958 0.009075 -0.000880
vn -0.999660 0.026034 -0.001435
vn -0.986595 0.163185 -0.001219
vn -0.762710 0.646740 -0.000925
vn -0.838052 0.545584 -0.002521
vn -0.901926 0.431618 -0.015340
vn -0.702040 0.283055 -0.653467
vn -0.922831 0.000782 -0.385204
vn -0.999413 0.002550 -0.034155
vn -0.613781 0.789474 -0.001976
vn -0.649024 0.760766 -0.002031
vn -0.646906 0.762556 -0.004444
vn -0.612017 0.790837 -0.003632
vn -0.680580 0.732671 -0.002062
vn -0.678499 0.734585 -0.004902
vn -0.619406 0.785070 -0.000759
vn -0.654180 0.756338 -0.000787
vn -0.685091 0.728457 -0.000802
vn -0.710094 0.704106 -0.000727
vn -0.707106 0.707106 -0.001783
vn -0.707099 0.707099 -0.004691
vn -0.881362 0.008571 -0.472363
vn -0.653941 0.003364 -0.756538
vn -0.609369 0.001662 -0.792885
vn -0.680544 0.002067 -0.732705
vn -0.645138 0.001795 -0.764064
vn -0.436805 0.864254 -0.249533
vn -0.008791 0.999961 -0.001117
vn -0.105473 0.994420 -0.002083
vn -0.007936 0.999968 -0.000889
vn -0.003272 0.999019 -0.044173
vn -0.003006 0.831916 -0.554893
vn -0.082917 0.995435 -0.047261
vn -0.454535 0.890611 -0.014452
vn -0.546212 0.837643 -0.002520
vn -0.130825 0.991405 -0.001227
vn -0.550403 0.834898 -0.000991
vn -0.021811 0.999761 -0.001435
vn -0.007190 0.875444 -0.483266
vn -0.003372 0.654000 -0.756487
vn -0.001671 0.615384 -0.788226
vn -0.001802 0.651949 -0.758261
vn -0.002071 0.685526 -0.728045
vn -0.789678 0.613519 -0.001975
vn -0.791245 0.611489 -0.003638
vn -0.762135 0.647403 -0.004467
vn -0.760456 0.649387 -0.002032
vn -0.734596 0.678487 -0.004909
vn -0.732688 0.680562 -0.002061
vn -0.672537 0.739885 -0.016250
vn -0.790556 0.612390 -0.000780
vn -0.733557 0.679627 -0.000810
vn -0.761247 0.648462 -0.000801
vn -0.757407 -0.004919 0.652924
vn -0.795218 -0.002292 0.606319
vn -0.807236 -0.001288 0.590228
vn -0.806830 -0.029498 0.590047
vn -0.789032 -0.001269 0.614351
vn -0.953817 -0.031456 0.298737
vn -0.986226 -0.082864 0.143150
vn -0.843852 -0.004851 0.536554
vn -0.810214 -0.005165 0.586111
vn -0.955154 -0.069943 0.287730
vn -0.761084 -0.000989 0.648653
vn -0.916869 -0.082755 0.390517
vn -0.046307 -0.110313 -0.992818
vn -0.046113 -0.007946 -0.998905
vn -0.002916 -0.014554 -0.999890
vn -0.003182 -0.145864 -0.989299
vn -0.002492 -0.609218 -0.792999
vn -0.100248 -0.003417 -0.994957
vn -0.487165 -0.002854 -0.873305
vn -0.016040 -0.000025 -0.999871
vn -0.009831 -0.533949 -0.845459
vn -0.022689 -0.724680 -0.688712
vn -0.002281 -0.760327 -0.649536
vn -0.001783 -0.787696 -0.616062
vn -0.001795 -0.758062 -0.652180
vn -0.002026 -0.730256 -0.683171
vn -0.001875 -0.704682 -0.709521
vn -0.002810 -0.707233 -0.706974
vn -0.505623 -0.008920 -0.862709
vn -0.451428 -0.031328 -0.891757
vn -0.754201 -0.003397 -0.656635
vn -0.794686 -0.001556 -0.607018
vn -0.851650 -0.026142 -0.523459
vn -0.707325 -0.003399 -0.706881
vn -0.732652 -0.002068 -0.680600
vn -0.709637 -0.001876 -0.704565
vn -0.763949 -0.001797 -0.645275
vn -0.009591 -0.999953 -0.001251
vn -0.105127 -0.994456 -0.002162
vn -0.009092 -0.999958 -0.000868
vn -0.026079 -0.999659 -0.001421
vn -0.163243 -0.986585 -0.001206
vn -0.647631 -0.761954 -0.000939
vn -0.545945 -0.837817 -0.002519
vn -0.458961 -0.888292 -0.017074
vn -0.087018 -0.994945 -0.050125
vn -0.000434 -0.922735 -0.385435
vn -0.000908 -0.999343 -0.036245
vn -0.789372 -0.613912 -0.001976
vn -0.760479 -0.649359 -0.002031
vn -0.762132 -0.647419 -0.001837
vn -0.791108 -0.611677 -0.000147
vn -0.733134 -0.680081 -0.002060
vn -0.734902 -0.678166 -0.003048
vn -0.785405 -0.618981 -0.000780
vn -0.756691 -0.653772 -0.000799
vn -0.729040 -0.684471 -0.000807
vn -0.704565 -0.709639 -0.000725
vn -0.707008 -0.707204 -0.001783
vn -0.707360 -0.706844 -0.003709
vn -0.009347 -0.878844 -0.477017
vn -0.002496 -0.654896 -0.755715
vn -0.001905 -0.612868 -0.790183
vn -0.002024 -0.678266 -0.734814
vn -0.001788 -0.645141 -0.764061
vn -0.999961 -0.008634 -0.001619
vn -0.999156 -0.025434 -0.032245
vn -0.995395 -0.095819 -0.002640
vn -0.999968 -0.007932 -0.000898
vn -0.997619 -0.003854 -0.068856
vn -0.821134 -0.002924 -0.570728
vn -0.761485 -0.647606 -0.027348
vn -0.905977 -0.423225 -0.009326
vn -0.837915 -0.545796 -0.002520
vn -0.991392 -0.130921 -0.001240
vn -0.835377 -0.549676 -0.000990
vn -0.999762 -0.021778 -0.001446
vn -0.876944 -0.009398 -0.480500
vn -0.653888 -0.003365 -0.756583
vn -0.615503 -0.001670 -0.788133
vn -0.651847 -0.001800 -0.758348
vn -0.685516 -0.002071 -0.728054
vn -0.613588 -0.789624 -0.001974
vn -0.611886 -0.790931 -0.004866
vn -0.646601 -0.762813 -0.004791
vn -0.649027 -0.760763 -0.002031
vn -0.678342 -0.734733 -0.004432
vn -0.680663 -0.732593 -0.002064
vn -0.612766 -0.790264 -0.000756
vn -0.680206 -0.733020 -0.000800
vn -0.648861 -0.760907 -0.000784
vn -0.495669 -0.550742 -0.671562
vn -0.808495 0.001498 0.588501
vn -0.769124 0.002181 0.639096
vn -0.782389 0.001604 0.622788
vn -0.795673 0.001326 0.605725
vn -0.988594 0.069658 0.133527
vn -0.934414 0.032690 0.354687
vn -0.888269 0.014626 0.459091
vn -0.931298 0.001143 0.364256
vn -0.825713 0.001470 0.564088
vn -0.767772 0.001946 0.640720
vn 0.390265 0.444647 0.806215
vn 0.603645 0.417300 0.679319
vn 0.198992 -0.821706 0.534042
vn 0.504427 -0.226380 0.833250
vn -0.541394 -0.376806 0.751605
vn -0.397618 0.261352 0.879542
vn -0.138177 -0.835554 0.531749
vn -0.341039 -0.516999 0.785114
vn 0.021181 0.999763 0.004950
vn 0.031231 0.998910 0.034686
vn 0.182776 0.983113 0.009048
vn 0.011017 0.999938 0.001300
vn 0.010640 0.996376 0.084395
vn 0.008841 0.858830 0.512185
vn 0.342563 0.875055 0.341949
vn 0.478986 0.877380 0.027868
vn 0.690407 0.723365 0.009041
vn 0.197711 0.980252 0.003925
vn 0.659738 0.751487 0.003622
vn 0.031935 0.999485 0.003159
vn 0.024442 0.871622 0.489569
vn 0.076671 0.658999 0.748226
vn 0.007449 0.696209 0.717800
vn 0.008425 0.731336 0.681965
vn 0.009275 0.759249 0.650734
vn 0.009850 0.787371 0.616400
vn 0.018453 0.728705 0.684579
vn 0.918950 0.394325 0.006168
vn 0.906667 0.421284 0.021798
vn 0.906474 0.422190 0.007784
vn 0.912931 0.407492 0.022526
vn 0.877011 0.480374 0.009649
vn 0.881331 0.472489 0.003058
vn 0.852546 0.514234 0.093426
vn 0.874111 0.485155 0.023544
vn 0.823684 0.566961 0.009986
vn 0.824932 0.565216 0.004338
vn 0.782049 0.623200 0.004543
vn 0.855501 0.517787 0.003691
vn 0.019501 0.450904 0.892359
vn 0.020415 0.374543 0.926985
vn 0.466391 0.278995 0.839429
vn 0.228684 0.419563 0.878448
vn 0.006769 0.510545 0.859824
vn 0.010895 0.751855 0.659238
vn 0.002528 0.387758 0.921758
vn 0.717982 0.189943 0.669644
vn 0.629155 0.308076 0.713620
vn 0.840140 0.100012 0.533069
vn 0.764081 0.149183 0.627634
vn 0.757542 0.174122 0.629136
vn 0.028543 0.723376 0.689864
vn 0.026247 0.818926 0.573299
vn 0.013780 0.865400 0.500892
vn 0.011721 0.804983 0.593182
vn 0.012141 0.842164 0.539085
vn 0.918954 -0.018746 0.393918
vn 0.843401 0.103832 0.527157
vn 0.938908 0.002102 0.344162
vn 0.867542 0.106507 0.485826
vn 0.870705 -0.001210 0.491804
vn 0.915697 -0.001332 0.401867
vn 0.932637 -0.001097 0.360815
vn 0.931344 -0.001032 0.364139
vn 0.923812 -0.000954 0.382845
vn 0.909769 0.000218 0.415114
vn 0.898410 0.000687 0.439158
vn 0.887327 0.000994 0.461140
vn 0.940641 0.005469 0.339359
vn 0.829855 0.083893 0.551636
vn 0.999951 0.009932 0.000582
vn 0.994955 0.100223 0.004424
vn 0.999059 0.030959 0.030367
vn 0.999958 0.009187 0.000730
vn 0.999646 0.026564 0.001447
vn 0.985926 0.167167 0.002378
vn 0.777841 0.628435 0.005680
vn 0.856044 0.516737 0.013124
vn 0.920692 0.389295 0.027852
vn 0.861898 0.115309 0.493797
vn 0.926767 0.345585 0.147219
vn 0.997747 0.006564 0.066765
vn 0.682090 0.731097 0.015803
vn 0.743210 0.668904 0.014361
vn 0.770126 0.636825 0.036871
vn 0.701482 0.711421 0.042462
vn 0.797108 0.603703 0.012728
vn 0.835633 0.548356 0.031995
vn 0.659567 0.751619 0.006401
vn 0.709918 0.704259 0.005917
vn 0.755819 0.654759 0.005356
vn 0.660168 0.501909 0.558807
vn 0.914457 -0.001594 0.404679
vn 0.926364 0.003860 0.376610
vn 0.875919 0.001158 0.482457
vn 0.863674 0.001187 0.504049
vn 0.898527 0.004239 0.438899
vn 0.930977 0.001080 0.365076
vn 0.932913 0.001003 0.360100
vn 0.916437 0.001165 0.400178
vn 0.923979 0.001048 0.382441
vn 0.903048 0.001565 0.429537
vn 0.892831 0.002006 0.450388
vn 0.913354 0.001248 0.407165
vn 0.938183 -0.021331 0.345482
vn 0.921020 -0.012259 0.389321
vn 0.890975 -0.054920 0.450719
vn 0.761204 -0.148674 0.631240
vn 0.612393 -0.229231 0.756590
vn 0.729721 -0.194505 0.655496
vn 0.698357 -0.233884 0.676459
vn 0.016503 -0.444542 0.895606
vn 0.002485 -0.402963 0.915213
vn 0.007247 -0.550310 0.834929
vn 0.011526 -0.799116 0.601067
vn 0.254518 -0.420773 0.870730
vn 0.077779 -0.363626 0.928292
vn 0.028586 -0.722694 0.690577
vn 0.026349 -0.818893 0.573341
vn 0.572684 -0.579581 0.579757
vn 0.013734 -0.861580 0.507435
vn 0.012034 -0.837801 0.545844
vn 0.011609 -0.801466 0.597927
vn 0.009685 -0.782880 0.622098
vn 0.018483 -0.728736 0.684545
vn 0.539624 -0.253348 0.802882
vn 0.024101 -0.999708 0.001745
vn 0.182761 -0.983116 0.009016
vn 0.012779 -0.999917 0.001440
vn 0.036928 -0.999312 0.003295
vn 0.235172 -0.971945 0.004057
vn 0.751321 -0.659928 0.003500
vn 0.684938 -0.728545 0.009044
vn 0.492767 -0.869298 0.038740
vn 0.213118 -0.953334 0.213859
vn 0.005268 -0.934892 0.354894
vn 0.004310 -0.998271 0.058624
vn 0.919093 -0.393996 0.006010
vn 0.906848 -0.421389 0.007673
vn 0.903531 -0.427911 0.022888
vn 0.877071 -0.480264 0.009645
vn 0.915599 -0.401509 0.021641
vn 0.881383 -0.466233 0.076103
vn 0.877484 -0.479596 0.003154
vn 0.851258 -0.524734 0.003789
vn 0.820166 -0.572108 0.004431
vn 0.775618 -0.631186 0.004643
vn 0.823663 -0.566992 0.009984
vn 0.874117 -0.485122 0.023986
vn 0.025418 -0.852399 0.522273
vn 0.074652 -0.716341 0.693745
vn 0.007220 -0.691646 0.722201
vn 0.009076 -0.754574 0.656153
vn 0.008203 -0.726426 0.687196
vn 0.999959 -0.008937 0.001435
vn 0.998006 -0.035090 0.052469
vn 0.994956 -0.100216 0.004418
vn 0.999967 -0.008038 0.000740
vn 0.998917 -0.004792 0.046285
vn 0.955501 -0.015135 0.294598
vn 0.918972 -0.392951 0.032863
vn 0.856311 -0.516294 0.013118
vn 0.990899 -0.134588 0.002244
vn 0.846365 -0.532577 0.005318
vn 0.999751 -0.022263 0.001433
vn 0.928224 -0.003150 0.372008
vn 0.868352 -0.001274 0.495946
vn 0.887797 0.000529 0.460235
vn 0.682204 -0.730991 0.015802
vn 0.701210 -0.712166 0.033520
vn 0.769919 -0.637326 0.032254
vn 0.743010 -0.669126 0.014362
vn 0.829060 -0.558374 0.029625
vn 0.797044 -0.603787 0.012727
vn 0.651954 -0.758231 0.006447
vn 0.750326 -0.661045 0.005426
vn 0.703693 -0.710479 0.005973
vn 0.939243 -0.109428 0.325344
vn -0.012557 -0.423875 0.905634
vn -0.500185 -0.268291 0.823308
vn -0.406852 -0.440674 0.800174
vn -0.008277 -0.525459 0.850778
vn -0.010887 -0.751803 0.659298
vn -0.800536 -0.137165 0.583376
vn -0.838935 -0.100809 0.534813
vn -0.735165 -0.165193 0.657453
vn -0.028798 -0.703830 0.709784
vn -0.026208 -0.818450 0.573980
vn -0.013795 -0.865286 0.501088
vn -0.687096 -0.524796 0.502482
vn -0.018393 -0.728957 0.684312
vn -0.011688 -0.804727 0.593529
vn -0.009802 -0.787299 0.616494
vn -0.012148 -0.842140 0.539123
vn -0.831876 -0.117296 0.542425
vn -0.939139 -0.081259 0.333790
vn -0.838699 -0.106510 0.534078
vn -0.934990 -0.008936 0.354561
vn -0.870880 0.001218 0.491495
vn -0.915760 0.001328 0.401724
vn -0.932690 0.001087 0.360677
vn -0.931338 0.001026 0.364155
vn -0.907749 0.002653 0.419504
vn -0.923634 0.000940 0.383275
vn -0.909686 -0.000228 0.415296
vn -0.898607 -0.000691 0.438753
vn -0.887463 -0.001005 0.460879
vn -0.932281 -0.005514 0.361694
vn -0.922306 0.002506 0.386451
vn -0.999960 -0.008926 0.000482
vn -0.994493 -0.104715 0.004288
vn -0.999954 -0.009549 0.000745
vn -0.999646 -0.026564 0.001447
vn -0.985930 -0.167143 0.002378
vn -0.777668 -0.628649 0.005681
vn -0.856195 -0.516486 0.013119
vn -0.911307 -0.410414 0.032868
vn -0.992907 -0.054464 0.105681
vn -0.997180 -0.004251 0.074923
vn -0.682289 -0.730912 0.015798
vn -0.743036 -0.669098 0.014363
vn -0.769886 -0.637358 0.032405
vn -0.701355 -0.712018 0.033657
vn -0.797087 -0.603731 0.012729
vn -0.828854 -0.558672 0.029785
vn -0.659355 -0.751805 0.006401
vn -0.710165 -0.704010 0.005915
vn -0.756085 -0.654452 0.005355
vn -0.782046 -0.623204 0.004545
vn -0.823812 -0.566775 0.009983
vn -0.874336 -0.484723 0.024099
vn -0.926353 -0.003838 0.376638
vn -0.875895 -0.001175 0.482499
vn -0.863562 -0.001209 0.504241
vn -0.025158 -0.999682 0.001975
vn -0.182888 -0.983093 0.008904
vn -0.011014 -0.999938 0.001300
vn -0.008648 -0.994441 0.104938
vn -0.008807 -0.858685 0.512428
vn -0.194973 -0.951210 0.239136
vn -0.494565 -0.868281 0.038642
vn -0.685250 -0.728253 0.008952
vn -0.197757 -0.980243 0.003926
vn -0.659764 -0.751464 0.003621
vn -0.031934 -0.999485 0.003160
vn -0.027772 -0.841690 0.539246
vn -0.113211 -0.742843 0.659823
vn -0.007439 -0.696862 0.717167
vn -0.008382 -0.731650 0.681629
vn -0.009224 -0.759162 0.650836
vn -0.918949 -0.394330 0.005991
vn -0.904288 -0.426311 0.022866
vn -0.906978 -0.421109 0.007650
vn -0.916091 -0.400381 0.021719
vn -0.877098 -0.480215 0.009643
vn -0.853782 -0.505929 0.122854
vn -0.881340 -0.472473 0.003056
vn -0.824803 -0.565404 0.004339
vn -0.855419 -0.517924 0.003692
vn -0.836655 -0.028747 0.546975
vn -0.927170 0.000566 0.374641
vn -0.932442 -0.000491 0.361319
vn -0.913891 0.000799 0.405958
vn -0.928424 0.004314 0.371498
vn -0.922862 0.000095 0.385131
vn -0.900376 0.000932 0.435112
vn -0.889089 0.001120 0.457733
vn -0.911362 0.000599 0.411605
vn -0.846978 0.089648 0.524015
vn -0.811134 0.118796 0.572669
vn -0.618257 0.223929 0.753402
vn -0.738508 0.192314 0.646237
vn -0.865610 0.126306 0.484527
vn -0.017063 0.444670 0.895532
vn -0.002484 0.402954 0.915217
vn -0.007238 0.550235 0.834978
vn -0.011523 0.799017 0.601199
vn -0.212496 0.421780 0.881446
vn -0.077752 0.363568 0.928317
vn -0.025578 0.722954 0.690422
vn -0.020399 0.817711 0.575267
vn -0.059328 0.757600 0.650017
vn -0.013738 0.861578 0.507439
vn -0.012039 0.837973 0.545579
vn -0.011613 0.801503 0.597878
vn -0.009688 0.782716 0.622303
vn -0.016166 0.727754 0.685648
vn -0.540088 0.253216 0.802613
vn -0.721991 0.289886 0.628247
vn -0.854420 0.122600 0.504912
vn -0.020557 0.999779 0.004455
vn -0.182870 0.983096 0.009012
vn -0.048776 0.995906 0.076110
vn -0.012787 0.999917 0.001443
vn -0.036925 0.999313 0.003296
vn -0.235173 0.971945 0.004057
vn -0.751456 0.659774 0.003500
vn -0.684966 0.728519 0.009041
vn -0.412110 0.910745 0.026639
vn -0.663604 0.705120 0.249871
vn -0.005268 0.934893 0.354891
vn -0.008558 0.998832 0.047557
vn -0.919124 0.393921 0.006008
vn -0.906803 0.421485 0.007672
vn -0.904093 0.426940 0.018404
vn -0.876977 0.480435 0.009646
vn -0.914004 0.405138 0.021451
vn -0.877548 0.479478 0.003154
vn -0.850922 0.525279 0.003792
vn -0.820183 0.572084 0.004432
vn -0.775984 0.630736 0.004641
vn -0.823886 0.566667 0.009980
vn -0.874289 0.484920 0.021705
vn -0.030546 0.890154 0.454634
vn -0.007223 0.691635 0.722211
vn -0.009081 0.754562 0.656166
vn -0.008210 0.726504 0.687113
vn -0.999960 0.008893 0.001237
vn -0.994491 0.104738 0.004280
vn -0.999967 0.008038 0.000740
vn -0.997665 0.006987 0.067934
vn -0.994123 0.039516 0.100784
vn -0.913369 0.406014 0.030161
vn -0.856373 0.516191 0.013115
vn -0.990901 0.134576 0.002244
vn -0.846227 0.532796 0.005320
vn -0.999751 0.022265 0.001432
vn -0.911187 0.032524 0.410707
vn -0.905887 0.107484 0.409654
vn -0.927060 0.005481 0.374872
vn -0.868428 0.001130 0.495815
vn -0.878075 0.001168 0.478521
vn -0.682100 0.731088 0.015800
vn -0.701555 0.711727 0.035585
vn -0.769801 0.637447 0.032666
vn -0.742950 0.669192 0.014362
vn -0.912725 0.391590 0.116577
vn -0.829058 0.558440 0.028401
vn -0.797087 0.603731 0.012725
vn -0.651739 0.758416 0.006448
vn -0.750473 0.660879 0.005426
vn -0.703693 0.710479 0.005973
vn 0.020379 0.953269 0.301433
vn 0.015080 0.729493 0.683822
vn 0.004135 0.943982 0.329970
vn 0.004360 0.807666 0.589625
vn 0.003360 0.997152 0.075345
vn 0.795821 0.604081 0.041891
vn 0.588927 0.729731 0.347359
vn 0.007564 0.821205 0.570584
vn 0.004878 0.752664 0.658387
vn 0.010346 0.833945 0.551750
vn 0.005198 0.794327 0.607468
vn 0.004438 0.814111 0.580692
vn 0.004809 0.774599 0.632434
vn -0.181190 0.536228 0.824396
vn -0.098299 0.955250 0.278990
vn -0.233787 0.418694 0.877519
vn 0.383795 0.326056 0.863938
vn 0.661651 0.203294 0.721727
vn 0.816681 0.116645 0.565178
vn 0.685559 0.638456 0.349832
vn 0.003836 0.402063 0.915604
vn 0.002904 0.539324 0.842093
vn 0.004445 0.795828 0.605506
vn 0.527183 0.254330 0.810798
vn 0.083588 0.438013 0.895074
vn 0.001722 0.723585 0.690233
vn 0.005260 0.868267 0.496070
vn 0.004458 0.849790 0.527103
vn 0.004349 0.832201 0.554457
vn 0.798514 0.140626 0.585320
vn 0.533600 0.255560 0.806201
vn 0.022912 -0.991054 0.131483
vn 0.055283 -0.833465 0.549799
vn 0.003033 -0.992813 0.119635
vn 0.003783 -0.922280 0.386505
vn 0.005139 -0.785056 0.619404
vn 0.005422 -0.893049 0.449927
vn 0.012396 -0.775421 0.631323
vn 0.005380 -0.754008 0.656844
vn 0.004598 -0.778494 0.627635
vn 0.004982 -0.799364 0.600826
vn 0.004452 -0.817071 0.576520
vn 0.011434 -0.837054 0.547001
vn -0.044604 -0.980415 0.191826
vn 0.622317 -0.514712 0.589739
vn 0.050023 -0.452583 0.890318
vn 0.003458 -0.419214 0.907881
vn 0.003218 -0.686492 0.727130
vn 0.613243 -0.249786 0.749360
vn 0.579318 -0.239743 0.779047
vn 0.823171 -0.113531 0.556328
vn 0.765176 -0.186039 0.616356
vn 0.622974 -0.484776 0.613918
vn 0.004524 -0.705089 0.709104
vn 0.005314 -0.870952 0.491339
vn 0.004385 -0.835404 0.549619
vn 0.004518 -0.853132 0.521675
vn -0.334710 -0.489831 0.805006
vn 0.756470 -0.156852 0.634942
vn -0.630967 -0.749379 0.200776
vn -0.013309 -0.969387 0.245177
vn -0.073068 -0.800791 0.594471
vn -0.004132 -0.943989 0.329952
vn -0.004361 -0.807661 0.589631
vn -0.004644 -0.997173 0.074996
vn -0.050106 -0.812789 0.580400
vn -0.007567 -0.821084 0.570757
vn -0.004880 -0.752465 0.658614
vn -0.010353 -0.833884 0.551843
vn -0.005194 -0.794228 0.607597
vn -0.004434 -0.813929 0.580947
vn -0.004811 -0.774609 0.632422
vn 0.221471 -0.415190 0.882365
vn 0.792501 -0.441531 0.420706
vn -0.224757 -0.406011 0.885799
vn -0.470921 -0.757768 0.451687
vn -0.692933 -0.188756 0.695856
vn -0.816012 -0.117169 0.566035
vn -0.003830 -0.402070 0.915601
vn -0.002868 -0.539367 0.842066
vn -0.004441 -0.795618 0.605782
vn -0.256596 -0.514803 0.818008
vn -0.525587 -0.264040 0.808728
vn -0.050437 -0.411848 0.909856
vn -0.001716 -0.723596 0.690222
vn -0.005279 -0.868288 0.496032
vn -0.004466 -0.849968 0.526816
vn -0.004348 -0.832201 0.554457
vn -0.793388 -0.137146 0.593065
vn -0.534970 -0.255225 0.805399
vn -0.093747 0.990438 0.101216
vn -0.001753 0.993045 0.117721
vn -0.003783 0.922192 0.386713
vn -0.005139 0.785079 0.619375
vn -0.003389 0.891929 0.452163
vn -0.011637 0.774752 0.632158
vn -0.530983 0.772789 0.347641
vn -0.005383 0.753945 0.656915
vn -0.004601 0.778397 0.627756
vn -0.004978 0.799390 0.600792
vn -0.004446 0.817346 0.576130
vn -0.010408 0.837190 0.546813
vn -0.040962 0.975753 0.215009
vn -0.143008 0.524130 0.839546
vn -0.003467 0.419317 0.907833
vn -0.003208 0.686219 0.727388
vn -0.499272 0.260828 0.826254
vn -0.578047 0.240505 0.779756
vn -0.779261 0.144761 0.609752
vn -0.731523 0.177927 0.658191
vn -0.004388 0.704987 0.709207
vn -0.073851 0.822417 0.564072
vn -0.005316 0.870805 0.491599
vn -0.004382 0.835403 0.549620
vn -0.004517 0.853133 0.521674
vn -0.276009 0.682184 0.677085
vn -0.000353 0.398771 0.917051
vn 0.021076 -0.000003 -0.999778
vn 0.026844 -0.001318 -0.999639
vn 0.010966 0.000944 -0.999939
vn 0.135715 -0.000010 -0.990748
vn 0.133585 -0.001653 -0.991036
vn 0.128368 0.001394 -0.991726
vn 0.005960 -0.000707 -0.999982
vn 0.004978 -0.000297 -0.999988
vn 0.551846 0.000881 -0.833945
vn 0.552312 -0.000031 -0.833637
vn 0.550806 -0.000961 -0.834632
vn 0.790330 -0.000699 -0.612681
vn 0.790456 0.000003 -0.612519
vn 0.761373 0.000002 -0.648314
vn 0.761383 -0.000723 -0.648302
vn 0.790390 0.000704 -0.612603
vn 0.761223 0.000725 -0.648490
vn 0.733615 0.000001 -0.679565
vn 0.733439 -0.000735 -0.679754
vn 0.733621 0.000736 -0.679558
vn 0.707158 0.000739 -0.707055
vn 0.707008 0.000001 -0.707206
vn 0.707048 -0.000740 -0.707165
vn 0.679788 -0.000737 -0.733409
vn 0.679684 -0.000000 -0.733505
vn 0.648417 -0.000001 -0.761286
vn 0.648464 -0.000725 -0.761245
vn 0.679578 0.000736 -0.733603
vn 0.648510 0.000722 -0.761206
vn 0.612717 -0.000002 -0.790302
vn 0.612806 -0.000703 -0.790233
vn 0.612857 0.000698 -0.790193
vn 0.867520 0.000993 -0.497401
vn 0.867121 0.000033 -0.498097
vn 0.879288 -0.001430 -0.476288
vn 0.999850 0.000009 -0.017333
vn 0.998867 0.000189 -0.047587
vn 0.997517 0.000972 -0.070419
vn 0.999937 0.000723 -0.011216
vn 0.999984 0.001785 -0.005438
vn 0.008936 0.999960 -0.000433
vn 0.009496 0.999955 0.000192
vn 0.027367 0.999625 0.000313
vn 0.025698 0.999670 -0.000379
vn 0.010699 0.999942 0.000963
vn 0.030859 0.999523 0.001240
vn 0.147025 0.989133 0.000448
vn 0.137852 0.990453 -0.000310
vn 0.165606 0.986191 0.001545
vn 0.607946 0.793977 0.001512
vn 0.573020 0.819541 0.000481
vn 0.555437 0.831559 -0.000235
vn 0.794090 0.607800 -0.000127
vn 0.807847 0.589393 0.000484
vn 0.779122 0.626871 0.000586
vn 0.764903 0.644146 -0.000104
vn 0.838085 0.545537 0.001366
vn 0.809622 0.586950 0.001629
vn 0.749541 0.661958 0.000686
vn 0.736638 0.676287 -0.000078
vn 0.779177 0.626801 0.001884
vn 0.746107 0.665823 0.002123
vn 0.720629 0.693321 0.000775
vn 0.709805 0.704398 -0.000054
vn 0.681592 0.731733 -0.000029
vn 0.690068 0.723744 0.000853
vn 0.656315 0.754486 0.000922
vn 0.650247 0.759723 -0.000004
vn 0.710830 0.703360 0.002333
vn 0.671615 0.740896 0.002516
vn 0.618156 0.786055 0.000984
vn 0.613824 0.789443 0.000024
vn 0.628875 0.777502 0.002672
vn 0.836890 0.547368 0.001937
vn 0.834336 0.551256 0.000640
vn 0.834071 0.551656 -0.000173
vn 0.990939 0.134310 -0.000409
vn 0.990696 0.136092 0.000133
vn 0.999677 0.025419 0.000000
vn 0.999683 0.025153 -0.000475
vn 0.990652 0.136413 0.000780
vn 0.999676 0.025459 0.000475
vn 0.999961 0.008835 -0.000023
vn 0.999961 0.008762 -0.000501
vn 0.999962 0.008682 0.000508
vn 0.856457 -0.000593 0.516218
vn 0.852940 -0.000031 0.522008
vn 0.901386 -0.000026 0.433017
vn 0.904757 -0.000306 0.425928
vn 0.860585 0.000772 0.509306
vn 0.904920 0.000235 0.425582
vn 0.921302 -0.000020 0.388848
vn 0.924485 -0.000090 0.381218
vn 0.924492 0.000034 0.381201
vn 0.924690 -0.000093 0.380720
vn 0.921321 -0.000017 0.388802
vn 0.924539 0.000049 0.381088
vn 0.915066 0.000146 0.403305
vn 0.911675 -0.000016 0.410911
vn 0.900561 -0.000015 0.434731
vn 0.903926 0.000235 0.427689
vn 0.914888 -0.000187 0.403707
vn 0.903831 -0.000272 0.427890
vn 0.889719 -0.000014 0.456508
vn 0.893068 0.000320 0.449921
vn 0.892854 -0.000356 0.450346
vn 0.882344 -0.000432 0.470605
vn 0.879435 -0.000012 0.476019
vn 0.882553 0.000399 0.470213
vn 0.871615 0.000470 0.490191
vn 0.868634 -0.000012 0.495455
vn 0.856663 -0.000010 0.515877
vn 0.859485 0.000531 0.511160
vn 0.871584 -0.000499 0.490247
vn 0.860106 -0.000641 0.510115
vn 0.843150 -0.000010 0.537678
vn 0.845866 0.000587 0.533395
vn 0.845613 -0.000782 0.533796
vn 0.947624 -0.000688 0.319387
vn 0.944713 -0.000044 0.327899
vn 0.971839 0.000226 0.235644
vn 0.999954 -0.000424 0.009577
vn 0.999242 -0.000129 0.038924
vn 0.998351 -0.001030 0.057402
vn 0.999953 -0.000963 0.009665
vn 0.999988 -0.001558 0.004578
vn 0.010267 -0.999947 0.000899
vn 0.009292 -0.999957 0.000165
vn 0.026645 -0.999645 0.000279
vn 0.029433 -0.999566 0.001163
vn 0.008844 -0.999961 -0.000444
vn 0.025366 -0.999678 -0.000389
vn 0.141646 -0.989917 0.000415
vn 0.155259 -0.987873 0.001467
vn 0.135243 -0.990812 -0.000320
vn 0.554766 -0.832007 -0.000205
vn 0.568387 -0.822761 0.000505
vn 0.599274 -0.800542 0.001562
vn 0.838201 -0.545360 0.001304
vn 0.808110 -0.589032 0.000452
vn 0.779392 -0.626537 0.000557
vn 0.810401 -0.585873 0.001568
vn 0.794032 -0.607876 -0.000143
vn 0.765125 -0.643882 -0.000119
vn 0.750802 -0.660528 0.000658
vn 0.780832 -0.624739 0.001825
vn 0.737292 -0.675574 -0.000092
vn 0.710358 -0.703840 -0.000065
vn 0.722250 -0.691631 0.000751
vn 0.748622 -0.662994 0.002066
vn 0.713569 -0.700581 0.002284
vn 0.691637 -0.722245 0.000833
vn 0.657486 -0.753466 0.000907
vn 0.674634 -0.738148 0.002476
vn 0.682282 -0.731089 -0.000037
vn 0.650320 -0.759661 -0.000010
vn 0.619119 -0.785296 0.000973
vn 0.630837 -0.775911 0.002642
vn 0.613940 -0.789352 0.000020
vn 0.835134 -0.550047 -0.000148
vn 0.835750 -0.549109 0.000731
vn 0.839288 -0.543682 0.002143
vn 0.990699 -0.136066 0.000854
vn 0.990642 -0.136487 0.000165
vn 0.999676 -0.025466 0.000001
vn 0.999677 -0.025425 0.000483
vn 0.990788 -0.135419 -0.000401
vn 0.999680 -0.025287 -0.000481
vn 0.999961 -0.008842 -0.000025
vn 0.999961 -0.008827 0.000436
vn 0.999962 -0.008648 -0.000580
vn 0.000000 -0.021099 -0.999777
vn -0.002355 -0.026849 -0.999637
vn 0.000909 -0.010857 -0.999941
vn -0.000010 -0.135714 -0.990748
vn -0.002647 -0.132598 -0.991166
vn 0.001393 -0.128387 -0.991723
vn -0.000643 -0.005982 -0.999982
vn -0.000514 -0.006041 -0.999982
vn 0.000880 -0.551724 -0.834026
vn -0.000030 -0.551947 -0.833879
vn -0.000961 -0.550700 -0.834703
vn -0.000699 -0.790335 -0.612675
vn 0.000002 -0.790373 -0.612626
vn 0.000001 -0.761279 -0.648425
vn -0.000724 -0.761293 -0.648407
vn 0.000706 -0.790298 -0.612723
vn 0.000727 -0.761229 -0.648482
vn 0.000000 -0.733516 -0.679672
vn -0.000736 -0.733332 -0.679871
vn 0.000739 -0.733424 -0.679771
vn 0.000741 -0.707343 -0.706870
vn 0.000001 -0.707200 -0.707014
vn -0.000739 -0.707053 -0.707161
vn -0.000738 -0.679875 -0.733327
vn 0.000001 -0.679580 -0.733602
vn -0.000001 -0.648515 -0.761202
vn -0.000726 -0.648563 -0.761161
vn 0.000736 -0.679674 -0.733514
vn 0.000722 -0.648513 -0.761203
vn -0.000002 -0.612899 -0.790161
vn -0.000703 -0.612821 -0.790222
vn 0.000699 -0.612956 -0.790116
vn 0.000995 -0.867552 -0.497346
vn 0.000034 -0.867142 -0.498061
vn -0.001429 -0.879117 -0.476603
vn 0.000007 -0.999850 -0.017323
vn 0.000190 -0.998865 -0.047629
vn 0.000975 -0.997511 -0.070505
vn 0.000553 -0.999934 -0.011477
vn 0.001787 -0.999984 -0.005435
vn 0.001179 -0.381149 0.924513
vn 0.000168 -0.399640 0.916672
vn 0.001646 -0.412355 0.911022
vn -0.000288 -0.378842 0.925462
vn -0.000573 -0.414214 0.910179
vn -0.000320 -0.538971 0.842324
vn 0.002903 -0.542637 0.839962
vn -0.002196 -0.542723 0.839909
vn -0.004580 -0.776194 0.630478
vn -0.000142 -0.777031 0.629462
vn 0.004225 -0.777381 0.629016
vn 0.005200 -0.869453 0.493988
vn 0.000020 -0.870631 0.491936
vn 0.000027 -0.851381 0.524548
vn 0.004952 -0.848408 0.529320
vn -0.005136 -0.868464 0.495725
vn -0.004867 -0.846992 0.531583
vn 0.000034 -0.832124 0.554590
vn 0.004653 -0.826725 0.562587
vn -0.004546 -0.825229 0.564781
vn -0.004169 -0.802880 0.596126
vn 0.000044 -0.812741 0.582626
vn 0.004299 -0.804579 0.593830
vn 0.003892 -0.781808 0.623507
vn 0.000053 -0.792959 0.609275
vn 0.000058 -0.771904 0.635739
vn 0.003443 -0.758282 0.651918
vn -0.003746 -0.780505 0.625138
vn -0.003287 -0.757497 0.652831
vn 0.000061 -0.749095 0.662462
vn 0.002969 -0.733664 0.679506
vn -0.002811 -0.733388 0.679804
vn -0.003413 -0.906654 0.421861
vn -0.000034 -0.910817 0.412811
vn 0.003882 -0.912914 0.408134
vn 0.000646 -0.999782 0.020870
vn -0.000203 -0.998829 0.048375
vn -0.003044 -0.997220 0.074456
vn -0.003703 -0.999891 0.014323
vn -0.002326 -0.999981 0.005649
vn -0.999961 -0.008841 0.000437
vn -0.999961 -0.008841 -0.000023
vn -0.999677 -0.025426 0.000000
vn -0.999676 -0.025459 0.000475
vn -0.999961 -0.008764 -0.000501
vn -0.999684 -0.025148 -0.000475
vn -0.990701 -0.136056 0.000133
vn -0.990653 -0.136401 0.000780
vn -0.990935 -0.134339 -0.000408
vn -0.834155 -0.551530 -0.000172
vn -0.834349 -0.551236 0.000640
vn -0.836732 -0.547609 0.001938
vn -0.628419 -0.777870 0.002673
vn -0.617810 -0.786327 0.000985
vn -0.656197 -0.754589 0.000923
vn -0.671915 -0.740624 0.002516
vn -0.613605 -0.789613 0.000024
vn -0.650030 -0.759909 -0.000004
vn -0.690275 -0.723547 0.000853
vn -0.711008 -0.703180 0.002332
vn -0.681686 -0.731645 -0.000028
vn -0.709621 -0.704583 -0.000053
vn -0.720527 -0.693426 0.000775
vn -0.746277 -0.665633 0.002121
vn -0.779108 -0.626887 0.001884
vn -0.749821 -0.661640 0.000685
vn -0.779032 -0.626984 0.000586
vn -0.809721 -0.586813 0.001629
vn -0.736806 -0.676104 -0.000079
vn -0.764925 -0.644120 -0.000104
vn -0.808048 -0.589116 0.000483
vn -0.837981 -0.545697 0.001367
vn -0.794243 -0.607600 -0.000127
vn -0.555728 -0.831364 -0.000235
vn -0.572777 -0.819711 0.000481
vn -0.607700 -0.794165 0.001513
vn -0.165707 -0.986174 0.001544
vn -0.147085 -0.989124 0.000448
vn -0.027367 -0.999625 0.000313
vn -0.030860 -0.999523 0.001239
vn -0.137754 -0.990466 -0.000311
vn -0.025716 -0.999669 -0.000379
vn -0.009493 -0.999955 0.000192
vn -0.010694 -0.999942 0.000962
vn -0.008785 -0.999961 -0.000509
vn -0.021074 0.000004 -0.999778
vn -0.026843 0.001318 -0.999639
vn -0.010971 -0.000946 -0.999939
vn -0.135715 0.000010 -0.990748
vn -0.133584 0.001653 -0.991036
vn -0.128378 -0.001394 -0.991724
vn -0.006689 0.000816 -0.999977
vn -0.005101 0.000290 -0.999987
vn -0.551587 -0.000882 -0.834117
vn -0.551934 0.000031 -0.833888
vn -0.550672 0.000961 -0.834721
vn -0.790514 0.000699 -0.612444
vn -0.790542 -0.000001 -0.612408
vn -0.761560 -0.000001 -0.648095
vn -0.761194 0.000723 -0.648523
vn -0.790292 -0.000706 -0.612729
vn -0.761511 -0.000725 -0.648152
vn -0.733422 -0.000002 -0.679774
vn -0.733433 0.000736 -0.679762
vn -0.733431 -0.000737 -0.679763
vn -0.707151 -0.000740 -0.707062
vn -0.707014 -0.000001 -0.707199
vn -0.707152 0.000741 -0.707061
vn -0.679787 0.000739 -0.733409
vn -0.679489 -0.000000 -0.733685
vn -0.648601 0.000002 -0.761129
vn -0.648455 0.000725 -0.761252
vn -0.679679 -0.000736 -0.733510
vn -0.648416 -0.000723 -0.761286
vn -0.612908 0.000002 -0.790154
vn -0.612904 0.000702 -0.790157
vn -0.613044 -0.000698 -0.790048
vn -0.867520 -0.000993 -0.497401
vn -0.867097 -0.000034 -0.498139
vn -0.879277 0.001431 -0.476308
vn -0.999850 -0.000010 -0.017331
vn -0.998865 -0.000190 -0.047632
vn -0.997515 -0.000975 -0.070448
vn -0.999937 -0.000727 -0.011210
vn -0.999984 -0.001786 -0.005435
vn -0.856460 0.000597 0.516213
vn -0.852868 0.000030 0.522127
vn -0.901448 0.000024 0.432887
vn -0.904697 0.000308 0.426056
vn -0.861043 -0.000784 0.508532
vn -0.904921 -0.000234 0.425579
vn -0.921247 0.000022 0.388978
vn -0.924484 0.000090 0.381222
vn -0.924601 -0.000034 0.380937
vn -0.924690 0.000093 0.380720
vn -0.921377 0.000018 0.388671
vn -0.924646 -0.000051 0.380827
vn -0.915066 -0.000146 0.403305
vn -0.911619 0.000015 0.411037
vn -0.900620 0.000013 0.434608
vn -0.903845 -0.000231 0.427860
vn -0.914777 0.000187 0.403960
vn -0.903828 0.000272 0.427897
vn -0.889719 0.000014 0.456508
vn -0.893126 -0.000317 0.449807
vn -0.892976 0.000355 0.450104
vn -0.882283 0.000431 0.470719
vn -0.879435 0.000012 0.476019
vn -0.882585 -0.000399 0.470153
vn -0.871647 -0.000471 0.490134
vn -0.868571 0.000011 0.495565
vn -0.856728 0.000009 0.515769
vn -0.859449 -0.000531 0.511221
vn -0.871464 0.000497 0.490460
vn -0.860167 0.000640 0.510012
vn -0.843014 0.000011 0.537892
vn -0.845798 -0.000588 0.533503
vn -0.845771 0.000785 0.533546
vn -0.947609 0.000687 0.319431
vn -0.944637 0.000043 0.328118
vn -0.971845 -0.000228 0.235623
vn -0.999955 0.000479 0.009511
vn -0.999244 0.000126 0.038871
vn -0.998349 0.001032 0.057422
vn -0.999949 0.000541 0.010063
vn -0.999988 0.001558 0.004579
vn -0.010265 0.999947 0.000899
vn -0.009280 0.999957 0.000164
vn -0.026651 0.999645 0.000279
vn -0.029425 0.999566 0.001163
vn -0.008841 0.999961 -0.000444
vn -0.025374 0.999678 -0.000390
vn -0.141740 0.989904 0.000414
vn -0.155393 0.987852 0.001468
vn -0.135197 0.990819 -0.000320
vn -0.554849 0.831951 -0.000204
vn -0.568252 0.822854 0.000504
vn -0.599465 0.800399 0.001562
vn -0.838457 0.544966 0.001304
vn -0.808276 0.588803 0.000452
vn -0.779439 0.626478 0.000557
vn -0.810242 0.586093 0.001568
vn -0.793979 0.607945 -0.000143
vn -0.765081 0.643934 -0.000119
vn -0.750804 0.660524 0.000658
vn -0.780690 0.624916 0.001824
vn -0.737283 0.675584 -0.000092
vn -0.710558 0.703639 -0.000064
vn -0.722342 0.691536 0.000751
vn -0.748884 0.662698 0.002065
vn -0.713646 0.700503 0.002283
vn -0.691445 0.722429 0.000834
vn -0.657686 0.753292 0.000908
vn -0.674634 0.738148 0.002476
vn -0.682001 0.731351 -0.000037
vn -0.650198 0.759765 -0.000009
vn -0.618942 0.785436 0.000973
vn -0.630749 0.775982 0.002643
vn -0.614485 0.788929 0.000021
vn -0.835072 0.550141 -0.000149
vn -0.835684 0.549210 0.000731
vn -0.839239 0.543758 0.002144
vn -0.990701 0.136054 0.000854
vn -0.990656 0.136384 0.000166
vn -0.999676 0.025466 0.000001
vn -0.999677 0.025425 0.000483
vn -0.990794 0.135376 -0.000401
vn -0.999680 0.025287 -0.000479
vn -0.999961 0.008845 -0.000025
vn -0.999961 0.008829 0.000437
vn -0.999962 0.008647 -0.000580
vn -0.000000 0.021100 -0.999777
vn 0.002354 0.026849 -0.999637
vn -0.000931 0.010796 -0.999941
vn 0.000011 0.135750 -0.990743
vn 0.002646 0.132611 -0.991165
vn -0.001393 0.128412 -0.991720
vn 0.000640 0.005974 -0.999982
vn 0.000511 0.006024 -0.999982
vn -0.000880 0.551621 -0.834095
vn 0.000031 0.551967 -0.833866
vn 0.000961 0.550700 -0.834703
vn 0.000699 0.790335 -0.612675
vn -0.000002 0.790373 -0.612626
vn -0.000001 0.761279 -0.648425
vn 0.000722 0.761195 -0.648523
vn -0.000704 0.790394 -0.612598
vn -0.000727 0.761134 -0.648595
vn -0.000000 0.733516 -0.679672
vn 0.000735 0.733432 -0.679762
vn -0.000737 0.733421 -0.679774
vn -0.000740 0.707258 -0.706955
vn -0.000000 0.707107 -0.707107
vn 0.000739 0.707053 -0.707161
vn 0.000737 0.679774 -0.733421
vn 0.000000 0.679672 -0.733516
vn 0.000001 0.648425 -0.761279
vn 0.000725 0.648482 -0.761229
vn -0.000737 0.679666 -0.733522
vn -0.000722 0.648523 -0.761195
vn 0.000002 0.612626 -0.790373
vn 0.000703 0.612719 -0.790300
vn -0.000699 0.612675 -0.790335
vn -0.003026 0.871650 -0.490119
vn -0.000033 0.867121 -0.498097
vn 0.000907 0.867266 -0.497844
vn 0.001095 0.998272 -0.058761
vn -0.000006 0.998229 -0.059494
vn -0.002291 0.997617 -0.068958
vn 0.000122 0.999970 -0.007681
vn 0.001233 0.999978 -0.006525
vn -0.000583 0.999981 -0.006200
vn -0.001180 0.381143 0.924515
vn -0.000170 0.399626 0.916678
vn -0.001648 0.412345 0.911026
vn 0.000727 0.378847 0.925459
vn 0.001088 0.409561 0.912282
vn 0.000319 0.539002 0.842304
vn -0.002904 0.542593 0.839991
vn 0.002193 0.542634 0.839966
vn 0.004580 0.776199 0.630472
vn 0.000142 0.776890 0.629637
vn -0.004226 0.777408 0.628982
vn -0.005201 0.869589 0.493748
vn -0.000020 0.870763 0.491703
vn -0.000027 0.851381 0.524548
vn -0.004952 0.848407 0.529321
vn 0.005137 0.868546 0.495583
vn 0.004867 0.847164 0.531310
vn -0.000035 0.832052 0.554698
vn -0.004655 0.826798 0.562480
vn 0.004546 0.825079 0.564999
vn 0.004171 0.802951 0.596031
vn -0.000045 0.812814 0.582524
vn -0.004300 0.804504 0.593931
vn -0.003892 0.781816 0.623497
vn -0.000053 0.792955 0.609281
vn -0.000060 0.771989 0.635635
vn -0.003442 0.758207 0.652005
vn 0.003747 0.780574 0.625052
vn 0.003285 0.757310 0.653047
vn -0.000061 0.748870 0.662717
vn -0.002968 0.733434 0.679754
vn 0.002807 0.733301 0.679898
vn 0.003413 0.906633 0.421906
vn 0.000034 0.910750 0.412958
vn -0.003884 0.912925 0.408108
vn -0.000645 0.999782 0.020863
vn 0.000203 0.998832 0.048323
vn 0.003044 0.997226 0.074370
vn 0.003893 0.999894 0.014025
vn 0.002326 0.999981 0.005650
vn 0.002629 -0.998086 0.061787
vn 0.000557 -0.991322 0.131452
vn 0.001097 -0.988604 0.150538
vn -0.005073 -0.998152 0.060554
vn -0.003461 -0.992226 0.124405
vn 0.000040 -0.936256 0.351319
vn 0.000795 -0.936865 0.349690
vn -0.002023 -0.931222 0.364448
vn -0.001976 -0.808956 0.587866
vn 0.000026 -0.812648 0.582755
vn 0.002015 -0.805168 0.593043
vn 0.001934 -0.759993 0.649929
vn 0.000009 -0.762470 0.647024
vn 0.000009 -0.782432 0.622736
vn 0.001874 -0.780256 0.625457
vn -0.001910 -0.760010 0.649908
vn -0.001855 -0.780805 0.624773
vn 0.000005 -0.800086 0.599886
vn 0.001832 -0.798846 0.601533
vn -0.001821 -0.799326 0.600895
vn -0.001809 -0.816317 0.577601
vn 0.000002 -0.816214 0.577750
vn 0.001810 -0.815625 0.578578
vn 0.001815 -0.831937 0.554867
vn -0.000003 -0.831488 0.555543
vn -0.000006 -0.847340 0.531051
vn 0.001846 -0.848533 0.529140
vn -0.001823 -0.832653 0.553792
vn -0.001863 -0.848882 0.528579
vn -0.000009 -0.863359 0.504589
vn 0.001896 -0.865008 0.501755
vn -0.001915 -0.865158 0.501496
vn -0.001873 -0.769182 0.639027
vn 0.000010 -0.768291 0.640101
vn 0.001901 -0.770529 0.637402
vn 0.002580 -0.498541 0.866862
vn 0.000023 -0.540466 0.841366
vn -0.000022 -0.405366 0.914155
vn 0.002864 -0.381833 0.924227
vn -0.001038 -0.537881 0.843020
vn -0.000967 -0.415314 0.909678
vn 0.001277 -0.382568 0.923927
vn -0.001508 -0.382857 0.923807
vn -0.002628 0.998086 0.061785
vn -0.000557 0.991322 0.131452
vn -0.001094 0.988603 0.150539
vn 0.005429 0.998018 0.062694
vn 0.003460 0.992224 0.124413
vn -0.000040 0.936256 0.351319
vn -0.000793 0.936870 0.349678
vn 0.002019 0.931221 0.364448
vn 0.001973 0.808958 0.587863
vn -0.000026 0.812648 0.582755
vn -0.002013 0.805104 0.593130
vn -0.001933 0.759837 0.650111
vn -0.000008 0.762314 0.647207
vn -0.000007 0.782361 0.622826
vn -0.001874 0.780261 0.625452
vn 0.001908 0.760090 0.649815
vn 0.001855 0.780649 0.624967
vn -0.000004 0.800152 0.599797
vn -0.001830 0.798759 0.601648
vn 0.001820 0.799478 0.600692
vn 0.001810 0.816242 0.577707
vn 0.000000 0.815991 0.578065
vn -0.001812 0.815704 0.578466
vn -0.001819 0.832085 0.554645
vn 0.000004 0.831565 0.555427
vn 0.000005 0.847485 0.530820
vn -0.001848 0.848603 0.529027
vn 0.001826 0.832653 0.553791
vn 0.001864 0.848810 0.528696
vn 0.000008 0.863493 0.504360
vn -0.001896 0.865008 0.501754
vn 0.001914 0.865296 0.501257
vn 0.001873 0.769182 0.639027
vn -0.000009 0.768230 0.640174
vn -0.001899 0.770344 0.637626
vn -0.002579 0.498475 0.866900
vn -0.000022 0.540356 0.841437
vn 0.000022 0.405381 0.914148
vn -0.002886 0.381858 0.924216
vn 0.001037 0.537837 0.843048
vn 0.000967 0.415320 0.909675
vn -0.001278 0.382571 0.923925
vn 0.001508 0.382857 0.923806
vn 0.894240 -0.055440 0.444141
vn 0.844475 -0.097767 0.526597
vn 0.894835 -0.067167 0.441315
vn 0.770859 -0.144687 0.620356
vn 0.753981 -0.153572 0.638692
vn 0.738403 -0.161983 0.654616
vn 0.828030 -0.107877 0.550208
vn 0.521604 -0.253573 0.814635
vn 0.843727 -0.096274 0.528068
vn 0.628497 -0.215172 0.747458
vn 0.518461 -0.260994 0.814297
vn 0.054497 -0.367531 0.928413
vn 0.028755 -0.369553 0.928765
vn -0.950887 -0.013797 0.309231
vn -0.716277 -0.174253 0.675709
vn -0.610888 -0.224087 0.759342
vn -0.829228 -0.106066 0.548754
vn -0.815055 -0.117031 0.567441
vn -0.786753 -0.134188 0.602506
vn -0.794104 -0.130560 0.593594
vn -0.684747 -0.189498 0.703713
vn -0.852410 -0.089895 0.515089
vn -0.550269 -0.242736 0.798926
vn -0.761560 -0.148699 0.630806
vn -0.069686 -0.363276 0.929072
vn -0.212207 -0.340474 0.915994
vn -0.028443 0.369615 0.928750
vn -0.053938 0.367590 0.928422
vn -0.522987 0.253188 0.813868
vn -0.519852 0.260570 0.813546
vn -0.829126 0.107249 0.548678
vn -0.639343 0.210348 0.739591
vn -0.844987 0.095363 0.526216
vn -0.762366 0.149703 0.629593
vn -0.804384 0.122128 0.581421
vn -0.833737 0.105910 0.541909
vn -0.917557 0.034260 0.396126
vn 0.061543 0.364812 0.929045
vn 0.212061 0.340244 0.916114
vn 0.554352 0.241329 0.796526
vn 0.858594 0.085190 0.505528
vn 0.764142 0.147311 0.628002
vn 0.691661 0.186034 0.697851
vn 0.797610 0.128394 0.589349
vn 0.790362 0.131958 0.598260
vn 0.818182 0.114898 0.563362
vn 0.841491 0.095338 0.531793
vn 0.739912 0.161838 0.652947
vn 0.859843 0.096577 0.501342
vn 0.634892 0.213844 0.742417
vn 0.964332 -0.011770 0.264433
vn 0.004393 0.997247 0.074022
vn 0.012731 0.809987 0.586309
vn 0.007324 0.981163 0.193043
vn 0.009180 0.878026 0.478524
vn 0.006343 0.623496 0.781801
vn 0.006309 0.613622 0.789575
vn 0.007217 0.635339 0.772200
vn 0.007031 0.676038 0.736833
vn 0.006699 0.702218 0.711931
vn 0.013758 0.671706 0.740690
vn 0.031756 0.761365 0.647546
vn 0.185929 0.155602 0.970164
vn 0.006688 0.728856 0.684634
vn 0.005861 0.754430 0.656354
vn 0.005517 0.782718 0.622352
vn 0.005061 0.803879 0.594771
vn 0.026957 0.752281 0.658291
vn 0.032868 0.583807 0.811227
vn 0.006259 0.781724 0.623593
vn 0.006273 0.688374 0.725329
vn 0.007028 0.511433 0.859295
vn 0.005294 -0.908189 0.418528
vn 0.007189 -0.642644 0.766131
vn 0.031540 -0.836916 0.546421
vn 0.007953 -0.609738 0.792563
vn 0.007063 -0.670480 0.741894
vn 0.006800 -0.697287 0.716760
vn 0.007130 -0.640385 0.768021
vn 0.011522 -0.683364 0.729987
vn 0.006506 -0.728003 0.685543
vn 0.005495 -0.777081 0.629376
vn 0.005229 -0.800425 0.599410
vn 0.005595 -0.748966 0.662584
vn 0.013442 -0.758500 0.651534
vn 0.007143 -0.782019 0.623213
vn 0.006894 -0.553562 0.832780
vn 0.007084 -0.714596 0.699501
vn 0.743565 0.520462 0.419799
vn 0.353478 -0.885287 0.302192
vn 0.675032 -0.458748 0.577825
vn 0.178036 0.901546 0.394357
vn 0.620241 0.751573 0.224586
vn 0.552224 0.831404 0.061770
vn 0.841097 -0.452078 0.296954
vn 0.190569 -0.969053 0.156907
vn 0.965749 0.216021 0.143752
vn 0.727842 -0.683712 0.052762
vn -0.006891 -0.845355 0.534161
vn -0.016181 -0.773962 0.633025
vn -0.006911 -0.633584 0.773643
vn -0.006682 -0.646796 0.762633
vn -0.006067 -0.676043 0.736838
vn -0.006626 -0.696403 0.717620
vn -0.005410 -0.744329 0.667791
vn -0.006339 -0.727879 0.685677
vn -0.006011 -0.754547 0.656219
vn -0.005417 -0.782697 0.622380
vn -0.005410 -0.802801 0.596223
vn -0.012962 -0.643259 0.765539
vn -0.005162 -0.783144 0.621819
vn -0.006134 -0.688407 0.725298
vn -0.008492 -0.511693 0.859127
vn -0.022210 0.667910 0.743911
vn -0.012686 0.788047 0.615485
vn -0.007678 0.879049 0.476669
vn -0.007079 0.642588 0.766179
vn -0.005533 0.984586 0.174813
vn -0.007108 0.605958 0.795465
vn -0.007112 0.665929 0.745981
vn -0.006742 0.697073 0.716968
vn -0.006624 0.640745 0.767725
vn -0.009865 0.711907 0.702204
vn -0.173508 0.868536 0.464264
vn -0.183136 0.030026 0.982629
vn -0.006165 0.732225 0.681035
vn -0.005335 0.776993 0.629487
vn -0.005535 0.800585 0.599193
vn -0.004865 0.748969 0.662587
vn -0.005600 0.792465 0.609892
vn -0.008473 0.553435 0.832849
vn -0.006329 0.714559 0.699547
vn -0.749035 -0.551468 0.367192
vn -0.081994 0.989390 0.119935
vn -0.496580 0.798248 0.340894
vn -0.257084 -0.961567 0.096419
vn -0.301812 -0.891716 0.337272
vn -0.630901 -0.773346 0.062451
vn -0.952357 0.176726 0.248565
vn -0.495113 0.849619 0.181688
vn -0.580058 0.810764 0.078703
vn 0.397945 -0.915682 0.056279
vn 0.807095 -0.588509 0.047493
vn 0.636134 -0.768800 0.065416
vn 0.612818 0.789228 0.039681
vn 0.121538 0.991333 0.049868
vn 0.590653 0.805356 0.050313
vn 0.805348 0.589112 0.066052
vn -0.000293 -0.988133 0.153599
vn -0.002398 -0.992208 0.124570
vn 0.000765 -0.993420 0.114525
vn -0.000553 -0.865601 0.500733
vn -0.003886 -0.880150 0.474679
vn 0.002612 -0.866546 0.499090
vn 0.003129 -0.635377 0.772196
vn 0.000037 -0.634798 0.772678
vn -0.002976 -0.622902 0.782294
vn -0.003345 -0.612317 0.790605
vn -0.000016 -0.603228 0.797569
vn -0.000013 -0.637939 0.770087
vn -0.003045 -0.639806 0.768530
vn 0.003167 -0.605475 0.795858
vn 0.003009 -0.639650 0.768660
vn -0.000012 -0.668030 0.744134
vn -0.002897 -0.669663 0.742659
vn 0.002862 -0.669712 0.742616
vn 0.002722 -0.696456 0.717595
vn -0.000013 -0.694805 0.719198
vn -0.002755 -0.696493 0.717558
vn -0.002611 -0.722283 0.691593
vn -0.000013 -0.720538 0.693415
vn -0.000013 -0.747738 0.663993
vn -0.002462 -0.749117 0.662434
vn 0.002580 -0.722073 0.691812
vn 0.002426 -0.748990 0.662577
vn -0.000014 -0.776110 0.630597
vn -0.002300 -0.777262 0.629172
vn 0.002261 -0.777419 0.628979
vn 0.002123 -0.800024 0.599964
vn -0.000011 -0.799007 0.601322
vn -0.002148 -0.800188 0.599745
vn -0.002164 -0.785965 0.618267
vn 0.000013 -0.784973 0.619530
vn 0.000033 -0.698736 0.715380
vn -0.002485 -0.699716 0.714417
vn 0.002199 -0.785950 0.618286
vn 0.002570 -0.699535 0.714594
vn 0.000035 -0.530370 0.847767
vn -0.002974 -0.531256 0.847206
vn 0.003064 -0.531044 0.847339
vn 0.000237 0.996140 0.087777
vn 0.000358 0.982347 0.187065
vn 0.001624 0.967196 0.254027
vn 0.000503 0.968582 0.248695
vn -0.000493 0.847782 0.530345
vn 0.003092 0.834851 0.550467
vn -0.001085 0.831102 0.556118
vn -0.003128 0.635152 0.772381
vn -0.000040 0.635031 0.772487
vn 0.003093 0.630939 0.775826
vn 0.003205 0.605439 0.795885
vn 0.000015 0.603305 0.797511
vn 0.000015 0.637870 0.770144
vn 0.003042 0.640025 0.768348
vn -0.003168 0.605549 0.795802
vn -0.003010 0.639962 0.768401
vn 0.000011 0.668236 0.743949
vn 0.002892 0.670235 0.742143
vn -0.002862 0.669533 0.742777
vn -0.002725 0.696638 0.717418
vn 0.000009 0.694991 0.719019
vn 0.002759 0.696220 0.717823
vn 0.002614 0.721937 0.691954
vn 0.000012 0.720192 0.693775
vn 0.000013 0.747598 0.664152
vn 0.002463 0.748941 0.662632
vn -0.002582 0.721897 0.691995
vn -0.002428 0.748922 0.662654
vn 0.000014 0.776221 0.630461
vn 0.002299 0.777497 0.628883
vn -0.002262 0.777373 0.629036
vn -0.002124 0.800221 0.599702
vn 0.000011 0.799018 0.601308
vn 0.002151 0.800015 0.599977
vn 0.002164 0.785944 0.618294
vn -0.000011 0.784780 0.619774
vn -0.000034 0.698694 0.715420
vn 0.002481 0.699956 0.714181
vn -0.002200 0.785852 0.618411
vn -0.002570 0.699334 0.714791
vn -0.000037 0.530482 0.847696
vn 0.002976 0.530923 0.847415
vn -0.003063 0.531047 0.847337
vn -0.425820 0.903830 0.042061
vn -0.861298 0.505730 0.049031
vn -0.728368 0.683131 0.053040
vn -0.326156 0.944395 0.041713
vn -0.999681 -0.001321 0.025219
vn -0.544140 -0.838240 0.035576
vn -0.721659 -0.692197 0.008459
vn 0.912403 -0.003009 0.409282
vn 0.932196 -0.006532 0.361896
vn 0.919661 0.002167 0.392707
vn 0.857977 -0.002898 0.513681
vn 0.866907 -0.000734 0.498470
vn 0.862781 0.000679 0.505578
vn 0.773951 0.000474 0.633245
vn 0.773650 -0.000006 0.633613
vn 0.769095 -0.000514 0.639134
vn 0.753126 -0.000490 0.657876
vn 0.752016 0.000001 0.659145
vn 0.761904 -0.000000 0.647690
vn 0.762382 -0.000521 0.647127
vn 0.751142 0.000537 0.660140
vn 0.761254 0.000584 0.648454
vn 0.771389 0.000002 0.636364
vn 0.772328 -0.000545 0.635224
vn 0.772027 0.000582 0.635590
vn 0.778812 0.000498 0.627258
vn 0.779353 0.000001 0.626585
vn 0.780117 -0.000549 0.625633
vn 0.788583 -0.000564 0.614928
vn 0.787412 0.000001 0.616427
vn 0.796189 0.000005 0.605048
vn 0.796886 -0.000544 0.604130
vn 0.786492 0.000557 0.617601
vn 0.796602 0.000596 0.604504
vn 0.805519 0.000006 0.592569
vn 0.806070 -0.000585 0.591820
vn 0.804135 0.000526 0.594446
vn 0.812854 0.000589 0.582467
vn 0.813932 0.000006 0.580960
vn 0.814250 -0.000571 0.580513
vn 0.811724 -0.000701 0.584041
vn 0.813408 0.000010 0.581694
vn 0.795133 0.000012 0.606436
vn 0.793601 -0.000813 0.608438
vn 0.807806 0.001107 0.589448
vn 0.797905 0.001273 0.602782
vn 0.755253 0.000015 0.655433
vn 0.745164 -0.001265 0.666880
vn 0.759965 0.000904 0.649963
vn -0.925515 0.001015 0.378709
vn -0.916652 0.000669 0.399687
vn -0.865357 0.000478 0.501156
vn -0.855640 0.000909 0.517570
vn -0.866886 0.000416 0.498506
vn -0.774139 -0.000481 0.633015
vn -0.773763 0.000005 0.633475
vn -0.768971 0.000579 0.639284
vn -0.754043 0.000677 0.656824
vn -0.751947 0.000001 0.659223
vn -0.761972 0.000001 0.647609
vn -0.763225 0.000561 0.646133
vn -0.751143 -0.000539 0.660139
vn -0.761254 -0.000585 0.648454
vn -0.771321 0.000000 0.636446
vn -0.772327 0.000543 0.635225
vn -0.772029 -0.000580 0.635587
vn -0.778811 -0.000496 0.627259
vn -0.779420 0.000000 0.626501
vn -0.778883 0.000618 0.627169
vn -0.788361 0.000612 0.615213
vn -0.787412 -0.000001 0.616427
vn -0.796121 -0.000003 0.605138
vn -0.796889 0.000546 0.604126
vn -0.786492 -0.000558 0.617600
vn -0.796674 -0.000598 0.604410
vn -0.805588 -0.000005 0.592477
vn -0.805990 0.000607 0.591929
vn -0.804135 -0.000525 0.594446
vn -0.812857 -0.000594 0.582463
vn -0.813932 -0.000006 0.580960
vn -0.814096 0.000592 0.580730
vn -0.812016 0.000633 0.583635
vn -0.813339 -0.000008 0.581790
vn -0.795204 -0.000011 0.606341
vn -0.793695 0.000806 0.608315
vn -0.812084 -0.000740 0.583540
vn -0.793800 -0.000846 0.608178
vn -0.755253 -0.000015 0.655433
vn -0.745295 0.001255 0.666733
vn -0.753943 -0.000990 0.656939
vn 0.981951 -0.160444 -0.100145
vn 0.993212 0.101806 -0.056264
vn 0.993411 -0.109700 0.033187
vn 0.991038 -0.051821 0.123121
vn 0.994009 0.064984 0.087877
vn 0.983097 0.068080 0.169958
vn 0.991432 -0.090995 0.093714
vn 0.973265 0.016067 0.229123
vn 0.966767 -0.031397 0.253725
vn -0.993791 0.102368 -0.043594
vn -0.980113 0.161726 -0.114993
vn -0.992637 -0.120826 0.008572
vn -0.991604 0.127857 -0.019333
vn -0.987599 -0.075994 0.137377
vn -0.989418 0.057034 0.133411
vn -0.995908 -0.070407 0.056666
vn -0.963093 0.024272 0.268072
vn 0.957259 0.023072 0.288311
vn 0.986788 0.079090 0.141397
vn 0.989127 0.089776 0.116481
vn -0.978441 0.060339 0.197516
vn -0.987656 0.085590 0.131186
vn -0.989772 0.141773 -0.015853
vn -0.970577 -0.035061 0.238225
vn -0.989841 -0.140772 -0.019968
vn -0.988088 -0.089400 0.125262
vn -0.947797 -0.008970 0.318747
vn 0.983173 -0.165662 -0.076987
vn 0.981374 -0.062933 0.181505
vn 0.991633 -0.129057 0.002753
vn 0.990508 -0.103095 0.090915
vn 0.898604 0.049949 0.435909
vn 0.892941 -0.087742 0.441541
vn 0.794673 -0.006070 0.607007
vn 0.850311 -0.000213 0.526281
vn 0.774378 0.007923 0.632674
vn -0.953476 0.080881 0.290416
vn -0.916471 0.091625 0.389469
vn -0.787872 0.004990 0.615819
vn -0.847004 -0.002144 0.531582
vn -0.941563 -0.016632 0.336427
vn -0.803586 -0.005712 0.595162
vn 0.001220 -0.001157 -0.999999
vn 0.000882 -0.000072 -1.000000
vn -0.000603 -0.001209 -0.999999
vn 0.000630 0.001270 -0.999999
vn -0.001190 0.000685 -0.999999
f 1/319/1 2/316/2 3/241/3
f 1/319/1 3/241/3 4/242/4
f 2/316/2 5/315/5 6/240/6
f 2/316/2 6/240/6 3/241/3
f 4/242/4 3/241/3 7/191/7
f 4/242/4 7/191/7 8/192/8
f 3/241/3 6/240/6 9/196/9
f 3/241/3 9/196/9 7/191/7
f 10/366/10 11/365/11 1/319/1
f 10/366/10 1/319/1 23/282/23
f 11/365/11 12/363/12 2/316/2
f 11/365/11 2/316/2 1/319/1
f 12/363/12 13/362/13 5/315/5
f 12/363/12 5/315/5 2/316/2
f 13/362/13 14/361/14 15/314/15
f 13/362/13 15/314/15 5/315/5
f 5/315/5 15/314/15 16/233/16
f 5/315/5 16/233/16 6/240/6
f 6/240/6 16/233/16 9/196/9
f 9/196/9 16/233/16 17/153/17
f 9/196/9 17/153/17 18/152/18
f 7/191/7 9/196/9 18/152/18
f 7/191/7 18/152/18 19/149/19
f 8/192/8 7/191/7 19/149/19
f 8/192/8 19/149/19 20/147/20
f 21/193/21 8/192/8 20/147/20
f 21/193/21 20/147/20 22/148/22
f 23/282/23 4/242/4 8/192/8
f 23/282/23 8/192/8 21/193/21
f 23/282/23 1/319/1 4/242/4
f 26/1897/26 25/1942/25 1635/1941/1635
f 25/1942/25 27/1949/27 28/1954/28
f 25/1942/25 28/1954/28 29/1955/29
f 25/1942/25 29/1955/29 1635/1941/1635
f 1635/1941/1635 29/1955/29 30/1957/30
f 24/1885/24 26/1897/26 1633/1877/1633
f 691/1858/691 24/1885/24 1633/1877/1633
f 397/1872/397 24/1885/24 691/1858/691
f 31/766/31 32/699/32 33/700/33
f 31/766/31 33/700/33 34/767/34
f 32/699/32 35/651/35 36/650/36
f 32/699/32 36/650/36 33/700/33
f 34/767/34 33/700/33 37/701/37
f 34/767/34 37/701/37 38/769/38
f 33/700/33 36/650/36 39/649/39
f 33/700/33 39/649/39 37/701/37
f 51/806/51 40/765/40 31/766/31
f 40/765/40 41/698/41 32/699/32
f 40/765/40 32/699/32 31/766/31
f 41/698/41 42/652/42 35/651/35
f 41/698/41 35/651/35 32/699/32
f 42/652/42 43/613/43 44/611/44
f 42/652/42 44/611/44 35/651/35
f 35/651/35 44/611/44 45/610/45
f 35/651/35 45/610/45 36/650/36
f 36/650/36 45/610/45 39/649/39
f 39/649/39 45/610/45 46/648/46
f 37/701/37 39/649/39 46/648/46
f 37/701/37 46/648/46 47/702/47
f 38/769/38 37/701/37 47/702/47
f 38/769/38 47/702/47 48/770/48
f 49/808/49 38/769/38 48/770/48
f 49/808/49 48/770/48 50/809/50
f 51/806/51 34/767/34 38/769/38
f 51/806/51 38/769/38 49/808/49
f 51/806/51 31/766/31 34/767/34
f 52/2045/52 53/1974/53 54/1975/54
f 52/2045/52 54/1975/54 55/2047/55
f 53/1974/53 56/1923/56 57/1922/57
f 53/1974/53 57/1922/57 54/1975/54
f 55/2047/55 54/1975/54 58/1976/58
f 55/2047/55 58/1976/58 59/2048/59
f 54/1975/54 57/1922/57 60/1921/60
f 54/1975/54 60/1921/60 58/1976/58
f 71/2087/71 61/2044/61 52/2045/52
f 61/2044/61 62/1972/62 53/1974/53
f 61/2044/61 53/1974/53 52/2045/52
f 62/1972/62 63/1924/63 56/1923/56
f 62/1972/62 56/1923/56 53/1974/53
f 63/1924/63 64/1886/64 56/1923/56
f 56/1923/56 64/1886/64 65/1884/65
f 56/1923/56 65/1884/65 57/1922/57
f 57/1922/57 65/1884/65 60/1921/60
f 60/1921/60 65/1884/65 66/1920/66
f 58/1976/58 60/1921/60 66/1920/66
f 58/1976/58 66/1920/66 67/1977/67
f 59/2048/59 58/1976/58 67/1977/67
f 59/2048/59 67/1977/67 68/2049/68
f 69/2089/69 59/2048/59 68/2049/68
f 69/2089/69 68/2049/68 70/2090/70
f 71/2087/71 55/2047/55 59/2048/59
f 71/2087/71 59/2048/59 69/2089/69
f 71/2087/71 52/2045/52 55/2047/55
f 72/2065/72 73/2064/73 74/1992/74
f 72/2065/72 74/1992/74 75/1993/75
f 73/2064/73 76/2063/76 77/1991/77
f 73/2064/73 77/1991/77 74/1992/74
f 75/1993/75 74/1992/74 78/1905/78
f 75/1993/75 78/1905/78 79/1904/79
f 74/1992/74 77/1991/77 80/1906/80
f 74/1992/74 80/1906/80 78/1905/78
f 81/2110/81 82/2107/82 72/2065/72
f 81/2110/81 72/2065/72 92/2025/92
f 82/2107/82 83/2106/83 73/2064/73
f 82/2107/82 73/2064/73 72/2065/72
f 83/2106/83 84/2105/84 76/2063/76
f 83/2106/83 76/2063/76 73/2064/73
f 84/2105/84 85/2084/85 76/2063/76
f 76/2063/76 85/2084/85 86/1943/86
f 76/2063/76 86/1943/86 77/1991/77
f 77/1991/77 86/1943/86 80/1906/80
f 80/1906/80 86/1943/86 87/1869/87
f 80/1906/80 87/1869/87 88/1867/88
f 78/1905/78 80/1906/80 88/1867/88
f 78/1905/78 88/1867/88 89/1866/89
f 79/1904/79 78/1905/78 89/1866/89
f 79/1904/79 89/1866/89 90/1865/90
f 91/1887/91 79/1904/79 90/1865/90
f 92/2025/92 75/1993/75 79/1904/79
f 92/2025/92 79/1904/79 91/1887/91
f 92/2025/92 72/2065/72 75/1993/75
f 93/670/93 163/679/163 95/681/95
f 93/670/93 95/681/95 96/682/96
f 94/612/94 1979/626/1979 1669/602/1669
f 489/590/489 94/612/94 1669/602/1669
f 1956/2014/1956 1985/2031/1985 1683/2042/1683
f 1956/2014/1956 1683/2042/1683 100/2013/100
f 1985/2031/1985 1983/2072/1983 97/2074/97
f 1985/2031/1985 97/2074/97 1683/2042/1683
f 1983/2072/1983 1986/2088/1986 97/2074/97
f 98/2008/98 1683/2042/1683 99/2005/99
f 100/2013/100 1683/2042/1683 98/2008/98
f 1258/1265/1258 103/1314/103 102/1302/102
f 103/1314/103 101/1420/101 102/1302/102
f 102/1302/102 101/1420/101 1585/1419/1585
f 763/1130/763 1258/1265/1258 106/1118/106
f 103/1314/103 1255/1425/1255 101/1420/101
f 1255/1425/1255 104/1499/104 101/1420/101
f 101/1420/101 104/1499/104 1645/1570/1645
f 101/1420/101 1645/1570/1645 1585/1419/1585
f 1585/1419/1585 1645/1570/1645 973/1497/973
f 102/1302/102 1585/1419/1585 1588/1370/1588
f 102/1302/102 1588/1370/1588 1589/1281/1589
f 105/1189/105 102/1302/102 1589/1281/1589
f 106/1118/106 102/1302/102 105/1189/105
f 106/1118/106 1258/1265/1258 102/1302/102
f 1721/1623/1721 1723/1604/1723 1727/1628/1727
f 1721/1623/1721 1727/1628/1727 1725/1630/1725
f 1725/1630/1725 1727/1628/1727 1729/1649/1729
f 1593/230/1593 107/259/107 1684/185/1684
f 1590/284/1590 108/330/108 107/259/107
f 109/299/109 107/259/107 108/330/108
f 109/299/109 112/281/112 107/259/107
f 1823/232/1823 1684/185/1684 107/259/107
f 1823/232/1823 107/259/107 112/281/112
f 931/169/931 1593/230/1593 1684/185/1684
f 1018/332/1018 110/349/110 1590/284/1590
f 110/349/110 108/330/108 1590/284/1590
f 110/349/110 111/347/111 109/299/109
f 110/349/110 109/299/109 108/330/108
f 1750/329/1750 109/299/109 111/347/111
f 1686/187/1686 1684/185/1684 1823/232/1823
f 1778/120/1778 1684/185/1684 113/166/113
f 1778/120/1778 931/169/931 1684/185/1684
f 114/1094/114 1771/1060/1771 1765/1069/1765
f 116/1219/116 117/1206/117 115/1172/115
f 117/1206/117 118/1203/118 115/1172/115
f 118/1203/118 119/1139/119 120/1129/120
f 118/1203/118 120/1129/120 115/1172/115
f 115/1172/115 120/1129/120 1746/1125/1746
f 115/1172/115 1746/1125/1746 121/1150/121
f 121/1150/121 1746/1125/1746 1757/1122/1757
f 1757/1122/1757 590/1114/590 592/1117/592
f 122/1287/122 123/1369/123 124/1371/124
f 122/1287/122 124/1371/124 125/1283/125
f 123/1369/123 126/1403/126 127/1404/127
f 123/1369/123 127/1404/127 124/1371/124
f 125/1283/125 124/1371/124 128/1372/128
f 125/1283/125 128/1372/128 129/1268/129
f 124/1371/124 127/1404/127 130/1418/130
f 124/1371/124 130/1418/130 128/1372/128
f 116/1219/116 131/1297/131 122/1287/122
f 116/1219/116 122/1287/122 117/1206/117
f 131/1297/131 132/1368/132 123/1369/123
f 131/1297/131 123/1369/123 122/1287/122
f 132/1368/132 133/1402/133 126/1403/126
f 132/1368/132 126/1403/126 123/1369/123
f 133/1402/133 134/1483/134 135/1485/135
f 133/1402/133 135/1485/135 126/1403/126
f 126/1403/126 135/1485/135 127/1404/127
f 127/1404/127 135/1485/135 136/1498/136
f 127/1404/127 136/1498/136 130/1418/130
f 130/1418/130 136/1498/136 137/1552/137
f 130/1418/130 137/1552/137 138/1428/138
f 128/1372/128 130/1418/130 138/1428/138
f 128/1372/128 138/1428/138 139/1373/139
f 129/1268/129 128/1372/128 139/1373/139
f 129/1268/129 139/1373/139 140/1266/140
f 118/1203/118 129/1268/129 140/1266/140
f 118/1203/118 140/1266/140 119/1139/119
f 117/1206/117 125/1283/125 129/1268/129
f 117/1206/117 129/1268/129 118/1203/118
f 117/1206/117 122/1287/122 125/1283/125
f 1550/1282/1550 141/1312/141 142/1221/142
f 1547/1405/1547 143/1468/143 141/1312/141
f 144/1467/144 141/1312/141 143/1468/143
f 1783/1388/1783 147/1377/147 141/1312/141
f 1783/1388/1783 141/1312/141 144/1467/144
f 1782/1299/1782 142/1221/142 141/1312/141
f 1782/1299/1782 141/1312/141 147/1377/147
f 991/1190/991 1550/1282/1550 142/1221/142
f 960/1486/960 145/1510/145 1547/1405/1547
f 145/1510/145 143/1468/143 1547/1405/1547
f 145/1510/145 146/1504/146 144/1467/144
f 145/1510/145 144/1467/144 143/1468/143
f 148/1123/148 142/1221/142 149/1185/149
f 148/1123/148 991/1190/991 142/1221/142
f 30/1846/30 29/1848/29 150/1823/150
f 29/1848/29 193/1849/193 150/1823/150
f 193/1849/193 98/1850/98 150/1823/150
f 98/1850/98 99/1852/99 1780/1829/1780
f 98/1850/98 1780/1829/1780 150/1823/150
f 150/1823/150 1780/1829/1780 151/1810/151
f 151/1810/151 1729/1649/1729 1730/1650/1730
f 1510/209/1510 154/258/154 153/234/153
f 154/258/154 152/300/152 153/234/153
f 153/234/153 152/300/152 1628/298/1628
f 630/165/630 1510/209/1510 157/167/157
f 154/258/154 1507/301/1507 152/300/152
f 1507/301/1507 155/345/155 152/300/152
f 152/300/152 155/345/155 1659/385/1659
f 152/300/152 1659/385/1659 1628/298/1628
f 1628/298/1628 1659/385/1659 1031/344/1031
f 153/234/153 1628/298/1628 1631/280/1631
f 153/234/153 1631/280/1631 1632/215/1632
f 156/168/156 153/234/153 1632/215/1632
f 157/167/157 153/234/153 156/168/156
f 157/167/157 1510/209/1510 153/234/153
f 96/845/96 95/846/95 986/865/986
f 96/845/96 986/865/986 1867/874/1867
f 95/846/95 164/850/164 986/865/986
f 164/850/164 158/847/158 986/865/986
f 986/865/986 1872/876/1872 1867/874/1867
f 1867/874/1867 1872/876/1872 1870/924/1870
f 1870/924/1870 1770/1039/1770 1771/1060/1771
f 588/1578/588 1723/1604/1723 586/1587/586
f 586/1587/586 1723/1604/1723 1721/1619/1721
f 159/1945/159 1874/2027/1874 1964/2024/1964
f 159/1945/159 1964/2024/1964 1963/1951/1963
f 1874/2027/1874 309/2073/309 1984/2070/1984
f 1874/2027/1874 1984/2070/1984 1964/2024/1964
f 160/727/160 582/761/582 1972/745/1972
f 1982/669/1982 160/727/160 161/675/161
f 582/761/582 1976/780/1976 1972/745/1972
f 163/680/163 162/707/162 164/726/164
f 163/680/163 164/726/164 95/683/95
f 162/707/162 165/728/165 164/726/164
f 164/726/164 165/728/165 158/729/158
f 137/1552/137 136/1498/136 166/1540/166
f 137/1552/137 166/1540/166 1701/1567/1701
f 136/1498/136 135/1485/135 166/1540/166
f 135/1485/135 134/1483/134 167/1503/167
f 135/1485/135 167/1503/167 166/1540/166
f 166/1540/166 167/1503/167 168/1566/168
f 1695/1571/1695 588/1578/588 585/1576/585
f 1701/1567/1701 166/1540/166 168/1566/168
f 169/787/169 170/786/170 171/718/171
f 169/787/169 171/718/171 172/719/172
f 170/786/170 173/785/173 174/717/174
f 170/786/170 174/717/174 171/718/171
f 172/719/172 171/718/171 175/633/175
f 172/719/172 175/633/175 176/632/176
f 171/718/171 174/717/174 177/634/177
f 171/718/171 177/634/177 175/633/175
f 178/831/178 179/828/179 169/787/169
f 178/831/178 169/787/169 190/746/190
f 179/828/179 180/827/180 170/786/170
f 179/828/179 170/786/170 169/787/169
f 180/827/180 181/826/181 173/785/173
f 180/827/180 173/785/173 170/786/170
f 181/826/181 182/825/182 183/784/183
f 181/826/181 183/784/183 173/785/173
f 173/785/173 183/784/183 184/672/184
f 173/785/173 184/672/184 174/717/174
f 174/717/174 184/672/184 177/634/177
f 177/634/177 184/672/184 185/596/185
f 177/634/177 185/596/185 186/594/186
f 175/633/175 177/634/177 186/594/186
f 175/633/175 186/594/186 187/593/187
f 176/632/176 175/633/175 187/593/187
f 176/632/176 187/593/187 188/592/188
f 189/616/189 176/632/176 188/592/188
f 190/746/190 172/719/172 176/632/176
f 190/746/190 176/632/176 189/616/189
f 190/746/190 169/787/169 172/719/172
f 1957/1973/1957 191/2001/191 193/2002/193
f 1957/1973/1957 193/2002/193 29/2000/29
f 191/2001/191 192/2004/192 98/2003/98
f 191/2001/191 98/2003/98 193/2002/193
f 27/1952/27 1957/1973/1957 28/1956/28
f 192/2004/192 1956/2010/1956 100/2007/100
f 192/2004/192 100/2007/100 98/2003/98
f 28/1956/28 1957/1973/1957 29/2000/29
f 194/748/194 1978/793/1978 1646/753/1646
f 1977/807/1977 579/824/579 782/838/782
f 1978/793/1978 1977/807/1977 195/795/195
f 1646/753/1646 1978/793/1978 195/795/195
f 165/734/165 1646/753/1646 158/730/158
f 1966/738/1966 194/748/194 1646/753/1646
f 1966/738/1966 1646/753/1646 165/734/165
f 196/1451/196 197/1450/197 198/1351/198
f 196/1451/196 198/1351/198 199/1352/199
f 197/1450/197 200/1447/200 201/1350/201
f 197/1450/197 201/1350/201 198/1351/198
f 199/1352/199 198/1351/198 202/1247/202
f 199/1352/199 202/1247/202 203/1245/203
f 198/1351/198 201/1350/201 204/1251/204
f 198/1351/198 204/1251/204 202/1247/202
f 205/1538/205 206/1537/206 196/1451/196
f 205/1538/205 196/1451/196 217/1385/217
f 206/1537/206 207/1534/207 197/1450/197
f 206/1537/206 197/1450/197 196/1451/196
f 207/1534/207 208/1529/208 200/1447/200
f 207/1534/207 200/1447/200 197/1450/197
f 208/1529/208 209/1525/209 210/1444/210
f 208/1529/208 210/1444/210 200/1447/200
f 200/1447/200 210/1444/210 211/1301/211
f 200/1447/200 211/1301/211 201/1350/201
f 201/1350/201 211/1301/211 204/1251/204
f 204/1251/204 211/1301/211 212/1169/212
f 204/1251/204 212/1169/212 213/1168/213
f 202/1247/202 204/1251/204 213/1168/213
f 202/1247/202 213/1168/213 214/1163/214
f 203/1245/203 202/1247/202 214/1163/214
f 203/1245/203 214/1163/214 215/1160/215
f 216/1204/216 203/1245/203 215/1160/215
f 217/1385/217 199/1352/199 203/1245/203
f 217/1385/217 203/1245/203 216/1204/216
f 217/1385/217 196/1451/196 199/1352/199
f 219/1500/219 218/1629/218 225/1620/225
f 219/1500/219 220/1502/220 222/1583/222
f 219/1500/219 222/1583/222 218/1629/218
f 220/1502/220 221/1501/221 222/1583/222
f 222/1583/222 228/1633/228 218/1629/218
f 218/1629/218 228/1633/228 229/1659/229
f 218/1629/218 229/1659/229 238/1666/238
f 218/1629/218 238/1666/238 237/1663/237
f 223/1658/223 218/1629/218 237/1663/237
f 223/1658/223 237/1663/237 224/1664/224
f 225/1620/225 218/1629/218 223/1658/223
f 226/1585/226 227/1610/227 228/1633/228
f 221/1501/221 230/1506/230 226/1585/226
f 221/1501/221 226/1585/226 222/1583/222
f 230/1506/230 231/1539/231 227/1610/227
f 230/1506/230 227/1610/227 226/1585/226
f 231/1539/231 232/1546/232 227/1610/227
f 232/1546/232 233/1653/233 234/1655/234
f 232/1546/232 234/1655/234 227/1610/227
f 227/1610/227 234/1655/234 235/1656/235
f 227/1610/227 235/1656/235 228/1633/228
f 228/1633/228 235/1656/235 229/1659/229
f 222/1583/222 226/1585/226 228/1633/228
f 237/1663/237 238/1666/238 239/1672/239
f 224/1664/224 237/1663/237 240/1667/240
f 229/1659/229 236/1662/236 283/1676/283
f 238/1666/238 229/1659/229 283/1676/283
f 238/1666/238 283/1676/283 241/1679/241
f 239/1672/239 238/1666/238 241/1679/241
f 239/1672/239 241/1679/241 242/1680/242
f 243/1675/243 239/1672/239 242/1680/242
f 243/1675/243 242/1680/242 244/1681/244
f 245/1670/245 239/1672/239 243/1675/243
f 240/1667/240 237/1663/237 239/1672/239
f 240/1667/240 239/1672/239 245/1670/245
f 258/129/258 246/75/246 248/83/248
f 246/75/246 247/61/247 248/83/248
f 22/148/22 249/93/249 258/129/258
f 249/93/249 250/74/250 246/75/246
f 249/93/249 246/75/246 258/129/258
f 250/74/250 251/60/251 247/61/247
f 250/74/250 247/61/247 246/75/246
f 251/60/251 252/42/252 253/43/253
f 251/60/251 253/43/253 247/61/247
f 247/61/247 253/43/253 254/45/254
f 247/61/247 254/45/254 248/83/248
f 248/83/248 254/45/254 255/51/255
f 255/51/255 229/52/229 235/70/235
f 248/83/248 255/51/255 235/70/235
f 248/83/248 235/70/235 272/97/272
f 256/150/256 248/83/248 272/97/272
f 256/150/256 272/97/272 257/151/257
f 258/129/258 248/83/248 256/150/256
f 259/33/259 260/25/260 261/26/261
f 259/33/259 261/26/261 262/35/262
f 260/25/260 263/15/263 264/16/264
f 260/25/260 264/16/264 261/26/261
f 262/35/262 261/26/261 255/51/255
f 261/26/261 264/16/264 255/51/255
f 252/42/252 265/32/265 259/33/259
f 252/42/252 259/33/259 253/43/253
f 265/32/265 266/23/266 260/25/260
f 265/32/265 260/25/260 259/33/259
f 266/23/266 267/14/267 263/15/263
f 266/23/266 263/15/263 260/25/260
f 267/14/267 268/7/268 269/8/269
f 267/14/267 269/8/269 263/15/263
f 263/15/263 269/8/269 270/9/270
f 263/15/263 270/9/270 264/16/264
f 264/16/264 270/9/270 271/10/271
f 264/16/264 271/10/271 255/51/255
f 255/51/255 271/10/271 236/11/236
f 255/51/255 236/11/236 229/52/229
f 254/45/254 262/35/262 255/51/255
f 253/43/253 259/33/259 262/35/262
f 253/43/253 262/35/262 254/45/254
f 272/97/272 235/70/235 273/86/273
f 257/151/257 272/97/272 274/146/274
f 273/86/273 235/70/235 234/55/234
f 275/126/275 273/86/273 234/55/234
f 275/126/275 234/55/234 233/57/233
f 276/145/276 273/86/273 275/126/275
f 274/146/274 272/97/272 273/86/273
f 274/146/274 273/86/273 276/145/276
f 277/2123/277 278/2137/278 279/2158/279
f 81/2110/81 277/2123/277 280/2131/280
f 277/2123/277 1082/2082/1082 278/2137/278
f 1082/2082/1082 281/2109/281 278/2137/278
f 281/2109/281 282/2108/282 289/2125/289
f 281/2109/281 289/2125/289 278/2137/278
f 278/2137/278 289/2125/289 241/2147/241
f 278/2137/278 241/2147/241 283/2163/283
f 278/2137/278 283/2163/283 284/2171/284
f 279/2158/279 278/2137/278 284/2171/284
f 279/2158/279 284/2171/284 285/2173/285
f 286/2159/286 279/2158/279 285/2173/285
f 286/2159/286 285/2173/285 287/2174/287
f 288/2145/288 277/2123/277 279/2158/279
f 288/2145/288 279/2158/279 286/2159/286
f 280/2131/280 277/2123/277 288/2145/288
f 289/2125/289 290/2132/290 241/2147/241
f 282/2108/282 291/2111/291 289/2125/289
f 291/2111/291 292/2113/292 290/2132/290
f 291/2111/291 290/2132/290 289/2125/289
f 292/2113/292 293/2118/293 290/2132/290
f 293/2118/293 244/2160/244 242/2161/242
f 293/2118/293 242/2161/242 290/2132/290
f 290/2132/290 242/2161/242 241/2147/241
f 294/2180/294 295/2178/295 296/2187/296
f 294/2180/294 296/2187/296 297/2189/297
f 295/2178/295 271/2192/271 296/2187/296
f 297/2189/297 296/2187/296 298/2196/298
f 297/2189/297 298/2196/298 299/2198/299
f 296/2187/296 271/2192/271 298/2196/298
f 287/2174/287 285/2173/285 294/2180/294
f 287/2174/287 294/2180/294 300/2181/300
f 285/2173/285 284/2171/284 295/2178/295
f 285/2173/285 295/2178/295 294/2180/294
f 284/2171/284 283/2163/283 271/2192/271
f 284/2171/284 271/2192/271 295/2178/295
f 283/2163/283 236/2183/236 271/2192/271
f 298/2196/298 271/2192/271 270/2209/270
f 299/2198/299 298/2196/298 270/2209/270
f 299/2198/299 270/2209/270 269/2208/269
f 301/2199/301 299/2198/299 269/2208/269
f 301/2199/301 269/2208/269 268/2207/268
f 302/2190/302 297/2189/297 299/2198/299
f 302/2190/302 299/2198/299 301/2199/301
f 300/2181/300 294/2180/294 297/2189/297
f 300/2181/300 297/2189/297 302/2190/302
f 303/2085/303 1989/2112/1989 304/2079/304
f 305/2086/305 1989/2112/1989 303/2085/303
f 71/2087/71 1989/2112/1989 305/2086/305
f 1989/2112/1989 1988/2119/1988 307/2116/307
f 1989/2112/1989 307/2116/307 308/2099/308
f 304/2079/304 1989/2112/1989 308/2099/308
f 304/2079/304 308/2099/308 306/2078/306
f 641/2121/641 307/2116/307 1988/2119/1988
f 643/2115/643 307/2116/307 641/2121/641
f 643/2115/643 308/2099/308 307/2116/307
f 309/2073/309 310/2076/310 308/2099/308
f 310/2076/310 306/2078/306 308/2099/308
f 312/1511/312 313/1624/313 311/1632/311
f 313/1624/313 314/1674/314 311/1632/311
f 314/1674/314 315/1695/315 319/1705/319
f 314/1674/314 319/1705/319 311/1632/311
f 311/1632/311 319/1705/319 321/1726/321
f 311/1632/311 321/1726/321 316/1712/316
f 311/1632/311 316/1712/316 329/1640/329
f 311/1632/311 329/1640/329 328/1593/328
f 317/1523/317 311/1632/311 328/1593/328
f 317/1523/317 328/1593/328 318/1524/318
f 312/1511/312 311/1632/311 317/1523/317
f 319/1705/319 320/1736/320 321/1726/321
f 315/1695/315 322/1698/322 319/1705/319
f 322/1698/322 323/1715/323 320/1736/320
f 322/1698/322 320/1736/320 319/1705/319
f 323/1715/323 324/1735/324 320/1736/320
f 324/1735/324 325/1748/325 326/1749/326
f 324/1735/324 326/1749/326 320/1736/320
f 320/1736/320 326/1749/326 327/1750/327
f 320/1736/320 327/1750/327 321/1726/321
f 321/1726/321 327/1750/327 345/1747/345
f 321/1726/321 345/1747/345 316/1712/316
f 328/1593/328 329/1640/329 330/1594/330
f 318/1524/318 328/1593/328 331/1526/331
f 330/1594/330 329/1640/329 332/1600/332
f 333/1528/333 330/1594/330 332/1600/332
f 333/1528/333 332/1600/332 334/1530/334
f 335/1527/335 330/1594/330 333/1528/333
f 331/1526/331 328/1593/328 330/1594/330
f 331/1526/331 330/1594/330 335/1527/335
f 336/1843/336 337/1801/337 338/1824/338
f 91/1887/91 339/1831/339 336/1843/336
f 339/1831/339 340/1813/340 336/1843/336
f 340/1813/340 341/1800/341 337/1801/337
f 340/1813/340 337/1801/337 336/1843/336
f 341/1800/341 342/1787/342 343/1788/343
f 341/1800/341 343/1788/343 337/1801/337
f 337/1801/337 343/1788/343 344/1789/344
f 337/1801/337 344/1789/344 338/1824/338
f 338/1824/338 344/1789/344 345/1793/345
f 338/1824/338 345/1793/345 327/1811/327
f 338/1824/338 327/1811/327 361/1837/361
f 347/1868/347 338/1824/338 361/1837/361
f 347/1868/347 361/1837/361 346/1864/346
f 336/1843/336 338/1824/338 347/1868/347
f 348/1781/348 349/1772/349 350/1770/350
f 348/1781/348 350/1770/350 351/1779/351
f 349/1772/349 352/1763/352 353/1762/353
f 349/1772/349 353/1762/353 350/1770/350
f 351/1779/351 350/1770/350 354/1751/354
f 350/1770/350 353/1762/353 354/1751/354
f 342/1787/342 355/1780/355 348/1781/348
f 342/1787/342 348/1781/348 343/1788/343
f 355/1780/355 356/1771/356 349/1772/349
f 355/1780/355 349/1772/349 348/1781/348
f 356/1771/356 357/1764/357 352/1763/352
f 356/1771/356 352/1763/352 349/1772/349
f 357/1764/357 358/1754/358 359/1753/359
f 357/1764/357 359/1753/359 352/1763/352
f 352/1763/352 359/1753/359 360/1752/360
f 352/1763/352 360/1752/360 353/1762/353
f 353/1762/353 360/1752/360 354/1751/354
f 354/1751/354 316/1712/316 345/1793/345
f 344/1789/344 351/1779/351 354/1751/354
f 344/1789/344 354/1751/354 345/1793/345
f 343/1788/343 348/1781/348 351/1779/351
f 343/1788/343 351/1779/351 344/1789/344
f 361/1837/361 327/1811/327 362/1827/362
f 346/1864/346 361/1837/361 363/1863/363
f 362/1827/362 327/1811/327 326/1798/326
f 364/1856/364 362/1827/362 326/1798/326
f 364/1856/364 326/1798/326 325/1799/325
f 365/1861/365 362/1827/362 364/1856/364
f 363/1863/363 361/1837/361 362/1827/362
f 363/1863/363 362/1827/362 365/1861/365
f 366/1581/366 371/1642/371 367/1688/367
f 205/1538/205 366/1581/366 368/1603/368
f 366/1581/366 1253/1484/1253 371/1642/371
f 1253/1484/1253 369/1535/369 371/1642/371
f 369/1535/369 370/1536/370 377/1596/377
f 369/1535/369 377/1596/377 371/1642/371
f 371/1642/371 377/1596/377 329/1640/329
f 371/1642/371 329/1640/329 316/1712/316
f 367/1688/367 371/1642/371 372/1704/372
f 367/1688/367 372/1704/372 373/1707/373
f 374/1690/374 367/1688/367 373/1707/373
f 374/1690/374 373/1707/373 375/1708/375
f 376/1646/376 366/1581/366 367/1688/367
f 376/1646/376 367/1688/367 374/1690/374
f 368/1603/368 366/1581/366 376/1646/376
f 377/1596/377 378/1595/378 329/1640/329
f 370/1536/370 379/1532/379 377/1596/377
f 379/1532/379 380/1533/380 378/1595/378
f 379/1532/379 378/1595/378 377/1596/377
f 380/1533/380 381/1531/381 378/1595/378
f 381/1531/381 334/1530/334 332/1600/332
f 381/1531/381 332/1600/332 378/1595/378
f 378/1595/378 332/1600/332 329/1640/329
f 382/1720/382 383/1718/383 384/1727/384
f 382/1720/382 384/1727/384 385/1731/385
f 383/1718/383 354/1751/354 384/1727/384
f 385/1731/385 384/1727/384 386/1738/386
f 385/1731/385 386/1738/386 387/1739/387
f 384/1727/384 354/1751/354 386/1738/386
f 375/1708/375 373/1707/373 382/1720/382
f 375/1708/375 382/1720/382 388/1723/388
f 373/1707/373 372/1704/372 383/1718/383
f 373/1707/373 383/1718/383 382/1720/382
f 372/1704/372 371/1642/371 354/1751/354
f 372/1704/372 354/1751/354 383/1718/383
f 371/1642/371 316/1712/316 354/1751/354
f 386/1738/386 354/1751/354 360/1752/360
f 387/1739/387 386/1738/386 360/1752/360
f 387/1739/387 360/1752/360 359/1753/359
f 389/1740/389 387/1739/387 359/1753/359
f 389/1740/389 359/1753/359 358/1754/358
f 390/1733/390 385/1731/385 387/1739/387
f 390/1733/390 387/1739/387 389/1740/389
f 388/1723/388 382/1720/382 385/1731/385
f 388/1723/388 385/1731/385 390/1733/390
f 64/1886/64 391/1888/391 1991/1862/1991
f 1991/1862/1991 395/1859/395 392/1855/392
f 1991/1862/1991 394/1871/394 395/1859/395
f 391/1888/391 393/1891/393 394/1871/394
f 391/1888/391 394/1871/394 1991/1862/1991
f 392/1855/392 395/1859/395 396/1853/396
f 397/1872/397 395/1859/395 394/1871/394
f 398/1894/398 397/1872/397 394/1871/394
f 1973/1900/1973 397/1872/397 398/1894/398
f 398/1894/398 394/1871/394 399/1893/399
f 399/1893/399 394/1871/394 393/1891/393
f 400/1854/400 396/1853/396 395/1859/395
f 397/1872/397 400/1854/400 395/1859/395
f 402/1170/402 403/1067/403 401/1061/401
f 403/1067/403 404/1022/404 401/1061/401
f 404/1022/404 405/1004/405 408/1002/408
f 404/1022/404 408/1002/408 401/1061/401
f 401/1061/401 408/1002/408 410/983/410
f 401/1061/401 410/983/410 436/984/436
f 401/1061/401 436/984/436 418/1040/418
f 401/1061/401 418/1040/418 417/1095/417
f 406/1155/406 401/1061/401 417/1095/417
f 406/1155/406 417/1095/417 407/1154/407
f 402/1170/402 401/1061/401 406/1155/406
f 408/1002/408 409/965/409 410/983/410
f 405/1004/405 411/988/411 408/1002/408
f 411/988/411 412/968/412 409/965/409
f 411/988/411 409/965/409 408/1002/408
f 412/968/412 413/957/413 409/965/409
f 413/957/413 414/940/414 415/948/415
f 413/957/413 415/948/415 409/965/409
f 409/965/409 415/948/415 416/949/416
f 409/965/409 416/949/416 410/983/410
f 410/983/410 416/949/416 436/984/436
f 417/1095/417 418/1040/418 419/1070/419
f 407/1154/407 417/1095/417 420/1153/420
f 418/1040/418 436/984/436 421/1017/421
f 418/1040/418 421/1017/421 422/1018/422
f 419/1070/419 418/1040/418 422/1018/422
f 419/1070/419 422/1018/422 423/1019/423
f 424/1124/424 419/1070/419 423/1019/423
f 424/1124/424 423/1019/423 425/1021/425
f 426/1152/426 419/1070/419 424/1124/424
f 420/1153/420 417/1095/417 419/1070/419
f 420/1153/420 419/1070/419 426/1152/426
f 427/577/427 428/544/428 429/567/429
f 189/616/189 430/570/430 427/577/427
f 430/570/430 431/555/431 427/577/427
f 431/555/431 432/543/432 428/544/428
f 431/555/431 428/544/428 427/577/427
f 432/543/432 433/530/433 434/531/434
f 432/543/432 434/531/434 428/544/428
f 428/544/428 434/531/434 435/532/435
f 428/544/428 435/532/435 429/567/429
f 429/567/429 435/532/435 436/537/436
f 429/567/429 436/537/436 416/554/416
f 429/567/429 416/554/416 451/575/451
f 438/595/438 429/567/429 451/575/451
f 438/595/438 451/575/451 437/591/437
f 427/577/427 429/567/429 438/595/438
f 439/524/439 440/515/440 441/516/441
f 439/524/439 441/516/441 442/525/442
f 440/515/440 443/507/443 444/508/444
f 440/515/440 444/508/444 441/516/441
f 442/525/442 441/516/441 479/496/479
f 441/516/441 444/508/444 479/496/479
f 433/530/433 445/523/445 439/524/439
f 433/530/433 439/524/439 434/531/434
f 445/523/445 446/514/446 440/515/440
f 445/523/445 440/515/440 439/524/439
f 446/514/446 447/506/447 443/507/443
f 446/514/446 443/507/443 440/515/440
f 447/506/447 448/498/448 449/499/449
f 447/506/447 449/499/449 443/507/443
f 443/507/443 449/499/449 450/497/450
f 443/507/443 450/497/450 444/508/444
f 444/508/444 450/497/450 479/496/479
f 436/537/436 479/496/479 456/495/456
f 435/532/435 442/525/442 479/496/479
f 435/532/435 479/496/479 436/537/436
f 434/531/434 439/524/439 442/525/442
f 434/531/434 442/525/442 435/532/435
f 451/575/451 416/554/416 452/568/452
f 437/591/437 451/575/451 453/589/453
f 452/568/452 416/554/416 415/541/415
f 454/582/454 452/568/452 415/541/415
f 454/582/454 415/541/415 414/542/414
f 455/588/455 452/568/452 454/582/454
f 453/589/453 451/575/451 452/568/452
f 453/589/453 452/568/452 455/588/455
f 457/392/457 462/432/462 458/449/458
f 10/366/10 457/392/457 459/407/459
f 457/392/457 460/348/460 462/432/462
f 460/348/460 461/364/461 468/400/468
f 460/348/460 468/400/468 462/432/462
f 462/432/462 468/400/468 422/439/422
f 462/432/462 422/439/422 421/444/421
f 462/432/462 421/444/421 456/495/456
f 458/449/458 462/432/462 463/462/463
f 458/449/458 463/462/463 464/464/464
f 465/450/465 458/449/458 464/464/464
f 465/450/465 464/464/464 466/466/466
f 467/437/467 457/392/457 458/449/458
f 467/437/467 458/449/458 465/450/465
f 459/407/459 457/392/457 467/437/467
f 468/400/468 469/423/469 422/439/422
f 461/364/461 470/367/470 468/400/468
f 470/367/470 471/368/471 469/423/469
f 470/367/470 469/423/469 468/400/468
f 471/368/471 472/383/472 469/423/469
f 472/383/472 425/452/425 423/454/423
f 472/383/472 423/454/423 469/423/469
f 469/423/469 423/454/423 422/439/422
f 421/444/421 436/457/436 456/495/456
f 473/472/473 474/469/474 475/478/475
f 473/472/473 475/478/475 476/482/476
f 474/469/474 479/496/479 475/478/475
f 476/482/476 475/478/475 477/486/477
f 476/482/476 477/486/477 478/487/478
f 475/478/475 479/496/479 477/486/477
f 466/466/466 464/464/464 473/472/473
f 466/466/466 473/472/473 480/473/480
f 464/464/464 463/462/463 474/469/474
f 464/464/464 474/469/474 473/472/473
f 463/462/463 462/432/462 479/496/479
f 463/462/463 479/496/479 474/469/474
f 462/432/462 456/495/456 479/496/479
f 477/486/477 479/496/479 450/497/450
f 478/487/478 477/486/477 450/497/450
f 478/487/478 450/497/450 449/499/449
f 481/488/481 478/487/478 449/499/449
f 481/488/481 449/499/449 448/498/448
f 482/484/482 476/482/476 478/487/478
f 482/484/482 478/487/478 481/488/481
f 480/473/480 473/472/473 476/482/476
f 480/473/480 476/482/476 482/484/482
f 1997/585/1997 491/597/491 486/584/486
f 486/584/486 494/581/494 844/576/844
f 43/613/43 483/614/483 1997/585/1997
f 483/614/483 484/615/484 491/597/491
f 483/614/483 491/597/491 1997/585/1997
f 484/615/484 485/617/485 491/597/491
f 485/617/485 487/621/487 491/597/491
f 488/618/488 489/590/489 492/586/492
f 488/618/488 492/586/492 491/597/491
f 490/624/490 488/618/488 491/597/491
f 490/624/490 491/597/491 493/623/493
f 492/586/492 494/581/494 486/584/486
f 491/597/491 492/586/492 486/584/486
f 493/623/493 491/597/491 487/621/487
f 489/590/489 1996/579/1996 492/586/492
f 492/586/492 1996/579/1996 494/581/494
f 497/1184/497 496/1064/496 502/1068/502
f 497/1184/497 498/1156/498 495/1057/495
f 497/1184/497 495/1057/495 496/1064/496
f 498/1156/498 499/1157/499 503/1097/503
f 498/1156/498 503/1097/503 495/1057/495
f 495/1057/495 503/1097/503 504/1053/504
f 495/1057/495 504/1053/504 574/967/574
f 495/1057/495 574/967/574 512/982/512
f 496/1064/496 495/1057/495 512/982/512
f 496/1064/496 512/982/512 511/1003/511
f 500/1026/500 496/1064/496 511/1003/511
f 500/1026/500 511/1003/511 501/1008/501
f 502/1068/502 496/1064/496 500/1026/500
f 503/1097/503 505/1098/505 504/1053/504
f 499/1157/499 506/1158/506 503/1097/503
f 506/1158/506 507/1159/507 505/1098/505
f 506/1158/506 505/1098/505 503/1097/503
f 507/1159/507 508/1161/508 505/1098/505
f 508/1161/508 509/1162/509 510/1090/510
f 508/1161/508 510/1090/510 505/1098/505
f 505/1098/505 510/1090/510 504/1053/504
f 511/1003/511 512/982/512 513/966/513
f 501/1008/501 511/1003/511 514/992/514
f 512/982/512 574/967/574 515/943/515
f 513/966/513 512/982/512 515/943/515
f 513/966/513 515/943/515 516/944/516
f 517/961/517 513/966/513 516/944/516
f 517/961/517 516/944/516 518/939/518
f 519/972/519 513/966/513 517/961/517
f 514/992/514 511/1003/511 513/966/513
f 514/992/514 513/966/513 519/972/519
f 520/1107/520 521/1029/521 528/1051/528
f 216/1204/216 522/1088/522 520/1107/520
f 522/1088/522 523/1046/523 520/1107/520
f 523/1046/523 524/1028/524 521/1029/521
f 523/1046/523 521/1029/521 520/1107/520
f 524/1028/524 525/1010/525 526/1011/526
f 524/1028/524 526/1011/526 521/1029/521
f 521/1029/521 526/1011/526 527/1013/527
f 521/1029/521 527/1013/527 528/1051/528
f 528/1051/528 574/967/574 504/1053/504
f 528/1051/528 504/1053/504 543/1096/543
f 530/1180/530 528/1051/528 543/1096/543
f 530/1180/530 543/1096/543 529/1164/529
f 520/1107/520 528/1051/528 530/1180/530
f 531/997/531 532/976/532 533/978/533
f 531/997/531 533/978/533 534/998/534
f 532/976/532 535/963/535 536/964/536
f 532/976/532 536/964/536 533/978/533
f 534/998/534 533/978/533 554/908/554
f 533/978/533 536/964/536 554/908/554
f 525/1010/525 537/994/537 531/997/531
f 525/1010/525 531/997/531 526/1011/526
f 537/994/537 538/975/538 532/976/532
f 537/994/537 532/976/532 531/997/531
f 538/975/538 539/962/539 535/963/535
f 538/975/538 535/963/535 532/976/532
f 539/962/539 540/941/540 541/942/541
f 539/962/539 541/942/541 535/963/535
f 535/963/535 541/942/541 542/938/542
f 535/963/535 542/938/542 536/964/536
f 536/964/536 542/938/542 554/908/554
f 528/1051/528 554/908/554 574/967/574
f 527/1013/527 534/998/534 554/908/554
f 527/1013/527 554/908/554 528/1051/528
f 526/1011/526 531/997/531 534/998/534
f 526/1011/526 534/998/534 527/1013/527
f 543/1096/543 504/1053/504 544/1099/544
f 529/1164/529 543/1096/543 545/1165/545
f 544/1099/544 504/1053/504 510/1090/510
f 546/1167/546 544/1099/544 510/1090/510
f 546/1167/546 510/1090/510 509/1162/509
f 547/1166/547 544/1099/544 546/1167/546
f 545/1165/545 543/1096/543 544/1099/544
f 545/1165/545 544/1099/544 547/1166/547
f 548/851/548 549/870/549 550/890/550
f 178/831/178 548/851/548 551/863/551
f 548/851/548 1378/803/1378 549/870/549
f 1378/803/1378 552/829/552 549/870/549
f 552/829/552 553/830/553 560/858/560
f 552/829/552 560/858/560 549/870/549
f 549/870/549 560/858/560 515/881/515
f 549/870/549 515/881/515 554/908/554
f 554/908/554 515/881/515 574/950/574
f 549/870/549 554/908/554 555/901/555
f 550/890/550 549/870/549 555/901/555
f 550/890/550 555/901/555 556/902/556
f 557/891/557 550/890/550 556/902/556
f 557/891/557 556/902/556 558/903/558
f 559/880/559 548/851/548 550/890/550
f 559/880/559 550/890/550 557/891/557
f 551/863/551 548/851/548 559/880/559
f 560/858/560 561/866/561 515/881/515
f 553/830/553 562/832/562 560/858/560
f 562/832/562 563/834/563 561/866/561
f 562/832/562 561/866/561 560/858/560
f 563/834/563 564/839/564 561/866/561
f 564/839/564 518/892/518 516/893/516
f 564/839/564 516/893/516 561/866/561
f 561/866/561 516/893/516 515/881/515
f 565/910/565 566/909/566 567/918/567
f 565/910/565 567/918/567 568/919/568
f 566/909/566 554/908/554 567/918/567
f 568/919/568 567/918/567 569/928/569
f 568/919/568 569/928/569 570/927/570
f 567/918/567 554/908/554 569/928/569
f 558/903/558 556/902/556 565/910/565
f 558/903/558 565/910/565 571/911/571
f 556/902/556 555/901/555 566/909/566
f 556/902/556 566/909/566 565/910/565
f 555/901/555 554/908/554 566/909/566
f 569/928/569 554/908/554 542/938/542
f 570/927/570 569/928/569 542/938/542
f 570/927/570 542/938/542 541/942/541
f 572/929/572 570/927/570 541/942/541
f 572/929/572 541/942/541 540/941/540
f 573/920/573 568/919/568 570/927/570
f 573/920/573 570/927/570 572/929/572
f 571/911/571 565/910/565 568/919/568
f 571/911/571 568/919/568 573/920/573
f 576/805/576 1994/833/1994 575/804/575
f 51/806/51 1994/833/1994 576/805/576
f 1994/833/1994 1993/840/1993 1992/836/1992
f 1994/833/1994 1992/836/1992 581/817/581
f 578/800/578 1994/833/1994 581/817/581
f 578/800/578 581/817/581 577/802/577
f 575/804/575 1994/833/1994 578/800/578
f 1992/836/1992 1993/840/1993 580/844/580
f 582/761/582 583/797/583 581/817/581
f 581/817/581 1992/836/1992 579/824/579
f 583/797/583 584/798/584 581/817/581
f 584/798/584 577/802/577 581/817/581
f 1724/125/1724 585/124/585 586/123/586
f 588/1578/588 586/1587/586 585/1576/585
f 146/1504/146 1728/1580/1728 587/1574/587
f 1723/1604/1723 588/1578/588 587/1577/587
f 1756/386/1756 114/394/114 590/389/590
f 111/347/111 1766/387/1766 1756/386/1756
f 114/1094/114 589/1109/589 590/1113/590
f 149/1185/149 591/1119/591 1769/1111/1769
f 591/1119/591 592/1115/592 1769/1111/1769
f 1769/1111/1769 592/1115/592 589/1105/589
f 593/118/593 594/87/594 600/54/600
f 593/118/593 600/54/600 595/65/595
f 594/87/594 599/66/599 600/54/600
f 17/153/17 593/118/593 596/96/596
f 593/118/593 1545/183/1545 594/87/594
f 1545/183/1545 597/154/597 594/87/594
f 597/154/597 598/155/598 605/98/605
f 597/154/597 605/98/605 594/87/594
f 594/87/594 605/98/605 599/66/599
f 595/65/595 600/54/600 601/50/601
f 602/64/602 595/65/595 601/50/601
f 602/64/602 601/50/601 603/49/603
f 604/78/604 593/118/593 595/65/595
f 604/78/604 595/65/595 602/64/602
f 596/96/596 593/118/593 604/78/604
f 605/98/605 611/109/611 606/79/606
f 598/155/598 607/156/607 605/98/605
f 607/156/607 608/157/608 611/109/611
f 607/156/607 611/109/611 605/98/605
f 608/157/608 609/158/609 611/109/611
f 609/158/609 610/159/610 611/109/611
f 599/66/599 606/79/606 676/53/676
f 605/98/605 606/79/606 599/66/599
f 612/38/612 613/30/613 614/29/614
f 614/29/614 613/30/613 615/20/615
f 614/29/614 615/20/615 616/19/616
f 613/30/613 618/21/618 615/20/615
f 603/49/603 601/50/601 612/38/612
f 603/49/603 612/38/612 617/37/617
f 601/50/601 600/54/600 613/30/613
f 601/50/601 613/30/613 612/38/612
f 600/54/600 599/66/599 618/21/618
f 600/54/600 618/21/618 613/30/613
f 599/66/599 676/53/676 618/21/618
f 615/20/615 618/21/618 619/1/619
f 616/19/616 615/20/615 619/1/619
f 616/19/616 619/1/619 620/2/620
f 621/18/621 616/19/616 620/2/620
f 621/18/621 620/2/620 622/3/622
f 623/28/623 614/29/614 616/19/616
f 623/28/623 616/19/616 621/18/621
f 617/37/617 612/38/612 614/29/614
f 617/37/617 614/29/614 623/28/623
f 630/165/630 625/91/625 624/107/624
f 625/91/625 627/69/627 624/107/624
f 625/91/625 626/71/626 627/69/627
f 626/71/626 631/67/631 627/69/627
f 627/69/627 632/58/632 606/79/606
f 624/107/624 627/69/627 606/79/606
f 624/107/624 606/79/606 636/102/636
f 628/164/628 624/107/624 636/102/636
f 628/164/628 636/102/636 629/163/629
f 630/165/630 624/107/624 628/164/628
f 626/71/626 633/68/633 631/67/631
f 633/68/633 634/46/634 642/40/642
f 633/68/633 642/40/642 631/67/631
f 631/67/631 642/40/642 635/56/635
f 635/56/635 644/39/644 632/58/632
f 627/69/627 635/56/635 632/58/632
f 631/67/631 635/56/635 627/69/627
f 636/102/636 606/79/606 637/100/637
f 629/163/629 636/102/636 638/162/638
f 606/79/606 632/58/632 676/53/676
f 637/100/637 606/79/606 611/109/611
f 639/160/639 637/100/637 611/109/611
f 639/160/639 611/109/611 610/159/610
f 640/161/640 637/100/637 639/160/639
f 638/162/638 636/102/636 637/100/637
f 638/162/638 637/100/637 640/161/640
f 632/58/632 644/39/644 654/48/654
f 641/2121/641 1987/2124/1987 644/2134/644
f 641/2121/641 644/2134/644 635/2140/635
f 642/2136/642 641/2121/641 635/2140/635
f 643/2115/643 642/2136/642 634/2139/634
f 643/2115/643 641/2121/641 642/2136/642
f 70/2090/70 645/2091/645 1990/2117/1990
f 645/2091/645 646/2092/646 1990/2117/1990
f 646/2092/646 647/2093/647 1990/2117/1990
f 647/2093/647 648/2094/648 1990/2117/1990
f 677/2127/677 644/2133/644 1987/2124/1987
f 1990/2117/1990 653/2120/653 677/2127/677
f 648/2094/648 649/2095/649 1990/2117/1990
f 649/2095/649 650/2096/650 653/2120/653
f 649/2095/649 653/2120/653 1990/2117/1990
f 650/2096/650 651/2097/651 653/2120/653
f 651/2097/651 652/2098/652 653/2120/653
f 677/2127/677 654/2138/654 644/2133/644
f 655/2122/655 656/2149/656 657/2135/657
f 85/2084/85 658/2126/658 655/2122/655
f 658/2126/658 659/2141/659 655/2122/655
f 659/2141/659 660/2151/660 656/2149/656
f 659/2141/659 656/2149/656 655/2122/655
f 660/2151/660 661/2162/661 662/2155/662
f 660/2151/660 662/2155/662 656/2149/656
f 656/2149/656 662/2155/662 663/2150/663
f 656/2149/656 663/2150/663 657/2135/657
f 657/2135/657 663/2150/663 665/2148/665
f 665/2148/665 676/2166/676 664/2146/664
f 657/2135/657 665/2148/665 653/2120/653
f 666/2103/666 657/2135/657 653/2120/653
f 655/2122/655 657/2135/657 666/2103/666
f 667/2164/667 668/2175/668 669/2167/669
f 667/2164/667 669/2167/669 670/2154/670
f 668/2175/668 671/2191/671 672/2185/672
f 668/2175/668 672/2185/672 669/2167/669
f 670/2154/670 669/2167/669 665/2148/665
f 669/2167/669 672/2185/672 665/2148/665
f 661/2162/661 673/2169/673 667/2164/667
f 661/2162/661 667/2164/667 662/2155/662
f 673/2169/673 674/2182/674 668/2175/668
f 673/2169/673 668/2175/668 667/2164/667
f 674/2182/674 675/2193/675 671/2191/671
f 674/2182/674 671/2191/671 668/2175/668
f 675/2193/675 622/2203/622 620/2202/620
f 675/2193/675 620/2202/620 671/2191/671
f 671/2191/671 620/2202/620 619/2201/619
f 671/2191/671 619/2201/619 672/2185/672
f 672/2185/672 619/2201/619 618/2200/618
f 672/2185/672 618/2200/618 665/2148/665
f 665/2148/665 618/2200/618 676/2166/676
f 663/2150/663 670/2154/670 665/2148/665
f 662/2155/662 667/2164/667 670/2154/670
f 662/2155/662 670/2154/670 663/2150/663
f 677/2127/677 664/2146/664 654/2138/654
f 666/2103/666 653/2120/653 678/2102/678
f 653/2120/653 665/2148/665 677/2127/677
f 665/2148/665 664/2146/664 677/2127/677
f 679/2100/679 653/2120/653 652/2098/652
f 680/2101/680 653/2120/653 679/2100/679
f 678/2102/678 653/2120/653 680/2101/680
f 676/2166/676 632/2165/632 664/2146/664
f 664/2146/664 632/2165/632 654/2152/654
f 682/1882/682 681/1857/681 683/1881/683
f 684/1883/684 681/1857/681 682/1882/682
f 65/1884/65 681/1857/681 684/1883/684
f 683/1881/683 681/1857/681 685/1880/685
f 681/1857/681 392/1855/392 689/1828/689
f 686/1878/686 681/1857/681 687/1876/687
f 688/1879/688 681/1857/681 686/1878/686
f 685/1880/685 681/1857/681 688/1879/688
f 689/1828/689 695/1818/695 762/1812/762
f 691/1858/691 692/1821/692 693/1820/693
f 691/1858/691 693/1820/693 400/1854/400
f 400/1854/400 693/1820/693 694/1822/694
f 400/1854/400 694/1822/694 690/1836/690
f 690/1836/690 694/1822/694 689/1828/689
f 689/1828/689 694/1822/694 695/1818/695
f 104/1499/104 697/1508/697 696/1589/696
f 104/1499/104 696/1589/696 701/1627/701
f 697/1508/697 698/1512/698 696/1589/696
f 698/1512/698 699/1514/699 702/1590/702
f 698/1512/698 702/1590/702 696/1589/696
f 696/1589/696 702/1590/702 735/1637/735
f 696/1589/696 735/1637/735 700/1654/700
f 700/1654/700 735/1637/735 704/1710/704
f 700/1654/700 704/1710/704 695/1711/695
f 701/1627/701 700/1654/700 693/1678/693
f 701/1627/701 693/1678/693 710/1660/710
f 701/1627/701 696/1589/696 700/1654/700
f 702/1590/702 703/1591/703 735/1637/735
f 699/1514/699 705/1515/705 702/1590/702
f 705/1515/705 706/1516/706 703/1591/703
f 705/1515/705 703/1591/703 702/1590/702
f 706/1516/706 707/1517/707 703/1591/703
f 707/1517/707 708/1518/708 709/1586/709
f 707/1517/707 709/1586/709 703/1591/703
f 703/1591/703 709/1586/709 735/1637/735
f 693/1678/693 700/1654/700 694/1700/694
f 700/1654/700 695/1711/695 694/1700/694
f 710/1660/710 693/1678/693 692/1721/692
f 695/1711/695 704/1710/704 762/1812/762
f 711/1582/711 712/1684/712 718/1693/718
f 711/1582/711 718/1693/718 719/1651/719
f 209/1525/209 713/1598/713 711/1582/711
f 713/1598/713 714/1643/714 711/1582/711
f 714/1643/714 715/1685/715 712/1684/712
f 714/1643/714 712/1684/712 711/1582/711
f 715/1685/715 716/1702/716 717/1701/717
f 715/1685/715 717/1701/717 712/1684/712
f 712/1684/712 717/1701/717 718/1693/718
f 721/1513/721 719/1651/719 734/1592/734
f 721/1513/721 734/1592/734 720/1522/720
f 711/1582/711 719/1651/719 721/1513/721
f 722/1714/722 723/1728/723 724/1725/724
f 723/1728/723 725/1745/725 726/1746/726
f 723/1728/723 726/1746/726 724/1725/724
f 724/1725/724 726/1746/726 727/1776/727
f 716/1702/716 728/1716/728 722/1714/722
f 716/1702/716 722/1714/722 717/1701/717
f 728/1716/728 729/1729/729 723/1728/723
f 728/1716/728 723/1728/723 722/1714/722
f 729/1729/729 730/1744/730 725/1745/725
f 729/1729/729 725/1745/725 723/1728/723
f 730/1744/730 731/1758/731 732/1759/732
f 730/1744/730 732/1759/732 725/1745/725
f 725/1745/725 732/1759/732 733/1760/733
f 725/1745/725 733/1760/733 726/1746/726
f 726/1746/726 733/1760/733 727/1776/727
f 719/1651/719 727/1776/727 704/1710/704
f 718/1693/718 724/1725/724 727/1776/727
f 718/1693/718 727/1776/727 719/1651/719
f 717/1701/717 722/1714/722 724/1725/724
f 717/1701/717 724/1725/724 718/1693/718
f 734/1592/734 735/1637/735 709/1586/709
f 720/1522/720 734/1592/734 736/1521/736
f 734/1592/734 719/1651/719 735/1637/735
f 719/1651/719 704/1710/704 735/1637/735
f 737/1519/737 709/1586/709 708/1518/708
f 738/1520/738 709/1586/709 737/1519/737
f 736/1521/736 734/1592/734 709/1586/709
f 736/1521/736 709/1586/709 738/1520/738
f 739/1847/739 740/1825/740 741/1809/741
f 87/1869/87 739/1847/739 742/1835/742
f 739/1847/739 1168/1889/1168 740/1825/740
f 1168/1889/1168 743/1870/743 740/1825/740
f 743/1870/743 750/1874/750 744/1851/744
f 743/1870/743 744/1851/744 740/1825/740
f 740/1825/740 744/1851/744 689/1828/689
f 689/1828/689 762/1812/762 727/1776/727
f 740/1825/740 689/1828/689 727/1776/727
f 740/1825/740 727/1776/727 745/1808/745
f 741/1809/741 740/1825/740 745/1808/745
f 741/1809/741 745/1808/745 746/1804/746
f 747/1807/747 741/1809/741 746/1804/746
f 747/1807/747 746/1804/746 748/1797/748
f 749/1817/749 739/1847/739 741/1809/741
f 749/1817/749 741/1809/741 747/1807/747
f 742/1835/742 739/1847/739 749/1817/749
f 750/1874/750 751/1873/751 744/1851/744
f 751/1873/751 752/1875/752 744/1851/744
f 752/1875/752 687/1876/687 681/1857/681
f 752/1875/752 681/1857/681 744/1851/744
f 744/1851/744 681/1857/681 689/1828/689
f 753/1796/753 754/1806/754 755/1795/755
f 753/1796/753 755/1795/755 756/1786/756
f 754/1806/754 727/1776/727 755/1795/755
f 756/1786/756 755/1795/755 757/1777/757
f 756/1786/756 757/1777/757 758/1769/758
f 755/1795/755 727/1776/727 757/1777/757
f 748/1797/748 746/1804/746 753/1796/753
f 748/1797/748 753/1796/753 759/1792/759
f 746/1804/746 745/1808/745 754/1806/754
f 746/1804/746 754/1806/754 753/1796/753
f 745/1808/745 727/1776/727 754/1806/754
f 727/1776/727 762/1812/762 704/1710/704
f 757/1777/757 727/1776/727 733/1760/733
f 758/1769/758 757/1777/757 733/1760/733
f 758/1769/758 733/1760/733 732/1759/732
f 760/1768/760 758/1769/758 732/1759/732
f 760/1768/760 732/1759/732 731/1758/731
f 761/1778/761 756/1786/756 758/1769/758
f 761/1778/761 758/1769/758 760/1768/760
f 759/1792/759 753/1796/753 756/1786/756
f 759/1792/759 756/1786/756 761/1778/761
f 106/1118/106 765/1035/765 763/1130/763
f 106/1118/106 764/1038/764 765/1035/765
f 764/1038/764 768/1034/768 765/1035/765
f 763/1130/763 765/1035/765 831/1055/831
f 763/1130/763 831/1055/831 771/1103/771
f 766/1183/766 763/1130/763 771/1103/771
f 766/1183/766 771/1103/771 767/1182/767
f 764/1038/764 769/1036/769 768/1034/768
f 769/1036/769 770/995/770 781/987/781
f 769/1036/769 781/987/781 768/1034/768
f 768/1034/768 781/987/781 779/985/779
f 765/1035/765 779/985/779 774/981/774
f 768/1034/768 779/985/779 765/1035/765
f 771/1103/771 831/1055/831 772/1102/772
f 831/1055/831 765/1035/765 774/981/774
f 767/1182/767 771/1103/771 773/1181/773
f 772/1102/772 831/1055/831 775/1104/775
f 776/1178/776 772/1102/772 775/1104/775
f 776/1178/776 775/1104/775 777/1177/777
f 778/1179/778 772/1102/772 776/1178/776
f 773/1181/773 771/1103/771 772/1102/772
f 773/1181/773 772/1102/772 778/1179/778
f 580/844/580 787/857/787 779/869/779
f 779/869/779 787/857/787 780/872/780
f 580/844/580 779/869/779 781/868/781
f 782/838/782 781/868/781 770/873/770
f 782/838/782 580/844/580 781/868/781
f 50/809/50 783/810/783 1995/837/1995
f 783/810/783 784/811/784 1995/837/1995
f 784/811/784 785/812/785 1995/837/1995
f 785/812/785 786/813/786 1995/837/1995
f 793/864/793 780/872/780 787/857/787
f 1995/837/1995 792/841/792 793/864/793
f 786/813/786 788/814/788 1995/837/1995
f 788/814/788 789/815/789 792/841/792
f 788/814/788 792/841/792 1995/837/1995
f 789/815/789 790/816/790 792/841/792
f 790/816/790 791/818/791 792/841/792
f 780/872/780 774/981/774 779/869/779
f 794/842/794 795/882/795 802/871/802
f 182/825/182 796/859/796 794/842/794
f 796/859/796 797/875/797 794/842/794
f 797/875/797 798/884/798 795/882/795
f 797/875/797 795/882/795 794/842/794
f 798/884/798 799/894/799 800/887/800
f 798/884/798 800/887/800 795/882/795
f 795/882/795 800/887/800 801/883/801
f 795/882/795 801/883/801 802/871/802
f 802/871/802 801/883/801 840/915/840
f 802/871/802 840/915/840 780/872/780
f 803/823/803 802/871/802 792/841/792
f 794/842/794 802/871/802 803/823/803
f 804/895/804 805/904/805 806/896/806
f 804/895/804 806/896/806 807/886/807
f 805/904/805 808/921/808 809/913/809
f 805/904/805 809/913/809 806/896/806
f 807/886/807 806/896/806 840/915/840
f 806/896/806 809/913/809 840/915/840
f 799/894/799 810/898/810 804/895/804
f 799/894/799 804/895/804 800/887/800
f 810/898/810 811/912/811 805/904/805
f 810/898/810 805/904/805 804/895/804
f 811/912/811 812/922/812 808/921/808
f 811/912/811 808/921/808 805/904/805
f 812/922/812 813/933/813 814/932/814
f 812/922/812 814/932/814 808/921/808
f 808/921/808 814/932/814 815/930/815
f 808/921/808 815/930/815 809/913/809
f 809/913/809 815/930/815 840/915/840
f 840/915/840 774/981/774 780/872/780
f 801/883/801 807/886/807 840/915/840
f 800/887/800 804/895/804 807/886/807
f 800/887/800 807/886/807 801/883/801
f 803/823/803 792/841/792 816/821/816
f 792/841/792 802/871/802 793/864/793
f 802/871/802 780/872/780 793/864/793
f 817/819/817 792/841/792 791/818/791
f 818/820/818 792/841/792 817/819/817
f 816/821/816 792/841/792 818/820/818
f 819/1108/819 824/1041/824 825/1020/825
f 819/1108/819 825/1020/825 820/1033/820
f 212/1169/212 819/1108/819 821/1092/821
f 819/1108/819 1293/1205/1293 824/1041/824
f 1293/1205/1293 822/1171/822 824/1041/824
f 822/1171/822 823/1173/823 830/1101/830
f 822/1171/822 830/1101/830 824/1041/824
f 820/1033/820 825/1020/825 826/1016/826
f 827/1032/827 820/1033/820 826/1016/826
f 827/1032/827 826/1016/826 828/1015/828
f 829/1049/829 819/1108/819 820/1033/820
f 829/1049/829 820/1033/820 827/1032/827
f 821/1092/821 819/1108/819 829/1049/829
f 830/1101/830 775/1104/775 831/1055/831
f 823/1173/823 832/1174/832 830/1101/830
f 832/1174/832 833/1175/833 775/1104/775
f 832/1174/832 775/1104/775 830/1101/830
f 833/1175/833 834/1176/834 775/1104/775
f 834/1176/834 777/1177/777 775/1104/775
f 824/1041/824 831/1055/831 774/981/774
f 830/1101/830 831/1055/831 824/1041/824
f 835/1001/835 836/986/836 837/980/837
f 837/980/837 836/986/836 838/951/838
f 837/980/837 838/951/838 839/952/839
f 836/986/836 840/915/840 838/951/838
f 828/1015/828 826/1016/826 835/1001/835
f 828/1015/828 835/1001/835 841/1000/841
f 826/1016/826 825/1020/825 836/986/836
f 826/1016/826 836/986/836 835/1001/835
f 825/1020/825 824/1041/824 840/915/840
f 825/1020/825 840/915/840 836/986/836
f 824/1041/824 774/981/774 840/915/840
f 838/951/838 840/915/840 815/930/815
f 839/952/839 838/951/838 815/930/815
f 839/952/839 815/930/815 814/932/814
f 842/953/842 839/952/839 814/932/814
f 842/953/842 814/932/814 813/933/813
f 843/979/843 837/980/837 839/952/839
f 843/979/843 839/952/839 842/953/842
f 841/1000/841 835/1001/835 837/980/837
f 841/1000/841 837/980/837 843/979/843
f 1997/585/1997 844/576/844 848/580/848
f 845/608/845 1997/585/1997 848/580/848
f 845/608/845 848/580/848 846/607/846
f 847/609/847 1997/585/1997 845/608/845
f 45/610/45 1997/585/1997 847/609/847
f 846/607/846 848/580/848 849/606/849
f 848/580/848 844/576/844 912/569/912
f 850/604/850 848/580/848 851/603/851
f 852/605/852 848/580/848 850/604/850
f 849/606/849 848/580/848 852/605/852
f 489/590/489 853/583/853 1996/579/1996
f 853/583/853 854/564/854 855/563/855
f 853/583/853 855/563/855 1996/579/1996
f 1996/579/1996 855/563/855 856/562/856
f 1996/579/1996 856/562/856 912/569/912
f 912/569/912 856/562/856 857/565/857
f 912/569/912 857/565/857 913/559/913
f 857/565/857 874/558/874 913/559/913
f 155/345/155 859/346/859 858/396/858
f 155/345/155 858/396/858 863/426/863
f 859/346/859 860/350/860 858/396/858
f 860/350/860 861/352/861 864/397/864
f 860/350/860 864/397/864 858/396/858
f 858/396/858 864/397/864 866/430/866
f 858/396/858 866/430/866 862/440/862
f 862/440/862 866/430/866 873/458/873
f 863/426/863 862/440/862 855/443/855
f 863/426/863 855/443/855 872/442/872
f 863/426/863 858/396/858 862/440/862
f 864/397/864 865/398/865 866/430/866
f 861/352/861 867/353/867 864/397/864
f 867/353/867 868/354/868 865/398/865
f 867/353/867 865/398/865 864/397/864
f 868/354/868 869/355/869 865/398/865
f 869/355/869 870/356/870 871/395/871
f 869/355/869 871/395/871 865/398/865
f 865/398/865 871/395/871 866/430/866
f 855/443/855 862/440/862 856/456/856
f 862/440/862 873/458/873 856/456/856
f 856/456/856 873/458/873 857/476/857
f 872/442/872 855/443/855 854/475/854
f 873/458/873 913/559/913 874/520/874
f 873/458/873 874/520/874 857/476/857
f 875/393/875 876/445/876 883/453/883
f 875/393/875 883/453/883 877/421/877
f 877/421/877 883/453/883 884/455/884
f 877/421/877 884/455/884 866/430/866
f 14/361/14 878/403/878 875/393/875
f 878/403/878 879/433/879 875/393/875
f 879/433/879 880/446/880 876/445/876
f 879/433/879 876/445/876 875/393/875
f 880/446/880 881/460/881 882/459/882
f 880/446/880 882/459/882 876/445/876
f 876/445/876 882/459/882 883/453/883
f 877/421/877 866/430/866 898/399/898
f 886/351/886 877/421/877 898/399/898
f 886/351/886 898/399/898 885/360/885
f 875/393/875 877/421/877 886/351/886
f 887/467/887 888/479/888 889/477/889
f 888/479/888 890/493/890 891/494/891
f 888/479/888 891/494/891 889/477/889
f 889/477/889 891/494/891 884/455/884
f 881/460/881 892/468/892 887/467/887
f 881/460/881 887/467/887 882/459/882
f 892/468/892 893/480/893 888/479/888
f 892/468/892 888/479/888 887/467/887
f 893/480/893 894/492/894 890/493/890
f 893/480/893 890/493/890 888/479/888
f 894/492/894 895/503/895 896/504/896
f 894/492/894 896/504/896 890/493/890
f 890/493/890 896/504/896 897/505/897
f 890/493/890 897/505/897 891/494/891
f 891/494/891 897/505/897 921/547/921
f 891/494/891 921/547/921 884/455/884
f 884/455/884 921/547/921 873/458/873
f 883/453/883 889/477/889 884/455/884
f 882/459/882 887/467/887 889/477/889
f 882/459/882 889/477/889 883/453/883
f 898/399/898 866/430/866 871/395/871
f 885/360/885 898/399/898 899/359/899
f 866/430/866 884/455/884 873/458/873
f 900/357/900 871/395/871 870/356/870
f 901/358/901 871/395/871 900/357/900
f 899/359/899 898/399/898 871/395/871
f 899/359/899 871/395/871 901/358/901
f 902/578/902 906/566/906 903/553/903
f 185/596/185 902/578/902 904/574/904
f 902/578/902 1419/619/1419 906/566/906
f 1419/619/1419 905/598/905 906/566/906
f 905/598/905 914/600/914 848/580/848
f 905/598/905 848/580/848 906/566/906
f 906/566/906 913/559/913 921/547/921
f 906/566/906 921/547/921 907/552/907
f 903/553/903 906/566/906 907/552/907
f 903/553/903 907/552/907 908/548/908
f 909/551/909 903/553/903 908/548/908
f 909/551/909 908/548/908 910/540/910
f 911/561/911 902/578/902 903/553/903
f 911/561/911 903/553/903 909/551/909
f 904/574/904 902/578/902 911/561/911
f 914/600/914 915/599/915 848/580/848
f 915/599/915 916/601/916 848/580/848
f 916/601/916 851/603/851 848/580/848
f 906/566/906 912/569/912 913/559/913
f 848/580/848 912/569/912 906/566/906
f 917/539/917 918/550/918 919/538/919
f 917/539/917 919/538/919 920/529/920
f 918/550/918 921/547/921 919/538/919
f 920/529/920 919/538/919 922/521/922
f 920/529/920 922/521/922 923/513/923
f 919/538/919 921/547/921 922/521/922
f 910/540/910 908/548/908 917/539/917
f 910/540/910 917/539/917 924/535/924
f 908/548/908 907/552/907 918/550/918
f 908/548/908 918/550/918 917/539/917
f 907/552/907 921/547/921 918/550/918
f 921/547/921 913/559/913 873/458/873
f 922/521/922 921/547/921 897/505/897
f 923/513/923 922/521/922 897/505/897
f 923/513/923 897/505/897 896/504/896
f 925/512/925 923/513/923 896/504/896
f 925/512/925 896/504/896 895/503/895
f 926/522/926 920/529/920 923/513/923
f 926/522/926 923/513/923 925/512/925
f 924/535/924 917/539/917 920/529/920
f 924/535/924 920/529/920 926/522/926
f 927/141/927 933/115/933 928/121/928
f 931/169/931 1778/120/1778 927/141/927
f 1778/120/1778 933/115/933 927/141/927
f 927/141/927 928/121/928 934/142/934
f 929/181/929 927/141/927 934/142/934
f 929/181/929 934/142/934 930/180/930
f 931/169/931 927/141/927 929/181/929
f 933/115/933 932/106/932 946/112/946
f 930/180/930 934/142/934 935/179/935
f 934/142/934 928/121/928 936/144/936
f 937/177/937 934/142/934 936/144/936
f 937/177/937 936/144/936 938/175/938
f 939/178/939 934/142/934 937/177/937
f 935/179/935 934/142/934 939/178/939
f 940/2018/940 946/2015/946 941/2012/941
f 99/2005/99 942/2026/942 940/2018/940
f 99/2005/99 940/2018/940 1780/2006/1780
f 942/2026/942 943/2022/943 940/2018/940
f 1780/2006/1780 940/2018/940 941/2012/941
f 942/2026/942 944/2028/944 943/2022/943
f 944/2028/944 945/2020/945 956/2019/956
f 944/2028/944 956/2019/956 943/2022/943
f 943/2022/943 956/2019/956 940/2018/940
f 941/2012/941 946/2015/946 932/2017/932
f 951/122/951 933/115/933 940/110/940
f 156/168/156 947/176/947 951/122/951
f 947/176/947 948/170/948 951/122/951
f 948/170/948 949/171/949 952/140/952
f 948/170/948 952/140/952 951/122/951
f 951/122/951 952/140/952 928/121/928
f 951/122/951 928/121/928 933/115/933
f 951/122/951 940/110/940 950/101/950
f 951/122/951 950/101/950 957/90/957
f 952/140/952 936/144/936 928/121/928
f 949/171/949 953/172/953 952/140/952
f 953/172/953 954/173/954 936/144/936
f 953/172/953 936/144/936 952/140/952
f 954/173/954 955/174/955 936/144/936
f 955/174/955 938/175/938 936/144/936
f 950/101/950 940/110/940 956/99/956
f 940/110/940 933/115/933 946/114/946
f 957/90/957 956/99/956 945/103/945
f 957/90/957 950/101/950 956/99/956
f 958/1545/958 959/1579/959 970/1607/970
f 958/1545/958 963/1542/963 959/1579/959
f 960/1486/960 961/1487/961 963/1542/963
f 960/1486/960 963/1542/963 958/1545/958
f 961/1487/961 962/1488/962 963/1542/963
f 959/1579/959 971/1606/971 970/1607/970
f 963/1542/963 964/1543/964 959/1579/959
f 962/1488/962 965/1489/965 963/1542/963
f 965/1489/965 966/1490/966 964/1543/964
f 965/1489/965 964/1543/964 963/1542/963
f 966/1490/966 967/1491/967 964/1543/964
f 967/1491/967 968/1492/968 969/1541/969
f 967/1491/967 969/1541/969 964/1543/964
f 964/1543/964 969/1541/969 959/1579/959
f 973/1497/973 1645/1570/1645 972/1573/972
f 1645/1570/1645 976/1622/976 972/1573/972
f 976/1622/976 975/1614/975 972/1573/972
f 972/1573/972 975/1614/975 971/1606/971
f 972/1573/972 971/1606/971 959/1579/959
f 972/1573/972 959/1579/959 980/1544/980
f 973/1497/973 972/1573/972 980/1544/980
f 973/1497/973 980/1544/980 974/1496/974
f 976/1622/976 977/1618/977 985/1617/985
f 976/1622/976 985/1617/985 975/1614/975
f 975/1614/975 985/1617/985 978/1616/978
f 975/1614/975 978/1616/978 971/1606/971
f 971/1606/971 978/1616/978 979/1615/979
f 980/1544/980 959/1579/959 969/1541/969
f 974/1496/974 980/1544/980 981/1495/981
f 982/1493/982 969/1541/969 968/1492/968
f 983/1494/983 969/1541/969 982/1493/982
f 981/1495/981 980/1544/980 969/1541/969
f 981/1495/981 969/1541/969 983/1494/983
f 30/1846/30 970/1830/970 984/1845/984
f 970/1830/970 979/1841/979 984/1845/984
f 979/1841/979 970/1830/970 971/1838/971
f 984/1845/984 979/1841/979 978/1840/978
f 984/1845/984 978/1840/978 985/1839/985
f 987/1148/987 986/1081/986 988/1110/988
f 986/1081/986 1002/1080/1002 988/1110/988
f 991/1190/991 148/1123/148 987/1148/987
f 148/1123/148 986/1081/986 987/1148/987
f 987/1148/987 988/1110/988 993/1149/993
f 989/1201/989 987/1148/987 993/1149/993
f 989/1201/989 993/1149/993 990/1200/990
f 991/1190/991 987/1148/987 989/1201/989
f 986/1081/986 992/1075/992 1002/1080/1002
f 990/1200/990 993/1149/993 994/1199/994
f 993/1149/993 988/1110/988 995/1151/995
f 996/1197/996 993/1149/993 995/1151/995
f 996/1197/996 995/1151/995 997/1196/997
f 998/1198/998 993/1149/993 996/1197/996
f 994/1199/994 993/1149/993 998/1198/998
f 1001/740/1001 1008/737/1008 1000/732/1000
f 1000/732/1000 1008/737/1008 992/731/992
f 158/730/158 999/747/999 1000/732/1000
f 999/747/999 1001/740/1001 1000/732/1000
f 999/747/999 1003/743/1003 1001/740/1001
f 1003/743/1003 1004/736/1004 1015/735/1015
f 1003/743/1003 1015/735/1015 1001/740/1001
f 1001/740/1001 1015/735/1015 1008/737/1008
f 1008/737/1008 1002/733/1002 992/731/992
f 105/1189/105 1005/1202/1005 1010/1112/1010
f 1005/1202/1005 1006/1191/1006 1010/1112/1010
f 1006/1191/1006 1007/1192/1007 1011/1147/1011
f 1006/1191/1006 1011/1147/1011 1010/1112/1010
f 1010/1112/1010 1011/1147/1011 988/1110/988
f 1010/1112/1010 988/1110/988 1008/1078/1008
f 1010/1112/1010 1008/1078/1008 1009/1076/1009
f 1010/1112/1010 1009/1076/1009 1016/1072/1016
f 1011/1147/1011 995/1151/995 988/1110/988
f 1007/1192/1007 1012/1193/1012 1011/1147/1011
f 1012/1193/1012 1013/1194/1013 995/1151/995
f 1012/1193/1012 995/1151/995 1011/1147/1011
f 1013/1194/1013 1014/1195/1014 995/1151/995
f 1014/1195/1014 997/1196/997 995/1151/995
f 988/1110/988 1002/1080/1002 1008/1078/1008
f 1009/1076/1009 1008/1078/1008 1015/1073/1015
f 1016/1072/1016 1015/1073/1015 1004/1074/1004
f 1016/1072/1016 1009/1076/1009 1015/1073/1015
f 1017/390/1017 1021/370/1021 1038/391/1038
f 1017/390/1017 1038/391/1038 1029/412/1029
f 1018/332/1018 1019/334/1019 1021/370/1021
f 1018/332/1018 1021/370/1021 1017/390/1017
f 1019/334/1019 1020/335/1020 1021/370/1021
f 1038/391/1038 1023/410/1023 1029/412/1029
f 1021/370/1021 1022/371/1022 1038/391/1038
f 1020/335/1020 1024/336/1024 1021/370/1021
f 1024/336/1024 1025/337/1025 1022/371/1022
f 1024/336/1024 1022/371/1022 1021/370/1021
f 1025/337/1025 1026/338/1026 1022/371/1022
f 1026/338/1026 1027/339/1027 1028/369/1028
f 1026/338/1026 1028/369/1028 1022/371/1022
f 1022/371/1022 1028/369/1028 1038/391/1038
f 1030/388/1030 1042/413/1042 1023/410/1023
f 1031/344/1031 1659/385/1659 1030/388/1030
f 1659/385/1659 1034/422/1034 1030/388/1030
f 1034/422/1034 1033/418/1033 1030/388/1030
f 1030/388/1030 1033/418/1033 1042/413/1042
f 1030/388/1030 1023/410/1023 1038/391/1038
f 1030/388/1030 1038/391/1038 1037/372/1037
f 1031/344/1031 1030/388/1030 1037/372/1037
f 1031/344/1031 1037/372/1037 1032/343/1032
f 1034/422/1034 1035/420/1035 1036/419/1036
f 1034/422/1034 1036/419/1036 1033/418/1033
f 1033/418/1033 1036/419/1036 1042/413/1042
f 1037/372/1037 1038/391/1038 1028/369/1028
f 1032/343/1032 1037/372/1037 1039/342/1039
f 1040/340/1040 1028/369/1028 1027/339/1027
f 1041/341/1041 1028/369/1028 1040/340/1040
f 1039/342/1039 1037/372/1037 1028/369/1028
f 1039/342/1039 1028/369/1028 1041/341/1041
f 96/845/96 1029/856/1029 1042/852/1042
f 96/845/96 1042/852/1042 1043/848/1043
f 1042/852/1042 1029/856/1029 1023/855/1023
f 1043/848/1043 1042/852/1042 1036/853/1036
f 1043/848/1043 1036/853/1036 1035/854/1035
f 1050/1560/1050 1051/1547/1051 1044/1636/1044
f 1050/1560/1050 1044/1636/1044 1045/1638/1045
f 1051/1547/1051 1046/1575/1046 1044/1636/1044
f 1045/1638/1045 1044/1636/1044 1047/1665/1047
f 1045/1638/1045 1047/1665/1047 1048/1669/1048
f 1044/1636/1044 1046/1575/1046 1049/1661/1049
f 1044/1636/1044 1049/1661/1049 1047/1665/1047
f 312/1511/312 1050/1560/1050 313/1624/313
f 1046/1575/1046 219/1500/219 225/1620/225
f 1046/1575/1046 225/1620/225 223/1658/223
f 1046/1575/1046 223/1658/223 1049/1661/1049
f 1049/1661/1049 223/1658/223 224/1664/224
f 1049/1661/1049 224/1664/224 1052/1668/1052
f 1047/1665/1047 1049/1661/1049 1052/1668/1052
f 1047/1665/1047 1052/1668/1052 1053/1673/1053
f 1048/1669/1048 1047/1665/1047 1053/1673/1053
f 1048/1669/1048 1053/1673/1053 1054/1683/1054
f 314/1674/314 1048/1669/1048 1054/1683/1054
f 314/1674/314 1054/1683/1054 315/1695/315
f 313/1624/313 1045/1638/1045 1048/1669/1048
f 313/1624/313 1048/1669/1048 314/1674/314
f 313/1624/313 1050/1560/1050 1045/1638/1045
f 1055/1694/1055 1056/1682/1056 1057/1692/1057
f 1055/1694/1055 1057/1692/1057 1058/1699/1058
f 1056/1682/1056 1059/1671/1059 1060/1677/1060
f 1056/1682/1056 1060/1677/1060 1057/1692/1057
f 1058/1699/1058 1057/1692/1057 1061/1697/1061
f 1058/1699/1058 1061/1697/1061 1062/1724/1062
f 1057/1692/1057 1060/1677/1060 1063/1691/1063
f 1057/1692/1057 1063/1691/1063 1061/1697/1061
f 315/1695/315 1054/1683/1054 1055/1694/1055
f 315/1695/315 1055/1694/1055 322/1698/322
f 1054/1683/1054 1053/1673/1053 1056/1682/1056
f 1054/1683/1054 1056/1682/1056 1055/1694/1055
f 1053/1673/1053 1052/1668/1052 1059/1671/1059
f 1053/1673/1053 1059/1671/1059 1056/1682/1056
f 1052/1668/1052 224/1664/224 240/1667/240
f 1052/1668/1052 240/1667/240 1059/1671/1059
f 1059/1671/1059 240/1667/240 245/1670/245
f 1059/1671/1059 245/1670/245 1060/1677/1060
f 1060/1677/1060 245/1670/245 243/1675/243
f 1060/1677/1060 243/1675/243 1063/1691/1063
f 1063/1691/1063 243/1675/243 244/1681/244
f 1063/1691/1063 244/1681/244 1064/1696/1064
f 1061/1697/1061 1063/1691/1063 1064/1696/1064
f 1061/1697/1061 1064/1696/1064 1065/1713/1065
f 1062/1724/1062 1061/1697/1061 1065/1713/1065
f 1062/1724/1062 1065/1713/1065 1066/1737/1066
f 324/1735/324 1062/1724/1062 1066/1737/1066
f 324/1735/324 1066/1737/1066 325/1748/325
f 323/1715/323 1058/1699/1058 1062/1724/1062
f 323/1715/323 1062/1724/1062 324/1735/324
f 322/1698/322 1055/1694/1055 1058/1699/1058
f 322/1698/322 1058/1699/1058 323/1715/323
f 1067/1896/1067 1068/1998/1068 1069/1997/1069
f 1067/1896/1067 1069/1997/1069 1070/1898/1070
f 1068/1998/1068 1071/2075/1071 1072/2071/1072
f 1068/1998/1068 1072/2071/1072 1069/1997/1069
f 1070/1898/1070 1069/1997/1069 1073/1996/1073
f 1070/1898/1070 1073/1996/1073 1074/1902/1074
f 1069/1997/1069 1072/2071/1072 1075/2068/1075
f 1069/1997/1069 1075/2068/1075 1073/1996/1073
f 325/1799/325 1066/1890/1066 1067/1896/1067
f 325/1799/325 1067/1896/1067 364/1856/364
f 1066/1890/1066 1065/1999/1065 1068/1998/1068
f 1066/1890/1066 1068/1998/1068 1067/1896/1067
f 1065/1999/1065 1064/2080/1064 1071/2075/1071
f 1065/1999/1065 1071/2075/1071 1068/1998/1068
f 1064/2080/1064 244/2160/244 293/2118/293
f 1064/2080/1064 293/2118/293 1071/2075/1071
f 1071/2075/1071 293/2118/293 292/2113/292
f 1071/2075/1071 292/2113/292 1072/2071/1072
f 1072/2071/1072 292/2113/292 291/2111/291
f 1072/2071/1072 291/2111/291 1075/2068/1075
f 1075/2068/1075 291/2111/291 282/2108/282
f 1075/2068/1075 282/2108/282 1076/2067/1076
f 1073/1996/1073 1075/2068/1075 1076/2067/1076
f 1073/1996/1073 1076/2067/1076 1077/1995/1077
f 1074/1902/1074 1073/1996/1073 1077/1995/1077
f 1074/1902/1074 1077/1995/1077 1078/1903/1078
f 363/1863/363 1074/1902/1074 1078/1903/1078
f 363/1863/363 1078/1903/1078 346/1864/346
f 365/1861/365 1070/1898/1070 1074/1902/1074
f 365/1861/365 1074/1902/1074 363/1863/363
f 364/1856/364 1067/1896/1067 1070/1898/1070
f 364/1856/364 1070/1898/1070 365/1861/365
f 1079/1901/1079 1080/1994/1080 1083/2021/1083
f 1080/1994/1080 1081/2066/1081 1082/2082/1082
f 1080/1994/1080 1082/2082/1082 1083/2021/1083
f 346/1864/346 1078/1903/1078 1079/1901/1079
f 346/1864/346 1079/1901/1079 347/1868/347
f 1078/1903/1078 1077/1995/1077 1080/1994/1080
f 1078/1903/1078 1080/1994/1080 1079/1901/1079
f 1077/1995/1077 1076/2067/1076 1081/2066/1081
f 1077/1995/1077 1081/2066/1081 1080/1994/1080
f 1076/2067/1076 282/2108/282 281/2109/281
f 1076/2067/1076 281/2109/281 1081/2066/1081
f 1081/2066/1081 281/2109/281 1082/2082/1082
f 1082/2082/1082 277/2123/277 1083/2021/1083
f 1083/2021/1083 277/2123/277 81/2110/81
f 1083/2021/1083 81/2110/81 92/2025/92
f 1079/1901/1079 1083/2021/1083 92/2025/92
f 1079/1901/1079 92/2025/92 91/1887/91
f 336/1843/336 1079/1901/1079 91/1887/91
f 347/1868/347 1079/1901/1079 336/1843/336
f 1084/92/1084 1085/94/1085 1086/76/1086
f 1084/92/1084 1086/76/1086 1087/73/1087
f 1085/94/1085 1088/95/1088 1089/77/1089
f 1085/94/1085 1089/77/1089 1086/76/1086
f 1087/73/1087 1086/76/1086 1090/62/1090
f 1087/73/1087 1090/62/1090 1091/59/1091
f 1086/76/1086 1089/77/1089 1092/63/1092
f 1086/76/1086 1092/63/1092 1090/62/1090
f 22/148/22 20/147/20 1084/92/1084
f 22/148/22 1084/92/1084 249/93/249
f 20/147/20 19/149/19 1085/94/1085
f 20/147/20 1085/94/1085 1084/92/1084
f 19/149/19 18/152/18 1088/95/1088
f 19/149/19 1088/95/1088 1085/94/1085
f 18/152/18 17/153/17 596/96/596
f 18/152/18 596/96/596 1088/95/1088
f 1088/95/1088 596/96/596 604/78/604
f 1088/95/1088 604/78/604 1089/77/1089
f 1089/77/1089 604/78/604 602/64/602
f 1089/77/1089 602/64/602 1092/63/1092
f 1092/63/1092 602/64/602 603/49/603
f 1092/63/1092 603/49/603 1093/47/1093
f 1090/62/1090 1092/63/1092 1093/47/1093
f 1090/62/1090 1093/47/1093 1094/44/1094
f 1091/59/1091 1090/62/1090 1094/44/1094
f 1091/59/1091 1094/44/1094 1095/41/1095
f 251/60/251 1091/59/1091 1095/41/1095
f 251/60/251 1095/41/1095 252/42/252
f 250/74/250 1087/73/1087 1091/59/1091
f 250/74/250 1091/59/1091 251/60/251
f 249/93/249 1084/92/1084 1087/73/1087
f 249/93/249 1087/73/1087 250/74/250
f 1096/31/1096 1097/34/1097 1098/24/1098
f 1096/31/1096 1098/24/1098 1099/22/1099
f 1097/34/1097 1100/36/1100 1101/27/1101
f 1097/34/1097 1101/27/1101 1098/24/1098
f 1099/22/1099 1098/24/1098 1102/13/1102
f 1099/22/1099 1102/13/1102 1103/12/1103
f 1098/24/1098 1101/27/1101 1104/17/1104
f 1098/24/1098 1104/17/1104 1102/13/1102
f 252/42/252 1095/41/1095 1096/31/1096
f 252/42/252 1096/31/1096 265/32/265
f 1095/41/1095 1094/44/1094 1097/34/1097
f 1095/41/1095 1097/34/1097 1096/31/1096
f 1094/44/1094 1093/47/1093 1100/36/1100
f 1094/44/1094 1100/36/1100 1097/34/1097
f 1093/47/1093 603/49/603 617/37/617
f 1093/47/1093 617/37/617 1100/36/1100
f 1100/36/1100 617/37/617 623/28/623
f 1100/36/1100 623/28/623 1101/27/1101
f 1101/27/1101 623/28/623 621/18/621
f 1101/27/1101 621/18/621 1104/17/1104
f 1104/17/1104 621/18/621 622/3/622
f 1104/17/1104 622/3/622 1105/4/1105
f 1102/13/1102 1104/17/1104 1105/4/1105
f 1102/13/1102 1105/4/1105 1106/5/1106
f 1103/12/1103 1102/13/1102 1106/5/1106
f 1103/12/1103 1106/5/1106 1107/6/1107
f 267/14/267 1103/12/1103 1107/6/1107
f 267/14/267 1107/6/1107 268/7/268
f 266/23/266 1099/22/1099 1103/12/1103
f 266/23/266 1103/12/1103 267/14/267
f 265/32/265 1096/31/1096 1099/22/1099
f 265/32/265 1099/22/1099 266/23/266
f 1108/2197/1108 1109/2195/1109 1110/2186/1110
f 1108/2197/1108 1110/2186/1110 1111/2188/1111
f 1109/2195/1109 1112/2194/1112 1113/2184/1113
f 1109/2195/1109 1113/2184/1113 1110/2186/1110
f 1111/2188/1111 1110/2186/1110 1114/2177/1114
f 1111/2188/1111 1114/2177/1114 1115/2179/1115
f 1110/2186/1110 1113/2184/1113 1116/2176/1116
f 1110/2186/1110 1116/2176/1116 1114/2177/1114
f 268/2207/268 1107/2206/1107 1108/2197/1108
f 268/2207/268 1108/2197/1108 301/2199/301
f 1107/2206/1107 1106/2205/1106 1109/2195/1109
f 1107/2206/1107 1109/2195/1109 1108/2197/1108
f 1106/2205/1106 1105/2204/1105 1112/2194/1112
f 1106/2205/1106 1112/2194/1112 1109/2195/1109
f 1105/2204/1105 622/2203/622 675/2193/675
f 1105/2204/1105 675/2193/675 1112/2194/1112
f 1112/2194/1112 675/2193/675 674/2182/674
f 1112/2194/1112 674/2182/674 1113/2184/1113
f 1113/2184/1113 674/2182/674 673/2169/673
f 1113/2184/1113 673/2169/673 1116/2176/1116
f 1116/2176/1116 673/2169/673 661/2162/661
f 1116/2176/1116 661/2162/661 1117/2168/1117
f 1114/2177/1114 1116/2176/1116 1117/2168/1117
f 1114/2177/1114 1117/2168/1117 1118/2170/1118
f 1115/2179/1115 1114/2177/1114 1118/2170/1118
f 1115/2179/1115 1118/2170/1118 1119/2172/1119
f 300/2181/300 1115/2179/1115 1119/2172/1119
f 300/2181/300 1119/2172/1119 287/2174/287
f 302/2190/302 1111/2188/1111 1115/2179/1115
f 302/2190/302 1115/2179/1115 300/2181/300
f 301/2199/301 1108/2197/1108 1111/2188/1111
f 301/2199/301 1111/2188/1111 302/2190/302
f 1120/2157/1120 1121/2156/1121 1122/2143/1122
f 1120/2157/1120 1122/2143/1122 1123/2144/1123
f 1121/2156/1121 1124/2153/1124 1125/2142/1125
f 1121/2156/1121 1125/2142/1125 1122/2143/1122
f 1123/2144/1123 1122/2143/1122 1126/2129/1126
f 1123/2144/1123 1126/2129/1126 1127/2130/1127
f 1122/2143/1122 1125/2142/1125 1128/2128/1128
f 1122/2143/1122 1128/2128/1128 1126/2129/1126
f 287/2174/287 1119/2172/1119 1120/2157/1120
f 287/2174/287 1120/2157/1120 286/2159/286
f 1119/2172/1119 1118/2170/1118 1121/2156/1121
f 1119/2172/1119 1121/2156/1121 1120/2157/1120
f 1118/2170/1118 1117/2168/1117 1124/2153/1124
f 1118/2170/1118 1124/2153/1124 1121/2156/1121
f 1117/2168/1117 661/2162/661 660/2151/660
f 1117/2168/1117 660/2151/660 1124/2153/1124
f 1124/2153/1124 660/2151/660 659/2141/659
f 1124/2153/1124 659/2141/659 1125/2142/1125
f 1125/2142/1125 659/2141/659 658/2126/658
f 1125/2142/1125 658/2126/658 1128/2128/1128
f 1128/2128/1128 658/2126/658 85/2084/85
f 1128/2128/1128 85/2084/85 84/2105/84
f 1126/2129/1126 1128/2128/1128 84/2105/84
f 1126/2129/1126 84/2105/84 83/2106/83
f 1127/2130/1127 1126/2129/1126 83/2106/83
f 1127/2130/1127 83/2106/83 82/2107/82
f 280/2131/280 1127/2130/1127 82/2107/82
f 280/2131/280 82/2107/82 81/2110/81
f 288/2145/288 1123/2144/1123 1127/2130/1127
f 288/2145/288 1127/2130/1127 280/2131/280
f 286/2159/286 1120/2157/1120 1123/2144/1123
f 286/2159/286 1123/2144/1123 288/2145/288
f 1129/2050/1129 1130/1978/1130 1131/1979/1131
f 1129/2050/1129 1131/1979/1131 1132/2051/1132
f 1130/1978/1130 1133/1919/1133 1134/1918/1134
f 1130/1978/1130 1134/1918/1134 1131/1979/1131
f 1132/2051/1132 1131/1979/1131 1135/1980/1135
f 1132/2051/1132 1135/1980/1135 1136/2052/1136
f 1131/1979/1131 1134/1918/1134 1137/1917/1137
f 1131/1979/1131 1137/1917/1137 1135/1980/1135
f 70/2090/70 68/2049/68 1129/2050/1129
f 70/2090/70 1129/2050/1129 645/2091/645
f 68/2049/68 67/1977/67 1130/1978/1130
f 68/2049/68 1130/1978/1130 1129/2050/1129
f 67/1977/67 66/1920/66 1133/1919/1133
f 67/1977/67 1133/1919/1133 1130/1978/1130
f 66/1920/66 65/1884/65 1133/1919/1133
f 1133/1919/1133 65/1884/65 684/1883/684
f 1133/1919/1133 684/1883/684 1134/1918/1134
f 1134/1918/1134 684/1883/684 682/1882/682
f 1134/1918/1134 682/1882/682 1137/1917/1137
f 1137/1917/1137 682/1882/682 683/1881/683
f 1137/1917/1137 683/1881/683 1138/1916/1138
f 1135/1980/1135 1137/1917/1137 1138/1916/1138
f 1135/1980/1135 1138/1916/1138 1139/1981/1139
f 1136/2052/1136 1135/1980/1135 1139/1981/1139
f 1136/2052/1136 1139/1981/1139 1140/2053/1140
f 647/2093/647 1136/2052/1136 1140/2053/1140
f 647/2093/647 1140/2053/1140 648/2094/648
f 646/2092/646 1132/2051/1132 1136/2052/1136
f 646/2092/646 1136/2052/1136 647/2093/647
f 645/2091/645 1129/2050/1129 1132/2051/1132
f 645/2091/645 1132/2051/1132 646/2092/646
f 1141/2055/1141 1142/1982/1142 1143/1983/1143
f 1141/2055/1141 1143/1983/1143 1144/2056/1144
f 1142/1982/1142 1145/1915/1145 1146/1914/1146
f 1142/1982/1142 1146/1914/1146 1143/1983/1143
f 1144/2056/1144 1143/1983/1143 1147/1984/1147
f 1144/2056/1144 1147/1984/1147 1148/2057/1148
f 1143/1983/1143 1146/1914/1146 1149/1913/1149
f 1143/1983/1143 1149/1913/1149 1147/1984/1147
f 648/2094/648 1140/2053/1140 1141/2055/1141
f 648/2094/648 1141/2055/1141 649/2095/649
f 1140/2053/1140 1139/1981/1139 1142/1982/1142
f 1140/2053/1140 1142/1982/1142 1141/2055/1141
f 1139/1981/1139 1138/1916/1138 1145/1915/1145
f 1139/1981/1139 1145/1915/1145 1142/1982/1142
f 1138/1916/1138 683/1881/683 685/1880/685
f 1138/1916/1138 685/1880/685 1145/1915/1145
f 1145/1915/1145 685/1880/685 688/1879/688
f 1145/1915/1145 688/1879/688 1146/1914/1146
f 1146/1914/1146 688/1879/688 686/1878/686
f 1146/1914/1146 686/1878/686 1149/1913/1149
f 1149/1913/1149 686/1878/686 687/1876/687
f 1149/1913/1149 687/1876/687 1150/1912/1150
f 1147/1984/1147 1149/1913/1149 1150/1912/1150
f 1147/1984/1147 1150/1912/1150 1151/1985/1151
f 1148/2057/1148 1147/1984/1147 1151/1985/1151
f 1148/2057/1148 1151/1985/1151 1152/2058/1152
f 651/2097/651 1148/2057/1148 1152/2058/1152
f 651/2097/651 1152/2058/1152 652/2098/652
f 650/2096/650 1144/2056/1144 1148/2057/1148
f 650/2096/650 1148/2057/1148 651/2097/651
f 649/2095/649 1141/2055/1141 1144/2056/1144
f 649/2095/649 1144/2056/1144 650/2096/650
f 1153/2059/1153 1154/1986/1154 1155/1987/1155
f 1153/2059/1153 1155/1987/1155 1156/2060/1156
f 1154/1986/1154 1157/1911/1157 1158/1910/1158
f 1154/1986/1154 1158/1910/1158 1155/1987/1155
f 1156/2060/1156 1155/1987/1155 1159/1988/1159
f 1156/2060/1156 1159/1988/1159 1160/2061/1160
f 1155/1987/1155 1158/1910/1158 1161/1909/1161
f 1155/1987/1155 1161/1909/1161 1159/1988/1159
f 652/2098/652 1152/2058/1152 1153/2059/1153
f 652/2098/652 1153/2059/1153 679/2100/679
f 1152/2058/1152 1151/1985/1151 1154/1986/1154
f 1152/2058/1152 1154/1986/1154 1153/2059/1153
f 1151/1985/1151 1150/1912/1150 1157/1911/1157
f 1151/1985/1151 1157/1911/1157 1154/1986/1154
f 1150/1912/1150 687/1876/687 752/1875/752
f 1150/1912/1150 752/1875/752 1157/1911/1157
f 1157/1911/1157 752/1875/752 751/1873/751
f 1157/1911/1157 751/1873/751 1158/1910/1158
f 1158/1910/1158 751/1873/751 750/1874/750
f 1158/1910/1158 750/1874/750 1161/1909/1161
f 1161/1909/1161 750/1874/750 1162/1908/1162
f 1159/1988/1159 1161/1909/1161 1162/1908/1162
f 1159/1988/1159 1162/1908/1162 1163/1989/1163
f 1160/2061/1160 1159/1988/1159 1163/1989/1163
f 1160/2061/1160 1163/1989/1163 1164/2062/1164
f 678/2102/678 1160/2061/1160 1164/2062/1164
f 678/2102/678 1164/2062/1164 666/2103/666
f 680/2101/680 1156/2060/1156 1160/2061/1160
f 680/2101/680 1160/2061/1160 678/2102/678
f 679/2100/679 1153/2059/1153 1156/2060/1156
f 679/2100/679 1156/2060/1156 680/2101/680
f 1165/2069/1165 1166/1990/1166 1169/1946/1169
f 1166/1990/1166 1167/1907/1167 1168/1889/1168
f 1166/1990/1166 1168/1889/1168 1169/1946/1169
f 666/2103/666 1164/2062/1164 1165/2069/1165
f 1164/2062/1164 1163/1989/1163 1166/1990/1166
f 1164/2062/1164 1166/1990/1166 1165/2069/1165
f 1163/1989/1163 1162/1908/1162 1167/1907/1167
f 1163/1989/1163 1167/1907/1167 1166/1990/1166
f 1162/1908/1162 750/1874/750 743/1870/743
f 1162/1908/1162 743/1870/743 1167/1907/1167
f 1167/1907/1167 743/1870/743 1168/1889/1168
f 1168/1889/1168 739/1847/739 1169/1946/1169
f 1169/1946/1169 739/1847/739 87/1869/87
f 1169/1946/1169 87/1869/87 86/1943/86
f 1165/2069/1165 1169/1946/1169 86/1943/86
f 1165/2069/1165 86/1943/86 85/2084/85
f 655/2122/655 1165/2069/1165 85/2084/85
f 666/2103/666 1165/2069/1165 655/2122/655
f 1170/1599/1170 1171/1601/1171 1172/1645/1172
f 1170/1599/1170 1172/1645/1172 1173/1644/1173
f 1171/1601/1171 1174/1602/1174 1175/1647/1175
f 1171/1601/1171 1175/1647/1175 1172/1645/1172
f 1173/1644/1173 1172/1645/1172 1176/1687/1176
f 1173/1644/1173 1176/1687/1176 1177/1686/1177
f 1172/1645/1172 1175/1647/1175 1178/1689/1178
f 1172/1645/1172 1178/1689/1178 1176/1687/1176
f 209/1525/209 208/1529/208 1170/1599/1170
f 209/1525/209 1170/1599/1170 713/1598/713
f 208/1529/208 207/1534/207 1171/1601/1171
f 208/1529/208 1171/1601/1171 1170/1599/1170
f 207/1534/207 206/1537/206 1174/1602/1174
f 207/1534/207 1174/1602/1174 1171/1601/1171
f 206/1537/206 205/1538/205 368/1603/368
f 206/1537/206 368/1603/368 1174/1602/1174
f 1174/1602/1174 368/1603/368 376/1646/376
f 1174/1602/1174 376/1646/376 1175/1647/1175
f 1175/1647/1175 376/1646/376 374/1690/374
f 1175/1647/1175 374/1690/374 1178/1689/1178
f 1178/1689/1178 374/1690/374 375/1708/375
f 1178/1689/1178 375/1708/375 1179/1709/1179
f 1176/1687/1176 1178/1689/1178 1179/1709/1179
f 1176/1687/1176 1179/1709/1179 1180/1706/1180
f 1177/1686/1177 1176/1687/1176 1180/1706/1180
f 1177/1686/1177 1180/1706/1180 1181/1703/1181
f 715/1685/715 1177/1686/1177 1181/1703/1181
f 715/1685/715 1181/1703/1181 716/1702/716
f 714/1643/714 1173/1644/1173 1177/1686/1177
f 714/1643/714 1177/1686/1177 715/1685/715
f 713/1598/713 1170/1599/1170 1173/1644/1173
f 713/1598/713 1173/1644/1173 714/1643/714
f 1182/1717/1182 1183/1719/1183 1184/1732/1184
f 1182/1717/1182 1184/1732/1184 1185/1730/1185
f 1183/1719/1183 1186/1722/1186 1187/1734/1187
f 1183/1719/1183 1187/1734/1187 1184/1732/1184
f 1185/1730/1185 1184/1732/1184 1188/1742/1188
f 1185/1730/1185 1188/1742/1188 1189/1743/1189
f 1184/1732/1184 1187/1734/1187 1190/1741/1190
f 1184/1732/1184 1190/1741/1190 1188/1742/1188
f 716/1702/716 1181/1703/1181 1182/1717/1182
f 716/1702/716 1182/1717/1182 728/1716/728
f 1181/1703/1181 1180/1706/1180 1183/1719/1183
f 1181/1703/1181 1183/1719/1183 1182/1717/1182
f 1180/1706/1180 1179/1709/1179 1186/1722/1186
f 1180/1706/1180 1186/1722/1186 1183/1719/1183
f 1179/1709/1179 375/1708/375 388/1723/388
f 1179/1709/1179 388/1723/388 1186/1722/1186
f 1186/1722/1186 388/1723/388 390/1733/390
f 1186/1722/1186 390/1733/390 1187/1734/1187
f 1187/1734/1187 390/1733/390 389/1740/389
f 1187/1734/1187 389/1740/389 1190/1741/1190
f 1190/1741/1190 389/1740/389 358/1754/358
f 1190/1741/1190 358/1754/358 1191/1755/1191
f 1188/1742/1188 1190/1741/1190 1191/1755/1191
f 1188/1742/1188 1191/1755/1191 1192/1756/1192
f 1189/1743/1189 1188/1742/1188 1192/1756/1192
f 1189/1743/1189 1192/1756/1192 1193/1757/1193
f 730/1744/730 1189/1743/1189 1193/1757/1193
f 730/1744/730 1193/1757/1193 731/1758/731
f 729/1729/729 1185/1730/1185 1189/1743/1189
f 729/1729/729 1189/1743/1189 730/1744/730
f 728/1716/728 1182/1717/1182 1185/1730/1185
f 728/1716/728 1185/1730/1185 729/1729/729
f 1194/1767/1194 1195/1766/1195 1196/1774/1196
f 1194/1767/1194 1196/1774/1196 1197/1775/1197
f 1195/1766/1195 1198/1765/1198 1199/1773/1199
f 1195/1766/1195 1199/1773/1199 1196/1774/1196
f 1197/1775/1197 1196/1774/1196 1200/1783/1200
f 1197/1775/1197 1200/1783/1200 1201/1785/1201
f 1196/1774/1196 1199/1773/1199 1202/1782/1202
f 1196/1774/1196 1202/1782/1202 1200/1783/1200
f 731/1758/731 1193/1757/1193 1194/1767/1194
f 731/1758/731 1194/1767/1194 760/1768/760
f 1193/1757/1193 1192/1756/1192 1195/1766/1195
f 1193/1757/1193 1195/1766/1195 1194/1767/1194
f 1192/1756/1192 1191/1755/1191 1198/1765/1198
f 1192/1756/1192 1198/1765/1198 1195/1766/1195
f 1191/1755/1191 358/1754/358 357/1764/357
f 1191/1755/1191 357/1764/357 1198/1765/1198
f 1198/1765/1198 357/1764/357 356/1771/356
f 1198/1765/1198 356/1771/356 1199/1773/1199
f 1199/1773/1199 356/1771/356 355/1780/355
f 1199/1773/1199 355/1780/355 1202/1782/1202
f 1202/1782/1202 355/1780/355 342/1787/342
f 1202/1782/1202 342/1787/342 1203/1790/1203
f 1200/1783/1200 1202/1782/1202 1203/1790/1203
f 1200/1783/1200 1203/1790/1203 1204/1791/1204
f 1201/1785/1201 1200/1783/1200 1204/1791/1204
f 1201/1785/1201 1204/1791/1204 1205/1794/1205
f 759/1792/759 1201/1785/1201 1205/1794/1205
f 759/1792/759 1205/1794/1205 748/1797/748
f 761/1778/761 1197/1775/1197 1201/1785/1201
f 761/1778/761 1201/1785/1201 759/1792/759
f 760/1768/760 1194/1767/1194 1197/1775/1197
f 760/1768/760 1197/1775/1197 761/1778/761
f 1206/1805/1206 1207/1803/1207 1208/1815/1208
f 1206/1805/1206 1208/1815/1208 1209/1816/1209
f 1207/1803/1207 1210/1802/1210 1211/1814/1211
f 1207/1803/1207 1211/1814/1211 1208/1815/1208
f 1209/1816/1209 1208/1815/1208 1212/1833/1212
f 1209/1816/1209 1212/1833/1212 1213/1834/1213
f 1208/1815/1208 1211/1814/1211 1214/1832/1214
f 1208/1815/1208 1214/1832/1214 1212/1833/1212
f 748/1797/748 1205/1794/1205 1206/1805/1206
f 748/1797/748 1206/1805/1206 747/1807/747
f 1205/1794/1205 1204/1791/1204 1207/1803/1207
f 1205/1794/1205 1207/1803/1207 1206/1805/1206
f 1204/1791/1204 1203/1790/1203 1210/1802/1210
f 1204/1791/1204 1210/1802/1210 1207/1803/1207
f 1203/1790/1203 342/1787/342 341/1800/341
f 1203/1790/1203 341/1800/341 1210/1802/1210
f 1210/1802/1210 341/1800/341 340/1813/340
f 1210/1802/1210 340/1813/340 1211/1814/1211
f 1211/1814/1211 340/1813/340 339/1831/339
f 1211/1814/1211 339/1831/339 1214/1832/1214
f 1214/1832/1214 339/1831/339 91/1887/91
f 1214/1832/1214 91/1887/91 90/1865/90
f 1212/1833/1212 1214/1832/1214 90/1865/90
f 1212/1833/1212 90/1865/90 89/1866/89
f 1213/1834/1213 1212/1833/1212 89/1866/89
f 1213/1834/1213 89/1866/89 88/1867/88
f 742/1835/742 1213/1834/1213 88/1867/88
f 742/1835/742 88/1867/88 87/1869/87
f 749/1817/749 1209/1816/1209 1213/1834/1213
f 749/1817/749 1213/1834/1213 742/1835/742
f 747/1807/747 1206/1805/1206 1209/1816/1209
f 747/1807/747 1209/1816/1209 749/1817/749
f 1221/1264/1221 1222/1378/1222 1215/1316/1215
f 1221/1264/1221 1215/1316/1215 1216/1238/1216
f 1222/1378/1222 1217/1456/1217 1215/1316/1215
f 1216/1238/1216 1215/1316/1215 1218/1317/1218
f 1216/1238/1216 1218/1317/1218 1219/1239/1219
f 1215/1316/1215 1217/1456/1217 1220/1440/1220
f 1215/1316/1215 1220/1440/1220 1218/1317/1218
f 1217/1456/1217 312/1511/312 317/1523/317
f 1217/1456/1217 317/1523/317 1220/1440/1220
f 1220/1440/1220 317/1523/317 318/1524/318
f 1220/1440/1220 318/1524/318 1223/1441/1223
f 1218/1317/1218 1220/1440/1220 1223/1441/1223
f 1218/1317/1218 1223/1441/1223 1224/1318/1224
f 1219/1239/1219 1218/1317/1218 1224/1318/1224
f 1219/1239/1219 1224/1318/1224 1225/1240/1225
f 498/1156/498 1219/1239/1219 1225/1240/1225
f 498/1156/498 1225/1240/1225 499/1157/499
f 497/1184/497 1216/1238/1216 1219/1239/1219
f 497/1184/497 1219/1239/1219 498/1156/498
f 497/1184/497 1221/1264/1221 1216/1238/1216
f 1226/1241/1226 1227/1319/1227 1228/1320/1228
f 1226/1241/1226 1228/1320/1228 1229/1242/1229
f 1227/1319/1227 1230/1442/1230 1231/1443/1231
f 1227/1319/1227 1231/1443/1231 1228/1320/1228
f 1229/1242/1229 1228/1320/1228 1232/1321/1232
f 1229/1242/1229 1232/1321/1232 1233/1243/1233
f 1228/1320/1228 1231/1443/1231 1234/1445/1234
f 1228/1320/1228 1234/1445/1234 1232/1321/1232
f 499/1157/499 1225/1240/1225 1226/1241/1226
f 499/1157/499 1226/1241/1226 506/1158/506
f 1225/1240/1225 1224/1318/1224 1227/1319/1227
f 1225/1240/1225 1227/1319/1227 1226/1241/1226
f 1224/1318/1224 1223/1441/1223 1230/1442/1230
f 1224/1318/1224 1230/1442/1230 1227/1319/1227
f 1223/1441/1223 318/1524/318 331/1526/331
f 1223/1441/1223 331/1526/331 1230/1442/1230
f 1230/1442/1230 331/1526/331 335/1527/335
f 1230/1442/1230 335/1527/335 1231/1443/1231
f 1231/1443/1231 335/1527/335 333/1528/333
f 1231/1443/1231 333/1528/333 1234/1445/1234
f 1234/1445/1234 333/1528/333 334/1530/334
f 1234/1445/1234 334/1530/334 1235/1446/1235
f 1232/1321/1232 1234/1445/1234 1235/1446/1235
f 1232/1321/1232 1235/1446/1235 1236/1322/1236
f 1233/1243/1233 1232/1321/1232 1236/1322/1236
f 1233/1243/1233 1236/1322/1236 1237/1244/1237
f 508/1161/508 1233/1243/1233 1237/1244/1237
f 508/1161/508 1237/1244/1237 509/1162/509
f 507/1159/507 1229/1242/1229 1233/1243/1233
f 507/1159/507 1233/1243/1233 508/1161/508
f 506/1158/506 1226/1241/1226 1229/1242/1229
f 506/1158/506 1229/1242/1229 507/1159/507
f 1238/1246/1238 1239/1323/1239 1240/1356/1240
f 1238/1246/1238 1240/1356/1240 1241/1250/1241
f 1239/1323/1239 1242/1449/1242 1243/1448/1243
f 1239/1323/1239 1243/1448/1243 1240/1356/1240
f 1241/1250/1241 1240/1356/1240 1244/1355/1244
f 1241/1250/1241 1244/1355/1244 1245/1249/1245
f 1240/1356/1240 1243/1448/1243 1246/1454/1246
f 1240/1356/1240 1246/1454/1246 1244/1355/1244
f 509/1162/509 1237/1244/1237 1238/1246/1238
f 509/1162/509 1238/1246/1238 546/1167/546
f 1237/1244/1237 1236/1322/1236 1239/1323/1239
f 1237/1244/1237 1239/1323/1239 1238/1246/1238
f 1236/1322/1236 1235/1446/1235 1242/1449/1242
f 1236/1322/1236 1242/1449/1242 1239/1323/1239
f 1235/1446/1235 334/1530/334 381/1531/381
f 1235/1446/1235 381/1531/381 1242/1449/1242
f 1242/1449/1242 381/1531/381 380/1533/380
f 1242/1449/1242 380/1533/380 1243/1448/1243
f 1243/1448/1243 380/1533/380 379/1532/379
f 1243/1448/1243 379/1532/379 1246/1454/1246
f 1246/1454/1246 379/1532/379 370/1536/370
f 1246/1454/1246 370/1536/370 1247/1453/1247
f 1244/1355/1244 1246/1454/1246 1247/1453/1247
f 1244/1355/1244 1247/1453/1247 1248/1354/1248
f 1245/1249/1245 1244/1355/1244 1248/1354/1248
f 1245/1249/1245 1248/1354/1248 1249/1248/1249
f 545/1165/545 1245/1249/1245 1249/1248/1249
f 545/1165/545 1249/1248/1249 529/1164/529
f 547/1166/547 1241/1250/1241 1245/1249/1245
f 547/1166/547 1245/1249/1245 545/1165/545
f 546/1167/546 1238/1246/1238 1241/1250/1241
f 546/1167/546 1241/1250/1241 547/1166/547
f 1250/1226/1250 1251/1353/1251 1254/1384/1254
f 1251/1353/1251 1252/1452/1252 1253/1484/1253
f 1251/1353/1251 1253/1484/1253 1254/1384/1254
f 529/1164/529 1249/1248/1249 1250/1226/1250
f 529/1164/529 1250/1226/1250 530/1180/530
f 1249/1248/1249 1248/1354/1248 1251/1353/1251
f 1249/1248/1249 1251/1353/1251 1250/1226/1250
f 1248/1354/1248 1247/1453/1247 1252/1452/1252
f 1248/1354/1248 1252/1452/1252 1251/1353/1251
f 1247/1453/1247 370/1536/370 369/1535/369
f 1247/1453/1247 369/1535/369 1252/1452/1252
f 1252/1452/1252 369/1535/369 1253/1484/1253
f 1253/1484/1253 366/1581/366 1254/1384/1254
f 1254/1384/1254 366/1581/366 205/1538/205
f 1254/1384/1254 205/1538/205 217/1385/217
f 1250/1226/1250 1254/1384/1254 217/1385/217
f 1250/1226/1250 217/1385/217 216/1204/216
f 520/1107/520 1250/1226/1250 216/1204/216
f 530/1180/530 1250/1226/1250 520/1107/520
f 1255/1425/1255 1256/1315/1256 1257/1429/1257
f 1256/1315/1256 1258/1265/1258 1259/1263/1259
f 1257/1429/1257 1256/1315/1256 1260/1339/1260
f 1257/1429/1257 1260/1339/1260 1261/1430/1261
f 1256/1315/1256 1259/1263/1259 1262/1262/1262
f 1256/1315/1256 1262/1262/1262 1260/1339/1260
f 104/1499/104 1255/1425/1255 697/1508/697
f 1255/1425/1255 103/1314/103 1256/1315/1256
f 103/1314/103 1258/1265/1258 1256/1315/1256
f 1258/1265/1258 763/1130/763 1259/1263/1259
f 1259/1263/1259 763/1130/763 766/1183/766
f 1259/1263/1259 766/1183/766 1262/1262/1262
f 1262/1262/1262 766/1183/766 767/1182/767
f 1262/1262/1262 767/1182/767 1263/1261/1263
f 1260/1339/1260 1262/1262/1262 1263/1261/1263
f 1260/1339/1260 1263/1261/1263 1264/1340/1264
f 1261/1430/1261 1260/1339/1260 1264/1340/1264
f 1261/1430/1261 1264/1340/1264 1265/1431/1265
f 698/1512/698 1261/1430/1261 1265/1431/1265
f 698/1512/698 1265/1431/1265 699/1514/699
f 697/1508/697 1257/1429/1257 1261/1430/1261
f 697/1508/697 1261/1430/1261 698/1512/698
f 697/1508/697 1255/1425/1255 1257/1429/1257
f 1266/1432/1266 1267/1341/1267 1268/1342/1268
f 1266/1432/1266 1268/1342/1268 1269/1433/1269
f 1267/1341/1267 1270/1260/1270 1271/1259/1271
f 1267/1341/1267 1271/1259/1271 1268/1342/1268
f 1269/1433/1269 1268/1342/1268 1272/1343/1272
f 1269/1433/1269 1272/1343/1272 1273/1434/1273
f 1268/1342/1268 1271/1259/1271 1274/1258/1274
f 1268/1342/1268 1274/1258/1274 1272/1343/1272
f 699/1514/699 1265/1431/1265 1266/1432/1266
f 699/1514/699 1266/1432/1266 705/1515/705
f 1265/1431/1265 1264/1340/1264 1267/1341/1267
f 1265/1431/1265 1267/1341/1267 1266/1432/1266
f 1264/1340/1264 1263/1261/1263 1270/1260/1270
f 1264/1340/1264 1270/1260/1270 1267/1341/1267
f 1263/1261/1263 767/1182/767 773/1181/773
f 1263/1261/1263 773/1181/773 1270/1260/1270
f 1270/1260/1270 773/1181/773 778/1179/778
f 1270/1260/1270 778/1179/778 1271/1259/1271
f 1271/1259/1271 778/1179/778 776/1178/776
f 1271/1259/1271 776/1178/776 1274/1258/1274
f 1274/1258/1274 776/1178/776 777/1177/777
f 1274/1258/1274 777/1177/777 1275/1257/1275
f 1272/1343/1272 1274/1258/1274 1275/1257/1275
f 1272/1343/1272 1275/1257/1275 1276/1344/1276
f 1273/1434/1273 1272/1343/1272 1276/1344/1276
f 1273/1434/1273 1276/1344/1276 1277/1435/1277
f 707/1517/707 1273/1434/1273 1277/1435/1277
f 707/1517/707 1277/1435/1277 708/1518/708
f 706/1516/706 1269/1433/1269 1273/1434/1273
f 706/1516/706 1273/1434/1273 707/1517/707
f 705/1515/705 1266/1432/1266 1269/1433/1269
f 705/1515/705 1269/1433/1269 706/1516/706
f 1278/1436/1278 1279/1345/1279 1280/1346/1280
f 1278/1436/1278 1280/1346/1280 1281/1437/1281
f 1279/1345/1279 1282/1256/1282 1283/1255/1283
f 1279/1345/1279 1283/1255/1283 1280/1346/1280
f 1281/1437/1281 1280/1346/1280 1284/1347/1284
f 1281/1437/1281 1284/1347/1284 1285/1438/1285
f 1280/1346/1280 1283/1255/1283 1286/1254/1286
f 1280/1346/1280 1286/1254/1286 1284/1347/1284
f 708/1518/708 1277/1435/1277 1278/1436/1278
f 708/1518/708 1278/1436/1278 737/1519/737
f 1277/1435/1277 1276/1344/1276 1279/1345/1279
f 1277/1435/1277 1279/1345/1279 1278/1436/1278
f 1276/1344/1276 1275/1257/1275 1282/1256/1282
f 1276/1344/1276 1282/1256/1282 1279/1345/1279
f 1275/1257/1275 777/1177/777 834/1176/834
f 1275/1257/1275 834/1176/834 1282/1256/1282
f 1282/1256/1282 834/1176/834 833/1175/833
f 1282/1256/1282 833/1175/833 1283/1255/1283
f 1283/1255/1283 833/1175/833 832/1174/832
f 1283/1255/1283 832/1174/832 1286/1254/1286
f 1286/1254/1286 832/1174/832 823/1173/823
f 1286/1254/1286 823/1173/823 1287/1253/1287
f 1284/1347/1284 1286/1254/1286 1287/1253/1287
f 1284/1347/1284 1287/1253/1287 1288/1348/1288
f 1285/1438/1285 1284/1347/1284 1288/1348/1288
f 1285/1438/1285 1288/1348/1288 1289/1439/1289
f 736/1521/736 1285/1438/1285 1289/1439/1289
f 736/1521/736 1289/1439/1289 720/1522/720
f 738/1520/738 1281/1437/1281 1285/1438/1285
f 738/1520/738 1285/1438/1285 736/1521/736
f 737/1519/737 1278/1436/1278 1281/1437/1281
f 737/1519/737 1281/1437/1281 738/1520/738
f 1290/1457/1290 1291/1349/1291 1294/1303/1294
f 1291/1349/1291 1292/1252/1292 1293/1205/1293
f 1291/1349/1291 1293/1205/1293 1294/1303/1294
f 720/1522/720 1289/1439/1289 1290/1457/1290
f 720/1522/720 1290/1457/1290 721/1513/721
f 1289/1439/1289 1288/1348/1288 1291/1349/1291
f 1289/1439/1289 1291/1349/1291 1290/1457/1290
f 1288/1348/1288 1287/1253/1287 1292/1252/1292
f 1288/1348/1288 1292/1252/1292 1291/1349/1291
f 1287/1253/1287 823/1173/823 822/1171/822
f 1287/1253/1287 822/1171/822 1292/1252/1292
f 1292/1252/1292 822/1171/822 1293/1205/1293
f 1293/1205/1293 819/1108/819 1294/1303/1294
f 1294/1303/1294 819/1108/819 212/1169/212
f 1294/1303/1294 212/1169/212 211/1301/211
f 1290/1457/1290 1294/1303/1294 211/1301/211
f 1290/1457/1290 211/1301/211 210/1444/210
f 711/1582/711 1290/1457/1290 210/1444/210
f 711/1582/711 210/1444/210 209/1525/209
f 721/1513/721 1290/1457/1290 711/1582/711
f 1295/860/1295 1296/861/1296 1297/878/1297
f 1295/860/1295 1297/878/1297 1298/877/1298
f 1296/861/1296 1299/862/1299 1300/879/1300
f 1296/861/1296 1300/879/1300 1297/878/1297
f 1298/877/1298 1297/878/1297 1301/888/1301
f 1298/877/1298 1301/888/1301 1302/885/1302
f 1297/878/1297 1300/879/1300 1303/889/1303
f 1297/878/1297 1303/889/1303 1301/888/1301
f 182/825/182 181/826/181 1295/860/1295
f 182/825/182 1295/860/1295 796/859/796
f 181/826/181 180/827/180 1296/861/1296
f 181/826/181 1296/861/1296 1295/860/1295
f 180/827/180 179/828/179 1299/862/1299
f 180/827/180 1299/862/1299 1296/861/1296
f 179/828/179 178/831/178 551/863/551
f 179/828/179 551/863/551 1299/862/1299
f 1299/862/1299 551/863/551 559/880/559
f 1299/862/1299 559/880/559 1300/879/1300
f 1300/879/1300 559/880/559 557/891/557
f 1300/879/1300 557/891/557 1303/889/1303
f 1303/889/1303 557/891/557 558/903/558
f 1303/889/1303 558/903/558 1304/900/1304
f 1301/888/1301 1303/889/1303 1304/900/1304
f 1301/888/1301 1304/900/1304 1305/899/1305
f 1302/885/1302 1301/888/1301 1305/899/1305
f 1302/885/1302 1305/899/1305 1306/897/1306
f 798/884/798 1302/885/1302 1306/897/1306
f 798/884/798 1306/897/1306 799/894/799
f 797/875/797 1298/877/1298 1302/885/1302
f 797/875/797 1302/885/1302 798/884/798
f 796/859/796 1295/860/1295 1298/877/1298
f 796/859/796 1298/877/1298 797/875/797
f 1307/905/1307 1308/906/1308 1309/916/1309
f 1307/905/1307 1309/916/1309 1310/914/1310
f 1308/906/1308 1311/907/1311 1312/917/1312
f 1308/906/1308 1312/917/1312 1309/916/1309
f 1310/914/1310 1309/916/1309 1313/925/1313
f 1310/914/1310 1313/925/1313 1314/923/1314
f 1309/916/1309 1312/917/1312 1315/926/1315
f 1309/916/1309 1315/926/1315 1313/925/1313
f 799/894/799 1306/897/1306 1307/905/1307
f 799/894/799 1307/905/1307 810/898/810
f 1306/897/1306 1305/899/1305 1308/906/1308
f 1306/897/1306 1308/906/1308 1307/905/1307
f 1305/899/1305 1304/900/1304 1311/907/1311
f 1305/899/1305 1311/907/1311 1308/906/1308
f 1304/900/1304 558/903/558 571/911/571
f 1304/900/1304 571/911/571 1311/907/1311
f 1311/907/1311 571/911/571 573/920/573
f 1311/907/1311 573/920/573 1312/917/1312
f 1312/917/1312 573/920/573 572/929/572
f 1312/917/1312 572/929/572 1315/926/1315
f 1315/926/1315 572/929/572 540/941/540
f 1315/926/1315 540/941/540 1316/937/1316
f 1313/925/1313 1315/926/1315 1316/937/1316
f 1313/925/1313 1316/937/1316 1317/936/1317
f 1314/923/1314 1313/925/1313 1317/936/1317
f 1314/923/1314 1317/936/1317 1318/935/1318
f 812/922/812 1314/923/1314 1318/935/1318
f 812/922/812 1318/935/1318 813/933/813
f 811/912/811 1310/914/1310 1314/923/1314
f 811/912/811 1314/923/1314 812/922/812
f 810/898/810 1307/905/1307 1310/914/1310
f 810/898/810 1310/914/1310 811/912/811
f 1319/954/1319 1320/955/1320 1321/974/1321
f 1319/954/1319 1321/974/1321 1322/977/1322
f 1320/955/1320 1323/960/1323 1324/973/1324
f 1320/955/1320 1324/973/1324 1321/974/1321
f 1322/977/1322 1321/974/1321 1325/996/1325
f 1322/977/1322 1325/996/1325 1326/999/1326
f 1321/974/1321 1324/973/1324 1327/993/1327
f 1321/974/1321 1327/993/1327 1325/996/1325
f 813/933/813 1318/935/1318 1319/954/1319
f 813/933/813 1319/954/1319 842/953/842
f 1318/935/1318 1317/936/1317 1320/955/1320
f 1318/935/1318 1320/955/1320 1319/954/1319
f 1317/936/1317 1316/937/1316 1323/960/1323
f 1317/936/1317 1323/960/1323 1320/955/1320
f 1316/937/1316 540/941/540 539/962/539
f 1316/937/1316 539/962/539 1323/960/1323
f 1323/960/1323 539/962/539 538/975/538
f 1323/960/1323 538/975/538 1324/973/1324
f 1324/973/1324 538/975/538 537/994/537
f 1324/973/1324 537/994/537 1327/993/1327
f 1327/993/1327 537/994/537 525/1010/525
f 1327/993/1327 525/1010/525 1328/1009/1328
f 1325/996/1325 1327/993/1327 1328/1009/1328
f 1325/996/1325 1328/1009/1328 1329/1012/1329
f 1326/999/1326 1325/996/1325 1329/1012/1329
f 1326/999/1326 1329/1012/1329 1330/1014/1330
f 841/1000/841 1326/999/1326 1330/1014/1330
f 841/1000/841 1330/1014/1330 828/1015/828
f 843/979/843 1322/977/1322 1326/999/1326
f 843/979/843 1326/999/1326 841/1000/841
f 842/953/842 1319/954/1319 1322/977/1322
f 842/953/842 1322/977/1322 843/979/843
f 1331/1031/1331 1332/1030/1332 1333/1047/1333
f 1331/1031/1331 1333/1047/1333 1334/1048/1334
f 1332/1030/1332 1335/1027/1335 1336/1045/1336
f 1332/1030/1332 1336/1045/1336 1333/1047/1333
f 1334/1048/1334 1333/1047/1333 1337/1089/1337
f 1334/1048/1334 1337/1089/1337 1338/1091/1338
f 1333/1047/1333 1336/1045/1336 1339/1087/1339
f 1333/1047/1333 1339/1087/1339 1337/1089/1337
f 828/1015/828 1330/1014/1330 1331/1031/1331
f 828/1015/828 1331/1031/1331 827/1032/827
f 1330/1014/1330 1329/1012/1329 1332/1030/1332
f 1330/1014/1330 1332/1030/1332 1331/1031/1331
f 1329/1012/1329 1328/1009/1328 1335/1027/1335
f 1329/1012/1329 1335/1027/1335 1332/1030/1332
f 1328/1009/1328 525/1010/525 524/1028/524
f 1328/1009/1328 524/1028/524 1335/1027/1335
f 1335/1027/1335 524/1028/524 523/1046/523
f 1335/1027/1335 523/1046/523 1336/1045/1336
f 1336/1045/1336 523/1046/523 522/1088/522
f 1336/1045/1336 522/1088/522 1339/1087/1339
f 1339/1087/1339 522/1088/522 216/1204/216
f 1339/1087/1339 216/1204/216 215/1160/215
f 1337/1089/1337 1339/1087/1339 215/1160/215
f 1337/1089/1337 215/1160/215 214/1163/214
f 1338/1091/1338 1337/1089/1337 214/1163/214
f 1338/1091/1338 214/1163/214 213/1168/213
f 821/1092/821 1338/1091/1338 213/1168/213
f 821/1092/821 213/1168/213 212/1169/212
f 829/1049/829 1334/1048/1334 1338/1091/1338
f 829/1049/829 1338/1091/1338 821/1092/821
f 827/1032/827 1331/1031/1331 1334/1048/1334
f 827/1032/827 1334/1048/1334 829/1049/829
f 1346/1126/1346 1347/1127/1347 1340/1044/1340
f 1346/1126/1346 1340/1044/1340 1341/1043/1341
f 1347/1127/1347 1342/1106/1342 1340/1044/1340
f 1341/1043/1341 1340/1044/1340 1343/1024/1343
f 1341/1043/1341 1343/1024/1343 1344/1023/1344
f 1340/1044/1340 1342/1106/1342 1345/1025/1345
f 1340/1044/1340 1345/1025/1345 1343/1024/1343
f 402/1170/402 1346/1126/1346 403/1067/403
f 1342/1106/1342 497/1184/497 502/1068/502
f 1342/1106/1342 502/1068/502 500/1026/500
f 1342/1106/1342 500/1026/500 1345/1025/1345
f 1345/1025/1345 500/1026/500 501/1008/501
f 1345/1025/1345 501/1008/501 1348/1007/1348
f 1343/1024/1343 1345/1025/1345 1348/1007/1348
f 1343/1024/1343 1348/1007/1348 1349/1006/1349
f 1344/1023/1344 1343/1024/1343 1349/1006/1349
f 1344/1023/1344 1349/1006/1349 1350/1005/1350
f 404/1022/404 1344/1023/1344 1350/1005/1350
f 404/1022/404 1350/1005/1350 405/1004/405
f 403/1067/403 1341/1043/1341 1344/1023/1344
f 403/1067/403 1344/1023/1344 404/1022/404
f 403/1067/403 1346/1126/1346 1341/1043/1341
f 1351/989/1351 1352/990/1352 1353/970/1353
f 1351/989/1351 1353/970/1353 1354/969/1354
f 1352/990/1352 1355/991/1355 1356/971/1356
f 1352/990/1352 1356/971/1356 1353/970/1353
f 1354/969/1354 1353/970/1353 1357/958/1357
f 1354/969/1354 1357/958/1357 1358/956/1358
f 1353/970/1353 1356/971/1356 1359/959/1359
f 1353/970/1353 1359/959/1359 1357/958/1357
f 405/1004/405 1350/1005/1350 1351/989/1351
f 405/1004/405 1351/989/1351 411/988/411
f 1350/1005/1350 1349/1006/1349 1352/990/1352
f 1350/1005/1350 1352/990/1352 1351/989/1351
f 1349/1006/1349 1348/1007/1348 1355/991/1355
f 1349/1006/1349 1355/991/1355 1352/990/1352
f 1348/1007/1348 501/1008/501 514/992/514
f 1348/1007/1348 514/992/514 1355/991/1355
f 1355/991/1355 514/992/514 519/972/519
f 1355/991/1355 519/972/519 1356/971/1356
f 1356/971/1356 519/972/519 517/961/517
f 1356/971/1356 517/961/517 1359/959/1359
f 1359/959/1359 517/961/517 518/939/518
f 1359/959/1359 518/939/518 1360/945/1360
f 1357/958/1357 1359/959/1359 1360/945/1360
f 1357/958/1357 1360/945/1360 1361/946/1361
f 1358/956/1358 1357/958/1357 1361/946/1361
f 1358/956/1358 1361/946/1361 1362/947/1362
f 413/957/413 1358/956/1358 1362/947/1362
f 413/957/413 1362/947/1362 414/940/414
f 412/968/412 1354/969/1354 1358/956/1358
f 412/968/412 1358/956/1358 413/957/413
f 411/988/411 1351/989/1351 1354/969/1354
f 411/988/411 1354/969/1354 412/968/412
f 1363/625/1363 1364/724/1364 1365/723/1365
f 1363/625/1363 1365/723/1365 1366/627/1366
f 1364/724/1364 1367/794/1367 1368/792/1368
f 1364/724/1364 1368/792/1368 1365/723/1365
f 1366/627/1366 1365/723/1365 1369/722/1369
f 1366/627/1366 1369/722/1369 1370/630/1370
f 1365/723/1365 1368/792/1368 1371/790/1371
f 1365/723/1365 1371/790/1371 1369/722/1369
f 414/542/414 1362/620/1362 1363/625/1363
f 414/542/414 1363/625/1363 454/582/454
f 1362/620/1362 1361/725/1361 1364/724/1364
f 1362/620/1362 1364/724/1364 1363/625/1363
f 1361/725/1361 1360/801/1360 1367/794/1367
f 1361/725/1361 1367/794/1367 1364/724/1364
f 1360/801/1360 518/892/518 564/839/564
f 1360/801/1360 564/839/564 1367/794/1367
f 1367/794/1367 564/839/564 563/834/563
f 1367/794/1367 563/834/563 1368/792/1368
f 1368/792/1368 563/834/563 562/832/562
f 1368/792/1368 562/832/562 1371/790/1371
f 1371/790/1371 562/832/562 553/830/553
f 1371/790/1371 553/830/553 1372/789/1372
f 1369/722/1369 1371/790/1371 1372/789/1372
f 1369/722/1369 1372/789/1372 1373/721/1373
f 1370/630/1370 1369/722/1369 1373/721/1373
f 1370/630/1370 1373/721/1373 1374/631/1374
f 453/589/453 1370/630/1370 1374/631/1374
f 453/589/453 1374/631/1374 437/591/437
f 455/588/455 1366/627/1366 1370/630/1370
f 455/588/455 1370/630/1370 453/589/453
f 454/582/454 1363/625/1363 1366/627/1366
f 454/582/454 1366/627/1366 455/588/455
f 1375/629/1375 1376/720/1376 1379/742/1379
f 1376/720/1376 1377/788/1377 1378/803/1378
f 1376/720/1376 1378/803/1378 1379/742/1379
f 437/591/437 1374/631/1374 1375/629/1375
f 437/591/437 1375/629/1375 438/595/438
f 1374/631/1374 1373/721/1373 1376/720/1376
f 1374/631/1374 1376/720/1376 1375/629/1375
f 1373/721/1373 1372/789/1372 1377/788/1377
f 1373/721/1373 1377/788/1377 1376/720/1376
f 1372/789/1372 553/830/553 552/829/552
f 1372/789/1372 552/829/552 1377/788/1377
f 1377/788/1377 552/829/552 1378/803/1378
f 1378/803/1378 548/851/548 1379/742/1379
f 1379/742/1379 548/851/548 178/831/178
f 1379/742/1379 178/831/178 190/746/190
f 1375/629/1375 1379/742/1379 190/746/190
f 1375/629/1375 190/746/190 189/616/189
f 427/577/427 1375/629/1375 189/616/189
f 438/595/438 1375/629/1375 427/577/427
f 1380/771/1380 1381/703/1381 1382/704/1382
f 1380/771/1380 1382/704/1382 1383/772/1383
f 1381/703/1381 1384/647/1384 1385/646/1385
f 1381/703/1381 1385/646/1385 1382/704/1382
f 1383/772/1383 1382/704/1382 1386/705/1386
f 1383/772/1383 1386/705/1386 1387/773/1387
f 1382/704/1382 1385/646/1385 1388/645/1388
f 1382/704/1382 1388/645/1388 1386/705/1386
f 50/809/50 48/770/48 1380/771/1380
f 50/809/50 1380/771/1380 783/810/783
f 48/770/48 47/702/47 1381/703/1381
f 48/770/48 1381/703/1381 1380/771/1380
f 47/702/47 46/648/46 1384/647/1384
f 47/702/47 1384/647/1384 1381/703/1381
f 46/648/46 45/610/45 1384/647/1384
f 1384/647/1384 45/610/45 847/609/847
f 1384/647/1384 847/609/847 1385/646/1385
f 1385/646/1385 847/609/847 845/608/845
f 1385/646/1385 845/608/845 1388/645/1388
f 1388/645/1388 845/608/845 846/607/846
f 1388/645/1388 846/607/846 1389/644/1389
f 1386/705/1386 1388/645/1388 1389/644/1389
f 1386/705/1386 1389/644/1389 1390/706/1390
f 1387/773/1387 1386/705/1386 1390/706/1390
f 1387/773/1387 1390/706/1390 1391/774/1391
f 785/812/785 1387/773/1387 1391/774/1391
f 785/812/785 1391/774/1391 786/813/786
f 784/811/784 1383/772/1383 1387/773/1387
f 784/811/784 1387/773/1387 785/812/785
f 783/810/783 1380/771/1380 1383/772/1383
f 783/810/783 1383/772/1383 784/811/784
f 1392/775/1392 1393/708/1393 1394/709/1394
f 1392/775/1392 1394/709/1394 1395/776/1395
f 1393/708/1393 1396/643/1396 1397/642/1397
f 1393/708/1393 1397/642/1397 1394/709/1394
f 1395/776/1395 1394/709/1394 1398/710/1398
f 1395/776/1395 1398/710/1398 1399/777/1399
f 1394/709/1394 1397/642/1397 1400/641/1400
f 1394/709/1394 1400/641/1400 1398/710/1398
f 786/813/786 1391/774/1391 1392/775/1392
f 786/813/786 1392/775/1392 788/814/788
f 1391/774/1391 1390/706/1390 1393/708/1393
f 1391/774/1391 1393/708/1393 1392/775/1392
f 1390/706/1390 1389/644/1389 1396/643/1396
f 1390/706/1390 1396/643/1396 1393/708/1393
f 1389/644/1389 846/607/846 849/606/849
f 1389/644/1389 849/606/849 1396/643/1396
f 1396/643/1396 849/606/849 852/605/852
f 1396/643/1396 852/605/852 1397/642/1397
f 1397/642/1397 852/605/852 850/604/850
f 1397/642/1397 850/604/850 1400/641/1400
f 1400/641/1400 850/604/850 851/603/851
f 1400/641/1400 851/603/851 1401/640/1401
f 1398/710/1398 1400/641/1400 1401/640/1401
f 1398/710/1398 1401/640/1401 1402/711/1402
f 1399/777/1399 1398/710/1398 1402/711/1402
f 1399/777/1399 1402/711/1402 1403/778/1403
f 790/816/790 1399/777/1399 1403/778/1403
f 790/816/790 1403/778/1403 791/818/791
f 789/815/789 1395/776/1395 1399/777/1399
f 789/815/789 1399/777/1399 790/816/790
f 788/814/788 1392/775/1392 1395/776/1395
f 788/814/788 1395/776/1395 789/815/789
f 1404/779/1404 1405/712/1405 1406/713/1406
f 1404/779/1404 1406/713/1406 1407/781/1407
f 1405/712/1405 1408/639/1408 1409/638/1409
f 1405/712/1405 1409/638/1409 1406/713/1406
f 1407/781/1407 1406/713/1406 1410/714/1410
f 1407/781/1407 1410/714/1410 1411/782/1411
f 1406/713/1406 1409/638/1409 1412/637/1412
f 1406/713/1406 1412/637/1412 1410/714/1410
f 791/818/791 1403/778/1403 1404/779/1404
f 791/818/791 1404/779/1404 817/819/817
f 1403/778/1403 1402/711/1402 1405/712/1405
f 1403/778/1403 1405/712/1405 1404/779/1404
f 1402/711/1402 1401/640/1401 1408/639/1408
f 1402/711/1402 1408/639/1408 1405/712/1405
f 1401/640/1401 851/603/851 916/601/916
f 1401/640/1401 916/601/916 1408/639/1408
f 1408/639/1408 916/601/916 915/599/915
f 1408/639/1408 915/599/915 1409/638/1409
f 1409/638/1409 915/599/915 914/600/914
f 1409/638/1409 914/600/914 1412/637/1412
f 1412/637/1412 914/600/914 1413/636/1413
f 1410/714/1410 1412/637/1412 1413/636/1413
f 1410/714/1410 1413/636/1413 1414/715/1414
f 1411/782/1411 1410/714/1410 1414/715/1414
f 1411/782/1411 1414/715/1414 1415/783/1415
f 816/821/816 1411/782/1411 1415/783/1415
f 816/821/816 1415/783/1415 803/823/803
f 818/820/818 1407/781/1407 1411/782/1411
f 818/820/818 1411/782/1411 816/821/816
f 817/819/817 1404/779/1404 1407/781/1407
f 817/819/817 1407/781/1407 818/820/818
f 1416/791/1416 1417/716/1417 1420/674/1420
f 1417/716/1417 1418/635/1418 1419/619/1419
f 1417/716/1417 1419/619/1419 1420/674/1420
f 803/823/803 1415/783/1415 1416/791/1416
f 1415/783/1415 1414/715/1414 1417/716/1417
f 1415/783/1415 1417/716/1417 1416/791/1416
f 1414/715/1414 1413/636/1413 1418/635/1418
f 1414/715/1414 1418/635/1418 1417/716/1417
f 1413/636/1413 914/600/914 905/598/905
f 1413/636/1413 905/598/905 1418/635/1418
f 1418/635/1418 905/598/905 1419/619/1419
f 1419/619/1419 902/578/902 1420/674/1420
f 1420/674/1420 902/578/902 185/596/185
f 1420/674/1420 185/596/185 184/672/184
f 1416/791/1416 1420/674/1420 184/672/184
f 1416/791/1416 184/672/184 183/784/183
f 794/842/794 1416/791/1416 183/784/183
f 794/842/794 183/784/183 182/825/182
f 803/823/803 1416/791/1416 794/842/794
f 1421/404/1421 1422/405/1422 1423/435/1423
f 1421/404/1421 1423/435/1423 1424/434/1424
f 1422/405/1422 1425/406/1425 1426/436/1426
f 1422/405/1422 1426/436/1426 1423/435/1423
f 1424/434/1424 1423/435/1423 1427/448/1427
f 1424/434/1424 1427/448/1427 1428/447/1428
f 1423/435/1423 1426/436/1426 1429/451/1429
f 1423/435/1423 1429/451/1429 1427/448/1427
f 14/361/14 13/362/13 1421/404/1421
f 14/361/14 1421/404/1421 878/403/878
f 13/362/13 12/363/12 1422/405/1422
f 13/362/13 1422/405/1422 1421/404/1421
f 12/363/12 11/365/11 1425/406/1425
f 12/363/12 1425/406/1425 1422/405/1422
f 11/365/11 10/366/10 459/407/459
f 11/365/11 459/407/459 1425/406/1425
f 1425/406/1425 459/407/459 467/437/467
f 1425/406/1425 467/437/467 1426/436/1426
f 1426/436/1426 467/437/467 465/450/465
f 1426/436/1426 465/450/465 1429/451/1429
f 1429/451/1429 465/450/465 466/466/466
f 1429/451/1429 466/466/466 1430/465/1430
f 1427/448/1427 1429/451/1429 1430/465/1430
f 1427/448/1427 1430/465/1430 1431/463/1431
f 1428/447/1428 1427/448/1427 1431/463/1431
f 1428/447/1428 1431/463/1431 1432/461/1432
f 880/446/880 1428/447/1428 1432/461/1432
f 880/446/880 1432/461/1432 881/460/881
f 879/433/879 1424/434/1424 1428/447/1428
f 879/433/879 1428/447/1428 880/446/880
f 878/403/878 1421/404/1421 1424/434/1424
f 878/403/878 1424/434/1424 879/433/879
f 1433/470/1433 1434/471/1434 1435/483/1435
f 1433/470/1433 1435/483/1435 1436/481/1436
f 1434/471/1434 1437/474/1437 1438/485/1438
f 1434/471/1434 1438/485/1438 1435/483/1435
f 1436/481/1436 1435/483/1435 1439/490/1439
f 1436/481/1436 1439/490/1439 1440/491/1440
f 1435/483/1435 1438/485/1438 1441/489/1441
f 1435/483/1435 1441/489/1441 1439/490/1439
f 881/460/881 1432/461/1432 1433/470/1433
f 881/460/881 1433/470/1433 892/468/892
f 1432/461/1432 1431/463/1431 1434/471/1434
f 1432/461/1432 1434/471/1434 1433/470/1433
f 1431/463/1431 1430/465/1430 1437/474/1437
f 1431/463/1431 1437/474/1437 1434/471/1434
f 1430/465/1430 466/466/466 480/473/480
f 1430/465/1430 480/473/480 1437/474/1437
f 1437/474/1437 480/473/480 482/484/482
f 1437/474/1437 482/484/482 1438/485/1438
f 1438/485/1438 482/484/482 481/488/481
f 1438/485/1438 481/488/481 1441/489/1441
f 1441/489/1441 481/488/481 448/498/448
f 1441/489/1441 448/498/448 1442/500/1442
f 1439/490/1439 1441/489/1441 1442/500/1442
f 1439/490/1439 1442/500/1442 1443/501/1443
f 1440/491/1440 1439/490/1439 1443/501/1443
f 1440/491/1440 1443/501/1443 1444/502/1444
f 894/492/894 1440/491/1440 1444/502/1444
f 894/492/894 1444/502/1444 895/503/895
f 893/480/893 1436/481/1436 1440/491/1440
f 893/480/893 1440/491/1440 894/492/894
f 892/468/892 1433/470/1433 1436/481/1436
f 892/468/892 1436/481/1436 893/480/893
f 1445/511/1445 1446/510/1446 1447/518/1447
f 1445/511/1445 1447/518/1447 1448/519/1448
f 1446/510/1446 1449/509/1449 1450/517/1450
f 1446/510/1446 1450/517/1450 1447/518/1447
f 1448/519/1448 1447/518/1447 1451/527/1451
f 1448/519/1448 1451/527/1451 1452/528/1452
f 1447/518/1447 1450/517/1450 1453/526/1453
f 1447/518/1447 1453/526/1453 1451/527/1451
f 895/503/895 1444/502/1444 1445/511/1445
f 895/503/895 1445/511/1445 925/512/925
f 1444/502/1444 1443/501/1443 1446/510/1446
f 1444/502/1444 1446/510/1446 1445/511/1445
f 1443/501/1443 1442/500/1442 1449/509/1449
f 1443/501/1443 1449/509/1449 1446/510/1446
f 1442/500/1442 448/498/448 447/506/447
f 1442/500/1442 447/506/447 1449/509/1449
f 1449/509/1449 447/506/447 446/514/446
f 1449/509/1449 446/514/446 1450/517/1450
f 1450/517/1450 446/514/446 445/523/445
f 1450/517/1450 445/523/445 1453/526/1453
f 1453/526/1453 445/523/445 433/530/433
f 1453/526/1453 433/530/433 1454/533/1454
f 1451/527/1451 1453/526/1453 1454/533/1454
f 1451/527/1451 1454/533/1454 1455/534/1455
f 1452/528/1452 1451/527/1451 1455/534/1455
f 1452/528/1452 1455/534/1455 1456/536/1456
f 924/535/924 1452/528/1452 1456/536/1456
f 924/535/924 1456/536/1456 910/540/910
f 926/522/926 1448/519/1448 1452/528/1452
f 926/522/926 1452/528/1452 924/535/924
f 925/512/925 1445/511/1445 1448/519/1448
f 925/512/925 1448/519/1448 926/522/926
f 1457/549/1457 1458/546/1458 1459/557/1459
f 1457/549/1457 1459/557/1459 1460/560/1460
f 1458/546/1458 1461/545/1461 1462/556/1462
f 1458/546/1458 1462/556/1462 1459/557/1459
f 1460/560/1460 1459/557/1459 1463/572/1463
f 1460/560/1460 1463/572/1463 1464/573/1464
f 1459/557/1459 1462/556/1462 1465/571/1465
f 1459/557/1459 1465/571/1465 1463/572/1463
f 910/540/910 1456/536/1456 1457/549/1457
f 910/540/910 1457/549/1457 909/551/909
f 1456/536/1456 1455/534/1455 1458/546/1458
f 1456/536/1456 1458/546/1458 1457/549/1457
f 1455/534/1455 1454/533/1454 1461/545/1461
f 1455/534/1455 1461/545/1461 1458/546/1458
f 1454/533/1454 433/530/433 432/543/432
f 1454/533/1454 432/543/432 1461/545/1461
f 1461/545/1461 432/543/432 431/555/431
f 1461/545/1461 431/555/431 1462/556/1462
f 1462/556/1462 431/555/431 430/570/430
f 1462/556/1462 430/570/430 1465/571/1465
f 1465/571/1465 430/570/430 189/616/189
f 1465/571/1465 189/616/189 188/592/188
f 1463/572/1463 1465/571/1465 188/592/188
f 1463/572/1463 188/592/188 187/593/187
f 1464/573/1464 1463/572/1463 187/593/187
f 1464/573/1464 187/593/187 186/594/186
f 904/574/904 1464/573/1464 186/594/186
f 904/574/904 186/594/186 185/596/185
f 911/561/911 1460/560/1460 1464/573/1464
f 911/561/911 1464/573/1464 904/574/904
f 909/551/909 1457/549/1457 1460/560/1460
f 909/551/909 1460/560/1460 911/561/911
f 1472/1421/1472 1473/1304/1473 1466/1311/1466
f 1472/1421/1472 1466/1311/1466 1467/1424/1467
f 1473/1304/1473 1468/1224/1468 1466/1311/1466
f 1467/1424/1467 1466/1311/1466 1469/1310/1469
f 1467/1424/1467 1469/1310/1469 1470/1423/1470
f 1466/1311/1466 1468/1224/1468 1471/1228/1471
f 1466/1311/1466 1471/1228/1471 1469/1310/1469
f 1468/1224/1468 402/1170/402 406/1155/406
f 1468/1224/1468 406/1155/406 1471/1228/1471
f 1471/1228/1471 406/1155/406 407/1154/407
f 1471/1228/1471 407/1154/407 1474/1227/1474
f 1469/1310/1469 1471/1228/1471 1474/1227/1474
f 1469/1310/1469 1474/1227/1474 1475/1309/1475
f 1470/1423/1470 1469/1310/1469 1475/1309/1475
f 1470/1423/1470 1475/1309/1475 1476/1422/1476
f 220/1502/220 1470/1423/1470 1476/1422/1476
f 220/1502/220 1476/1422/1476 221/1501/221
f 219/1500/219 1467/1424/1467 1470/1423/1470
f 219/1500/219 1470/1423/1470 220/1502/220
f 219/1500/219 1472/1421/1472 1467/1424/1467
f 1477/1426/1477 1478/1308/1478 1479/1307/1479
f 1477/1426/1477 1479/1307/1479 1480/1455/1480
f 1478/1308/1478 1481/1225/1481 1482/1223/1482
f 1478/1308/1478 1482/1223/1482 1479/1307/1479
f 1480/1455/1480 1479/1307/1479 1483/1306/1483
f 1480/1455/1480 1483/1306/1483 1484/1466/1484
f 1479/1307/1479 1482/1223/1482 1485/1222/1485
f 1479/1307/1479 1485/1222/1485 1483/1306/1483
f 221/1501/221 1476/1422/1476 1477/1426/1477
f 221/1501/221 1477/1426/1477 230/1506/230
f 1476/1422/1476 1475/1309/1475 1478/1308/1478
f 1476/1422/1476 1478/1308/1478 1477/1426/1477
f 1475/1309/1475 1474/1227/1474 1481/1225/1481
f 1475/1309/1475 1481/1225/1481 1478/1308/1478
f 1474/1227/1474 407/1154/407 420/1153/420
f 1474/1227/1474 420/1153/420 1481/1225/1481
f 1481/1225/1481 420/1153/420 426/1152/426
f 1481/1225/1481 426/1152/426 1482/1223/1482
f 1482/1223/1482 426/1152/426 424/1124/424
f 1482/1223/1482 424/1124/424 1485/1222/1485
f 1485/1222/1485 424/1124/424 425/1021/425
f 1485/1222/1485 425/1021/425 1486/1207/1486
f 1483/1306/1483 1485/1222/1485 1486/1207/1486
f 1483/1306/1483 1486/1207/1486 1487/1305/1487
f 1484/1466/1484 1483/1306/1483 1487/1305/1487
f 1484/1466/1484 1487/1305/1487 1488/1469/1488
f 232/1546/232 1484/1466/1484 1488/1469/1488
f 232/1546/232 1488/1469/1488 233/1653/233
f 231/1539/231 1480/1455/1480 1484/1466/1484
f 231/1539/231 1484/1466/1484 232/1546/232
f 230/1506/230 1477/1426/1477 1480/1455/1480
f 230/1506/230 1480/1455/1480 231/1539/231
f 1489/186/1489 1490/247/1490 1491/246/1491
f 1489/186/1489 1491/246/1491 1492/188/1492
f 1490/247/1490 1493/328/1493 1494/327/1494
f 1490/247/1490 1494/327/1494 1491/246/1491
f 1492/188/1492 1491/246/1491 1495/245/1495
f 1492/188/1492 1495/245/1495 1496/190/1496
f 1491/246/1491 1494/327/1494 1497/321/1497
f 1491/246/1491 1497/321/1497 1495/245/1495
f 233/57/233 1488/184/1488 1489/186/1489
f 233/57/233 1489/186/1489 275/126/275
f 1488/184/1488 1487/248/1487 1490/247/1490
f 1488/184/1488 1490/247/1490 1489/186/1489
f 1487/248/1487 1486/331/1486 1493/328/1493
f 1487/248/1487 1493/328/1493 1490/247/1490
f 1486/331/1486 425/452/425 472/383/472
f 1486/331/1486 472/383/472 1493/328/1493
f 1493/328/1493 472/383/472 471/368/471
f 1493/328/1493 471/368/471 1494/327/1494
f 1494/327/1494 471/368/471 470/367/470
f 1494/327/1494 470/367/470 1497/321/1497
f 1497/321/1497 470/367/470 461/364/461
f 1497/321/1497 461/364/461 1498/318/1498
f 1495/245/1495 1497/321/1497 1498/318/1498
f 1495/245/1495 1498/318/1498 1499/244/1499
f 1496/190/1496 1495/245/1495 1499/244/1499
f 1496/190/1496 1499/244/1499 1500/195/1500
f 274/146/274 1496/190/1496 1500/195/1500
f 274/146/274 1500/195/1500 257/151/257
f 276/145/276 1492/188/1492 1496/190/1496
f 276/145/276 1496/190/1496 274/146/274
f 275/126/275 1489/186/1489 1492/188/1492
f 275/126/275 1492/188/1492 276/145/276
f 1501/194/1501 1502/243/1502 1504/236/1504
f 1501/194/1501 1504/236/1504 1505/189/1505
f 1502/243/1502 1503/317/1503 1506/302/1506
f 1502/243/1502 1506/302/1506 1504/236/1504
f 257/151/257 1500/195/1500 1501/194/1501
f 257/151/257 1501/194/1501 256/150/256
f 1500/195/1500 1499/244/1499 1502/243/1502
f 1500/195/1500 1502/243/1502 1501/194/1501
f 1499/244/1499 1498/318/1498 1503/317/1503
f 1499/244/1499 1503/317/1503 1502/243/1502
f 1498/318/1498 461/364/461 460/348/460
f 1498/318/1498 460/348/460 1503/317/1503
f 1503/317/1503 460/348/460 1506/302/1506
f 1506/302/1506 460/348/460 457/392/457
f 1506/302/1506 457/392/457 10/366/10
f 1506/302/1506 10/366/10 23/282/23
f 1504/236/1504 1506/302/1506 23/282/23
f 1505/189/1505 1504/236/1504 23/282/23
f 1505/189/1505 23/282/23 21/193/21
f 258/129/258 1505/189/1505 21/193/21
f 258/129/258 21/193/21 22/148/22
f 256/150/256 1501/194/1501 1505/189/1505
f 256/150/256 1505/189/1505 258/129/258
f 1507/301/1507 1508/253/1508 1509/303/1509
f 1508/253/1508 1510/209/1510 1511/208/1511
f 1509/303/1509 1508/253/1508 1512/257/1512
f 1509/303/1509 1512/257/1512 1513/304/1513
f 1508/253/1508 1511/208/1511 1514/207/1514
f 1508/253/1508 1514/207/1514 1512/257/1512
f 155/345/155 1507/301/1507 859/346/859
f 1507/301/1507 154/258/154 1508/253/1508
f 154/258/154 1510/209/1510 1508/253/1508
f 1510/209/1510 630/165/630 1511/208/1511
f 1511/208/1511 630/165/630 628/164/628
f 1511/208/1511 628/164/628 1514/207/1514
f 1514/207/1514 628/164/628 629/163/629
f 1514/207/1514 629/163/629 1515/206/1515
f 1512/257/1512 1514/207/1514 1515/206/1515
f 1512/257/1512 1515/206/1515 1516/256/1516
f 1513/304/1513 1512/257/1512 1516/256/1516
f 1513/304/1513 1516/256/1516 1517/305/1517
f 860/350/860 1513/304/1513 1517/305/1517
f 860/350/860 1517/305/1517 861/352/861
f 859/346/859 1509/303/1509 1513/304/1513
f 859/346/859 1513/304/1513 860/350/860
f 859/346/859 1507/301/1507 1509/303/1509
f 1518/306/1518 1519/255/1519 1520/254/1520
f 1518/306/1518 1520/254/1520 1521/307/1521
f 1519/255/1519 1522/205/1522 1523/204/1523
f 1519/255/1519 1523/204/1523 1520/254/1520
f 1521/307/1521 1520/254/1520 1524/252/1524
f 1521/307/1521 1524/252/1524 1525/308/1525
f 1520/254/1520 1523/204/1523 1526/203/1526
f 1520/254/1520 1526/203/1526 1524/252/1524
f 861/352/861 1517/305/1517 1518/306/1518
f 861/352/861 1518/306/1518 867/353/867
f 1517/305/1517 1516/256/1516 1519/255/1519
f 1517/305/1517 1519/255/1519 1518/306/1518
f 1516/256/1516 1515/206/1515 1522/205/1522
f 1516/256/1516 1522/205/1522 1519/255/1519
f 1515/206/1515 629/163/629 638/162/638
f 1515/206/1515 638/162/638 1522/205/1522
f 1522/205/1522 638/162/638 640/161/640
f 1522/205/1522 640/161/640 1523/204/1523
f 1523/204/1523 640/161/640 639/160/639
f 1523/204/1523 639/160/639 1526/203/1526
f 1526/203/1526 639/160/639 610/159/610
f 1526/203/1526 610/159/610 1527/202/1527
f 1524/252/1524 1526/203/1526 1527/202/1527
f 1524/252/1524 1527/202/1527 1528/251/1528
f 1525/308/1525 1524/252/1524 1528/251/1528
f 1525/308/1525 1528/251/1528 1529/309/1529
f 869/355/869 1525/308/1525 1529/309/1529
f 869/355/869 1529/309/1529 870/356/870
f 868/354/868 1521/307/1521 1525/308/1525
f 868/354/868 1525/308/1525 869/355/869
f 867/353/867 1518/306/1518 1521/307/1521
f 867/353/867 1521/307/1521 868/354/868
f 1530/310/1530 1531/250/1531 1532/249/1532
f 1530/310/1530 1532/249/1532 1533/311/1533
f 1531/250/1531 1534/201/1534 1535/200/1535
f 1531/250/1531 1535/200/1535 1532/249/1532
f 1533/311/1533 1532/249/1532 1536/237/1536
f 1533/311/1533 1536/237/1536 1537/312/1537
f 1532/249/1532 1535/200/1535 1538/199/1538
f 1532/249/1532 1538/199/1538 1536/237/1536
f 870/356/870 1529/309/1529 1530/310/1530
f 870/356/870 1530/310/1530 900/357/900
f 1529/309/1529 1528/251/1528 1531/250/1531
f 1529/309/1529 1531/250/1531 1530/310/1530
f 1528/251/1528 1527/202/1527 1534/201/1534
f 1528/251/1528 1534/201/1534 1531/250/1531
f 1527/202/1527 610/159/610 609/158/609
f 1527/202/1527 609/158/609 1534/201/1534
f 1534/201/1534 609/158/609 608/157/608
f 1534/201/1534 608/157/608 1535/200/1535
f 1535/200/1535 608/157/608 607/156/607
f 1535/200/1535 607/156/607 1538/199/1538
f 1538/199/1538 607/156/607 598/155/598
f 1538/199/1538 598/155/598 1539/198/1539
f 1536/237/1536 1538/199/1538 1539/198/1539
f 1536/237/1536 1539/198/1539 1540/238/1540
f 1537/312/1537 1536/237/1536 1540/238/1540
f 1537/312/1537 1540/238/1540 1541/313/1541
f 899/359/899 1537/312/1537 1541/313/1541
f 899/359/899 1541/313/1541 885/360/885
f 901/358/901 1533/311/1533 1537/312/1537
f 901/358/901 1537/312/1537 899/359/899
f 900/357/900 1530/310/1530 1533/311/1533
f 900/357/900 1533/311/1533 901/358/901
f 1542/322/1542 1543/239/1543 1546/235/1546
f 1543/239/1543 1544/197/1544 1545/183/1545
f 1543/239/1543 1545/183/1545 1546/235/1546
f 885/360/885 1541/313/1541 1542/322/1542
f 885/360/885 1542/322/1542 886/351/886
f 1541/313/1541 1540/238/1540 1543/239/1543
f 1541/313/1541 1543/239/1543 1542/322/1542
f 1540/238/1540 1539/198/1539 1544/197/1544
f 1540/238/1540 1544/197/1544 1543/239/1543
f 1539/198/1539 598/155/598 597/154/597
f 1539/198/1539 597/154/597 1544/197/1544
f 1544/197/1544 597/154/597 1545/183/1545
f 1545/183/1545 593/118/593 1546/235/1546
f 1546/235/1546 593/118/593 17/153/17
f 1546/235/1546 17/153/17 16/233/16
f 1542/322/1542 1546/235/1546 16/233/16
f 1542/322/1542 16/233/16 15/314/15
f 875/393/875 1542/322/1542 15/314/15
f 875/393/875 15/314/15 14/361/14
f 886/351/886 1542/322/1542 875/393/875
f 1547/1405/1547 141/1312/141 1548/1326/1548
f 1547/1405/1547 1548/1326/1548 1549/1406/1549
f 141/1312/141 1550/1282/1550 1551/1280/1551
f 141/1312/141 1551/1280/1551 1548/1326/1548
f 1549/1406/1549 1548/1326/1548 1552/1327/1552
f 1549/1406/1549 1552/1327/1552 1553/1407/1553
f 1548/1326/1548 1551/1280/1551 1554/1279/1554
f 1548/1326/1548 1554/1279/1554 1552/1327/1552
f 1550/1282/1550 991/1190/991 1551/1280/1551
f 1551/1280/1551 991/1190/991 989/1201/989
f 1551/1280/1551 989/1201/989 1554/1279/1554
f 1554/1279/1554 989/1201/989 990/1200/990
f 1554/1279/1554 990/1200/990 1555/1278/1555
f 1552/1327/1552 1554/1279/1554 1555/1278/1555
f 1552/1327/1552 1555/1278/1555 1556/1328/1556
f 1553/1407/1553 1552/1327/1552 1556/1328/1556
f 1553/1407/1553 1556/1328/1556 1557/1408/1557
f 961/1487/961 1553/1407/1553 1557/1408/1557
f 961/1487/961 1557/1408/1557 962/1488/962
f 960/1486/960 1549/1406/1549 1553/1407/1553
f 960/1486/960 1553/1407/1553 961/1487/961
f 960/1486/960 1547/1405/1547 1549/1406/1549
f 1558/1409/1558 1559/1329/1559 1560/1330/1560
f 1558/1409/1558 1560/1330/1560 1561/1410/1561
f 1559/1329/1559 1562/1277/1562 1563/1276/1563
f 1559/1329/1559 1563/1276/1563 1560/1330/1560
f 1561/1410/1561 1560/1330/1560 1564/1331/1564
f 1561/1410/1561 1564/1331/1564 1565/1411/1565
f 1560/1330/1560 1563/1276/1563 1566/1275/1566
f 1560/1330/1560 1566/1275/1566 1564/1331/1564
f 962/1488/962 1557/1408/1557 1558/1409/1558
f 962/1488/962 1558/1409/1558 965/1489/965
f 1557/1408/1557 1556/1328/1556 1559/1329/1559
f 1557/1408/1557 1559/1329/1559 1558/1409/1558
f 1556/1328/1556 1555/1278/1555 1562/1277/1562
f 1556/1328/1556 1562/1277/1562 1559/1329/1559
f 1555/1278/1555 990/1200/990 994/1199/994
f 1555/1278/1555 994/1199/994 1562/1277/1562
f 1562/1277/1562 994/1199/994 998/1198/998
f 1562/1277/1562 998/1198/998 1563/1276/1563
f 1563/1276/1563 998/1198/998 996/1197/996
f 1563/1276/1563 996/1197/996 1566/1275/1566
f 1566/1275/1566 996/1197/996 997/1196/997
f 1566/1275/1566 997/1196/997 1567/1274/1567
f 1564/1331/1564 1566/1275/1566 1567/1274/1567
f 1564/1331/1564 1567/1274/1567 1568/1332/1568
f 1565/1411/1565 1564/1331/1564 1568/1332/1568
f 1565/1411/1565 1568/1332/1568 1569/1412/1569
f 967/1491/967 1565/1411/1565 1569/1412/1569
f 967/1491/967 1569/1412/1569 968/1492/968
f 966/1490/966 1561/1410/1561 1565/1411/1565
f 966/1490/966 1565/1411/1565 967/1491/967
f 965/1489/965 1558/1409/1558 1561/1410/1561
f 965/1489/965 1561/1410/1561 966/1490/966
f 1570/1413/1570 1571/1333/1571 1572/1334/1572
f 1570/1413/1570 1572/1334/1572 1573/1414/1573
f 1571/1333/1571 1574/1273/1574 1575/1272/1575
f 1571/1333/1571 1575/1272/1575 1572/1334/1572
f 1573/1414/1573 1572/1334/1572 1576/1335/1576
f 1573/1414/1573 1576/1335/1576 1577/1415/1577
f 1572/1334/1572 1575/1272/1575 1578/1271/1578
f 1572/1334/1572 1578/1271/1578 1576/1335/1576
f 968/1492/968 1569/1412/1569 1570/1413/1570
f 968/1492/968 1570/1413/1570 982/1493/982
f 1569/1412/1569 1568/1332/1568 1571/1333/1571
f 1569/1412/1569 1571/1333/1571 1570/1413/1570
f 1568/1332/1568 1567/1274/1567 1574/1273/1574
f 1568/1332/1568 1574/1273/1574 1571/1333/1571
f 1567/1274/1567 997/1196/997 1014/1195/1014
f 1567/1274/1567 1014/1195/1014 1574/1273/1574
f 1574/1273/1574 1014/1195/1014 1013/1194/1013
f 1574/1273/1574 1013/1194/1013 1575/1272/1575
f 1575/1272/1575 1013/1194/1013 1012/1193/1012
f 1575/1272/1575 1012/1193/1012 1578/1271/1578
f 1578/1271/1578 1012/1193/1012 1007/1192/1007
f 1578/1271/1578 1007/1192/1007 1579/1270/1579
f 1576/1335/1576 1578/1271/1578 1579/1270/1579
f 1576/1335/1576 1579/1270/1579 1580/1336/1580
f 1577/1415/1577 1576/1335/1576 1580/1336/1580
f 1577/1415/1577 1580/1336/1580 1581/1416/1581
f 981/1495/981 1577/1415/1577 1581/1416/1581
f 981/1495/981 1581/1416/1581 974/1496/974
f 983/1494/983 1573/1414/1573 1577/1415/1577
f 983/1494/983 1577/1415/1577 981/1495/981
f 982/1493/982 1570/1413/1570 1573/1414/1573
f 982/1493/982 1573/1414/1573 983/1494/983
f 1582/1417/1582 1583/1337/1583 1584/1338/1584
f 1582/1417/1582 1584/1338/1584 1585/1419/1585
f 1583/1337/1583 1586/1269/1586 1587/1267/1587
f 1583/1337/1583 1587/1267/1587 1584/1338/1584
f 1585/1419/1585 1584/1338/1584 1588/1370/1588
f 1584/1338/1584 1587/1267/1587 1589/1281/1589
f 1584/1338/1584 1589/1281/1589 1588/1370/1588
f 974/1496/974 1581/1416/1581 1582/1417/1582
f 974/1496/974 1582/1417/1582 973/1497/973
f 1581/1416/1581 1580/1336/1580 1583/1337/1583
f 1581/1416/1581 1583/1337/1583 1582/1417/1582
f 1580/1336/1580 1579/1270/1579 1586/1269/1586
f 1580/1336/1580 1586/1269/1586 1583/1337/1583
f 1579/1270/1579 1007/1192/1007 1006/1191/1006
f 1579/1270/1579 1006/1191/1006 1586/1269/1586
f 1586/1269/1586 1006/1191/1006 1005/1202/1005
f 1586/1269/1586 1005/1202/1005 1587/1267/1587
f 1587/1267/1587 1005/1202/1005 1589/1281/1589
f 1589/1281/1589 1005/1202/1005 105/1189/105
f 973/1497/973 1582/1417/1582 1585/1419/1585
f 1590/284/1590 107/259/107 1591/277/1591
f 1590/284/1590 1591/277/1591 1592/285/1592
f 107/259/107 1593/230/1593 1594/229/1594
f 107/259/107 1594/229/1594 1591/277/1591
f 1592/285/1592 1591/277/1591 1595/278/1595
f 1592/285/1592 1595/278/1595 1596/286/1596
f 1591/277/1591 1594/229/1594 1597/228/1597
f 1591/277/1591 1597/228/1597 1595/278/1595
f 1593/230/1593 931/169/931 1594/229/1594
f 1594/229/1594 931/169/931 929/181/929
f 1594/229/1594 929/181/929 1597/228/1597
f 1597/228/1597 929/181/929 930/180/930
f 1597/228/1597 930/180/930 1598/227/1598
f 1595/278/1595 1597/228/1597 1598/227/1598
f 1595/278/1595 1598/227/1598 1599/279/1599
f 1596/286/1596 1595/278/1595 1599/279/1599
f 1596/286/1596 1599/279/1599 1600/287/1600
f 1019/334/1019 1596/286/1596 1600/287/1600
f 1019/334/1019 1600/287/1600 1020/335/1020
f 1018/332/1018 1592/285/1592 1596/286/1596
f 1018/332/1018 1596/286/1596 1019/334/1019
f 1018/332/1018 1590/284/1590 1592/285/1592
f 1601/288/1601 1602/269/1602 1603/270/1603
f 1601/288/1601 1603/270/1603 1604/289/1604
f 1602/269/1602 1605/226/1605 1606/225/1606
f 1602/269/1602 1606/225/1606 1603/270/1603
f 1604/289/1604 1603/270/1603 1607/268/1607
f 1604/289/1604 1607/268/1607 1608/290/1608
f 1603/270/1603 1606/225/1606 1609/224/1609
f 1603/270/1603 1609/224/1609 1607/268/1607
f 1020/335/1020 1600/287/1600 1601/288/1601
f 1020/335/1020 1601/288/1601 1024/336/1024
f 1600/287/1600 1599/279/1599 1602/269/1602
f 1600/287/1600 1602/269/1602 1601/288/1601
f 1599/279/1599 1598/227/1598 1605/226/1605
f 1599/279/1599 1605/226/1605 1602/269/1602
f 1598/227/1598 930/180/930 935/179/935
f 1598/227/1598 935/179/935 1605/226/1605
f 1605/226/1605 935/179/935 939/178/939
f 1605/226/1605 939/178/939 1606/225/1606
f 1606/225/1606 939/178/939 937/177/937
f 1606/225/1606 937/177/937 1609/224/1609
f 1609/224/1609 937/177/937 938/175/938
f 1609/224/1609 938/175/938 1610/223/1610
f 1607/268/1607 1609/224/1609 1610/223/1610
f 1607/268/1607 1610/223/1610 1611/267/1611
f 1608/290/1608 1607/268/1607 1611/267/1611
f 1608/290/1608 1611/267/1611 1612/291/1612
f 1026/338/1026 1608/290/1608 1612/291/1612
f 1026/338/1026 1612/291/1612 1027/339/1027
f 1025/337/1025 1604/289/1604 1608/290/1608
f 1025/337/1025 1608/290/1608 1026/338/1026
f 1024/336/1024 1601/288/1601 1604/289/1604
f 1024/336/1024 1604/289/1604 1025/337/1025
f 1613/292/1613 1614/266/1614 1615/265/1615
f 1613/292/1613 1615/265/1615 1616/293/1616
f 1614/266/1614 1617/222/1617 1618/221/1618
f 1614/266/1614 1618/221/1618 1615/265/1615
f 1616/293/1616 1615/265/1615 1619/264/1619
f 1616/293/1616 1619/264/1619 1620/294/1620
f 1615/265/1615 1618/221/1618 1621/219/1621
f 1615/265/1615 1621/219/1621 1619/264/1619
f 1027/339/1027 1612/291/1612 1613/292/1613
f 1027/339/1027 1613/292/1613 1040/340/1040
f 1612/291/1612 1611/267/1611 1614/266/1614
f 1612/291/1612 1614/266/1614 1613/292/1613
f 1611/267/1611 1610/223/1610 1617/222/1617
f 1611/267/1611 1617/222/1617 1614/266/1614
f 1610/223/1610 938/175/938 955/174/955
f 1610/223/1610 955/174/955 1617/222/1617
f 1617/222/1617 955/174/955 954/173/954
f 1617/222/1617 954/173/954 1618/221/1618
f 1618/221/1618 954/173/954 953/172/953
f 1618/221/1618 953/172/953 1621/219/1621
f 1621/219/1621 953/172/953 949/171/949
f 1621/219/1621 949/171/949 1622/218/1622
f 1619/264/1619 1621/219/1621 1622/218/1622
f 1619/264/1619 1622/218/1622 1623/263/1623
f 1620/294/1620 1619/264/1619 1623/263/1623
f 1620/294/1620 1623/263/1623 1624/295/1624
f 1039/342/1039 1620/294/1620 1624/295/1624
f 1039/342/1039 1624/295/1624 1032/343/1032
f 1041/341/1041 1616/293/1616 1620/294/1620
f 1041/341/1041 1620/294/1620 1039/342/1039
f 1040/340/1040 1613/292/1613 1616/293/1616
f 1040/340/1040 1616/293/1616 1041/341/1041
f 1625/296/1625 1626/262/1626 1627/261/1627
f 1625/296/1625 1627/261/1627 1628/298/1628
f 1626/262/1626 1629/217/1629 1630/216/1630
f 1626/262/1626 1630/216/1630 1627/261/1627
f 1628/298/1628 1627/261/1627 1631/280/1631
f 1627/261/1627 1630/216/1630 1632/215/1632
f 1627/261/1627 1632/215/1632 1631/280/1631
f 1032/343/1032 1624/295/1624 1625/296/1625
f 1032/343/1032 1625/296/1625 1031/344/1031
f 1624/295/1624 1623/263/1623 1626/262/1626
f 1624/295/1624 1626/262/1626 1625/296/1625
f 1623/263/1623 1622/218/1622 1629/217/1629
f 1623/263/1623 1629/217/1629 1626/262/1626
f 1622/218/1622 949/171/949 948/170/948
f 1622/218/1622 948/170/948 1629/217/1629
f 1629/217/1629 948/170/948 947/176/947
f 1629/217/1629 947/176/947 1630/216/1630
f 1630/216/1630 947/176/947 1632/215/1632
f 1632/215/1632 947/176/947 156/168/156
f 1031/344/1031 1625/296/1625 1628/298/1628
f 1633/1877/1633 26/1897/26 1634/1895/1634
f 26/1897/26 1635/1941/1635 1634/1895/1634
f 1635/1941/1635 30/1957/30 984/1953/984
f 1634/1895/1634 1635/1941/1635 1636/1939/1636
f 1635/1941/1635 984/1953/984 985/1950/985
f 1635/1941/1635 985/1950/985 1636/1939/1636
f 1636/1939/1636 985/1950/985 977/1948/977
f 1634/1895/1634 1636/1939/1636 1637/1892/1637
f 1633/1877/1633 1634/1895/1634 1637/1892/1637
f 1633/1877/1633 1637/1892/1637 1638/1860/1638
f 691/1858/691 1633/1877/1633 1638/1860/1638
f 691/1858/691 1638/1860/1638 692/1821/692
f 1641/1652/1641 1639/1634/1639 1640/1631/1640
f 1639/1634/1639 1642/1625/1642 1640/1631/1640
f 1641/1652/1641 1640/1631/1640 1643/1641/1643
f 692/1721/692 1638/1657/1638 1641/1652/1641
f 692/1721/692 1641/1652/1641 710/1660/710
f 1638/1657/1638 1637/1635/1637 1639/1634/1639
f 1638/1657/1638 1639/1634/1639 1641/1652/1641
f 1637/1635/1637 1636/1626/1636 1642/1625/1642
f 1637/1635/1637 1642/1625/1642 1639/1634/1639
f 1636/1626/1636 977/1618/977 976/1622/976
f 1636/1626/1636 976/1622/976 1642/1625/1642
f 710/1660/710 1641/1652/1641 1643/1641/1643
f 1640/1631/1640 1645/1570/1645 1644/1611/1644
f 710/1660/710 1643/1641/1643 1644/1611/1644
f 710/1660/710 1644/1611/1644 701/1627/701
f 1643/1641/1643 1640/1631/1640 1644/1611/1644
f 1640/1631/1640 1642/1625/1642 1645/1570/1645
f 1642/1625/1642 976/1622/976 1645/1570/1645
f 1644/1611/1644 1645/1570/1645 104/1499/104
f 701/1627/701 1644/1611/1644 104/1499/104
f 158/730/158 1646/753/1646 999/747/999
f 1977/807/1977 782/838/782 1649/822/1649
f 195/795/195 1977/807/1977 1649/822/1649
f 1648/768/1648 195/795/195 1647/796/1647
f 195/795/195 1649/822/1649 1647/796/1647
f 999/747/999 1646/753/1646 1648/768/1648
f 1646/753/1646 195/795/195 1648/768/1648
f 1649/822/1649 782/838/782 770/873/770
f 1649/822/1649 770/873/770 1650/835/1650
f 1647/796/1647 1649/822/1649 1650/835/1650
f 1647/796/1647 1650/835/1650 1651/799/1651
f 1648/768/1648 1647/796/1647 1651/799/1651
f 1648/768/1648 1651/799/1651 1652/754/1652
f 1003/743/1003 1648/768/1648 1652/754/1652
f 1003/743/1003 1652/754/1652 1004/736/1004
f 999/747/999 1648/768/1648 1003/743/1003
f 1653/1066/1653 1654/1059/1654 1655/1062/1655
f 1654/1059/1654 1656/1042/1656 1655/1062/1655
f 1004/1074/1004 1652/1065/1652 1653/1066/1653
f 1004/1074/1004 1653/1066/1653 1016/1072/1016
f 1652/1065/1652 1651/1058/1651 1654/1059/1654
f 1652/1065/1652 1654/1059/1654 1653/1066/1653
f 1651/1058/1651 1650/1037/1650 1656/1042/1656
f 1651/1058/1651 1656/1042/1656 1654/1059/1654
f 1650/1037/1650 770/995/770 769/1036/769
f 1650/1037/1650 769/1036/769 1656/1042/1656
f 1656/1042/1656 769/1036/769 764/1038/764
f 1657/1086/1657 1658/1056/1658 106/1118/106
f 1016/1072/1016 1653/1066/1653 1657/1086/1657
f 1016/1072/1016 1657/1086/1657 1010/1112/1010
f 1653/1066/1653 1655/1062/1655 1657/1086/1657
f 1655/1062/1655 1656/1042/1656 1658/1056/1658
f 1655/1062/1655 1658/1056/1658 1657/1086/1657
f 1656/1042/1656 764/1038/764 1658/1056/1658
f 1658/1056/1658 764/1038/764 106/1118/106
f 1657/1086/1657 106/1118/106 105/1189/105
f 1010/1112/1010 1657/1086/1657 105/1189/105
f 1659/385/1659 1660/416/1660 1661/427/1661
f 1659/385/1659 155/345/155 1660/416/1660
f 155/345/155 863/426/863 1660/416/1660
f 1660/416/1660 863/426/863 872/442/872
f 1660/416/1660 872/442/872 1662/431/1662
f 1661/427/1661 1660/416/1660 1662/431/1662
f 1659/385/1659 1661/427/1661 1664/424/1664
f 1034/422/1034 1659/385/1659 1664/424/1664
f 1661/427/1661 1662/431/1662 1665/438/1665
f 1664/424/1664 1661/427/1661 1663/428/1663
f 1661/427/1661 1665/438/1665 1663/428/1663
f 1662/431/1662 872/442/872 1665/438/1665
f 1665/438/1665 872/442/872 854/475/854
f 1665/438/1665 854/475/854 1666/441/1666
f 1663/428/1663 1665/438/1665 1666/441/1666
f 1663/428/1663 1666/441/1666 1667/429/1667
f 1664/424/1664 1663/428/1663 1667/429/1667
f 1664/424/1664 1667/429/1667 1668/425/1668
f 1034/422/1034 1664/424/1664 1668/425/1668
f 1034/422/1034 1668/425/1668 1035/420/1035
f 1035/677/1035 1668/664/1668 93/670/93
f 1035/677/1035 93/670/93 1043/678/1043
f 1668/664/1668 1667/622/1667 1979/626/1979
f 1668/664/1668 1979/626/1979 93/670/93
f 1667/622/1667 1666/587/1666 1669/602/1669
f 1667/622/1667 1669/602/1669 1979/626/1979
f 1666/587/1666 854/564/854 853/583/853
f 1666/587/1666 853/583/853 1669/602/1669
f 1669/602/1669 853/583/853 489/590/489
f 1043/678/1043 93/670/93 96/682/96
f 625/91/625 1670/111/1670 1671/81/1671
f 630/165/630 157/167/157 625/91/625
f 157/167/157 1670/111/1670 625/91/625
f 157/167/157 156/168/156 1670/111/1670
f 156/168/156 951/122/951 1670/111/1670
f 1670/111/1670 951/122/951 957/90/957
f 1670/111/1670 957/90/957 1675/88/1675
f 1670/111/1670 1675/88/1675 1672/85/1672
f 1671/81/1671 1670/111/1670 1672/85/1672
f 1671/81/1671 1672/85/1672 1674/80/1674
f 626/71/626 1671/81/1671 1674/80/1674
f 625/91/625 1671/81/1671 626/71/626
f 1674/80/1674 1672/85/1672 1673/84/1673
f 1672/85/1672 1675/88/1675 1673/84/1673
f 1675/88/1675 957/90/957 945/103/945
f 1675/88/1675 945/103/945 1676/89/1676
f 1673/84/1673 1675/88/1675 1676/89/1676
f 1673/84/1673 1676/89/1676 1677/82/1677
f 1674/80/1674 1673/84/1673 1677/82/1677
f 1674/80/1674 1677/82/1677 1678/72/1678
f 633/68/633 1674/80/1674 1678/72/1678
f 633/68/633 1678/72/1678 634/46/634
f 626/71/626 1674/80/1674 633/68/633
f 1679/2104/1679 1680/2081/1680 1681/2077/1681
f 1680/2081/1680 1682/2054/1682 1681/2077/1681
f 634/2139/634 1678/2114/1678 1679/2104/1679
f 634/2139/634 1679/2104/1679 643/2115/643
f 1678/2114/1678 1677/2083/1677 1680/2081/1680
f 1678/2114/1678 1680/2081/1680 1679/2104/1679
f 1677/2083/1677 1676/2046/1676 1682/2054/1682
f 1677/2083/1677 1682/2054/1682 1680/2081/1680
f 1676/2046/1676 945/2020/945 944/2028/944
f 1676/2046/1676 944/2028/944 1682/2054/1682
f 1682/2054/1682 944/2028/944 942/2026/942
f 1682/2054/1682 942/2026/942 1683/2042/1683
f 1681/2077/1681 1682/2054/1682 1683/2042/1683
f 643/2115/643 1679/2104/1679 1986/2088/1986
f 1679/2104/1679 1681/2077/1681 1986/2088/1986
f 1683/2042/1683 942/2026/942 99/2005/99
f 1681/2077/1681 1683/2042/1683 97/2074/97
f 1986/2088/1986 1681/2077/1681 97/2074/97
f 1724/125/1724 113/166/113 1694/128/1694
f 1724/125/1724 1694/128/1694 1695/127/1695
f 113/166/113 1684/185/1684 1685/143/1685
f 113/166/113 1685/143/1685 1694/128/1694
f 1684/185/1684 1686/187/1686 1687/182/1687
f 1684/185/1684 1687/182/1687 1685/143/1685
f 1685/143/1685 1687/182/1687 1688/139/1688
f 1694/128/1694 1685/143/1685 1693/130/1693
f 1685/143/1685 1688/139/1688 1689/134/1689
f 1685/143/1685 1689/134/1689 1690/133/1690
f 1685/143/1685 1690/133/1690 1693/130/1693
f 1693/130/1693 1690/133/1690 1691/132/1691
f 1693/130/1693 1691/132/1691 1692/131/1692
f 1724/125/1724 1695/127/1695 585/124/585
f 1695/1571/1695 1694/1572/1694 168/1566/168
f 1694/1572/1694 1693/1569/1693 1700/1568/1700
f 1694/1572/1694 1700/1568/1700 168/1566/168
f 1693/1569/1693 1692/1565/1692 1696/1564/1696
f 1693/1569/1693 1696/1564/1696 1700/1568/1700
f 1700/1568/1700 1696/1564/1696 1697/1563/1697
f 1700/1568/1700 1697/1563/1697 1698/1561/1698
f 1700/1568/1700 1698/1561/1698 1699/1558/1699
f 168/1566/168 1700/1568/1700 1701/1567/1701
f 1700/1568/1700 1699/1558/1699 1702/1556/1702
f 1700/1568/1700 1702/1556/1702 1701/1567/1701
f 1701/1567/1701 1702/1556/1702 1703/1555/1703
f 1701/1567/1701 1703/1555/1703 1704/1553/1704
f 1701/1567/1701 1704/1553/1704 137/1552/137
f 146/1504/146 168/1566/168 1707/1505/1707
f 146/1504/146 587/1574/587 168/1566/168
f 1705/1470/1705 1707/1505/1707 1706/1471/1706
f 144/1467/144 1707/1505/1707 1705/1470/1705
f 144/1467/144 146/1504/146 1707/1505/1707
f 1707/1505/1707 168/1566/168 1712/1507/1712
f 168/1566/168 587/1574/587 1695/1571/1695
f 1706/1471/1706 1707/1505/1707 1708/1472/1708
f 1709/1474/1709 1712/1507/1712 1710/1475/1710
f 1711/1473/1711 1712/1507/1712 1709/1474/1709
f 1708/1472/1708 1707/1505/1707 1712/1507/1712
f 1708/1472/1708 1712/1507/1712 1711/1473/1711
f 1712/1507/1712 168/1566/168 1717/1509/1717
f 1710/1475/1710 1712/1507/1712 1713/1476/1713
f 1695/1571/1695 587/1574/587 588/1578/588
f 1714/1478/1714 1717/1509/1717 1715/1479/1715
f 1716/1477/1716 1717/1509/1717 1714/1478/1714
f 1713/1476/1713 1712/1507/1712 1717/1509/1717
f 1713/1476/1713 1717/1509/1717 1716/1477/1716
f 1717/1509/1717 168/1566/168 167/1503/167
f 1715/1479/1715 1717/1509/1717 1718/1480/1718
f 1719/1482/1719 167/1503/167 134/1483/134
f 1720/1481/1720 167/1503/167 1719/1482/1719
f 1718/1480/1718 1717/1509/1717 167/1503/167
f 1718/1480/1718 167/1503/167 1720/1481/1720
f 1724/125/1724 586/123/586 1721/119/1721
f 1728/1580/1728 1722/1588/1722 1723/1584/1723
f 146/1504/146 145/1510/145 1728/1580/1728
f 587/1574/587 1728/1580/1728 1723/1584/1723
f 1725/117/1725 1724/125/1724 1721/119/1721
f 1778/120/1778 113/166/113 1724/125/1724
f 1778/120/1778 1724/125/1724 1725/117/1725
f 1778/120/1778 1725/117/1725 1726/116/1726
f 1726/1639/1726 1725/1630/1725 1729/1649/1729
f 1728/1580/1728 1727/1605/1727 1722/1588/1722
f 1727/1605/1727 1728/1580/1728 1730/1609/1730
f 1727/1628/1727 1730/1648/1730 1729/1649/1729
f 1722/1621/1722 1727/1628/1727 1723/1604/1723
f 121/1150/121 149/1185/149 1732/1188/1732
f 149/1185/149 121/1150/121 591/1120/591
f 149/1185/149 142/1221/142 1731/1220/1731
f 149/1185/149 1731/1220/1731 1732/1188/1732
f 1732/1188/1732 1731/1220/1731 1733/1214/1733
f 1732/1188/1732 1733/1214/1733 1734/1212/1734
f 1732/1188/1732 1734/1212/1734 1735/1210/1735
f 1732/1188/1732 1735/1210/1735 1736/1208/1736
f 1732/1188/1732 1736/1208/1736 1737/1186/1737
f 121/1150/121 1732/1188/1732 1737/1186/1737
f 591/1120/591 121/1150/121 1757/1122/1757
f 1737/1186/1737 1736/1208/1736 1738/1209/1738
f 1737/1186/1737 1738/1209/1738 1739/1211/1739
f 1737/1186/1737 1739/1211/1739 1740/1213/1740
f 1737/1186/1737 1740/1213/1740 1741/1215/1741
f 1737/1186/1737 1741/1215/1741 1742/1187/1742
f 121/1150/121 1737/1186/1737 1742/1187/1742
f 592/1116/592 591/1120/591 1757/1122/1757
f 1742/1187/1742 1741/1215/1741 1743/1216/1743
f 1742/1187/1742 1743/1216/1743 1744/1217/1744
f 1742/1187/1742 1744/1217/1744 1745/1218/1745
f 1742/1187/1742 1745/1218/1745 116/1219/116
f 1742/1187/1742 116/1219/116 115/1172/115
f 121/1150/121 1742/1187/1742 115/1172/115
f 111/347/111 1756/386/1756 1746/384/1746
f 111/347/111 1746/384/1746 1747/381/1747
f 1748/333/1748 1747/381/1747 1749/373/1749
f 1750/329/1750 111/347/111 1747/381/1747
f 1750/329/1750 1747/381/1747 1748/333/1748
f 1749/373/1749 1747/381/1747 1751/377/1751
f 1747/381/1747 1746/384/1746 1755/382/1755
f 1752/379/1752 1747/381/1747 1755/382/1755
f 1752/379/1752 1755/382/1755 1753/380/1753
f 1754/378/1754 1747/381/1747 1752/379/1752
f 1751/377/1751 1747/381/1747 1754/378/1754
f 1755/1128/1755 1746/1125/1746 120/1129/120
f 1746/1125/1746 1756/1121/1756 1757/1122/1757
f 1753/1131/1753 1755/1128/1755 1758/1132/1758
f 1756/1121/1756 590/1114/590 1757/1122/1757
f 1759/1134/1759 120/1129/120 1760/1135/1760
f 1761/1133/1761 120/1129/120 1759/1134/1759
f 1758/1132/1758 1755/1128/1755 120/1129/120
f 1758/1132/1758 120/1129/120 1761/1133/1761
f 1760/1135/1760 120/1129/120 1762/1136/1762
f 1763/1138/1763 120/1129/120 119/1139/119
f 1764/1137/1764 120/1129/120 1763/1138/1763
f 1762/1136/1762 120/1129/120 1764/1137/1764
f 589/1109/589 592/1117/592 590/1114/590
f 1769/1111/1769 589/1105/589 1765/1093/1765
f 589/1109/589 114/1094/114 1765/1077/1765
f 1766/387/1766 1767/401/1767 114/394/114
f 111/347/111 110/349/110 1766/387/1766
f 1756/386/1756 1766/387/1766 114/394/114
f 1768/1100/1768 1769/1111/1769 1765/1084/1765
f 148/1123/148 149/1185/149 1768/1100/1768
f 149/1185/149 1769/1111/1769 1768/1100/1768
f 148/1123/148 1768/1100/1768 1770/1085/1770
f 1768/1100/1768 1765/1084/1765 1770/1079/1770
f 1770/1050/1770 1765/1069/1765 1771/1060/1771
f 1766/387/1766 1773/411/1773 1772/408/1772
f 1766/387/1766 1772/408/1772 1767/401/1767
f 1772/1063/1772 1773/1052/1773 1771/1060/1771
f 1767/1071/1767 1772/1063/1772 1771/1060/1771
f 1767/1071/1767 1771/1060/1771 114/1094/114
f 1774/1597/1774 958/1545/958 970/1607/970
f 1774/1597/1774 970/1607/970 1776/1608/1776
f 145/1510/145 1774/1597/1774 1728/1580/1728
f 145/1510/145 958/1545/958 1774/1597/1774
f 145/1510/145 960/1486/960 958/1545/958
f 1728/1580/1728 1774/1597/1774 1730/1609/1730
f 1775/1612/1775 1774/1597/1774 150/1613/150
f 1774/1597/1774 1776/1608/1776 150/1613/150
f 1730/1609/1730 1774/1597/1774 1775/1612/1775
f 1775/1761/1775 150/1823/150 151/1810/151
f 1730/1650/1730 1775/1761/1775 151/1810/151
f 1776/1826/1776 970/1830/970 150/1823/150
f 150/1823/150 970/1830/970 30/1846/30
f 1778/120/1778 1726/116/1726 1777/113/1777
f 933/115/933 1778/120/1778 1779/108/1779
f 1778/120/1778 1777/113/1777 1779/108/1779
f 1777/113/1777 1726/116/1726 1729/104/1729
f 933/115/933 1779/108/1779 1780/105/1780
f 933/115/933 1780/105/1780 932/106/932
f 1780/1829/1780 1779/1819/1779 151/1810/151
f 1779/1819/1779 1777/1784/1777 151/1810/151
f 1777/1784/1777 1729/1649/1729 151/1810/151
f 932/1842/932 1780/1829/1780 941/1844/941
f 1782/1299/1782 1781/1313/1781 1784/1325/1784
f 1782/1299/1782 1784/1325/1784 1785/1298/1785
f 1781/1313/1781 1783/1388/1783 1786/1389/1786
f 1781/1313/1781 1786/1389/1786 1784/1325/1784
f 1782/1299/1782 147/1377/147 1781/1313/1781
f 147/1377/147 1783/1388/1783 1781/1313/1781
f 1783/1388/1783 144/1467/144 1705/1470/1705
f 1783/1388/1783 1705/1470/1705 1786/1389/1786
f 1786/1389/1786 1705/1470/1705 1706/1471/1706
f 1786/1389/1786 1706/1471/1706 1787/1390/1787
f 1784/1325/1784 1786/1389/1786 1787/1390/1787
f 1784/1325/1784 1787/1390/1787 1788/1324/1788
f 1785/1298/1785 1784/1325/1784 1788/1324/1788
f 1785/1298/1785 1788/1324/1788 1789/1290/1789
f 1731/1220/1731 1785/1298/1785 1789/1290/1789
f 142/1221/142 1782/1299/1782 1785/1298/1785
f 142/1221/142 1785/1298/1785 1731/1220/1731
f 1790/1289/1790 1791/1357/1791 1792/1358/1792
f 1790/1289/1790 1792/1358/1792 1793/1286/1793
f 1791/1357/1791 1794/1391/1794 1795/1392/1795
f 1791/1357/1791 1795/1392/1795 1792/1358/1792
f 1793/1286/1793 1792/1358/1792 1796/1359/1796
f 1793/1286/1793 1796/1359/1796 1797/1284/1797
f 1792/1358/1792 1795/1392/1795 1798/1393/1798
f 1792/1358/1792 1798/1393/1798 1796/1359/1796
f 1731/1220/1731 1789/1290/1789 1790/1289/1790
f 1731/1220/1731 1790/1289/1790 1733/1214/1733
f 1789/1290/1789 1788/1324/1788 1791/1357/1791
f 1789/1290/1789 1791/1357/1791 1790/1289/1790
f 1788/1324/1788 1787/1390/1787 1794/1391/1794
f 1788/1324/1788 1794/1391/1794 1791/1357/1791
f 1787/1390/1787 1706/1471/1706 1708/1472/1708
f 1787/1390/1787 1708/1472/1708 1794/1391/1794
f 1794/1391/1794 1708/1472/1708 1711/1473/1711
f 1794/1391/1794 1711/1473/1711 1795/1392/1795
f 1795/1392/1795 1711/1473/1711 1709/1474/1709
f 1795/1392/1795 1709/1474/1709 1798/1393/1798
f 1798/1393/1798 1709/1474/1709 1710/1475/1710
f 1798/1393/1798 1710/1475/1710 1799/1394/1799
f 1796/1359/1796 1798/1393/1798 1799/1394/1799
f 1796/1359/1796 1799/1394/1799 1800/1360/1800
f 1797/1284/1797 1796/1359/1796 1800/1360/1800
f 1797/1284/1797 1800/1360/1800 1801/1285/1801
f 1735/1210/1735 1797/1284/1797 1801/1285/1801
f 1735/1210/1735 1801/1285/1801 1736/1208/1736
f 1734/1212/1734 1793/1286/1793 1797/1284/1797
f 1734/1212/1734 1797/1284/1797 1735/1210/1735
f 1733/1214/1733 1790/1289/1790 1793/1286/1793
f 1733/1214/1733 1793/1286/1793 1734/1212/1734
f 1802/1288/1802 1803/1361/1803 1804/1362/1804
f 1802/1288/1802 1804/1362/1804 1805/1291/1805
f 1803/1361/1803 1806/1395/1806 1807/1396/1807
f 1803/1361/1803 1807/1396/1807 1804/1362/1804
f 1805/1291/1805 1804/1362/1804 1808/1363/1808
f 1805/1291/1805 1808/1363/1808 1809/1292/1809
f 1804/1362/1804 1807/1396/1807 1810/1397/1810
f 1804/1362/1804 1810/1397/1810 1808/1363/1808
f 1736/1208/1736 1801/1285/1801 1802/1288/1802
f 1736/1208/1736 1802/1288/1802 1738/1209/1738
f 1801/1285/1801 1800/1360/1800 1803/1361/1803
f 1801/1285/1801 1803/1361/1803 1802/1288/1802
f 1800/1360/1800 1799/1394/1799 1806/1395/1806
f 1800/1360/1800 1806/1395/1806 1803/1361/1803
f 1799/1394/1799 1710/1475/1710 1713/1476/1713
f 1799/1394/1799 1713/1476/1713 1806/1395/1806
f 1806/1395/1806 1713/1476/1713 1716/1477/1716
f 1806/1395/1806 1716/1477/1716 1807/1396/1807
f 1807/1396/1807 1716/1477/1716 1714/1478/1714
f 1807/1396/1807 1714/1478/1714 1810/1397/1810
f 1810/1397/1810 1714/1478/1714 1715/1479/1715
f 1810/1397/1810 1715/1479/1715 1811/1398/1811
f 1808/1363/1808 1810/1397/1810 1811/1398/1811
f 1808/1363/1808 1811/1398/1811 1812/1364/1812
f 1809/1292/1809 1808/1363/1808 1812/1364/1812
f 1809/1292/1809 1812/1364/1812 1813/1293/1813
f 1740/1213/1740 1809/1292/1809 1813/1293/1813
f 1740/1213/1740 1813/1293/1813 1741/1215/1741
f 1739/1211/1739 1805/1291/1805 1809/1292/1809
f 1739/1211/1739 1809/1292/1809 1740/1213/1740
f 1738/1209/1738 1802/1288/1802 1805/1291/1805
f 1738/1209/1738 1805/1291/1805 1739/1211/1739
f 1814/1294/1814 1815/1365/1815 1816/1366/1816
f 1814/1294/1814 1816/1366/1816 1817/1295/1817
f 1815/1365/1815 1818/1399/1818 1819/1400/1819
f 1815/1365/1815 1819/1400/1819 1816/1366/1816
f 1817/1295/1817 1816/1366/1816 1820/1367/1820
f 1817/1295/1817 1820/1367/1820 1821/1296/1821
f 1816/1366/1816 1819/1400/1819 1822/1401/1822
f 1816/1366/1816 1822/1401/1822 1820/1367/1820
f 1741/1215/1741 1813/1293/1813 1814/1294/1814
f 1741/1215/1741 1814/1294/1814 1743/1216/1743
f 1813/1293/1813 1812/1364/1812 1815/1365/1815
f 1813/1293/1813 1815/1365/1815 1814/1294/1814
f 1812/1364/1812 1811/1398/1811 1818/1399/1818
f 1812/1364/1812 1818/1399/1818 1815/1365/1815
f 1811/1398/1811 1715/1479/1715 1718/1480/1718
f 1811/1398/1811 1718/1480/1718 1818/1399/1818
f 1818/1399/1818 1718/1480/1718 1720/1481/1720
f 1818/1399/1818 1720/1481/1720 1819/1400/1819
f 1819/1400/1819 1720/1481/1720 1719/1482/1719
f 1819/1400/1819 1719/1482/1719 1822/1401/1822
f 1822/1401/1822 1719/1482/1719 134/1483/134
f 1822/1401/1822 134/1483/134 133/1402/133
f 1820/1367/1820 1822/1401/1822 133/1402/133
f 1820/1367/1820 133/1402/133 132/1368/132
f 1821/1296/1821 1820/1367/1820 132/1368/132
f 1821/1296/1821 132/1368/132 131/1297/131
f 1745/1218/1745 1821/1296/1821 131/1297/131
f 1745/1218/1745 131/1297/131 116/1219/116
f 1744/1217/1744 1817/1295/1817 1821/1296/1821
f 1744/1217/1744 1821/1296/1821 1745/1218/1745
f 1743/1216/1743 1814/1294/1814 1817/1295/1817
f 1743/1216/1743 1817/1295/1817 1744/1217/1744
f 1823/232/1823 1824/260/1824 1825/231/1825
f 1824/260/1824 109/299/109 1826/283/1826
f 1825/231/1825 1824/260/1824 1827/276/1827
f 1825/231/1825 1827/276/1827 1828/220/1828
f 1824/260/1824 1826/283/1826 1829/297/1829
f 1824/260/1824 1829/297/1829 1827/276/1827
f 1823/232/1823 112/281/112 1824/260/1824
f 112/281/112 109/299/109 1824/260/1824
f 109/299/109 1750/329/1750 1826/283/1826
f 1826/283/1826 1750/329/1750 1748/333/1748
f 1826/283/1826 1748/333/1748 1829/297/1829
f 1829/297/1829 1748/333/1748 1749/373/1749
f 1829/297/1829 1749/373/1749 1830/320/1830
f 1827/276/1827 1829/297/1829 1830/320/1830
f 1827/276/1827 1830/320/1830 1831/275/1831
f 1828/220/1828 1827/276/1827 1831/275/1831
f 1828/220/1828 1831/275/1831 1832/214/1832
f 1687/182/1687 1828/220/1828 1832/214/1832
f 1687/182/1687 1832/214/1832 1688/139/1688
f 1686/187/1686 1825/231/1825 1828/220/1828
f 1686/187/1686 1828/220/1828 1687/182/1687
f 1686/187/1686 1823/232/1823 1825/231/1825
f 1833/213/1833 1834/274/1834 1835/273/1835
f 1833/213/1833 1835/273/1835 1836/212/1836
f 1834/274/1834 1837/323/1837 1838/324/1838
f 1834/274/1834 1838/324/1838 1835/273/1835
f 1836/212/1836 1835/273/1835 1839/272/1839
f 1836/212/1836 1839/272/1839 1840/211/1840
f 1835/273/1835 1838/324/1838 1841/325/1841
f 1835/273/1835 1841/325/1841 1839/272/1839
f 1688/139/1688 1832/214/1832 1833/213/1833
f 1688/139/1688 1833/213/1833 1689/138/1689
f 1832/214/1832 1831/275/1831 1834/274/1834
f 1832/214/1832 1834/274/1834 1833/213/1833
f 1831/275/1831 1830/320/1830 1837/323/1837
f 1831/275/1831 1837/323/1837 1834/274/1834
f 1830/320/1830 1749/373/1749 1751/377/1751
f 1830/320/1830 1751/377/1751 1837/323/1837
f 1837/323/1837 1751/377/1751 1754/374/1754
f 1837/323/1837 1754/374/1754 1838/324/1838
f 1838/324/1838 1754/374/1754 1752/375/1752
f 1838/324/1838 1752/375/1752 1841/325/1841
f 1841/325/1841 1752/375/1752 1753/376/1753
f 1841/325/1841 1753/376/1753 1842/326/1842
f 1839/272/1839 1841/325/1841 1842/326/1842
f 1839/272/1839 1842/326/1842 1843/271/1843
f 1840/211/1840 1839/272/1839 1843/271/1843
f 1840/211/1840 1843/271/1843 1844/210/1844
f 1691/136/1691 1840/211/1840 1844/210/1844
f 1691/136/1691 1844/210/1844 1692/135/1692
f 1690/137/1690 1836/212/1836 1840/211/1840
f 1690/137/1690 1840/211/1840 1691/136/1691
f 1689/138/1689 1833/213/1833 1836/212/1836
f 1689/138/1689 1836/212/1836 1690/137/1690
f 1845/1464/1845 1846/1382/1846 1847/1381/1847
f 1845/1464/1845 1847/1381/1847 1848/1463/1848
f 1846/1382/1846 1849/1235/1849 1850/1233/1850
f 1846/1382/1846 1850/1233/1850 1847/1381/1847
f 1848/1463/1848 1847/1381/1847 1851/1380/1851
f 1848/1463/1848 1851/1380/1851 1852/1462/1852
f 1847/1381/1847 1850/1233/1850 1853/1232/1853
f 1847/1381/1847 1853/1232/1853 1851/1380/1851
f 1692/1562/1692 1844/1465/1844 1845/1464/1845
f 1692/1562/1692 1845/1464/1845 1696/1559/1696
f 1844/1465/1844 1843/1383/1843 1846/1382/1846
f 1844/1465/1844 1846/1382/1846 1845/1464/1845
f 1843/1383/1843 1842/1236/1842 1849/1235/1849
f 1843/1383/1843 1849/1235/1849 1846/1382/1846
f 1842/1236/1842 1753/1146/1753 1758/1145/1758
f 1842/1236/1842 1758/1145/1758 1849/1235/1849
f 1849/1235/1849 1758/1145/1758 1761/1144/1761
f 1849/1235/1849 1761/1144/1761 1850/1233/1850
f 1850/1233/1850 1761/1144/1761 1759/1143/1759
f 1850/1233/1850 1759/1143/1759 1853/1232/1853
f 1853/1232/1853 1759/1143/1759 1760/1142/1760
f 1853/1232/1853 1760/1142/1760 1854/1231/1854
f 1851/1380/1851 1853/1232/1853 1854/1231/1854
f 1851/1380/1851 1854/1231/1854 1855/1379/1855
f 1852/1462/1852 1851/1380/1851 1855/1379/1855
f 1852/1462/1852 1855/1379/1855 1856/1461/1856
f 1698/1554/1698 1852/1462/1852 1856/1461/1856
f 1698/1554/1698 1856/1461/1856 1699/1548/1699
f 1697/1557/1697 1848/1463/1848 1852/1462/1852
f 1697/1557/1697 1852/1462/1852 1698/1554/1698
f 1696/1559/1696 1845/1464/1845 1848/1463/1848
f 1696/1559/1696 1848/1463/1848 1697/1557/1697
f 1857/1460/1857 1858/1376/1858 1859/1375/1859
f 1857/1460/1857 1859/1375/1859 1860/1459/1860
f 1858/1376/1858 1861/1230/1861 1862/1229/1862
f 1858/1376/1858 1862/1229/1862 1859/1375/1859
f 1860/1459/1860 1859/1375/1859 1863/1374/1863
f 1860/1459/1860 1863/1374/1863 1864/1458/1864
f 1859/1375/1859 1862/1229/1862 1865/1234/1865
f 1859/1375/1859 1865/1234/1865 1863/1374/1863
f 1699/1548/1699 1856/1461/1856 1857/1460/1857
f 1699/1548/1699 1857/1460/1857 1702/1549/1702
f 1856/1461/1856 1855/1379/1855 1858/1376/1858
f 1856/1461/1856 1858/1376/1858 1857/1460/1857
f 1855/1379/1855 1854/1231/1854 1861/1230/1861
f 1855/1379/1855 1861/1230/1861 1858/1376/1858
f 1854/1231/1854 1760/1142/1760 1762/1141/1762
f 1854/1231/1854 1762/1141/1762 1861/1230/1861
f 1861/1230/1861 1762/1141/1762 1764/1140/1764
f 1861/1230/1861 1764/1140/1764 1862/1229/1862
f 1862/1229/1862 1764/1140/1764 1763/1138/1763
f 1862/1229/1862 1763/1138/1763 1865/1234/1865
f 1865/1234/1865 1763/1138/1763 119/1139/119
f 1865/1234/1865 119/1139/119 140/1266/140
f 1863/1374/1863 1865/1234/1865 140/1266/140
f 1863/1374/1863 140/1266/140 139/1373/139
f 1864/1458/1864 1863/1374/1863 139/1373/139
f 1864/1458/1864 139/1373/139 138/1428/138
f 1704/1551/1704 1864/1458/1864 138/1428/138
f 1704/1551/1704 138/1428/138 137/1552/137
f 1703/1550/1703 1860/1459/1860 1864/1458/1864
f 1703/1550/1703 1864/1458/1864 1704/1551/1704
f 1702/1549/1702 1857/1460/1857 1860/1459/1860
f 1702/1549/1702 1860/1459/1860 1703/1550/1703
f 96/845/96 1867/874/1867 1029/856/1029
f 1029/856/1029 1867/874/1867 1866/867/1866
f 1867/874/1867 1870/924/1870 1868/931/1868
f 1870/924/1870 1771/1060/1771 1773/1054/1773
f 1870/924/1870 1773/1054/1773 1868/931/1868
f 1866/414/1866 1867/417/1867 1869/402/1869
f 1867/417/1867 1868/415/1868 1869/402/1869
f 1868/415/1868 1773/409/1773 1869/402/1869
f 1866/414/1866 1869/402/1869 1017/390/1017
f 1029/412/1029 1866/414/1866 1017/390/1017
f 1869/402/1869 1773/409/1773 1766/387/1766
f 1869/402/1869 1766/387/1766 110/349/110
f 1017/390/1017 1869/402/1869 110/349/110
f 1017/390/1017 110/349/110 1018/332/1018
f 986/865/986 158/847/158 1000/849/1000
f 986/865/986 1000/849/1000 992/843/992
f 1870/924/1870 1872/876/1872 1871/934/1871
f 1770/1039/1770 1870/924/1870 1871/934/1871
f 1871/1083/1871 1872/1082/1872 148/1123/148
f 1872/1082/1872 986/1081/986 148/1123/148
f 1770/1085/1770 1871/1083/1871 148/1123/148
f 1874/2027/1874 159/1945/159 1873/1967/1873
f 159/1945/159 1875/1938/1875 1873/1967/1873
f 1874/2027/1874 1873/1967/1873 1876/1965/1876
f 1874/2027/1874 1876/1965/1876 1877/2029/1877
f 1873/1967/1873 1875/1938/1875 1878/1937/1878
f 1873/1967/1873 1878/1937/1878 1876/1965/1876
f 159/1945/159 1973/1900/1973 1875/1938/1875
f 1875/1938/1875 1973/1900/1973 398/1894/398
f 1875/1938/1875 398/1894/398 1878/1937/1878
f 1878/1937/1878 398/1894/398 1879/1936/1879
f 1876/1965/1876 1878/1937/1878 1879/1936/1879
f 1876/1965/1876 1879/1936/1879 1880/1963/1880
f 1877/2029/1877 1876/1965/1876 1880/1963/1880
f 1877/2029/1877 1880/1963/1880 1881/2030/1881
f 310/2076/310 1877/2029/1877 1881/2030/1881
f 309/2073/309 1874/2027/1874 1877/2029/1877
f 309/2073/309 1877/2029/1877 310/2076/310
f 1882/2032/1882 1883/1961/1883 1884/1960/1884
f 1882/2032/1882 1884/1960/1884 1885/2033/1885
f 1883/1961/1883 1886/1935/1886 1887/1934/1887
f 1883/1961/1883 1887/1934/1887 1884/1960/1884
f 1885/2033/1885 1884/1960/1884 1888/1958/1888
f 1885/2033/1885 1888/1958/1888 1889/2034/1889
f 1884/1960/1884 1887/1934/1887 1890/1933/1890
f 1884/1960/1884 1890/1933/1890 1888/1958/1888
f 310/2076/310 1881/2030/1881 1882/2032/1882
f 1881/2030/1881 1880/1963/1880 1883/1961/1883
f 1881/2030/1881 1883/1961/1883 1882/2032/1882
f 1880/1963/1880 1879/1936/1879 1886/1935/1886
f 1880/1963/1880 1886/1935/1886 1883/1961/1883
f 1879/1936/1879 398/1894/398 399/1893/399
f 1879/1936/1879 399/1893/399 1886/1935/1886
f 1886/1935/1886 399/1893/399 1887/1934/1887
f 1887/1934/1887 399/1893/399 1890/1933/1890
f 1890/1933/1890 399/1893/399 393/1891/393
f 1890/1933/1890 393/1891/393 1891/1932/1891
f 1888/1958/1888 1890/1933/1890 1891/1932/1891
f 1888/1958/1888 1891/1932/1891 1892/1959/1892
f 1889/2034/1889 1888/1958/1888 1892/1959/1892
f 1889/2034/1889 1892/1959/1892 1893/2035/1893
f 306/2078/306 1889/2034/1889 1893/2035/1893
f 306/2078/306 1885/2033/1885 1889/2034/1889
f 310/2076/310 1882/2032/1882 1885/2033/1885
f 310/2076/310 1885/2033/1885 306/2078/306
f 1894/2036/1894 1895/1962/1895 1896/1964/1896
f 1894/2036/1894 1896/1964/1896 1897/2037/1897
f 1895/1962/1895 1898/1931/1898 1899/1930/1899
f 1895/1962/1895 1899/1930/1899 1896/1964/1896
f 1897/2037/1897 1896/1964/1896 1900/1966/1900
f 1897/2037/1897 1900/1966/1900 1901/2038/1901
f 1896/1964/1896 1899/1930/1899 1902/1929/1902
f 1896/1964/1896 1902/1929/1902 1900/1966/1900
f 306/2078/306 1893/2035/1893 1894/2036/1894
f 306/2078/306 1894/2036/1894 304/2079/304
f 1893/2035/1893 1892/1959/1892 1895/1962/1895
f 1893/2035/1893 1895/1962/1895 1894/2036/1894
f 1892/1959/1892 1891/1932/1891 1898/1931/1898
f 1892/1959/1892 1898/1931/1898 1895/1962/1895
f 1891/1932/1891 393/1891/393 1898/1931/1898
f 1898/1931/1898 393/1891/393 1899/1930/1899
f 1899/1930/1899 393/1891/393 391/1888/391
f 1899/1930/1899 391/1888/391 1902/1929/1902
f 1902/1929/1902 391/1888/391 1903/1928/1903
f 1900/1966/1900 1902/1929/1902 1903/1928/1903
f 1900/1966/1900 1903/1928/1903 1904/1968/1904
f 1901/2038/1901 1900/1966/1900 1904/1968/1904
f 1901/2038/1901 1904/1968/1904 1905/2039/1905
f 304/2079/304 1901/2038/1901 1905/2039/1905
f 304/2079/304 1897/2037/1897 1901/2038/1901
f 304/2079/304 1894/2036/1894 1897/2037/1897
f 1906/2040/1906 1907/1969/1907 1908/1970/1908
f 1906/2040/1906 1908/1970/1908 1909/2041/1909
f 1907/1969/1907 1910/1927/1910 1911/1926/1911
f 1907/1969/1907 1911/1926/1911 1908/1970/1908
f 1909/2041/1909 1908/1970/1908 1912/1971/1912
f 1909/2041/1909 1912/1971/1912 1913/2043/1913
f 1908/1970/1908 1911/1926/1911 1914/1925/1914
f 1908/1970/1908 1914/1925/1914 1912/1971/1912
f 304/2079/304 1905/2039/1905 1906/2040/1906
f 304/2079/304 1906/2040/1906 303/2085/303
f 1905/2039/1905 1904/1968/1904 1907/1969/1907
f 1905/2039/1905 1907/1969/1907 1906/2040/1906
f 1904/1968/1904 1903/1928/1903 1910/1927/1910
f 1904/1968/1904 1910/1927/1910 1907/1969/1907
f 1903/1928/1903 391/1888/391 1910/1927/1910
f 1910/1927/1910 391/1888/391 64/1886/64
f 1910/1927/1910 64/1886/64 1911/1926/1911
f 1911/1926/1911 64/1886/64 1914/1925/1914
f 1914/1925/1914 64/1886/64 63/1924/63
f 1912/1971/1912 1914/1925/1914 63/1924/63
f 1912/1971/1912 63/1924/63 62/1972/62
f 1913/2043/1913 1912/1971/1912 62/1972/62
f 1913/2043/1913 62/1972/62 61/2044/61
f 71/2087/71 1913/2043/1913 61/2044/61
f 305/2086/305 1909/2041/1909 1913/2043/1913
f 305/2086/305 1913/2043/1913 71/2087/71
f 303/2085/303 1906/2040/1906 1909/2041/1909
f 303/2085/303 1909/2041/1909 305/2086/305
f 1915/697/1915 1982/669/1982 1916/668/1916
f 582/761/582 1915/697/1915 1917/688/1917
f 582/761/582 1917/688/1917 1918/749/1918
f 1915/697/1915 1916/668/1916 1919/666/1919
f 1915/697/1915 1919/666/1919 1917/688/1917
f 582/761/582 160/727/160 1915/697/1915
f 160/727/160 1982/669/1982 1915/697/1915
f 1982/669/1982 488/618/488 1916/668/1916
f 1916/668/1916 488/618/488 490/624/490
f 1916/668/1916 490/624/490 1919/666/1919
f 1919/666/1919 490/624/490 1920/665/1920
f 1917/688/1917 1919/666/1919 1920/665/1920
f 1917/688/1917 1920/665/1920 1921/686/1921
f 1918/749/1918 1917/688/1917 1921/686/1921
f 1918/749/1918 1921/686/1921 1922/750/1922
f 583/797/583 1918/749/1918 1922/750/1922
f 582/761/582 1918/749/1918 583/797/583
f 1923/751/1923 1924/684/1924 1925/685/1925
f 1923/751/1923 1925/685/1925 1926/752/1926
f 1924/684/1924 1927/663/1927 1928/662/1928
f 1924/684/1924 1928/662/1928 1925/685/1925
f 1926/752/1926 1925/685/1925 1929/687/1929
f 1926/752/1926 1929/687/1929 1930/755/1930
f 1925/685/1925 1928/662/1928 1931/661/1931
f 1925/685/1925 1931/661/1931 1929/687/1929
f 583/797/583 1922/750/1922 1923/751/1923
f 583/797/583 1923/751/1923 584/798/584
f 1922/750/1922 1921/686/1921 1924/684/1924
f 1922/750/1922 1924/684/1924 1923/751/1923
f 1921/686/1921 1920/665/1920 1927/663/1927
f 1921/686/1921 1927/663/1927 1924/684/1924
f 1920/665/1920 490/624/490 493/623/493
f 1920/665/1920 493/623/493 1927/663/1927
f 1927/663/1927 493/623/493 1928/662/1928
f 1928/662/1928 493/623/493 1931/661/1931
f 1931/661/1931 493/623/493 487/621/487
f 1931/661/1931 487/621/487 1932/660/1932
f 1929/687/1929 1931/661/1931 1932/660/1932
f 1929/687/1929 1932/660/1932 1933/689/1933
f 1930/755/1930 1929/687/1929 1933/689/1933
f 1930/755/1930 1933/689/1933 1934/756/1934
f 584/798/584 1930/755/1930 1934/756/1934
f 584/798/584 1934/756/1934 577/802/577
f 584/798/584 1926/752/1926 1930/755/1930
f 584/798/584 1923/751/1923 1926/752/1926
f 1935/757/1935 1936/690/1936 1937/691/1937
f 1935/757/1935 1937/691/1937 1938/758/1938
f 1936/690/1936 1939/659/1939 1940/658/1940
f 1936/690/1936 1940/658/1940 1937/691/1937
f 1938/758/1938 1937/691/1937 1941/692/1941
f 1938/758/1938 1941/692/1941 1942/759/1942
f 1937/691/1937 1940/658/1940 1943/657/1943
f 1937/691/1937 1943/657/1943 1941/692/1941
f 577/802/577 1934/756/1934 1935/757/1935
f 577/802/577 1935/757/1935 578/800/578
f 1934/756/1934 1933/689/1933 1936/690/1936
f 1934/756/1934 1936/690/1936 1935/757/1935
f 1933/689/1933 1932/660/1932 1939/659/1939
f 1933/689/1933 1939/659/1939 1936/690/1936
f 1932/660/1932 487/621/487 1939/659/1939
f 1939/659/1939 487/621/487 1940/658/1940
f 1940/658/1940 487/621/487 485/617/485
f 1940/658/1940 485/617/485 1943/657/1943
f 1943/657/1943 485/617/485 1944/656/1944
f 1941/692/1941 1943/657/1943 1944/656/1944
f 1941/692/1941 1944/656/1944 1945/693/1945
f 1942/759/1942 1941/692/1941 1945/693/1945
f 1942/759/1942 1945/693/1945 1946/760/1946
f 575/804/575 1942/759/1942 1946/760/1946
f 578/800/578 1938/758/1938 1942/759/1942
f 578/800/578 1942/759/1942 575/804/575
f 578/800/578 1935/757/1935 1938/758/1938
f 1947/762/1947 1948/694/1948 1949/695/1949
f 1947/762/1947 1949/695/1949 1950/763/1950
f 1948/694/1948 1951/655/1951 1952/654/1952
f 1948/694/1948 1952/654/1952 1949/695/1949
f 1950/763/1950 1949/695/1949 1953/696/1953
f 1950/763/1950 1953/696/1953 1954/764/1954
f 1949/695/1949 1952/654/1952 1955/653/1955
f 1949/695/1949 1955/653/1955 1953/696/1953
f 575/804/575 1946/760/1946 1947/762/1947
f 1946/760/1946 1945/693/1945 1948/694/1948
f 1946/760/1946 1948/694/1948 1947/762/1947
f 1945/693/1945 1944/656/1944 1951/655/1951
f 1945/693/1945 1951/655/1951 1948/694/1948
f 1944/656/1944 485/617/485 1951/655/1951
f 1951/655/1951 485/617/485 484/615/484
f 1951/655/1951 484/615/484 1952/654/1952
f 1952/654/1952 484/615/484 483/614/483
f 1952/654/1952 483/614/483 1955/653/1955
f 1955/653/1955 483/614/483 43/613/43
f 1955/653/1955 43/613/43 42/652/42
f 1953/696/1953 1955/653/1955 42/652/42
f 1953/696/1953 42/652/42 41/698/41
f 1954/764/1954 1953/696/1953 41/698/41
f 1954/764/1954 41/698/41 40/765/40
f 51/806/51 1954/764/1954 40/765/40
f 576/805/576 1950/763/1950 1954/764/1954
f 576/805/576 1954/764/1954 51/806/51
f 575/804/575 1947/762/1947 1950/763/1950
f 575/804/575 1950/763/1950 576/805/576
f 1956/2010/1956 192/2004/192 1958/2009/1958
f 192/2004/192 191/2001/191 1959/2016/1959
f 1958/2009/1958 192/2004/192 1962/2023/1962
f 191/2001/191 1957/1973/1957 1960/1947/1960
f 1957/1973/1957 27/1952/27 1960/1947/1960
f 1960/1947/1960 27/1952/27 1961/1944/1961
f 1962/2023/1962 192/2004/192 1959/2016/1959
f 191/2001/191 1960/1947/1960 1963/1951/1963
f 1959/2016/1959 191/2001/191 1963/1951/1963
f 1960/1947/1960 1961/1944/1961 1963/1951/1963
f 1964/2024/1964 1959/2016/1959 1963/1951/1963
f 1962/2023/1962 1959/2016/1959 1964/2024/1964
f 162/707/162 163/680/163 1971/676/1971
f 1966/738/1966 165/728/165 1965/739/1965
f 165/728/165 162/707/162 1965/739/1965
f 163/680/163 1967/673/1967 1971/676/1971
f 1966/738/1966 1965/739/1965 1968/744/1968
f 1968/744/1968 1965/739/1965 1970/741/1970
f 1965/739/1965 162/707/162 1970/741/1970
f 1971/676/1971 1967/673/1967 1969/671/1969
f 162/707/162 1971/676/1971 161/675/161
f 1970/741/1970 162/707/162 160/727/160
f 162/707/162 161/675/161 160/727/160
f 1971/676/1971 1969/671/1969 161/675/161
f 1972/745/1972 1970/741/1970 160/727/160
f 1973/1900/1973 1975/1899/1975 24/1885/24
f 1973/1900/1973 159/1945/159 1975/1899/1975
f 159/1945/159 1963/1951/1963 1961/1944/1961
f 159/1945/159 1961/1944/1961 1974/1940/1974
f 1975/1899/1975 159/1945/159 1974/1940/1974
f 397/1872/397 1973/1900/1973 24/1885/24
f 1974/1940/1974 1961/1944/1961 27/1952/27
f 1974/1940/1974 27/1952/27 25/1942/25
f 1975/1899/1975 1974/1940/1974 25/1942/25
f 1975/1899/1975 25/1942/25 26/1897/26
f 24/1885/24 1975/1899/1975 26/1897/26
f 1972/745/1972 1976/780/1976 194/748/194
f 1976/780/1976 582/761/582 581/817/581
f 1976/780/1976 581/817/581 1977/807/1977
f 1977/807/1977 581/817/581 579/824/579
f 1972/745/1972 194/748/194 1970/741/1970
f 194/748/194 1976/780/1976 1978/793/1978
f 1976/780/1976 1977/807/1977 1978/793/1978
f 1970/741/1970 194/748/194 1968/744/1968
f 1968/744/1968 194/748/194 1966/738/1966
f 163/680/163 93/670/93 1980/667/1980
f 93/670/93 1979/626/1979 1980/667/1980
f 163/680/163 1980/667/1980 1967/673/1967
f 1980/667/1980 1979/626/1979 1981/628/1981
f 1979/626/1979 94/612/94 1981/628/1981
f 1980/667/1980 1981/628/1981 1969/671/1969
f 1967/673/1967 1980/667/1980 1969/671/1969
f 94/612/94 489/590/489 488/618/488
f 1981/628/1981 94/612/94 488/618/488
f 1969/671/1969 1981/628/1981 1982/669/1982
f 1981/628/1981 488/618/488 1982/669/1982
f 1969/671/1969 1982/669/1982 161/675/161
f 1985/2031/1985 1956/2014/1956 1958/2011/1958
f 1983/2072/1983 1985/2031/1985 1984/2070/1984
f 1986/2088/1986 1983/2072/1983 1984/2070/1984
f 643/2115/643 1986/2088/1986 308/2099/308
f 1985/2031/1985 1958/2009/1958 1962/2023/1962
f 1984/2070/1984 1985/2031/1985 1964/2024/1964
f 1985/2031/1985 1962/2023/1962 1964/2024/1964
f 308/2099/308 1986/2088/1986 1984/2070/1984
f 308/2099/308 1984/2070/1984 309/2073/309
f 677/2127/677 1988/2119/1988 1989/2112/1989
f 677/2127/677 1989/2112/1989 1990/2117/1990
f 1987/2124/1987 641/2121/641 677/2127/677
f 641/2121/641 1988/2119/1988 677/2127/677
f 1990/2117/1990 1989/2112/1989 71/2087/71
f 1990/2117/1990 71/2087/71 69/2089/69
f 1990/2117/1990 69/2089/69 70/2090/70
f 397/1872/397 691/1858/691 400/1854/400
f 400/1854/400 690/1836/690 396/1853/396
f 396/1853/396 689/1828/689 392/1855/392
f 392/1855/392 681/1857/681 1991/1862/1991
f 396/1853/396 690/1836/690 689/1828/689
f 1991/1862/1991 681/1857/681 65/1884/65
f 1991/1862/1991 65/1884/65 64/1886/64
f 782/838/782 579/824/579 1992/836/1992
f 782/838/782 1992/836/1992 580/844/580
f 580/844/580 1993/840/1993 787/857/787
f 787/857/787 1993/840/1993 793/864/793
f 793/864/793 1993/840/1993 1994/833/1994
f 793/864/793 1994/833/1994 1995/837/1995
f 1995/837/1995 1994/833/1994 51/806/51
f 1995/837/1995 51/806/51 49/808/49
f 1995/837/1995 49/808/49 50/809/50
f 1996/579/1996 912/569/912 494/581/494
f 494/581/494 912/569/912 844/576/844
f 1997/585/1997 45/610/45 44/611/44
f 1997/585/1997 44/611/44 43/613/43
f 486/584/486 844/576/844 1997/585/1997
f 1998/1427/1998 2000/1300/2000 1999/1387/1999
f 2000/1300/2000 2002/1237/2002 1999/1387/1999
f 1999/1387/1999 2002/1237/2002 2001/1386/2001
f 312/1511/312 1217/1456/1217 1998/1427/1998
f 312/1511/312 1998/1427/1998 1050/1560/1050
f 1217/1456/1217 1222/1378/1222 2000/1300/2000
f 1217/1456/1217 2000/1300/2000 1998/1427/1998
f 1222/1378/1222 1221/1264/1221 2000/1300/2000
f 1221/1264/1221 497/1184/497 1342/1106/1342
f 1221/1264/1221 1342/1106/1342 2000/1300/2000
f 2000/1300/2000 1342/1106/1342 1347/1127/1347
f 2000/1300/2000 1347/1127/1347 2002/1237/2002
f 2002/1237/2002 1347/1127/1347 1346/1126/1346
f 2002/1237/2002 1346/1126/1346 402/1170/402
f 2002/1237/2002 402/1170/402 1468/1224/1468
f 2001/1386/2001 2002/1237/2002 1468/1224/1468
f 2001/1386/2001 1468/1224/1468 1473/1304/1473
f 2001/1386/2001 1473/1304/1473 1472/1421/1472
f 1046/1575/1046 2001/1386/2001 1472/1421/1472
f 1046/1575/1046 1472/1421/1472 219/1500/219
f 1051/1547/1051 1999/1387/1999 2001/1386/2001
f 1051/1547/1051 2001/1386/2001 1046/1575/1046
f 1050/1560/1050 1998/1427/1998 1999/1387/1999
f 1050/1560/1050 1999/1387/1999 1051/1547/1051
