# simplified by tools/simplify_meshes.py
v 0.18652565 0.03749057 0.38884836
v 0.18760801 0.11909962 0.38584150
v 0.18954871 0.16374031 0.36849143
v 0.18533873 0.03265802 0.38709905
v 0.18531180 0.09637836 0.38715292
v 0.18527477 0.16029733 0.38725391
v 0.18577377 0.18404143 0.38658786
v 0.18942079 0.00892446 0.36640508
v 0.18638778 0.00923927 0.38711179
v 0.18902143 0.16543560 0.36725144
v 0.17182257 0.17341227 -0.48534432
v 0.18242403 0.16170479 0.39270681
v 0.18264536 0.10159610 0.39264353
v 0.16125910 0.05693252 0.39321770
v 0.18376660 0.03326062 0.39225647
v 0.18216261 0.06385494 0.39760419
v 0.18471824 -0.15671994 0.38990726
v 0.18322426 -0.19867135 0.38829393
v 0.18414027 -0.18630996 0.39223964
v 0.12321294 -0.19880591 0.38818773
v 0.15904397 -0.18506061 -0.46409305
v 0.17046544 -0.18009117 -0.49653344
v 0.14059308 -0.18001056 -0.49590284
v 0.16483755 -0.00076134 -0.49717995
v 0.16364577 0.03312273 -0.49716672
v 0.13749218 0.01562151 -0.49624534
v 0.16483363 0.09893014 -0.49728327
v 0.16639377 0.14698141 -0.49748525
v 0.12674459 0.18902984 0.39189737
v 0.13762949 0.16232123 0.39300573
v 0.18392450 0.18923479 0.39122030
v 0.14238536 0.02113566 -0.49998813
v 0.08708525 0.00343379 -0.49947147
v 0.08708525 0.00439996 -0.49947147
v 0.03871970 -0.02391371 -0.49959921
v 0.02983865 -0.00071280 -0.49974993
v 0.08252526 0.03382339 -0.49974430
v 0.02809815 0.00965501 -0.49944117
v 0.08699436 0.07681587 -0.49926275
v 0.14611275 0.14422248 -0.49967682
v 0.14636860 0.14232380 -0.49981484
v 0.17710440 -0.16835055 -0.46942561
v 0.17650574 0.06543805 -0.47205022
v 0.17056148 0.09998510 -0.49782232
v 0.17559763 0.16369772 -0.46432029
v 0.17253709 0.03558406 -0.49238251
v 0.17067197 0.05217209 -0.49775923
v 0.16681127 0.17071896 -0.49775549
v 0.14080089 0.17290529 -0.49627808
v 0.17095378 0.17266221 -0.49688391
v 0.20609357 0.08957538 -0.25229861
v 0.20343263 0.09434190 -0.17212208
v 0.05217455 -0.22351445 -0.17749428
v 0.09549106 -0.21316405 0.10665509
v 0.15013199 -0.17859418 -0.25185554
v 0.13278284 -0.19077034 -0.18217272
v 0.19165184 0.06119381 -0.38811535
v 0.10061947 -0.20230461 0.36776667
v 0.15766977 -0.19829635 0.39247142
v 0.17540939 -0.19866376 0.39176696
v 0.18505258 0.03248970 0.38781611
v 0.18519734 0.03245603 0.38692400
v 0.18524447 0.09597102 0.38680281
v 0.18511318 0.09620667 0.38766799
v 0.18728599 0.13688445 0.37253399
v 0.18516368 0.16023673 0.38750640
v 0.18518771 0.18240792 0.38726714
v 0.17899875 0.18958112 0.36660643
v 0.15799238 0.18927181 0.39160774
v 0.12835468 0.19007702 0.38684320
v 0.12560200 -0.19765039 -0.39324112
v 0.12065420 -0.20460182 -0.31702546
v 0.18553307 0.14084856 -0.39177499
v 0.11433885 0.19846730 -0.25670394
v 0.07099498 -0.22018958 -0.25515814
v 0.08088841 -0.21853778 -0.17766454
v 0.06545119 -0.22172364 0.11193762
v 0.06824761 -0.22095471 0.17293137
v 0.09224444 0.21321772 0.11710148
v 0.16166255 0.15397478 0.18777317
v 0.14944552 0.16432081 0.10987620
v 0.15649996 -0.17165196 0.11384368
v 0.21769827 0.05224186 -0.18237010
v 0.20965886 0.05806013 -0.28967523
v 0.21679836 0.06114707 0.10610064
v 0.20930290 0.04241110 0.22188453
v 0.21524642 0.05448438 0.17217169
v 0.21794962 0.03621974 0.12153255
v 0.17792007 0.02882341 -0.46219837
v 0.17197726 0.00382766 -0.49473149
v 0.19137816 0.02874620 -0.38906843
v 0.19137816 0.02734912 -0.38906843
v 0.20858564 -0.00672145 -0.29168069
v 0.21552009 0.02460736 -0.23906261
v 0.21188231 0.02531943 -0.27200312
v 0.21810785 0.02691148 -0.18691592
v 0.21812805 0.02520805 -0.18691929
v 0.21789913 0.00916687 -0.18690919
v 0.21809438 0.02915690 0.12165374
v 0.21810785 0.02780359 0.12165711
v 0.21390803 0.00986689 0.18840196
v 0.21706585 -0.03309291 0.11791134
v 0.18518051 -0.01668754 0.38696776
v 0.18928991 0.01051019 0.35898233
v 0.18421494 -0.02022915 0.39177610
v 0.18346815 0.00825850 0.39255115
v 0.19082053 0.13526977 0.24109208
v 0.20722072 0.02539994 0.23448399
v 0.20876482 0.00695157 0.22207497
v 0.13734669 -0.20184240 0.24104413
v 0.02860171 -0.21895910 0.20808885
v 0.02808469 -0.04856791 -0.49944117
v 0.02813518 -0.04752431 -0.49960612
v 0.08713238 -0.10061000 -0.49941424
v 0.08694049 -0.10219560 -0.49926275
v 0.14601512 -0.15605222 -0.49968019
v 0.16342970 0.17127651 -0.49711683
v 0.14858593 -0.16045780 -0.49779421
v 0.16542949 -0.14881097 -0.49735733
v 0.16365890 -0.17744788 -0.49719225
v 0.07252868 -0.22032129 -0.03286338
v 0.05927830 -0.22248929 -0.03288357
v 0.04379595 -0.22419946 -0.03286338
v 0.13097698 -0.19196177 -0.04053330
v 0.08623354 -0.21675285 -0.03278595
v 0.18945097 -0.13773822 -0.03278785
v 0.21821221 0.02812003 -0.03279941
v 0.21822904 0.02656473 -0.03279605
v 0.21799339 0.01043939 -0.03279605
v 0.21652946 0.06055515 -0.04685688
v 0.21806408 0.03511890 -0.03283308
v 0.13572327 0.17826356 -0.04031731
v 0.18334164 -0.19857094 0.37521964
v 0.18757201 -0.16879136 0.37193913
v 0.13806103 0.00605751 -0.49931867
v 0.08175748 0.01625956 -0.49847946
v 0.03180124 -0.01434068 -0.49840118
v 0.02779854 0.00965837 -0.49852212
v 0.02774467 0.00841615 -0.49836727
v 0.08566124 0.07529423 -0.49850529
v 0.08585649 0.07683270 -0.49860965
v 0.13994766 0.14004783 -0.49931755
v 0.02717880 -0.03396990 -0.49816016
v 0.08766446 -0.05816497 -0.49853005
v 0.02773457 -0.04856791 -0.49852212
v 0.08560401 -0.10218887 -0.49860965
v 0.14329502 -0.15390779 -0.49923581
v 0.02795003 0.01007245 -0.49897996
v 0.08643216 0.07734104 -0.49892947
v 0.14513311 0.14485874 -0.49947483
v 0.02791300 -0.04891465 -0.49897996
v 0.08627730 -0.10272077 -0.49892947
v 0.14452268 -0.15647577 -0.49947646
v 0.16604395 0.02891748 -0.49757838
v 0.16547326 0.00377380 -0.49780844
v 0.16606575 0.00381756 -0.49757615
v 0.15574154 0.11557226 -0.49925192
v 0.16694223 0.09990785 -0.49777117
v 0.16581974 0.05233084 -0.49761123
v 0.17082370 0.14820940 -0.49755084
v 0.17043292 0.03147923 -0.49788127
v 0.17074385 0.00094782 -0.49761834
v 0.16892724 0.00369637 -0.49831004
v 0.17094873 -0.14503686 -0.49738879
v 0.16523424 -0.14710081 -0.49780844
v 0.16550084 -0.17621328 -0.49785274
v 0.16576614 -0.14806698 -0.49757615
v 0.18581394 0.15767354 0.39091219
v 0.18517378 0.16041852 0.38767135
v 0.18516031 0.09637836 0.38771175
v 0.18514011 0.03259069 0.38776898
v 0.15918399 0.00741657 0.39313372
v 0.12939491 0.00919717 0.39348186
v 0.15881228 -0.06494235 0.39426476
v 0.15526826 0.06374003 0.39789261
v 0.12576667 0.06374928 0.39923358
v 0.20216807 0.00920695 0.27608570
v 0.20419927 0.00954147 0.25789056
v 0.20442053 0.03962954 0.26656277
v 0.20246681 0.07440019 0.27961414
v 0.20209916 0.07269017 0.27483464
v 0.20163279 0.03411069 0.27490257
v 0.20164250 0.07043643 0.27485457
v 0.20384203 0.05367696 0.25773373
v 0.20406781 0.03006774 0.25784011
v 0.12485887 0.00613564 0.39583861
v 0.09251587 0.03706040 0.39764424
v 0.12781331 -0.19673809 0.39251472
v 0.19265951 -0.01199687 0.33518846
v 0.19767007 0.01809472 0.30123078
v 0.19767344 0.01924268 0.30122741
v 0.19192038 0.15046372 0.30303359
v 0.21132286 0.06341418 0.27390099
v 0.20468087 0.00529905 0.33085799
v 0.21391432 0.01731478 0.28928510
v 0.21213280 -0.06003269 0.27398980
v 0.20690090 -0.09548625 0.30374889
v 0.19929607 -0.13076674 0.33691861
v 0.20000640 -0.13059842 0.33720813
v 0.19060691 -0.16535981 0.36766718
v 0.20606602 -0.09530446 0.30356037
v 0.15707731 -0.17758726 0.39744591
v 0.18665839 -0.16736016 0.39359295
v 0.18459008 -0.16805477 0.39581719
v 0.19151411 -0.16634836 0.36876906
v 0.20026561 -0.13006652 0.33734615
v 0.20794510 -0.09459959 0.30349968
v 0.20984839 -0.06045722 0.27488122
v 0.20241085 -0.08100760 0.32015691
v 0.19813657 -0.13072607 0.33755996
v 0.18353094 -0.16851149 0.39380168
v 0.18578609 -0.16104300 0.39279584
v 0.16969137 -0.16206291 0.39584026
v 0.18497076 -0.19397494 0.39274809
v 0.15964176 -0.17486434 0.39617152
v 0.21415369 -0.03308016 0.26602673
v 0.21568335 -0.02894064 0.24543986
v 0.21793595 -0.00159092 0.22161446
v 0.21890930 0.00562305 0.23099459
v 0.21520767 0.06319058 0.26589783
v 0.21474031 0.06365037 0.24621308
v 0.21680917 0.00283053 0.21979271
v 0.18122606 0.04349245 0.39600473
v 0.21712483 0.05356184 0.21990988
v 0.21685101 0.06332575 0.22019532
v 0.21323623 0.04433630 0.23613910
v 0.22110946 0.04897052 0.22747857
v 0.19344112 0.06370491 0.37112529
v 0.20122416 0.06375311 0.33987619
v 0.20012267 0.05227492 0.35720477
v 0.20780145 0.06378382 0.30615976
v 0.18192209 -0.08389080 0.39289380
v 0.19630650 -0.14594755 0.31541979
v 0.18531529 -0.08607543 0.38786072
v 0.17197726 -0.07206579 -0.49472476
v 0.17135109 -0.07214322 -0.49678840
v 0.17823310 -0.03173556 -0.45994891
v 0.17031759 -0.07192440 -0.49786230
v 0.16892724 -0.07150696 -0.49831004
v 0.08363285 -0.06186851 -0.49948059
v 0.16591763 -0.07190757 -0.49757615
v 0.16560792 -0.07271215 -0.49735733
v 0.16535543 -0.07145983 -0.49780844
v 0.13307854 -0.04600640 -0.49629370
v 0.19537751 0.00908271 0.32259769
v 0.19494661 0.00932173 0.32223412
v 0.19581179 0.00930826 0.32296801
v 0.19584996 0.07357528 0.32791740
v 0.19556604 0.12041152 0.32332148
v 0.19518563 0.12082559 0.32290068
v 0.19482878 0.12009170 0.32254720
v 0.18965931 0.13079835 0.35846432
v 0.09804885 0.02534514 0.39377700
v 0.20293522 0.00972907 0.27524508
v 0.19199488 0.01690736 0.35574191
v 0.20156379 0.00967514 0.27552502
v 0.19142768 0.03815644 0.34640314
v 0.18614421 0.01268378 0.38422550
v 0.18514622 0.00906837 0.38813777
v 0.18518051 0.01027107 0.38696776
v 0.18886231 0.02522232 0.36194504
v 0.19809465 0.04420673 0.29862237
v 0.21540426 0.03035639 0.17375563
v 0.21807418 0.03032507 0.12164364
v 0.21819538 0.02924780 -0.03280278
v 0.21809102 0.02806954 -0.18691255
v 0.21552514 0.03748444 -0.23861982
v 0.20523381 0.02779127 -0.31228968
v 0.19137816 0.03014664 -0.38906507
v 0.14459841 0.06617209 -0.50007337
v 0.03227425 -0.01338001 -0.49963348
v 0.13989449 0.02448671 -0.49928677
v 0.03009154 -0.00628438 -0.49838499
v 0.00017001 -0.20000135 0.38671864
v 0.07258798 -0.19998823 0.38685779
v 0.01566738 -0.20700106 0.32215434
v 0.03269775 -0.22537061 0.11268084
v 0.01238905 -0.22658070 -0.17025552
v 0.04829429 -0.20604235 -0.35320566
v 0.09337840 -0.18557278 -0.47303855
v 0.08141613 -0.17938178 -0.49665374
v 0.00011357 -0.18464233 -0.47606934
v 0.00012941 -0.17867448 -0.49710667
v 0.08311035 -0.14324743 -0.49825403
v 0.00010313 -0.12556504 -0.49581594
v 0.08173258 -0.00061943 -0.49400434
v 0.08173258 0.00059923 -0.49400434
v 0.00009475 -0.02630219 -0.49272949
v 0.00017001 -0.01094773 -0.49236150
v 0.00017001 -0.00936886 -0.49236150
v 0.10999721 0.03419424 -0.49526987
v 0.11327327 0.14306287 -0.49793818
v 0.08236548 0.17243004 -0.49665374
v 0.00009974 0.15532087 -0.49746931
v 0.00017001 0.17243341 -0.49665374
v 0.00017001 0.17350058 -0.49476852
v 0.08211972 0.17350395 -0.49476179
v 0.00017001 0.17908217 -0.46706256
v 0.10215037 0.18064383 -0.45933385
v 0.01651053 0.21683090 -0.27845914
v 0.03299063 0.22488933 -0.17812609
v 0.03345519 0.22481369 -0.03294610
v 0.01238704 0.22654058 0.10486209
v 0.01949399 0.21294287 0.24458395
v 0.08862104 0.19442290 0.35936088
v 0.06872325 0.18923207 0.39154185
v 0.00011446 0.19003608 0.38703283
v 0.00008703 0.18883592 0.39205234
v 0.02698018 0.11975589 0.39348897
v 0.07177123 0.00919717 0.39415179
v 0.00009954 0.02603832 0.39438348
v 0.00017001 0.00919717 0.39456249
v 0.10142565 -0.00619624 0.39399338
v 0.00017001 0.00848684 0.39456923
v 0.00017001 -0.01687943 0.39482845
v 0.03409271 -0.13014924 0.39596075
v 0.00017001 -0.19162223 0.39665643
v 0.07093635 -0.19161550 0.39643761
v 0.02205879 -0.12220928 0.39629473
v 0.10457978 -0.16140346 0.39601093
v -0.00160230 0.04206177 0.39989972
v 0.00017001 0.00645014 0.39658574
v 0.06936082 0.00619484 0.39626926
v 0.00017001 0.00521801 0.39649821
v 0.00017001 0.06322547 0.40189128
v 0.00017001 0.06366648 0.40289448
v 0.06870254 0.06333752 0.40043957
v 0.00017001 0.06320527 0.40426126
v 0.07157563 0.01627012 0.40340310
v 0.07678642 0.06275303 0.40329761
v 0.00160961 0.05185238 0.40742304
v 0.07167024 -0.19639924 0.39510449
v 0.07174093 -0.19527484 0.39630969
v 0.00013548 -0.19536542 0.39632136
v 0.03691371 -0.16501619 0.39759817
v 0.06496272 -0.19849962 0.39146458
v 0.00010163 -0.19895444 0.39033703
v 0.00696440 -0.02938172 -0.49877355
v 0.00666479 -0.02022618 -0.49874844
v 0.00877985 -0.01164091 -0.49849240
v -0.18850133 0.03749020 0.38884958
v -0.18959257 0.11909501 0.38582962
v -0.19152907 0.16374552 0.36848537
v -0.18725088 0.16029733 0.38725391
v -0.18728791 0.09637836 0.38715292
v -0.18731484 0.03265802 0.38709905
v -0.18778343 0.18374994 0.38642509
v -0.19140151 0.00892125 0.36639900
v -0.18839999 0.00940420 0.38715331
v -0.19099003 0.16545127 0.36722430
v -0.17263929 -0.17891421 -0.49723101
v -0.18656210 0.18876739 0.39035706
v -0.14683761 0.18073729 -0.46915187
v -0.17695019 -0.17319172 -0.46077569
v -0.18462034 0.10159664 0.39264368
v -0.18439962 0.16170486 0.39270692
v -0.18573934 0.03326062 0.39225647
v -0.16325128 0.05695536 0.39327401
v -0.18635275 -0.16443121 0.39136636
v -0.12470214 -0.19853615 0.38771423
v -0.17292068 -0.18042685 -0.49351207
v -0.16081517 -0.18511346 -0.46409343
v -0.14217298 -0.17996411 -0.49591823
v -0.16430179 0.02510625 -0.49726933
v -0.16615454 -0.00280486 -0.49739280
v -0.16779076 0.02929615 -0.49771667
v -0.13991626 0.01764177 -0.49631046
v -0.16726085 0.09867765 -0.49757615
v -0.14404130 0.12659306 -0.49641580
v -0.16730798 0.15038647 -0.49754585
v -0.10728901 0.04979717 -0.49544527
v -0.12824159 0.18903004 0.39189572
v -0.13923512 0.16234725 0.39300859
v -0.17643047 0.18912585 0.39198721
v -0.03180560 -0.01432055 -0.49942556
v -0.08802786 0.07572514 -0.49993940
v -0.16158944 0.13779219 -0.49955734
v -0.14863423 0.14304759 -0.49952870
v -0.14837501 0.14494964 -0.49939404
v -0.08787637 0.07730064 -0.49978791
v -0.02748882 0.00974927 -0.49921561
v -0.17397020 -0.14841709 -0.49468436
v -0.17237040 0.09997213 -0.49796352
v -0.17831207 0.06533426 -0.47278634
v -0.17357087 0.17280660 -0.49386896
v -0.17264492 0.05217289 -0.49773884
v -0.17452316 0.03558534 -0.49237720
v -0.17773971 0.16327005 -0.46402584
v -0.14259462 0.05777231 -0.49977822
v -0.07448796 -0.21998128 -0.18646818
v -0.10965840 -0.20708372 -0.18163990
v -0.15963020 -0.19831393 0.39220214
v -0.10204358 -0.20218522 0.36735139
v -0.18372470 -0.19917809 0.38978581
v -0.17796055 -0.20064497 0.36490641
v -0.18702870 0.03248970 0.38781611
v -0.18708929 0.09620667 0.38766799
v -0.18722058 0.09597102 0.38680281
v -0.18717009 0.03245603 0.38692400
v -0.18713979 0.16023673 0.38750640
v -0.18945949 0.13408071 0.37115727
v -0.18718321 0.18243520 0.38723877
v -0.15992879 0.18927593 0.39160776
v -0.12994365 0.19007702 0.38684320
v -0.14407233 0.19455782 0.36004003
v -0.10600402 -0.20056461 -0.38622145
v -0.11038062 -0.20786497 -0.31348933
v -0.05400799 0.22281931 -0.17178272
v -0.20800480 0.09111020 -0.25921193
v -0.21149836 0.08396031 -0.17889112
v -0.17332721 0.00379737 -0.49679176
v -0.17395000 0.00382766 -0.49473149
v -0.17901316 0.00424511 -0.46703563
v -0.17990018 0.02881039 -0.46218347
v -0.19335427 0.02734912 -0.38906843
v -0.19335427 0.02874620 -0.38906843
v -0.19335427 0.00543010 -0.38905833
v -0.20790598 0.01492405 -0.30824955
v -0.21622224 -0.03157565 -0.25234662
v -0.21927264 0.00813337 -0.18691592
v -0.21917838 0.02520805 -0.18691929
v -0.21705916 0.02445109 -0.23905875
v -0.21915818 0.02691148 -0.18691592
v -0.21914808 0.02915690 0.12165374
v -0.21916155 0.02780359 0.12165711
v -0.21925581 0.01085346 0.12165374
v -0.21704174 0.01815992 0.17385171
v -0.18715662 -0.01668754 0.38696776
v -0.19041199 0.01163448 0.36484003
v -0.19045304 -0.00236181 0.36467381
v -0.18624591 -0.02022804 0.39170501
v -0.18544850 0.00824343 0.39253939
v -0.21390707 0.01428086 -0.27158152
v -0.21185557 0.06170237 0.22891646
v -0.21143652 0.08368113 0.18414388
v -0.21371065 0.02894574 0.20254248
v -0.21101381 0.01087775 0.22278314
v -0.20919683 0.02539994 0.23448399
v -0.02747536 -0.04866554 -0.49921561
v -0.08782251 -0.10262651 -0.49979128
v -0.08801439 -0.10103418 -0.49993940
v -0.02752585 -0.04761857 -0.49937721
v -0.14827738 -0.15669858 -0.49939740
v -0.14593409 -0.13687129 -0.49982542
v -0.05692722 -0.03882289 -0.49979800
v -0.16608660 0.17055178 -0.49726584
v -0.14344745 0.17153397 -0.49709710
v -0.16505357 -0.17734523 -0.49725018
v -0.16669192 -0.14883117 -0.49754585
v -0.15046519 -0.16059081 -0.49765916
v -0.09054166 -0.21586558 -0.03246181
v -0.21928274 0.02656473 -0.03279605
v -0.21926254 0.02812003 -0.03279941
v -0.21937700 0.00955065 -0.03279941
v -0.07917744 0.21976583 -0.03287011
v -0.03330431 0.22521789 -0.03344019
v -0.07457609 -0.21996166 -0.25379728
v -0.15205704 -0.18198113 -0.31170718
v -0.14747392 -0.18222843 -0.25568419
v -0.14954196 -0.18392779 0.20960835
v -0.18594199 -0.19502312 0.39301936
v -0.18976962 -0.16844512 0.37030860
v -0.18735941 0.14065965 -0.39027902
v -0.17854730 0.13791975 -0.27991705
v -0.17554704 0.13646280 -0.17669402
v -0.20207677 0.09862379 -0.03263446
v -0.16264214 0.15253161 -0.03199079
v -0.17433342 0.13822030 0.11412685
v -0.17572473 0.14376795 0.21030640
v -0.18398182 0.18593763 0.36566961
v -0.13387163 0.19374179 -0.38886197
v -0.08531159 0.21781116 -0.25742231
v -0.11565631 0.20317986 -0.28998383
v -0.08711686 0.21733702 -0.17493740
v -0.09195989 0.21493159 -0.03278595
v -0.07976615 0.22001297 0.11200009
v -0.10852286 0.20290660 -0.03262436
v -0.07561463 0.22054798 0.18736633
v -0.12644142 0.19001117 0.18918288
v -0.09418793 0.21533801 0.23232969
v -0.14157845 0.02121742 -0.49903615
v -0.07296504 -0.02969415 -0.49893268
v -0.08293305 0.02795416 -0.49874482
v -0.02718248 0.00975600 -0.49829321
v -0.08673177 0.07731747 -0.49913819
v -0.14638207 0.14497657 -0.49901363
v -0.12339420 -0.12417089 -0.49919684
v -0.02514437 -0.02938299 -0.49791431
v -0.08647592 -0.10261978 -0.49914155
v -0.02711851 -0.04866217 -0.49829657
v -0.00582396 -0.01457769 -0.49870691
v -0.08731080 0.07782581 -0.49945800
v -0.02733733 0.01016671 -0.49875104
v -0.14739200 0.14558590 -0.49919205
v -0.08715595 -0.10315505 -0.49945800
v -0.02729694 -0.04901228 -0.49875441
v -0.14637821 -0.15686493 -0.49919339
v -0.16796466 0.02731318 -0.49773485
v -0.16754957 0.00468130 -0.49778975
v -0.16593051 0.03088298 -0.49803973
v -0.16781295 0.15010705 -0.49770071
v -0.16724017 0.10062212 -0.49792863
v -0.16781631 0.04888436 -0.49772764
v -0.16756046 0.04977647 -0.49784210
v -0.16802888 0.16897090 -0.49789770
v -0.16977221 0.17237207 -0.49729064
v -0.17279096 0.14820954 -0.49753305
v -0.17101445 0.00371657 -0.49830330
v -0.17229370 0.00378390 -0.49786230
v -0.17292138 -0.14521677 -0.49739050
v -0.16885146 -0.17915733 -0.49739709
v -0.16726421 -0.14808044 -0.49770071
v -0.16736065 -0.17449418 -0.49767563
v -0.18779238 0.15768722 0.39096458
v -0.18714989 0.16041852 0.38767135
v -0.18713642 0.09637836 0.38771175
v -0.18711286 0.03259069 0.38776898
v -0.16114641 0.00741413 0.39313379
v -0.16069177 -0.06493340 0.39426381
v -0.12729576 0.06375919 0.39933412
v -0.15718203 0.06373911 0.39757347
v -0.20665161 0.00952462 0.25789056
v -0.20397012 0.00920904 0.27607792
v -0.20649117 0.04376778 0.26720009
v -0.20006065 0.07761307 0.31865610
v -0.20390847 0.07260771 0.27475640
v -0.20345511 0.03410971 0.27489315
v -0.20634284 0.05330051 0.25770367
v -0.20345028 0.07043643 0.27485457
v -0.20652391 0.03004566 0.25784435
v -0.17409800 0.00821589 0.39997790
v -0.15980580 0.03273431 0.39601498
v -0.12938058 -0.19647160 0.39204303
v -0.19964619 0.01809472 0.30123078
v -0.19964955 -0.00364251 0.30121731
v -0.19964619 0.01924268 0.30122741
v -0.14527226 0.20090850 0.30429708
v -0.20448465 0.06334578 0.33964911
v -0.21088939 -0.05996269 0.27386216
v -0.20796134 -0.09532803 0.30534796
v -0.20710289 -0.09514624 0.30515944
v -0.20087931 -0.13008884 0.33619578
v -0.19430483 -0.16522984 0.36762048
v -0.18795560 0.01487122 0.39415127
v -0.18954271 0.00555110 0.39739326
v -0.17274492 -0.16785029 0.39724588
v -0.18650605 -0.16281266 0.39607402
v -0.19485908 -0.16511136 0.36866769
v -0.20270284 -0.12909704 0.33675246
v -0.20921314 -0.09379496 0.30509449
v -0.21337078 -0.05892544 0.27384220
v -0.21036749 -0.00754660 0.28334318
v -0.20676644 -0.08643689 0.30390886
v -0.19495277 -0.11310904 0.37186587
v -0.19334187 -0.16589475 0.36795812
v -0.18685028 -0.16338941 0.39394976
v -0.18012708 -0.19240609 0.39554322
v -0.14565229 -0.16623621 0.39653840
v -0.16510874 -0.16194968 0.39603454
v -0.21651327 0.00016509 0.22014982
v -0.21555858 -0.02937237 0.24624379
v -0.21843208 -0.01200004 0.23789848
v -0.21712917 0.00751791 0.21989480
v -0.21392843 -0.00943875 0.24188910
v -0.21284846 0.03368966 0.25913085
v -0.20419693 0.02917957 0.32553472
v -0.21756645 0.06281453 0.21994771
v -0.21613384 0.06380426 0.24623704
v -0.19670034 0.06368972 0.37027862
v -0.21140029 0.06379461 0.29130460
v -0.21268417 0.00406283 0.29090707
v -0.21817419 0.02197550 0.25887099
v -0.19163570 0.05912581 0.39776580
v -0.17828694 0.05088063 0.40166422
v -0.18651032 -0.08616088 0.39130550
v -0.20349181 -0.07842312 0.27499005
v -0.21799248 -0.04740645 0.15803663
v -0.21023176 -0.09572438 0.21836229
v -0.21812301 -0.06398431 -0.17353760
v -0.20730138 -0.11973390 -0.25669039
v -0.20773212 -0.07614184 -0.31104336
v -0.17999337 -0.10378358 -0.46166397
v -0.17332721 -0.07214322 -0.49678840
v -0.17395337 -0.07206579 -0.49472476
v -0.17229370 -0.07192440 -0.49786230
v -0.13515819 -0.02999504 -0.49916843
v -0.16693767 -0.07381299 -0.49757615
v -0.16746283 -0.07264146 -0.49772427
v -0.16733154 -0.07167528 -0.49784210
v -0.13478919 -0.04601521 -0.49611588
v -0.19711797 0.00932173 0.32223412
v -0.19754888 0.00908271 0.32259769
v -0.19798315 0.00930826 0.32296801
v -0.19773740 0.12041152 0.32332148
v -0.19735699 0.12082559 0.32290068
v -0.19700015 0.12009170 0.32254720
v -0.19172806 0.13077773 0.35845448
v -0.12960546 0.01133795 0.39348867
v -0.19407824 0.01687592 0.35573475
v -0.20474300 0.00972907 0.27524508
v -0.20336690 0.00967549 0.27550853
v -0.18810175 0.01267655 0.38426088
v -0.19354707 0.03816900 0.34641203
v -0.18713370 0.00905885 0.38813755
v -0.18715325 0.01027107 0.38696776
v -0.19082694 0.02527186 0.36200456
v -0.20002335 0.04412456 0.29893932
v -0.21696008 0.03045942 0.17376113
v -0.21525411 0.04333994 0.19119436
v -0.21901679 0.03612211 0.12153255
v -0.21913125 0.03032507 0.12164364
v -0.21914135 0.02806954 -0.18691255
v -0.21924571 0.02924780 -0.03280278
v -0.21913462 0.03497751 -0.03283308
v -0.21708476 0.03769260 -0.23888933
v -0.20721010 0.02777685 -0.31228964
v -0.21379056 0.02678579 -0.27203904
v -0.19335427 0.03014664 -0.38906507
v -0.13349957 0.00370226 -0.50022913
v -0.08164031 0.02503951 -0.49999587
v -0.01733406 -0.01345480 -0.49744251
v -0.16690665 0.03783172 -0.49754788
v -0.07309872 -0.19997500 0.38683174
v -0.03845776 -0.21870892 0.20981569
v -0.01190949 -0.22617410 0.12085551
v -0.01116881 -0.22677955 -0.03378563
v -0.00442809 -0.21999320 -0.26440115
v -0.08185041 -0.17938178 -0.49665374
v -0.09418504 -0.18558602 -0.47294243
v -0.08357326 -0.14317379 -0.49826074
v -0.08216686 0.00059923 -0.49400434
v -0.08216349 -0.00061943 -0.49400434
v -0.02624667 0.02929212 -0.49326476
v -0.08279638 0.17243004 -0.49665374
v -0.08266846 0.17022838 -0.49728327
v -0.08255063 0.17350395 -0.49476179
v -0.02632287 0.19521929 -0.38690801
v -0.04215883 0.21876350 -0.26767943
v -0.01206457 0.22602925 -0.18625574
v -0.03424791 0.22457528 0.11908113
v -0.00556222 0.22115429 0.17864929
v -0.03701656 0.19727399 0.34139749
v -0.06950203 0.18931706 0.39139460
v -0.07220550 0.00919717 0.39415179
v -0.08286387 0.04528246 0.39379810
v -0.10244269 -0.00616994 0.39399811
v -0.06844378 -0.12934101 0.39572748
v -0.10624391 -0.18669570 0.39492418
v -0.08120752 0.03807855 0.39806436
v -0.06917555 0.06333496 0.40087580
v -0.07333399 0.05434403 0.40712025
v -0.12360820 0.00691784 0.40043765
v -0.07217184 -0.19527484 0.39630969
v -0.07210114 -0.19639924 0.39510449
v -0.11142311 -0.18109605 0.39677456
v -0.06537407 -0.19851152 0.39147190
v -0.00585951 -0.02925131 -0.49876846
v -0.00569569 -0.02250713 -0.49870831
v -0.01486918 -0.01422316 -0.49996091
v 0.15555169 0.05823497 -0.49867351
v 0.16619765 0.16780136 -0.49765082
v 0.16682995 0.15656235 -0.49879720
v 0.16569642 0.03305496 -0.49870663
v 0.14581197 -0.01954400 -0.50005312
v 0.16643314 -0.13828169 -0.49873294
v 0.14501016 -0.11363621 -0.50036514
v 0.16969373 -0.17414057 -0.49820591
v 0.15807396 -0.15009924 -0.49860364
v 0.16406608 0.00354488 -0.49791953
v 0.16395835 -0.07093803 -0.49791953
v 0.16550023 0.03161970 -0.49765816
v -0.16648319 0.00362231 -0.49790606
v -0.16637210 -0.07107269 -0.49790606
v -0.16638295 -0.13714640 -0.49800812
v -0.16600412 -0.17477461 -0.49805966
v -0.17166806 -0.17339717 -0.49834296
v -0.16856182 -0.14012761 -0.49873529
v -0.16645424 -0.06751112 -0.49907661
v -0.17183054 0.03114013 -0.49819876
v -0.16965440 0.04954081 -0.49848173
v -0.17224373 0.17055266 -0.49791499
v -0.16630105 0.15270879 -0.49797826
v -0.14609494 0.07314104 -0.49879648
v -0.18937818 -0.16221846 0.39230206
v -0.18935199 -0.18940440 0.38920927
v -0.18752570 0.06368178 0.39571538
v -0.18791550 0.00521893 0.39463256
v -0.18897452 -0.17830856 0.39002758
v 0.18817015 -0.16280953 0.38040634
v 0.18607752 0.00450520 0.39437140
v 0.18777121 0.05336067 0.40000818
v 0.18815925 0.06367912 0.39372022
v 0.19469877 0.00845613 0.37668097
v 0.19407198 -0.13929251 0.36826411
v 0.18751717 -0.18965806 0.39107782
v 0.18673103 -0.18960576 0.38903786
v 0.09747708 -0.21451892 0.19445092
v 0.16282040 -0.16804235 0.19138766
v 0.14787568 -0.20644438 0.30637678
v 0.17449224 -0.17147419 -0.39321736
v 0.19903753 -0.12758655 -0.32789268
v 0.19887619 -0.12726736 -0.17895561
v 0.20742703 -0.11028364 -0.25539206
v 0.20396572 -0.11779415 0.11309836
v 0.21443059 -0.07714712 -0.02685407
v 0.20564806 -0.11471178 0.20471806
v 0.19179431 -0.02439097 -0.38500578
v 0.21494183 -0.01259066 -0.23776391
v 0.21548229 -0.05812426 -0.17333062
v 0.20168122 -0.05579645 0.26700286
v 0.18442565 0.12994433 -0.28630843
v 0.16122860 0.15211854 -0.18109502
v 0.19719786 0.10429749 0.11683047
v 0.19739633 0.10404289 -0.02466049
v 0.20444373 0.09432121 0.19007024
v 0.10891310 0.19644663 -0.38878653
v 0.13637870 0.18740635 -0.33956090
v 0.10099965 0.20666702 -0.17992509
v 0.05911877 0.22045357 -0.25688461
v 0.09846470 0.21171241 0.20524744
v 0.13493782 0.20307917 0.30053773
v 0.08912121 0.20977537 -0.31290250
v 0.06700914 0.22107499 -0.16854997
v 0.07562859 0.21949322 -0.02399660
v 0.05296624 0.22292224 0.11190540
v 0.06083541 0.21899399 0.20267569
v -0.12276327 0.19141883 -0.17991440
v -0.12183442 0.19238138 0.11449698
v -0.21165098 0.08255905 -0.03284991
v -0.20715501 0.09129079 0.11064578
v -0.21638085 0.06849398 -0.03296437
v -0.19659275 0.14297504 0.30027969
v -0.19277958 0.06086586 -0.39254716
v -0.21125404 0.06014533 -0.29446075
v -0.21882692 0.04320355 -0.18482971
v -0.21860608 0.05034540 -0.03292397
v -0.21795037 0.06148740 0.11429966
v -0.16743117 -0.17768251 -0.38925123
v -0.16844616 -0.16171107 -0.17799184
v -0.15800215 -0.17159407 0.11454606
v -0.16894363 -0.16260809 -0.03275481
v -0.20406796 -0.12557139 0.18563132
v -0.19333753 -0.14210817 -0.31086009
v -0.19506391 -0.11582929 -0.38912241
v -0.20451715 -0.12207943 -0.17822917
v -0.21758690 -0.08334680 -0.02694673
v -0.20607718 -0.12029154 0.11483248
v -0.18957845 -0.16889566 0.28470496
v -0.05900217 -0.21322590 -0.30828607
v -0.04358926 -0.22435196 -0.18162796
v -0.06062825 -0.22236810 -0.03288021
v -0.07736223 -0.22069250 0.10872277
v -0.08296787 -0.21887507 0.18607051
v -0.10914780 -0.21301761 0.27467810
v 0.01082693 -0.00716554 0.39855657
v 0.14776815 0.03225818 0.40375119
v 0.18023654 0.00574485 0.39986516
v 0.15002164 -0.07230161 0.39780093
v 0.17977074 -0.02724818 0.39800311
v 0.18744014 0.00320269 0.39622967
v 0.18818554 -0.02479797 0.39480512
v 0.19726748 0.00520070 0.34968882
v 0.18810970 -0.02506196 0.39054410
v 0.18515560 -0.02315318 0.39470492
v 0.16897086 -0.02561921 0.39575684
v 0.18028650 0.00654288 0.39597275
v 0.10036880 -0.01134903 0.39571817
v 0.00017001 0.00365934 0.39639048
v -0.04582265 -0.04696009 0.39570887
v -0.06952672 0.00297507 0.39614593
v -0.12612028 0.00311540 0.39564926
v -0.14292966 -0.02420137 0.39567252
v -0.16470760 0.00608331 0.39562043
v -0.17982803 -0.02705219 0.39572116
v -0.18593427 0.00207137 0.39536537
v -0.18877208 -0.02697402 0.39345291
v -0.19433929 0.01835819 0.37393425
v -0.20601010 -0.05607111 0.32981759
v -0.19008444 -0.02723488 0.39487464
v -0.18090299 -0.03135288 0.39805031
v -0.06719667 -0.04318117 0.39736232
v 0.21621619 0.01232789 0.22006565
v 0.18836647 0.03367242 0.39973379
v -0.19125682 0.03368410 0.39862914
v -0.20279262 0.01474605 0.35806282
v -0.21727508 0.03523484 0.21987523
v -0.18860659 0.03400676 0.39347762
v 0.19401368 0.03866424 0.36329072
v 0.20876074 0.01612103 0.28954615
v 0.03572592 -0.09972433 0.39781134
v 0.18192667 -0.09387335 0.39736357
v 0.20370432 -0.06680763 0.32872318
v 0.18789716 -0.09069291 0.39381691
v 0.21322200 -0.01109716 0.24778911
v 0.18715441 -0.09207581 0.39179613
v 0.18366224 -0.09543912 0.39451200
v 0.15903363 -0.09209832 0.39608579
v -0.16708927 -0.09207683 0.39652822
v -0.18764139 -0.09519674 0.39394307
v -0.19915499 -0.02860487 0.35633036
v -0.19603989 -0.10742398 0.37407258
v -0.18907887 -0.09737820 0.39445140
v -0.18767169 -0.09814239 0.39592928
v -0.15493701 -0.10167156 0.39768867
v -0.18400139 -0.09073849 0.39738938
v 0.09979364 -0.10585495 0.49525666
v 0.10013810 -0.10586167 0.49558380
v 0.09944689 -0.10620506 0.49525329
v 0.09954788 -0.10595931 0.49525329
v 0.10025821 -0.10594584 0.43176524
v 0.10015385 -0.10619159 0.43176187
v 0.10082315 -0.10595900 0.43136660
v 0.09945026 -0.10858851 0.49525329
v 0.10000479 -0.10880987 0.49566366
v 0.10044000 -0.10893526 0.49526339
v 0.09955125 -0.10883426 0.49525329
v 0.10026157 -0.10884100 0.43175177
v 0.10050733 -0.10894199 0.43175514
v 0.10016058 -0.10859524 0.43175177
v 0.10100552 -0.10892705 0.43143069
v 0.10114359 -0.10584148 0.43177534
v 0.10078674 -0.10858851 0.49526676
v 0.10068575 -0.10883426 0.49526676
v 0.10139607 -0.10883763 0.43176524
v 0.10149706 -0.10859188 0.43176860
v 0.10078338 -0.10620169 0.49526676
v 0.10068238 -0.10595594 0.49526676
v 0.10138934 -0.10594584 0.43177534
v 0.10149370 -0.10619159 0.43177870
v 0.04788283 -0.19453758 0.49522299
v 0.04803212 -0.19483867 0.49555368
v 0.04741153 -0.19438946 0.49521963
v 0.04767748 -0.19436589 0.49521963
v 0.04801413 -0.19478333 0.43128720
v 0.04774818 -0.19480690 0.43128720
v 0.04814807 -0.19519771 0.43084793
v 0.04529739 -0.19548692 0.49521963
v 0.04525266 -0.19619439 0.49552201
v 0.04544215 -0.19652716 0.49522973
v 0.04512570 -0.19569228 0.49521963
v 0.04544215 -0.19611645 0.43128047
v 0.04546572 -0.19638240 0.43128047
v 0.04561384 -0.19591447 0.43128047
v 0.04570602 -0.19681307 0.43095236
v 0.04851573 -0.19552396 0.43129393
v 0.04591346 -0.19667528 0.49523309
v 0.04564750 -0.19669548 0.49523309
v 0.04596395 -0.19711966 0.43128720
v 0.04622990 -0.19709609 0.43128720
v 0.04803096 -0.19557445 0.49523309
v 0.04819928 -0.19537247 0.49523309
v 0.04853593 -0.19578654 0.43129393
v 0.04836424 -0.19599189 0.43129393
v -0.09782089 -0.10968934 0.49525666
v -0.09822363 -0.10954721 0.49567680
v -0.09792441 -0.10696997 0.49577104
v -0.09757514 -0.10958498 0.49525329
v -0.09828546 -0.10959508 0.43174840
v -0.09818447 -0.10934933 0.43174840
v -0.09879315 -0.10971647 0.43142771
v -0.09748761 -0.10695241 0.49525329
v -0.09848072 -0.10661240 0.49526339
v -0.09759197 -0.10671003 0.49525329
v -0.09830229 -0.10670329 0.43176524
v -0.09854805 -0.10660230 0.43176524
v -0.09819793 -0.10694568 0.43176187
v -0.09887274 -0.10673339 0.43135592
v -0.09917084 -0.10969944 0.43175850
v -0.09882746 -0.10696251 0.49526676
v -0.09872647 -0.10671676 0.49526676
v -0.09943342 -0.10671003 0.43177534
v -0.09953442 -0.10695578 0.43177534
v -0.09881400 -0.10934596 0.49526676
v -0.09870964 -0.10959172 0.49526676
v -0.09941659 -0.10960182 0.43176187
v -0.09952095 -0.10935606 0.43176187
v -0.01228926 -0.20547521 0.49521963
v -0.01234520 -0.20580864 0.49555124
v -0.01258214 -0.20508133 0.49521626
v -0.01235322 -0.20521936 0.49521626
v -0.01244748 -0.20569066 0.43122660
v -0.01267640 -0.20555264 0.43122660
v -0.01258278 -0.20610311 0.43079158
v -0.01493866 -0.20472449 0.49521626
v -0.01539006 -0.20527078 0.49551933
v -0.01543017 -0.20565027 0.49522636
v -0.01519788 -0.20478845 0.49521626
v -0.01531571 -0.20525639 0.43122997
v -0.01545373 -0.20548531 0.43123334
v -0.01505649 -0.20519243 0.43122997
v -0.01551217 -0.20597903 0.43090251
v -0.01248115 -0.20657941 0.43123334
v -0.01514065 -0.20604751 0.49522973
v -0.01536620 -0.20590948 0.49522973
v -0.01548403 -0.20637405 0.43123670
v -0.01525511 -0.20651208 0.43123670
v -0.01278076 -0.20640435 0.49522973
v -0.01252155 -0.20634039 0.49522973
v -0.01261917 -0.20680833 0.43123334
v -0.01287502 -0.20687229 0.43123670
v 0.08972456 -0.15104293 0.49523983
v 0.09003012 -0.15120540 0.49557122
v 0.08925662 -0.15119442 0.49523646
v 0.08946197 -0.15102273 0.49523646
v 0.09009823 -0.15123145 0.43152285
v 0.08989288 -0.15140314 0.43151949
v 0.09044913 -0.15148929 0.43108776
v 0.08817599 -0.15332202 0.49523646
v 0.08856305 -0.15392444 0.49553830
v 0.08889977 -0.15407948 0.49524656
v 0.08815579 -0.15358461 0.49523646
v 0.08878195 -0.15380679 0.43150939
v 0.08895364 -0.15400878 0.43150939
v 0.08880215 -0.15354421 0.43150939
v 0.08940137 -0.15422370 0.43118341
v 0.09093312 -0.15154117 0.43152958
v 0.08936771 -0.15392798 0.49524993
v 0.08916572 -0.15409967 0.49524993
v 0.08979189 -0.15432186 0.43151949
v 0.08999387 -0.15415017 0.43151949
v 0.09044835 -0.15180375 0.49524993
v 0.09047191 -0.15153780 0.49524993
v 0.09110817 -0.15174315 0.43153295
v 0.09108461 -0.15200910 0.43153295
v -0.09369698 -0.07923299 0.49525666
v -0.09394085 -0.07921998 0.49554462
v -0.09296119 -0.07660845 0.49576257
v -0.09343103 -0.07920942 0.49525329
v -0.09411105 -0.07900743 0.43176524
v -0.09393936 -0.07880208 0.43176187
v -0.09463224 -0.07896795 0.43144322
v -0.09253892 -0.07673171 0.49525329
v -0.09338053 -0.07610218 0.49526339
v -0.09256248 -0.07646576 0.49525329
v -0.09323577 -0.07624357 0.43176524
v -0.09343776 -0.07607188 0.43176524
v -0.09321221 -0.07650615 0.43176187
v -0.09393178 -0.07588135 0.43147722
v -0.09498633 -0.07883574 0.43177534
v -0.09381480 -0.07632773 0.49526676
v -0.09364311 -0.07612574 0.49526676
v -0.09431641 -0.07590019 0.43177534
v -0.09448810 -0.07610555 0.43177870
v -0.09453523 -0.07860346 0.49526676
v -0.09451166 -0.07886941 0.49526676
v -0.09519169 -0.07866405 0.43177534
v -0.09521525 -0.07839810 0.43177870
v -0.09628579 -0.12503366 0.49524993
v -0.09662893 -0.12508419 0.49557878
v -0.09599964 -0.12463642 0.49524656
v -0.09606023 -0.12489564 0.49524656
v -0.09675709 -0.12497643 0.43166424
v -0.09669649 -0.12472058 0.43166424
v -0.09719262 -0.12497506 0.43123120
v -0.09638341 -0.12228327 0.49524656
v -0.09704337 -0.12202117 0.49554879
v -0.09741692 -0.12209811 0.49525666
v -0.09652480 -0.12205435 0.49524656
v -0.09722503 -0.12212504 0.43168108
v -0.09748424 -0.12206445 0.43168444
v -0.09708700 -0.12235060 0.43167771
v -0.09796581 -0.12214946 0.43136019
v -0.09761890 -0.12522219 0.43167434
v -0.09770306 -0.12249872 0.49526003
v -0.09764247 -0.12223950 0.49526003
v -0.09834606 -0.12230683 0.43169117
v -0.09840665 -0.12256605 0.43169117
v -0.09731929 -0.12485188 0.49526003
v -0.09717790 -0.12507743 0.49526003
v -0.09787812 -0.12516159 0.43167771
v -0.09801615 -0.12493604 0.43167771
v 0.08187734 -0.16432024 0.49523646
v 0.08214531 -0.16452248 0.49556593
v 0.08139257 -0.16439767 0.49522973
v 0.08161812 -0.16425965 0.49523309
v 0.08219715 -0.16453233 0.43145216
v 0.08197160 -0.16467036 0.43144879
v 0.08250610 -0.16484084 0.43101446
v 0.07999212 -0.16633002 0.49522973
v 0.08027177 -0.16697967 0.49553317
v 0.08058799 -0.16719183 0.49523983
v 0.07992816 -0.16658924 0.49522973
v 0.08049709 -0.16687202 0.43143869
v 0.08063512 -0.16709757 0.43143869
v 0.08055769 -0.16661280 0.43143869
v 0.08104869 -0.16737957 0.43111321
v 0.08297817 -0.16496997 0.43145889
v 0.08107276 -0.16711441 0.49524319
v 0.08084720 -0.16725243 0.49524319
v 0.08141277 -0.16753521 0.43144879
v 0.08164169 -0.16739719 0.43144879
v 0.08247320 -0.16518206 0.49524656
v 0.08253717 -0.16492621 0.49524319
v 0.08311620 -0.16519552 0.43145889
v 0.08305560 -0.16545474 0.43145889
v 0.07986756 -0.04803601 0.49525666
v 0.08002068 -0.04784534 0.49554335
v 0.08155057 -0.05018244 0.49576200
v 0.07972954 -0.04826156 0.49525329
v 0.08029510 -0.04783739 0.43176524
v 0.08035907 -0.04809324 0.43176187
v 0.08063764 -0.04743591 0.43144484
v 0.08120068 -0.05044639 0.49525329
v 0.08220389 -0.05014341 0.49526339
v 0.08142623 -0.05058778 0.49525329
v 0.08200527 -0.05017708 0.43176524
v 0.08226448 -0.05011311 0.43176524
v 0.08177971 -0.05003905 0.43176187
v 0.08271051 -0.04982915 0.43147732
v 0.08095156 -0.04723142 0.43177534
v 0.08228131 -0.04965864 0.49526676
v 0.08234191 -0.04991786 0.49526676
v 0.08292094 -0.04950715 0.43177534
v 0.08286035 -0.04925130 0.43177870
v 0.08087413 -0.04773303 0.49526676
v 0.08064522 -0.04759500 0.49526676
v 0.08121078 -0.04716746 0.43177534
v 0.08143970 -0.04730549 0.43177870
v 0.01466935 -0.00968867 0.49525666
v 0.01464257 -0.00944688 0.49554378
v 0.01737442 -0.01001765 0.49576191
v 0.01473331 -0.00994789 0.49525329
v 0.01483094 -0.00924766 0.43176524
v 0.01505649 -0.00938569 0.43176187
v 0.01479005 -0.00872243 0.43144442
v 0.01731538 -0.01045286 0.49525329
v 0.01781362 -0.00953045 0.49526339
v 0.01757460 -0.01039226 0.49525329
v 0.01769579 -0.00969204 0.43176524
v 0.01783382 -0.00946648 0.43176524
v 0.01743658 -0.00975600 0.43176187
v 0.01794630 -0.00894773 0.43147695
v 0.01486797 -0.00835219 0.43177534
v 0.01752410 -0.00913320 0.49526676
v 0.01774966 -0.00927123 0.49526676
v 0.01787085 -0.00857101 0.43177534
v 0.01764193 -0.00843298 0.43177870
v 0.01516422 -0.00876626 0.49526676
v 0.01490836 -0.00882686 0.49526676
v 0.01500599 -0.00812663 0.43177534
v 0.01526521 -0.00806267 0.43177870
v 0.02973425 -0.01301137 0.49525666
v 0.02974574 -0.01276914 0.49554391
v 0.03235370 -0.01375898 0.49576299
v 0.02975445 -0.01327732 0.49525329
v 0.02995980 -0.01259729 0.43176524
v 0.03016516 -0.01277235 0.43176187
v 0.03000202 -0.01207629 0.43144548
v 0.03222880 -0.01417953 0.49525329
v 0.03286169 -0.01334128 0.49526339
v 0.03249475 -0.01415596 0.49525329
v 0.03272030 -0.01348604 0.43176524
v 0.03289536 -0.01328405 0.43176524
v 0.03245772 -0.01350623 0.43176187
v 0.03308629 -0.01279017 0.43147766
v 0.03013486 -0.01172201 0.43177534
v 0.03263951 -0.01290364 0.49526676
v 0.03284149 -0.01307869 0.49526676
v 0.03306705 -0.01240540 0.43177534
v 0.03286506 -0.01223371 0.43177870
v 0.03036715 -0.01217648 0.49526676
v 0.03010120 -0.01219668 0.49526676
v 0.03030655 -0.01152002 0.43177534
v 0.03057250 -0.01149646 0.43177870
v -0.00116311 -0.00875953 0.49525666
v -0.00122752 -0.00852558 0.49554491
v 0.00156072 -0.00865227 0.49576268
v -0.00105875 -0.00900528 0.49525329
v -0.00107558 -0.00829832 0.43176524
v -0.00082983 -0.00839595 0.43176187
v -0.00120020 -0.00778771 0.43144422
v 0.00157045 -0.00909281 0.49525329
v 0.00191383 -0.00809970 0.49526339
v 0.00181620 -0.00898845 0.49525329
v 0.00182294 -0.00827812 0.43176524
v 0.00192393 -0.00803237 0.43176524
v 0.00157719 -0.00838248 0.43176187
v 0.00195384 -0.00750462 0.43147686
v -0.00118331 -0.00740958 0.43177534
v 0.00156372 -0.00775296 0.49526676
v 0.00180947 -0.00785395 0.49526676
v 0.00181620 -0.00714699 0.43177534
v 0.00157045 -0.00704600 0.43177870
v -0.00082310 -0.00776979 0.49526676
v -0.00106548 -0.00787078 0.49526676
v -0.00108232 -0.00716383 0.43177534
v -0.00083657 -0.00705947 0.43177870
v -0.05508032 -0.18893243 0.49522636
v -0.05528503 -0.18921148 0.49555761
v -0.05516112 -0.18844766 0.49522299
v -0.05501973 -0.18867321 0.49522299
v -0.05542370 -0.18906709 0.43131750
v -0.05556509 -0.18884153 0.43131750
v -0.05573169 -0.18937384 0.43088130
v -0.05710357 -0.18706741 0.49522299
v -0.05775282 -0.18735257 0.49552644
v -0.05796201 -0.18767001 0.49523309
v -0.05736278 -0.18700681 0.49522299
v -0.05778359 -0.18738722 0.43132760
v -0.05800914 -0.18752861 0.43132760
v -0.05752437 -0.18744782 0.43132423
v -0.05828713 -0.18793999 0.43099963
v -0.05585461 -0.18984811 0.43132423
v -0.05788122 -0.18815478 0.49523646
v -0.05802261 -0.18792922 0.49523646
v -0.05844342 -0.18830963 0.43133433
v -0.05830203 -0.18853519 0.43133433
v -0.05593877 -0.18953839 0.49523646
v -0.05567955 -0.18959899 0.49523646
v -0.05608016 -0.18998613 0.43132423
v -0.05633938 -0.18992890 0.43132760
v 0.02113295 -0.20192023 0.41388597
v 0.02107034 -0.20181396 0.42624636
v 0.02087783 -0.20165027 0.41411412
v 0.02076264 -0.20171487 0.42641257
v 0.01814690 -0.20217271 0.41388934
v 0.01787839 -0.20241193 0.41410870
v 0.01786032 -0.20241466 0.42607665
v 0.01820076 -0.20401417 0.41387251
v 0.01826562 -0.20420623 0.42623210
v 0.01845796 -0.20428396 0.41410004
v 0.01857444 -0.20430368 0.42639573
v 0.02119018 -0.20373138 0.41387587
v 0.02146664 -0.20348959 0.41409739
v 0.02147429 -0.20357213 0.42607221
v 0.02137131 -0.20274673 0.42679120
v 0.01793489 -0.20328247 0.41347072
v 0.02143566 -0.20264795 0.41347928
v 0.01819955 -0.20334585 0.42693918
v -0.08794370 -0.06445086 0.49525666
v -0.08818422 -0.06440379 0.49554327
v -0.08680075 -0.06197884 0.49576246
v -0.08767775 -0.06447106 0.49525329
v -0.08831738 -0.06416135 0.43176524
v -0.08811539 -0.06398966 0.43176187
v -0.08882592 -0.06403965 0.43144343
v -0.08640523 -0.06216840 0.49525329
v -0.08713238 -0.06141095 0.49526339
v -0.08638503 -0.06190245 0.49525329
v -0.08701119 -0.06157254 0.43176524
v -0.08718625 -0.06137392 0.43176524
v -0.08703139 -0.06183849 0.43176187
v -0.08764389 -0.06110602 0.43147577
v -0.08915562 -0.06385500 0.43177534
v -0.08759695 -0.06156581 0.49526676
v -0.08739497 -0.06139075 0.49526676
v -0.08802449 -0.06106421 0.43177534
v -0.08822648 -0.06123589 0.43177870
v -0.08867085 -0.06369678 0.49526676
v -0.08869105 -0.06396273 0.49526676
v -0.08933068 -0.06365301 0.43177534
v -0.08931048 -0.06338706 0.43177870
v 0.09433997 -0.07514947 0.49525666
v 0.09454416 -0.07501500 0.49554383
v 0.09528179 -0.07770764 0.49576303
v 0.09414135 -0.07532453 0.49525329
v 0.09480791 -0.07508887 0.43176524
v 0.09479108 -0.07535482 0.43176187
v 0.09526199 -0.07481310 0.43144600
v 0.09486851 -0.07785274 0.49525329
v 0.09591547 -0.07787294 0.49526339
v 0.09504020 -0.07805473 0.49525329
v 0.09571685 -0.07784264 0.43176524
v 0.09598280 -0.07786284 0.43176524
v 0.09554516 -0.07764402 0.43176187
v 0.09649610 -0.07772880 0.43147750
v 0.09561923 -0.07471520 0.43177534
v 0.09613766 -0.07743530 0.49526676
v 0.09611746 -0.07770125 0.49526676
v 0.09679412 -0.07748916 0.43177534
v 0.09681432 -0.07722321 0.43177870
v 0.09539031 -0.07516967 0.49526676
v 0.09521525 -0.07496768 0.49526676
v 0.09588518 -0.07473540 0.43177534
v 0.09606023 -0.07493738 0.43177870
v 0.03377400 -0.20077227 0.49521963
v 0.03387646 -0.20110277 0.49555250
v 0.03333300 -0.20055345 0.49521626
v 0.03359895 -0.20057364 0.49521963
v 0.03383460 -0.20102138 0.43125353
v 0.03356865 -0.20100455 0.43125353
v 0.03390197 -0.20145105 0.43081389
v 0.03107074 -0.20131090 0.49521626
v 0.03092095 -0.20200353 0.49552140
v 0.03105727 -0.20235787 0.49522636
v 0.03087211 -0.20148596 0.49521963
v 0.03108420 -0.20193706 0.43124680
v 0.03106737 -0.20220301 0.43125017
v 0.03128619 -0.20176537 0.43124680
v 0.03123960 -0.20266941 0.43091882
v 0.03421164 -0.20182933 0.43126027
v 0.03149491 -0.20258005 0.49523309
v 0.03122896 -0.20255986 0.49522973
v 0.03144441 -0.20301096 0.43125690
v 0.03171036 -0.20303116 0.43125690
v 0.03375717 -0.20182260 0.49523309
v 0.03395916 -0.20164755 0.49522973
v 0.03419481 -0.20209528 0.43126027
v 0.03399282 -0.20226697 0.43126027
v 0.09553843 -0.13629110 0.49524656
v 0.09586482 -0.13640088 0.49557417
v 0.09510079 -0.13651329 0.49523983
v 0.09527585 -0.13631130 0.49524319
v 0.09595251 -0.13644933 0.43160365
v 0.09578082 -0.13665132 0.43160028
v 0.09648415 -0.13663188 0.43120474
v 0.09437364 -0.13878565 0.49523983
v 0.09483132 -0.13916536 0.49565347
v 0.09520852 -0.13941855 0.49524993
v 0.09439384 -0.13905160 0.49524319
v 0.09506713 -0.13920309 0.43158681
v 0.09526911 -0.13937478 0.43159018
v 0.09504356 -0.13893714 0.43158681
v 0.09574820 -0.13951272 0.43126375
v 0.09682779 -0.13662102 0.43161038
v 0.09564616 -0.13919299 0.49525666
v 0.09547447 -0.13939835 0.49525329
v 0.09614439 -0.13954647 0.43160028
v 0.09631945 -0.13934448 0.43160028
v 0.09637668 -0.13692400 0.49525666
v 0.09635311 -0.13665805 0.49525666
v 0.09703314 -0.13679271 0.43161375
v 0.09705334 -0.13705866 0.43161375
v 0.06119381 -0.18591608 0.49522636
v 0.06139075 -0.18618920 0.49555722
v 0.06070568 -0.18584539 0.49522299
v 0.06096489 -0.18577806 0.49522299
v 0.06139580 -0.18615510 0.43133433
v 0.06113995 -0.18621906 0.43133096
v 0.06159608 -0.18654316 0.43089489
v 0.05879353 -0.18726603 0.49522299
v 0.05886588 -0.18797360 0.49552633
v 0.05910324 -0.18826924 0.49523309
v 0.05865550 -0.18749495 0.49522299
v 0.05906958 -0.18788209 0.43132423
v 0.05913691 -0.18813794 0.43132423
v 0.05920760 -0.18765317 0.43132423
v 0.05944325 -0.18852896 0.43099865
v 0.06200850 -0.18680483 0.43134106
v 0.05959138 -0.18833993 0.49523646
v 0.05933216 -0.18840726 0.49523646
v 0.05974624 -0.18878767 0.43133096
v 0.06000545 -0.18872371 0.43133433
v 0.06150353 -0.18691592 0.49523646
v 0.06164155 -0.18669037 0.49523646
v 0.06207246 -0.18706404 0.43134106
v 0.06193780 -0.18728960 0.43134106
v -0.02932380 -0.19809038 0.41783256
v -0.00458396 -0.20328203 0.42531585
v 0.03816445 -0.01925038 0.41922208
v 0.08740787 -0.06660561 0.41457196
v -0.07743979 -0.05346375 0.41468420
v 0.02821069 -0.20325044 0.42499628
v 0.05684098 -0.02472226 0.41999638
v -0.01787375 -0.00971174 0.42562541
v 0.08723140 -0.15516938 0.41972042
v 0.09286364 -0.13560428 0.41390628
v 0.09721418 -0.13474146 0.41406512
v -0.03291714 -0.19916331 0.42337071
v -0.06593780 -0.17903155 0.42609798
v -0.08662251 -0.06500644 0.41531559
v 0.08383199 -0.05246414 0.42626446
v 0.07491006 -0.04018615 0.42152900
v 0.07154534 -0.04272605 0.42199503
v 0.09860855 -0.11142243 0.42624880
v 0.09640667 -0.08064340 0.41769525
v -0.09530053 -0.11778497 0.42370112
v -0.09462860 -0.13382479 0.42230803
v -0.09068165 -0.13249422 0.42256455
v -0.09776383 -0.11263422 0.40555115
v -0.04674906 -0.19151296 0.42584214
v 0.09261512 -0.08331844 0.40979173
v -0.00278133 -0.00962000 0.41526464
v -0.09623766 -0.10284401 0.41835296
v 0.05564314 -0.02708308 0.42634214
v 0.03930086 -0.01699133 0.42239927
v -0.03985688 -0.01851433 0.42317356
v 0.09742680 -0.09661307 0.42062325
v -0.08919647 -0.07556338 0.42864353
v 0.01277994 -0.20376945 0.41454512
v 0.01541142 -0.20187517 0.40513587
v 0.04542644 -0.19164316 0.41317621
v 0.06969450 -0.17395484 0.41833288
v 0.09437833 -0.13377318 0.42630410
v -0.04767091 -0.19234596 0.42020582
v -0.08045878 -0.15628076 0.42107610
v 0.02760169 -0.19777074 0.41876694
v 0.07320930 -0.17417601 0.42469181
v 0.09778784 -0.11120582 0.41505146
v 0.09787319 -0.09751305 0.41505377
v -0.08017316 -0.05660182 0.40573537
v 0.08964766 -0.06732542 0.42637996
v -0.01904285 -0.01448485 0.42082529
v -0.06432330 -0.03606787 0.42451672
v -0.08752545 -0.14985072 0.40476654
v -0.03362375 -0.19866879 0.40430580
v -0.02585175 -0.20105533 0.42405990
v 0.02787876 -0.20308817 0.41389352
v 0.05997897 -0.18649735 0.40475130
v -0.08722403 -0.15132918 0.41303699
v 0.09815989 -0.11322535 0.40492581
v 0.06092913 -0.02950745 0.42008405
v -0.01758658 -0.00976134 0.41456810
v -0.02737632 -0.01284822 0.40528947
v -0.04889578 -0.02352391 0.40510302
v -0.08207116 -0.05142080 0.41123952
v -0.09436422 -0.07943580 0.41463345
v -0.09865213 -0.09291536 0.41170910
v -0.08064699 -0.05144009 0.42602723
v 0.10095319 -0.11529247 0.41608808
v -0.07523060 -0.16741323 0.40463408
v 0.09650471 -0.12915255 0.40490501
v -0.08542211 -0.15497332 0.42591798
v -0.07455237 -0.17263444 0.42195105
v 0.05018080 -0.19284341 0.42238157
v 0.09961268 -0.08863411 0.40596932
v 0.00291075 -0.00786024 0.40564691
v -0.09435809 -0.10282368 0.40587267
v -0.00137688 -0.00877780 0.42664918
v -0.05544405 -0.02867894 0.42056004
v 0.09202247 -0.06577951 0.41416543
v -0.06032532 -0.18614904 0.40596787
v -0.00851100 -0.20672207 0.41328157
v 0.00350220 -0.20650198 0.40489998
v 0.02710074 -0.20322119 0.40503372
v 0.09176426 -0.15110147 0.40674646
v 0.06683028 -0.03247615 0.40563626
v 0.04160258 -0.01802636 0.40502187
v 0.02019167 -0.00889678 0.40915934
v -0.08860390 -0.06490673 0.40564645
v -0.09406468 -0.08465120 0.40502059
v -0.09503655 -0.13020522 0.40530233
v -0.08688725 -0.14719030 0.41909472
v -0.06364375 -0.17871102 0.41974664
v -0.05259594 -0.18661580 0.40553832
v -0.01271326 -0.20283100 0.40441924
v 0.04419835 -0.19621793 0.40474622
v 0.07525728 -0.17128595 0.40461628
v 0.08358782 -0.15399972 0.41012162
v 0.08542496 -0.05782281 0.40508170
v 0.06372814 -0.03475977 0.40585119
v 0.00290042 -0.01171953 0.40627439
v 0.01587919 -0.01267731 0.42560525
v -0.03766165 -0.02077410 0.40803090
v -0.05928002 -0.02933496 0.40531221
v -0.07133561 -0.04043983 0.40536529
v -0.09078130 -0.08287294 0.41274293
v 0.01241204 -0.20455451 0.42586476
v -0.06737800 -0.17892058 0.49522973
v -0.06761828 -0.17915429 0.49556146
v -0.06738137 -0.17842908 0.49522636
v -0.06727701 -0.17867146 0.49522636
v -0.06776851 -0.17901484 0.43137136
v -0.06786950 -0.17877245 0.43137136
v -0.06812219 -0.17927136 0.43093682
v -0.06907806 -0.17675258 0.49522636
v -0.06976306 -0.17692891 0.49553023
v -0.07002067 -0.17721042 0.49523646
v -0.06932381 -0.17665158 0.49522636
v -0.06982878 -0.17698486 0.43138483
v -0.07007453 -0.17708586 0.43138483
v -0.06958303 -0.17708249 0.43138146
v -0.07041602 -0.17744937 0.43105827
v -0.06831724 -0.17971843 0.43137809
v -0.07001730 -0.17770192 0.49523983
v -0.07012166 -0.17745617 0.49523983
v -0.07062663 -0.17778945 0.43139156
v -0.07052227 -0.17803183 0.43139156
v -0.06832061 -0.17937842 0.49523983
v -0.06807486 -0.17947941 0.49523983
v -0.06856299 -0.17981942 0.43138146
v -0.06881211 -0.17972180 0.43138146
v -0.07764907 -0.16741402 0.49523309
v -0.07792446 -0.16760918 0.49556452
v -0.07757837 -0.16692925 0.49522973
v -0.07751441 -0.16718510 0.49522973
v -0.07807661 -0.16747462 0.43143532
v -0.07814057 -0.16721540 0.43143532
v -0.07846866 -0.16766995 0.43099872
v -0.07899228 -0.16500700 0.49522973
v -0.07969546 -0.16508010 0.49553399
v -0.07999549 -0.16531672 0.49524319
v -0.07922120 -0.16487234 0.49523309
v -0.07979687 -0.16514503 0.43144879
v -0.08005609 -0.16520899 0.43144879
v -0.07956795 -0.16528305 0.43144542
v -0.08044714 -0.16551584 0.43112094
v -0.07872970 -0.16808058 0.43144206
v -0.08006955 -0.16580149 0.49524656
v -0.08013351 -0.16554227 0.49524319
v -0.08070918 -0.16581832 0.43145552
v -0.08064522 -0.16607417 0.43145552
v -0.07865227 -0.16772037 0.49524319
v -0.07842672 -0.16785839 0.49524319
v -0.07898892 -0.16814454 0.43144542
v -0.07921784 -0.16800652 0.43144542
v -0.08015371 -0.05113988 0.49525666
v -0.08037998 -0.05105520 0.49554303
v -0.07863718 -0.04887386 0.49576245
v -0.07989450 -0.05120048 0.49525329
v -0.08047689 -0.05079650 0.43176524
v -0.08024797 -0.05065511 0.43176187
v -0.08095976 -0.05059529 0.43144442
v -0.07827523 -0.04912337 0.49525329
v -0.07887446 -0.04826156 0.49526339
v -0.07821463 -0.04886416 0.49525329
v -0.07878356 -0.04843998 0.43176524
v -0.07892495 -0.04821443 0.43176524
v -0.07884416 -0.04869920 0.43176187
v -0.07933441 -0.04788095 0.43147756
v -0.08125454 -0.05035886 0.43177534
v -0.07936259 -0.04834236 0.49526676
v -0.07913368 -0.04820096 0.49526676
v -0.07970261 -0.04778016 0.43177534
v -0.07993153 -0.04791818 0.43177870
v -0.08075294 -0.05027807 0.49526676
v -0.08081354 -0.05053729 0.49526676
v -0.08139594 -0.05013331 0.43177534
v -0.08133534 -0.04987409 0.43177870
v 0.06964363 -0.03648569 0.49525666
v 0.06976594 -0.03627686 0.49554487
v 0.07163907 -0.03834387 0.49576268
v 0.06954263 -0.03673144 0.49525329
v 0.07003414 -0.03622310 0.43176524
v 0.07013850 -0.03646549 0.43176187
v 0.07031371 -0.03577265 0.43144430
v 0.07133359 -0.03866042 0.49525329
v 0.07227956 -0.03820595 0.49526339
v 0.07158271 -0.03876141 0.49525329
v 0.07208768 -0.03826654 0.43176524
v 0.07233343 -0.03816555 0.43176524
v 0.07184192 -0.03816555 0.43176187
v 0.07273070 -0.03781376 0.43147723
v 0.07058960 -0.03551951 0.43177534
v 0.07227956 -0.03771444 0.49526676
v 0.07238056 -0.03796019 0.49526676
v 0.07288889 -0.03746533 0.43177534
v 0.07278790 -0.03721957 0.43177870
v 0.07058960 -0.03602785 0.49526676
v 0.07034385 -0.03592685 0.49526676
v 0.07083535 -0.03541852 0.43177534
v 0.07108110 -0.03551951 0.43177870
v -0.02736763 -0.20221984 0.49521963
v -0.02747428 -0.20254042 0.49555183
v -0.02759318 -0.20178220 0.49521626
v -0.02738783 -0.20195389 0.49521626
v -0.02759318 -0.20240836 0.43124680
v -0.02779517 -0.20224004 0.43124680
v -0.02779189 -0.20279623 0.43080629
v -0.02986891 -0.20106178 0.49521626
v -0.03039751 -0.20153799 0.49552116
v -0.03049844 -0.20190340 0.49522636
v -0.03013149 -0.20108535 0.49521963
v -0.03035705 -0.20153645 0.43125017
v -0.03052874 -0.20174181 0.43125353
v -0.03009110 -0.20151289 0.43125017
v -0.03066350 -0.20221754 0.43092204
v -0.02776487 -0.20328364 0.43125017
v -0.03026952 -0.20233767 0.49523309
v -0.03047487 -0.20216598 0.49522973
v -0.03070043 -0.20261709 0.43125690
v -0.03049507 -0.20278541 0.43125690
v -0.02799716 -0.20305809 0.49523309
v -0.02773121 -0.20303453 0.49522973
v -0.02793320 -0.20348900 0.43125353
v -0.02819915 -0.20351256 0.43125353
v -0.05889452 -0.02894145 0.49525666
v -0.05908389 -0.02879074 0.49554375
v -0.05675649 -0.02725079 0.49576235
v -0.05866560 -0.02907948 0.49525329
v -0.05909651 -0.02851728 0.43176524
v -0.05883729 -0.02845331 0.43176187
v -0.05949817 -0.02817508 0.43144558
v -0.05648750 -0.02760160 0.49525329
v -0.05679722 -0.02659839 0.49526339
v -0.05635285 -0.02737268 0.49525329
v -0.05676355 -0.02679365 0.43176524
v -0.05682752 -0.02653780 0.43176524
v -0.05690158 -0.02702257 0.43176187
v -0.05711566 -0.02609310 0.43147754
v -0.05970584 -0.02786082 0.43177534
v -0.05728199 -0.02652433 0.49526676
v -0.05702277 -0.02646037 0.49526676
v -0.05743685 -0.02588134 0.43177534
v -0.05769270 -0.02594530 0.43177870
v -0.05920087 -0.02793825 0.49526676
v -0.05933889 -0.02816716 0.49526676
v -0.05976980 -0.02760160 0.43177534
v -0.05963178 -0.02737605 0.43177870
v 0.07299911 -0.05363265 0.49847896
v 0.09411285 -0.07358498 0.49784376
v 0.08526630 -0.07793691 0.49743802
v 0.00670121 -0.01842827 0.49740511
v -0.02326182 -0.02077871 0.49868583
v -0.06331918 -0.18257631 0.49859376
v -0.03245740 -0.19121070 0.49921382
v 0.01174989 -0.19630733 0.49825227
v 0.03431384 -0.19052221 0.49815013
v 0.07501429 -0.15805777 0.49810954
v 0.02884884 -0.06920853 0.49478872
v 0.03091393 -0.02304639 0.49843285
v 0.05115533 -0.03305468 0.49935730
v -0.01391568 -0.06171072 0.49478872
v -0.05201516 -0.03512391 0.49889472
v -0.07406288 -0.05841789 0.49780984
v -0.04018755 -0.10756242 0.49478740
v -0.08805405 -0.10646042 0.49640602
v -0.08416277 -0.13578807 0.49835204
v -0.07188258 -0.16008475 0.49859078
v -0.05399113 -0.17804235 0.49804786
v -0.00879040 -0.19579325 0.49643236
v -0.01163262 -0.15373850 0.49476832
v 0.05617717 -0.17798722 0.49812526
v 0.03143117 -0.15046947 0.49457361
v 0.04876203 -0.10985678 0.49478757
v 0.08677419 -0.13274252 0.49788233
v 0.09045433 -0.10074158 0.49869617
v 0.07067439 -0.03704938 0.49865251
v 0.08464623 -0.05446586 0.49633689
v 0.07181621 -0.03652242 0.43185294
v 0.03915458 -0.01599703 0.49837928
v 0.00889872 -0.00907640 0.49860267
v 0.02200992 -0.00906965 0.43173911
v -0.01417368 -0.00990284 0.49859766
v -0.03993237 -0.01739586 0.49851631
v -0.06579347 -0.03445419 0.49851688
v -0.05298590 -0.02238020 0.43174347
v -0.08109827 -0.05219483 0.49712187
v -0.07606972 -0.04326643 0.43184837
v -0.09732166 -0.09592919 0.49847452
v -0.09316847 -0.13784233 0.49818703
v -0.09935769 -0.11620385 0.43181829
v -0.08539487 -0.15542705 0.49843673
v -0.07704627 -0.16850505 0.49710503
v -0.03714609 -0.19918056 0.49824762
v -0.00693783 -0.20604285 0.49859292
v 0.02025619 -0.20460969 0.49868541
v 0.04552281 -0.19568788 0.49891032
v 0.04076750 -0.19990297 0.43118148
v 0.07024713 -0.17851566 0.49863943
v 0.08437564 -0.16107504 0.49633457
v 0.06800643 -0.18226792 0.43150408
v 0.09220697 -0.14551346 0.49860021
v 0.09252705 -0.14910025 0.43155480
v 0.09675182 -0.13087645 0.49890843
v 0.10008434 -0.10431481 0.49895263
v 0.10041949 -0.12222070 0.43168988
v 0.08687891 -0.05418121 0.43086891
v -0.09335565 -0.11578549 0.50121847
v -0.08815999 -0.07654703 0.50045989
v 0.09548268 -0.07232668 0.43128424
v 0.08465634 -0.05621739 0.42612474
v 0.07685537 -0.04302651 0.42650928
v 0.09397303 -0.08523875 0.49852886
v 0.09193632 -0.07801096 0.49852886
v 0.09106131 -0.07158619 0.42679468
v 0.09380398 -0.08849871 0.42940229
v 0.09543744 -0.09260456 0.49852886
v 0.09636658 -0.10005790 0.42824392
v 0.09659145 -0.10217589 0.42705122
v 0.09631945 -0.10006127 0.49852886
v 0.09661906 -0.10756174 0.49852886
v 0.10102818 -0.10535788 0.42629745
v 0.08623017 -0.06412768 0.42824392
v 0.08933741 -0.07096496 0.49852886
v 0.08618977 -0.06414788 0.49852886
v 0.08252370 -0.05759339 0.49852886
v 0.07835266 -0.05134860 0.49852886
v 0.07838969 -0.05132504 0.42824392
v 0.06863706 -0.03990937 0.42824392
v 0.07370358 -0.04545393 0.49852886
v 0.06860339 -0.03994304 0.49852886
v 0.06309250 -0.03484285 0.49852886
v 0.05719446 -0.03019377 0.49852886
v 0.05722139 -0.03015674 0.42824392
v 0.03452676 -0.01413484 0.42596687
v 0.05353839 -0.02249573 0.42615809
v 0.04441875 -0.02231289 0.42824392
v 0.05094968 -0.02602273 0.49852886
v 0.04439855 -0.02235329 0.49852886
v 0.03757810 -0.01920902 0.49852886
v 0.03053547 -0.01661011 0.49852886
v 0.03054893 -0.01656635 0.42824392
v 0.00598674 -0.00813889 0.42623575
v 0.01594860 -0.01306523 0.42824392
v 0.02330768 -0.01457340 0.49852886
v 0.01594187 -0.01310899 0.49852886
v 0.00848516 -0.01222361 0.49852886
v 0.00098132 -0.01192737 0.49852886
v 0.00098132 -0.01188360 0.42824392
v -0.03295712 -0.01405767 0.42634469
v -0.01256453 -0.01138633 0.42645497
v -0.01398596 -0.01306523 0.42824392
v -0.00651915 -0.01222361 0.49852886
v -0.01397922 -0.01310899 0.49852886
v -0.02234051 -0.01469169 0.42706566
v -0.02134167 -0.01457340 0.49852886
v -0.02856946 -0.01661011 0.49852886
v -0.02858292 -0.01656635 0.42824392
v -0.04744477 -0.02135581 0.42615097
v -0.04245273 -0.02231289 0.42824392
v -0.03561546 -0.01920902 0.49852886
v -0.04243254 -0.02235329 0.49852886
v -0.04898703 -0.02602273 0.49852886
v -0.05523181 -0.03019377 0.49852886
v -0.05525875 -0.03015674 0.42824392
v -0.06036155 -0.02932853 0.42615096
v -0.06667104 -0.03990937 0.42824392
v -0.06112648 -0.03484285 0.49852886
v -0.06664074 -0.03994304 0.49852886
v -0.07173756 -0.04545393 0.49852886
v -0.07638664 -0.05134860 0.49852886
v -0.07642368 -0.05132504 0.42824392
v -0.08426753 -0.06412768 0.42824392
v -0.08055769 -0.05759339 0.49852886
v -0.08422713 -0.06414788 0.49852886
v -0.08737140 -0.07096496 0.49852886
v -0.08997031 -0.07801096 0.49852886
v -0.09001407 -0.07799750 0.42824392
v -0.09351519 -0.09259446 0.42824392
v -0.09200702 -0.08523875 0.49852886
v -0.09347143 -0.09260456 0.49852886
v -0.09435680 -0.10006127 0.49852886
v -0.09465305 -0.10756174 0.49852886
v -0.09469682 -0.10756174 0.42823719
v -0.09351519 -0.12248862 0.42815303
v -0.09435680 -0.11506558 0.49852549
v -0.09347143 -0.12252229 0.49852549
v -0.09200702 -0.12988810 0.49852549
v -0.08997031 -0.13711589 0.49852549
v -0.09001407 -0.13704856 0.42807223
v -0.08961100 -0.14705494 0.42571486
v -0.08426753 -0.15088471 0.42799144
v -0.08737140 -0.14415852 0.49852212
v -0.08422713 -0.15097560 0.49852212
v -0.08055769 -0.15753010 0.49852212
v -0.07638664 -0.16377151 0.49852212
v -0.07642368 -0.16365369 0.42792074
v -0.06667104 -0.17503568 0.42785341
v -0.07173756 -0.16966955 0.49852212
v -0.06664074 -0.17518044 0.49851876
v -0.06112648 -0.18028063 0.49851876
v -0.05523181 -0.18492971 0.49851876
v -0.05525875 -0.18476475 0.42779955
v -0.05162414 -0.19088757 0.42577134
v -0.04245273 -0.19258504 0.42775578
v -0.04898703 -0.18909738 0.49851876
v -0.04243254 -0.19276683 0.49851876
v -0.03561546 -0.19591110 0.49851876
v -0.02856946 -0.19851337 0.49851876
v -0.02858292 -0.19831812 0.42772212
v -0.01975766 -0.20432950 0.42555548
v -0.00470859 -0.20378618 0.42601943
v -0.01398596 -0.20181250 0.42770192
v -0.02134167 -0.20055008 0.49851539
v -0.01397922 -0.20201112 0.49851539
v -0.00651915 -0.20289650 0.49851539
v 0.00098132 -0.20319275 0.49851539
v 0.00098132 -0.20299076 0.42769519
v 0.02631394 -0.20480307 0.42829811
v 0.01594860 -0.20181250 0.42770192
v 0.00848516 -0.20289650 0.49851539
v 0.01594187 -0.20201112 0.49851539
v 0.02330768 -0.20055008 0.49851539
v 0.03053547 -0.19851337 0.49851876
v 0.03054893 -0.19831812 0.42772212
v 0.04441875 -0.19258504 0.42775578
v 0.03757810 -0.19591110 0.49851876
v 0.04439855 -0.19276683 0.49851876
v 0.05094968 -0.18909738 0.49851876
v 0.05719446 -0.18492971 0.49851876
v 0.05722139 -0.18476475 0.42779955
v 0.06863706 -0.17503568 0.42785341
v 0.06309250 -0.18028063 0.49851876
v 0.06860339 -0.17518044 0.49851876
v 0.07370358 -0.16966955 0.49852212
v 0.07835266 -0.16377151 0.49852212
v 0.07838969 -0.16365369 0.42792074
v 0.08498469 -0.16209425 0.42719019
v 0.08623017 -0.15088471 0.42799144
v 0.08252370 -0.15753010 0.49852212
v 0.08618977 -0.15097560 0.49852212
v 0.08933741 -0.14415852 0.49852212
v 0.09193632 -0.13711589 0.49852549
v 0.09198008 -0.13704856 0.42807223
v 0.09668690 -0.13470981 0.42600509
v 0.09548120 -0.12248862 0.42815303
v 0.09397303 -0.12988810 0.49852549
v 0.09543744 -0.12252229 0.49852549
v 0.09655408 -0.11226680 0.42737182
v 0.09631945 -0.11506558 0.49852549
v -0.07597667 -0.17291498 0.43080208
v 0.06623125 -0.03409946 0.42637402
v 0.05010922 -0.01988700 0.43179963
v -0.00292058 -0.00704534 0.43158566
v 0.02457620 -0.01368922 0.42660293
v -0.02233627 -0.00934402 0.43128978
v -0.07210107 -0.04199980 0.42629177
v -0.08200252 -0.04968854 0.42754369
v -0.09031597 -0.07158148 0.42611179
v -0.09061248 -0.06622648 0.43179523
v -0.08424126 -0.05870289 0.42636335
v -0.09475497 -0.08292419 0.42617715
v -0.09682634 -0.09664425 0.42628211
v -0.09754792 -0.08646248 0.43148965
v -0.09058324 -0.14924923 0.43149668
v -0.09864711 -0.11080220 0.42615647
v -0.09538135 -0.13086867 0.42607901
v -0.08342959 -0.15760222 0.42597640
v -0.07589850 -0.16884069 0.42593118
v -0.06470415 -0.18050058 0.42583098
v -0.05739454 -0.18937060 0.43119894
v -0.03378263 -0.19922778 0.42571726
v -0.04140722 -0.19922599 0.43028911
v -0.01982020 -0.20590747 0.43110183
v 0.00448333 -0.20870350 0.42976862
v 0.01062824 -0.20398682 0.42598466
v 0.03887829 -0.19787461 0.42575292
v 0.05099298 -0.19264635 0.42564647
v 0.07514929 -0.17183015 0.42586844
v 0.06523791 -0.18366810 0.42577195
v 0.09107043 -0.14682868 0.42604094
v 0.10131465 -0.09761996 0.43129472
v 0.10019931 -0.08577585 0.42976989
v 0.00098132 -0.10756174 0.49478872
v 0.09832586 -0.09050053 0.49525666
v 0.09854799 -0.09040060 0.49554368
v 0.09884158 -0.09317499 0.49576303
v 0.09809694 -0.09064192 0.49525329
v 0.09879716 -0.09051736 0.43176524
v 0.09873320 -0.09077657 0.43176187
v 0.09928295 -0.09032140 0.43144426
v 0.09841002 -0.09325429 0.49525329
v 0.09944352 -0.09344281 0.49526339
v 0.09855141 -0.09348321 0.49525329
v 0.09925164 -0.09338221 0.43176524
v 0.09951085 -0.09344281 0.43176524
v 0.09911361 -0.09315330 0.43176187
v 0.10003045 -0.09339953 0.43148144
v 0.09965561 -0.09027834 0.43177534
v 0.09973304 -0.09304557 0.49526676
v 0.09966908 -0.09330479 0.49526676
v 0.10037267 -0.09320379 0.43177534
v 0.10043326 -0.09294457 0.43177870
v 0.09935600 -0.09068905 0.49526676
v 0.09921797 -0.09046349 0.49526676
v 0.09991483 -0.09033894 0.43177534
v 0.10005622 -0.09056785 0.43177870
v 0.00354656 -0.20633702 0.49521963
v 0.00354471 -0.20667723 0.49555071
v 0.00319645 -0.20599364 0.49521626
v 0.00344220 -0.20609464 0.49521626
v 0.00346240 -0.20656931 0.43122324
v 0.00321329 -0.20647168 0.43122324
v 0.00339634 -0.20699778 0.43078351
v 0.00080963 -0.20602058 0.49521626
v 0.00045164 -0.20663177 0.49551921
v 0.00047299 -0.20701368 0.49522636
v 0.00056725 -0.20612494 0.49521626
v 0.00056388 -0.20659961 0.43122324
v 0.00046289 -0.20684536 0.43122324
v 0.00080627 -0.20649525 0.43122324
v 0.00048094 -0.20734079 0.43089378
v 0.00357350 -0.20745469 0.43122997
v 0.00082647 -0.20735706 0.49522973
v 0.00057735 -0.20725607 0.49522973
v 0.00057398 -0.20773074 0.43122997
v 0.00081973 -0.20782836 0.43122997
v 0.00320992 -0.20733013 0.49522973
v 0.00345567 -0.20722577 0.49522973
v 0.00347250 -0.20770044 0.43122997
v 0.00323012 -0.20780480 0.43122997
v 0.05738971 -0.02641661 0.49525666
v 0.05747538 -0.02618862 0.49554467
v 0.05965635 -0.02793202 0.49576256
v 0.05732912 -0.02667582 0.49525329
v 0.05773309 -0.02609343 0.43176524
v 0.05787448 -0.02631898 0.43176187
v 0.05793358 -0.02560810 0.43144441
v 0.05940622 -0.02829509 0.49525329
v 0.06026804 -0.02769249 0.49526339
v 0.05966544 -0.02835569 0.49525329
v 0.06008962 -0.02778676 0.43176524
v 0.06031517 -0.02764536 0.43176524
v 0.05983040 -0.02772616 0.43176187
v 0.06065087 -0.02724533 0.43148027
v 0.05817073 -0.02531241 0.43177534
v 0.06018724 -0.02720772 0.49526676
v 0.06032863 -0.02743328 0.49526676
v 0.06074944 -0.02686435 0.43177534
v 0.06061142 -0.02663879 0.43177870
v 0.05825153 -0.02581738 0.49526676
v 0.05799231 -0.02575341 0.49526676
v 0.05839629 -0.02517438 0.43177534
v 0.05865550 -0.02523498 0.43177870
v -0.04554651 -0.02037718 0.49525666
v -0.04570897 -0.02019805 0.49554521
v -0.04316660 -0.01904929 0.49576306
v -0.04534452 -0.02054887 0.49525329
v -0.04567780 -0.01992271 0.43176524
v -0.04541185 -0.01990251 0.43176187
v -0.04601786 -0.01952365 0.43144404
v -0.04295770 -0.01943794 0.49525329
v -0.04309910 -0.01839770 0.49526339
v -0.04278601 -0.01923258 0.49525329
v -0.04309910 -0.01859632 0.43176524
v -0.04311929 -0.01833374 0.43176524
v -0.04327078 -0.01880168 0.43176187
v -0.04333514 -0.01784788 0.43147738
v -0.04617267 -0.01917872 0.43177534
v -0.04356703 -0.01824621 0.49526676
v -0.04330445 -0.01822601 0.49526676
v -0.04361753 -0.01758975 0.43177534
v -0.04388348 -0.01760995 0.43177870
v -0.04569127 -0.01933694 0.49526676
v -0.04586296 -0.01953893 0.49526676
v -0.04619624 -0.01891613 0.43177534
v -0.04602455 -0.01871078 0.43177870
v -0.09223930 -0.14036789 0.49524319
v -0.09255863 -0.14046702 0.49557476
v -0.09201712 -0.13992688 0.49523983
v -0.09203731 -0.14019283 0.49523983
v -0.09270724 -0.14035105 0.43158008
v -0.09268704 -0.14008510 0.43158345
v -0.09313661 -0.14041685 0.43114828
v -0.09277457 -0.13766462 0.49523983
v -0.09346954 -0.13751447 0.49554235
v -0.09382490 -0.13765115 0.49525329
v -0.09294962 -0.13746600 0.49524319
v -0.09362628 -0.13760739 0.43159691
v -0.09389223 -0.13758719 0.43160028
v -0.09345123 -0.13780601 0.43159355
v -0.09436131 -0.13775728 0.43127348
v -0.09351519 -0.14072810 0.43159018
v -0.09404372 -0.13808879 0.49525666
v -0.09402689 -0.13782284 0.49525329
v -0.09470018 -0.13796423 0.43160701
v -0.09472038 -0.13823019 0.43160701
v -0.09328627 -0.14035105 0.49525329
v -0.09311121 -0.14055304 0.49525329
v -0.09378114 -0.14070790 0.43159355
v -0.09395620 -0.14050928 0.43159355
v -0.09375346 -0.09055875 0.41481923
v -0.09377138 -0.09053952 0.42679962
v -0.09357242 -0.09028507 0.42696467
v -0.09312805 -0.08765923 0.41453570
v -0.09326202 -0.08732312 0.41475478
v -0.09321853 -0.08732053 0.42663395
v -0.09505660 -0.08704584 0.41481482
v -0.09504230 -0.08707577 0.42679697
v -0.09524218 -0.08733269 0.42696130
v -0.09565962 -0.08996862 0.41453570
v -0.09552531 -0.09031290 0.41475143
v -0.09556539 -0.09030470 0.42663479
v -0.09468962 -0.09029141 0.42751513
v -0.09410118 -0.08707358 0.41412580
v -0.09472001 -0.09057169 0.41412512
v -0.09420831 -0.08731543 0.42749671
v -0.03141411 -0.01419636 0.49525666
v -0.03154606 -0.01399685 0.49554410
v -0.02885591 -0.01325864 0.49576325
v -0.03123906 -0.01439835 0.49525329
v -0.03147134 -0.01372842 0.43176524
v -0.03120539 -0.01374862 0.43176187
v -0.03174527 -0.01328118 0.43144439
v -0.02870748 -0.01367119 0.49525329
v -0.02868728 -0.01262422 0.49526339
v -0.02850549 -0.01349950 0.49525329
v -0.02871758 -0.01282284 0.43176524
v -0.02869738 -0.01255689 0.43176524
v -0.02891957 -0.01299453 0.43176187
v -0.02883326 -0.01204548 0.43147698
v -0.03184502 -0.01291710 0.43177534
v -0.02912829 -0.01240204 0.49526676
v -0.02886234 -0.01242223 0.49526676
v -0.02907443 -0.01174558 0.43177534
v -0.02933701 -0.01172538 0.43177870
v -0.03139392 -0.01314939 0.49526676
v -0.03159254 -0.01332108 0.49526676
v -0.03182819 -0.01265452 0.43177534
v -0.03162620 -0.01247946 0.43177870
v -0.01755510 -0.21332656 0.33489518
v 0.05851478 -0.20820207 0.36001988
v -0.05679767 -0.20844760 0.35316827
v 0.03816237 -0.21248830 0.39905318
v -0.11243773 -0.19978787 0.39925652
v -0.07252009 -0.20345389 0.39496083
v -0.10712255 -0.10867228 0.40156846
v -0.07331680 -0.03204432 0.40161953
v 0.12509986 -0.14714943 0.39898976
v 0.07137711 -0.20246831 0.39776053
v -0.07796028 -0.18412922 0.40096023
v 0.01130224 -0.21805612 0.37552423
v -0.03132067 -0.21469369 0.38524747
v 0.00164739 -0.21448168 0.40018968
v 0.00273172 -0.21425611 0.30290186
v 0.03152825 -0.21137549 0.32678974
v -0.03577879 0.00052277 0.40075633
v -0.01175257 0.00143397 0.40187543
v 0.10767583 -0.09975857 0.40161471
v 0.02112809 -0.01030636 0.40140612
v -0.11301767 -0.20514586 0.37371716
v -0.03931235 -0.21357206 0.31018949
v 0.11297573 -0.20728562 0.37846920
v -0.09934096 -0.16090260 0.40119641
v -0.12437966 -0.14407469 0.40046906
v -0.12355717 -0.15648029 0.39694431
v -0.03054931 -0.21228891 0.29336282
v -0.11054274 -0.11734804 0.39709744
v -0.11130019 -0.13732124 0.39693585
v -0.11134396 -0.15675581 0.39690555
v -0.10435182 -0.08266677 0.39718497
v -0.10841177 -0.09929372 0.39718497
v -0.09000734 -0.05329105 0.39718497
v -0.09778723 -0.06701274 0.39718497
v -0.09130343 -0.20329374 0.35561256
v -0.08464120 -0.20419595 0.34651302
v -0.07725182 -0.20511836 0.33717110
v -0.06917232 -0.20603404 0.32787630
v -0.06070568 -0.20687566 0.31932886
v -0.01400279 -0.20917495 0.29608683
v -0.00672787 -0.20926921 0.29513075
v 0.00034506 -0.20930287 0.29482104
v -0.07381804 -0.03338854 0.39718497
v -0.08229141 -0.04244769 0.39718497
v -0.03354943 0.00006045 0.39723772
v -0.07730022 -0.02161066 0.39750570
v -0.05334323 -0.01812838 0.39718497
v -0.06375906 -0.02501953 0.39718497
v -0.01511709 -0.00720759 0.39718497
v -0.02456337 -0.00846665 0.39718497
v -0.03443720 -0.01049999 0.39718497
v -0.12345773 -0.19549345 0.39576870
v -0.11106791 -0.18541448 0.39707387
v -0.11035759 -0.19216760 0.39558927
v -0.10935775 -0.19564178 0.39277491
v -0.10822662 -0.19823396 0.38948251
v -0.10679250 -0.19997441 0.38506908
v -0.10189767 -0.20165428 0.37201058
v -0.09721156 -0.20244876 0.36418357
v -0.10488709 -0.20092712 0.37894886
v 0.00026763 -0.00627508 0.39718497
v -0.00704095 -0.00651410 0.39718497
v -0.02931008 -0.20879454 0.29990439
v -0.02166148 -0.20901672 0.29768253
v -0.05216497 -0.20757588 0.31223910
v -0.04396764 -0.20812461 0.30668444
v 0.11213844 -0.16491274 0.39671030
v 0.11216874 -0.14370405 0.39688199
v 0.11154931 -0.12053607 0.39707051
v 0.12004653 -0.09100183 0.39768991
v 0.10961023 -0.10112844 0.39718497
v 0.10566811 -0.08405376 0.39718497
v 0.09903618 -0.06795871 0.39718497
v 0.09086242 -0.05360750 0.39718497
v 0.11236036 -0.20233471 0.37126316
v 0.07799245 -0.20511836 0.33716436
v 0.08540539 -0.20419595 0.34654332
v 0.09211138 -0.20329374 0.35567989
v 0.06143283 -0.20687566 0.31936926
v 0.06989948 -0.20603404 0.32788640
v 0.01464915 -0.20917495 0.29616089
v 0.02234151 -0.20901336 0.29775659
v 0.03003387 -0.20879454 0.29996499
v 0.00739106 -0.20926921 0.29517452
v 0.08230488 -0.04176429 0.39718497
v 0.07342079 -0.03204196 0.39718497
v 0.02271672 0.00362685 0.39892257
v 0.04181937 -0.00113381 0.39758170
v 0.03281456 -0.00994115 0.39718497
v 0.02331105 -0.00799534 0.39718497
v 0.01489827 -0.00693827 0.39718497
v 0.11092315 -0.19530177 0.39423931
v 0.11154258 -0.19199254 0.39609423
v 0.11198022 -0.18675433 0.39680119
v 0.10897060 -0.19964787 0.38621704
v 0.11023976 -0.19785355 0.39106138
v 0.09808347 -0.20244876 0.36423070
v 0.10301534 -0.20160715 0.37217554
v 0.11212834 -0.17842571 0.39660594
v 0.10660398 -0.20073187 0.37952452
v 0.00739779 -0.00638954 0.39718497
v 0.04471500 -0.20812461 0.30672147
v 0.05289886 -0.20757588 0.31228286
v 0.06545530 -0.01126633 0.39769815
v 0.05446090 -0.01778500 0.39718497
v 0.04358723 -0.01313929 0.39718497
v -0.04379932 -0.01350287 0.39718497
v 0.06427412 -0.02406682 0.39718497
v -0.11133049 -0.17317740 0.39715467
v -0.03654797 -0.20851512 0.30273895
v 0.03729195 -0.20851512 0.30278608
v -0.12280685 -0.12303227 0.40133306
v -0.12400051 -0.16618797 0.40092952
v -0.12416388 -0.18417228 0.39764533
v -0.12224169 -0.10971002 0.39762535
v -0.12059061 -0.10264011 0.40150652
v -0.11638159 -0.08306852 0.40144693
v -0.09565223 -0.03961481 0.39898163
v -0.10919618 -0.06547684 0.40150539
v -0.10260098 -0.20453548 0.35771400
v -0.09073440 -0.20591781 0.34191024
v -0.07857752 -0.20915653 0.32649256
v -0.06288872 -0.20897736 0.31199322
v -0.04570627 -0.21034824 0.30002363
v 0.00818362 -0.21511681 0.28983981
v 0.01262474 -0.21020639 0.28984891
v -0.05615295 -0.00763415 0.40129732
v -0.00156111 0.00500603 0.39837328
v 0.12440747 -0.12172891 0.39846425
v 0.12125405 -0.10049453 0.40139080
v 0.11682176 -0.08151369 0.40138098
v 0.12500883 -0.17759187 0.39772282
v 0.09831546 -0.17179119 0.40142862
v 0.11074221 -0.06421955 0.39929063
v 0.10261919 -0.05038869 0.39825188
v 0.08751205 -0.02995952 0.39807115
v 0.10237883 -0.20766960 0.35646455
v 0.09111675 -0.20719016 0.34074710
v 0.07409991 -0.20823518 0.32153759
v 0.06108268 -0.21051128 0.30936905
v 0.03293777 -0.21232599 0.29402157
v 0.04426902 -0.00497040 0.40194962
v 0.12457016 -0.19578940 0.39606406
v 0.12472159 -0.17961612 0.40083008
v 0.11246236 -0.19644704 0.40116185
v 0.12385033 -0.20137387 0.39685228
v 0.04646392 -0.21059440 0.30010392
v -0.11315738 -0.07198298 0.39765109
v -0.01571154 -0.21181784 0.29002977
v -0.12037983 -0.20217034 0.38667728
v -0.06116007 -0.20488324 0.40059052
v -0.03210597 -0.21135882 0.40069364
v 0.07149746 -0.01932664 0.40211731
v 0.07840386 -0.05164760 0.40147786
v -0.09618914 -0.06934251 0.40150236
v -0.03837932 -0.02204358 0.40280022
v -0.05008450 -0.02853411 0.40280022
v -0.05008450 -0.02853411 0.45589602
v -0.03837932 -0.02204358 0.45589602
v -0.02586956 -0.01728677 0.40280022
v -0.02586956 -0.01728677 0.45589602
v -0.03728185 -0.19239315 0.40213703
v -0.02471149 -0.19697153 0.40210336
v -0.02471149 -0.19714996 0.45557957
v -0.03728185 -0.19256147 0.45559640
v -0.04906783 -0.18607767 0.40218753
v -0.04906783 -0.18623253 0.45561660
v -0.05983376 -0.17815303 0.40224812
v -0.05983376 -0.17829105 0.45564353
v -0.06936084 -0.16878417 0.40231882
v -0.06936084 -0.16890536 0.45567720
v -0.01161597 -0.19972530 0.40207980
v 0.00174214 -0.20059048 0.40207307
v 0.00174214 -0.20077227 0.45556610
v -0.01161597 -0.19990372 0.45556947
v -0.01281106 -0.01435795 0.40280022
v -0.01281106 -0.01435795 0.45589602
v 0.00053358 -0.01331771 0.40280022
v 0.00053358 -0.01331771 0.45589602
v 0.05134355 -0.02788102 0.40280022
v 0.03955421 -0.02154197 0.40280022
v 0.03955421 -0.02154197 0.45589602
v 0.05134355 -0.02788102 0.45589602
v 0.02698722 -0.01694676 0.40280022
v 0.02698722 -0.01694676 0.45589602
v 0.02814528 -0.19663489 0.40210336
v 0.04065505 -0.19189155 0.40214039
v 0.04065505 -0.19205987 0.45559640
v 0.02814528 -0.19680994 0.45557957
v 0.05236022 -0.18542458 0.40219089
v 0.05236022 -0.18557943 0.45561997
v 0.06302180 -0.17736527 0.40225485
v 0.06302180 -0.17750330 0.45564690
v 0.07242432 -0.16787523 0.40232555
v 0.07242432 -0.16799305 0.45568056
v 0.01508342 -0.19955361 0.40208317
v 0.01508342 -0.19973203 0.45556947
v 0.01388833 -0.01418626 0.40280022
v 0.01388833 -0.01418626 0.45589602
v 0.07163320 -0.04523511 0.40280022
v 0.06210949 -0.03583259 0.40280022
v 0.06210949 -0.03583259 0.45589602
v 0.07163320 -0.04523511 0.45589602
v 0.08037590 -0.15714632 0.40240971
v 0.08037590 -0.15724395 0.45571759
v -0.06074607 -0.03662371 0.40280022
v -0.07015196 -0.04614742 0.40280022
v -0.07015196 -0.04614742 0.45589602
v -0.06074607 -0.03662371 0.45589602
v 0.07972281 -0.05589669 0.40280022
v 0.07972281 -0.05589669 0.45589602
v -0.07810354 -0.05691336 0.40280022
v -0.07810354 -0.05691336 0.45589602
v -0.07745045 -0.15815962 0.40240298
v -0.07745045 -0.15826062 0.45571423
v 0.08671494 -0.14540074 0.40250061
v 0.08671494 -0.14547481 0.45575799
v 0.09131353 -0.13287415 0.40259823
v 0.09131353 -0.13292801 0.45580512
v 0.09407402 -0.11982575 0.40269923
v 0.09407402 -0.11985268 0.45584889
v 0.09494257 -0.10651814 0.40280022
v 0.09494257 -0.10651814 0.45589602
v 0.09390233 -0.09317349 0.40280022
v 0.09390233 -0.09317349 0.45589602
v 0.09097015 -0.08011500 0.40280022
v 0.09097015 -0.08011500 0.45589602
v 0.08621334 -0.06760524 0.40280022
v 0.08621334 -0.06760524 0.45589602
v -0.08443922 -0.06870270 0.40280022
v -0.08903780 -0.08127306 0.40280022
v -0.08903780 -0.08127306 0.45589602
v -0.08443922 -0.06870270 0.45589602
v -0.09179830 -0.09436859 0.40280022
v -0.09266684 -0.10771996 0.40279349
v -0.09266684 -0.10772333 0.45589265
v -0.09179830 -0.09436859 0.45589602
v -0.09162661 -0.12101748 0.40268913
v -0.08869779 -0.13402884 0.40258813
v -0.08869779 -0.13408271 0.45579839
v -0.09162661 -0.12104441 0.45584552
v -0.08393761 -0.14649484 0.40249387
v -0.08393761 -0.14657227 0.45575463
v -0.04420969 -0.02422616 0.40173598
v -0.01958227 -0.01473493 0.40172640
v -0.02452723 -0.19766825 0.40102299
v -0.04320890 -0.19040449 0.40109080
v -0.06468256 -0.17487775 0.40120293
v -0.07734832 -0.16038184 0.40109097
v -0.00448782 -0.20121750 0.40092162
v 0.00599594 -0.01225651 0.40156688
v 0.04764598 -0.02422501 0.40158470
v 0.06049168 -0.03245293 0.40148370
v 0.02175373 -0.19911070 0.40094348
v 0.04646925 -0.18989768 0.40107845
v 0.06800366 -0.17395650 0.40117395
v -0.06601397 -0.04069081 0.40172710
v 0.08797390 -0.05833955 0.40121926
v -0.07899823 -0.05701844 0.40168664
v -0.08733415 -0.14077112 0.40153861
v 0.08443659 -0.15206219 0.40134216
v 0.09369854 -0.12631347 0.40162598
v 0.09544532 -0.10717171 0.40177675
v 0.09327714 -0.08582728 0.40177020
v -0.08689397 -0.07306150 0.40177079
v -0.09313964 -0.10159498 0.40174334
v -0.09351224 -0.12048665 0.40131149
v -0.01365329 -0.20071715 0.40063699
v -0.02201446 -0.19972917 0.40240665
v -0.00982226 -0.20233984 0.40235160
v 0.00993610 -0.20095069 0.40391115
v 0.00199200 -0.20087326 0.40408081
v 0.00976739 -0.19945913 0.40363574
v 0.00198755 -0.20183534 0.40081400
v 0.00626233 -0.20109840 0.40063750
v 0.01805429 -0.19851048 0.40240877
v -0.00955628 -0.20117412 0.40410896
v -0.00583149 -0.20110034 0.40063751
v -0.01365100 -0.01299256 0.40137597
v -0.01369956 -0.01264386 0.40486558
v -0.02184722 -0.01317453 0.40326212
v 0.00206532 -0.01190043 0.40154453
v 0.01008609 -0.01265309 0.40172874
v 0.00338149 -0.01228482 0.40481191
v 0.00976760 -0.01424009 0.40434179
v 0.00192123 -0.01334262 0.40180427
v -0.00576238 -0.01162982 0.40460801
v -0.00583576 -0.01286661 0.40462484
v 0.01806128 -0.01519209 0.40311418
v -0.00583187 -0.01260247 0.40137768
vt 0.0029101 0.7823015
vt 0.0029530 0.5684850
vt 0.0030554 0.3353434
vt 0.0031223 0.1226552
vt 0.0038853 0.8804528
vt 0.0038918 0.4622251
vt 0.0039060 0.0039060
vt 0.0039060 0.0535630
vt 0.0039060 0.1359610
vt 0.0039060 0.1898600
vt 0.0039060 0.2331310
vt 0.0039060 0.2747770
vt 0.0039060 0.3257250
vt 0.0039060 0.4032230
vt 0.0039060 0.4471810
vt 0.0039060 0.4631580
vt 0.0039060 0.4763060
vt 0.0039060 0.5138940
vt 0.0039060 0.5645750
vt 0.0039060 0.5821550
vt 0.0039060 0.5996230
vt 0.0039060 0.6331410
vt 0.0039060 0.6749820
vt 0.0039060 0.7170710
vt 0.0039060 0.7508110
vt 0.0039060 0.7681310
vt 0.0039060 0.7755200
vt 0.0039060 0.7852230
vt 0.0039060 0.8336380
vt 0.0039060 0.8682510
vt 0.0039060 0.8796890
vt 0.0039060 0.8931470
vt 0.0042785 0.3400065
vt 0.0044640 0.1181466
vt 0.0107694 0.3399892
vt 0.0116986 0.5395029
vt 0.0122232 0.3577566
vt 0.0128619 0.8111023
vt 0.0133264 0.1023378
vt 0.0142537 0.1696671
vt 0.0142729 0.2937195
vt 0.0161629 0.5701209
vt 0.0165880 0.8886859
vt 0.0166736 0.1249334
vt 0.0167715 0.7826450
vt 0.0172400 0.8797960
vt 0.0189755 0.8727458
vt 0.0194387 0.4718929
vt 0.0204038 0.7591709
vt 0.0208376 0.6225490
vt 0.0210224 0.0329640
vt 0.0211464 0.4633749
vt 0.0270600 0.9892710
vt 0.0271000 0.9047630
vt 0.0272614 0.9896101
vt 0.0272701 0.9036028
vt 0.0274120 0.9892710
vt 0.0274520 0.9047630
vt 0.0305910 0.9892720
vt 0.0306010 0.9047650
vt 0.0308201 0.9035688
vt 0.0309410 0.9892720
vt 0.0309510 0.9047650
vt 0.0313030 0.9047660
vt 0.0314663 0.9896228
vt 0.0318581 0.9044245
vt 0.0321370 0.9892710
vt 0.0324880 0.9892700
vt 0.0325010 0.9047690
vt 0.0325755 0.6971471
vt 0.0349960 0.9892650
vt 0.0350370 0.9047630
vt 0.0351976 0.9896030
vt 0.0352090 0.9036009
vt 0.0353480 0.9892650
vt 0.0353890 0.9047630
vt 0.0367548 0.4501678
vt 0.0385260 0.9892650
vt 0.0385380 0.9047670
vt 0.0387583 0.9035700
vt 0.0388770 0.9892650
vt 0.0388880 0.9047670
vt 0.0392400 0.9047680
vt 0.0394021 0.9896160
vt 0.0397951 0.9044257
vt 0.0400730 0.9892630
vt 0.0404240 0.9892630
vt 0.0404380 0.9047710
vt 0.0429530 0.9032330
vt 0.0429760 0.9877340
vt 0.0431361 0.9889368
vt 0.0431852 0.9028835
vt 0.0433050 0.9032340
vt 0.0433270 0.9877330
vt 0.0442387 0.2425113
vt 0.0464540 0.9032330
vt 0.0465060 0.9877300
vt 0.0467993 0.9886836
vt 0.0468060 0.9032320
vt 0.0468560 0.9877310
vt 0.0471570 0.9032310
vt 0.0475308 0.9028769
vt 0.0476084 0.9881424
vt 0.0480520 0.9877330
vt 0.0481692 0.3711123
vt 0.0483560 0.9032250
vt 0.0484030 0.9877330
vt 0.0508970 0.9032340
vt 0.0509090 0.9877260
vt 0.0510683 0.9889300
vt 0.0511302 0.9028844
vt 0.0512480 0.9032340
vt 0.0512600 0.9877250
vt 0.0536574 0.3212164
vt 0.0543830 0.8931470
vt 0.0543980 0.9032320
vt 0.0544380 0.9877240
vt 0.0547318 0.9886777
vt 0.0547490 0.9032310
vt 0.0547890 0.9877250
vt 0.0551000 0.9032300
vt 0.0554743 0.9028768
vt 0.0555422 0.9881356
vt 0.0557096 0.7613080
vt 0.0558620 0.8805390
vt 0.0559280 0.8798700
vt 0.0559366 0.5477989
vt 0.0559850 0.9877270
vt 0.0562990 0.9032250
vt 0.0563360 0.9877270
vt 0.0576570 0.5949256
vt 0.0578055 0.8075488
vt 0.0579410 0.4679800
vt 0.0579410 0.4686720
vt 0.0582338 0.8655580
vt 0.0588060 0.9892420
vt 0.0588470 0.9047620
vt 0.0589809 0.9895748
vt 0.0590198 0.9036015
vt 0.0591570 0.9892420
vt 0.0591990 0.9047630
vt 0.0593560 0.4837268
vt 0.0611060 0.0039060
vt 0.0623360 0.9892410
vt 0.0623480 0.9047680
vt 0.0625663 0.9035726
vt 0.0626860 0.9892410
vt 0.0626990 0.9047680
vt 0.0630500 0.9047690
vt 0.0632112 0.9895930
vt 0.0636031 0.9044261
vt 0.0638820 0.9892390
vt 0.0642330 0.9892390
vt 0.0642490 0.9047720
vt 0.0665200 0.1084421
vt 0.0667810 0.9877020
vt 0.0667960 0.9032310
vt 0.0671470 0.9032310
vt 0.0674242 0.9880486
vt 0.0678182 0.9028786
vt 0.0679800 0.9877050
vt 0.0683310 0.9877060
vt 0.0683430 0.9032300
vt 0.0684621 0.9888999
vt 0.0686820 0.9877050
vt 0.0686950 0.9032300
vt 0.0718300 0.9877040
vt 0.0718730 0.9032330
vt 0.0720102 0.9888667
vt 0.0720490 0.9029001
vt 0.0721820 0.9877040
vt 0.0722240 0.9032330
vt 0.0726726 0.1661631
vt 0.0742678 0.0522394
vt 0.0747030 0.9032350
vt 0.0747210 0.9877030
vt 0.0747851 0.9889223
vt 0.0749350 0.9028854
vt 0.0750540 0.9032360
vt 0.0750730 0.9877020
vt 0.0782040 0.9032320
vt 0.0782500 0.9877020
vt 0.0785415 0.9886565
vt 0.0785550 0.9032310
vt 0.0786010 0.9877030
vt 0.0789060 0.9032300
vt 0.0792314 0.4232399
vt 0.0792799 0.9028756
vt 0.0793818 0.9881088
vt 0.0797970 0.9877050
vt 0.0801050 0.9032250
vt 0.0801470 0.9877050
vt 0.0826100 0.9032320
vt 0.0826600 0.9877020
vt 0.0828225 0.9889062
vt 0.0828423 0.9028829
vt 0.0829620 0.9032320
vt 0.0830110 0.9877000
vt 0.0861110 0.9032330
vt 0.0861890 0.9876950
vt 0.0864620 0.9032330
vt 0.0864838 0.9886491
vt 0.0865400 0.9876960
vt 0.0868130 0.9032320
vt 0.0872122 0.9028788
vt 0.0873216 0.9881018
vt 0.0877360 0.9876970
vt 0.0880120 0.9032260
vt 0.0880870 0.9876970
vt 0.0905650 0.9876630
vt 0.0906060 0.9032310
vt 0.0909560 0.9032310
vt 0.0912083 0.9880080
vt 0.0916277 0.9028799
vt 0.0917640 0.9876660
vt 0.0921150 0.9876670
vt 0.0921530 0.9032300
vt 0.0922458 0.9888625
vt 0.0924660 0.9876660
vt 0.0925040 0.9032300
vt 0.0935548 0.6638541
vt 0.0945541 0.3184755
vt 0.0952063 0.5416194
vt 0.0956150 0.9876650
vt 0.0956810 0.9032350
vt 0.0957961 0.9888272
vt 0.0958041 0.9029093
vt 0.0959660 0.9876650
vt 0.0960320 0.9032360
vt 0.0975330 0.8812250
vt 0.0984910 0.9032310
vt 0.0985300 0.9876630
vt 0.0985968 0.9888802
vt 0.0987237 0.9028830
vt 0.0988430 0.9032320
vt 0.0988810 0.9876610
vt 0.0997380 0.4726470
vt 0.1009967 0.7324303
vt 0.1019920 0.9032340
vt 0.1020440 0.8592920
vt 0.1020570 0.9876550
vt 0.1023430 0.9032340
vt 0.1023528 0.9886095
vt 0.1024080 0.9876560
vt 0.1026940 0.9032330
vt 0.1030694 0.9028804
vt 0.1031857 0.9880628
vt 0.1036050 0.9876570
vt 0.1038930 0.9032290
vt 0.1039550 0.9876580
vt 0.1048078 0.8923909
vt 0.1064630 0.9876110
vt 0.1064800 0.9032370
vt 0.1068310 0.9032370
vt 0.1071067 0.9879564
vt 0.1074956 0.4830793
vt 0.1075019 0.9028845
vt 0.1076620 0.9876130
vt 0.1077340 0.4615155
vt 0.1080130 0.9876140
vt 0.1080270 0.9032360
vt 0.1081432 0.9888094
vt 0.1083640 0.9876140
vt 0.1083780 0.9032350
vt 0.1096723 0.0662819
vt 0.1110894 0.0032669
vt 0.1115120 0.9876210
vt 0.1115540 0.9032310
vt 0.1116767 0.9029063
vt 0.1116916 0.9887820
vt 0.1118640 0.9876220
vt 0.1119050 0.9032310
vt 0.1132657 0.1347162
vt 0.1139250 0.8016022
vt 0.1139932 0.2091247
vt 0.1143600 0.9891350
vt 0.1144300 0.9047630
vt 0.1145351 0.9894682
vt 0.1145995 0.9036017
vt 0.1147110 0.9891360
vt 0.1147810 0.9047630
vt 0.1151353 0.2508653
vt 0.1175645 0.3863028
vt 0.1177439 0.6144640
vt 0.1177463 0.8809295
vt 0.1178870 0.9891420
vt 0.1179300 0.9047610
vt 0.1181495 0.9035659
vt 0.1182380 0.9891420
vt 0.1182810 0.9047610
vt 0.1186320 0.9047610
vt 0.1187634 0.9894922
vt 0.1191870 0.9044191
vt 0.1194360 0.9891420
vt 0.1196445 0.6384063
vt 0.1197860 0.9891410
vt 0.1198310 0.9047640
vt 0.1223090 0.9047550
vt 0.1223580 0.9891460
vt 0.1226600 0.9047550
vt 0.1230802 0.9043499
vt 0.1231572 0.9894940
vt 0.1235570 0.9891420
vt 0.1235730 0.2937739
vt 0.1238560 0.9047570
vt 0.1239080 0.9891410
vt 0.1239151 0.9038031
vt 0.1242070 0.9047590
vt 0.1242590 0.9891400
vt 0.1251431 0.8720837
vt 0.1252632 0.3433211
vt 0.1269285 0.5162097
vt 0.1273830 0.9047610
vt 0.1274080 0.9891340
vt 0.1275277 0.9894837
vt 0.1275516 0.7598519
vt 0.1276727 0.9035403
vt 0.1277340 0.9047600
vt 0.1277600 0.9891340
vt 0.1280750 0.5616951
vt 0.1282223 0.4630134
vt 0.1283820 0.1816961
vt 0.1290833 0.7225608
vt 0.1292442 0.0867223
vt 0.1299043 0.8461202
vt 0.1302320 0.9032310
vt 0.1302790 0.9876080
vt 0.1304426 0.9888106
vt 0.1304649 0.9028829
vt 0.1305840 0.9032320
vt 0.1306300 0.9876070
vt 0.1337330 0.9032350
vt 0.1338050 0.9875990
vt 0.1340840 0.9032350
vt 0.1341014 0.9885532
vt 0.1341560 0.9875990
vt 0.1344350 0.9032340
vt 0.1344419 0.6796355
vt 0.1348100 0.9028811
vt 0.1349396 0.9880053
vt 0.1353540 0.9876010
vt 0.1355837 0.8894468
vt 0.1356340 0.9032290
vt 0.1357040 0.9876010
vt 0.1358933 0.8807462
vt 0.1369024 0.2751125
vt 0.1374220 0.4757609
vt 0.1382100 0.9875440
vt 0.1382230 0.9032390
vt 0.1382668 0.4906060
vt 0.1385740 0.9032390
vt 0.1388528 0.9878888
vt 0.1390760 0.0039060
vt 0.1392458 0.9028877
vt 0.1394090 0.9875460
vt 0.1397600 0.9875470
vt 0.1397710 0.9032370
vt 0.1398900 0.9887427
vt 0.1401110 0.9875470
vt 0.1401220 0.9032370
vt 0.1432600 0.9875530
vt 0.1432970 0.9032310
vt 0.1434392 0.9887157
vt 0.1434471 0.9028930
vt 0.1436110 0.9875540
vt 0.1436480 0.9032300
vt 0.1461170 0.9890490
vt 0.1462050 0.9048540
vt 0.1463025 0.9893871
vt 0.1464680 0.9890510
vt 0.1465560 0.9048550
vt 0.1466821 0.9035993
vt 0.1482759 0.0393448
vt 0.1496460 0.9890660
vt 0.1496940 0.9048930
vt 0.1499970 0.9890670
vt 0.1500420 0.9048890
vt 0.1503900 0.9048820
vt 0.1505243 0.9894167
vt 0.1505952 0.9042720
vt 0.1511980 0.9890670
vt 0.1515490 0.9890670
vt 0.1515810 0.9048550
vt 0.1540640 0.9032370
vt 0.1540900 0.9875420
vt 0.1542456 0.9887463
vt 0.1542963 0.9028880
vt 0.1544150 0.9032370
vt 0.1544410 0.9875420
vt 0.1575650 0.9032310
vt 0.1576150 0.9875460
vt 0.1579063 0.9885005
vt 0.1579160 0.9032300
vt 0.1579650 0.9875470
vt 0.1582670 0.9032290
vt 0.1586400 0.9028770
vt 0.1587187 0.9879572
vt 0.1591630 0.9875500
vt 0.1594660 0.9032260
vt 0.1595140 0.9875500
vt 0.1619860 0.9032310
vt 0.1620240 0.9874430
vt 0.1621597 0.9028101
vt 0.1623380 0.9032310
vt 0.1623750 0.9874400
vt 0.1624134 0.9887798
vt 0.1654930 0.9032330
vt 0.1655350 0.9873880
vt 0.1658450 0.9032330
vt 0.1658830 0.9873910
vt 0.1661960 0.9032320
vt 0.1663365 0.9879493
vt 0.1665964 0.9028821
vt 0.1670720 0.9874220
vt 0.1673970 0.9032310
vt 0.1674220 0.9874270
vt 0.1686920 0.8824560
vt 0.1686930 0.8816010
vt 0.1686980 0.8808660
vt 0.1687410 0.8931470
vt 0.1687630 0.8772080
vt 0.1691978 0.2256887
vt 0.1695920 0.4741580
vt 0.1695940 0.4749960
vt 0.1696000 0.4757170
vt 0.1696660 0.4793630
vt 0.1699230 0.9890080
vt 0.1699590 0.9047610
vt 0.1700971 0.9893392
vt 0.1701312 0.9036000
vt 0.1702740 0.9890070
vt 0.1703100 0.9047620
vt 0.1706760 0.0039060
vt 0.1711009 0.6978412
vt 0.1715052 0.4363495
vt 0.1719152 0.6183307
vt 0.1719601 0.5242491
vt 0.1725097 0.1272418
vt 0.1727904 0.8613109
vt 0.1729498 0.3387478
vt 0.1730248 0.8051769
vt 0.1730613 0.0845163
vt 0.1731773 0.7578807
vt 0.1734480 0.9890000
vt 0.1734590 0.9047690
vt 0.1736647 0.3832004
vt 0.1736786 0.9035732
vt 0.1736855 0.2533654
vt 0.1737980 0.9889980
vt 0.1738100 0.9047690
vt 0.1740685 0.2737586
vt 0.1741610 0.9047690
vt 0.1743239 0.9893486
vt 0.1747045 0.8411205
vt 0.1747160 0.9044241
vt 0.1747647 0.7261800
vt 0.1749160 0.6435249
vt 0.1749960 0.9889970
vt 0.1753470 0.9889970
vt 0.1753600 0.9047700
vt 0.1756355 0.1855292
vt 0.1757537 0.5718794
vt 0.1769345 0.2930948
vt 0.1778540 0.9889900
vt 0.1779220 0.9047620
vt 0.1780551 0.9893283
vt 0.1780617 0.4947684
vt 0.1780922 0.9036003
vt 0.1782050 0.9889910
vt 0.1782730 0.9047630
vt 0.1787893 0.6688281
vt 0.1813780 0.9890010
vt 0.1814220 0.9047610
vt 0.1816403 0.9035666
vt 0.1817290 0.9890020
vt 0.1817730 0.9047600
vt 0.1821240 0.9047600
vt 0.1822549 0.9893510
vt 0.1826795 0.9044187
vt 0.1829270 0.9890010
vt 0.1832780 0.9890000
vt 0.1833230 0.9047620
vt 0.1857900 0.9032310
vt 0.1858360 0.9874690
vt 0.1859030 0.9886892
vt 0.1860227 0.9028827
vt 0.1861410 0.9032310
vt 0.1861860 0.9874670
vt 0.1892910 0.9032340
vt 0.1893590 0.9874560
vt 0.1896420 0.9032340
vt 0.1896563 0.9884084
vt 0.1897100 0.9874560
vt 0.1899930 0.9032340
vt 0.1903666 0.9028814
vt 0.1904650 0.9878650
vt 0.1909080 0.9874570
vt 0.1911920 0.9032310
vt 0.1912590 0.9874580
vt 0.1937410 0.9047510
vt 0.1937850 0.9889980
vt 0.1940920 0.9047510
vt 0.1945056 0.9043484
vt 0.1946094 0.9893467
vt 0.1949840 0.9889950
vt 0.1952890 0.9047540
vt 0.1953350 0.9889950
vt 0.1953492 0.9038000
vt 0.1956390 0.9047550
vt 0.1956860 0.9889940
vt 0.1988130 0.9047610
vt 0.1988350 0.9889880
vt 0.1989541 0.9893374
vt 0.1991034 0.9035413
vt 0.1991640 0.9047610
vt 0.1991860 0.9889880
vt 0.2016600 0.9885980
vt 0.2017110 0.9047600
vt 0.2018641 0.9889353
vt 0.2020110 0.9885980
vt 0.2020620 0.9047600
vt 0.2021292 0.9037750
vt 0.2051900 0.9885990
vt 0.2055420 0.9885990
vt 0.2055620 0.9047620
vt 0.2059130 0.9047620
vt 0.2061658 0.9889394
vt 0.2061952 0.9043301
vt 0.2067400 0.9886000
vt 0.2070920 0.9886000
vt 0.2071120 0.9047610
vt 0.2096440 0.9870670
vt 0.2096580 0.9032280
vt 0.2100100 0.9032280
vt 0.2105613 0.9874980
vt 0.2105831 0.9028895
vt 0.2108430 0.9870660
vt 0.2111940 0.9870660
vt 0.2112090 0.9032290
vt 0.2115600 0.9032290
vt 0.2146273 0.9880533
vt 0.2146940 0.9870680
vt 0.2147390 0.9032300
vt 0.2148860 0.9028934
vt 0.2150450 0.9870680
vt 0.2150900 0.9032290
vt 0.2215130 0.9885990
vt 0.2215470 0.9047610
vt 0.2217171 0.9889356
vt 0.2218640 0.9885990
vt 0.2218980 0.9047610
vt 0.2219669 0.9037763
vt 0.2250440 0.9886000
vt 0.2253950 0.9886000
vt 0.2253980 0.9047620
vt 0.2257490 0.9047620
vt 0.2260187 0.9889392
vt 0.2260303 0.9043306
vt 0.2265930 0.9886000
vt 0.2269450 0.9886000
vt 0.2269480 0.9047620
vt 0.2294410 0.9885990
vt 0.2294880 0.9047600
vt 0.2296454 0.9889352
vt 0.2297920 0.9885990
vt 0.2298390 0.9047610
vt 0.2299069 0.9037763
vt 0.2329710 0.9885990
vt 0.2333230 0.9886000
vt 0.2333390 0.9047620
vt 0.2336900 0.9047620
vt 0.2339712 0.9043304
vt 0.2339740 0.9889385
vt 0.2345210 0.9886000
vt 0.2348730 0.9886000
vt 0.2348890 0.9047620
vt 0.2373940 0.9047640
vt 0.2374620 0.9886020
vt 0.2377450 0.9047640
vt 0.2383146 0.9889354
vt 0.2384417 0.9043512
vt 0.2386610 0.9886010
vt 0.2389440 0.9047630
vt 0.2389517 0.9036819
vt 0.2390120 0.9886010
vt 0.2392950 0.9047640
vt 0.2393630 0.9886000
vt 0.2424730 0.9047610
vt 0.2425130 0.9885990
vt 0.2426873 0.9889281
vt 0.2427581 0.9035636
vt 0.2428240 0.9047600
vt 0.2428640 0.9885990
vt 0.2453310 0.9047640
vt 0.2453980 0.9886020
vt 0.2456820 0.9047640
vt 0.2462511 0.9889351
vt 0.2463775 0.9043512
vt 0.2465970 0.9886010
vt 0.2468810 0.9047630
vt 0.2468880 0.9036814
vt 0.2469480 0.9886000
vt 0.2472320 0.9047640
vt 0.2472990 0.9886000
vt 0.2504100 0.9047610
vt 0.2504490 0.9885990
vt 0.2506228 0.9889277
vt 0.2506957 0.9035639
vt 0.2507610 0.9047600
vt 0.2508000 0.9885990
vt 0.2532680 0.9047640
vt 0.2533340 0.9886030
vt 0.2536190 0.9047640
vt 0.2541876 0.9889353
vt 0.2543148 0.9043508
vt 0.2545330 0.9886010
vt 0.2548180 0.9047640
vt 0.2548255 0.9036809
vt 0.2548840 0.9886010
vt 0.2551690 0.9047640
vt 0.2552350 0.9886000
vt 0.2583470 0.9047610
vt 0.2583850 0.9885990
vt 0.2585589 0.9889278
vt 0.2586313 0.9035625
vt 0.2586980 0.9047600
vt 0.2587360 0.9885990
vt 0.2601083 0.6296138
vt 0.2605052 0.5242541
vt 0.2612040 0.9047630
vt 0.2612720 0.9886020
vt 0.2615550 0.9047630
vt 0.2616192 0.4094041
vt 0.2619098 0.0604235
vt 0.2621254 0.9889343
vt 0.2622507 0.9043505
vt 0.2624710 0.9886000
vt 0.2627540 0.9047630
vt 0.2627611 0.9036807
vt 0.2628220 0.9886000
vt 0.2631050 0.9047630
vt 0.2631730 0.9886000
vt 0.2642114 0.7936743
vt 0.2644105 0.1769790
vt 0.2645660 0.2869550
vt 0.2645960 0.2602090
vt 0.2645960 0.8353480
vt 0.2646060 0.2781820
vt 0.2646130 0.2698610
vt 0.2646250 0.1957060
vt 0.2646270 0.7476110
vt 0.2646895 0.3680063
vt 0.2647301 0.1187967
vt 0.2647450 0.7348530
vt 0.2647560 0.8470170
vt 0.2648100 0.7263350
vt 0.2648590 0.8562760
vt 0.2648880 0.8676850
vt 0.2648920 0.8772820
vt 0.2648960 0.8808580
vt 0.2648990 0.8815610
vt 0.2649060 0.8825320
vt 0.2649070 0.0039060
vt 0.2649100 0.4634590
vt 0.2649170 0.4734630
vt 0.2649180 0.4744290
vt 0.2649210 0.4751270
vt 0.2649281 0.6559270
vt 0.2649420 0.4787710
vt 0.2649950 0.8931470
vt 0.2650835 0.2261460
vt 0.2651622 0.6975863
vt 0.2662830 0.9047600
vt 0.2663230 0.9885980
vt 0.2664964 0.9889278
vt 0.2665679 0.9035621
vt 0.2666340 0.9047600
vt 0.2666740 0.9885980
vt 0.2687843 0.3186054
vt 0.2689147 0.5840944
vt 0.2691400 0.9047630
vt 0.2692090 0.9886020
vt 0.2694920 0.9047630
vt 0.2700614 0.9889350
vt 0.2701875 0.9043505
vt 0.2704080 0.9886000
vt 0.2706900 0.9047630
vt 0.2706969 0.9036811
vt 0.2707590 0.9886000
vt 0.2710410 0.9047630
vt 0.2711100 0.9886000
vt 0.2725148 0.4945510
vt 0.2742200 0.9047600
vt 0.2742600 0.9885980
vt 0.2744342 0.9889274
vt 0.2745048 0.9035628
vt 0.2745710 0.9047600
vt 0.2746110 0.9885980
vt 0.2770750 0.9047640
vt 0.2771500 0.9886020
vt 0.2774260 0.9047640
vt 0.2780035 0.9889352
vt 0.2781218 0.9043508
vt 0.2783490 0.9886010
vt 0.2786250 0.9047630
vt 0.2786319 0.9036820
vt 0.2787000 0.9886000
vt 0.2789760 0.9047640
vt 0.2790510 0.9886000
vt 0.2821540 0.9047600
vt 0.2822010 0.9885980
vt 0.2823752 0.9889266
vt 0.2824400 0.9035614
vt 0.2825050 0.9047600
vt 0.2825520 0.9885980
vt 0.2851300 0.9881330
vt 0.2851730 0.9041710
vt 0.2853304 0.9884682
vt 0.2853441 0.9030129
vt 0.2854800 0.9881310
vt 0.2855240 0.9041720
vt 0.2886520 0.9881170
vt 0.2886720 0.9041750
vt 0.2888918 0.9029802
vt 0.2890020 0.9881150
vt 0.2890230 0.9041740
vt 0.2893740 0.9041740
vt 0.2895620 0.9884634
vt 0.2899302 0.9038335
vt 0.2902010 0.9881150
vt 0.2905520 0.9881150
vt 0.2905740 0.9041740
vt 0.2930790 0.9041550
vt 0.2931220 0.9881170
vt 0.2934300 0.9041550
vt 0.2938745 0.9037479
vt 0.2939214 0.9884650
vt 0.2943210 0.9881160
vt 0.2946290 0.9041560
vt 0.2946720 0.9881150
vt 0.2946877 0.9032049
vt 0.2949780 0.9041580
vt 0.2950230 0.9881150
vt 0.2981490 0.9041710
vt 0.2981730 0.9881130
vt 0.2982914 0.9884614
vt 0.2984428 0.9029551
vt 0.2985000 0.9041720
vt 0.2985240 0.9881140
vt 0.3009990 0.9880000
vt 0.3010480 0.9041610
vt 0.3012201 0.9883215
vt 0.3013500 0.9880000
vt 0.3013990 0.9041620
vt 0.3014670 0.9031762
vt 0.3045290 0.9880010
vt 0.3048800 0.9880010
vt 0.3048990 0.9041630
vt 0.3052500 0.9041630
vt 0.3055053 0.9883404
vt 0.3055325 0.9037311
vt 0.3060790 0.9880010
vt 0.3064300 0.9880020
vt 0.3064500 0.9041630
vt 0.3089820 0.9864580
vt 0.3089960 0.9026190
vt 0.3093480 0.9026200
vt 0.3098989 0.9868901
vt 0.3099219 0.9022812
vt 0.3101810 0.9864580
vt 0.3105320 0.9864580
vt 0.3105460 0.9026200
vt 0.3108980 0.9026200
vt 0.3139642 0.9874437
vt 0.3140320 0.9864590
vt 0.3140770 0.9026210
vt 0.3142241 0.9022838
vt 0.3143830 0.9864600
vt 0.3144280 0.9026210
vt 0.3169160 0.9864470
vt 0.3169370 0.9026080
vt 0.3172890 0.9026090
vt 0.3178328 0.9868790
vt 0.3178627 0.9022694
vt 0.3181160 0.9864470
vt 0.3184670 0.9864460
vt 0.3184870 0.9026090
vt 0.3188390 0.9026090
vt 0.3218996 0.9874337
vt 0.3219660 0.9864480
vt 0.3220180 0.9026100
vt 0.3221645 0.9022727
vt 0.3223180 0.9864490
vt 0.3223690 0.9026100
vt 0.3248110 0.9879690
vt 0.3248570 0.9041300
vt 0.3250145 0.9883063
vt 0.3251620 0.9879690
vt 0.3252090 0.9041310
vt 0.3252763 0.9031448
vt 0.3283410 0.9879700
vt 0.3286920 0.9879700
vt 0.3287090 0.9041320
vt 0.3290600 0.9041320
vt 0.3293164 0.9883096
vt 0.3293405 0.9037005
vt 0.3298910 0.9879700
vt 0.3302420 0.9879710
vt 0.3302590 0.9041320
vt 0.3327900 0.9864350
vt 0.3328100 0.9025960
vt 0.3331610 0.9025960
vt 0.3337072 0.9868664
vt 0.3337347 0.9022574
vt 0.3339890 0.9864340
vt 0.3343400 0.9864340
vt 0.3343600 0.9025970
vt 0.3347110 0.9025970
vt 0.3377726 0.9874215
vt 0.3378400 0.9864360
vt 0.3378900 0.9025980
vt 0.3380377 0.9022608
vt 0.3381910 0.9864370
vt 0.3382410 0.9025980
vt 0.3407270 0.9864340
vt 0.3407470 0.9025960
vt 0.3410980 0.9025960
vt 0.3416445 0.9868659
vt 0.3416725 0.9022566
vt 0.3419260 0.9864340
vt 0.3422770 0.9864340
vt 0.3422970 0.9025960
vt 0.3426480 0.9025960
vt 0.3457091 0.9874211
vt 0.3457770 0.9864350
vt 0.3458270 0.9025970
vt 0.3459573 0.9022762
vt 0.3461280 0.9864360
vt 0.3461780 0.9025970
vt 0.3486350 0.9041000
vt 0.3487070 0.9879380
vt 0.3489870 0.9040990
vt 0.3495597 0.9882709
vt 0.3496818 0.9036869
vt 0.3499060 0.9879370
vt 0.3500195 0.6349267
vt 0.3501850 0.9040990
vt 0.3501921 0.9030179
vt 0.3502570 0.9879360
vt 0.3505360 0.9041000
vt 0.3506080 0.9879360
vt 0.3510088 0.2406461
vt 0.3515927 0.7104555
vt 0.3521279 0.5171627
vt 0.3528206 0.4209422
vt 0.3528747 0.0483781
vt 0.3535079 0.7311572
vt 0.3537150 0.9040960
vt 0.3537580 0.9879340
vt 0.3539321 0.9882635
vt 0.3539993 0.9028983
vt 0.3540660 0.9040960
vt 0.3541090 0.9879340
vt 0.3547136 0.8059274
vt 0.3549458 0.2653829
vt 0.3550897 0.2833718
vt 0.3551022 0.6561090
vt 0.3554760 0.1181937
vt 0.3555575 0.0854792
vt 0.3559201 0.3763508
vt 0.3559225 0.8454828
vt 0.3561360 0.9025540
vt 0.3561520 0.9865980
vt 0.3562218 0.7586343
vt 0.3562458 0.6120064
vt 0.3563065 0.9878023
vt 0.3563686 0.9022055
vt 0.3564870 0.9025540
vt 0.3565030 0.9865990
vt 0.3571250 0.5615910
vt 0.3572482 0.2061690
vt 0.3574035 0.1638221
vt 0.3576452 0.3197975
vt 0.3576716 0.4893275
vt 0.3593228 0.8714712
vt 0.3594433 0.6841606
vt 0.3596370 0.9025510
vt 0.3596740 0.9866090
vt 0.3597310 0.0039060
vt 0.3599230 0.1869850
vt 0.3599645 0.9875630
vt 0.3599880 0.9025500
vt 0.3600240 0.9866110
vt 0.3601140 0.4744670
vt 0.3601170 0.4627460
vt 0.3601170 0.4726920
vt 0.3601170 0.4737490
vt 0.3603390 0.9025500
vt 0.3605260 0.8807500
vt 0.3605360 0.8814690
vt 0.3605460 0.8825290
vt 0.3606500 0.8931470
vt 0.3607126 0.9021991
vt 0.3607786 0.9870204
vt 0.3612220 0.9866140
vt 0.3615380 0.9025490
vt 0.3615740 0.9866140
vt 0.3640640 0.9041060
vt 0.3640950 0.9881050
vt 0.3644150 0.9041110
vt 0.3649503 0.9884393
vt 0.3651592 0.9035624
vt 0.3652970 0.9881050
vt 0.3656030 0.9041420
vt 0.3656490 0.9881040
vt 0.3659500 0.9041450
vt 0.3660000 0.9881040
vt 0.3690615 0.9027802
vt 0.3691100 0.9040860
vt 0.3691550 0.9881020
vt 0.3693660 0.9884850
vt 0.3694610 0.9040820
vt 0.3695070 0.9881020
vt 0.3708720 0.9881040
vt 0.3709090 0.9040390
vt 0.3710724 0.9884396
vt 0.3710801 0.9028794
vt 0.3712220 0.9881030
vt 0.3712600 0.9040400
vt 0.3743940 0.9880910
vt 0.3744090 0.9040440
vt 0.3746290 0.9028487
vt 0.3747440 0.9880890
vt 0.3747600 0.9040440
vt 0.3751110 0.9040440
vt 0.3752710 0.9884391
vt 0.3756662 0.9037019
vt 0.3759430 0.9880880
vt 0.3762940 0.9880880
vt 0.3763100 0.9040440
vt 0.3775880 0.9039860
vt 0.3776310 0.9879830
vt 0.3779390 0.9039910
vt 0.3784333 0.9883308
vt 0.3786760 0.9034676
vt 0.3788330 0.9879820
vt 0.3791280 0.9040200
vt 0.3791850 0.9879810
vt 0.3794760 0.9040240
vt 0.3795360 0.9879810
vt 0.3825980 0.9026323
vt 0.3826370 0.9039700
vt 0.3826920 0.9879790
vt 0.3828685 0.9883999
vt 0.3829880 0.9039670
vt 0.3830430 0.9879790
vt 0.3852620 0.9880390
vt 0.3853460 0.9040420
vt 0.3854634 0.9883803
vt 0.3856140 0.9880390
vt 0.3856980 0.9040440
vt 0.3858311 0.9027975
vt 0.3887920 0.9880550
vt 0.3888360 0.9040860
vt 0.3891430 0.9880560
vt 0.3891840 0.9040810
vt 0.3895320 0.9040750
vt 0.3896708 0.9884067
vt 0.3897350 0.9034637
vt 0.3903440 0.9880580
vt 0.3906960 0.9880580
vt 0.3907230 0.9040470
vt 0.3918166 0.4492284
vt 0.3922380 0.4803925
vt 0.3924886 0.4724616
vt 0.3928081 0.8744175
vt 0.3929954 0.8825172
vt 0.3932010 0.9039720
vt 0.3932690 0.9878100
vt 0.3935530 0.9039720
vt 0.3941216 0.9881428
vt 0.3942477 0.9035594
vt 0.3942540 0.8931470
vt 0.3944680 0.9878090
vt 0.3947510 0.9039710
vt 0.3947587 0.9028893
vt 0.3948190 0.9878090
vt 0.3951020 0.9039720
vt 0.3951700 0.9878090
vt 0.3982800 0.9039690
vt 0.3983200 0.9878070
vt 0.3984936 0.9881362
vt 0.3985669 0.9027709
vt 0.3986320 0.9039680
vt 0.3986710 0.9878070
vt 0.4002125 0.0272571
vt 0.4005000 0.9863920
vt 0.4005380 0.9023770
vt 0.4007051 0.5137013
vt 0.4008040 0.3330539
vt 0.4008900 0.9023760
vt 0.4014656 0.9020374
vt 0.4015480 0.9869800
vt 0.4016073 0.1869831
vt 0.4016910 0.9863650
vt 0.4020390 0.9863580
vt 0.4020910 0.9023780
vt 0.4023800 0.2768125
vt 0.4024420 0.9023800
vt 0.4026629 0.3887540
vt 0.4030655 0.6400625
vt 0.4031343 0.1359940
vt 0.4033175 0.6023614
vt 0.4034359 0.7296164
vt 0.4035319 0.0829299
vt 0.4050087 0.8402390
vt 0.4051818 0.9874409
vt 0.4055250 0.9863960
vt 0.4056190 0.9023990
vt 0.4057666 0.9020469
vt 0.4058760 0.9863980
vt 0.4059700 0.9024010
vt 0.4083804 0.2303081
vt 0.4088100 0.9023640
vt 0.4088540 0.9865160
vt 0.4089942 0.9019355
vt 0.4090171 0.9877177
vt 0.4091620 0.9023650
vt 0.4092050 0.9865140
vt 0.4097701 0.7029523
vt 0.4120220 0.0039060
vt 0.4123110 0.9023670
vt 0.4123770 0.9865010
vt 0.4126620 0.9023670
vt 0.4126730 0.9874547
vt 0.4127270 0.9865000
vt 0.4127313 0.4729414
vt 0.4130130 0.9023670
vt 0.4130878 0.8897161
vt 0.4132499 0.8808803
vt 0.4134127 0.9020159
vt 0.4134830 0.9869107
vt 0.4139260 0.9865020
vt 0.4142120 0.9023640
vt 0.4142760 0.9865020
vt 0.4165899 0.6659518
vt 0.4166290 0.9880270
vt 0.4166930 0.9038890
vt 0.4168297 0.9883662
vt 0.4168625 0.9027293
vt 0.4169790 0.9880290
vt 0.4170440 0.9038900
vt 0.4180801 0.8059663
vt 0.4201520 0.9880410
vt 0.4201930 0.9038890
vt 0.4204111 0.9026942
vt 0.4205030 0.9880420
vt 0.4205430 0.9038880
vt 0.4208940 0.9038880
vt 0.4210293 0.9883913
vt 0.4214189 0.9035439
vt 0.4217010 0.9880410
vt 0.4217336 0.5422164
vt 0.4220520 0.9880410
vt 0.4220930 0.9038890
vt 0.4234019 0.7505144
vt 0.4236917 0.4932719
vt 0.4245650 0.9877280
vt 0.4246070 0.9038890
vt 0.4247688 0.9880652
vt 0.4249160 0.9877280
vt 0.4249580 0.9038900
vt 0.4250259 0.9029055
vt 0.4252715 0.4528580
vt 0.4270601 0.8598509
vt 0.4280950 0.9877290
vt 0.4284460 0.9877290
vt 0.4284590 0.9038910
vt 0.4288090 0.9038910
vt 0.4290704 0.9880684
vt 0.4290911 0.9034600
vt 0.4296450 0.9877290
vt 0.4299960 0.9877290
vt 0.4300090 0.9038910
vt 0.4325020 0.9873330
vt 0.4325440 0.9034940
vt 0.4327060 0.9876698
vt 0.4328530 0.9873330
vt 0.4328950 0.9034950
vt 0.4329626 0.9025096
vt 0.4349850 0.0039060
vt 0.4355214 0.1961957
vt 0.4360291 0.8888867
vt 0.4360330 0.9873330
vt 0.4363830 0.9873330
vt 0.4363950 0.9034960
vt 0.4367460 0.9034960
vt 0.4367786 0.0552292
vt 0.4370005 0.0981574
vt 0.4370088 0.9876735
vt 0.4370269 0.9030642
vt 0.4374693 0.6209580
vt 0.4375820 0.9873340
vt 0.4376476 0.4744907
vt 0.4376696 0.1336399
vt 0.4379340 0.9873340
vt 0.4379450 0.9034950
vt 0.4381307 0.8799100
vt 0.4384095 0.1642783
vt 0.4403147 0.3085426
vt 0.4404510 0.9034960
vt 0.4405210 0.9873350
vt 0.4408020 0.9034960
vt 0.4413736 0.9876661
vt 0.4414988 0.9030821
vt 0.4417200 0.9873330
vt 0.4420010 0.9034960
vt 0.4420087 0.9024143
vt 0.4420710 0.9873330
vt 0.4423520 0.9034960
vt 0.4424220 0.9873330
vt 0.4455300 0.9034930
vt 0.4455720 0.9873310
vt 0.4457459 0.9876601
vt 0.4458142 0.9022931
vt 0.4458810 0.9034920
vt 0.4459230 0.9873310
vt 0.4473878 0.3775786
vt 0.4483730 0.9873340
vt 0.4484180 0.9034960
vt 0.4485770 0.9876707
vt 0.4487240 0.9873340
vt 0.4487700 0.9034970
vt 0.4488373 0.9025114
vt 0.4519030 0.9873350
vt 0.4522540 0.9873350
vt 0.4522690 0.9034980
vt 0.4526210 0.9034980
vt 0.4528793 0.9876754
vt 0.4529025 0.9030653
vt 0.4534530 0.9873360
vt 0.4538050 0.9873360
vt 0.4538200 0.9034970
vt 0.4551495 0.5884836
vt 0.4563540 0.9858020
vt 0.4563660 0.9019630
vt 0.4567180 0.9019630
vt 0.4572710 0.9862339
vt 0.4572920 0.9016237
vt 0.4575530 0.9858010
vt 0.4579040 0.9858010
vt 0.4579160 0.9019640
vt 0.4582680 0.9019640
vt 0.4613363 0.9867879
vt 0.4614040 0.9858020
vt 0.4614470 0.9019640
vt 0.4615939 0.9016283
vt 0.4617560 0.9858030
vt 0.4617980 0.9019640
vt 0.4639114 0.2634501
vt 0.4642630 0.9034990
vt 0.4643270 0.9873380
vt 0.4646140 0.9034990
vt 0.4651786 0.9876709
vt 0.4653090 0.9030871
vt 0.4655260 0.9873370
vt 0.4658130 0.9034990
vt 0.4658207 0.9024174
vt 0.4658770 0.9873360
vt 0.4661640 0.9035000
vt 0.4662280 0.9873360
vt 0.4693420 0.9034970
vt 0.4693780 0.9873350
vt 0.4695513 0.9876642
vt 0.4696276 0.9022975
vt 0.4696940 0.9034960
vt 0.4697290 0.9873350
vt 0.4721980 0.9035000
vt 0.4722660 0.9873390
vt 0.4725490 0.9035000
vt 0.4731201 0.9876711
vt 0.4732120 0.9030911
vt 0.4734650 0.9873370
vt 0.4737480 0.9034990
vt 0.4737502 0.9024165
vt 0.4738170 0.9873370
vt 0.4740990 0.9035000
vt 0.4741680 0.9873370
vt 0.4772770 0.9034970
vt 0.4773170 0.9873350
vt 0.4774906 0.9876636
vt 0.4775628 0.9022982
vt 0.4776290 0.9034960
vt 0.4776690 0.9873350
vt 0.4801360 0.9034990
vt 0.4802010 0.9873380
vt 0.4804870 0.9034990
vt 0.4810541 0.9876698
vt 0.4811504 0.9030904
vt 0.4814000 0.9873360
vt 0.4816860 0.9034990
vt 0.4816877 0.9024154
vt 0.4817510 0.9873360
vt 0.4820370 0.9034990
vt 0.4821020 0.9873360
vt 0.4839603 0.4417219
vt 0.4844027 0.1663030
vt 0.4847721 0.6930316
vt 0.4852150 0.9034960
vt 0.4852520 0.9873340
vt 0.4854262 0.9876627
vt 0.4854468 0.6082212
vt 0.4854991 0.9022982
vt 0.4855305 0.4956284
vt 0.4855309 0.7603304
vt 0.4855660 0.9034960
vt 0.4856040 0.9873340
vt 0.4857870 0.0039060
vt 0.4859435 0.0795466
vt 0.4861340 0.4761350
vt 0.4861380 0.4752530
vt 0.4861410 0.4743720
vt 0.4863841 0.1242926
vt 0.4865060 0.8775930
vt 0.4865190 0.8784740
vt 0.4865320 0.8793520
vt 0.4867200 0.8931470
vt 0.4867378 0.8077738
vt 0.4875520 0.5462707
vt 0.4880720 0.9034980
vt 0.4881337 0.3121368
vt 0.4881380 0.9873370
vt 0.4881779 0.8583260
vt 0.4884230 0.9034980
vt 0.4884710 0.3467654
vt 0.4889908 0.9876695
vt 0.4891194 0.9030859
vt 0.4893380 0.9873360
vt 0.4896220 0.9034980
vt 0.4896296 0.9024161
vt 0.4896890 0.9873350
vt 0.4899730 0.9034980
vt 0.4900400 0.9873350
vt 0.4931510 0.9034960
vt 0.4931890 0.9873330
vt 0.4933632 0.9876629
vt 0.4934363 0.9022976
vt 0.4935030 0.9034950
vt 0.4935410 0.9873330
vt 0.4960070 0.9034980
vt 0.4960790 0.9873370
vt 0.4963580 0.9034980
vt 0.4969310 0.9876704
vt 0.4970546 0.9030860
vt 0.4972780 0.9873360
vt 0.4975570 0.9034980
vt 0.4975638 0.9024165
vt 0.4976290 0.9873350
vt 0.4979080 0.9034980
vt 0.4979800 0.9873350
vt 0.5010860 0.9034950
vt 0.5011300 0.9873330
vt 0.5013042 0.9876624
vt 0.5013726 0.9022990
vt 0.5014370 0.9034940
vt 0.5014810 0.9873330
vt 0.5306317 0.6114001
vt 0.5311736 0.4369650
vt 0.5315146 0.1178318
vt 0.5320793 0.0731579
vt 0.5323948 0.4754908
vt 0.5325444 0.8776211
vt 0.5332458 0.3341383
vt 0.5332676 0.1305300
vt 0.5332864 0.7928655
vt 0.5334944 0.5610104
vt 0.5348580 0.0039060
vt 0.5349810 0.6761620
vt 0.5353360 0.8931470
vt 0.5360805 0.7687154
vt 0.5365730 0.3506246
vt 0.5382666 0.4989138
vt 0.5387085 0.8543802
vt 0.5387154 0.1728939
vt 0.5387478 0.2925317
vt 0.5409549 0.2330992
vt 0.5463827 0.5674685
vt 0.5510948 0.4797447
vt 0.5511053 0.8732508
vt 0.5517688 0.1226855
vt 0.5519714 0.7866699
vt 0.5523790 0.0039060
vt 0.5523820 0.6241570
vt 0.5523820 0.7286060
vt 0.5523880 0.6761570
vt 0.5523920 0.1017270
vt 0.5523920 0.4113150
vt 0.5523930 0.0527300
vt 0.5523960 0.4595250
vt 0.5524220 0.8931470
vt 0.5531291 0.3229302
vt 0.5531385 0.1419020
vt 0.5532880 0.5861704
vt 0.5533808 0.3414293
vt 0.5536867 0.5675275
vt 0.5537230 0.0039060
vt 0.5537230 0.0527790
vt 0.5537230 0.1018200
vt 0.5537230 0.1197190
vt 0.5537230 0.1220450
vt 0.5537230 0.1270850
vt 0.5537230 0.1808730
vt 0.5537230 0.2331310
vt 0.5537230 0.2848050
vt 0.5537230 0.3374870
vt 0.5537230 0.3447710
vt 0.5537230 0.3625740
vt 0.5537230 0.4112660
vt 0.5537230 0.4595070
vt 0.5537230 0.4891120
vt 0.5537230 0.5208870
vt 0.5537230 0.5529610
vt 0.5537230 0.5701960
vt 0.5537230 0.5711090
vt 0.5537230 0.6240010
vt 0.5537230 0.6761570
vt 0.5537230 0.7287630
vt 0.5537230 0.7686330
vt 0.5537230 0.7824450
vt 0.5537230 0.8005900
vt 0.5537230 0.8324830
vt 0.5537230 0.8639880
vt 0.5537230 0.8931470
vt 0.5537403 0.1250651
vt 0.5537944 0.7873161
vt 0.5537948 0.7840112
vt 0.5539439 0.8758556
vt 0.5539472 0.4770952
vt 0.5584357 0.4294242
vt 0.5598021 0.4631000
vt 0.5606560 0.5180540
vt 0.5608264 0.4321453
vt 0.5613128 0.4431632
vt 0.5622960 0.4637910
vt 0.5625640 0.5742340
vt 0.5627900 0.3105680
vt 0.5630640 0.3451556
vt 0.5632950 0.1479650
vt 0.5633931 0.2543840
vt 0.5634281 0.2760402
vt 0.5634810 0.3106760
vt 0.5635634 0.4464211
vt 0.5636173 0.5995758
vt 0.5636650 0.2426260
vt 0.5638936 0.1056946
vt 0.5641540 0.0930530
vt 0.5643290 0.0589670
vt 0.5644169 0.2080330
vt 0.5644230 0.4455660
vt 0.5644635 0.6194639
vt 0.5644830 0.0249970
vt 0.5645538 0.1632556
vt 0.5649085 0.5224673
vt 0.5649411 0.6348163
vt 0.5649759 0.1333927
vt 0.5651800 0.7299270
vt 0.5652184 0.1388710
vt 0.5654985 0.0136889
vt 0.5655193 0.4238308
vt 0.5655218 0.1762264
vt 0.5655780 0.3905688
vt 0.5655932 0.6513829
vt 0.5656061 0.6538041
vt 0.5658462 0.7312229
vt 0.5658606 0.2610401
vt 0.5658860 0.4222026
vt 0.5658959 0.4127572
vt 0.5659270 0.3675580
vt 0.5659301 0.3578014
vt 0.5659603 0.1608086
vt 0.5659664 0.6436345
vt 0.5659670 0.3458590
vt 0.5660017 0.3590848
vt 0.5660340 0.3106470
vt 0.5660947 0.1234184
vt 0.5661030 0.2752390
vt 0.5661216 0.5955161
vt 0.5661240 0.2624310
vt 0.5662110 0.3102730
vt 0.5662200 0.8562200
vt 0.5662872 0.9139864
vt 0.5662890 0.2748930
vt 0.5663217 0.8973993
vt 0.5664667 0.5739603
vt 0.5665014 0.1065314
vt 0.5665170 0.8777070
vt 0.5665709 0.3438816
vt 0.5666010 0.3900850
vt 0.5666190 0.8563000
vt 0.5666720 0.7299140
vt 0.5670508 0.2560254
vt 0.5670571 0.2616410
vt 0.5670679 0.3596672
vt 0.5671166 0.4236700
vt 0.5671206 0.9167538
vt 0.5672030 0.8774210
vt 0.5673730 0.8334600
vt 0.5680320 0.8332730
vt 0.5683036 0.8115227
vt 0.5684337 0.7962458
vt 0.5686309 0.7940857
vt 0.5701563 0.6427177
vt 0.5702363 0.9197889
vt 0.5709837 0.0276934
vt 0.5710041 0.0916828
vt 0.5729327 0.9027273
vt 0.5736074 0.8082371
vt 0.5740450 0.2696006
vt 0.5749906 0.2545695
vt 0.5757947 0.0604151
vt 0.5761000 0.2462709
vt 0.5769536 0.4238318
vt 0.5769540 0.2606640
vt 0.5770468 0.1332991
vt 0.5771050 0.4278980
vt 0.5771460 0.8019230
vt 0.5773586 0.8559442
vt 0.5778349 0.0152472
vt 0.5783340 0.8049986
vt 0.5788661 0.4501050
vt 0.5789468 0.3515091
vt 0.5792880 0.4493160
vt 0.5794072 0.1974707
vt 0.5807818 0.1490248
vt 0.5813475 0.3226979
vt 0.5816737 0.4306171
vt 0.5819561 0.4637050
vt 0.5824160 0.4636500
vt 0.5825005 0.5990472
vt 0.5826278 0.9345887
vt 0.5827250 0.6526360
vt 0.5832849 0.6512710
vt 0.5834979 0.7311974
vt 0.5838625 0.4843718
vt 0.5840863 0.7291327
vt 0.5842150 0.6526280
vt 0.5857398 0.9255010
vt 0.5858042 0.9374931
vt 0.5861450 0.7298990
vt 0.5868378 0.6513568
vt 0.5868390 0.6537728
vt 0.5873431 0.7312827
vt 0.5876350 0.7299010
vt 0.5881749 0.6420982
vt 0.5888400 0.2554570
vt 0.5906129 0.4103886
vt 0.5907987 0.1334033
vt 0.5913174 0.1062889
vt 0.5923042 0.3599831
vt 0.5951253 0.9298329
vt 0.5958110 0.8996829
vt 0.5991461 0.8297042
vt 0.5994585 0.6324617
vt 0.5997840 0.8272450
vt 0.6015556 0.0281118
vt 0.6029710 0.0983495
vt 0.6039330 0.6526660
vt 0.6043787 0.7312292
vt 0.6044953 0.6512945
vt 0.6046523 0.2777807
vt 0.6047350 0.4758160
vt 0.6047743 0.9210010
vt 0.6049540 0.4242860
vt 0.6050227 0.7291476
vt 0.6052340 0.3437830
vt 0.6052340 0.3443500
vt 0.6053430 0.2606270
vt 0.6054240 0.6526580
vt 0.6061630 0.4755688
vt 0.6063151 0.1207817
vt 0.6073270 0.7293080
vt 0.6075813 0.6533877
vt 0.6081707 0.6513382
vt 0.6082557 0.7306567
vt 0.6082750 0.4906130
vt 0.6083590 0.4901500
vt 0.6087540 0.4896910
vt 0.6088190 0.7292990
vt 0.6121549 0.8116063
vt 0.6122251 0.8151384
vt 0.6122549 0.8084360
vt 0.6133012 0.6409615
vt 0.6139150 0.8770463
vt 0.6140745 0.1345604
vt 0.6154709 0.9116636
vt 0.6155830 0.2549070
vt 0.6156040 0.2556740
vt 0.6160797 0.1563064
vt 0.6165229 0.8154643
vt 0.6169550 0.0144570
vt 0.6172079 0.1063964
vt 0.6173677 0.1330450
vt 0.6173859 0.5389819
vt 0.6184004 0.5949731
vt 0.6194488 0.8537810
vt 0.6218417 0.8527978
vt 0.6221710 0.7991110
vt 0.6221800 0.8267750
vt 0.6223210 0.7993490
vt 0.6223240 0.8265150
vt 0.6223490 0.7998410
vt 0.6239333 0.4467177
vt 0.6240852 0.8152723
vt 0.6249970 0.6526290
vt 0.6258255 0.6513320
vt 0.6259429 0.7281563
vt 0.6259504 0.7305624
vt 0.6264900 0.6526200
vt 0.6273555 0.9012727
vt 0.6284370 0.7293010
vt 0.6286841 0.6533877
vt 0.6289687 0.8845853
vt 0.6293253 0.6513186
vt 0.6293683 0.7306542
vt 0.6298096 0.8627340
vt 0.6299290 0.7292930
vt 0.6309810 0.5016150
vt 0.6317450 0.4290140
vt 0.6318946 0.2412676
vt 0.6322910 0.4306070
vt 0.6325009 0.2106481
vt 0.6325284 0.5014718
vt 0.6329168 0.8663388
vt 0.6360646 0.8038785
vt 0.6362318 0.5167465
vt 0.6363360 0.5156950
vt 0.6385896 0.8913190
vt 0.6394491 0.0470134
vt 0.6399486 0.6398109
vt 0.6431336 0.2610399
vt 0.6431450 0.3389700
vt 0.6431450 0.3397050
vt 0.6431556 0.2857549
vt 0.6431710 0.4242820
vt 0.6431738 0.3320591
vt 0.6431975 0.4164321
vt 0.6435105 0.8771262
vt 0.6442003 0.1676654
vt 0.6460740 0.6526120
vt 0.6463620 0.6512375
vt 0.6466647 0.8842412
vt 0.6470234 0.7281684
vt 0.6470297 0.7305675
vt 0.6475640 0.6526100
vt 0.6478758 0.8339980
vt 0.6480429 0.8829669
vt 0.6487616 0.1401009
vt 0.6488808 0.2553087
vt 0.6493620 0.1343180
vt 0.6493630 0.1336490
vt 0.6493640 0.1331390
vt 0.6494770 0.1066490
vt 0.6494800 0.1060750
vt 0.6494830 0.1053480
vt 0.6498550 0.0145880
vt 0.6499984 0.7282559
vt 0.6500510 0.7740010
vt 0.6501090 0.8581860
vt 0.6501228 0.1231803
vt 0.6501878 0.6537637
vt 0.6503800 0.7742680
vt 0.6503950 0.8579190
vt 0.6504680 0.8571840
vt 0.6504720 0.7750110
vt 0.6517624 0.6031474
vt 0.6535761 0.7311803
vt 0.6551807 0.6513683
vt 0.6554892 0.3578290
vt 0.6570930 0.5271700
vt 0.6585701 0.5268250
vt 0.6602080 0.6526600
vt 0.6606494 0.5422037
vt 0.6611129 0.7291955
vt 0.6616950 0.6526530
vt 0.6623034 0.4830270
vt 0.6631950 0.7298620
vt 0.6638104 0.6533164
vt 0.6641420 0.6391100
vt 0.6646810 0.7298630
vt 0.6678303 0.5628189
vt 0.6699664 0.6513587
vt 0.6699911 0.7311426
vt 0.6710677 0.0819773
vt 0.6714185 0.6374998
vt 0.6717509 0.8236265
vt 0.6745177 0.7288237
vt 0.6747257 0.6543178
vt 0.6761867 0.8490915
vt 0.6771393 0.7276450
vt 0.6773250 0.6537147
vt 0.6775696 0.7579910
vt 0.6779440 0.7488010
vt 0.6780540 0.8896730
vt 0.6784890 0.7491360
vt 0.6785170 0.8893710
vt 0.6786390 0.8884840
vt 0.6802996 0.5495510
vt 0.6807206 0.7305567
vt 0.6807808 0.1845783
vt 0.6812560 0.2606030
vt 0.6814170 0.3437590
vt 0.6814170 0.3443270
vt 0.6816870 0.4231980
vt 0.6817341 0.1333199
vt 0.6817470 0.4242620
vt 0.6819716 0.2777880
vt 0.6820052 0.1052717
vt 0.6823341 0.6513530
vt 0.6824920 0.2559490
vt 0.6825180 0.2551820
vt 0.6833881 0.1397150
vt 0.6839706 0.5652177
vt 0.6847134 0.8862608
vt 0.6866638 0.4321360
vt 0.6867720 0.6380510
vt 0.6871365 0.7903752
vt 0.6872461 0.1214979
vt 0.6876750 0.7399760
vt 0.6878010 0.9006450
vt 0.6880041 0.7564825
vt 0.6882787 0.7286031
vt 0.6883121 0.6539832
vt 0.6883299 0.7389703
vt 0.6884210 0.8450160
vt 0.6886351 0.8668622
vt 0.6888032 0.9016943
vt 0.6890630 0.8237130
vt 0.6892843 0.7411835
vt 0.6892911 0.7393672
vt 0.6893675 0.8454918
vt 0.6893689 0.8364851
vt 0.6895036 0.9010645
vt 0.6896920 0.8237440
vt 0.6896960 0.7885490
vt 0.6897010 0.8918850
vt 0.6897150 0.7531440
vt 0.6908060 0.7279388
vt 0.6910260 0.6532995
vt 0.6928722 0.3671873
vt 0.6939554 0.5557657
vt 0.6959235 0.5915491
vt 0.6970623 0.7305371
vt 0.6971983 0.6513371
vt 0.6995509 0.0164176
vt 0.6996644 0.6245888
vt 0.7008027 0.2484412
vt 0.7016045 0.7282293
vt 0.7019692 0.6542915
vt 0.7024033 0.5707533
vt 0.7035865 0.5856425
vt 0.7040720 0.9118610
vt 0.7043110 0.9561840
vt 0.7044137 0.8704495
vt 0.7044820 0.9117850
vt 0.7044973 0.9337682
vt 0.7045105 0.9707052
vt 0.7045288 0.9731828
vt 0.7046165 0.8522034
vt 0.7046219 0.8898225
vt 0.7046368 0.9562039
vt 0.7053177 0.5894908
vt 0.7058517 0.3226413
vt 0.7060801 0.6006271
vt 0.7067153 0.1612450
vt 0.7067832 0.6361319
vt 0.7068641 0.9085389
vt 0.7068901 0.8497953
vt 0.7072226 0.6293299
vt 0.7076763 0.5151765
vt 0.7083396 0.5708748
vt 0.7084087 0.1054609
vt 0.7085351 0.9675328
vt 0.7085714 0.3522966
vt 0.7088032 0.1339065
vt 0.7095242 0.8626290
vt 0.7098030 0.2558730
vt 0.7100095 0.4029902
vt 0.7101740 0.2606250
vt 0.7102372 0.4237701
vt 0.7114245 0.7754366
vt 0.7114542 0.7646641
vt 0.7120389 0.4312383
vt 0.7121013 0.7549183
vt 0.7125038 0.7851003
vt 0.7126226 0.7480338
vt 0.7129000 0.9651130
vt 0.7130015 0.7412065
vt 0.7132066 0.2695018
vt 0.7148597 0.7943588
vt 0.7153395 0.7347447
vt 0.7157871 0.8401715
vt 0.7161876 0.0928708
vt 0.7174505 0.0266216
vt 0.7175700 0.6309360
vt 0.7175870 0.6464690
vt 0.7182195 0.4634088
vt 0.7186594 0.7821584
vt 0.7187251 0.5996796
vt 0.7188540 0.8024017
vt 0.7189339 0.7399426
vt 0.7190417 0.6152071
vt 0.7195579 0.7280456
vt 0.7196482 0.5844125
vt 0.7197468 0.3557572
vt 0.7200158 0.2616404
vt 0.7205244 0.3428950
vt 0.7205470 0.4232776
vt 0.7206520 0.6386973
vt 0.7207080 0.2748340
vt 0.7208420 0.3097110
vt 0.7208840 0.3613437
vt 0.7209850 0.2751840
vt 0.7209887 0.5410811
vt 0.7210120 0.3899190
vt 0.7210370 0.4139580
vt 0.7210430 0.2624450
vt 0.7210950 0.3102560
vt 0.7212395 0.2116606
vt 0.7212400 0.3451140
vt 0.7212560 0.3902120
vt 0.7212597 0.3576851
vt 0.7212810 0.3667690
vt 0.7212830 0.4138290
vt 0.7212949 0.6619254
vt 0.7213232 0.3568320
vt 0.7214230 0.4225920
vt 0.7217752 0.2608826
vt 0.7218291 0.4237948
vt 0.7223414 0.9390249
vt 0.7227458 0.1339011
vt 0.7232990 0.7579939
vt 0.7235901 0.1192854
vt 0.7236970 0.5998630
vt 0.7237080 0.6153960
vt 0.7237860 0.3106280
vt 0.7238302 0.2759037
vt 0.7238444 0.2551753
vt 0.7238696 0.6387996
vt 0.7239830 0.3457970
vt 0.7240806 0.8305864
vt 0.7242712 0.7202478
vt 0.7243265 0.8749884
vt 0.7243400 0.5998760
vt 0.7243482 0.3573075
vt 0.7243810 0.6154090
vt 0.7244230 0.6309430
vt 0.7244770 0.3105200
vt 0.7246432 0.8000824
vt 0.7246740 0.3458010
vt 0.7248326 0.7766149
vt 0.7253341 0.7853277
vt 0.7256339 0.6466613
vt 0.7262099 0.1068578
vt 0.7267082 0.6619198
vt 0.7273243 0.0610421
vt 0.7276204 0.7154779
vt 0.7279580 0.5856076
vt 0.7282946 0.7676998
vt 0.7283924 0.8153077
vt 0.7286472 0.8530189
vt 0.7288830 0.7978204
vt 0.7290367 0.6152050
vt 0.7293596 0.2427189
vt 0.7297605 0.5719739
vt 0.7300088 0.6355115
vt 0.7301698 0.1605446
vt 0.7302423 0.2553206
vt 0.7304460 0.5998600
vt 0.7311987 0.6378440
vt 0.7320938 0.1410311
vt 0.7322677 0.5996066
vt 0.7323762 0.6149042
vt 0.7332129 0.0146210
vt 0.7332507 0.8050866
vt 0.7332527 0.0917601
vt 0.7333058 0.7592293
vt 0.7333536 0.1788429
vt 0.7337152 0.8387120
vt 0.7338683 0.4311612
vt 0.7340603 0.6609268
vt 0.7342705 0.5844279
vt 0.7342813 0.7480989
vt 0.7346464 0.7057473
vt 0.7346886 0.2072130
vt 0.7352953 0.1337959
vt 0.7356179 0.2550902
vt 0.7357665 0.1076297
vt 0.7358367 0.2410691
vt 0.7358850 0.9402280
vt 0.7360117 0.1051878
vt 0.7361025 0.6304339
vt 0.7362669 0.6457398
vt 0.7365180 0.2101930
vt 0.7367240 0.1768370
vt 0.7367800 0.1197440
vt 0.7368150 0.1104250
vt 0.7368258 0.0275157
vt 0.7368667 0.1396249
vt 0.7369021 0.1619213
vt 0.7369996 0.8163142
vt 0.7370100 0.0938060
vt 0.7371050 0.0597900
vt 0.7373000 0.0144350
vt 0.7374650 0.1486580
vt 0.7374992 0.6066867
vt 0.7377353 0.7380188
vt 0.7380480 0.5996810
vt 0.7390841 0.6150914
vt 0.7392501 0.6457465
vt 0.7393801 0.6304400
vt 0.7398937 0.7536029
vt 0.7399787 0.2050085
vt 0.7400479 0.8119248
vt 0.7402040 0.2038800
vt 0.7403524 0.3779258
vt 0.7406994 0.2024071
vt 0.7410971 0.5844204
vt 0.7412369 0.2061947
vt 0.7414533 0.6609312
vt 0.7416304 0.3726977
vt 0.7417970 0.2577690
vt 0.7418240 0.2906660
vt 0.7429618 0.3386548
vt 0.7430174 0.9051660
vt 0.7431254 0.5996041
vt 0.7434409 0.7401831
vt 0.7441730 0.6150000
vt 0.7441800 0.1871546
vt 0.7441837 0.0167891
vt 0.7441930 0.6303280
vt 0.7442150 0.6456550
vt 0.7442160 0.1014330
vt 0.7442180 0.0681460
vt 0.7442180 0.1350790
vt 0.7442200 0.0272070
vt 0.7442200 0.0413570
vt 0.7442210 0.1767350
vt 0.7442290 0.2049080
vt 0.7442407 0.6973078
vt 0.7445112 0.7179917
vt 0.7448830 0.6150730
vt 0.7449582 0.1619596
vt 0.7463583 0.6305339
vt 0.7463627 0.8263013
vt 0.7466598 0.6149372
vt 0.7472714 0.5997424
vt 0.7481575 0.2174517
vt 0.7483752 0.6944081
vt 0.7488012 0.6152024
vt 0.7494792 0.8525403
vt 0.7496068 0.6331644
vt 0.7503949 0.8753929
vt 0.7505203 0.7483899
vt 0.7507067 0.5723208
vt 0.7507848 0.5997302
vt 0.7508500 0.6151630
vt 0.7509221 0.8185140
vt 0.7513396 0.6456555
vt 0.7515208 0.0557799
vt 0.7518023 0.1014617
vt 0.7528082 0.6975617
vt 0.7528467 0.4328370
vt 0.7529382 0.6608559
vt 0.7530766 0.5518116
vt 0.7537110 0.2024530
vt 0.7537830 0.3799930
vt 0.7540686 0.3779438
vt 0.7544218 0.5165560
vt 0.7548866 0.4790061
vt 0.7553453 0.3672602
vt 0.7554070 0.0160590
vt 0.7554070 0.1878830
vt 0.7560754 0.8289885
vt 0.7562627 0.6905419
vt 0.7562901 0.6608543
vt 0.7566314 0.4543282
vt 0.7568953 0.7397410
vt 0.7572492 0.7323241
vt 0.7573636 0.9160131
vt 0.7574054 0.2038750
vt 0.7578081 0.4334143
vt 0.7578956 0.6456560
vt 0.7593030 0.6305210
vt 0.7596220 0.6460720
vt 0.7596346 0.7463163
vt 0.7609125 0.1402765
vt 0.7618686 0.6304619
vt 0.7629901 0.6151325
vt 0.7629931 0.8220310
vt 0.7630897 0.7092306
vt 0.7636017 0.6424124
vt 0.7640460 0.8944483
vt 0.7656715 0.8674786
vt 0.7659775 0.6883537
vt 0.7664760 0.0264772
vt 0.7664842 0.1774664
vt 0.7669320 0.9064370
vt 0.7669946 0.8290997
vt 0.7673033 0.9056629
vt 0.7694018 0.7454138
vt 0.7702082 0.9024959
vt 0.7704197 0.2747767
vt 0.7707894 0.3227278
vt 0.7719923 0.6784362
vt 0.7724048 0.7392312
vt 0.7724802 0.6940597
vt 0.7731331 0.3984415
vt 0.7733586 0.6688022
vt 0.7746634 0.6618259
vt 0.7749633 0.6879830
vt 0.7751650 0.8309655
vt 0.7753093 0.8229178
vt 0.7758256 0.4128259
vt 0.7759598 0.8955194
vt 0.7766494 0.7276553
vt 0.7767508 0.8777992
vt 0.7767956 0.6540378
vt 0.7774861 0.6436623
vt 0.7779939 0.4224052
vt 0.7786502 0.4327323
vt 0.7794079 0.6298866
vt 0.7811000 0.6176918
vt 0.7811583 0.4500359
vt 0.7823396 0.7457362
vt 0.7825666 0.8240817
vt 0.7825996 0.6052927
vt 0.7827929 0.4641838
vt 0.7834362 0.8303051
vt 0.7838458 0.4746776
vt 0.7841164 0.5912018
vt 0.7849336 0.4868767
vt 0.7851647 0.5770721
vt 0.7855574 0.8861787
vt 0.7858567 0.5009868
vt 0.7861403 0.5610653
vt 0.7862116 0.5681245
vt 0.7862484 0.7050290
vt 0.7865338 0.5523019
vt 0.7865865 0.5206211
vt 0.7866310 0.5435357
vt 0.7866384 0.6899151
vt 0.7867033 0.0165584
vt 0.7867041 0.1873834
vt 0.7867581 0.5330381
vt 0.7867969 0.5116267
vt 0.7891147 0.7380139
vt 0.7904553 0.2031150
vt 0.7904665 0.3777795
vt 0.7913154 0.2061016
vt 0.7930103 0.8267110
vt 0.7943407 0.6940964
vt 0.7944545 0.7480010
vt 0.7954608 0.8181393
vt 0.7956541 0.0891397
vt 0.7991036 0.7207986
vt 0.8004864 0.6974549
vt 0.8008181 0.8545094
vt 0.8008240 0.2168755
vt 0.8008288 0.8575435
vt 0.8008677 0.8508565
vt 0.8009551 0.3653791
vt 0.8016860 0.8148787
vt 0.8031057 0.3900860
vt 0.8033503 0.6784283
vt 0.8045539 0.3963574
vt 0.8048822 0.7388795
vt 0.8051583 0.7532151
vt 0.8052529 0.3879410
vt 0.8055233 0.6801732
vt 0.8055993 0.6652546
vt 0.8060157 0.8210206
vt 0.8060434 0.4016642
vt 0.8062549 0.8502210
vt 0.8065696 0.4082150
vt 0.8070287 0.6712459
vt 0.8075643 0.7052123
vt 0.8077524 0.6571823
vt 0.8081685 0.4173647
vt 0.8082755 0.6637428
vt 0.8085405 0.6462203
vt 0.8092660 0.4281005
vt 0.8094460 0.4132683
vt 0.8100066 0.8577940
vt 0.8100473 0.6528857
vt 0.8105978 0.8067946
vt 0.8107750 0.8391890
vt 0.8107790 0.8669290
vt 0.8108020 0.8666500
vt 0.8108170 0.8394820
vt 0.8109385 0.6312646
vt 0.8109699 0.6447395
vt 0.8110878 0.4407647
vt 0.8111697 0.4239612
vt 0.8116896 0.4278008
vt 0.8127099 0.6224080
vt 0.8127579 0.6371959
vt 0.8128309 0.4368896
vt 0.8129405 0.4547587
vt 0.8131969 0.7117366
vt 0.8132825 0.6310557
vt 0.8137835 0.7618458
vt 0.8138360 0.6140313
vt 0.8143378 0.4663718
vt 0.8143863 0.6026365
vt 0.8146117 0.4488566
vt 0.8153368 0.4754459
vt 0.8154605 0.1873319
vt 0.8154606 0.0166112
vt 0.8154994 0.0377324
vt 0.8155106 0.1660313
vt 0.8157738 0.8039478
vt 0.8157786 0.5921301
vt 0.8158927 0.8148407
vt 0.8160591 0.5833703
vt 0.8163095 0.4910634
vt 0.8163402 0.4636505
vt 0.8167654 0.6018513
vt 0.8169971 0.5057113
vt 0.8171073 0.5717898
vt 0.8172494 0.4805056
vt 0.8173490 0.5587180
vt 0.8174692 0.5942892
vt 0.8174907 0.5185252
vt 0.8175997 0.5426025
vt 0.8179165 0.5285959
vt 0.8184749 0.4857914
vt 0.8185058 0.5849448
vt 0.8186261 0.5794896
vt 0.8187031 0.7913370
vt 0.8189259 0.4944374
vt 0.8189526 0.7191954
vt 0.8189564 0.7731864
vt 0.8190095 0.7519999
vt 0.8192530 0.5014815
vt 0.8192702 0.5683882
vt 0.8193687 0.5096200
vt 0.8194496 0.5646613
vt 0.8196697 0.5589632
vt 0.8198340 0.5163569
vt 0.8198437 0.5386205
vt 0.8199296 0.5200605
vt 0.8199357 0.5500051
vt 0.8199762 0.7818978
vt 0.8200619 0.5312486
vt 0.8203611 0.5262294
vt 0.8208567 0.8091217
vt 0.8216397 0.2049428
vt 0.8217860 0.3773483
vt 0.8230620 0.2905950
vt 0.8230910 0.2026870
vt 0.8232400 0.3795740
vt 0.8238012 0.7287767
vt 0.8245240 0.7406192
vt 0.8256608 0.7852845
vt 0.8256903 0.8020009
vt 0.8278114 0.1014668
vt 0.8279783 0.0424319
vt 0.8279788 0.1612940
vt 0.8281073 0.2435707
vt 0.8281289 0.1834492
vt 0.8281963 0.3382438
vt 0.8282124 0.0693736
vt 0.8283153 0.0165327
vt 0.8283658 0.0279479
vt 0.8283666 0.1759797
vt 0.8284453 0.1340537
vt 0.8286020 0.1880006
vt 0.8286482 0.7649040
vt 0.8296143 0.7372456
vt 0.8296611 0.7937752
vt 0.8301929 0.1014542
vt 0.8303300 0.0418430
vt 0.8303300 0.1619200
vt 0.8307500 0.7424180
vt 0.8311278 0.7474836
vt 0.8319340 0.7539190
vt 0.8320026 0.7847747
vt 0.8329020 0.8581420
vt 0.8329101 0.7748989
vt 0.8330147 0.5010623
vt 0.8330528 0.5629927
vt 0.8334815 0.5309044
vt 0.8336667 0.5402334
vt 0.8338111 0.5180240
vt 0.8338425 0.5791424
vt 0.8338661 0.5481684
vt 0.8339050 0.5244265
vt 0.8341392 0.4667251
vt 0.8341779 0.5124532
vt 0.8342357 0.5059399
vt 0.8342574 0.5537149
vt 0.8342853 0.5599324
vt 0.8343467 0.4883822
vt 0.8345472 0.4963287
vt 0.8345476 0.2165591
vt 0.8346005 0.5674183
vt 0.8346716 0.3656785
vt 0.8347756 0.5750309
vt 0.8348062 0.2059423
vt 0.8348550 0.2905850
vt 0.8348939 0.2030630
vt 0.8349053 0.4814458
vt 0.8349463 0.3763014
vt 0.8350509 0.3791995
vt 0.8350949 0.4741114
vt 0.8351370 0.2305060
vt 0.8351580 0.2572960
vt 0.8351647 0.6022651
vt 0.8351850 0.2905850
vt 0.8352140 0.3242320
vt 0.8352380 0.3515580
vt 0.8353632 0.5840974
vt 0.8353882 0.5908921
vt 0.8356040 0.5294820
vt 0.8356070 0.5365690
vt 0.8356190 0.5223760
vt 0.8356630 0.5436570
vt 0.8356860 0.5152710
vt 0.8357740 0.5507440
vt 0.8358040 0.5081680
vt 0.8359390 0.5578300
vt 0.8359780 0.5010670
vt 0.8361239 0.4561575
vt 0.8361570 0.5649160
vt 0.8362010 0.4939700
vt 0.8364280 0.5719990
vt 0.8364405 0.4648033
vt 0.8364770 0.4868770
vt 0.8365865 0.6120425
vt 0.8367490 0.5790800
vt 0.8368000 0.4797890
vt 0.8368055 0.4696220
vt 0.8368094 0.5977148
vt 0.8369456 0.8306357
vt 0.8370867 0.6048641
vt 0.8371190 0.5861570
vt 0.8371730 0.4727080
vt 0.8371980 0.4429768
vt 0.8375360 0.5932290
vt 0.8375890 0.4656330
vt 0.8377643 0.4474318
vt 0.8377764 0.4334761
vt 0.8377784 0.6182146
vt 0.8379914 0.6242054
vt 0.8379980 0.6002940
vt 0.8380510 0.4585650
vt 0.8383057 0.4149939
vt 0.8383977 0.6318807
vt 0.8384140 0.8917150
vt 0.8384890 0.8080620
vt 0.8385000 0.6073510
vt 0.8385510 0.4515060
vt 0.8386100 0.8076920
vt 0.8386100 0.8920960
vt 0.8390420 0.6143990
vt 0.8390679 0.4258198
vt 0.8390910 0.4444550
vt 0.8395666 0.6387751
vt 0.8396200 0.6214360
vt 0.8396301 0.6449814
vt 0.8396650 0.4374130
vt 0.8396688 0.4193364
vt 0.8396700 0.4055430
vt 0.8402320 0.6284620
vt 0.8402720 0.4303800
vt 0.8403529 0.4126324
vt 0.8406202 0.3972050
vt 0.8408622 0.6522228
vt 0.8408740 0.6354760
vt 0.8409060 0.4233560
vt 0.8410324 0.6582410
vt 0.8410940 0.3915110
vt 0.8415420 0.6424780
vt 0.8415680 0.4163430
vt 0.8416345 0.4051830
vt 0.8416775 0.6666774
vt 0.8420987 0.3888673
vt 0.8422330 0.6494670
vt 0.8422480 0.4093380
vt 0.8423796 0.3889470
vt 0.8429440 0.6564450
vt 0.8436492 0.3906673
vt 0.8436710 0.6634100
vt 0.8438446 0.6682963
vt 0.8438850 0.3883290
vt 0.8440280 0.3918730
vt 0.8441341 0.3974384
vt 0.8444300 0.6703520
vt 0.8471096 0.2190296
vt 0.8471245 0.2311545
vt 0.8471471 0.0826065
vt 0.8471496 0.0702883
vt 0.8471558 0.0328155
vt 0.8471571 0.2068219
vt 0.8471582 0.0453031
vt 0.8471609 0.1133717
vt 0.8471639 0.1010226
vt 0.8471664 0.1318909
vt 0.8471665 0.0577050
vt 0.8471698 0.1821880
vt 0.8471700 0.1947214
vt 0.8471720 0.1509141
vt 0.8471750 0.2751753
vt 0.8471779 0.0203288
vt 0.8471841 0.1641494
vt 0.8472010 0.0110910
vt 0.8472010 0.0918380
vt 0.8472010 0.1228970
vt 0.8472010 0.1415130
vt 0.8472010 0.1726350
vt 0.8472010 0.2410890
vt 0.8472010 0.2473110
vt 0.8472010 0.2659780
vt 0.8472010 0.2846570
vt 0.8472193 0.2571504
vt 0.8472779 0.3364566
vt 0.8473958 0.3406591
vt 0.8476400 0.0421150
vt 0.8476400 0.0483240
vt 0.8476400 0.0545350
vt 0.8476400 0.0607490
vt 0.8476400 0.0669650
vt 0.8476400 0.0731830
vt 0.8476400 0.0856200
vt 0.8476400 0.0918380
vt 0.8476400 0.0980550
vt 0.8476400 0.1042690
vt 0.8476400 0.1104820
vt 0.8476400 0.1166910
vt 0.8476400 0.1353090
vt 0.8476400 0.1415150
vt 0.8476400 0.1539530
vt 0.8476400 0.1601820
vt 0.8476400 0.1664100
vt 0.8476400 0.1726360
vt 0.8476400 0.1975310
vt 0.8476400 0.2224210
vt 0.8476400 0.2784230
vt 0.8476410 0.0173020
vt 0.8476410 0.0235030
vt 0.8476410 0.0297060
vt 0.8476410 0.0359090
vt 0.8476410 0.0794020
vt 0.8476410 0.1228980
vt 0.8476410 0.1291040
vt 0.8476410 0.1788600
vt 0.8476410 0.1850840
vt 0.8476410 0.1913080
vt 0.8476410 0.2037540
vt 0.8476410 0.2099760
vt 0.8476410 0.2161990
vt 0.8476410 0.2286440
vt 0.8476410 0.2348660
vt 0.8476410 0.2410890
vt 0.8476410 0.2473110
vt 0.8476410 0.2535330
vt 0.8476410 0.2597560
vt 0.8476410 0.2659780
vt 0.8476410 0.2722000
vt 0.8476410 0.2846450
vt 0.8476430 0.0111010
vt 0.8476430 0.1477230
vt 0.8480875 0.3325334
vt 0.8557258 0.9019820
vt 0.8570740 0.3498640
vt 0.8570850 0.3222910
vt 0.8572240 0.3496260
vt 0.8572290 0.3225510
vt 0.8572520 0.3491350
vt 0.8579491 0.3273624
vt 0.8589308 0.3333337
vt 0.8616490 0.8580883
vt 0.8622419 0.3381532
vt 0.8642501 0.8339977
vt 0.8662100 0.7765930
vt 0.8662483 0.9171500
vt 0.8664180 0.7760780
vt 0.8664330 0.8095098
vt 0.8682760 0.5259820
vt 0.8682830 0.5294150
vt 0.8682900 0.5328470
vt 0.8682950 0.5225500
vt 0.8683140 0.5191170
vt 0.8683230 0.5362790
vt 0.8683560 0.5397120
vt 0.8683590 0.5156840
vt 0.8684040 0.5122510
vt 0.8684150 0.5431450
vt 0.8684730 0.5465780
vt 0.8684750 0.5088180
vt 0.8685460 0.5053850
vt 0.8685580 0.5500110
vt 0.8686410 0.5534440
vt 0.8686420 0.5019520
vt 0.8687380 0.4985180
vt 0.8687500 0.5568780
vt 0.8688590 0.4950840
vt 0.8688590 0.5603120
vt 0.8689810 0.4916490
vt 0.8689910 0.5637460
vt 0.8691230 0.5671810
vt 0.8691260 0.4882150
vt 0.8692720 0.4847790
vt 0.8692790 0.5706160
vt 0.8694340 0.5740520
vt 0.8694410 0.4813440
vt 0.8696100 0.4779070
vt 0.8696110 0.5774880
vt 0.8697880 0.5809250
vt 0.8698030 0.4744700
vt 0.8699860 0.5843630
vt 0.8699950 0.4710330
vt 0.8701830 0.5878010
vt 0.8702090 0.4675950
vt 0.8704010 0.5912400
vt 0.8704230 0.4641560
vt 0.8706180 0.5946800
vt 0.8706580 0.4607160
vt 0.8708530 0.5981200
vt 0.8708930 0.4572760
vt 0.8710890 0.6015620
vt 0.8711470 0.4538340
vt 0.8713420 0.6050040
vt 0.8714020 0.4503910
vt 0.8715940 0.6084490
vt 0.8716750 0.4469480
vt 0.8718630 0.6118930
vt 0.8719480 0.4435030
vt 0.8721320 0.6153390
vt 0.8722380 0.4400580
vt 0.8723820 0.0109850
vt 0.8723820 0.0171960
vt 0.8723820 0.0234080
vt 0.8723820 0.0296230
vt 0.8723820 0.0358390
vt 0.8723820 0.0420570
vt 0.8723820 0.0482770
vt 0.8723820 0.0544980
vt 0.8723820 0.0607220
vt 0.8723820 0.0669460
vt 0.8723820 0.0731710
vt 0.8723820 0.0793970
vt 0.8723820 0.0856230
vt 0.8723820 0.0918480
vt 0.8723820 0.0980720
vt 0.8723820 0.1042950
vt 0.8723820 0.1105160
vt 0.8723820 0.1167360
vt 0.8723820 0.1229530
vt 0.8723820 0.1291670
vt 0.8723820 0.1353780
vt 0.8723820 0.1415860
vt 0.8723820 0.1477900
vt 0.8723820 0.1540020
vt 0.8723820 0.1602170
vt 0.8723820 0.1664340
vt 0.8723820 0.1726520
vt 0.8723820 0.1788720
vt 0.8723820 0.1850930
vt 0.8723820 0.1913140
vt 0.8723820 0.1975350
vt 0.8723820 0.2037570
vt 0.8723820 0.2099790
vt 0.8723820 0.2162000
vt 0.8723820 0.2224220
vt 0.8723820 0.2286440
vt 0.8723820 0.2348670
vt 0.8723820 0.2410890
vt 0.8723820 0.2473110
vt 0.8723820 0.2535330
vt 0.8723820 0.2597550
vt 0.8723820 0.2659780
vt 0.8723820 0.2722000
vt 0.8723820 0.2784220
vt 0.8723820 0.2846440
vt 0.8724160 0.6187860
vt 0.8725280 0.4366100
vt 0.8726990 0.6222350
vt 0.8728330 0.4331620
vt 0.8729970 0.6256840
vt 0.8731380 0.4297120
vt 0.8732940 0.6291350
vt 0.8734570 0.4262610
vt 0.8736040 0.6325880
vt 0.8737760 0.4228080
vt 0.8739130 0.6360420
vt 0.8741070 0.4193530
vt 0.8742340 0.6394980
vt 0.8744380 0.4158970
vt 0.8745550 0.6429560
vt 0.8747790 0.4124390
vt 0.8748850 0.6464150
vt 0.8751210 0.4089790
vt 0.8752150 0.6498760
vt 0.8753715 0.8296294
vt 0.8754700 0.4055170
vt 0.8754970 0.7728807
vt 0.8755322 0.9253610
vt 0.8755520 0.8770300
vt 0.8755522 0.9083515
vt 0.8755530 0.6533390
vt 0.8755860 0.8423050
vt 0.8758230 0.4020540
vt 0.8758920 0.6568040
vt 0.8759383 0.7974063
vt 0.8759990 0.8773110
vt 0.8760230 0.9128260
vt 0.8760780 0.8208490
vt 0.8760810 0.8777590
vt 0.8760903 0.8420835
vt 0.8760955 0.9252118
vt 0.8761621 0.8298662
vt 0.8761760 0.3985880
vt 0.8762080 0.7742150
vt 0.8762080 0.8212640
vt 0.8762152 0.7653754
vt 0.8762190 0.8308320
vt 0.8762200 0.8295020
vt 0.8762360 0.6602710
vt 0.8764480 0.9265996
vt 0.8765340 0.3951190
vt 0.8765800 0.6637400
vt 0.8768910 0.3916490
vt 0.8769270 0.6672130
vt 0.8779868 0.5263513
vt 0.8780334 0.5221775
vt 0.8786801 0.5297777
vt 0.8828083 0.3109618
vt 0.8829820 0.0109850
vt 0.8829820 0.0130450
vt 0.8829820 0.0163550
vt 0.8829820 0.0222020
vt 0.8829820 0.0299140
vt 0.8829820 0.0390680
vt 0.8829820 0.0485890
vt 0.8829820 0.0573980
vt 0.8829820 0.0658170
vt 0.8829820 0.0741510
vt 0.8829820 0.0818630
vt 0.8829820 0.0884410
vt 0.8829820 0.0946190
vt 0.8829820 0.1010810
vt 0.8829820 0.1072730
vt 0.8829820 0.1126070
vt 0.8829820 0.1175560
vt 0.8829820 0.1225290
vt 0.8829820 0.1271660
vt 0.8829820 0.1311060
vt 0.8829820 0.1346720
vt 0.8829820 0.1381580
vt 0.8829820 0.1418320
vt 0.8829820 0.1459850
vt 0.8829820 0.1507550
vt 0.8829820 0.1563120
vt 0.8829820 0.1622430
vt 0.8829820 0.1681180
vt 0.8829820 0.1741710
vt 0.8829820 0.1806770
vt 0.8829820 0.1878450
vt 0.8829820 0.1959130
vt 0.8829820 0.2044700
vt 0.8829820 0.2130950
vt 0.8829820 0.2225300
vt 0.8829820 0.2335220
vt 0.8829820 0.2434750
vt 0.8829820 0.2498450
vt 0.8829820 0.2538640
vt 0.8829820 0.2564610
vt 0.8829820 0.2583040
vt 0.8832561 0.3561189
vt 0.8838777 0.9115595
vt 0.8842590 0.3748210
vt 0.8843220 0.2910620
vt 0.8845400 0.9393731
vt 0.8845880 0.3745540
vt 0.8846070 0.2913280
vt 0.8846550 0.3249960
vt 0.8846550 0.3254460
vt 0.8846780 0.3738130
vt 0.8848802 0.9220719
vt 0.8859234 0.6852803
vt 0.8859940 0.6747157
vt 0.8863304 0.9294071
vt 0.8869839 0.8177407
vt 0.8873143 0.7008942
vt 0.8875136 0.1192305
vt 0.8875449 0.5198824
vt 0.8877150 0.5405340
vt 0.8877420 0.5396600
vt 0.8877470 0.5128840
vt 0.8877600 0.5402420
vt 0.8877720 0.5131630
vt 0.8877727 0.9210575
vt 0.8878049 0.9013923
vt 0.8878626 0.9465920
vt 0.8881881 0.0971187
vt 0.8882383 0.0300084
vt 0.8882441 0.1537074
vt 0.8883395 0.1651844
vt 0.8883606 0.2574620
vt 0.8883727 0.6915739
vt 0.8883800 0.0691243
vt 0.8884087 0.0515973
vt 0.8884097 0.2094419
vt 0.8884649 0.1894536
vt 0.8884837 0.1780775
vt 0.8885711 0.0172639
vt 0.8886127 0.0119391
vt 0.8886159 0.2492757
vt 0.8886243 0.1339258
vt 0.8887049 0.5328399
vt 0.8888123 0.2234893
vt 0.8888373 0.1448854
vt 0.8888541 0.2352074
vt 0.8889384 0.0857384
vt 0.8889823 0.9120071
vt 0.8890082 0.1150929
vt 0.8890091 0.9139208
vt 0.8891541 0.1966824
vt 0.8891768 0.7123200
vt 0.8893251 0.8083564
vt 0.8894039 0.5290352
vt 0.8895682 0.7977768
vt 0.8895711 0.9371410
vt 0.8898490 0.0357814
vt 0.8898556 0.1077415
vt 0.8900243 0.1569162
vt 0.8900947 0.1267909
vt 0.8901310 0.0257150
vt 0.8901310 0.0461220
vt 0.8901310 0.0555860
vt 0.8901310 0.0643640
vt 0.8901310 0.0730590
vt 0.8901310 0.2052590
vt 0.8901310 0.2140490
vt 0.8901310 0.2508100
vt 0.8902935 0.1691024
vt 0.8906684 0.6734840
vt 0.8912457 0.9253086
vt 0.8913792 0.6606689
vt 0.8915038 0.8269219
vt 0.8916305 0.6754153
vt 0.8917542 0.7102812
vt 0.8926215 0.8128858
vt 0.8928253 0.9517909
vt 0.8931717 0.6682677
vt 0.8932840 0.9037506
vt 0.8934831 0.9235386
vt 0.8936208 0.8389472
vt 0.8939556 0.7890145
vt 0.8941426 0.7126889
vt 0.8943501 0.7989586
vt 0.8943619 0.9145522
vt 0.8947734 0.7001249
vt 0.8949631 0.6859300
vt 0.8950632 0.6826200
vt 0.8951240 0.9000020
vt 0.8954100 0.6925978
vt 0.8957577 0.9395792
vt 0.8958929 0.7230032
vt 0.8963742 0.6743432
vt 0.8967617 0.9077002
vt 0.8978758 0.7175570
vt 0.8979157 0.8358777
vt 0.8980285 0.7829005
vt 0.8981470 0.6592652
vt 0.8983937 0.8921493
vt 0.8985570 0.7076327
vt 0.8986791 0.9585168
vt 0.8994601 0.9636484
vt 0.8998282 0.6610584
vt 0.9004279 0.8984446
vt 0.9005834 0.7875605
vt 0.9006764 0.8474981
vt 0.9011213 0.9610636
vt 0.9015409 0.6562799
vt 0.9019306 0.9521731
vt 0.9027275 0.6627248
vt 0.9027361 0.7272752
vt 0.9034240 0.1588130
vt 0.9034330 0.0395420
vt 0.9035127 0.9512619
vt 0.9037808 0.7167667
vt 0.9041900 0.0987260
vt 0.9042166 0.8990092
vt 0.9042440 0.0653351
vt 0.9043181 0.1325008
vt 0.9045201 0.7774008
vt 0.9049827 0.1570772
vt 0.9049923 0.0136325
vt 0.9049967 0.0412322
vt 0.9052014 0.6516300
vt 0.9056196 0.8835310
vt 0.9059914 0.0987514
vt 0.9064458 0.0157016
vt 0.9064967 0.0682246
vt 0.9065708 0.1295729
vt 0.9066502 0.0253654
vt 0.9067131 0.1731613
vt 0.9073301 0.1592110
vt 0.9073375 0.0391281
vt 0.9074932 0.0133851
vt 0.9076493 0.9681474
vt 0.9076778 0.8476758
vt 0.9084170 0.0654800
vt 0.9084680 0.0987210
vt 0.9084970 0.1323210
vt 0.9089345 0.6567997
vt 0.9095348 0.7794388
vt 0.9100793 0.6452448
vt 0.9101697 0.8920169
vt 0.9105907 0.3170948
vt 0.9115110 0.3999220
vt 0.9116270 0.2596900
vt 0.9116931 0.9604927
vt 0.9117390 0.2957688
vt 0.9120385 0.3801283
vt 0.9120530 0.3995880
vt 0.9120890 0.2599910
vt 0.9122100 0.2608760
vt 0.9122248 0.7344328
vt 0.9123839 0.3361829
vt 0.9126900 0.8562772
vt 0.9130732 0.5436922
vt 0.9133803 0.7321590
vt 0.9142641 0.9735818
vt 0.9146220 0.5707910
vt 0.9146290 0.6526670
vt 0.9147090 0.5715080
vt 0.9147210 0.4882830
vt 0.9148230 0.5718790
vt 0.9149110 0.4879010
vt 0.9153423 0.8132328
vt 0.9162091 0.5085335
vt 0.9164682 0.7264631
vt 0.9168973 0.6425505
vt 0.9175563 0.7693657
vt 0.9175570 0.6510030
vt 0.9180620 0.6412770
vt 0.9183207 0.8866422
vt 0.9187640 0.0692150
vt 0.9187650 0.0376180
vt 0.9187990 0.1008510
vt 0.9190910 0.0691990
vt 0.9191854 0.1113262
vt 0.9192152 0.9677484
vt 0.9194010 0.1133104
vt 0.9196736 0.0987382
vt 0.9197307 0.0252109
vt 0.9199125 0.7732369
vt 0.9200150 0.8770041
vt 0.9206423 0.7388991
vt 0.9211670 0.4088480
vt 0.9212372 0.8549170
vt 0.9213056 0.3116022
vt 0.9216328 0.3918061
vt 0.9217249 0.2479965
vt 0.9217679 0.2541873
vt 0.9227130 0.3253210
vt 0.9227140 0.3602820
vt 0.9227800 0.7383547
vt 0.9228423 0.4101529
vt 0.9229776 0.4081007
vt 0.9230579 0.3035454
vt 0.9230713 0.2816959
vt 0.9233124 0.2473124
vt 0.9233408 0.3124021
vt 0.9233920 0.3252810
vt 0.9233930 0.3604760
vt 0.9234040 0.2571390
vt 0.9234100 0.3958810
vt 0.9246147 0.6413237
vt 0.9247232 0.7370711
vt 0.9250456 0.9785725
vt 0.9252983 0.8606278
vt 0.9253673 0.6476061
vt 0.9258062 0.0256698
vt 0.9259303 0.8838490
vt 0.9267662 0.8346981
vt 0.9271506 0.9689563
vt 0.9273487 0.0179002
vt 0.9273513 0.9670042
vt 0.9275604 0.6415175
vt 0.9279650 0.1067750
vt 0.9284686 0.9738423
vt 0.9289606 0.1041561
vt 0.9292163 0.7309430
vt 0.9294087 0.7926014
vt 0.9305800 0.8843540
vt 0.9305938 0.6364556
vt 0.9312620 0.8732176
vt 0.9314145 0.7723526
vt 0.9317183 0.7668238
vt 0.9319053 0.0538298
vt 0.9324161 0.6393458
vt 0.9324899 0.7409201
vt 0.9329402 0.8779108
vt 0.9334866 0.7393528
vt 0.9337840 0.8818833
vt 0.9339852 0.0112742
vt 0.9340990 0.1638890
vt 0.9341000 0.1955030
vt 0.9341110 0.1322620
vt 0.9343970 0.8139660
vt 0.9344260 0.1639050
vt 0.9344833 0.1197602
vt 0.9344957 0.1218033
vt 0.9349892 0.1343737
vt 0.9350007 0.2077984
vt 0.9351434 0.1938922
vt 0.9351597 0.2601100
vt 0.9351680 0.3861699
vt 0.9354708 0.8562066
vt 0.9357851 0.2591986
vt 0.9357916 0.3871051
vt 0.9362206 0.9744254
vt 0.9370747 0.8611024
vt 0.9372925 0.7421241
vt 0.9376134 0.2597018
vt 0.9376237 0.9792265
vt 0.9376284 0.3866070
vt 0.9376762 0.6472518
vt 0.9378450 0.6357200
vt 0.9386954 0.8837536
vt 0.9393494 0.5389517
vt 0.9397810 0.0169490
vt 0.9400752 0.0895864
vt 0.9400850 0.5472143
vt 0.9401240 0.6010649
vt 0.9402607 0.0168417
vt 0.9404193 0.9696321
vt 0.9407995 0.8780472
vt 0.9411651 0.7718623
vt 0.9415840 0.4642730
vt 0.9418442 0.2531561
vt 0.9418474 0.3931398
vt 0.9419510 0.6034090
vt 0.9420258 0.4629380
vt 0.9423126 0.2090295
vt 0.9427168 0.2151939
vt 0.9428670 0.3786030
vt 0.9428720 0.2676930
vt 0.9429320 0.3786020
vt 0.9429370 0.2676940
vt 0.9431850 0.3788090
vt 0.9431890 0.2674870
vt 0.9432730 0.1263330
vt 0.9435095 0.7316920
vt 0.9436607 0.8734973
vt 0.9441920 0.8832006
vt 0.9442645 0.1289659
vt 0.9445729 0.6373531
vt 0.9451064 0.9668263
vt 0.9452375 0.7676965
vt 0.9459830 0.6410297
vt 0.9464899 0.8320345
vt 0.9470927 0.8548002
vt 0.9471682 0.5899061
vt 0.9472258 0.5631770
vt 0.9474100 0.7360018
vt 0.9475197 0.7415532
vt 0.9483956 0.9766858
vt 0.9484343 0.4656963
vt 0.9490709 0.7948839
vt 0.9493488 0.2217936
vt 0.9495130 0.0854030
vt 0.9497435 0.7372270
vt 0.9503529 0.6488298
vt 0.9506044 0.8866985
vt 0.9506407 0.8811526
vt 0.9510731 0.9665773
vt 0.9511240 0.5374920
vt 0.9511270 0.5028670
vt 0.9511423 0.8585480
vt 0.9513699 0.1772396
vt 0.9517292 0.5505756
vt 0.9517760 0.4674670
vt 0.9517780 0.5026260
vt 0.9517810 0.5376010
vt 0.9517892 0.7750919
vt 0.9518752 0.8757925
vt 0.9519061 0.5598472
vt 0.9519408 0.4539603
vt 0.9519948 0.6139383
vt 0.9520224 0.5494583
vt 0.9520470 0.4670200
vt 0.9520620 0.5024180
vt 0.9520770 0.5376210
vt 0.9521200 0.5824990
vt 0.9521550 0.6058410
vt 0.9522342 0.6151015
vt 0.9551240 0.2161590
vt 0.9553943 0.1435104
vt 0.9555256 0.6425434
vt 0.9556043 0.2162654
vt 0.9556880 0.0327310
vt 0.9557630 0.0324570
vt 0.9558614 0.7315608
vt 0.9560128 0.9649857
vt 0.9563231 0.8137848
vt 0.9563777 0.7362719
vt 0.9569050 0.2382150
vt 0.9569120 0.4080630
vt 0.9571370 0.8507152
vt 0.9571800 0.2382920
vt 0.9571870 0.4079840
vt 0.9574817 0.7725196
vt 0.9575970 0.9715294
vt 0.9577030 0.6414796
vt 0.9586174 0.3902313
vt 0.9586226 0.2560562
vt 0.9590161 0.6533898
vt 0.9593891 0.8903306
vt 0.9604403 0.8801362
vt 0.9619512 0.7814657
vt 0.9622543 0.9615332
vt 0.9632498 0.7335305
vt 0.9635500 0.9710123
vt 0.9635817 0.7305705
vt 0.9637570 0.3576020
vt 0.9637750 0.2886800
vt 0.9638340 0.3575670
vt 0.9638520 0.2887150
vt 0.9638734 0.6487451
vt 0.9639326 0.0461034
vt 0.9639848 0.6449979
vt 0.9640250 0.3577570
vt 0.9640430 0.2885250
vt 0.9641055 0.8825982
vt 0.9647680 0.4374010
vt 0.9647680 0.4408880
vt 0.9647680 0.4444910
vt 0.9647680 0.4483190
vt 0.9647680 0.4522280
vt 0.9647680 0.4560830
vt 0.9647680 0.4602580
vt 0.9647680 0.4651310
vt 0.9647680 0.4705620
vt 0.9647680 0.4764140
vt 0.9647680 0.4823570
vt 0.9647680 0.4880790
vt 0.9647680 0.4934890
vt 0.9647680 0.4985150
vt 0.9647680 0.5030420
vt 0.9647680 0.5069380
vt 0.9647680 0.5103550
vt 0.9647680 0.5131190
vt 0.9647680 0.5157540
vt 0.9648320 0.1476950
vt 0.9661834 0.6591941
vt 0.9665700 0.8490040
vt 0.9666296 0.8970350
vt 0.9672043 0.7220652
vt 0.9674475 0.4392830
vt 0.9677188 0.8409778
vt 0.9677603 0.9554814
vt 0.9680911 0.6480222
vt 0.9683149 0.4689691
vt 0.9683388 0.0637468
vt 0.9683420 0.4593546
vt 0.9684005 0.4880651
vt 0.9684022 0.4447528
vt 0.9684711 0.4972712
vt 0.9687261 0.5163894
vt 0.9688468 0.7269999
vt 0.9688761 0.5047494
vt 0.9689222 0.4517937
vt 0.9690384 0.7813520
vt 0.9691002 0.4787729
vt 0.9691324 0.5122464
vt 0.9692697 0.8885254
vt 0.9695092 0.9597603
vt 0.9698616 0.4363073
vt 0.9701379 0.8977356
vt 0.9702153 0.0471704
vt 0.9705055 0.7913091
vt 0.9706327 0.8857660
vt 0.9709840 0.0640190
vt 0.9710430 0.2003550
vt 0.9711180 0.2006290
vt 0.9724380 0.9528942
vt 0.9725568 0.9657205
vt 0.9726284 0.7149671
vt 0.9727680 0.2225000
vt 0.9728000 0.4237860
vt 0.9728887 0.2229484
vt 0.9729167 0.4233353
vt 0.9730070 0.9489270
vt 0.9735318 0.7296003
vt 0.9736868 0.8295164
vt 0.9739426 0.8402120
vt 0.9745743 0.9072639
vt 0.9747766 0.6681534
vt 0.9753786 0.6548465
vt 0.9756114 0.8035624
vt 0.9757372 0.7906454
vt 0.9759822 0.9563595
vt 0.9765130 0.7164775
vt 0.9766802 0.9449397
vt 0.9768606 0.0542883
vt 0.9769830 0.8958095
vt 0.9770180 0.8188665
vt 0.9775040 0.0543170
vt 0.9780513 0.9369557
vt 0.9781681 0.7173380
vt 0.9782813 0.8324555
vt 0.9783372 0.0555919
vt 0.9783742 0.7968373
vt 0.9783847 0.6646019
vt 0.9784490 0.6792980
vt 0.9785075 0.6979143
vt 0.9788200 0.6867465
vt 0.9788460 0.4291092
vt 0.9788539 0.2171465
vt 0.9792232 0.9160308
vt 0.9792681 0.1869736
vt 0.9795498 0.7071447
vt 0.9797567 0.9491948
vt 0.9797568 0.7221584
vt 0.9803999 0.8962014
vt 0.9804230 0.9327995
vt 0.9805098 0.9249835
vt 0.9806558 0.8047436
vt 0.9809422 0.9013468
vt 0.9812680 0.2310314
vt 0.9812861 0.9422188
vt 0.9812922 0.4152443
vt 0.9813035 0.6597661
vt 0.9816484 0.8156387
vt 0.9820668 0.6696575
vt 0.9826425 0.6812747
vt 0.9830934 0.9140496
vt 0.9835661 0.6721470
vt 0.9836678 0.1693419
vt 0.9842184 0.9547771
vt 0.9845765 0.7088280
vt 0.9846960 0.3364500
vt 0.9847280 0.3098190
vt 0.9848100 0.3364440
vt 0.9848420 0.3098250
vt 0.9848548 0.3558224
vt 0.9848745 0.2904323
vt 0.9849110 0.3366250
vt 0.9849440 0.3096440
vt 0.9851556 0.6956271
vt 0.9852150 0.5218170
vt 0.9852300 0.5321300
vt 0.9852740 0.5616580
vt 0.9853090 0.5913430
vt 0.9854848 0.2238177
vt 0.9855106 0.4224302
vt 0.9855523 0.1859137
vt 0.9855614 0.6020647
vt 0.9856490 0.5321450
vt 0.9856494 0.5212913
vt 0.9856810 0.5617660
vt 0.9857070 0.5915320
vt 0.9857547 0.9380382
vt 0.9863130 0.1690680
vt 0.9868620 0.9159169
vt 0.9871308 0.6705326
vt 0.9871823 0.9089519
vt 0.9879184 0.6827680
vt 0.9883281 0.9230641
vt 0.9883678 0.6967805
vt 0.9888618 0.6986408
vt 0.9890814 0.9305579
vt 0.9900520 0.9232720
vt 0.9902440 0.0804329
vt 0.9903811 0.0892008
vt 0.9907354 0.0146293
vt 0.9913212 0.0701399
vt 0.9916446 0.0609657
vt 0.9916707 0.0409092
vt 0.9916862 0.0261479
vt 0.9918048 0.3295023
vt 0.9918451 0.3167615
vt 0.9920228 0.0885037
vt 0.9921113 0.0490871
vt 0.9921896 0.0329206
vt 0.9922391 0.1788659
vt 0.9923205 0.0783060
vt 0.9928380 0.1787670
vt 0.9928666 0.3171503
vt 0.9928705 0.3289471
vt 0.9929021 0.0163982
vt 0.9929420 0.3278757
vt 0.9929720 0.2428010
vt 0.9929745 0.3183869
vt 0.9929940 0.4034700
vt 0.9930023 0.2314322
vt 0.9930514 0.4147355
vt 0.9933460 0.3713070
vt 0.9933650 0.2749470
vt 0.9933703 0.3411081
vt 0.9934028 0.3051509
vt 0.9935800 0.3709650
vt 0.9935990 0.2752880
vt 0.9936655 0.1775837
vt 0.9937463 0.2435109
vt 0.9937870 0.4027036
vt 0.9956020 0.5011270
vt 0.9956280 0.4713600
vt 0.9956582 0.4308873
vt 0.9956590 0.4417390
vt 0.9957432 0.5116542
vt 0.9957980 0.0109850
vt 0.9957980 0.0144660
vt 0.9957980 0.0180510
vt 0.9957980 0.0218810
vt 0.9957980 0.0257990
vt 0.9957980 0.0296530
vt 0.9957980 0.0338210
vt 0.9957980 0.0386810
vt 0.9957980 0.0440950
vt 0.9957980 0.0499230
vt 0.9957980 0.0558530
vt 0.9957980 0.0615840
vt 0.9957980 0.0670010
vt 0.9957980 0.0720080
vt 0.9957980 0.0765960
vt 0.9957980 0.0807640
vt 0.9957980 0.0845770
vt 0.9957980 0.0875610
vt 0.9957980 0.0899740
vt 0.9960000 0.5009370
vt 0.9960340 0.4712520
vt 0.9960780 0.4417240
vt 0.9960930 0.4314110
vn 0.888730 -0.006207 0.458388
vn 0.922149 -0.004678 0.386806
vn 0.985818 0.167473 -0.010730
vn -0.974090 -0.003299 -0.226137
vn -0.979539 -0.000070 -0.201257
vn -0.955487 0.001892 -0.295026
vn 0.267511 0.466168 -0.843282
vn -0.399836 -0.914519 -0.061532
vn 0.583483 -0.807643 -0.085208
vn -0.332216 0.647796 -0.685561
vn 0.820259 0.561692 -0.108061
vn 0.355754 -0.006208 0.934559
vn 0.448718 0.004197 0.893663
vn 0.021394 0.002363 0.999768
vn 0.449621 0.003626 0.893212
vn -0.047898 0.751720 0.657740
vn 0.976145 -0.026839 0.215453
vn 0.879981 -0.474500 0.021976
vn 0.862971 0.038203 0.503808
vn -0.000313 -0.950639 0.310300
vn 0.404234 -0.914366 -0.023003
vn 0.318190 -0.690404 -0.649691
vn -0.017237 -0.480763 -0.876681
vn -0.170755 -0.001130 -0.985313
vn -0.149095 -0.009717 -0.988775
vn -0.038616 0.000482 -0.999254
vn -0.098149 -0.004878 -0.995160
vn -0.347821 0.001708 -0.937559
vn -0.000201 0.647706 0.761891
vn 0.005296 0.027299 0.999613
vn 0.455671 0.466489 0.758124
vn 0.013261 -0.001645 -0.999911
vn -0.003485 0.002537 -0.999991
vn -0.001738 -0.004658 -0.999988
vn -0.007958 -0.001095 -0.999968
vn -0.039494 0.014525 -0.999114
vn -0.007462 0.003504 -0.999966
vn -0.273851 0.231994 -0.933373
vn -0.225036 0.194442 -0.954752
vn -0.118625 0.140484 -0.982951
vn -0.012380 0.030811 -0.999449
vn 0.964450 -0.230074 -0.130006
vn 0.982530 0.015261 -0.185476
vn 0.633803 0.002520 -0.773490
vn 0.937387 0.347984 -0.014601
vn 0.958172 0.004972 -0.286151
vn 0.759695 0.006677 -0.650245
vn -0.149045 0.283359 -0.947361
vn -0.007451 0.640821 -0.767654
vn 0.289258 0.549017 -0.784162
vn 0.934261 0.354320 -0.040178
vn 0.894108 0.447851 -0.000332
vn 0.127097 -0.991879 -0.004639
vn 0.381567 -0.924333 -0.003950
vn 0.650598 -0.759114 0.021663
vn 0.563472 -0.826110 -0.006477
vn 0.983617 0.032106 -0.177387
vn 0.015762 -0.993360 0.113962
vn -0.002505 -0.853052 0.521820
vn 0.076124 -0.777722 0.623982
vn 0.821788 -0.004902 -0.569772
vn 0.988345 -0.000473 0.152229
vn 0.989307 -0.000235 0.145845
vn 0.898944 -0.001459 -0.438060
vn 0.996176 0.049747 0.071826
vn 0.997275 -0.000814 -0.073765
vn 0.585539 0.231627 -0.776849
vn 0.570451 0.819845 -0.049407
vn 0.011051 0.806769 0.590764
vn 0.012654 0.990450 0.137292
vn 0.218023 -0.972625 -0.080420
vn 0.436560 -0.899673 0.001688
vn 0.945756 0.321832 -0.044374
vn 0.552171 0.833491 0.020001
vn 0.225181 -0.973323 -0.043995
vn 0.340125 -0.940343 -0.008418
vn 0.174061 -0.984733 0.001751
vn 0.144849 -0.988480 0.043887
vn 0.431525 0.902099 -0.001831
vn 0.750941 0.655819 -0.077391
vn 0.720970 0.692834 -0.013550
vn 0.672271 -0.740276 -0.006588
vn 0.988197 0.151869 -0.020073
vn 0.985744 0.109888 -0.127410
vn 0.970961 0.239164 0.005852
vn 0.990840 0.068941 0.116116
vn 0.992901 0.090911 0.076701
vn 0.999258 0.035302 0.015398
vn 0.983749 -0.003929 -0.179505
vn 0.962324 0.001852 -0.271899
vn 0.983796 0.000215 -0.179291
vn 0.983943 -0.004000 -0.178437
vn 0.988681 -0.024854 -0.147957
vn 0.997553 -0.000878 -0.069904
vn 0.991499 -0.009977 -0.129733
vn 0.999697 0.013587 -0.020535
vn 0.999669 -0.001866 -0.025650
vn 0.999526 -0.024590 -0.018528
vn 0.999695 0.013174 0.020910
vn 0.999560 -0.011175 0.027494
vn 0.993791 -0.022602 0.108939
vn 0.996979 -0.073670 0.024602
vn 0.985541 -0.001078 0.169432
vn 0.989503 0.014956 0.143733
vn 0.765606 -0.003187 0.643302
vn 0.465768 -0.165725 0.869250
vn 0.829862 0.546047 -0.114726
vn 0.989539 -0.012228 0.143750
vn 0.989543 -0.010503 0.143852
vn 0.504331 -0.860044 -0.077294
vn 0.054383 -0.994903 0.084914
vn -0.337897 -0.359653 -0.869756
vn -0.072114 -0.061670 -0.995488
vn -0.032016 -0.032198 -0.998969
vn -0.150797 -0.162559 -0.975108
vn -0.045134 -0.085305 -0.995332
vn -0.085163 0.150607 -0.984919
vn -0.001229 -0.028953 -0.999580
vn -0.301043 0.005875 -0.953593
vn -0.091752 -0.154610 -0.983706
vn 0.212309 -0.977201 0.001676
vn 0.135679 -0.990753 -0.000093
vn 0.083500 -0.996508 0.000760
vn 0.583287 -0.812259 -0.003460
vn 0.370639 -0.928776 -0.001466
vn 0.808062 -0.589086 -0.003587
vn 0.999910 0.013440 -0.000050
vn 0.999998 -0.001983 0.000088
vn 0.999627 -0.027320 -0.000417
vn 0.967530 0.252757 -0.000142
vn 0.999268 0.038244 0.000390
vn 0.669254 0.743033 -0.000049
vn 0.614493 -0.788518 0.025234
vn 0.985081 -0.061984 0.160540
vn -0.024811 0.002007 0.999690
vn 0.006641 -0.000187 0.999978
vn -0.008713 0.006040 0.999944
vn -0.610967 0.535682 0.582893
vn -0.059408 0.049164 0.997022
vn -0.029063 0.031020 0.999096
vn -0.660459 0.571836 0.486618
vn -0.209377 0.169283 0.963070
vn -0.014983 -0.004117 0.999879
vn -0.003029 -0.006025 0.999977
vn -0.330458 -0.358706 0.872999
vn -0.496752 -0.544372 0.675941
vn -0.042297 -0.071020 0.996578
vn -0.697873 0.610846 -0.373953
vn -0.586929 0.506742 -0.631449
vn -0.252887 0.259844 -0.931949
vn -0.666811 -0.718778 -0.196775
vn -0.521968 -0.564950 -0.639047
vn -0.657471 -0.750622 -0.065565
vn -0.812168 -0.063286 -0.579981
vn -0.242037 -0.001558 0.970266
vn -0.912872 0.000170 -0.408246
vn -0.083196 0.001066 0.996533
vn -0.703674 0.004528 -0.710509
vn -0.605485 0.018246 0.795647
vn 0.791894 0.005756 -0.610632
vn 0.578130 0.000618 -0.815945
vn 0.693098 0.002822 -0.720838
vn 0.187695 -0.000117 -0.982227
vn 0.781508 -0.005954 -0.623867
vn -0.191105 0.035996 0.980909
vn -0.314178 -0.232315 -0.920501
vn -0.713491 0.048696 0.698970
vn 0.775825 -0.001178 0.630947
vn -0.731507 -0.004656 -0.681818
vn -0.219484 -0.001508 -0.975615
vn -0.687000 -0.004036 -0.726646
vn 0.015492 0.007011 0.999855
vn 0.011891 0.008050 0.999897
vn 0.047172 0.009979 0.998837
vn -0.003933 0.998237 -0.059221
vn 0.015517 0.884516 -0.466251
vn 0.015887 -0.999852 -0.006533
vn 0.031497 -0.984647 -0.171692
vn 0.998349 0.004735 0.057250
vn 0.992015 0.125656 -0.010781
vn 0.125165 0.699760 -0.703327
vn -0.990179 -0.002698 -0.139777
vn -0.974839 0.075292 -0.209810
vn 0.046845 0.520694 -0.852457
vn 0.045417 -0.003124 -0.998963
vn -0.006346 0.021725 -0.999744
vn -0.017358 0.073103 -0.997173
vn 0.010962 -0.707575 0.706553
vn 0.990153 -0.001332 0.139982
vn 0.989908 -0.005376 0.141607
vn 0.989778 -0.005161 0.142526
vn 0.940253 0.337923 -0.041633
vn -0.789398 0.608845 -0.078471
vn 0.976896 -0.021939 0.212585
vn 0.988201 -0.000662 0.153158
vn 0.467865 -0.606740 -0.642627
vn 0.254598 -0.672687 -0.694746
vn 0.001554 -0.678314 -0.734770
vn 0.573355 -0.619646 -0.536006
vn -0.380320 -0.571584 -0.727082
vn -0.510079 -0.521336 -0.684126
vn 0.027467 -0.123706 0.991939
vn 0.872468 -0.018726 0.488312
vn 0.489173 -0.048445 0.870840
vn 0.806787 -0.477266 -0.348299
vn 0.981270 -0.189953 0.032042
vn 0.914958 -0.345899 -0.207862
vn -0.784897 -0.343830 -0.515479
vn -0.981769 0.000637 -0.190078
vn -0.850212 -0.241534 -0.467760
vn -0.351895 0.012029 -0.935962
vn -0.785583 0.013468 -0.618610
vn -0.073160 0.011144 -0.997258
vn 0.261570 -0.965127 -0.010553
vn 0.166940 0.069907 0.983486
vn 0.994012 -0.044823 0.099651
vn 0.070096 -0.671379 -0.737791
vn 0.817559 -0.239129 -0.523845
vn 0.997509 -0.014644 -0.069002
vn 0.709628 0.700076 0.079502
vn -0.574595 0.816100 -0.061812
vn -0.491649 -0.230979 -0.839601
vn -0.348285 0.087438 -0.933302
vn -0.122638 0.012534 -0.992372
vn 0.133821 0.878389 -0.458830
vn -0.989894 0.035141 -0.137386
vn 0.985708 0.042628 -0.162981
vn -0.108913 0.993739 -0.024905
vn -0.836161 0.515641 -0.186945
vn 0.968135 0.112043 0.223967
vn 0.578613 0.805116 0.130363
vn 0.532948 0.006693 0.846122
vn 0.980076 -0.196986 0.025430
vn 0.960041 -0.000437 0.279858
vn 0.972675 -0.000833 -0.232167
vn 0.875118 0.000013 -0.483910
vn 0.983829 -0.000077 -0.179111
vn 0.481142 -0.001636 -0.876641
vn 0.228339 -0.000129 -0.973582
vn -0.007831 -0.002303 -0.999967
vn -0.993985 0.001982 0.109498
vn -0.315953 0.000786 -0.948775
vn -0.236199 0.000398 0.971705
vn -0.020945 0.010480 -0.999726
vn -0.010989 -0.999929 -0.004692
vn -0.787772 -0.605984 -0.110449
vn 0.764936 -0.634843 0.108843
vn 0.991046 0.008691 0.133236
vn 0.958479 0.258968 -0.119385
vn 0.467209 0.658033 -0.590515
vn -0.863001 0.290519 -0.413313
vn -0.987971 0.008499 -0.154408
vn 0.008155 0.006644 0.999945
vn 0.917678 -0.382437 0.107744
vn 0.987547 -0.051487 0.148659
vn -0.919106 -0.370829 -0.133154
vn -0.989270 -0.011076 -0.145681
vn -0.944369 -0.149063 -0.293170
vn 0.913643 -0.338574 -0.224997
vn 0.991724 0.023326 0.126254
vn 0.989499 -0.000165 0.144543
vn 0.990985 0.017143 0.132871
vn 0.997147 0.005395 0.075287
vn 0.999541 0.017158 0.024952
vn 0.999831 0.018372 -0.000088
vn 0.999578 0.015655 -0.024474
vn 0.995459 0.060263 -0.073685
vn 0.984904 -0.007332 -0.172945
vn 0.983806 -0.004521 -0.179178
vn 0.045091 -0.000581 -0.998983
vn -0.007008 -0.008962 -0.999935
vn -0.025004 -0.002948 0.999683
vn -0.003775 -0.001985 0.999991
vn -0.000124 -0.981086 0.193572
vn 0.004702 -0.976630 0.214878
vn 0.004392 -0.994512 0.104526
vn 0.054622 -0.998221 0.023901
vn 0.022913 -0.999368 -0.027177
vn 0.025462 -0.988072 -0.151871
vn 0.006791 -0.978207 -0.207519
vn 0.001006 -0.629783 -0.776770
vn 0.000336 -0.977307 -0.211827
vn -0.000041 -0.611884 -0.790948
vn -0.008201 -0.011074 -0.999905
vn -0.000043 0.027688 -0.999617
vn -0.029588 0.010394 -0.999508
vn -0.027315 -0.005615 -0.999611
vn -0.000414 0.027435 -0.999623
vn -0.000103 0.007996 -0.999968
vn -0.002475 -0.013262 -0.999909
vn -0.021104 -0.017587 -0.999623
vn -0.002813 0.023544 -0.999719
vn 0.000491 0.613644 -0.789582
vn -0.000649 -0.003528 -0.999994
vn 0.001360 0.399497 -0.916733
vn 0.000000 0.916941 -0.399023
vn 0.000176 0.947274 -0.320424
vn 0.004670 0.979051 -0.203563
vn 0.013253 0.982339 -0.186639
vn 0.002517 0.989910 -0.141678
vn 0.041772 0.998738 -0.027875
vn 0.077213 0.997013 -0.001743
vn 0.021115 0.999317 0.030320
vn 0.002816 0.989252 0.146195
vn 0.013425 0.988502 0.150607
vn -0.001672 0.731155 0.682210
vn 0.000271 0.982200 0.187840
vn -0.000439 0.627440 0.778665
vn 0.000680 0.016533 0.999863
vn 0.008108 0.008136 0.999934
vn 0.000845 0.009966 0.999950
vn 0.000299 0.010373 0.999946
vn 0.008933 0.010510 0.999905
vn 0.000045 0.006943 0.999976
vn -0.000040 0.010084 0.999949
vn 0.001467 0.011660 0.999931
vn -0.002797 0.004518 0.999986
vn -0.005680 -0.006426 -0.999963
vn -0.001141 0.001687 -0.999998
vn -0.002928 -0.007628 -0.999967
vn -0.000291 0.093174 -0.995650
vn -0.000521 0.071765 -0.997421
vn -0.005189 0.047039 -0.998880
vn -0.000748 0.069907 -0.997553
vn -0.001829 0.418993 -0.907988
vn -0.000139 0.999015 -0.044365
vn -0.007270 0.921167 -0.389099
vn -0.001794 0.747317 0.664465
vn -0.000772 -0.061863 0.998084
vn 0.029525 0.488854 0.871866
vn 0.009129 0.047532 0.998828
vn 0.010282 -0.807017 0.590439
vn 0.017015 -0.400064 0.916329
vn 0.000012 -0.678107 0.734963
vn -0.001569 -0.029071 0.999576
vn 0.007226 -0.904509 0.426393
vn -0.000001 -0.929609 0.368548
vn -0.701353 -0.695584 -0.155776
vn -0.999545 -0.022404 0.020173
vn -0.759677 0.631426 -0.155536
vn -0.887600 -0.005780 0.460578
vn -0.920106 -0.004888 0.391640
vn -0.984647 0.174134 -0.012154
vn 0.959311 0.002003 -0.282343
vn 0.979207 -0.000092 -0.202863
vn 0.973367 -0.002849 -0.229233
vn -0.233596 0.482032 -0.844439
vn 0.393894 -0.917190 -0.060084
vn -0.645467 -0.762020 -0.051945
vn 0.332068 0.647591 -0.685826
vn -0.394706 -0.377928 -0.837483
vn -0.650753 0.538678 0.535113
vn -0.116893 0.974658 -0.190728
vn -0.886121 -0.463023 -0.019988
vn -0.449138 0.004344 0.893452
vn -0.320614 0.005494 0.947194
vn -0.450358 0.003479 0.892841
vn -0.022954 0.001212 0.999736
vn -0.664412 0.031115 0.746719
vn 0.000781 -0.948854 0.315713
vn -0.605751 -0.755288 -0.250212
vn -0.328535 -0.944143 -0.025668
vn 0.002246 -0.566867 -0.823806
vn 0.077106 -0.003184 -0.997018
vn 0.160030 0.001488 -0.987111
vn 0.994819 -0.094850 -0.036586
vn 0.035410 -0.007141 -0.999347
vn 0.619171 -0.002448 -0.785252
vn 0.023565 -0.005481 -0.999707
vn 0.402462 0.003549 -0.915430
vn 0.024799 -0.012029 -0.999620
vn 0.000742 0.647541 0.762030
vn -0.000894 0.026284 0.999654
vn -0.089096 0.721560 0.686595
vn -0.004218 -0.049224 -0.998779
vn 0.049642 0.044525 -0.997774
vn -0.067208 0.004452 -0.997729
vn 0.029725 0.053765 -0.998111
vn 0.107055 0.126664 -0.986152
vn 0.245630 0.218230 -0.944480
vn 0.321047 0.274498 -0.906410
vn -0.961085 -0.021592 -0.275409
vn -0.606399 -0.001982 -0.795158
vn -0.981256 0.006726 -0.192592
vn -0.763340 0.607453 -0.219802
vn -0.765016 0.004619 -0.643995
vn -0.957499 0.004027 -0.288407
vn -0.875799 0.481955 -0.026382
vn -0.037042 0.000191 -0.999314
vn -0.237469 -0.971393 -0.001947
vn -0.492590 -0.870259 -0.002293
vn -0.002698 -0.771525 0.636194
vn -0.007972 -0.991232 0.131892
vn -0.193438 -0.741699 0.642234
vn -0.564165 -0.823221 -0.063449
vn -0.817415 -0.004876 -0.576029
vn -0.898726 -0.001479 -0.438508
vn -0.989306 -0.000255 0.145857
vn -0.988566 -0.000498 0.150788
vn -0.997305 -0.001098 -0.073355
vn -0.994967 0.034453 0.094095
vn -0.655964 0.186435 -0.731405
vn 0.003518 0.772034 0.635571
vn 0.000644 0.982977 0.183730
vn -0.060527 0.991098 0.118582
vn -0.117487 -0.985698 -0.120814
vn -0.347105 -0.937360 -0.029555
vn -0.108492 0.993925 -0.018502
vn -0.942318 0.322753 -0.088694
vn -0.934682 0.355418 -0.006923
vn -0.848787 0.005896 -0.528703
vn -0.972099 -0.000080 -0.234571
vn -0.983602 0.000016 -0.180354
vn -0.983737 -0.003199 -0.179585
vn -0.983812 -0.000412 -0.179203
vn -0.983797 0.000215 -0.179284
vn -0.982948 0.005529 -0.183800
vn -0.985696 0.003359 -0.168502
vn -0.997022 -0.030798 -0.070699
vn -0.999846 -0.004313 -0.017018
vn -0.999727 0.007083 -0.022256
vn -0.997843 0.004788 -0.065466
vn -0.999766 0.013578 -0.016812
vn -0.999777 0.012433 0.017060
vn -0.999748 0.007267 0.021229
vn -0.999837 -0.004849 0.017375
vn -0.996814 -0.000610 0.079762
vn -0.986151 -0.002589 0.165832
vn -0.989275 0.018927 0.144830
vn -0.989581 -0.000104 0.143980
vn -0.757105 -0.004731 0.653276
vn -0.485651 -0.160709 0.859253
vn -0.991299 0.002608 -0.131603
vn -0.990192 0.101352 0.096162
vn -0.934342 0.353748 0.043213
vn -0.992621 -0.015433 0.120274
vn -0.991121 -0.003148 0.132923
vn -0.990108 -0.016767 0.139301
vn 0.333622 -0.357199 -0.872414
vn 0.147984 -0.163054 -0.975456
vn 0.034313 -0.037898 -0.998692
vn 0.070570 -0.059470 -0.995732
vn 0.046887 -0.085444 -0.995239
vn -0.021632 -0.007102 -0.999741
vn 0.010506 0.000787 -0.999944
vn 0.207202 0.477036 -0.854110
vn -0.011613 0.593309 -0.804891
vn 0.137547 -0.364020 -0.921179
vn 0.145024 0.000130 -0.989428
vn 0.007523 -0.027017 -0.999607
vn -0.384579 -0.923076 0.005473
vn -0.999962 0.008755 -0.000024
vn -0.999906 0.013681 -0.000070
vn -0.999980 -0.006300 0.000381
vn -0.222655 0.974896 -0.001764
vn -0.052523 0.998620 -0.000283
vn -0.221581 -0.974162 -0.043694
vn -0.612230 -0.788237 0.062106
vn -0.604620 -0.795653 0.037028
vn -0.565657 -0.820539 -0.082146
vn -0.804695 -0.351945 0.478122
vn -0.991262 -0.117632 0.059683
vn -0.912726 0.408564 -0.002348
vn -0.803046 0.595899 0.004713
vn -0.782226 0.622903 0.010643
vn -0.832215 0.554453 0.000861
vn -0.750774 0.660559 -0.000525
vn -0.788377 0.614981 -0.016100
vn -0.775584 0.628159 -0.062334
vn -0.716764 0.692176 -0.084511
vn -0.430693 0.901938 -0.031786
vn -0.284425 0.956388 -0.066523
vn -0.465936 0.883443 -0.049309
vn -0.416152 0.909287 -0.003877
vn -0.489913 0.871765 0.003221
vn -0.301454 0.953459 0.006454
vn -0.626147 0.779703 -0.001686
vn -0.289477 0.957086 0.013768
vn -0.600943 0.799075 -0.018613
vn -0.272357 0.961389 0.039404
vn 0.018935 -0.001050 0.999820
vn -0.013194 -0.004335 0.999904
vn -0.005921 0.000360 0.999982
vn 0.599016 0.525483 0.604192
vn 0.631751 0.568617 0.526845
vn 0.333173 0.277655 0.901057
vn 0.026662 -0.019887 0.999447
vn 0.019143 -0.020900 0.999598
vn 0.561028 -0.624248 0.543656
vn 0.331654 -0.364536 0.870126
vn 0.798369 0.585622 -0.140194
vn 0.582128 0.515863 -0.628500
vn 0.696316 0.609975 -0.378252
vn 0.362140 0.343688 -0.866449
vn 0.519365 -0.570969 -0.635810
vn 0.661921 -0.724364 -0.192763
vn 0.442267 -0.523450 -0.728286
vn 0.683241 -0.017567 -0.729982
vn 0.911263 0.005306 0.411790
vn 0.197457 -0.001221 0.980311
vn 0.812544 0.004282 -0.582884
vn 0.703708 -0.001022 0.710488
vn 0.906651 0.013322 0.421671
vn 0.321275 0.018980 0.946796
vn 0.308947 0.265538 -0.913259
vn 0.073298 0.688168 -0.721839
vn -0.683513 0.001697 -0.729936
vn -0.190663 -0.001742 -0.981654
vn -0.474405 -0.002708 -0.880303
vn -0.750593 -0.002635 -0.660760
vn 0.257758 -0.823787 -0.504911
vn 0.930749 0.001129 0.365657
vn 0.995327 -0.080685 -0.053057
vn -0.786641 -0.000446 0.617410
vn 0.731820 -0.004961 -0.681480
vn 0.218543 -0.001502 -0.975826
vn 0.691325 -0.003942 -0.722533
vn -0.016588 0.006721 0.999840
vn -0.061697 0.007863 0.998064
vn -0.046967 0.853851 0.518393
vn 0.009180 0.984736 -0.173812
vn -0.052389 -0.985021 -0.164282
vn -0.018865 -0.999807 -0.005532
vn -0.997369 0.006311 0.072212
vn -0.993533 0.031791 0.109006
vn -0.210993 0.694392 -0.687969
vn 0.987268 -0.002630 -0.159043
vn -0.149586 0.503775 -0.850785
vn 0.971869 0.075998 -0.222923
vn -0.084710 -0.003552 -0.996399
vn -0.084679 -0.040594 0.995581
vn 0.053561 0.025180 -0.998247
vn -0.012971 -0.705955 0.708138
vn -0.989706 0.001850 0.143102
vn -0.989660 0.000301 0.143433
vn -0.989154 -0.010414 0.146511
vn -0.410103 0.910243 -0.057217
vn -0.954760 0.263909 0.137059
vn 0.530042 -0.529441 -0.662381
vn -0.366176 -0.649853 -0.666037
vn 0.610386 -0.475880 -0.633219
vn 0.367733 -0.581758 -0.725486
vn -0.533806 -0.621063 -0.573875
vn 0.627948 -0.021153 -0.777968
vn -0.516681 -0.051780 0.854611
vn 0.022072 -0.126443 0.991728
vn -0.515681 -0.038098 0.855933
vn -0.954474 -0.285897 -0.085104
vn -0.883798 -0.397331 -0.247042
vn -0.821320 -0.441151 -0.361688
vn -0.910963 -0.330759 -0.246464
vn 0.992613 0.003863 -0.121265
vn 0.983540 -0.016043 -0.179979
vn 0.967910 0.013832 -0.250916
vn 0.729999 -0.372121 -0.573260
vn 0.534575 0.006807 -0.845094
vn -0.751141 0.642573 -0.151283
vn 0.015175 0.012217 -0.999810
vn -0.093089 0.016103 0.995528
vn 0.098922 -0.501758 -0.859333
vn -0.096314 -0.658040 -0.746798
vn -0.990053 -0.117711 -0.077060
vn -0.003010 0.088092 -0.996108
vn 0.989041 -0.023967 -0.145683
vn 0.993782 0.033190 -0.106284
vn 0.984757 0.037445 -0.169860
vn -0.037059 0.718186 -0.694864
vn -0.002081 0.999815 -0.019111
vn 0.260787 0.960747 -0.094630
vn 0.013556 0.985402 0.169705
vn -0.989955 -0.010182 0.141018
vn -0.998433 0.015402 0.053807
vn -0.709633 0.301401 0.636850
vn -0.085954 0.139769 0.986446
vn -0.773500 0.003644 0.633785
vn -0.991993 -0.043902 0.118417
vn -0.995811 -0.073527 0.054357
vn -0.987067 -0.142035 0.074327
vn -0.994628 -0.102276 -0.015947
vn -0.914923 -0.402769 -0.026310
vn -0.988366 -0.087560 -0.124365
vn -0.985175 -0.016267 -0.170778
vn -0.886017 -0.000255 -0.463653
vn -0.968880 -0.000460 -0.247530
vn -0.496776 -0.000113 -0.867879
vn 0.024215 0.000094 0.999707
vn 0.181801 0.000268 -0.983335
vn 0.837171 0.001468 -0.546939
vn 0.325117 0.000618 0.945674
vn 0.027027 0.009533 -0.999589
vn 0.787545 -0.606674 -0.108252
vn 0.010952 -0.999929 -0.004725
vn -0.767664 -0.631831 0.107150
vn -0.959181 0.255427 -0.121361
vn -0.466538 0.658558 -0.590460
vn 0.862814 0.292128 -0.412568
vn 0.987845 0.009250 -0.155167
vn -0.010452 0.004934 0.999933
vn -0.987287 -0.052431 0.150053
vn -0.919706 -0.374479 0.117924
vn 0.916365 -0.374459 -0.141621
vn 0.939258 -0.163314 -0.301867
vn 0.989267 -0.011321 -0.145682
vn -0.924365 -0.324592 -0.200471
vn -0.991829 0.027130 0.124656
vn -0.989487 -0.000028 0.144619
vn -0.989188 0.010609 0.146267
vn -0.997750 0.016069 0.065097
vn -0.996879 0.044779 0.065020
vn -0.999339 0.032049 0.017150
vn -0.999382 0.026778 0.022771
vn -0.999685 0.015599 -0.019673
vn -0.999853 0.017150 -0.000091
vn -0.999670 0.025683 -0.000151
vn -0.995562 0.075033 -0.056807
vn -0.984976 -0.009670 -0.172422
vn -0.991434 -0.002563 -0.130583
vn -0.983636 -0.006311 -0.180055
vn -0.024921 0.000835 -0.999689
vn -0.004875 -0.007887 -0.999957
vn 0.040044 0.009541 0.999152
vn 0.582520 0.017883 -0.812619
vn -0.007579 -0.976746 0.214265
vn -0.010931 -0.996454 0.083431
vn -0.026432 -0.998784 0.041605
vn -0.026813 -0.999640 0.000863
vn -0.005401 -0.994594 -0.103697
vn -0.001122 -0.629952 -0.776633
vn -0.005997 -0.976885 -0.213681
vn 0.007167 -0.010027 -0.999924
vn 0.025734 -0.008691 -0.999631
vn 0.028964 0.009025 -0.999540
vn 0.011004 -0.024010 -0.999651
vn -0.001366 0.680587 -0.732666
vn 0.000250 0.114873 -0.993380
vn -0.002733 0.936532 -0.350572
vn -0.004813 0.981315 -0.192348
vn -0.059663 0.988374 -0.139846
vn -0.018617 0.998745 -0.046490
vn -0.052770 0.998259 0.026346
vn 0.009581 0.995956 0.089328
vn -0.004010 0.987914 0.154951
vn 0.001603 0.787847 0.615869
vn -0.007905 0.007451 0.999941
vn -0.005705 0.006558 0.999962
vn -0.008054 0.010241 0.999915
vn -0.003525 0.005406 0.999979
vn -0.153148 0.987014 0.048472
vn 0.016808 0.078129 -0.996802
vn -0.006369 0.990687 -0.136013
vn -0.035502 0.202018 0.978738
vn -0.014876 -0.036950 0.999206
vn -0.022693 -0.376470 0.926151
vn -0.014271 -0.807802 0.589281
vn -0.009084 -0.097481 0.995196
vn -0.010769 -0.905594 0.424008
vn 0.695609 -0.700737 -0.158413
vn 0.189687 -0.116898 -0.974861
vn 0.054492 -0.006838 -0.998491
vn -0.050641 0.001293 0.998716
vn -0.588562 0.031996 0.807819
vn 0.111943 0.054771 -0.992204
vn 0.114788 0.001852 -0.993388
vn 0.024933 0.001934 -0.999687
vn 0.208301 -0.000171 -0.978065
vn 0.038271 -0.004258 -0.999258
vn 0.401788 -0.062944 -0.913567
vn -0.077180 0.000767 0.997017
vn -0.068776 -0.002302 0.997629
vn -0.056203 0.001397 0.998418
vn -0.264420 -0.020655 0.964186
vn 0.068640 0.001550 0.997640
vn 0.054184 -0.000736 0.998531
vn 0.155254 0.000286 0.987875
vn 0.543231 -0.421924 0.725865
vn -0.427987 -0.052119 -0.902281
vn -0.182070 0.001025 -0.983285
vn -0.145716 -0.000801 -0.989326
vn -0.506498 0.000620 -0.862241
vn -0.126838 0.001731 -0.991922
vn -0.232967 0.191554 -0.953432
vn 0.098470 0.002762 0.995136
vn 0.032249 -0.000606 0.999480
vn -0.872926 -0.039346 0.486264
vn -0.791600 -0.512938 -0.332060
vn 0.610584 0.753226 -0.244618
vn 0.585506 -0.039431 -0.809709
vn 0.911144 0.012400 -0.411901
vn -0.967885 -0.004373 -0.251354
vn -0.672800 -0.096774 -0.733468
vn 0.693272 0.160140 0.702658
vn -0.009117 0.986145 -0.165634
vn 0.945555 0.059229 0.320026
vn 0.978090 -0.037080 0.204855
vn 0.944883 -0.238780 0.224011
vn -0.022620 -0.657278 -0.753309
vn 0.367349 -0.930065 0.005800
vn 0.684879 -0.724014 -0.082121
vn 0.400655 -0.913831 -0.066237
vn 0.654216 -0.755009 0.044296
vn 0.915745 -0.400761 -0.028296
vn 0.840378 -0.541957 0.006974
vn 0.954977 -0.294200 -0.038281
vn 0.909950 -0.414717 -0.000059
vn 0.978335 -0.207023 -0.001062
vn 0.915137 -0.403073 -0.007523
vn 0.985273 -0.009431 -0.170728
vn 0.996301 -0.034841 -0.078548
vn 0.993896 -0.109854 -0.010137
vn 0.992495 -0.015122 0.121346
vn 0.829628 0.558006 0.018594
vn 0.758054 0.652005 0.015613
vn 0.844727 0.534991 -0.014849
vn 0.845569 0.533864 0.001681
vn 0.928920 0.370121 0.010896
vn 0.126004 0.981109 -0.146790
vn 0.607063 0.793047 0.050517
vn 0.514540 0.857438 -0.007005
vn 0.203009 0.977606 -0.055443
vn 0.522087 0.851238 -0.053098
vn 0.346265 0.937745 -0.027099
vn 0.249475 0.965009 -0.080748
vn 0.225495 0.974150 -0.013533
vn 0.341078 0.940035 -0.000386
vn 0.130520 0.991058 0.027720
vn 0.105582 0.992521 0.061274
vn -0.647045 0.762310 0.014687
vn -0.628829 0.777536 -0.003430
vn -0.915365 0.402613 0.003130
vn -0.870757 0.491710 -0.001945
vn -0.975188 0.221331 -0.004516
vn -0.943822 0.327004 -0.047629
vn -0.985556 0.031922 -0.166317
vn -0.983266 0.122475 -0.134863
vn -0.995874 0.088799 -0.018692
vn -0.996030 0.088868 -0.005083
vn -0.981562 0.190624 0.014117
vn -0.649397 -0.760273 0.016419
vn -0.686717 -0.726907 0.005028
vn -0.651235 -0.758492 -0.024156
vn -0.689508 -0.724269 0.003584
vn -0.883285 -0.467025 -0.041186
vn -0.858806 -0.512121 -0.013594
vn -0.981100 -0.151696 -0.120133
vn -0.878165 -0.478189 0.012732
vn -0.975267 -0.221029 0.000842
vn -0.886320 -0.463014 -0.007357
vn -0.857991 -0.510501 -0.056923
vn -0.039987 -0.989484 -0.139006
vn -0.073823 -0.997036 -0.021661
vn -0.148672 -0.988885 -0.001596
vn -0.326044 -0.945325 -0.007416
vn -0.226732 -0.973906 0.009981
vn -0.223257 -0.974741 -0.006077
vn -0.010146 -0.087255 0.996134
vn 0.043136 0.068943 0.996688
vn 0.385647 0.068576 0.920094
vn 0.017852 -0.036425 0.999177
vn 0.297573 -0.028626 0.954270
vn 0.638706 0.202998 0.742191
vn 0.716562 -0.015132 0.697359
vn -0.976887 -0.003488 -0.213729
vn -0.910842 -0.001116 -0.412754
vn -0.442992 0.006287 -0.896504
vn -0.073055 0.017214 -0.997179
vn -0.293385 -0.083037 -0.952381
vn -0.001209 0.006880 -0.999976
vn -0.000980 0.038427 -0.999261
vn -0.000621 0.001471 -0.999999
vn 0.004703 0.038195 -0.999259
vn 0.008717 0.020694 -0.999748
vn 0.001380 -0.004035 -0.999991
vn 0.017795 -0.031552 -0.999344
vn 0.101599 0.010391 -0.994771
vn 0.174962 -0.036315 -0.983905
vn 0.634234 0.014848 -0.772998
vn 0.962450 0.005788 -0.271397
vn -0.983223 -0.020625 0.181240
vn -0.770318 -0.020122 0.637342
vn -0.150579 -0.025868 0.988259
vn 0.005276 -0.020905 0.999768
vn -0.093819 -0.060641 -0.993741
vn 0.591529 -0.073784 0.802901
vn -0.678168 -0.029171 0.734327
vn -0.971575 -0.000934 0.236728
vn -0.043115 0.000629 -0.999070
vn 0.633482 0.014165 -0.773628
vn -0.938840 -0.015285 -0.344015
vn -0.988823 0.020940 -0.147616
vn -0.002914 -0.005120 0.999983
vn 0.227569 -0.004502 0.973752
vn 0.980291 -0.022272 0.196298
vn 0.805932 -0.010047 0.591922
vn -0.985446 -0.044489 -0.164067
vn -0.853715 0.010328 -0.520639
vn -0.314942 0.006504 -0.949089
vn -0.028454 -0.000200 -0.999595
vn 0.079067 0.003541 -0.996863
vn 0.631498 0.006071 -0.775354
vn 0.976780 0.000111 -0.214246
vn -0.967849 -0.020845 0.250666
vn -0.843866 -0.013135 0.536394
vn -0.560630 -0.007535 0.828032
vn -0.002795 -0.013047 0.999911
vn -0.198322 -0.004369 0.980127
vn -0.216961 0.972881 0.080189
vn 0.049692 0.569261 0.820654
vn -0.801487 0.145257 0.580103
vn -0.719263 0.635245 0.281289
vn -0.566344 0.785692 -0.248881
vn -0.927500 0.191887 -0.320815
vn -0.055121 0.558411 -0.827731
vn -0.942399 -0.190541 0.274914
vn -0.116112 -0.548778 0.827865
vn 0.140321 -0.982484 0.122616
vn -0.579375 -0.785521 0.217442
vn -0.700149 -0.626279 -0.342880
vn -0.186533 -0.976293 -0.109809
vn -0.756875 -0.139239 -0.638555
vn 0.157345 -0.555943 -0.816192
vn 0.124254 0.986673 -0.105060
vn 0.844316 -0.112456 0.523912
vn 0.707865 -0.619995 0.338428
vn 0.639110 -0.742573 -0.200311
vn 0.914034 -0.228064 -0.335454
vn 0.883759 0.229087 0.408030
vn 0.605513 0.753848 0.255083
vn 0.723338 0.626345 -0.290644
vn 0.876271 0.122817 -0.465903
vn 0.780314 0.620391 0.078892
vn 0.516436 0.225646 0.826061
vn -0.235326 0.755060 0.611969
vn 0.232827 0.931979 0.277861
vn 0.448380 0.866696 -0.218616
vn -0.265947 0.924314 -0.273708
vn 0.437965 0.341162 -0.831742
vn -0.595842 0.736045 0.321264
vn -0.528494 -0.188254 0.827801
vn -0.765898 -0.637167 0.086131
vn -0.949764 0.203518 0.237757
vn -0.878837 0.334970 -0.339766
vn -0.950557 -0.289993 -0.111112
vn -0.488836 0.628981 -0.604502
vn -0.431918 -0.385169 -0.815531
vn 0.927665 0.350153 -0.129731
vn 0.277196 -0.792997 0.542511
vn -0.236859 -0.921739 0.307074
vn -0.363238 -0.909707 -0.201225
vn 0.212229 -0.917086 -0.337509
vn 0.611802 -0.678724 0.406242
vn 0.948680 -0.188802 0.253693
vn 0.875835 -0.350047 -0.332236
vn 0.505266 -0.713650 -0.485190
vn 0.125014 -0.984590 0.122287
vn -0.206527 -0.603871 0.769862
vn 0.233737 0.411444 0.880955
vn 0.792654 -0.502673 0.344991
vn 0.625309 -0.742021 -0.241647
vn 0.875155 -0.317400 -0.365187
vn 0.079289 -0.578391 -0.811898
vn 0.985183 0.030137 0.168840
vn -0.100711 0.980940 0.166176
vn 0.491838 0.843988 0.213961
vn 0.711082 0.633362 -0.305311
vn 0.061703 0.991182 -0.117261
vn 0.794145 0.150089 -0.588903
vn -0.084646 0.557458 -0.825879
vn -0.205747 -0.976082 -0.070229
vn -0.859796 0.112997 0.497979
vn -0.706366 0.595625 0.382464
vn -0.572602 0.784474 -0.238175
vn -0.903504 0.226459 -0.363865
vn -0.902806 -0.235564 0.359792
vn -0.558417 -0.795163 0.236402
vn -0.710149 -0.648767 -0.273477
vn -0.856481 -0.125662 -0.500648
vn 0.996165 0.041326 0.077125
vn 0.551146 -0.119826 0.825760
vn 0.254813 0.749277 0.611273
vn 0.737583 0.615976 0.276670
vn 0.872607 0.435908 -0.220323
vn 0.329048 0.903458 -0.274757
vn 0.553054 0.017353 -0.832965
vn -0.048481 0.945428 0.322203
vn -0.540201 0.159037 0.826372
vn -0.994584 -0.062011 0.083414
vn -0.646728 0.723985 0.239975
vn -0.515254 0.787433 -0.338324
vn -0.940475 0.321999 -0.108734
vn -0.028286 0.795144 -0.605760
vn -0.578432 -0.059858 -0.813532
vn 0.957028 -0.259321 -0.129807
vn -0.241145 -0.804874 0.542242
vn -0.738055 -0.602497 0.303763
vn -0.831570 -0.518536 -0.199028
vn -0.368046 -0.867042 -0.335827
vn 0.093263 -0.909152 0.405887
vn 0.658116 -0.709051 0.253241
vn 0.502717 -0.797358 -0.333911
vn -0.014063 -0.873841 -0.486008
vn 0.274043 0.958369 0.080178
vn 0.291885 0.481284 0.826540
vn -0.626612 0.479682 0.614217
vn -0.345794 0.896118 0.278206
vn -0.131614 0.966934 -0.218443
vn -0.748110 0.602823 -0.277374
vn 0.161659 0.532738 -0.830697
vn -0.912531 0.250882 0.323025
vn -0.315956 -0.464937 0.827046
vn -0.256096 -0.963156 0.082137
vn -0.889688 -0.388283 0.240191
vn -0.909166 -0.238548 -0.341339
vn -0.605493 -0.787909 -0.112153
vn -0.761203 0.224668 -0.608353
vn -0.126763 -0.563534 -0.816309
vn 0.547306 0.826986 -0.128645
vn 0.689035 -0.482178 0.541050
vn 0.341063 -0.889737 0.303388
vn 0.230269 -0.952441 -0.199579
vn 0.706969 -0.622240 -0.336173
vn 0.890818 -0.204432 0.405772
vn 0.881508 0.397152 0.255371
vn 0.916569 0.222297 -0.332393
vn 0.825716 -0.289073 -0.484387
vn -0.061738 -0.997847 0.022149
vn -0.262133 -0.602236 0.754054
vn 0.343573 0.306330 0.887761
vn 0.602801 -0.762946 0.233546
vn 0.367856 -0.898309 -0.240256
vn 0.734052 -0.572752 -0.364859
vn -0.129076 -0.553220 -0.822975
vn 0.945037 -0.278363 0.171522
vn 0.213854 0.962344 0.167813
vn 0.729175 0.649080 0.216792
vn 0.853767 0.389078 -0.345976
vn 0.451664 0.884684 -0.115472
vn 0.744567 -0.087632 -0.661771
vn 0.016098 0.565288 -0.824737
vn -0.452356 -0.888860 -0.072812
vn -0.765669 0.355347 0.536171
vn -0.489352 0.782980 0.384028
vn -0.419197 0.887089 -0.193255
vn -0.799907 0.496912 -0.336493
vn -0.894273 0.045309 0.445223
vn -0.799408 -0.533282 0.276691
vn -0.876223 -0.395716 -0.275029
vn -0.853386 0.146593 -0.500243
vn 0.342856 -0.936174 0.077634
vn 0.048828 -0.561643 0.825938
vn 0.789083 -0.012316 0.614163
vn 0.810062 -0.515859 0.278727
vn 0.679965 -0.698703 -0.222401
vn 0.959870 -0.035228 -0.278225
vn 0.184270 -0.518160 -0.835198
vn 0.885735 0.335817 0.320470
vn -0.016616 0.560048 0.828294
vn -0.363551 0.927591 0.086062
vn 0.489427 0.838584 0.239243
vn 0.590415 0.734158 -0.335294
vn 0.021767 0.994183 -0.105485
vn 0.745768 0.274206 -0.607158
vn -0.228299 0.536322 -0.812550
vn 0.045590 -0.990246 -0.131661
vn -0.839267 -0.020024 0.543351
vn -0.801675 0.512230 0.308119
vn -0.749797 0.630051 -0.202088
vn -0.936720 0.082663 -0.340180
vn -0.836470 -0.368150 0.405935
vn -0.472394 -0.844459 0.252454
vn -0.605469 -0.722605 -0.333540
vn -0.836163 -0.253243 -0.486518
vn 0.418581 0.904697 0.079455
vn 0.358923 0.432384 0.827175
vn -0.550135 0.568732 0.611470
vn -0.210222 0.937145 0.278507
vn 0.014088 0.975826 -0.218096
vn -0.648305 0.709660 -0.275833
vn 0.241705 0.503056 -0.829767
vn -0.861905 0.392543 0.320983
vn -0.387753 -0.405681 0.827690
vn -0.402045 -0.911718 0.084439
vn -0.940446 -0.241649 0.239097
vn -0.934476 -0.093265 -0.343592
vn -0.719565 -0.685017 -0.113921
vn -0.717273 0.339938 -0.608245
vn -0.210925 -0.538910 -0.815529
vn 0.671242 0.730112 -0.127946
vn 0.604377 -0.583022 0.542968
vn 0.198395 -0.930961 0.306514
vn 0.077935 -0.977186 -0.197570
vn 0.599825 -0.727069 -0.334035
vn 0.849627 -0.334957 0.407353
vn 0.932534 0.255625 0.255020
vn 0.940250 0.080460 -0.330842
vn 0.772224 -0.410989 -0.484519
vn -0.768029 0.640108 0.019832
vn -0.331731 0.567925 0.753270
vn 0.042374 -0.459036 0.887407
vn -0.972346 -0.033486 0.231132
vn -0.941429 0.234759 -0.242073
vn -0.895139 -0.252936 -0.367083
vn -0.368174 0.432326 -0.823130
vn -0.788640 -0.590488 0.171380
vn 0.648586 -0.742582 0.167055
vn 0.086291 -0.972217 0.217595
vn -0.192268 -0.918996 -0.344209
vn 0.447511 -0.887219 -0.112142
vn -0.512133 -0.546436 -0.662666
vn 0.449323 -0.348366 -0.822648
vn -0.449142 0.890557 -0.071966
vn 0.739656 0.405999 0.536725
vn 0.920683 -0.074197 0.383193
vn 0.962893 -0.190349 -0.191324
vn 0.875847 0.347105 -0.335276
vn 0.564372 0.694733 0.445904
vn 0.043475 0.959984 0.276660
vn 0.198041 0.941220 -0.273653
vn 0.622691 0.601898 -0.499975
vn -0.995475 -0.092818 0.020377
vn -0.635033 0.165937 0.754452
vn 0.351868 -0.294980 0.888356
vn -0.663581 -0.711460 0.231269
vn -0.833024 -0.498154 -0.240652
vn -0.456530 -0.810825 -0.366257
vn -0.565553 0.046135 -0.823420
vn -0.136733 -0.975619 0.171671
vn 0.983467 -0.066917 0.168269
vn 0.748875 -0.625919 0.217742
vn 0.513018 -0.785343 -0.346480
vn 0.942819 -0.312703 -0.115361
vn 0.026365 -0.748416 -0.662705
vn 0.561221 0.070497 -0.824659
vn -0.946606 0.313845 -0.073748
vn 0.234080 0.810935 0.536275
vn 0.698451 0.603459 0.384712
vn 0.813348 0.548642 -0.193539
vn 0.368544 0.866624 -0.336361
vn -0.088277 0.890660 0.446019
vn -0.643836 0.712980 0.277730
vn -0.520903 0.807923 -0.275536
vn 0.014896 0.865998 -0.499825
vn -0.997577 0.066951 0.018895
vn -0.602628 0.263655 0.753210
vn 0.306304 -0.346471 0.886643
vn -0.769270 -0.596060 0.230079
vn -0.901681 -0.359299 -0.240572
vn -0.577075 -0.730100 -0.365976
vn -0.551493 0.132026 -0.823666
vn -0.282165 -0.944020 0.170905
vn 0.961357 -0.218814 0.167074
vn 0.646268 -0.731966 0.215784
vn 0.381155 -0.856158 -0.348875
vn 0.882205 -0.455859 -0.117929
vn -0.093127 -0.742939 -0.662850
vn 0.563489 -0.016648 -0.825956
vn -0.887245 0.455208 -0.074716
vn 0.359444 0.763333 0.536770
vn 0.788341 0.480991 0.383623
vn 0.890004 0.413358 -0.192428
vn 0.502647 0.796502 -0.336052
vn 0.050690 0.893460 0.446274
vn -0.526447 0.803411 0.278182
vn -0.389673 0.878339 -0.276905
vn 0.148576 0.852783 -0.500685
vn -0.967861 -0.250650 0.020469
vn -0.653839 0.062523 0.754046
vn 0.397739 -0.233422 0.887309
vn -0.539313 -0.809745 0.231202
vn -0.739749 -0.628018 -0.241587
vn -0.317893 -0.874497 -0.366331
vn -0.564328 -0.046262 -0.824253
vn 0.025799 -0.984812 0.171697
vn 0.981431 0.092954 0.167788
vn 0.842012 -0.494264 0.216145
vn 0.633776 -0.692365 -0.344905
vn 0.980678 -0.158768 -0.114296
vn 0.145253 -0.735383 -0.661901
vn 0.544399 0.160399 -0.823348
vn -0.984553 0.158503 -0.074372
vn 0.101709 0.837960 0.536170
vn 0.595305 0.705874 0.383867
vn 0.715969 0.671522 -0.190910
vn 0.228905 0.914149 -0.334565
vn -0.230148 0.865171 0.445546
vn -0.749963 0.600519 0.277368
vn -0.642815 0.714443 -0.276334
vn -0.123465 0.857287 -0.499815
vn 0.906784 -0.414607 0.076452
vn 0.433790 -0.360322 0.825830
vn 0.564176 0.552509 0.613546
vn 0.936479 0.213663 0.278129
vn 0.975117 -0.007014 -0.221581
vn 0.700971 0.657829 -0.275499
vn 0.499221 -0.233711 -0.834361
vn 0.384796 0.865044 0.321917
vn -0.408942 0.385033 0.827354
vn -0.913237 0.398402 0.085286
vn -0.249619 0.937851 0.241092
vn -0.103091 0.935628 -0.337597
vn -0.690936 0.714743 -0.108400
vn 0.331593 0.724036 -0.604829
vn -0.541949 0.212237 -0.813171
vn 0.733905 -0.666178 -0.132627
vn -0.577205 -0.610949 0.541826
vn -0.929571 -0.205161 0.306278
vn -0.976209 -0.084783 -0.199567
vn -0.718678 -0.608383 -0.336708
vn -0.327416 -0.853932 0.404474
vn 0.260957 -0.932032 0.251430
vn 0.085230 -0.938551 -0.334453
vn -0.405960 -0.774075 -0.485803
vn 0.876525 0.454667 -0.158055
vn 0.792208 0.598520 0.119080
vn 0.094154 0.893317 -0.439454
vn 0.031836 0.879981 0.473941
vn -0.391542 0.793634 -0.465661
vn -0.975758 0.196940 -0.095457
vn -0.901894 0.379758 0.205841
vn -0.875719 -0.450421 -0.173890
vn -0.784151 -0.594137 0.179188
vn -0.094335 -0.892048 -0.441985
vn -0.002008 -0.894056 0.447951
vn 0.393706 -0.791549 -0.467382
vn 0.976833 -0.198561 -0.079814
vn 0.915445 -0.377339 0.139912
vn 0.511131 0.012688 0.859409
vn -0.300805 -0.168111 -0.938752
vn 0.296393 0.166917 -0.940367
vn -0.429361 -0.073331 0.900151
vn -0.216265 -0.976167 0.018102
vn -0.353310 -0.554978 0.753108
vn 0.388520 0.246187 0.887944
vn 0.470013 -0.852379 0.229210
vn 0.215370 -0.946815 -0.239076
vn 0.630671 -0.685014 -0.364705
vn -0.214358 -0.526009 -0.823022
vn 0.887284 -0.428267 0.171212
vn 0.367067 0.914969 0.167611
vn 0.821585 0.527204 0.216921
vn 0.904815 0.253444 -0.342165
vn 0.583446 0.804624 -0.110324
vn 0.720445 -0.206942 -0.661917
vn 0.105558 0.561015 -0.821048
vn -0.584897 -0.807689 -0.074396
vn -0.700624 0.470830 0.536139
vn -0.356513 0.851524 0.384454
vn -0.267993 0.944398 -0.190508
vn -0.709810 0.620143 -0.334055
vn -0.874804 0.189587 0.445841
vn -0.875179 -0.396426 0.277325
vn -0.928189 -0.248411 -0.277050
vn -0.818961 0.281882 -0.499846
vn -0.537958 0.842686 0.021954
vn -0.143396 0.640079 0.754809
vn -0.101934 -0.450698 0.886838
vn -0.937161 0.260183 0.232452
vn -0.824801 0.510037 -0.244060
vn -0.928879 0.032832 -0.368926
vn -0.213547 0.524300 -0.824322
vn -0.930781 -0.323093 0.171048
vn 0.386784 -0.906976 0.166713
vn -0.215593 -0.952138 0.216687
vn -0.465314 -0.814872 -0.345641
vn 0.151219 -0.981875 -0.114253
vn -0.653972 -0.363277 -0.663589
vn 0.320078 -0.468158 -0.823637
vn -0.152640 0.985586 -0.072944
vn 0.828544 0.161199 0.536218
vn 0.853722 -0.352143 0.383606
vn 0.857662 -0.477150 -0.191685
vn 0.940004 0.064372 -0.335036
vn 0.751197 0.486800 0.445790
vn 0.338045 0.899521 0.276743
vn 0.480598 0.832973 -0.274194
vn 0.778062 0.381236 -0.499277
vn 0.867703 0.490501 0.080625
vn 0.545719 0.138893 0.826377
vn -0.114795 0.780950 0.613953
vn 0.373626 0.883703 0.281907
vn 0.575053 0.788292 -0.218882
vn -0.118845 0.954618 -0.273094
vn 0.486308 0.270375 -0.830904
vn -0.472072 0.820494 0.322394
vn -0.556272 -0.105488 0.824278
vn -0.860077 -0.503971 0.079247
vn -0.906641 0.346789 0.240290
vn -0.818182 0.465053 -0.338088
vn -0.983711 -0.143381 -0.108417
vn -0.383047 0.698348 -0.604637
vn -0.488373 -0.317281 -0.812911
vn 0.970110 0.206484 -0.127482
vn 0.149803 -0.827795 0.540661
vn -0.390315 -0.870886 0.298684
vn -0.509169 -0.837322 -0.199094
vn 0.065383 -0.939893 -0.335151
vn 0.497267 -0.768323 0.402996
vn 0.909980 -0.330135 0.250892
vn 0.811327 -0.481103 -0.332097
vn 0.384820 -0.785620 -0.484473
vn 0.095860 0.992362 0.077644
vn 0.222510 0.529436 0.818649
vn -0.718381 0.385807 0.578862
vn -0.484993 0.828868 0.278854
vn -0.299023 0.921406 -0.248187
vn -0.824080 0.467845 -0.319395
vn 0.115654 0.550495 -0.826789
vn -0.955462 0.108782 0.274334
vn -0.280631 -0.487287 0.826921
vn -0.167809 -0.978380 0.120879
vn -0.794120 -0.567440 0.217683
vn -0.858234 -0.382579 -0.342152
vn -0.476850 -0.871949 -0.110986
vn -0.764402 0.098039 -0.637242
vn -0.022525 -0.580017 -0.814293
vn 0.416335 0.903282 -0.103667
vn 0.768902 -0.367244 0.523375
vn 0.480442 -0.810127 0.335962
vn 0.374998 -0.905943 -0.196581
vn 0.797475 -0.502786 -0.333525
vn 0.911725 -0.052818 0.407392
vn 0.803266 0.538595 0.254321
vn 0.878297 0.378859 -0.291650
vn 0.870467 -0.153912 -0.467546
vn 0.672046 0.736458 0.077361
vn 0.473870 0.304306 0.826345
vn -0.354533 0.706752 0.612216
vn 0.083176 0.957333 0.276760
vn 0.309265 0.925714 -0.217735
vn -0.408053 0.870687 -0.274583
vn 0.380410 0.406958 -0.830466
vn -0.704193 0.632786 0.322016
vn -0.492302 -0.270829 0.827218
vn -0.659358 -0.747334 0.082092
vn -0.969720 0.047037 0.239648
vn -0.921608 0.187314 -0.339929
vn -0.890823 -0.440842 -0.109971
vn -0.581887 0.541366 -0.606902
vn -0.363206 -0.451235 -0.815149
vn 0.858758 0.496022 -0.128439
vn 0.405412 -0.735988 0.542183
vn -0.090013 -0.948108 0.304942
vn -0.217492 -0.955001 -0.201666
vn 0.359392 -0.870182 -0.337076
vn 0.708364 -0.576725 0.406950
vn 0.965876 -0.038971 0.256057
vn 0.920336 -0.207583 -0.331499
vn 0.612750 -0.624354 -0.484478
vn 0.302269 0.946326 0.114456
vn 0.096971 0.912170 0.398174
vn -0.416809 -0.887446 0.196748
vn -0.696264 -0.663099 0.274801
vn 0.622618 -0.773643 0.117573
vn -0.310785 -0.825253 0.471561
vn 0.600773 0.795145 0.082565
vn 0.408246 0.717991 0.563758
vn 0.638927 -0.303818 0.706729
vn -0.952841 -0.020828 0.302755
vn 0.819131 -0.525286 0.230433
vn -0.275108 -0.720393 0.636670
vn -0.238923 -0.393120 0.887903
vn -0.232624 0.295578 0.926563
vn 0.429088 0.413407 0.803105
vn 0.579594 0.650308 0.491091
vn -0.718802 -0.446859 0.532579
vn -0.235938 0.867885 0.437159
vn 0.663972 0.170479 0.728064
vn -0.554896 0.041579 0.830880
vn -0.672827 -0.299553 0.676441
vn 0.963943 0.104403 0.244772
vn -0.828812 -0.066664 -0.555542
vn 0.318641 0.816027 0.482253
vn -0.963221 -0.254930 0.084944
vn -0.112828 0.863798 0.491043
vn -0.389477 0.089500 0.916677
vn 0.140446 -0.055921 0.988508
vn 0.279393 0.733394 0.619736
vn -0.521391 0.561593 0.642468
vn -0.842034 -0.255913 0.474856
vn -0.456138 -0.587598 0.668331
vn 0.162488 -0.776341 0.609009
vn -0.028554 0.884652 -0.465376
vn -0.480000 0.871264 -0.102461
vn -0.696670 0.714088 0.068771
vn 0.622673 -0.663361 0.415007
vn -0.573174 -0.668719 0.473588
vn 0.659139 0.620337 0.425109
vn -0.486458 0.864493 0.126534
vn -0.419609 0.440330 0.793749
vn -0.880595 0.359264 0.309000
vn -0.146877 -0.138721 0.979379
vn 0.640593 -0.315390 -0.700121
vn 0.149179 -0.950349 0.273096
vn 0.498213 -0.810726 0.307420
vn 0.613428 -0.699067 0.367440
vn 0.742186 0.236363 -0.627131
vn -0.273736 -0.830516 -0.485089
vn -0.263309 -0.685698 0.678592
vn -0.036456 -0.979262 0.199293
vn -0.399054 0.634975 -0.661485
vn -0.940100 -0.300620 0.160746
vn -0.841655 0.000294 -0.540016
vn 0.526062 0.347648 0.776144
vn 0.253425 0.960620 0.113949
vn -0.106795 0.659494 -0.744085
vn 0.409869 -0.743130 -0.528929
vn -0.892791 0.450215 -0.015181
vn -0.940090 0.117701 0.319964
vn -0.986277 0.144395 0.080049
vn -0.422696 -0.814213 0.397976
vn 0.984766 0.013839 0.173335
vn 0.347769 0.359816 -0.865788
vn 0.327630 0.033867 -0.944199
vn 0.253302 0.609141 0.751522
vn -0.709603 -0.669201 0.220528
vn 0.311223 -0.093235 0.945752
vn 0.911499 0.157551 -0.379931
vn 0.035132 0.699180 -0.714082
vn 0.870488 0.025269 -0.491540
vn -0.035078 0.952328 0.303053
vn -0.739610 -0.370396 0.561946
vn 0.919075 0.080155 0.385844
vn -0.548591 -0.752040 -0.365355
vn -0.092800 -0.995629 0.010535
vn 0.024353 -0.817085 -0.576003
vn 0.156342 -0.552257 -0.818883
vn 0.842860 -0.454071 -0.288801
vn 0.525401 0.623182 -0.579308
vn 0.325144 0.350004 -0.878510
vn 0.194787 0.956919 -0.215322
vn -0.710920 0.363466 -0.602068
vn -0.443833 0.166039 -0.880593
vn -0.961539 -0.267620 -0.061828
vn -0.496293 -0.388775 0.776239
vn 0.871017 0.179821 0.457158
vn 0.483671 0.762581 -0.429572
vn 0.012478 0.518808 -0.854800
vn 0.275764 -0.679406 -0.679972
vn 0.525568 -0.621738 -0.580707
vn -0.839290 0.523471 -0.146865
vn 0.037715 0.135176 -0.990104
vn -0.583190 -0.692870 -0.424051
vn 0.080795 -0.832097 -0.548713
vn -0.172061 -0.901408 0.397315
vn 0.396243 -0.900113 -0.181072
vn 0.255988 0.579191 -0.773956
vn -0.577391 0.693255 -0.431298
vn 0.878128 -0.425814 0.218113
vn 0.131990 -0.943071 0.305279
vn 0.830140 -0.552395 0.075683
vn 0.373365 -0.422222 0.826031
vn 0.645693 0.458515 0.610610
vn 0.958978 0.064956 0.275939
vn 0.961347 -0.162676 -0.222146
vn 0.796783 0.537028 -0.277016
vn 0.454918 -0.311400 -0.834314
vn 0.516479 0.793820 0.321091
vn -0.341270 0.446790 0.826991
vn -0.838849 0.537650 0.085232
vn -0.093200 0.966295 0.239973
vn 0.048328 0.939303 -0.339668
vn -0.565178 0.817446 -0.111156
vn 0.438357 0.663529 -0.606278
vn -0.500575 0.294015 -0.814236
vn 0.617038 -0.775493 -0.133699
vn -0.666751 -0.510859 0.542647
vn -0.950158 -0.056274 0.306647
vn -0.977535 0.067659 -0.199621
vn -0.805601 -0.488129 -0.335763
vn -0.458234 -0.790362 0.406632
vn 0.110585 -0.961108 0.253064
vn -0.063820 -0.940507 -0.333727
vn -0.522655 -0.701209 -0.484910
vn 0.735541 -0.673013 0.077671
vn 0.303897 -0.473271 0.826838
vn 0.710432 0.350365 0.610353
vn 0.957481 -0.081665 0.276696
vn 0.924920 -0.307993 -0.222853
vn 0.870588 0.406458 -0.277253
vn 0.400291 -0.378956 -0.834362
vn 0.633188 0.703900 0.321865
vn -0.267835 0.493699 0.827361
vn -0.744068 0.662321 0.087709
vn 0.050287 0.969208 0.241053
vn 0.189767 0.921373 -0.339206
vn -0.434793 0.893797 -0.109918
vn 0.538474 0.585524 -0.605976
vn -0.450667 0.368535 -0.813069
vn 0.491442 -0.860806 -0.132278
vn -0.739378 -0.398526 0.542676
vn -0.946495 0.096083 0.308082
vn -0.954415 0.222671 -0.198769
vn -0.872885 -0.354581 -0.335177
vn -0.578337 -0.707212 0.406667
vn -0.039584 -0.966448 0.253793
vn -0.210903 -0.918996 -0.333116
vn -0.628129 -0.609382 -0.483846
vn -0.368599 -0.929379 0.019751
vn -0.435076 -0.492526 0.753742
vn 0.422926 0.182157 0.887667
vn 0.333946 -0.913955 0.230579
vn 0.066712 -0.968365 -0.240455
vn 0.517499 -0.773532 -0.365846
vn -0.296288 -0.484983 -0.822803
vn 0.810804 -0.559639 0.171466
vn 0.504165 0.847118 0.167955
vn 0.894167 0.391829 0.216644
vn 0.932628 0.107707 -0.344389
vn 0.703222 0.701955 -0.112861
vn 0.679312 -0.315268 -0.662677
vn 0.191754 0.536093 -0.822092
vn -0.705787 -0.704719 -0.072358
vn -0.617777 0.574719 0.536703
vn -0.218237 0.897101 0.384164
vn -0.115774 0.974904 -0.190156
vn -0.601991 0.724900 -0.334853
vn -0.834934 0.321893 0.446396
vn -0.925823 -0.256685 0.277426
vn -0.955920 -0.103489 -0.274786
vn -0.765188 0.404856 -0.500579
vn -0.858186 0.512885 0.021580
vn -0.415870 0.508310 0.754104
vn 0.115103 -0.446616 0.887291
vn -0.954344 -0.187394 0.232616
vn -0.966216 0.084318 -0.243550
vn -0.843812 -0.390623 -0.367960
vn -0.428012 0.368896 -0.825058
vn -0.680576 -0.712337 0.171445
vn 0.756086 -0.632664 0.167539
vn 0.243419 -0.945592 0.215877
vn -0.045925 -0.937112 -0.345993
vn 0.578014 -0.807841 -0.115295
vn -0.420121 -0.619918 -0.662722
vn 0.496536 -0.273443 -0.823821
vn -0.580916 0.810504 -0.074966
vn 0.667047 0.517133 0.536304
vn 0.920617 0.072834 0.383613
vn 0.980816 -0.037817 -0.191234
vn 0.810496 0.480488 -0.335005
vn 0.451468 0.772726 0.446174
vn -0.104928 0.954999 0.277430
vn 0.055046 0.959400 -0.276626
vn 0.522577 0.691064 -0.499343
vn 0.990156 -0.118718 0.074141
vn 0.528322 -0.208202 0.823121
vn 0.367172 0.700320 0.612157
vn 0.826994 0.490313 0.275091
vn 0.930303 0.293314 -0.220234
vn 0.464321 0.842446 -0.273295
vn 0.551552 -0.067531 -0.831402
vn 0.099889 0.940671 0.324283
vn -0.508182 0.238314 0.827622
vn -0.991769 0.095537 0.085249
vn -0.527542 0.813895 0.243462
vn -0.389419 0.857527 -0.336154
vn -0.878934 0.464817 -0.106863
vn 0.095015 0.791428 -0.603833
vn -0.580309 0.033608 -0.813702
vn 0.906093 -0.402677 -0.129794
vn -0.363886 -0.758203 0.541031
vn -0.819811 -0.485118 0.304255
vn -0.900190 -0.385740 -0.202145
vn -0.492574 -0.802113 -0.337618
vn -0.045965 -0.913378 0.404509
vn 0.544623 -0.800442 0.250356
vn 0.377780 -0.864096 -0.332597
vn -0.148557 -0.861757 -0.485083
vn -0.636330 -0.771159 0.019954
vn -0.565676 -0.334713 0.753643
vn 0.461013 0.046965 0.886150
vn 0.037113 -0.972249 0.230985
vn -0.234011 -0.941717 -0.241675
vn 0.254930 -0.894404 -0.367493
vn -0.430039 -0.367955 -0.824424
vn 0.603184 -0.778844 0.171964
vn 0.741657 0.649774 0.166549
vn 0.971122 0.101879 0.215737
vn 0.920544 -0.183249 -0.344991
vn 0.885043 0.451402 -0.113731
vn 0.549196 -0.508404 -0.663257
vn 0.345626 0.448760 -0.824110
vn -0.888736 -0.452452 -0.073721
vn -0.411466 0.737023 0.536183
vn 0.067343 0.921030 0.383627
vn 0.186470 0.963159 -0.193786
vn -0.355616 0.871912 -0.336609
vn -0.694445 0.564641 0.446012
vn -0.959893 0.041261 0.277314
vn -0.939933 0.199994 -0.276639
vn -0.602117 0.622169 -0.500361
vn 0.047034 -0.006686 0.998871
vn 0.731167 0.256826 0.632009
vn -0.058907 -0.015488 0.998143
vn -0.005263 -0.080940 0.996705
vn 0.026160 -0.031568 0.999159
vn -0.462926 -0.530860 0.709850
vn 0.034203 0.045166 0.998394
vn -0.033681 0.080885 0.996154
vn -0.028835 0.071346 0.997035
vn 0.001096 -0.002989 0.999995
vn -0.038418 -0.049841 0.998018
vn -0.044474 -0.045111 0.997992
vn -0.013645 -0.008174 0.999873
vn 0.026020 -0.048587 0.998480
vn 0.007021 -0.025806 0.999642
vn 0.021685 0.005499 0.999750
vn 0.048103 0.005670 0.998826
vn 0.228646 0.028427 0.973094
vn 0.104354 0.018791 0.994363
vn -0.012337 -0.018259 0.999757
vn 0.021591 0.028885 0.999350
vn 0.028796 0.127178 0.991462
vn 0.016064 0.043682 0.998916
vn -0.044668 0.063397 0.996988
vn -0.029801 0.048677 0.998370
vn -0.053857 0.007255 0.998522
vn -0.074329 0.009434 0.997189
vn -0.060976 0.013825 0.998043
vn 0.498294 0.529364 0.686642
vn 0.710484 0.481329 0.513356
vn 0.692198 0.715317 -0.095830
vn 0.268203 0.656542 0.704996
vn 0.052478 0.662175 0.747509
vn 0.218823 0.973005 -0.073339
vn -0.093175 0.669399 0.737037
vn -0.289140 0.641299 0.710728
vn -0.487511 0.515436 0.704741
vn -0.551200 0.828589 -0.098077
vn -0.624304 0.368282 0.688921
vn -0.785767 0.618306 -0.016358
vn -0.756224 0.118183 0.643551
vn -0.786157 -0.221161 0.577100
vn -0.993800 -0.108798 -0.022887
vn -0.496993 -0.288473 0.818402
vn -0.682006 -0.507082 0.527007
vn -0.323145 -0.727759 0.604933
vn -0.051355 -0.540168 0.839989
vn 0.168743 -0.753799 0.635069
vn 0.325546 -0.582554 0.744749
vn 0.437356 -0.888044 -0.141767
vn 0.403428 -0.377916 0.833322
vn 0.749747 -0.509876 0.421789
vn 0.674852 -0.733888 -0.077355
vn 0.648143 -0.278188 0.708888
vn 0.913631 -0.388335 -0.120308
vn 0.641203 -0.146990 0.753162
vn 0.674706 0.013076 0.737971
vn 0.984356 -0.172614 -0.035323
vn 0.837135 0.516508 -0.180069
vn -0.327044 -0.001998 0.945007
vn -0.608596 0.259684 0.749783
vn 0.855338 0.360076 -0.372480
vn -0.167449 -0.148239 -0.974672
vn -0.026395 0.008250 -0.999618
vn -0.972320 -0.233268 0.013379
vn -0.965595 -0.260040 -0.002251
vn -0.525984 -0.248658 -0.813332
vn -0.921990 -0.202542 -0.330016
vn -0.984225 -0.176784 0.007031
vn -0.988589 -0.142866 0.047753
vn -0.838108 0.003592 -0.545493
vn -0.996894 -0.078749 -0.000672
vn -0.999424 -0.033907 -0.001518
vn 0.422643 0.015168 -0.906169
vn -0.898652 -0.412485 -0.149269
vn -0.899210 -0.437354 -0.011949
vn -0.890993 -0.454017 -0.000643
vn -0.852037 -0.523196 -0.017310
vn -0.809004 -0.587802 -0.000623
vn -0.820676 -0.534193 -0.202803
vn -0.677674 -0.704636 -0.210348
vn -0.763294 -0.645523 -0.026108
vn -0.707107 -0.707107 -0.000677
vn -0.679825 -0.733135 -0.018767
vn -0.587690 -0.809086 -0.000651
vn -0.628038 -0.750254 -0.206608
vn 0.131264 -0.094403 -0.986842
vn 0.069921 0.025199 -0.997234
vn -0.394120 -0.895625 -0.206217
vn -0.530360 -0.847303 -0.028195
vn -0.454023 -0.890990 -0.000643
vn -0.252825 -0.967032 -0.030489
vn -0.308955 -0.951076 -0.000651
vn -0.144572 -0.968848 -0.201077
vn -0.002001 0.085800 -0.996310
vn -0.214355 -0.962963 -0.163565
vn -0.244867 -0.969520 -0.008459
vn -0.156571 -0.987667 -0.000630
vn -0.003758 -0.999607 -0.027765
vn 0.000009 -1.000000 -0.000623
vn 0.140580 -0.969722 -0.199690
vn -0.116275 -0.113718 -0.986686
vn 0.198583 -0.430676 -0.880388
vn 0.310170 -0.941204 -0.133904
vn 0.224091 -0.974346 -0.020820
vn 0.156588 -0.987664 -0.000630
vn 0.177861 -0.828157 -0.531527
vn 0.236421 -0.971650 -0.001191
vn 0.308882 -0.951100 -0.000651
vn 0.102746 -0.973879 -0.202494
vn 0.074848 -0.360035 -0.929931
vn 0.373092 -0.903656 -0.210257
vn 0.262441 -0.964455 -0.030835
vn 0.454009 -0.890997 -0.000643
vn 0.436186 -0.899493 -0.025563
vn 0.587803 -0.809004 -0.000652
vn 0.473737 -0.852971 -0.219123
vn 0.104859 -0.413404 -0.904490
vn 0.673378 -0.714732 -0.188998
vn 0.556143 -0.830554 -0.029736
vn 0.707115 -0.707098 -0.000644
vn 0.725938 -0.687505 -0.018763
vn 0.809004 -0.587803 -0.000623
vn 0.798809 -0.579077 -0.163015
vn 0.900674 -0.394801 -0.181437
vn 0.884175 -0.466736 -0.019794
vn 0.890997 -0.454009 -0.000643
vn 0.936393 -0.350505 -0.017714
vn 0.951100 -0.308882 -0.000651
vn 0.924750 -0.328894 -0.191486
vn 0.959814 -0.199750 -0.197120
vn 0.962618 -0.269949 -0.022235
vn 0.987667 -0.156570 -0.000637
vn 0.987852 -0.153900 -0.021531
vn 1.000000 -0.000009 -0.000623
vn 0.963372 -0.143885 -0.226301
vn 0.970573 0.130819 -0.202172
vn 0.998009 -0.054212 -0.032240
vn 0.987667 0.156570 -0.000539
vn 0.970772 0.238885 -0.023146
vn 0.951076 0.308956 -0.000295
vn 0.922137 0.334351 -0.194607
vn 0.382664 0.222415 -0.896716
vn 0.860731 0.471866 -0.191008
vn 0.905064 0.424713 -0.021851
vn 0.890997 0.454009 0.000075
vn 0.866223 0.499370 -0.016926
vn 0.809012 0.587792 0.000556
vn 0.829372 0.525967 -0.188418
vn 0.729825 0.659398 -0.180415
vn 0.806821 0.590454 -0.020071
vn 0.707115 0.707097 0.001145
vn 0.689278 0.724284 -0.017555
vn 0.587651 0.809113 0.001663
vn 0.613797 0.767680 -0.184174
vn 0.091891 0.111149 -0.989546
vn 0.423233 0.889340 -0.173057
vn 0.544963 0.838255 -0.018528
vn 0.454009 0.890995 0.002159
vn 0.317759 0.948019 -0.017015
vn 0.309081 0.951032 0.002564
vn 0.268846 0.944342 -0.189581
vn -0.010933 0.186948 -0.982309
vn 0.032261 0.632556 -0.773843
vn 0.029987 0.983586 -0.177931
vn 0.171081 0.985017 -0.021753
vn 0.156370 0.987695 0.002755
vn 0.058028 0.998306 -0.004214
vn 0.000009 0.999996 0.002852
vn -0.004645 0.995179 -0.097963
vn 0.084173 -0.435247 -0.896368
vn -0.057661 0.971911 -0.228176
vn -0.108676 0.994045 -0.007942
vn -0.156353 0.987697 0.002755
vn -0.285019 0.958038 -0.030451
vn -0.309155 0.951008 0.002564
vn -0.430814 0.863690 -0.261609
vn -0.405731 0.893919 -0.190502
vn -0.389085 0.921092 -0.014217
vn -0.454023 0.890988 0.002159
vn -0.481786 0.876062 -0.019931
vn -0.587539 0.809194 0.001664
vn -0.531052 0.821674 -0.206967
vn -0.711679 0.673715 -0.199054
vn -0.635231 0.771926 -0.024735
vn -0.707107 0.707106 0.001112
vn -0.748458 0.662979 -0.016388
vn -0.809012 0.587791 0.000557
vn -0.701087 0.669514 -0.245413
vn 0.437357 -0.221440 -0.871598
vn -0.876889 0.427732 -0.219343
vn -0.809355 0.586520 -0.030636
vn -0.890993 0.454016 0.000075
vn -0.906950 0.420834 -0.018465
vn -0.951076 0.308956 -0.000295
vn -0.882546 0.416474 -0.218317
vn 0.092260 0.115483 -0.989016
vn -0.927522 0.070457 -0.367068
vn -0.938209 0.344791 -0.029722
vn -0.987701 0.156351 -0.000539
vn -0.762960 0.005634 -0.646421
vn -0.997791 0.066426 0.000126
vn -0.744133 -0.630243 -0.221496
vn -0.288333 -0.267063 -0.919533
vn 0.486376 0.873396 -0.024872
vn -0.019461 0.997196 -0.072264
vn -0.192736 -0.799146 -0.569402
vn -0.229664 0.946892 -0.225057
vn 0.012449 0.044923 -0.998913
vn -0.742682 0.514412 -0.428722
vn 0.130335 -0.012448 -0.991392
vn -0.900360 0.413172 -0.136532
vn 0.265614 -0.156361 -0.951315
vn 0.420286 -0.156546 -0.893786
vn 0.377192 -0.119073 -0.918449
vn -0.960126 0.229170 -0.160124
vn -0.902176 -0.417871 -0.107067
vn -0.102586 -0.113813 -0.988192
vn -0.004014 0.006409 -0.999971
vn 0.125065 0.023174 -0.991878
vn 0.401302 0.226749 -0.887435
vn 0.130829 0.062032 -0.989462
vn -0.583366 -0.795442 -0.164181
vn -0.002072 0.150828 -0.988558
vn -0.401702 -0.876952 -0.263799
vn -0.228401 -0.962045 -0.149339
vn 0.015767 -0.915440 -0.402145
vn -0.012425 0.536503 -0.843807
vn -0.179031 0.247915 -0.952096
vn -0.170432 0.385147 -0.906981
vn -0.217824 0.264418 -0.939487
vn 0.019157 -0.056355 -0.998227
vn -0.324667 0.157523 -0.932619
vn 0.998213 0.059039 -0.009217
vn 0.694991 0.193836 -0.692398
vn 0.000731 -0.001224 0.999999
vn -0.394440 0.918700 0.020192
vn -0.036527 0.655888 0.753974
vn -0.170893 -0.426885 0.888011
vn -0.880041 0.414727 0.231365
vn -0.727562 0.642655 -0.240099
vn -0.911879 0.186486 -0.365651
vn -0.131862 0.552492 -0.823022
vn -0.970117 -0.172222 0.170915
vn 0.235863 -0.957152 0.168015
vn -0.356891 -0.908592 0.217000
vn -0.588228 -0.733332 -0.340900
vn -0.006777 -0.994000 -0.109167
vn -0.705173 -0.251631 -0.662882
vn 0.235013 -0.514573 -0.824611
vn 0.003095 0.997274 -0.073719
vn 0.843489 0.025011 0.536564
vn 0.787093 -0.482312 0.384525
vn 0.771479 -0.604883 -0.197324
vn 0.935822 -0.085508 -0.341944
vn 0.820015 0.359135 0.445642
vn 0.477988 0.833496 0.277149
vn 0.605893 0.746144 -0.275976
vn 0.827479 0.251053 -0.502245
vn 0.976452 0.201030 0.078284
vn 0.563365 -0.031856 0.825594
vn 0.134223 0.779346 0.612048
vn 0.629667 0.725585 0.277571
vn 0.788775 0.574380 -0.218909
vn 0.179404 0.945249 -0.272615
vn 0.545154 0.107478 -0.831418
vn -0.201208 0.925155 0.321875
vn -0.558268 0.070560 0.826655
vn -0.971673 -0.220956 0.083839
vn -0.753007 0.613260 0.238523
vn -0.632038 0.697036 -0.338628
vn -0.978467 0.173925 -0.111139
vn -0.156129 0.782376 -0.602919
vn -0.560062 -0.147795 -0.815161
vn 0.985862 -0.106107 -0.129681
vn -0.108287 -0.833667 0.541546
vn -0.629231 -0.715129 0.304397
vn -0.735598 -0.647132 -0.200288
vn -0.222540 -0.915041 -0.336416
vn 0.237629 -0.882906 0.404980
vn 0.760955 -0.597523 0.252812
vn 0.623401 -0.707915 -0.332005
vn 0.128378 -0.865057 -0.484969
vn -0.929518 0.368232 0.020044
vn -0.491647 0.434876 0.754431
vn 0.182946 -0.422439 0.887737
vn -0.913230 -0.335688 0.230923
vn -0.967910 -0.069956 -0.241363
vn -0.772228 -0.519233 -0.366143
vn -0.482356 0.295757 -0.824537
vn -0.559926 -0.810540 0.171780
vn 0.847356 -0.503763 0.167958
vn 0.391799 -0.894108 0.216942
vn 0.108814 -0.934166 -0.339843
vn 0.699976 -0.705849 -0.108679
vn -0.315739 -0.679416 -0.662347
vn 0.533808 -0.194882 -0.822843
vn -0.701975 0.708282 -0.074623
vn 0.573618 0.619347 0.536071
vn 0.896118 0.221728 0.384461
vn 0.973526 0.121018 -0.193913
vn 0.721092 0.603931 -0.339548
vn 0.326105 0.833435 0.446141
vn -0.249973 0.927357 0.278430
vn -0.095851 0.956183 -0.276635
vn 0.404564 0.764498 -0.501867
vn -0.752015 -0.658848 0.019815
vn -0.612030 -0.240408 0.753407
vn 0.460124 -0.028492 0.887397
vn -0.120269 -0.965674 0.230238
vn -0.383176 -0.892024 -0.239725
vn 0.106619 -0.924646 -0.365598
vn -0.485761 -0.297849 -0.821780
vn 0.470634 -0.865444 0.171788
vn 0.833054 0.527013 0.168161
vn 0.974615 -0.058778 0.216035
vn 0.877554 -0.330318 -0.347546
vn 0.946098 0.301946 -0.117166
vn 0.462687 -0.588810 -0.662740
vn 0.412086 0.388243 -0.824289
vn -0.948895 -0.307313 -0.071812
vn -0.287046 0.793842 0.536116
vn 0.211958 0.898844 0.383605
vn 0.337150 0.921842 -0.191150
vn -0.207233 0.919041 -0.335289
vn -0.597137 0.666611 0.446158
vn -0.941337 0.191720 0.277721
vn -0.899346 0.341009 -0.273660
vn -0.498323 0.708249 -0.500058
vn 0.488165 -0.869451 0.075824
vn 0.143496 -0.546522 0.825059
vn 0.783566 0.112417 0.611053
vn 0.883062 -0.380920 0.274047
vn 0.783173 -0.580315 -0.223326
vn 0.953283 0.117883 -0.278128
vn 0.263547 -0.482208 -0.835475
vn 0.818628 0.475310 0.322380
vn -0.104748 0.552291 0.827045
vn -0.505003 0.859005 0.084161
vn 0.349942 0.905165 0.241282
vn 0.462868 0.818931 -0.339272
vn -0.138040 0.984322 -0.109795
vn 0.690039 0.393045 -0.607751
vn -0.317044 0.490547 -0.811694
vn 0.201377 -0.970474 -0.132770
vn -0.825249 -0.153737 0.543442
vn -0.870979 0.384753 0.305551
vn -0.838364 0.508339 -0.196818
vn -0.940327 -0.067097 -0.333590
vn -0.765722 -0.497653 0.407445
vn -0.332899 -0.908050 0.254213
vn -0.482161 -0.810190 -0.333336
vn -0.784081 -0.387865 -0.484539
vn 0.432365 -0.892129 -0.131021
vn 0.242544 -0.941258 0.234960
vn 0.825637 -0.332988 0.455458
vn 0.886090 0.074667 -0.457460
vn 0.526263 0.843355 -0.108627
vn 0.668733 0.714616 0.205230
vn -0.427214 0.893034 -0.141341
vn -0.246503 0.940537 0.233721
vn -0.836405 0.329769 0.437811
vn -0.887928 -0.074791 -0.453862
vn -0.529036 -0.843152 -0.096001
vn -0.674268 -0.712833 0.192952
vn -0.145685 -0.441644 0.885283
vn 0.047023 0.501500 -0.863879
vn -0.054030 -0.503763 -0.862151
vn 0.116636 0.445741 0.887531
vn -0.843924 -0.536102 0.019640
vn -0.641624 -0.143083 0.753556
vn 0.448237 -0.103526 0.887900
vn -0.266655 -0.935993 0.229811
vn -0.514812 -0.822909 -0.240393
vn -0.036279 -0.930158 -0.365362
vn -0.525393 -0.219294 -0.822114
vn 0.321236 -0.931450 0.170906
vn 0.905446 0.389781 0.168046
vn 0.952160 -0.214561 0.217612
vn 0.813103 -0.467452 -0.346918
vn 0.981621 0.152206 -0.115121
vn 0.361359 -0.656149 -0.662486
vn 0.467300 0.319857 -0.824210
vn -0.984986 -0.157074 -0.071624
vn -0.161154 0.828479 0.536332
vn 0.348657 0.854901 0.384166
vn 0.475346 0.858614 -0.191904
vn -0.063910 0.939886 -0.335456
vn -0.486275 0.751271 0.446238
vn -0.900300 0.335386 0.277447
vn -0.835502 0.476365 -0.273885
vn -0.380875 0.777846 -0.499890
vn -0.045913 -0.998847 -0.013996
vn 0.098591 -0.994884 0.022027
vn -0.110659 -0.993248 0.034818
vn 0.143677 -0.618416 0.772605
vn -0.171555 -0.557968 0.811936
vn -0.179790 -0.878009 0.443593
vn -0.003591 -0.004423 0.999984
vn -0.065646 0.046922 0.996739
vn 1.000000 0.000037 0.000862
vn 0.070319 -0.563614 0.823040
vn -0.061840 -0.123513 0.990414
vn 0.055112 -0.998443 0.008650
vn -0.154388 -0.984019 0.088715
vn -0.005714 -0.579185 0.815176
vn -0.017843 -0.999705 -0.016481
vn 0.076490 -0.996966 0.014405
vn -0.137011 0.608602 0.781557
vn -0.010238 0.476639 0.879039
vn 0.038857 0.001568 0.999244
vn 0.057651 0.262529 0.963200
vn -0.861944 0.030189 -0.506104
vn -0.117084 -0.990612 -0.070562
vn 0.304836 -0.950653 0.057742
vn -0.026816 -0.029379 0.999209
vn -0.880625 0.019064 0.473429
vn -0.547407 0.001493 -0.836865
vn -0.296385 -0.145884 -0.943861
vn -0.038887 0.009498 -0.999198
vn -0.022171 0.008790 -0.999716
vn -0.003327 -0.006803 -0.999971
vn -0.037930 0.012332 -0.999204
vn -0.039739 0.009864 -0.999161
vn -0.124097 0.078723 -0.989142
vn -0.073509 0.053158 -0.995877
vn -0.143372 0.969704 -0.197784
vn -0.135017 0.971550 -0.194580
vn -0.128834 0.970714 -0.202773
vn -0.208809 0.927540 -0.309948
vn -0.193495 0.944818 -0.264347
vn -0.050244 0.920511 -0.387474
vn -0.032837 0.948101 -0.316269
vn 0.000141 0.983949 -0.178451
vn -0.020144 0.021264 -0.999571
vn -0.087305 0.049366 -0.994958
vn -0.116881 0.467027 -0.876484
vn -0.197629 0.264636 -0.943881
vn -0.012174 0.017601 -0.999771
vn -0.017663 0.023884 -0.999559
vn 0.004912 0.060740 -0.998142
vn -0.000885 0.005253 -0.999986
vn -0.001347 0.005108 -0.999986
vn -0.464882 0.775874 -0.426503
vn -0.032950 0.109637 -0.993425
vn 0.130652 0.452465 -0.882160
vn -0.021457 0.557761 -0.829724
vn -0.055658 0.858811 -0.509261
vn 0.113741 0.967034 -0.227832
vn -0.325444 0.908709 -0.261407
vn -0.236085 0.950892 -0.200171
vn -0.095975 0.957889 -0.270625
vn -0.000861 0.104618 -0.994512
vn -0.006295 0.105566 -0.994392
vn -0.095069 0.905834 -0.412827
vn -0.097013 0.901836 -0.421046
vn -0.119559 0.959548 -0.254900
vn -0.115310 0.952536 -0.281743
vn 0.122462 0.018785 -0.992295
vn 0.163485 0.010084 -0.986494
vn 0.126559 0.003846 -0.991952
vn 0.607838 0.163987 -0.776943
vn 0.070924 0.003275 -0.997476
vn 0.041648 0.013583 -0.999040
vn 0.065271 0.036016 -0.997217
vn 0.076811 0.049519 -0.995815
vn 0.491709 0.778424 -0.390228
vn 0.197367 0.948792 -0.246657
vn 0.162437 0.958489 -0.234335
vn 0.063128 0.987734 -0.142816
vn 0.170109 0.936230 -0.307467
vn 0.149574 0.960639 -0.234096
vn 0.011564 0.986247 -0.164871
vn 0.018112 0.985125 -0.170880
vn 0.116799 0.925964 -0.359095
vn 0.006657 0.985941 -0.166959
vn 0.067175 0.049521 -0.996511
vn 0.054424 0.055979 -0.996948
vn 0.082785 0.767795 -0.635325
vn 0.165773 0.525963 -0.834196
vn 0.008937 0.035878 -0.999316
vn -0.002226 0.110888 -0.993830
vn 0.014985 0.151460 -0.988350
vn 0.125310 0.625637 -0.769984
vn 0.044856 0.234663 -0.971041
vn 0.031414 0.055712 -0.997953
vn -0.033222 0.970360 -0.239371
vn 0.049412 0.865412 -0.498618
vn 0.062081 0.987910 -0.142054
vn 0.062630 0.987324 -0.145835
vn 0.086939 -0.008641 -0.996176
vn 0.046229 0.986176 -0.159123
vn 0.014201 0.128654 -0.991588
vn 0.134137 0.939502 -0.315189
vn 0.188430 0.924971 -0.330036
vn 0.383545 0.644011 -0.661924
vn 0.021866 0.041758 -0.998888
vn 0.016713 0.038750 -0.999109
vn -0.002310 0.005635 -0.999981
vn 0.041645 0.044993 -0.998119
vn -0.021147 -0.011480 -0.999710
vn -0.097939 0.946188 -0.308440
vn 0.113694 0.908656 -0.401769
vn -0.521337 0.030973 0.852788
vn -0.744335 -0.060080 0.665099
vn -0.607692 0.269115 -0.747186
vn -0.704798 0.084766 -0.704325
vn -0.814779 0.150862 0.559800
vn -0.507135 0.156020 0.847627
vn -0.790294 0.607056 -0.083177
vn -0.559363 0.293443 0.775245
vn -0.377591 0.857333 -0.349863
vn -0.382138 0.841923 -0.380967
vn -0.747313 -0.120174 -0.653515
vn -0.378742 0.743228 -0.551513
vn -0.309232 0.688713 -0.655782
vn 0.049016 -0.860430 -0.507205
vn 0.046197 0.874399 -0.483004
vn -0.296262 0.506202 0.809931
vn 0.012337 0.600800 -0.799304
vn 0.836476 0.008571 -0.547937
vn 0.647982 0.076358 0.757818
vn 0.609332 0.215769 0.762993
vn 0.429562 0.252208 -0.867103
vn 0.048914 0.099979 0.993786
vn 0.559134 0.303406 0.771566
vn 0.331925 0.211791 -0.919223
vn 0.541170 0.474630 -0.694162
vn 0.538971 -0.777634 -0.323721
vn 0.668581 0.406263 -0.622856
vn 0.585229 0.538271 -0.606442
vn 0.485723 0.551816 -0.677918
vn 0.332112 0.211607 -0.919198
vn 0.126727 0.371965 0.919556
vn 0.653767 0.662087 -0.366374
vn 0.544500 0.167202 0.821927
vn 0.115786 -0.394919 0.911390
vn 0.782469 -0.574906 0.239217
vn 0.298062 0.740870 -0.601889
vn -0.689375 0.245425 -0.681563
vn -0.132757 0.523361 -0.841706
vn -0.662026 -0.747117 0.059472
vn -0.185888 -0.479156 0.857820
vn -0.065018 -0.418270 0.905993
vn 0.217106 0.249316 0.943773
vn 0.388460 0.369434 0.844167
vn -0.025770 0.025480 0.999343
vn -0.392324 0.908101 0.146404
vn -0.532953 0.838478 0.113648
vn -0.565899 0.824474 0.000000
vn -0.442770 0.896635 0.000000
vn -0.272993 0.944878 0.180778
vn -0.310599 0.950541 0.000000
vn -0.411398 -0.894260 0.176210
vn -0.295711 -0.935482 0.193466
vn -0.252059 -0.967706 -0.003229
vn -0.386956 -0.922094 -0.002962
vn -0.547970 -0.819134 0.169553
vn -0.514183 -0.857677 -0.002560
vn -0.644307 -0.740340 0.191744
vn -0.630842 -0.775909 -0.002090
vn -0.719919 -0.617550 0.316778
vn -0.734729 -0.678359 -0.001615
vn -0.151582 -0.959404 0.237840
vn -0.004834 -0.986707 0.162439
vn 0.030181 -0.999539 -0.003376
vn -0.112020 -0.993700 -0.003336
vn -0.120148 0.961298 0.247934
vn -0.172194 0.985063 0.000000
vn 0.005458 0.966175 0.257830
vn -0.030246 0.999542 0.000000
vn 0.500453 0.763609 0.407981
vn 0.384266 0.794617 0.470024
vn 0.387682 0.921793 0.000000
vn 0.514919 0.857239 0.000000
vn 0.260501 0.841084 0.474044
vn 0.252521 0.967591 0.000000
vn 0.273111 -0.950866 0.145823
vn 0.388134 -0.908776 0.153229
vn 0.441975 -0.897023 -0.002751
vn 0.309981 -0.950738 -0.003073
vn 0.529298 -0.835254 0.148974
vn 0.565005 -0.825085 -0.002308
vn 0.626400 -0.762714 0.160907
vn 0.676630 -0.736321 -0.001815
vn 0.741351 -0.651032 0.162960
vn 0.774568 -0.632489 -0.001322
vn 0.119515 -0.981700 0.148258
vn 0.171763 -0.985133 -0.003266
vn 0.105046 0.846408 0.522072
vn 0.112258 0.993679 0.000000
vn 0.744380 0.640043 0.190376
vn 0.647630 0.706170 0.286181
vn 0.631691 0.775220 0.000000
vn 0.735586 0.677432 0.000000
vn 0.815368 -0.554533 0.166341
vn 0.856722 -0.515777 -0.000875
vn -0.636363 0.767241 0.079895
vn -0.747154 0.654354 0.116538
vn -0.775182 0.631738 0.000000
vn -0.677344 0.735667 0.000000
vn 0.705492 0.485739 0.516080
vn 0.824497 0.565866 0.000000
vn -0.816154 0.552923 0.167837
vn -0.857315 0.514792 0.000000
vn -0.823970 -0.504910 0.257176
vn -0.823942 -0.566673 -0.001150
vn 0.891791 -0.414616 0.181114
vn 0.921438 -0.388525 -0.000497
vn 0.942342 -0.300312 0.147665
vn 0.967432 -0.253132 -0.000221
vn 0.977081 -0.146616 0.154324
vn 0.993653 -0.112487 -0.000046
vn 0.987000 -0.022236 0.159174
vn 0.999543 0.030213 0.000000
vn 0.969660 0.122422 0.211595
vn 0.985035 0.172355 0.000000
vn 0.946508 0.273337 0.171493
vn 0.950516 0.310676 0.000000
vn 0.846663 0.350011 0.400817
vn 0.896671 0.442697 0.000000
vn -0.875903 0.414106 0.247607
vn -0.956237 0.287664 0.053480
vn -0.967570 0.252603 0.000000
vn -0.921783 0.387706 0.000000
vn -0.986447 0.163813 0.009354
vn -0.991317 0.004921 0.131401
vn -0.999538 -0.030383 -0.000013
vn -0.993677 0.112280 0.000001
vn -0.950383 -0.110991 0.290607
vn -0.893351 -0.257972 0.367934
vn -0.950282 -0.311391 -0.000368
vn -0.984992 -0.172601 -0.000124
vn -0.892426 -0.406005 0.196814
vn -0.896281 -0.443487 -0.000716
vn -0.374501 0.631091 0.679318
vn -0.182107 0.638432 0.747825
vn -0.131105 -0.542769 0.829586
vn -0.321789 -0.653791 0.684842
vn -0.422119 -0.486693 0.764817
vn -0.373809 -0.276611 0.885298
vn -0.012913 -0.778843 0.627086
vn -0.027166 0.552777 0.832886
vn 0.216000 0.378791 0.899923
vn 0.231514 0.284359 0.930345
vn 0.181499 -0.687488 0.703149
vn 0.401720 -0.678374 0.615166
vn 0.509245 -0.484030 0.711607
vn -0.490919 0.463319 0.737790
vn 0.178491 0.113398 0.977385
vn -0.457772 0.273223 0.846046
vn -0.502222 -0.226590 0.834524
vn 0.598948 -0.320564 0.733825
vn 0.570913 -0.106655 0.814053
vn 0.682672 0.019495 0.730465
vn 0.610771 0.146758 0.778088
vn -0.810031 0.257882 0.526637
vn -0.622113 0.030043 0.782351
vn -0.371578 -0.076719 0.925227
vn -0.062473 0.318883 -0.945733
vn -0.324419 -0.926900 0.188703
vn -0.070664 -0.995393 -0.064800
vn 0.171956 -0.788757 0.590164
vn -0.052721 0.207929 0.976722
vn -0.075464 0.857315 0.509231
vn 0.044838 -0.953276 -0.298754
vn 0.028536 0.332156 -0.942793
vn 0.415595 0.363881 0.833590
vn -0.004941 0.753626 0.657285
vn -0.026847 0.480877 -0.876377
vn -0.084245 -0.186915 -0.978757
vn -0.007820 -0.824852 0.565294
vn -0.149671 0.978833 0.139588
vn 0.018268 0.682049 -0.731078
vn 0.134546 0.016784 -0.990765
vn 0.070716 0.624101 0.778137
vn -0.074279 -0.988057 0.135006
vn -0.036794 -0.910076 -0.412806
vn -0.036570 0.935192 0.352248
vn -0.015925 -0.805029 0.593022
vn 0.248858 0.470117 0.846793
vn -0.065639 -0.179152 -0.981629
f 306/22/306 70/21/70 305/50/305
f 307/23/307 306/22/306 305/50/305
f 305/50/305 642/70/642 307/23/307
f 642/70/642 643/24/643 307/23/307
f 405/49/405 404/25/404 643/24/643
f 643/24/643 642/70/642 405/49/405
f 1515/2810/1515 1500/2766/1500 1725/2714/1725
f 1500/2766/1500 1503/2689/1503 1725/2714/1725
f 1503/2689/1503 1506/2643/1506 1725/2714/1725
f 1506/2643/1506 1512/2698/1512 1725/2714/1725
f 1512/2698/1512 1514/2774/1514 1725/2714/1725
f 1514/2774/1514 1515/2810/1515 1725/2714/1725
f 2035/1995/2035 2139/2021/2139 2034/1981/2034
f 2134/1972/2134 2034/1981/2034 2023/1960/2023
f 2133/1963/2133 2134/1972/2134 2023/1960/2023
f 2133/1963/2133 2023/1960/2023 1901/1935/1901
f 2132/1922/2132 1901/1935/1901 1899/1908/1899
f 2/2803/2 1/2944/1 255/2926/255
f 255/2926/255 248/2785/248 2/2803/2
f 3/2718/3 7/2717/7 2/2803/2
f 168/2761/168 2/2803/2 7/2717/7
f 7/2717/7 31/2716/31 168/2761/168
f 5/2837/5 252/2951/252 257/2820/257
f 257/2820/257 4/2755/4 5/2837/5
f 252/2951/252 5/2837/5 6/2953/6
f 7/2995/7 10/3005/10 252/2951/252
f 252/2951/252 6/2953/6 7/2995/7
f 9/2991/9 106/3009/106 259/2993/259
f 7/2717/7 3/2718/3 10/2713/10
f 22/1304/22 42/1281/42 21/1273/21
f 13/1952/13 12/2018/12 30/2019/30
f 30/2019/30 14/1905/14 13/1952/13
f 13/1952/13 14/1905/14 15/1881/15
f 18/2600/18 214/2612/214 60/2605/60
f 17/1890/17 18/1824/18 133/1826/133
f 18/1824/18 17/1890/17 19/1848/19
f 19/1848/19 214/1822/214 18/1824/18
f 22/1304/22 21/1273/21 280/1285/280
f 280/1285/280 23/1301/23 22/1304/22
f 120/1315/120 22/1304/22 23/1301/23
f 24/1397/24 25/1403/25 154/1379/154
f 25/1403/25 24/1397/24 244/1435/244
f 244/1435/244 26/1431/26 25/1403/25
f 671/1383/671 154/1379/154 25/1403/25
f 25/1403/25 27/1398/27 158/1371/158
f 27/1398/27 25/1403/25 291/1459/291
f 291/1459/291 292/1456/292 27/1398/27
f 28/1377/28 27/1398/27 292/1456/292
f 28/1377/28 158/1371/158 27/1398/27
f 30/2019/30 12/2018/12 31/2073/31
f 69/2074/69 29/2067/29 30/2019/30
f 31/2073/31 69/2074/69 30/2019/30
f 32/2622/32 33/2488/33 34/2487/34
f 33/2488/33 32/2622/32 664/2632/664
f 664/2632/664 35/2283/35 33/2488/33
f 271/2281/271 34/2487/34 33/2488/33
f 33/2488/33 35/2283/35 271/2281/271
f 37/2438/37 36/2280/36 38/2278/38
f 38/2278/38 39/2486/39 37/2438/37
f 41/2630/41 37/2438/37 39/2486/39
f 39/2486/39 40/2629/40 41/2630/41
f 37/2438/37 41/2630/41 270/2626/270
f 667/1316/667 164/1317/164 42/1281/42
f 42/1281/42 22/1304/22 667/1316/667
f 44/1321/44 160/1322/160 11/1287/11
f 11/1287/11 43/1282/43 44/1321/44
f 43/1282/43 11/1287/11 45/1276/45
f 47/1320/47 44/1321/44 43/1282/43
f 43/1282/43 46/1288/46 47/1320/47
f 49/1303/49 50/1305/50 117/1324/117
f 50/1305/50 49/1303/49 299/1267/299
f 299/1267/299 11/1287/11 50/1305/50
f 48/1323/48 117/1324/117 50/1305/50
f 11/1287/11 160/1322/160 50/1305/50
f 52/854/52 83/884/83 51/999/51
f 76/866/76 53/865/53 75/1008/75
f 697/304/697 78/346/78 54/463/54
f 77/451/77 54/463/54 78/346/78
f 702/870/702 55/1000/55 703/1010/703
f 55/1000/55 702/870/702 56/883/56
f 43/1282/43 45/1276/45 73/1229/73
f 73/1229/73 57/1214/57 43/1282/43
f 57/1214/57 73/1229/73 84/1067/84
f 59/2608/59 20/2601/20 58/2591/58
f 58/41/58 133/35/133 59/13/59
f 60/3/60 59/13/59 133/35/133
f 18/33/18 60/3/60 133/35/133
f 64/3013/64 61/3015/61 62/3038/62
f 62/3038/62 63/3037/63 64/3013/64
f 63/18/63 62/17/62 261/48/261
f 261/48/261 65/36/65 63/18/63
f 66/3012/66 64/3013/64 63/3037/63
f 63/3037/63 65/3036/65 66/3012/66
f 67/3016/67 66/3012/66 65/3036/65
f 65/36/65 68/42/68 67/19/67
f 31/2/31 67/19/67 68/42/68
f 69/20/69 31/2/31 68/42/68
f 70/21/70 69/20/69 68/42/68
f 68/42/68 305/50/305 70/21/70
f 69/2074/69 70/2082/70 29/2067/29
f 21/1273/21 700/1235/700 71/1231/71
f 72/1110/72 71/1231/71 700/1235/700
f 279/1160/279 71/1231/71 72/1110/72
f 71/1231/71 279/1160/279 280/1285/280
f 280/1285/280 21/1273/21 71/1231/71
f 700/1235/700 701/1128/701 72/1110/72
f 45/1276/45 717/1144/717 73/1229/73
f 717/1144/717 45/1276/45 11/1287/11
f 711/1063/711 73/1229/73 717/1144/717
f 711/1063/711 74/1013/74 712/880/712
f 718/875/718 712/880/712 74/1013/74
f 75/1008/75 55/1000/55 56/883/56
f 56/883/56 76/866/76 75/1008/75
f 697/304/697 111/282/111 78/346/78
f 277/448/277 77/451/77 78/346/78
f 81/462/81 79/436/79 720/284/720
f 720/284/720 80/320/80 81/462/81
f 82/440/82 704/446/704 706/283/706
f 706/283/706 698/311/698 82/440/82
f 51/999/51 267/974/267 84/1067/84
f 267/974/267 51/999/51 83/884/83
f 87/350/87 715/312/715 86/256/86
f 88/426/88 85/467/85 87/350/87
f 90/1299/90 46/1288/46 89/1271/89
f 89/1271/89 237/1268/237 90/1299/90
f 162/1319/162 161/1338/161 46/1288/46
f 46/1288/46 90/1299/90 162/1319/162
f 91/1221/91 92/1222/92 89/1271/89
f 92/1222/92 91/1221/91 268/1104/268
f 268/1104/268 93/1074/93 92/1222/92
f 707/1206/707 92/1222/92 93/1074/93
f 237/1268/237 89/1271/89 92/1222/92
f 92/1222/92 707/1206/707 237/1268/237
f 96/897/96 97/896/97 94/975/94
f 708/973/708 94/975/94 97/896/97
f 97/896/97 98/895/98 708/973/708
f 95/1037/95 94/975/94 708/973/708
f 708/973/708 93/1074/93 95/1037/95
f 100/423/100 99/424/99 263/347/263
f 263/347/263 101/321/101 100/423/100
f 102/435/102 100/423/100 101/321/101
f 259/2111/259 105/2057/105 103/2060/103
f 259/6/259 103/15/103 189/77/189
f 189/77/189 104/52/104 259/6/259
f 105/2057/105 259/2111/259 106/2109/106
f 106/2109/106 174/1968/174 105/2057/105
f 703/1010/703 55/1000/55 701/1128/701
f 72/1110/72 701/1128/701 55/1000/55
f 93/1074/93 268/1104/268 95/1037/95
f 711/1063/711 717/1144/717 74/1013/74
f 720/284/720 107/223/107 80/320/80
f 86/256/86 715/312/715 107/223/107
f 86/256/86 108/237/108 101/321/101
f 109/259/109 101/321/101 108/237/108
f 706/283/706 110/222/110 698/311/698
f 110/222/110 111/282/111 697/304/697
f 115/2485/115 112/2277/112 113/2279/113
f 113/2279/113 114/2489/114 115/2485/115
f 114/2489/114 113/2279/113 35/2283/35
f 35/2283/35 240/2480/240 114/2489/114
f 666/2627/666 114/2489/114 240/2480/240
f 116/2628/116 115/2485/115 114/2489/114
f 114/2489/114 666/2627/666 116/2628/116
f 28/1377/28 117/1404/117 661/1376/661
f 117/1404/117 28/1377/28 292/1456/292
f 292/1456/292 49/1422/49 117/1404/117
f 48/1369/48 661/1376/661 117/1404/117
f 120/1402/120 23/1423/23 118/1418/118
f 118/1418/118 119/1392/119 120/1402/120
f 53/865/53 76/866/76 121/648/121
f 121/648/121 122/649/122 53/865/53
f 122/649/122 121/648/121 77/451/77
f 123/646/123 122/649/122 77/451/77
f 77/451/77 277/448/277 123/646/123
f 122/649/122 123/646/123 53/865/53
f 76/866/76 56/883/56 124/679/124
f 124/679/124 125/645/125 76/866/76
f 125/645/125 124/679/124 54/463/54
f 121/648/121 125/645/125 54/463/54
f 54/463/54 77/451/77 121/648/121
f 125/645/125 121/648/121 76/866/76
f 124/679/124 56/883/56 702/870/702
f 702/870/702 126/652/126 124/679/124
f 126/652/126 704/446/704 82/440/82
f 82/440/82 124/679/124 126/652/126
f 97/896/97 96/897/96 127/666/127
f 127/666/127 128/665/128 97/896/97
f 128/665/128 127/666/127 99/424/99
f 99/424/99 100/423/100 128/665/128
f 129/664/129 128/665/128 100/423/100
f 100/423/100 102/435/102 129/664/129
f 98/895/98 97/896/97 128/665/128
f 128/665/128 129/664/129 98/895/98
f 131/669/131 130/692/130 85/467/85
f 85/467/85 88/426/88 131/669/131
f 130/692/130 131/669/131 83/884/83
f 132/680/132 712/880/712 718/875/718
f 132/680/132 79/436/79 81/462/81
f 279/1160/279 72/1110/72 75/1008/75
f 133/1826/133 134/1875/134 17/1890/17
f 135/2735/135 136/2634/136 144/2644/144
f 136/2634/136 135/2735/135 272/2738/272
f 143/2497/143 144/2644/144 136/2634/136
f 136/2634/136 137/2532/137 143/2497/143
f 141/2639/141 138/2501/138 139/2499/139
f 139/2499/139 140/2637/140 141/2639/141
f 140/2637/140 139/2499/139 273/2521/273
f 273/2521/273 136/2634/136 140/2637/140
f 142/2739/142 140/2637/140 136/2634/136
f 136/2634/136 157/2768/157 142/2739/142
f 142/2739/142 141/2639/141 140/2637/140
f 136/2634/136 660/2769/660 157/2768/157
f 144/2644/144 143/2497/143 145/2502/145
f 145/2502/145 146/2640/146 144/2644/144
f 147/2744/147 144/2644/144 146/2640/146
f 146/2640/146 153/2748/153 147/2744/147
f 144/2644/144 147/2744/147 668/2773/668
f 39/2486/39 38/2278/38 148/2276/148
f 148/2276/148 149/2483/149 39/2486/39
f 149/2641/149 148/2498/148 138/2501/138
f 138/2501/138 141/2639/141 149/2641/149
f 150/2747/150 149/2641/149 141/2639/141
f 141/2639/141 142/2739/142 150/2747/150
f 40/2629/40 39/2486/39 149/2483/149
f 149/2483/149 150/2624/150 40/2629/40
f 146/2640/146 145/2502/145 151/2500/151
f 151/2500/151 152/2642/152 146/2640/146
f 152/2482/152 151/2275/151 112/2277/112
f 112/2277/112 115/2485/115 152/2482/152
f 153/2623/153 152/2482/152 115/2485/115
f 115/2485/115 116/2628/116 153/2623/153
f 153/2748/153 146/2640/146 152/2642/152
f 154/2795/154 155/2789/155 156/2798/156
f 154/1379/154 156/1382/156 24/1397/24
f 157/2768/157 158/2799/158 28/2800/28
f 158/2799/158 157/2768/157 159/2792/159
f 159/1378/159 25/1403/25 158/1371/158
f 157/2768/157 28/2800/28 661/2794/661
f 160/2680/160 662/2668/662 50/2676/50
f 44/2675/44 662/2668/662 160/2680/160
f 163/2669/163 663/2665/663 161/2677/161
f 161/2677/161 162/2678/162 163/2669/163
f 665/2666/665 164/2681/164 667/2673/667
f 167/2796/167 165/2787/165 668/2773/668
f 668/2773/668 166/2793/166 167/2796/167
f 120/1402/120 166/1388/166 22/1375/22
f 119/1392/119 167/1386/167 166/1388/166
f 166/1388/166 120/1402/120 119/1392/119
f 13/2859/13 15/2969/15 1/2944/1
f 1/2944/1 2/2803/2 13/2859/13
f 12/2757/12 13/2859/13 2/2803/2
f 2/2803/2 168/2761/168 12/2757/12
f 31/2716/31 12/2757/12 168/2761/168
f 7/2995/7 67/2986/67 31/2997/31
f 67/2986/67 7/2995/7 6/2953/6
f 6/2953/6 169/2949/169 67/2986/67
f 169/2949/169 66/2947/66 67/2986/67
f 169/2949/169 6/2953/6 5/2837/5
f 5/2837/5 170/2832/170 169/2949/169
f 170/2832/170 5/2837/5 4/2755/4
f 4/2755/4 171/2753/171 170/2832/170
f 64/2830/64 170/2832/170 171/2753/171
f 171/2753/171 61/2751/61 64/2830/64
f 66/2947/66 169/2949/169 170/2832/170
f 170/2832/170 64/2830/64 66/2947/66
f 173/2116/173 313/2069/313 172/2105/172
f 174/1968/174 172/2105/172 313/2069/313
f 174/1968/174 106/2109/106 172/2105/172
f 178/2923/178 177/2895/177 256/2897/256
f 179/2749/179 178/2775/178 185/2750/185
f 184/2719/184 179/2749/179 185/2750/185
f 180/2720/180 179/2749/179 184/2719/184
f 181/2712/181 180/2720/180 184/2719/184
f 184/3002/184 182/2937/182 183/3000/183
f 184/3002/184 183/3000/183 181/3011/181
f 185/2961/185 178/2923/178 182/2937/182
f 184/3002/184 185/2961/185 182/2937/182
f 223/1385/223 766/1395/766 186/1458/186
f 186/1458/186 187/1480/187 223/1385/223
f 59/2608/59 188/2611/188 20/2601/20
f 133/35/133 58/41/58 699/114/699
f 111/282/111 110/222/110 699/114/699
f 699/114/699 110/222/110 706/283/706
f 706/283/706 233/105/233 699/114/699
f 133/35/133 699/114/699 233/105/233
f 189/77/189 190/133/190 104/52/104
f 190/133/190 189/77/189 109/259/109
f 109/259/109 108/237/108 190/133/190
f 191/134/191 190/133/190 108/237/108
f 108/237/108 86/256/86 191/134/191
f 190/133/190 191/134/191 104/52/104
f 65/36/65 261/48/261 262/142/262
f 192/127/192 262/142/262 86/256/86
f 86/256/86 107/223/107 192/127/192
f 262/142/262 192/127/192 65/36/65
f 107/223/107 721/131/721 192/127/192
f 721/131/721 107/223/107 720/284/720
f 68/42/68 192/127/192 721/131/721
f 231/1539/231 220/1594/220 193/1588/193
f 196/1582/196 207/1535/207 197/1536/197
f 200/1438/200 198/1487/198 199/1486/199
f 199/1486/199 205/1437/205 200/1438/200
f 200/1409/200 210/1408/210 198/1407/198
f 201/1399/201 208/1406/208 196/1396/196
f 196/1396/196 197/1390/197 201/1399/201
f 59/1419/59 202/1421/202 188/1455/188
f 59/1419/59 60/1401/60 202/1421/202
f 202/1421/202 60/1401/60 214/1349/214
f 214/1349/214 204/1354/204 202/1421/202
f 695/1352/695 203/1344/203 204/1340/204
f 204/1340/204 214/1343/214 695/1352/695
f 205/1437/205 206/1485/206 694/1444/694
f 205/1437/205 199/1486/199 206/1485/206
f 216/1590/216 792/1503/792 207/1535/207
f 207/1535/207 196/1582/196 216/1590/216
f 209/1427/209 794/1416/794 208/1406/208
f 208/1406/208 201/1399/201 209/1427/209
f 689/1417/689 209/1427/209 210/1408/210
f 210/1408/210 200/1409/200 689/1417/689
f 211/1426/211 212/1429/212 214/1411/214
f 213/1414/213 214/1368/214 215/1428/215
f 214/1368/214 213/1414/213 211/1361/211
f 214/1828/214 19/1848/19 215/1857/215
f 320/1465/320 213/1414/213 215/1428/215
f 219/1651/219 216/1590/216 217/1622/217
f 217/1622/217 218/1660/218 219/1651/219
f 222/1671/222 219/1651/219 218/1660/218
f 782/1673/782 219/1651/219 222/1671/222
f 221/1625/221 220/1594/220 225/1675/225
f 794/1416/794 226/1447/226 782/1413/782
f 222/1405/222 218/1391/218 217/1393/217
f 217/1393/217 794/1416/794 222/1405/222
f 782/1413/782 222/1405/222 794/1416/794
f 187/1480/187 176/1457/176 223/1385/223
f 175/1424/175 223/1385/223 176/1457/176
f 223/1385/223 175/1424/175 16/1365/16
f 231/1495/231 193/1472/193 789/1461/789
f 228/1537/228 229/1519/229 788/1522/788
f 226/1447/226 221/1460/221 225/1448/225
f 220/1594/220 227/1655/227 225/1675/225
f 225/1675/225 227/1655/227 224/1678/224
f 229/1492/229 228/1454/228 230/1463/230
f 220/1594/220 231/1539/231 195/1575/195
f 176/1457/176 756/1434/756 175/1424/175
f 756/1434/756 691/1367/691 16/1365/16
f 16/1365/16 175/1424/175 756/1434/756
f 232/1959/232 105/2057/105 174/1968/174
f 215/1857/215 232/1959/232 174/1968/174
f 232/1959/232 215/1857/215 19/1848/19
f 105/2057/105 232/1959/232 234/1957/234
f 17/1890/17 234/1957/234 232/1959/232
f 232/1959/232 19/1848/19 17/1890/17
f 233/105/233 234/14/234 134/37/134
f 234/14/234 233/105/233 189/77/189
f 189/77/189 103/15/103 234/14/234
f 103/2060/103 105/2057/105 234/1957/234
f 17/1890/17 134/1875/134 234/1957/234
f 236/1318/236 162/1319/162 90/1299/90
f 90/1299/90 235/1297/235 236/1318/236
f 235/1297/235 90/1299/90 237/1268/237
f 42/1281/42 235/1297/235 237/1268/237
f 164/1317/164 236/1318/236 235/1297/235
f 235/1297/235 42/1281/42 164/1317/164
f 239/2670/239 163/2669/163 162/2678/162
f 162/2678/162 238/2679/238 239/2670/239
f 162/1347/162 236/1346/236 238/1351/238
f 164/1350/164 238/1351/238 236/1346/236
f 665/2666/665 239/2670/239 238/2679/238
f 238/2679/238 164/2681/164 665/2666/665
f 664/2632/664 240/2480/240 35/2283/35
f 240/2480/240 664/2632/664 666/2627/666
f 242/1389/242 24/1397/24 156/1382/156
f 156/1382/156 241/1384/241 242/1389/242
f 241/2797/241 156/2798/156 155/2789/155
f 155/2789/155 243/2788/243 241/2797/241
f 167/2796/167 241/2797/241 243/2788/243
f 243/2788/243 165/2787/165 167/2796/167
f 119/1392/119 242/1389/242 241/1384/241
f 241/1384/241 167/1386/167 119/1392/119
f 242/1389/242 244/1435/244 24/1397/24
f 119/1392/119 118/1418/118 244/1435/244
f 244/1435/244 242/1389/242 119/1392/119
f 182/2937/182 257/2820/257 252/2951/252
f 246/2816/246 256/2897/256 177/2895/177
f 177/2895/177 245/2813/245 246/2816/246
f 177/2805/177 247/2889/247 245/2890/245
f 8/2962/8 245/2890/245 247/2889/247
f 8/2746/8 246/2816/246 245/2813/245
f 248/2785/248 179/2749/179 180/2720/180
f 180/2720/180 249/2715/249 248/2785/248
f 3/2718/3 248/2785/248 249/2715/249
f 248/2785/248 3/2718/3 2/2803/2
f 249/2715/249 180/2720/180 181/2712/181
f 181/2712/181 250/2711/250 249/2715/249
f 181/3011/181 251/3003/251 250/3007/250
f 10/3005/10 250/3007/250 251/3003/251
f 3/2718/3 249/2715/249 250/2711/250
f 250/2711/250 10/2713/10 3/2718/3
f 251/3003/251 181/3011/181 183/3000/183
f 183/3000/183 252/2951/252 251/3003/251
f 252/2951/252 183/3000/183 182/2937/182
f 10/3005/10 251/3003/251 252/2951/252
f 172/1845/172 14/1905/14 253/1869/253
f 253/1869/253 173/1846/173 172/1845/172
f 14/1905/14 172/1845/172 106/1839/106
f 106/1839/106 15/1881/15 14/1905/14
f 1/2944/1 106/3009/106 9/2991/9
f 106/3009/106 1/2944/1 15/2969/15
f 9/2991/9 8/2962/8 255/2926/255
f 255/2926/255 1/2944/1 9/2991/9
f 247/2889/247 177/2805/177 254/2802/254
f 254/2802/254 255/2926/255 247/2889/247
f 255/2926/255 254/2802/254 179/2749/179
f 179/2749/179 248/2785/248 255/2926/255
f 8/2962/8 247/2889/247 255/2926/255
f 179/2749/179 254/2802/254 178/2775/178
f 254/2802/254 177/2805/177 178/2775/178
f 178/2923/178 256/2897/256 182/2937/182
f 182/2937/182 256/2897/256 257/2820/257
f 246/2816/246 257/2820/257 256/2897/256
f 8/2746/8 258/2731/258 257/2820/257
f 257/2820/257 246/2816/246 8/2746/8
f 258/2731/258 4/2755/4 257/2820/257
f 258/2731/258 8/2746/8 9/2725/9
f 258/2731/258 9/2725/9 259/2722/259
f 259/2722/259 61/2751/61 171/2753/171
f 171/2753/171 258/2731/258 259/2722/259
f 258/2731/258 171/2753/171 4/2755/4
f 260/16/260 259/6/259 104/52/104
f 104/52/104 261/48/261 260/16/260
f 62/17/62 260/16/260 261/48/261
f 61/3015/61 259/3014/259 260/3039/260
f 260/3039/260 62/3038/62 61/3015/61
f 86/256/86 262/142/262 191/134/191
f 104/52/104 191/134/191 262/142/262
f 262/142/262 261/48/261 104/52/104
f 264/425/264 88/426/88 87/350/87
f 87/350/87 263/347/263 264/425/264
f 86/256/86 101/321/101 263/347/263
f 263/347/263 87/350/87 86/256/86
f 99/424/99 264/425/264 263/347/263
f 266/894/266 83/884/83 131/669/131
f 131/669/131 265/667/265 266/894/266
f 265/667/265 131/669/131 88/426/88
f 88/426/88 264/425/264 265/667/265
f 127/666/127 265/667/265 264/425/264
f 264/425/264 99/424/99 127/666/127
f 96/897/96 266/894/266 265/667/265
f 265/667/265 127/666/127 96/897/96
f 266/894/266 96/897/96 94/975/94
f 94/975/94 267/974/267 266/894/266
f 95/1037/95 267/974/267 94/975/94
f 267/974/267 95/1037/95 84/1067/84
f 83/884/83 266/894/266 267/974/267
f 84/1067/84 95/1037/95 268/1104/268
f 57/1214/57 269/1220/269 43/1282/43
f 269/1220/269 57/1214/57 84/1067/84
f 84/1067/84 268/1104/268 269/1220/269
f 91/1221/91 269/1220/269 268/1104/268
f 89/1271/89 43/1282/43 269/1220/269
f 269/1220/269 91/1221/91 89/1271/89
f 161/1338/161 47/1320/47 46/1288/46
f 43/1282/43 89/1271/89 46/1288/46
f 37/2438/37 270/2626/270 32/2622/32
f 32/2622/32 34/2487/34 37/2438/37
f 271/2281/271 37/2438/37 34/2487/34
f 37/2438/37 271/2281/271 36/2280/36
f 136/2634/136 272/2738/272 660/2769/660
f 136/2634/136 273/2521/273 137/2532/137
f 671/1383/671 25/1403/25 159/1378/159
f 25/1403/25 26/1431/26 291/1459/291
f 275/2596/275 337/2604/337 274/2594/274
f 275/12/275 274/11/274 276/95/276
f 276/95/276 58/41/58 275/12/275
f 275/2596/275 58/2591/58 20/2601/20
f 111/282/111 699/114/699 276/95/276
f 58/41/58 276/95/276 699/114/699
f 78/346/78 111/282/111 277/448/277
f 625/422/625 277/448/277 111/282/111
f 278/852/278 53/865/53 123/646/123
f 123/646/123 626/671/626 278/852/278
f 626/671/626 123/646/123 277/448/277
f 277/448/277 625/422/625 626/671/626
f 627/1023/627 75/1008/75 278/852/278
f 53/865/53 278/852/278 75/1008/75
f 75/1008/75 627/1023/627 279/1160/279
f 282/1286/282 280/1285/280 279/1160/279
f 23/1301/23 280/1285/280 281/1314/281
f 283/1313/283 281/1314/281 280/1285/280
f 280/1285/280 282/1286/282 283/1313/283
f 283/1540/283 284/1470/284 281/1477/281
f 284/1470/284 283/1540/283 285/1543/285
f 23/1423/23 281/1477/281 284/1470/284
f 284/1470/284 118/1418/118 23/1423/23
f 284/1470/284 285/1543/285 288/1545/288
f 288/1545/288 244/1435/244 284/1470/284
f 284/1470/284 244/1435/244 118/1418/118
f 26/1431/26 286/1475/286 287/1476/287
f 286/1475/286 26/1431/26 244/1435/244
f 288/1545/288 286/1475/286 244/1435/244
f 289/1541/289 287/1476/287 286/1475/286
f 286/1475/286 288/1545/288 289/1541/289
f 287/1476/287 289/1541/289 290/1542/290
f 290/1542/290 291/1459/291 287/1476/287
f 291/1459/291 290/1542/290 633/1578/633
f 26/1431/26 287/1476/287 291/1459/291
f 294/1546/294 292/1456/292 291/1459/291
f 291/1459/291 633/1578/633 294/1546/294
f 49/1422/49 292/1456/292 293/1473/293
f 295/1544/295 293/1473/293 292/1456/292
f 292/1456/292 294/1546/294 295/1544/295
f 293/1325/293 295/1326/295 296/1295/296
f 296/1295/296 297/1293/297 293/1325/293
f 297/1293/297 296/1295/296 298/1278/298
f 298/1278/298 299/1267/299 297/1293/297
f 49/1303/49 297/1293/297 299/1267/299
f 49/1303/49 293/1325/293 297/1293/297
f 637/1208/637 716/1212/716 299/1267/299
f 299/1267/299 298/1278/298 637/1208/637
f 716/1212/716 637/1208/637 300/1046/300
f 719/1011/719 300/1046/300 301/867/301
f 639/886/639 301/867/301 300/1046/300
f 303/471/303 725/457/725 302/668/302
f 456/672/456 302/668/302 301/867/301
f 301/867/301 639/886/639 456/672/456
f 302/668/302 456/672/456 303/471/303
f 641/338/641 304/221/304 726/295/726
f 725/457/725 303/471/303 641/338/641
f 641/338/641 726/295/726 725/457/725
f 721/131/721 304/221/304 305/50/305
f 304/221/304 721/131/721 726/295/726
f 642/70/642 305/50/305 304/221/304
f 306/2072/306 29/2067/29 70/2082/70
f 306/2072/306 307/2081/307 308/2066/308
f 306/2072/306 308/2066/308 309/1964/309
f 309/1964/309 30/2019/30 306/2072/306
f 29/2067/29 306/2072/306 30/2019/30
f 14/1905/14 309/1964/309 253/1869/253
f 309/1964/309 14/1905/14 30/2019/30
f 311/1870/311 253/1869/253 309/1964/309
f 310/1843/310 173/1846/173 253/1869/253
f 312/1842/312 310/1843/310 253/1869/253
f 253/1869/253 311/1870/311 312/1842/312
f 173/2116/173 310/2117/310 313/2069/313
f 314/2110/314 313/2069/313 310/2117/310
f 310/2117/310 312/2119/312 314/2110/314
f 313/2069/313 314/2110/314 315/2059/315
f 316/1912/316 215/1857/215 174/1968/174
f 316/1912/316 174/1968/174 313/2069/313
f 313/2069/313 315/2059/315 316/1912/316
f 317/1832/317 318/1831/318 316/1912/316
f 318/1500/318 317/1565/317 319/1538/319
f 319/1538/319 320/1465/320 318/1500/318
f 215/1428/215 318/1500/318 320/1465/320
f 215/1857/215 316/1912/316 318/1831/318
f 322/1562/322 321/1569/321 187/1480/187
f 187/1480/187 323/1501/323 322/1562/322
f 187/1480/187 186/1458/186 323/1501/323
f 324/1563/324 322/1562/322 323/1501/323
f 176/1457/176 187/1480/187 327/1502/327
f 325/1561/325 327/1502/327 187/1480/187
f 187/1480/187 321/1569/321 325/1561/325
f 327/1502/327 325/1561/325 326/1560/326
f 327/1502/327 326/1560/326 328/1559/328
f 328/1559/328 330/1494/330 327/1502/327
f 176/1457/176 327/1502/327 330/1494/330
f 329/1498/329 330/1494/330 331/1557/331
f 330/1494/330 329/1498/329 756/1434/756
f 756/1434/756 176/1457/176 330/1494/330
f 328/1559/328 331/1557/331 330/1494/330
f 332/1497/332 333/1496/333 334/1558/334
f 333/1496/333 332/1497/332 188/1455/188
f 188/1455/188 202/1421/202 333/1496/333
f 335/1529/335 333/1496/333 202/1421/202
f 335/1529/335 334/1558/334 333/1496/333
f 20/2601/20 188/2611/188 336/2606/336
f 332/2615/332 336/2606/336 188/2611/188
f 334/2616/334 337/2604/337 336/2606/336
f 336/2606/336 332/2615/332 334/2616/334
f 337/2604/337 275/2596/275 336/2606/336
f 20/2601/20 336/2606/336 275/2596/275
f 338/2227/338 112/2277/112 151/2275/151
f 338/2436/338 151/2500/151 145/2502/145
f 35/2283/35 113/2279/113 339/2226/339
f 338/2227/338 339/2226/339 113/2279/113
f 113/2279/113 112/2277/112 338/2227/338
f 271/2281/271 35/2283/35 339/2226/339
f 36/2280/36 271/2281/271 339/2226/339
f 340/2273/340 38/2278/38 36/2280/36
f 36/2280/36 339/2226/339 340/2273/340
f 138/2501/138 148/2498/148 340/2437/340
f 148/2276/148 38/2278/38 340/2273/340
f 339/2435/339 273/2521/273 139/2499/139
f 139/2499/139 340/2437/340 339/2435/339
f 340/2437/340 139/2499/139 138/2501/138
f 339/2435/339 137/2532/137 273/2521/273
f 339/2435/339 143/2497/143 137/2532/137
f 143/2497/143 339/2435/339 338/2436/338
f 338/2436/338 145/2502/145 143/2497/143
f 599/2835/599 341/2869/341 342/2737/342
f 342/2737/342 525/2704/525 599/2835/599
f 342/2737/342 347/2655/347 343/2658/343
f 347/2655/347 342/2737/342 514/2696/514
f 514/2696/514 352/2657/352 347/2655/347
f 344/2954/344 345/2838/345 597/2952/597
f 603/2821/603 597/2952/597 345/2838/345
f 345/2838/345 346/2756/346 603/2821/603
f 597/2952/597 350/3006/350 347/2994/347
f 347/2994/347 344/2954/344 597/2952/597
f 604/2913/604 432/2917/432 349/2910/349
f 350/2653/350 343/2658/343 347/2655/347
f 351/1310/351 511/1334/511 361/1290/361
f 388/1275/388 353/1280/353 385/1291/385
f 362/1274/362 354/1269/354 361/1290/361
f 357/1882/357 358/1906/358 355/1953/355
f 373/2020/373 356/2017/356 355/1953/355
f 355/1953/355 358/1906/358 373/2020/373
f 511/1334/511 448/1311/448 361/1290/361
f 363/1302/363 361/1290/361 448/1311/448
f 629/1284/629 362/1274/362 361/1290/361
f 361/1290/361 363/1302/363 629/1284/629
f 498/1735/498 364/1714/364 365/1716/365
f 364/1714/364 498/1735/498 366/1731/366
f 590/1672/590 365/1716/365 364/1714/364
f 364/1714/364 367/1683/367 590/1672/590
f 368/1724/368 369/1687/369 622/1721/622
f 369/1687/369 368/1724/368 370/1725/370
f 371/1649/371 622/1721/622 369/1687/369
f 356/2017/356 374/2070/374 352/2077/352
f 374/2070/374 356/2017/356 373/2020/373
f 373/2020/373 403/2075/403 374/2070/374
f 373/2020/373 372/2068/372 403/2075/403
f 619/1595/619 375/1513/375 445/1534/445
f 620/1555/620 376/1573/376 659/1499/659
f 376/1573/376 620/1555/620 377/1623/377
f 377/1623/377 378/1606/378 376/1573/376
f 380/1572/380 376/1573/376 378/1606/378
f 378/1606/378 379/1605/379 380/1572/380
f 381/1510/381 659/1499/659 376/1573/376
f 376/1573/376 380/1572/380 381/1510/381
f 382/1296/382 510/1308/510 676/1309/676
f 676/1309/676 361/1290/361 382/1296/382
f 361/1290/361 676/1309/676 351/1310/351
f 582/1270/582 382/1296/382 361/1290/361
f 361/1290/361 354/1269/354 582/1270/582
f 385/1291/385 507/1330/507 383/1331/383
f 383/1331/383 384/1283/384 385/1291/385
f 384/1283/384 383/1331/383 386/1332/386
f 386/1332/386 387/1289/387 384/1283/384
f 388/1275/388 385/1291/385 384/1283/384
f 385/1291/385 506/1336/506 681/1335/681
f 353/1280/353 447/1328/447 446/1329/446
f 446/1329/446 385/1291/385 353/1280/353
f 385/1291/385 446/1329/446 506/1336/506
f 681/1335/681 507/1330/507 385/1291/385
f 620/1555/620 389/1598/389 377/1623/377
f 457/1004/457 390/890/390 391/882/391
f 478/323/478 640/434/640 476/456/476
f 473/1066/473 638/1030/638 471/1215/471
f 393/2590/393 360/2599/360 392/2609/392
f 395/44/395 392/9/392 394/4/394
f 392/9/392 395/44/395 393/40/393
f 395/44/395 394/4/394 461/34/461
f 399/2957/399 396/2964/396 397/2966/397
f 397/2966/397 398/2958/398 399/2957/399
f 398/2958/398 397/2966/397 400/2967/400
f 400/2967/400 401/2959/401 398/2958/398
f 606/47/606 399/30/399 398/29/398
f 398/29/398 401/38/401 606/47/606
f 401/2959/401 400/2967/400 402/2963/402
f 470/45/470 402/28/402 352/1/352
f 402/28/402 470/45/470 401/38/401
f 372/2068/372 404/2083/404 403/2075/403
f 405/49/405 403/26/403 404/25/404
f 405/49/405 374/27/374 403/26/403
f 738/1223/738 406/1207/406 407/1109/407
f 406/1207/406 738/1223/738 362/1274/362
f 472/1014/472 474/857/474 408/853/408
f 408/853/408 638/1030/638 472/1014/472
f 387/1289/387 679/1337/679 411/1333/411
f 411/1333/411 412/1300/412 387/1289/387
f 414/1272/414 387/1289/387 412/1300/412
f 412/1300/412 413/1279/413 414/1272/414
f 414/1272/414 415/1226/415 416/1225/416
f 415/1226/415 414/1272/414 413/1279/413
f 413/1279/413 417/1227/417 415/1226/415
f 418/1093/418 415/1226/415 417/1227/417
f 616/1108/616 416/1225/416 415/1226/415
f 415/1226/415 418/1093/418 616/1108/616
f 421/901/421 422/977/422 419/983/419
f 419/983/419 420/902/420 421/901/421
f 422/977/422 421/901/421 423/900/423
f 608/345/608 424/418/424 425/417/425
f 425/417/425 427/342/427 608/345/608
f 427/342/427 425/417/425 426/420/426
f 428/2061/428 431/2058/431 604/2114/604
f 604/5/604 429/46/429 430/43/430
f 430/43/430 428/32/428 604/5/604
f 432/2113/432 604/2114/604 431/2058/431
f 431/2058/431 519/1971/519 432/2113/432
f 617/1040/617 616/1108/616 418/1093/418
f 418/1093/418 433/1039/433 617/1040/617
f 419/983/419 422/977/422 433/1039/433
f 617/1040/617 433/1039/433 422/977/422
f 473/1066/473 472/1014/472 638/1030/638
f 434/240/434 469/274/469 435/325/435
f 608/345/608 427/342/427 436/285/436
f 427/342/427 437/251/437 436/285/436
f 438/230/438 436/285/436 437/251/437
f 436/285/436 438/230/438 434/240/434
f 754/173/754 460/273/460 753/322/753
f 442/1511/442 439/1509/439 440/1571/440
f 440/1571/440 441/1574/441 442/1511/442
f 441/1574/441 440/1571/440 443/1604/443
f 443/1604/443 444/1601/444 441/1574/441
f 445/1534/445 441/1574/441 444/1601/444
f 445/1534/445 442/1511/442 441/1574/441
f 369/1687/369 370/1725/370 446/1717/446
f 446/1717/446 447/1689/447 369/1687/369
f 450/1698/450 363/1688/363 448/1715/448
f 448/1715/448 449/1719/449 450/1698/450
f 451/644/451 391/882/391 390/890/390
f 453/661/453 423/900/423 421/901/421
f 421/901/421 452/662/452 453/661/453
f 452/662/452 421/901/421 420/902/420
f 420/902/420 454/670/454 452/662/452
f 425/417/425 452/662/452 454/670/454
f 454/670/454 426/420/426 425/417/425
f 424/418/424 453/661/453 452/662/452
f 452/662/452 425/417/425 424/418/424
f 408/853/408 474/857/474 455/656/455
f 455/656/455 456/672/456 408/853/408
f 456/672/456 455/656/455 476/456/476
f 476/456/476 640/434/640 456/672/456
f 457/1004/457 459/1012/459 407/1109/407
f 407/1109/407 458/1105/458 738/1223/738
f 354/1269/354 362/1274/362 738/1223/738
f 459/1012/459 458/1105/458 407/1109/407
f 459/1012/459 457/1004/457 391/882/391
f 391/882/391 739/868/739 459/1012/459
f 739/868/739 391/882/391 741/653/741
f 451/644/451 741/653/741 391/882/391
f 752/461/752 740/438/740 741/653/741
f 741/653/741 451/644/451 752/461/752
f 460/273/460 740/438/740 752/461/752
f 752/461/752 753/322/753 460/273/460
f 359/1877/359 462/1876/462 461/1825/461
f 461/34/461 462/39/462 395/44/395
f 464/1053/464 409/1016/409 410/871/410
f 410/871/410 465/864/465 464/1053/464
f 465/864/465 410/871/410 466/647/466
f 466/647/466 467/643/467 465/864/465
f 467/643/467 466/647/466 730/454/730
f 730/454/730 468/441/468 467/643/467
f 435/325/435 469/274/469 468/441/468
f 468/441/468 730/454/730 435/325/435
f 727/874/727 474/857/474 472/1014/472
f 472/1014/472 473/1066/473 727/874/727
f 455/656/455 475/654/475 476/456/476
f 475/654/475 455/656/455 474/857/474
f 477/651/477 475/654/475 474/857/474
f 474/857/474 727/874/727 477/651/477
f 728/443/728 476/456/476 475/654/475
f 475/654/475 477/651/477 728/443/728
f 728/443/728 479/316/479 478/323/478
f 478/323/478 476/456/476 728/443/728
f 478/323/478 479/316/479 480/238/480
f 470/45/470 352/1/352 374/27/374
f 374/27/374 405/49/405 470/45/470
f 481/2284/481 482/2088/482 483/2144/483
f 482/2088/482 481/2284/481 586/2282/586
f 621/1983/621 483/2144/483 482/2088/482
f 482/2088/482 488/1993/488 621/1983/621
f 621/1983/621 484/1999/484 485/2160/485
f 485/2160/485 483/2144/483 621/1983/621
f 483/2144/483 485/2160/485 486/2285/486
f 486/2285/486 683/2288/683 483/2144/483
f 482/2088/482 487/2274/487 488/1993/488
f 487/2274/487 497/2286/497 489/2159/489
f 490/1998/490 488/1993/488 487/2274/487
f 487/2274/487 489/2159/489 490/1998/490
f 493/1508/493 381/1510/381 380/1572/380
f 380/1572/380 492/1568/492 493/1508/493
f 492/1568/492 380/1572/380 379/1605/379
f 379/1605/379 494/1603/494 492/1568/492
f 485/2160/485 492/2163/492 494/2287/494
f 494/2287/494 486/2285/486 485/2160/485
f 484/1999/484 493/1996/493 492/2163/492
f 492/2163/492 485/2160/485 484/1999/484
f 496/1997/496 490/1998/490 489/2159/489
f 489/2159/489 495/2164/495 496/1997/496
f 495/2164/495 489/2159/489 497/2286/497
f 440/1571/440 495/1567/495 497/1602/497
f 497/1602/497 443/1604/443 440/1571/440
f 439/1509/439 496/1507/496 495/1567/495
f 495/1567/495 440/1571/440 439/1509/439
f 365/1716/365 499/1729/499 498/1735/498
f 500/2405/500 498/2427/498 499/2420/499
f 498/2427/498 500/2405/500 366/2422/366
f 502/2415/502 682/2407/682 501/2424/501
f 502/1730/502 501/1733/501 370/1725/370
f 370/1725/370 368/1724/368 502/1730/502
f 503/1732/503 502/1730/502 368/1724/368
f 368/1724/368 622/1721/622 503/1732/503
f 502/2415/502 503/2425/503 504/2418/504
f 506/1738/506 446/1717/446 505/1736/505
f 501/1733/501 505/1736/505 446/1717/446
f 446/1717/446 370/1725/370 501/1733/501
f 505/2426/505 501/2424/501 682/2407/682
f 681/1642/681 377/1623/377 507/1645/507
f 507/1645/507 377/1623/377 383/1635/383
f 508/1637/508 509/1643/509 679/1641/679
f 509/1749/509 411/1759/411 679/1754/679
f 676/1638/676 510/1646/510 677/1630/677
f 513/2421/513 674/2410/674 512/2417/512
f 513/1726/513 512/1722/512 449/1719/449
f 449/1719/449 448/1715/448 513/1726/513
f 511/1737/511 513/1726/513 448/1715/448
f 341/2869/341 357/2888/357 355/2776/355
f 355/2776/355 342/2737/342 341/2869/341
f 342/2737/342 355/2776/355 356/2694/356
f 356/2694/356 514/2696/514 342/2737/342
f 514/2696/514 356/2694/356 352/2657/352
f 352/2999/352 402/2987/402 347/2994/347
f 402/2987/402 400/2948/400 515/2950/515
f 344/2954/344 347/2994/347 402/2987/402
f 402/2987/402 515/2950/515 344/2954/344
f 345/2838/345 344/2954/344 515/2950/515
f 515/2950/515 516/2833/516 345/2838/345
f 516/2833/516 515/2950/515 400/2948/400
f 400/2948/400 397/2831/397 516/2833/516
f 517/2754/517 516/2833/516 397/2831/397
f 397/2831/397 396/2752/396 517/2754/517
f 346/2756/346 345/2838/345 516/2833/516
f 516/2833/516 517/2754/517 346/2756/346
f 518/2107/518 432/2113/432 519/1971/519
f 646/2071/646 518/2107/518 519/1971/519
f 518/2107/518 646/2071/646 598/2121/598
f 601/2896/601 523/2894/523 522/2924/522
f 530/2691/530 524/2687/524 528/2659/528
f 530/2691/530 522/2710/522 524/2687/524
f 524/2687/524 525/2704/525 528/2659/528
f 528/2659/528 525/2704/525 526/2652/526
f 529/2998/529 527/2935/527 528/3001/528
f 526/3010/526 529/2998/529 528/3001/528
f 527/2935/527 530/2960/530 528/3001/528
f 527/2935/527 522/2924/522 530/2960/530
f 532/1742/532 771/1681/771 773/1763/773
f 360/2599/360 533/2610/533 392/2609/392
f 754/173/754 748/155/748 460/273/460
f 748/155/748 754/173/754 395/44/395
f 430/43/430 534/125/534 535/115/535
f 534/125/534 430/43/430 429/46/429
f 429/46/429 536/126/536 534/125/534
f 438/230/438 534/125/534 536/126/536
f 536/126/536 434/240/434 438/230/438
f 437/251/437 535/115/535 534/125/534
f 534/125/534 438/230/438 437/251/437
f 537/124/537 732/132/732 470/45/470
f 732/132/732 537/124/537 469/274/469
f 537/124/537 470/45/470 405/49/405
f 566/1862/566 552/1752/552 565/1770/565
f 550/1532/550 551/1580/551 539/1579/539
f 539/1579/539 540/1527/540 550/1532/550
f 539/1669/539 541/1664/541 540/1661/540
f 542/1665/542 555/1670/555 543/1662/543
f 543/1430/543 549/1479/549 542/1471/542
f 546/1773/546 392/1747/392 655/1656/655
f 546/1773/546 394/1777/394 392/1747/392
f 533/1686/533 655/1656/655 392/1747/392
f 461/1796/461 394/1777/394 546/1773/546
f 546/1773/546 547/1798/547 461/1796/461
f 547/1425/547 684/1436/684 461/1339/461
f 549/1479/549 543/1430/543 548/1432/548
f 549/1479/549 548/1432/548 801/1512/801
f 801/1512/801 778/1585/778 549/1479/549
f 551/1580/551 550/1532/550 778/1585/778
f 778/1585/778 571/1679/571 551/1580/551
f 553/1676/553 539/1669/539 552/1752/552
f 555/1670/555 542/1665/542 554/1739/554
f 539/1669/539 553/1676/553 541/1664/541
f 557/1830/557 359/1877/359 461/1825/461
f 556/1696/556 461/1667/461 688/1682/688
f 556/1807/556 557/1783/557 461/1813/461
f 559/1880/559 359/1877/359 557/1830/557
f 556/1807/556 558/1703/558 557/1783/557
f 559/1880/559 557/1830/557 648/1833/648
f 558/1703/558 648/1654/648 557/1783/557
f 562/1650/562 563/1680/563 560/1659/560
f 562/1650/562 560/1659/560 561/1607/561
f 564/1685/564 560/1668/560 563/1677/563
f 560/1668/560 564/1685/564 561/1663/561
f 686/1795/686 521/1740/521 532/1742/532
f 520/1684/520 532/1742/532 521/1740/521
f 532/1742/532 520/1684/520 649/1627/649
f 569/1926/569 566/1862/566 538/1903/538
f 566/1862/566 569/1926/569 777/1902/777
f 565/1770/565 570/1860/570 566/1862/566
f 567/1750/567 568/1788/568 565/1770/565
f 567/1864/567 572/1723/572 568/1874/568
f 538/1879/538 785/1706/785 569/1886/569
f 572/1723/572 571/1679/571 570/1878/570
f 573/1808/573 574/1780/574 686/1795/686
f 521/1740/521 574/1780/574 520/1684/520
f 574/1780/574 521/1740/521 686/1795/686
f 652/1674/652 520/1684/520 574/1780/574
f 359/1877/359 559/1880/559 575/1958/575
f 519/1971/519 575/1958/575 559/1880/559
f 519/1971/519 431/2058/431 575/1958/575
f 462/39/462 575/8/575 430/51/430
f 575/1958/575 462/1876/462 359/1877/359
f 575/1958/575 431/2058/431 428/2061/428
f 575/8/575 428/7/428 430/51/430
f 462/39/462 430/51/430 576/174/576
f 535/143/535 576/174/576 430/51/430
f 576/174/576 535/143/535 437/266/437
f 437/266/437 427/353/427 577/373/577
f 577/373/577 742/324/742 578/265/578
f 576/174/576 577/373/577 578/265/578
f 577/373/577 576/174/576 437/266/437
f 427/353/427 426/433/426 577/373/577
f 454/663/454 420/889/420 579/856/579
f 579/856/579 746/634/746 454/663/454
f 426/433/426 454/663/454 746/634/746
f 746/634/746 577/373/577 426/433/426
f 579/856/579 419/996/419 580/1015/580
f 419/996/419 579/856/579 420/889/420
f 433/1031/433 418/1091/418 581/1098/581
f 581/1098/581 419/996/419 433/1031/433
f 581/1098/581 580/1015/580 419/996/419
f 417/1218/417 413/1277/413 582/1270/582
f 582/1270/582 744/1219/744 417/1218/417
f 418/1091/418 417/1218/417 744/1219/744
f 744/1219/744 581/1098/581 418/1091/418
f 412/1292/412 411/1306/411 583/1307/583
f 583/1307/583 584/1298/584 412/1292/412
f 584/1298/584 583/1307/583 510/1308/510
f 510/1308/510 382/1296/382 584/1298/584
f 582/1270/582 584/1298/584 382/1296/382
f 413/1277/413 412/1292/412 584/1298/584
f 584/1298/584 582/1270/582 413/1277/413
f 509/1643/509 508/1637/508 678/1626/678
f 678/1626/678 585/1644/585 509/1643/509
f 585/1644/585 678/1626/678 677/1630/677
f 677/1630/677 510/1646/510 585/1644/585
f 583/1757/583 585/1745/585 510/1746/510
f 411/1759/411 509/1749/509 585/1745/585
f 585/1745/585 583/1757/583 411/1759/411
f 445/1534/445 444/1601/444 619/1595/619
f 482/2088/482 586/2282/586 487/2274/487
f 499/1729/499 365/1716/365 587/1720/587
f 587/1720/587 588/1727/588 499/1729/499
f 588/1727/588 587/1720/587 449/1719/449
f 449/1719/449 512/1722/512 588/1727/588
f 589/2416/589 588/2419/588 512/2417/512
f 512/2417/512 674/2410/674 589/2416/589
f 588/2419/588 589/2416/589 499/2420/499
f 590/1672/590 450/1698/450 449/1719/449
f 449/1719/449 587/1720/587 590/1672/590
f 365/1716/365 590/1672/590 587/1720/587
f 597/2952/597 603/2821/603 527/2935/527
f 523/2894/523 601/2896/601 591/2815/591
f 591/2815/591 592/2812/592 523/2894/523
f 592/2812/592 591/2815/591 348/2745/348
f 593/2806/593 592/2807/592 348/2885/348
f 592/2807/592 593/2806/593 523/2740/523
f 342/2737/342 343/2658/343 525/2704/525
f 594/2654/594 525/2704/525 343/2658/343
f 526/2652/526 525/2704/525 594/2654/594
f 594/2654/594 595/2651/595 526/2652/526
f 595/2651/595 594/2654/594 343/2658/343
f 343/2658/343 350/2653/350 595/2651/595
f 596/3004/596 595/3008/595 350/3006/350
f 595/3008/595 596/3004/596 526/3010/526
f 529/2998/529 526/3010/526 596/3004/596
f 596/3004/596 597/2952/597 529/2998/529
f 597/2952/597 596/3004/596 350/3006/350
f 527/2935/527 529/2998/529 597/2952/597
f 432/1838/432 518/1847/518 358/1906/358
f 598/1852/598 358/1906/358 518/1847/518
f 358/1906/358 598/1852/598 645/1896/645
f 358/1906/358 357/1882/357 432/1838/432
f 357/2888/357 341/2869/341 432/2917/432
f 349/2910/349 432/2917/432 341/2869/341
f 599/2835/599 348/2885/348 349/2910/349
f 349/2910/349 341/2869/341 599/2835/599
f 600/2736/600 523/2740/523 593/2806/593
f 593/2806/593 599/2835/599 600/2736/600
f 599/2835/599 593/2806/593 348/2885/348
f 524/2687/524 600/2736/600 599/2835/599
f 599/2835/599 525/2704/525 524/2687/524
f 522/2710/522 523/2740/523 600/2736/600
f 522/2710/522 600/2736/600 524/2687/524
f 527/2935/527 601/2896/601 522/2924/522
f 603/2821/603 602/2729/602 348/2745/348
f 348/2745/348 591/2815/591 603/2821/603
f 601/2896/601 603/2821/603 591/2815/591
f 603/2821/603 601/2896/601 527/2935/527
f 603/2821/603 346/2756/346 602/2729/602
f 604/2721/604 349/2724/349 602/2729/602
f 349/2724/349 348/2745/348 602/2729/602
f 517/2754/517 396/2752/396 604/2721/604
f 604/2721/604 602/2729/602 517/2754/517
f 346/2756/346 517/2754/517 602/2729/602
f 605/2956/605 604/2965/604 396/2964/396
f 396/2964/396 399/2957/399 605/2956/605
f 606/47/606 605/31/605 399/30/399
f 429/46/429 604/5/604 605/31/605
f 605/31/605 606/47/606 429/46/429
f 536/126/536 607/135/607 434/240/434
f 607/135/607 536/126/536 429/46/429
f 429/46/429 606/47/606 607/135/607
f 609/310/609 436/285/436 434/240/434
f 608/345/608 436/285/436 609/310/609
f 609/310/609 610/421/610 611/419/611
f 611/419/611 608/345/608 609/310/609
f 608/345/608 611/419/611 424/418/424
f 614/659/614 735/885/735 612/899/612
f 612/899/612 613/660/613 614/659/614
f 613/660/613 612/899/612 423/900/423
f 423/900/423 453/661/453 613/660/613
f 611/419/611 613/660/613 453/661/453
f 453/661/453 424/418/424 611/419/611
f 610/421/610 614/659/614 613/660/613
f 613/660/613 611/419/611 610/421/610
f 422/977/422 423/900/423 612/899/612
f 612/899/612 615/976/615 422/977/422
f 615/976/615 612/899/612 735/885/735
f 616/1108/616 617/1040/617 734/1075/734
f 422/977/422 615/976/615 617/1040/617
f 734/1075/734 617/1040/617 615/976/615
f 384/1283/384 618/1224/618 733/1233/733
f 618/1224/618 384/1283/384 414/1272/414
f 414/1272/414 416/1225/416 618/1224/618
f 616/1108/616 618/1224/618 416/1225/416
f 734/1075/734 733/1233/733 618/1224/618
f 618/1224/618 616/1108/616 734/1075/734
f 387/1289/387 386/1332/386 679/1337/679
f 387/1289/387 414/1272/414 384/1283/384
f 620/1555/620 619/1595/619 389/1598/389
f 375/1513/375 619/1595/619 620/1555/620
f 620/1555/620 659/1499/659 375/1513/375
f 483/2144/483 683/2288/683 481/2284/481
f 500/2405/500 622/2428/622 366/2422/366
f 504/2418/504 503/2425/503 622/2428/622
f 622/2428/622 500/2405/500 504/2418/504
f 366/1731/366 622/1721/622 364/1714/364
f 371/1649/371 367/1683/367 364/1714/364
f 364/1714/364 622/1721/622 371/1649/371
f 274/2594/274 337/2604/337 623/2597/623
f 360/2599/360 393/2590/393 623/2597/623
f 276/95/276 274/11/274 623/10/623
f 623/10/623 393/40/393 276/95/276
f 624/275/624 111/282/111 276/95/276
f 276/95/276 754/173/754 624/275/624
f 276/95/276 393/40/393 754/173/754
f 753/322/753 752/461/752 625/422/625
f 625/422/625 624/275/624 753/322/753
f 625/422/625 111/282/111 624/275/624
f 626/671/626 750/881/750 278/852/278
f 626/671/626 625/422/625 752/461/752
f 627/1023/627 278/852/278 750/881/750
f 750/881/750 457/1004/457 627/1023/627
f 749/1092/749 627/1023/627 457/1004/457
f 279/1160/279 627/1023/627 749/1092/749
f 749/1092/749 406/1207/406 279/1160/279
f 282/1286/282 279/1160/279 406/1207/406
f 406/1207/406 629/1284/629 282/1286/282
f 628/1312/628 629/1284/629 363/1302/363
f 629/1284/629 628/1312/628 283/1313/283
f 283/1313/283 282/1286/282 629/1284/629
f 628/1610/628 630/1616/630 283/1540/283
f 630/1616/630 628/1610/628 363/1688/363
f 363/1688/363 450/1698/450 630/1616/630
f 285/1543/285 283/1540/283 630/1616/630
f 450/1698/450 590/1672/590 630/1616/630
f 288/1545/288 285/1543/285 630/1616/630
f 630/1616/630 590/1672/590 288/1545/288
f 631/1612/631 632/1611/632 367/1683/367
f 632/1611/632 631/1612/631 289/1541/289
f 289/1541/289 288/1545/288 632/1611/632
f 590/1672/590 632/1611/632 288/1545/288
f 590/1672/590 367/1683/367 632/1611/632
f 290/1542/290 289/1541/289 631/1612/631
f 631/1612/631 633/1578/633 290/1542/290
f 633/1578/633 631/1612/631 367/1683/367
f 371/1649/371 633/1578/633 367/1683/367
f 371/1649/371 369/1687/369 294/1546/294
f 294/1546/294 633/1578/633 371/1649/371
f 634/1615/634 635/1613/635 447/1689/447
f 635/1613/635 634/1615/634 295/1544/295
f 295/1544/295 294/1546/294 635/1613/635
f 369/1687/369 635/1613/635 294/1546/294
f 369/1687/369 447/1689/447 635/1613/635
f 296/1295/296 295/1326/295 634/1327/634
f 634/1327/634 636/1294/636 296/1295/296
f 636/1294/636 634/1327/634 447/1328/447
f 447/1328/447 353/1280/353 636/1294/636
f 298/1278/298 296/1295/296 636/1294/636
f 636/1294/636 353/1280/353 298/1278/298
f 638/1030/638 637/1208/637 471/1215/471
f 637/1208/637 638/1030/638 300/1046/300
f 637/1208/637 298/1278/298 353/1280/353
f 353/1280/353 471/1215/471 637/1208/637
f 638/1030/638 408/853/408 639/886/639
f 639/886/639 300/1046/300 638/1030/638
f 456/672/456 640/434/640 303/471/303
f 456/672/456 639/886/639 408/853/408
f 641/338/641 303/471/303 640/434/640
f 640/434/640 478/323/478 641/338/641
f 480/238/480 641/338/641 478/323/478
f 641/338/641 480/238/480 304/221/304
f 537/124/537 405/49/405 642/70/642
f 480/238/480 642/70/642 304/221/304
f 480/238/480 537/124/537 642/70/642
f 404/2083/404 372/2068/372 643/2076/643
f 308/2066/308 307/2081/307 643/2076/643
f 373/2020/373 643/2076/643 372/2068/372
f 309/1964/309 308/2066/308 643/2076/643
f 643/2076/643 373/2020/373 309/1964/309
f 311/1870/311 309/1964/309 645/1896/645
f 373/2020/373 645/1896/645 309/1964/309
f 373/2020/373 358/1906/358 645/1896/645
f 644/1844/644 645/1896/645 598/1852/598
f 645/1896/645 644/1844/644 312/1842/312
f 312/1842/312 311/1870/311 645/1896/645
f 315/2059/315 314/2110/314 646/2071/646
f 644/2120/644 646/2071/646 314/2110/314
f 314/2110/314 312/2119/312 644/2120/644
f 646/2071/646 644/2120/644 598/2121/598
f 519/1971/519 559/1880/559 647/1913/647
f 646/2071/646 647/1913/647 316/1912/316
f 316/1912/316 315/2059/315 646/2071/646
f 646/2071/646 519/1971/519 647/1913/647
f 317/1832/317 316/1912/316 647/1913/647
f 647/1913/647 648/1833/648 317/1832/317
f 648/1833/648 647/1913/647 559/1880/559
f 319/1538/319 317/1565/317 648/1654/648
f 648/1654/648 558/1703/558 319/1538/319
f 321/1569/321 322/1562/322 649/1627/649
f 770/1617/770 649/1627/649 322/1562/322
f 322/1562/322 324/1563/324 770/1617/770
f 771/1681/771 532/1742/532 649/1627/649
f 649/1627/649 770/1617/770 771/1681/771
f 650/1614/650 649/1627/649 520/1684/520
f 649/1627/649 650/1614/650 325/1561/325
f 325/1561/325 321/1569/321 649/1627/649
f 326/1560/326 325/1561/325 650/1614/650
f 651/1621/651 650/1614/650 520/1684/520
f 328/1559/328 326/1560/326 650/1614/650
f 650/1614/650 651/1621/651 328/1559/328
f 651/1621/651 331/1557/331 328/1559/328
f 651/1621/651 520/1684/520 652/1674/652
f 651/1621/651 652/1674/652 755/1548/755
f 334/1558/334 653/1620/653 654/1619/654
f 653/1620/653 334/1558/334 335/1529/335
f 335/1529/335 655/1656/655 653/1620/653
f 533/1686/533 654/1619/654 653/1620/653
f 653/1620/653 655/1656/655 533/1686/533
f 656/2607/656 337/2604/337 334/2616/334
f 334/2616/334 654/2617/654 656/2607/656
f 533/2610/533 656/2607/656 654/2617/654
f 656/2607/656 533/2610/533 360/2599/360
f 623/2597/623 656/2607/656 360/2599/360
f 656/2607/656 623/2597/623 337/2604/337
f 496/1507/496 439/1509/439 657/1491/657
f 490/1998/490 496/1997/496 657/1969/657
f 442/1511/442 658/1489/658 657/1491/657
f 657/1491/657 439/1509/439 442/1511/442
f 658/1489/658 442/1511/442 445/1534/445
f 375/1513/375 659/1499/659 658/1489/658
f 658/1489/658 445/1534/445 375/1513/375
f 659/1499/659 491/1490/491 658/1489/658
f 659/1499/659 381/1510/381 491/1490/491
f 491/1490/491 381/1510/381 493/1508/493
f 491/1970/491 493/1996/493 484/1999/484
f 484/1999/484 621/1983/621 491/1970/491
f 658/1967/658 491/1970/491 621/1983/621
f 658/1967/658 621/1983/621 488/1993/488
f 657/1969/657 658/1967/658 488/1993/488
f 488/1993/488 490/1998/490 657/1969/657
f 671/2786/671 159/2792/159 660/2769/660
f 660/2769/660 272/2738/272 671/2786/671
f 159/2792/159 157/2768/157 660/2769/660
f 142/2739/142 661/2794/661 48/2801/48
f 661/2794/661 142/2739/142 157/2768/157
f 662/2668/662 40/2629/40 150/2624/150
f 150/2624/150 48/2667/48 662/2668/662
f 48/2801/48 150/2747/150 142/2739/142
f 50/2676/50 662/2668/662 48/2667/48
f 662/2668/662 270/2626/270 41/2630/41
f 662/2668/662 41/2630/41 40/2629/40
f 44/2675/44 47/2674/47 663/2665/663
f 663/2665/663 270/2626/270 44/2675/44
f 662/2668/662 44/2675/44 270/2626/270
f 32/2622/32 270/2626/270 663/2665/663
f 47/2674/47 161/2677/161 663/2665/663
f 663/2665/663 163/2669/163 664/2632/664
f 664/2632/664 32/2622/32 663/2665/663
f 665/2666/665 666/2627/666 239/2670/239
f 163/2669/163 239/2670/239 666/2627/666
f 666/2627/666 664/2632/664 163/2669/163
f 667/2673/667 116/2628/116 666/2627/666
f 666/2627/666 665/2666/665 667/2673/667
f 166/2663/166 153/2623/153 116/2628/116
f 116/2628/116 667/2673/667 166/2663/166
f 22/2672/22 166/2663/166 667/2673/667
f 668/2773/668 147/2744/147 153/2748/153
f 153/2748/153 166/2793/166 668/2773/668
f 243/2788/243 155/2789/155 669/2782/669
f 669/2782/669 670/2783/670 243/2788/243
f 670/2783/670 669/2782/669 135/2735/135
f 135/2735/135 144/2644/144 670/2783/670
f 668/2773/668 670/2783/670 144/2644/144
f 165/2787/165 243/2788/243 670/2783/670
f 670/2783/670 668/2773/668 165/2787/165
f 272/2738/272 135/2735/135 671/2786/671
f 669/2782/669 671/2786/671 135/2735/135
f 155/2789/155 154/2795/154 671/2786/671
f 671/2786/671 669/2782/669 155/2789/155
f 499/2420/499 672/2412/672 500/2405/500
f 481/2284/481 500/2405/500 672/2412/672
f 672/2412/672 586/2282/586 481/2284/481
f 672/2412/672 499/2420/499 589/2416/589
f 589/2416/589 673/2409/673 672/2412/672
f 673/2409/673 589/2416/589 674/2410/674
f 586/2282/586 673/2409/673 674/2410/674
f 674/2410/674 487/2274/487 586/2282/586
f 586/2282/586 672/2412/672 673/2409/673
f 675/2408/675 497/2286/497 487/2274/487
f 487/2274/487 674/2410/674 675/2408/675
f 513/2421/513 675/2408/675 674/2410/674
f 675/2408/675 513/2421/513 511/2430/511
f 676/1638/676 443/1604/443 497/1602/497
f 497/1602/497 675/1628/675 676/1638/676
f 351/1639/351 676/1638/676 675/1628/675
f 675/1628/675 511/1633/511 351/1639/351
f 444/1601/444 676/1638/676 677/1630/677
f 676/1638/676 444/1601/444 443/1604/443
f 508/1637/508 619/1595/619 678/1626/678
f 444/1601/444 677/1630/677 678/1626/678
f 678/1626/678 619/1595/619 444/1601/444
f 619/1595/619 508/1637/508 679/1641/679
f 386/1640/386 680/1634/680 679/1641/679
f 619/1595/619 679/1641/679 680/1634/680
f 680/1634/680 389/1598/389 619/1595/619
f 680/1634/680 386/1640/386 383/1635/383
f 389/1598/389 383/1635/383 377/1623/377
f 389/1598/389 680/1634/680 383/1635/383
f 681/1642/681 379/1605/379 378/1606/378
f 681/1642/681 378/1606/378 377/1623/377
f 505/2426/505 486/2285/486 494/2287/494
f 505/1629/505 494/1603/494 379/1605/379
f 379/1605/379 681/1642/681 505/1629/505
f 506/1636/506 505/1629/505 681/1642/681
f 682/2407/682 683/2288/683 486/2285/486
f 486/2285/486 505/2426/505 682/2407/682
f 502/2415/502 683/2288/683 682/2407/682
f 683/2288/683 502/2415/502 504/2418/504
f 683/2288/683 504/2418/504 500/2405/500
f 500/2405/500 481/2284/481 683/2288/683
f 685/1666/685 543/1662/543 555/1670/555
f 684/1436/684 685/1342/685 461/1339/461
f 685/1342/685 684/1436/684 801/1512/801
f 801/1512/801 548/1432/548 685/1342/685
f 548/1432/548 543/1430/543 685/1342/685
f 573/1872/573 569/1886/569 785/1706/785
f 569/1886/569 573/1872/573 686/1891/686
f 686/1943/686 777/1902/777 569/1926/569
f 687/1909/687 777/1902/777 544/1911/544
f 555/1670/555 688/1682/688 685/1666/685
f 688/1682/688 555/1670/555 554/1739/554
f 461/1667/461 685/1666/685 688/1682/688
f 200/1409/200 696/1410/696 689/1417/689
f 214/1411/214 689/1417/689 696/1410/696
f 689/1417/689 214/1411/214 212/1429/212
f 690/1525/690 766/1533/766 788/1522/788
f 788/1522/788 762/1493/762 690/1525/690
f 692/1551/692 228/1537/228 788/1522/788
f 788/1522/788 223/1547/223 692/1551/692
f 16/1556/16 692/1551/692 223/1547/223
f 691/1364/691 692/1412/692 16/1381/16
f 692/1412/692 691/1364/691 230/1463/230
f 230/1463/230 228/1454/228 692/1412/692
f 760/1387/760 693/1439/693 757/1353/757
f 694/1444/694 203/1344/203 695/1352/695
f 695/1352/695 205/1437/205 694/1444/694
f 696/1359/696 200/1438/200 205/1437/205
f 205/1437/205 695/1352/695 696/1359/696
f 214/1343/214 696/1359/696 695/1352/695
f 700/1235/700 21/1273/21 42/1281/42
f 55/1000/55 75/1008/75 72/1110/72
f 124/679/124 82/440/82 54/463/54
f 698/311/698 697/304/697 82/440/82
f 54/463/54 82/440/82 697/304/697
f 697/304/697 698/311/698 110/222/110
f 701/1128/701 700/1235/700 42/1281/42
f 703/1010/703 709/855/709 702/870/702
f 705/633/705 102/435/102 704/446/704
f 704/446/704 126/652/126 705/633/705
f 702/870/702 705/633/705 126/652/126
f 705/633/705 702/870/702 709/855/709
f 704/446/704 102/435/102 706/283/706
f 233/105/233 134/37/134 133/35/133
f 701/1128/701 707/1206/707 93/1074/93
f 42/1281/42 237/1268/237 707/1206/707
f 707/1206/707 701/1128/701 42/1281/42
f 93/1074/93 703/1010/703 701/1128/701
f 98/895/98 709/855/709 708/973/708
f 703/1010/703 708/973/708 709/855/709
f 703/1010/703 93/1074/93 708/973/708
f 709/855/709 98/895/98 129/664/129
f 129/664/129 705/633/705 709/855/709
f 705/633/705 129/664/129 102/435/102
f 101/321/101 706/283/706 102/435/102
f 109/259/109 710/187/710 101/321/101
f 706/283/706 101/321/101 710/187/710
f 710/187/710 233/105/233 706/283/706
f 710/187/710 109/259/109 189/77/189
f 189/77/189 233/105/233 710/187/710
f 712/880/712 52/854/52 51/999/51
f 51/999/51 711/1063/711 712/880/712
f 52/854/52 712/880/712 714/629/714
f 132/680/132 714/629/714 712/880/712
f 81/462/81 713/437/713 714/629/714
f 714/629/714 132/680/132 81/462/81
f 713/437/713 80/320/80 715/312/715
f 80/320/80 713/437/713 81/462/81
f 715/312/715 80/320/80 107/223/107
f 711/1063/711 84/1067/84 73/1229/73
f 711/1063/711 51/999/51 84/1067/84
f 714/629/714 713/437/713 85/467/85
f 85/467/85 130/692/130 714/629/714
f 52/854/52 714/629/714 130/692/130
f 130/692/130 83/884/83 52/854/52
f 715/312/715 87/350/87 85/467/85
f 85/467/85 713/437/713 715/312/715
f 68/42/68 65/36/65 192/127/192
f 716/1212/716 717/1144/717 11/1287/11
f 722/1102/722 717/1144/717 716/1212/716
f 722/1102/722 719/1011/719 74/1013/74
f 74/1013/74 717/1144/717 722/1102/722
f 719/1011/719 723/846/723 718/875/718
f 718/875/718 74/1013/74 719/1011/719
f 79/436/79 132/680/132 724/628/724
f 718/875/718 724/628/724 132/680/132
f 724/628/724 718/875/718 723/846/723
f 716/1212/716 11/1287/11 299/1267/299
f 716/1212/716 300/1046/300 722/1102/722
f 722/1102/722 300/1046/300 719/1011/719
f 301/867/301 723/846/723 719/1011/719
f 725/457/725 79/436/79 724/628/724
f 302/668/302 724/628/724 723/846/723
f 723/846/723 301/867/301 302/668/302
f 724/628/724 302/668/302 725/457/725
f 79/436/79 725/457/725 726/295/726
f 726/295/726 720/284/720 79/436/79
f 720/284/720 726/295/726 721/131/721
f 305/50/305 68/42/68 721/131/721
f 463/1228/463 471/1215/471 388/1275/388
f 471/1215/471 463/1228/463 464/1053/464
f 464/1053/464 473/1066/473 471/1215/471
f 353/1280/353 388/1275/388 471/1215/471
f 464/1053/464 465/864/465 727/874/727
f 727/874/727 473/1066/473 464/1053/464
f 727/874/727 465/864/465 467/643/467
f 468/441/468 728/443/728 467/643/467
f 477/651/477 467/643/467 728/443/728
f 467/643/467 477/651/477 727/874/727
f 469/274/469 479/316/479 728/443/728
f 728/443/728 468/441/468 469/274/469
f 479/316/479 469/274/469 480/238/480
f 480/238/480 469/274/469 537/124/537
f 463/1228/463 734/1075/734 464/1053/464
f 464/1053/464 734/1075/734 409/1016/409
f 466/647/466 729/655/729 730/454/730
f 729/655/729 466/647/466 410/871/410
f 731/657/731 729/655/729 410/871/410
f 737/439/737 730/454/730 729/655/729
f 729/655/729 731/657/731 737/439/737
f 435/325/435 730/454/730 737/439/737
f 732/132/732 401/38/401 470/45/470
f 732/132/732 469/274/469 434/240/434
f 463/1228/463 733/1233/733 734/1075/734
f 733/1233/733 463/1228/463 388/1275/388
f 388/1275/388 384/1283/384 733/1233/733
f 734/1075/734 615/976/615 409/1016/409
f 615/976/615 735/885/735 410/871/410
f 410/871/410 409/1016/409 615/976/615
f 731/657/731 736/658/736 737/439/737
f 736/658/736 731/657/731 410/871/410
f 410/871/410 735/885/735 736/658/736
f 614/659/614 736/658/736 735/885/735
f 610/421/610 737/439/737 736/658/736
f 736/658/736 614/659/614 610/421/610
f 609/310/609 435/325/435 737/439/737
f 737/439/737 610/421/610 609/310/609
f 434/240/434 435/325/435 609/310/609
f 607/135/607 606/47/606 401/38/401
f 401/38/401 732/132/732 607/135/607
f 434/240/434 607/135/607 732/132/732
f 458/1105/458 743/1099/743 738/1223/738
f 459/1012/459 580/1015/580 743/1099/743
f 743/1099/743 458/1105/458 459/1012/459
f 580/1015/580 459/1012/459 739/868/739
f 739/868/739 745/869/745 580/1015/580
f 740/438/740 747/442/747 741/653/741
f 745/869/745 739/868/739 741/653/741
f 747/442/747 740/438/740 742/324/742
f 460/273/460 742/324/742 740/438/740
f 742/324/742 460/273/460 748/155/748
f 743/1099/743 744/1219/744 738/1223/738
f 744/1219/744 743/1099/743 581/1098/581
f 744/1219/744 582/1270/582 354/1269/354
f 354/1269/354 738/1223/738 744/1219/744
f 581/1098/581 743/1099/743 580/1015/580
f 745/869/745 579/856/579 580/1015/580
f 747/442/747 577/373/577 746/634/746
f 579/856/579 745/869/745 746/634/746
f 741/653/741 746/634/746 745/869/745
f 746/634/746 741/653/741 747/442/747
f 742/324/742 577/373/577 747/442/747
f 578/265/578 742/324/742 748/155/748
f 576/174/576 748/155/748 462/39/462
f 748/155/748 576/174/576 578/265/578
f 395/44/395 462/39/462 748/155/748
f 406/1207/406 749/1092/749 407/1109/407
f 406/1207/406 362/1274/362 629/1284/629
f 407/1109/407 749/1092/749 457/1004/457
f 457/1004/457 750/881/750 390/890/390
f 451/644/451 751/650/751 752/461/752
f 751/650/751 451/644/451 390/890/390
f 390/890/390 750/881/750 751/650/751
f 626/671/626 751/650/751 750/881/750
f 751/650/751 626/671/626 752/461/752
f 754/173/754 753/322/753 624/275/624
f 754/173/754 393/40/393 395/44/395
f 329/1498/329 755/1548/755 758/1433/758
f 758/1433/758 756/1434/756 329/1498/329
f 758/1433/758 757/1380/757 756/1434/756
f 757/1380/757 758/1433/758 759/1370/759
f 759/1370/759 760/1362/760 757/1380/757
f 760/1387/760 759/1345/759 761/1394/761
f 760/1387/760 761/1394/761 693/1439/693
f 763/1505/763 690/1525/690 762/1493/762
f 690/1525/690 763/1505/763 764/1506/764
f 765/1415/765 766/1395/766 690/1355/690
f 690/1355/690 764/1356/764 765/1415/765
f 766/1395/766 765/1415/765 767/1466/767
f 767/1466/767 186/1458/186 766/1395/766
f 768/1564/768 324/1563/324 323/1501/323
f 323/1501/323 767/1466/767 768/1564/768
f 767/1466/767 323/1501/323 186/1458/186
f 769/1593/769 768/1564/768 767/1466/767
f 324/1563/324 768/1564/768 770/1617/770
f 769/1593/769 770/1617/770 768/1564/768
f 772/1702/772 771/1681/771 770/1617/770
f 770/1617/770 769/1593/769 772/1702/772
f 772/1702/772 773/1763/773 771/1681/771
f 773/1763/773 772/1702/772 774/1785/774
f 775/1800/775 687/1797/687 773/1763/773
f 774/1785/774 775/1800/775 773/1763/773
f 775/1800/775 774/1785/774 776/1811/776
f 776/1889/776 687/1909/687 775/1907/775
f 687/1909/687 776/1889/776 800/1834/800
f 800/1834/800 777/1902/777 687/1909/687
f 777/1902/777 800/1834/800 566/1862/566
f 565/1770/565 564/1685/564 563/1677/563
f 562/1650/562 572/1723/572 563/1680/563
f 779/1624/779 545/1692/545 785/1706/785
f 785/1706/785 778/1585/778 779/1624/779
f 780/1787/780 531/1776/531 545/1809/545
f 545/1809/545 779/1804/779 780/1787/780
f 531/1776/531 780/1787/780 652/1674/652
f 652/1674/652 781/1609/781 755/1548/755
f 224/1440/224 782/1413/782 226/1447/226
f 226/1447/226 225/1448/225 224/1440/224
f 227/1655/227 782/1673/782 224/1678/224
f 227/1655/227 219/1651/219 782/1673/782
f 230/1463/230 693/1439/693 194/1504/194
f 783/1360/783 757/1353/757 693/1439/693
f 691/1364/691 783/1360/783 693/1439/693
f 693/1439/693 230/1463/230 691/1364/691
f 757/1380/757 783/1348/783 756/1434/756
f 691/1367/691 756/1434/756 783/1348/783
f 331/1557/331 755/1548/755 329/1498/329
f 755/1548/755 331/1557/331 651/1621/651
f 574/1780/574 531/1776/531 652/1674/652
f 574/1780/574 784/1814/784 545/1809/545
f 545/1809/545 531/1776/531 574/1780/574
f 784/1814/784 574/1780/574 573/1808/573
f 785/1706/785 784/1789/784 573/1872/573
f 785/1706/785 545/1692/545 784/1789/784
f 572/1723/572 786/1774/786 563/1680/563
f 572/1723/572 567/1864/567 786/1774/786
f 563/1677/563 786/1701/786 565/1770/565
f 786/1701/786 567/1750/567 565/1770/565
f 544/1911/544 777/1902/777 787/1924/787
f 777/1902/777 686/1943/686 787/1924/787
f 532/1742/532 687/1797/687 544/1806/544
f 544/1806/544 787/1805/787 532/1742/532
f 686/1795/686 532/1742/532 787/1805/787
f 532/1742/532 773/1763/773 687/1797/687
f 766/1533/766 223/1547/223 788/1522/788
f 790/1531/790 335/1529/335 202/1421/202
f 202/1421/202 758/1433/758 790/1531/790
f 755/1548/755 790/1531/790 758/1433/758
f 202/1421/202 791/1358/791 758/1433/758
f 791/1358/791 202/1421/202 204/1354/204
f 759/1370/759 758/1433/758 791/1358/791
f 793/1363/793 761/1394/761 759/1345/759
f 759/1345/759 791/1341/791 793/1363/793
f 204/1340/204 793/1363/793 791/1341/791
f 793/1363/793 204/1340/204 203/1344/203
f 792/1503/792 793/1363/793 694/1444/694
f 793/1363/793 792/1503/792 693/1439/693
f 693/1439/693 761/1394/761 793/1363/793
f 203/1344/203 694/1444/694 793/1363/793
f 792/1503/792 216/1590/216 195/1575/195
f 195/1575/195 194/1504/194 792/1503/792
f 194/1504/194 693/1439/693 792/1503/792
f 794/1416/794 209/1427/209 789/1461/789
f 795/1462/795 763/1505/763 762/1493/762
f 762/1493/762 209/1427/209 795/1462/795
f 689/1417/689 795/1462/795 209/1427/209
f 795/1462/795 689/1417/689 212/1429/212
f 795/1462/795 212/1429/212 211/1426/211
f 211/1426/211 796/1464/796 795/1462/795
f 764/1506/764 795/1462/795 796/1464/796
f 795/1462/795 764/1506/764 763/1505/763
f 797/1420/797 765/1415/765 764/1356/764
f 764/1356/764 796/1357/796 797/1420/797
f 213/1414/213 797/1420/797 796/1357/796
f 796/1357/796 211/1361/211 213/1414/213
f 797/1420/797 213/1414/213 320/1465/320
f 797/1420/797 767/1466/767 765/1415/765
f 319/1538/319 769/1593/769 767/1466/767
f 767/1466/767 797/1420/797 319/1538/319
f 320/1465/320 319/1538/319 797/1420/797
f 798/1765/798 772/1702/772 769/1593/769
f 558/1703/558 769/1593/769 319/1538/319
f 558/1703/558 798/1765/798 769/1593/769
f 774/1785/774 772/1702/772 798/1765/798
f 798/1765/798 558/1703/558 556/1807/556
f 556/1696/556 688/1682/688 554/1739/554
f 554/1739/554 799/1799/799 556/1696/556
f 799/1799/799 554/1739/554 776/1889/776
f 798/1765/798 799/1812/799 776/1811/776
f 776/1811/776 774/1785/774 798/1765/798
f 799/1812/799 798/1765/798 556/1807/556
f 554/1739/554 800/1834/800 776/1889/776
f 779/1624/779 801/1512/801 802/1530/802
f 801/1512/801 779/1624/779 778/1585/778
f 684/1436/684 802/1530/802 801/1512/801
f 805/1794/805 780/1787/780 779/1804/779
f 779/1804/779 803/1803/803 805/1794/805
f 779/1624/779 802/1530/802 803/1528/803
f 547/1425/547 803/1528/803 802/1530/802
f 802/1530/802 684/1436/684 547/1425/547
f 547/1798/547 805/1794/805 803/1803/803
f 804/1728/804 805/1794/805 546/1773/546
f 805/1794/805 804/1728/804 780/1787/780
f 547/1798/547 546/1773/546 805/1794/805
f 804/1728/804 652/1674/652 780/1787/780
f 804/1728/804 546/1773/546 655/1656/655
f 655/1656/655 335/1529/335 790/1531/790
f 790/1531/790 781/1609/781 655/1656/655
f 781/1609/781 790/1531/790 755/1548/755
f 781/1609/781 652/1674/652 804/1728/804
f 781/1609/781 804/1728/804 655/1656/655
f 210/1408/210 209/1427/209 201/1399/201
f 201/1399/201 197/1390/197 198/1407/198
f 198/1407/198 210/1408/210 201/1399/201
f 197/1536/197 207/1535/207 199/1486/199
f 199/1486/199 198/1487/198 197/1536/197
f 207/1535/207 206/1485/206 199/1486/199
f 792/1503/792 694/1444/694 206/1485/206
f 206/1485/206 207/1535/207 792/1503/792
f 195/1575/195 230/1463/230 194/1504/194
f 231/1539/231 229/1492/229 230/1463/230
f 230/1463/230 195/1575/195 231/1539/231
f 229/1519/229 231/1495/231 789/1461/789
f 789/1461/789 788/1522/788 229/1519/229
f 762/1493/762 788/1522/788 789/1461/789
f 762/1493/762 789/1461/789 209/1427/209
f 208/1406/208 794/1416/794 217/1393/217
f 196/1396/196 208/1406/208 217/1393/217
f 196/1582/196 217/1622/217 216/1590/216
f 219/1651/219 195/1575/195 216/1590/216
f 195/1575/195 219/1651/219 227/1655/227
f 227/1655/227 220/1594/220 195/1575/195
f 221/1625/221 193/1588/193 220/1594/220
f 193/1472/193 221/1460/221 226/1447/226
f 226/1447/226 789/1461/789 193/1472/193
f 226/1447/226 794/1416/794 789/1461/789
f 553/1676/553 552/1752/552 800/1834/800
f 800/1834/800 554/1739/554 553/1676/553
f 566/1862/566 800/1834/800 552/1752/552
f 538/1903/538 566/1862/566 570/1860/570
f 538/1879/538 570/1878/570 571/1679/571
f 785/1706/785 538/1879/538 571/1679/571
f 778/1585/778 785/1706/785 571/1679/571
f 550/1532/550 549/1479/549 778/1585/778
f 549/1479/549 550/1532/550 540/1527/540
f 540/1527/540 542/1471/542 549/1479/549
f 542/1665/542 540/1661/540 541/1664/541
f 541/1664/541 553/1676/553 542/1665/542
f 554/1739/554 542/1665/542 553/1676/553
f 564/1685/564 565/1770/565 552/1752/552
f 570/1860/570 565/1770/565 568/1788/568
f 570/1878/570 568/1874/568 572/1723/572
f 572/1723/572 562/1650/562 571/1679/571
f 562/1650/562 551/1580/551 571/1679/571
f 551/1580/551 562/1650/562 561/1607/561
f 561/1607/561 539/1579/539 551/1580/551
f 561/1663/561 564/1685/564 539/1669/539
f 552/1752/552 539/1669/539 564/1685/564
f 811/949/811 808/950/808 809/948/809
f 809/948/809 810/947/810 811/949/811
f 810/947/810 809/948/809 806/946/806
f 806/946/806 812/945/812 810/947/810
f 814/954/814 807/944/807 808/950/808
f 808/950/808 813/953/813 814/954/814
f 818/970/818 814/969/814 816/972/816
f 816/972/816 817/971/817 818/970/818
f 817/955/817 816/956/816 813/953/813
f 813/953/813 819/952/819 817/955/817
f 812/945/812 820/951/820 819/952/819
f 819/952/819 811/949/811 812/945/812
f 825/963/825 822/964/822 823/966/823
f 823/966/823 824/965/824 825/963/825
f 824/965/824 823/966/823 815/967/815
f 815/967/815 820/968/820 824/965/824
f 807/962/807 814/969/814 822/964/822
f 822/964/822 826/961/826 807/962/807
f 821/943/821 807/944/807 827/942/827
f 827/942/827 828/941/828 821/943/821
f 828/957/828 827/958/827 826/961/826
f 826/961/826 829/960/829 828/957/828
f 829/960/829 825/963/825 820/968/820
f 820/968/820 812/959/812 829/960/829
f 829/960/829 826/961/826 822/964/822
f 822/964/822 825/963/825 829/960/829
f 813/953/813 808/950/808 811/949/811
f 811/949/811 819/952/819 813/953/813
f 815/967/815 814/969/814 818/970/818
f 818/970/818 820/968/820 815/967/815
f 821/943/821 812/945/812 806/946/806
f 806/946/806 807/944/807 821/943/821
f 806/946/806 809/948/809 807/944/807
f 807/944/807 809/948/809 808/950/808
f 813/953/813 816/956/816 814/954/814
f 818/970/818 817/971/817 820/968/820
f 820/951/820 817/955/817 819/952/819
f 811/949/811 810/947/810 812/945/812
f 815/967/815 823/966/823 814/969/814
f 814/969/814 823/966/823 822/964/822
f 826/961/826 827/958/827 807/962/807
f 825/963/825 824/965/824 820/968/820
f 821/943/821 828/941/828 812/945/812
f 812/959/812 828/957/828 829/960/829
f 835/241/835 832/239/832 833/242/833
f 833/242/833 834/244/834 835/241/835
f 834/244/834 833/242/833 830/245/830
f 830/245/830 836/247/836 834/244/834
f 838/234/838 831/246/831 832/239/832
f 832/239/832 837/235/837 838/234/838
f 842/212/842 838/213/838 840/210/840
f 840/210/840 841/211/841 842/212/842
f 841/232/841 840/231/840 837/235/837
f 837/235/837 843/236/843 841/232/841
f 836/243/836 844/233/844 843/236/843
f 843/236/843 835/241/835 836/243/836
f 849/220/849 846/219/846 847/216/847
f 847/216/847 848/217/848 849/220/849
f 848/217/848 847/216/847 839/215/839
f 839/215/839 844/214/844 848/217/848
f 831/226/831 838/218/838 846/219/846
f 846/219/846 850/224/850 831/226/831
f 845/248/845 831/246/831 851/249/851
f 851/249/851 852/250/852 845/248/845
f 852/229/852 851/228/851 850/224/850
f 850/224/850 853/225/853 852/229/852
f 853/225/853 849/220/849 844/214/844
f 844/214/844 836/227/836 853/225/853
f 853/225/853 850/224/850 846/219/846
f 846/219/846 849/220/849 853/225/853
f 837/235/837 832/239/832 835/241/835
f 835/241/835 843/236/843 837/235/837
f 839/215/839 838/213/838 842/212/842
f 842/212/842 844/214/844 839/215/839
f 845/248/845 836/247/836 830/245/830
f 830/245/830 831/246/831 845/248/845
f 830/245/830 833/242/833 831/246/831
f 831/246/831 833/242/833 832/239/832
f 837/235/837 840/231/840 838/234/838
f 842/212/842 841/211/841 844/214/844
f 844/233/844 841/232/841 843/236/843
f 835/241/835 834/244/834 836/243/836
f 839/215/839 847/216/847 838/218/838
f 838/218/838 847/216/847 846/219/846
f 850/224/850 851/228/851 831/226/831
f 849/220/849 848/217/848 844/214/844
f 845/248/845 852/250/852 836/247/836
f 836/227/836 852/229/852 853/225/853
f 859/1009/859 856/1017/856 857/1006/857
f 857/1006/857 858/1007/858 859/1009/859
f 858/1007/858 857/1006/857 854/1005/854
f 854/1005/854 860/1002/860 858/1007/858
f 865/910/865 856/911/856 863/909/863
f 863/909/863 864/908/864 865/910/865
f 864/1022/864 863/1021/863 861/1018/861
f 861/1018/861 866/1019/866 864/1022/864
f 860/1002/860 867/1020/867 866/1019/866
f 866/1019/866 859/1009/859 860/1002/860
f 872/916/872 869/917/869 870/915/870
f 870/915/870 871/914/871 872/916/872
f 871/914/871 870/915/870 862/913/862
f 862/913/862 867/912/867 871/914/871
f 855/921/855 856/911/856 869/917/869
f 869/917/869 873/920/873 855/921/855
f 868/1001/868 855/1003/855 874/997/874
f 874/997/874 875/998/875 868/1001/868
f 875/922/875 874/923/874 873/920/873
f 873/920/873 876/919/876 875/922/875
f 876/919/876 872/916/872 867/912/867
f 867/912/867 860/918/860 876/919/876
f 876/919/876 873/920/873 869/917/869
f 869/917/869 872/916/872 876/919/876
f 861/1018/861 856/1017/856 859/1009/859
f 859/1009/859 866/1019/866 861/1018/861
f 862/913/862 856/911/856 865/910/865
f 865/910/865 867/912/867 862/913/862
f 868/1001/868 860/1002/860 854/1005/854
f 854/1005/854 855/1003/855 868/1001/868
f 854/1005/854 857/1006/857 855/1003/855
f 855/1003/855 857/1006/857 856/1017/856
f 861/1018/861 863/1021/863 856/1017/856
f 865/910/865 864/908/864 867/912/867
f 867/1020/867 864/1022/864 866/1019/866
f 859/1009/859 858/1007/858 860/1002/860
f 862/913/862 870/915/870 856/911/856
f 856/911/856 870/915/870 869/917/869
f 873/920/873 874/923/874 855/921/855
f 872/916/872 871/914/871 867/912/867
f 868/1001/868 875/998/875 860/1002/860
f 860/918/860 875/922/875 876/919/876
f 882/117/882 879/116/879 880/119/880
f 880/119/880 881/120/881 882/117/882
f 881/120/881 880/119/880 877/121/877
f 877/121/877 883/123/883 881/120/881
f 885/111/885 878/122/878 879/116/879
f 879/116/879 884/112/884 885/111/885
f 889/86/889 885/85/885 887/88/887
f 887/88/887 888/87/888 889/86/889
f 888/109/888 887/108/887 884/112/884
f 884/112/884 890/113/890 888/109/888
f 883/118/883 891/110/891 890/113/890
f 890/113/890 882/117/882 883/118/883
f 896/78/896 893/79/893 894/82/894
f 894/82/894 895/81/895 896/78/896
f 895/81/895 894/82/894 886/83/886
f 886/83/886 891/84/891 895/81/895
f 878/74/878 885/80/885 893/79/893
f 893/79/893 897/76/897 878/74/878
f 892/128/892 878/122/878 898/129/898
f 898/129/898 899/130/899 892/128/892
f 899/71/899 898/72/898 897/76/897
f 897/76/897 900/75/900 899/71/899
f 900/75/900 896/78/896 891/84/891
f 891/84/891 883/73/883 900/75/900
f 900/75/900 897/76/897 893/79/893
f 893/79/893 896/78/896 900/75/900
f 884/112/884 879/116/879 882/117/882
f 882/117/882 890/113/890 884/112/884
f 886/83/886 885/85/885 889/86/889
f 889/86/889 891/84/891 886/83/886
f 892/128/892 883/123/883 877/121/877
f 877/121/877 878/122/878 892/128/892
f 877/121/877 880/119/880 878/122/878
f 878/122/878 880/119/880 879/116/879
f 884/112/884 887/108/887 885/111/885
f 889/86/889 888/87/888 891/84/891
f 891/110/891 888/109/888 890/113/890
f 882/117/882 881/120/881 883/118/883
f 886/83/886 894/82/894 885/80/885
f 885/80/885 894/82/894 893/79/893
f 897/76/897 898/72/898 878/74/878
f 896/78/896 895/81/895 891/84/891
f 892/128/892 899/130/899 883/123/883
f 883/73/883 899/71/899 900/75/900
f 906/1033/906 903/1032/903 904/1034/904
f 904/1034/904 905/1036/905 906/1033/906
f 905/1036/905 904/1034/904 901/1038/901
f 901/1038/901 907/1042/907 905/1036/905
f 909/1026/909 902/1041/902 903/1032/903
f 903/1032/903 908/1028/908 909/1026/909
f 913/1062/913 909/1061/909 911/1065/911
f 911/1065/911 912/1064/912 913/1062/913
f 912/1025/912 911/1024/911 908/1028/908
f 908/1028/908 914/1029/914 912/1025/912
f 907/1035/907 915/1027/915 914/1029/914
f 914/1029/914 906/1033/906 907/1035/907
f 920/1054/920 917/1055/917 918/1058/918
f 918/1058/918 919/1057/919 920/1054/920
f 919/1057/919 918/1058/918 910/1059/910
f 910/1059/910 915/1060/915 919/1057/919
f 902/1050/902 909/1056/909 917/1055/917
f 917/1055/917 921/1052/921 902/1050/902
f 916/1043/916 902/1041/902 922/1044/922
f 922/1044/922 923/1045/923 916/1043/916
f 923/1047/923 922/1048/922 921/1052/921
f 921/1052/921 924/1051/924 923/1047/923
f 924/1051/924 920/1054/920 915/1060/915
f 915/1060/915 907/1049/907 924/1051/924
f 924/1051/924 921/1052/921 917/1055/917
f 917/1055/917 920/1054/920 924/1051/924
f 908/1028/908 903/1032/903 906/1033/906
f 906/1033/906 914/1029/914 908/1028/908
f 910/1059/910 909/1061/909 913/1062/913
f 913/1062/913 915/1060/915 910/1059/910
f 916/1043/916 907/1042/907 901/1038/901
f 901/1038/901 902/1041/902 916/1043/916
f 901/1038/901 904/1034/904 902/1041/902
f 902/1041/902 904/1034/904 903/1032/903
f 908/1028/908 911/1024/911 909/1026/909
f 913/1062/913 912/1064/912 915/1060/915
f 915/1027/915 912/1025/912 914/1029/914
f 906/1033/906 905/1036/905 907/1035/907
f 910/1059/910 918/1058/918 909/1056/909
f 909/1056/909 918/1058/918 917/1055/917
f 921/1052/921 922/1048/922 902/1050/902
f 920/1054/920 919/1057/919 915/1060/915
f 916/1043/916 923/1045/923 907/1042/907
f 907/1049/907 923/1047/923 924/1051/924
f 930/1135/930 927/1134/927 928/1137/928
f 928/1137/928 929/1136/929 930/1135/930
f 929/1136/929 928/1137/928 925/1138/925
f 925/1138/925 931/1139/931 929/1136/929
f 936/1163/936 927/1164/927 934/1162/934
f 934/1162/934 935/1161/935 936/1163/936
f 935/1129/935 934/1130/934 932/1133/932
f 932/1133/932 937/1132/937 935/1129/935
f 931/1139/931 938/1131/938 937/1132/937
f 937/1132/937 930/1135/930 931/1139/931
f 943/1170/943 940/1171/940 941/1169/941
f 941/1169/941 942/1167/942 943/1170/943
f 942/1167/942 941/1169/941 933/1166/933
f 933/1166/933 938/1165/938 942/1167/942
f 926/1174/926 927/1164/927 940/1171/940
f 940/1171/940 944/1173/944 926/1174/926
f 939/1141/939 926/1140/926 945/1143/945
f 945/1143/945 946/1142/946 939/1141/939
f 946/1176/946 945/1177/945 944/1173/944
f 944/1173/944 947/1172/947 946/1176/946
f 947/1172/947 943/1170/943 938/1168/938
f 938/1168/938 931/1175/931 947/1172/947
f 947/1172/947 944/1173/944 940/1171/940
f 940/1171/940 943/1170/943 947/1172/947
f 932/1133/932 927/1134/927 930/1135/930
f 930/1135/930 937/1132/937 932/1133/932
f 933/1166/933 927/1164/927 936/1163/936
f 936/1163/936 938/1165/938 933/1166/933
f 939/1141/939 931/1139/931 925/1138/925
f 925/1138/925 926/1140/926 939/1141/939
f 925/1138/925 928/1137/928 926/1140/926
f 926/1140/926 928/1137/928 927/1134/927
f 932/1133/932 934/1130/934 927/1134/927
f 936/1163/936 935/1161/935 938/1165/938
f 938/1131/938 935/1129/935 937/1132/937
f 930/1135/930 929/1136/929 931/1139/931
f 933/1166/933 941/1169/941 927/1164/927
f 927/1164/927 941/1169/941 940/1171/940
f 944/1173/944 945/1177/945 926/1174/926
f 943/1170/943 942/1167/942 938/1165/938
f 939/1141/939 946/1142/946 931/1139/931
f 931/1175/931 946/1176/946 947/1172/947
f 953/742/953 950/743/950 951/740/951
f 951/740/951 952/739/952 953/742/953
f 952/739/952 951/740/951 948/738/948
f 948/738/948 954/736/954 952/739/952
f 956/746/956 949/737/949 950/743/950
f 950/743/950 955/745/955 956/746/956
f 960/730/960 956/729/956 958/732/958
f 958/732/958 959/731/959 960/730/960
f 959/748/959 958/749/958 955/745/955
f 955/745/955 961/744/961 959/748/959
f 954/741/954 962/747/962 961/744/961
f 961/744/961 953/742/953 954/741/954
f 967/722/967 964/723/964 965/726/965
f 965/726/965 966/725/966 967/722/967
f 966/725/966 965/726/965 957/727/957
f 957/727/957 962/728/962 966/725/966
f 949/719/949 956/724/956 964/723/964
f 964/723/964 968/721/968 949/719/949
f 963/735/963 949/737/949 969/734/969
f 969/734/969 970/733/970 963/735/963
f 970/716/970 969/717/969 968/721/968
f 968/721/968 971/720/971 970/716/970
f 971/720/971 967/722/967 962/728/962
f 962/728/962 954/718/954 971/720/971
f 971/720/971 968/721/968 964/723/964
f 964/723/964 967/722/967 971/720/971
f 955/745/955 950/743/950 953/742/953
f 953/742/953 961/744/961 955/745/955
f 957/727/957 956/729/956 960/730/960
f 960/730/960 962/728/962 957/727/957
f 963/735/963 954/736/954 948/738/948
f 948/738/948 949/737/949 963/735/963
f 948/738/948 951/740/951 949/737/949
f 949/737/949 951/740/951 950/743/950
f 955/745/955 958/749/958 956/746/956
f 960/730/960 959/731/959 962/728/962
f 962/747/962 959/748/959 961/744/961
f 953/742/953 952/739/952 954/741/954
f 957/727/957 965/726/965 956/724/956
f 956/724/956 965/726/965 964/723/964
f 968/721/968 969/717/969 949/719/949
f 967/722/967 966/725/966 962/728/962
f 963/735/963 970/733/970 954/736/954
f 954/718/954 970/716/970 971/720/971
f 977/490/977 974/489/974 975/491/975
f 975/491/975 976/493/976 977/490/977
f 976/493/976 975/491/975 972/494/972
f 972/494/972 978/496/978 976/493/976
f 980/486/980 973/495/973 974/489/974
f 974/489/974 979/487/979 980/486/980
f 984/480/984 980/479/980 982/482/982
f 982/482/982 983/481/983 984/480/984
f 983/484/983 982/483/982 979/487/979
f 979/487/979 985/488/985 983/484/983
f 978/492/978 986/485/986 985/488/985
f 985/488/985 977/490/977 978/492/978
f 991/472/991 988/473/988 989/476/989
f 989/476/989 990/475/990 991/472/991
f 990/475/990 989/476/989 981/477/981
f 981/477/981 986/478/986 990/475/990
f 973/468/973 980/474/980 988/473/988
f 988/473/988 992/470/992 973/468/973
f 987/497/987 973/495/973 993/498/993
f 993/498/993 994/499/994 987/497/987
f 994/464/994 993/465/993 992/470/992
f 992/470/992 995/469/995 994/464/994
f 995/469/995 991/472/991 986/478/986
f 986/478/986 978/466/978 995/469/995
f 995/469/995 992/470/992 988/473/988
f 988/473/988 991/472/991 995/469/995
f 979/487/979 974/489/974 977/490/977
f 977/490/977 985/488/985 979/487/979
f 981/477/981 980/479/980 984/480/984
f 984/480/984 986/478/986 981/477/981
f 987/497/987 978/496/978 972/494/972
f 972/494/972 973/495/973 987/497/987
f 972/494/972 975/491/975 973/495/973
f 973/495/973 975/491/975 974/489/974
f 979/487/979 982/483/982 980/486/980
f 984/480/984 983/481/983 986/478/986
f 986/485/986 983/484/983 985/488/985
f 977/490/977 976/493/976 978/492/978
f 981/477/981 989/476/989 980/474/980
f 980/474/980 989/476/989 988/473/988
f 992/470/992 993/465/993 973/468/973
f 991/472/991 990/475/990 986/478/986
f 987/497/987 994/499/994 978/496/978
f 978/466/978 994/464/994 995/469/995
f 1001/818/1001 998/819/998 999/816/999
f 999/816/999 1000/817/1000 1001/818/1001
f 1000/817/1000 999/816/999 996/815/996
f 996/815/996 1002/814/1002 1000/817/1000
f 1007/683/1007 998/684/998 1005/682/1005
f 1005/682/1005 1006/681/1006 1007/683/1007
f 1006/824/1006 1005/823/1005 1003/820/1003
f 1003/820/1003 1008/821/1008 1006/824/1006
f 1002/814/1002 1009/822/1009 1008/821/1008
f 1008/821/1008 1001/818/1001 1002/814/1002
f 1014/690/1014 1011/691/1011 1012/689/1012
f 1012/689/1012 1013/687/1013 1014/690/1014
f 1013/687/1013 1012/689/1012 1004/686/1004
f 1004/686/1004 1009/685/1009 1013/687/1013
f 997/695/997 998/684/998 1011/691/1011
f 1011/691/1011 1015/694/1015 997/695/997
f 1010/812/1010 997/813/997 1016/810/1016
f 1016/810/1016 1017/811/1017 1010/812/1010
f 1017/697/1017 1016/698/1016 1015/694/1015
f 1015/694/1015 1018/693/1018 1017/697/1017
f 1018/693/1018 1014/690/1014 1009/688/1009
f 1009/688/1009 1002/696/1002 1018/693/1018
f 1018/693/1018 1015/694/1015 1011/691/1011
f 1011/691/1011 1014/690/1014 1018/693/1018
f 1003/820/1003 998/819/998 1001/818/1001
f 1001/818/1001 1008/821/1008 1003/820/1003
f 1004/686/1004 998/684/998 1007/683/1007
f 1007/683/1007 1009/685/1009 1004/686/1004
f 1010/812/1010 1002/814/1002 996/815/996
f 996/815/996 997/813/997 1010/812/1010
f 996/815/996 999/816/999 997/813/997
f 997/813/997 999/816/999 998/819/998
f 1003/820/1003 1005/823/1005 998/819/998
f 1007/683/1007 1006/681/1006 1009/685/1009
f 1009/822/1009 1006/824/1006 1008/821/1008
f 1001/818/1001 1000/817/1000 1002/814/1002
f 1004/686/1004 1012/689/1012 998/684/998
f 998/684/998 1012/689/1012 1011/691/1011
f 1015/694/1015 1016/698/1016 997/695/997
f 1014/690/1014 1013/687/1013 1009/685/1009
f 1010/812/1010 1017/811/1017 1002/814/1002
f 1002/696/1002 1017/697/1017 1018/693/1018
f 1024/788/1024 1021/789/1021 1022/786/1022
f 1022/786/1022 1023/787/1023 1024/788/1024
f 1023/787/1023 1022/786/1022 1019/785/1019
f 1019/785/1019 1025/784/1025 1023/787/1023
f 1030/579/1030 1021/580/1021 1028/578/1028
f 1028/578/1028 1029/577/1029 1030/579/1030
f 1029/794/1029 1028/793/1028 1026/790/1026
f 1026/790/1026 1031/791/1031 1029/794/1029
f 1025/784/1025 1032/792/1032 1031/791/1031
f 1031/791/1031 1024/788/1024 1025/784/1025
f 1037/586/1037 1034/587/1034 1035/585/1035
f 1035/585/1035 1036/583/1036 1037/586/1037
f 1036/583/1036 1035/585/1035 1027/582/1027
f 1027/582/1027 1032/581/1032 1036/583/1036
f 1020/590/1020 1021/580/1021 1034/587/1034
f 1034/587/1034 1038/589/1038 1020/590/1020
f 1033/782/1033 1020/783/1020 1039/780/1039
f 1039/780/1039 1040/781/1040 1033/782/1033
f 1040/592/1040 1039/593/1039 1038/589/1038
f 1038/589/1038 1041/588/1041 1040/592/1040
f 1041/588/1041 1037/586/1037 1032/584/1032
f 1032/584/1032 1025/591/1025 1041/588/1041
f 1041/588/1041 1038/589/1038 1034/587/1034
f 1034/587/1034 1037/586/1037 1041/588/1041
f 1026/790/1026 1021/789/1021 1024/788/1024
f 1024/788/1024 1031/791/1031 1026/790/1026
f 1027/582/1027 1021/580/1021 1030/579/1030
f 1030/579/1030 1032/581/1032 1027/582/1027
f 1033/782/1033 1025/784/1025 1019/785/1019
f 1019/785/1019 1020/783/1020 1033/782/1033
f 1019/785/1019 1022/786/1022 1020/783/1020
f 1020/783/1020 1022/786/1022 1021/789/1021
f 1026/790/1026 1028/793/1028 1021/789/1021
f 1030/579/1030 1029/577/1029 1032/581/1032
f 1032/792/1032 1029/794/1029 1031/791/1031
f 1024/788/1024 1023/787/1023 1025/784/1025
f 1027/582/1027 1035/585/1035 1021/580/1021
f 1021/580/1021 1035/585/1035 1034/587/1034
f 1038/589/1038 1039/593/1039 1020/590/1020
f 1037/586/1037 1036/583/1036 1032/581/1032
f 1033/782/1033 1040/781/1040 1025/784/1025
f 1025/591/1025 1040/592/1040 1041/588/1041
f 1047/773/1047 1044/774/1044 1045/771/1045
f 1045/771/1045 1046/772/1046 1047/773/1047
f 1046/772/1046 1045/771/1045 1042/770/1042
f 1042/770/1042 1048/769/1048 1046/772/1046
f 1053/980/1053 1044/981/1044 1051/979/1051
f 1051/979/1051 1052/978/1052 1053/980/1053
f 1052/779/1052 1051/778/1051 1049/775/1049
f 1049/775/1049 1054/776/1054 1052/779/1052
f 1048/769/1048 1055/777/1055 1054/776/1054
f 1054/776/1054 1047/773/1047 1048/769/1048
f 1060/988/1060 1057/989/1057 1058/987/1058
f 1058/987/1058 1059/985/1059 1060/988/1060
f 1059/985/1059 1058/987/1058 1050/984/1050
f 1050/984/1050 1055/982/1055 1059/985/1059
f 1043/992/1043 1044/981/1044 1057/989/1057
f 1057/989/1057 1061/991/1061 1043/992/1043
f 1056/767/1056 1043/768/1043 1062/765/1062
f 1062/765/1062 1063/766/1063 1056/767/1056
f 1063/994/1063 1062/995/1062 1061/991/1061
f 1061/991/1061 1064/990/1064 1063/994/1063
f 1064/990/1064 1060/988/1060 1055/986/1055
f 1055/986/1055 1048/993/1048 1064/990/1064
f 1064/990/1064 1061/991/1061 1057/989/1057
f 1057/989/1057 1060/988/1060 1064/990/1064
f 1049/775/1049 1044/774/1044 1047/773/1047
f 1047/773/1047 1054/776/1054 1049/775/1049
f 1050/984/1050 1044/981/1044 1053/980/1053
f 1053/980/1053 1055/982/1055 1050/984/1050
f 1056/767/1056 1048/769/1048 1042/770/1042
f 1042/770/1042 1043/768/1043 1056/767/1056
f 1042/770/1042 1045/771/1045 1043/768/1043
f 1043/768/1043 1045/771/1045 1044/774/1044
f 1049/775/1049 1051/778/1051 1044/774/1044
f 1053/980/1053 1052/978/1052 1055/982/1055
f 1055/777/1055 1052/779/1052 1054/776/1054
f 1047/773/1047 1046/772/1046 1048/769/1048
f 1050/984/1050 1058/987/1058 1044/981/1044
f 1044/981/1044 1058/987/1058 1057/989/1057
f 1061/991/1061 1062/995/1062 1043/992/1043
f 1060/988/1060 1059/985/1059 1055/982/1055
f 1056/767/1056 1063/766/1063 1048/769/1048
f 1048/993/1048 1063/994/1063 1064/990/1064
f 1070/1153/1070 1067/1154/1067 1068/1151/1068
f 1068/1151/1068 1069/1152/1069 1070/1153/1070
f 1069/1152/1069 1068/1151/1068 1065/1150/1065
f 1065/1150/1065 1071/1149/1071 1069/1152/1069
f 1076/701/1076 1067/702/1067 1074/700/1074
f 1074/700/1074 1075/699/1075 1076/701/1076
f 1075/1159/1075 1074/1158/1074 1072/1155/1072
f 1072/1155/1072 1077/1156/1077 1075/1159/1075
f 1071/1149/1071 1078/1157/1078 1077/1156/1077
f 1077/1156/1077 1070/1153/1070 1071/1149/1071
f 1083/708/1083 1080/709/1080 1081/707/1081
f 1081/707/1081 1082/705/1082 1083/708/1083
f 1082/705/1082 1081/707/1081 1073/704/1073
f 1073/704/1073 1078/703/1078 1082/705/1082
f 1066/712/1066 1067/702/1067 1080/709/1080
f 1080/709/1080 1084/711/1084 1066/712/1066
f 1079/1147/1079 1066/1148/1066 1085/1145/1085
f 1085/1145/1085 1086/1146/1086 1079/1147/1079
f 1086/714/1086 1085/715/1085 1084/711/1084
f 1084/711/1084 1087/710/1087 1086/714/1086
f 1087/710/1087 1083/708/1083 1078/706/1078
f 1078/706/1078 1071/713/1071 1087/710/1087
f 1087/710/1087 1084/711/1084 1080/709/1080
f 1080/709/1080 1083/708/1083 1087/710/1087
f 1072/1155/1072 1067/1154/1067 1070/1153/1070
f 1070/1153/1070 1077/1156/1077 1072/1155/1072
f 1073/704/1073 1067/702/1067 1076/701/1076
f 1076/701/1076 1078/703/1078 1073/704/1073
f 1079/1147/1079 1071/1149/1071 1065/1150/1065
f 1065/1150/1065 1066/1148/1066 1079/1147/1079
f 1065/1150/1065 1068/1151/1068 1066/1148/1066
f 1066/1148/1066 1068/1151/1068 1067/1154/1067
f 1072/1155/1072 1074/1158/1074 1067/1154/1067
f 1076/701/1076 1075/699/1075 1078/703/1078
f 1078/1157/1078 1075/1159/1075 1077/1156/1077
f 1070/1153/1070 1069/1152/1069 1071/1149/1071
f 1073/704/1073 1081/707/1081 1067/702/1067
f 1067/702/1067 1081/707/1081 1080/709/1080
f 1084/711/1084 1085/715/1085 1066/712/1066
f 1083/708/1083 1082/705/1082 1078/703/1078
f 1079/1147/1079 1086/1146/1086 1071/1149/1071
f 1071/713/1071 1086/714/1086 1087/710/1087
f 1093/308/1093 1090/309/1090 1091/306/1091
f 1091/306/1091 1092/305/1092 1093/308/1093
f 1092/305/1092 1091/306/1091 1088/303/1088
f 1088/303/1088 1094/301/1094 1092/305/1092
f 1096/315/1096 1089/302/1089 1090/309/1090
f 1090/309/1090 1095/314/1095 1096/315/1096
f 1100/254/1100 1096/255/1096 1098/252/1098
f 1098/252/1098 1099/253/1099 1100/254/1100
f 1099/318/1099 1098/319/1098 1095/314/1095
f 1095/314/1095 1101/313/1101 1099/318/1099
f 1094/307/1094 1102/317/1102 1101/313/1101
f 1101/313/1101 1093/308/1093 1094/307/1094
f 1107/264/1107 1104/263/1104 1105/260/1105
f 1105/260/1105 1106/261/1106 1107/264/1107
f 1106/261/1106 1105/260/1105 1097/258/1097
f 1097/258/1097 1102/257/1102 1106/261/1106
f 1089/270/1089 1096/262/1096 1104/263/1104
f 1104/263/1104 1108/267/1108 1089/270/1089
f 1103/300/1103 1089/302/1089 1109/299/1109
f 1109/299/1109 1110/298/1110 1103/300/1103
f 1110/272/1110 1109/271/1109 1108/267/1108
f 1108/267/1108 1111/268/1111 1110/272/1110
f 1111/268/1111 1107/264/1107 1102/257/1102
f 1102/257/1102 1094/269/1094 1111/268/1111
f 1111/268/1111 1108/267/1108 1104/263/1104
f 1104/263/1104 1107/264/1107 1111/268/1111
f 1095/314/1095 1090/309/1090 1093/308/1093
f 1093/308/1093 1101/313/1101 1095/314/1095
f 1097/258/1097 1096/255/1096 1100/254/1100
f 1100/254/1100 1102/257/1102 1097/258/1097
f 1103/300/1103 1094/301/1094 1088/303/1088
f 1088/303/1088 1089/302/1089 1103/300/1103
f 1088/303/1088 1091/306/1091 1089/302/1089
f 1089/302/1089 1091/306/1091 1090/309/1090
f 1095/314/1095 1098/319/1098 1096/315/1096
f 1100/254/1100 1099/253/1099 1102/257/1102
f 1102/317/1102 1099/318/1099 1101/313/1101
f 1093/308/1093 1092/305/1092 1094/307/1094
f 1097/258/1097 1105/260/1105 1096/262/1096
f 1096/262/1096 1105/260/1105 1104/263/1104
f 1108/267/1108 1109/271/1109 1089/270/1089
f 1107/264/1107 1106/261/1106 1102/257/1102
f 1103/300/1103 1110/298/1110 1094/301/1094
f 1094/269/1094 1110/272/1110 1111/268/1111
f 1113/1587/1113 1112/1589/1112 1114/1586/1114
f 1114/1451/1114 1115/1453/1115 1113/1449/1113
f 1112/1589/1112 1124/1596/1124 1128/1592/1128
f 1116/1467/1116 1114/1451/1114 1128/1450/1128
f 1128/1450/1128 1127/1469/1127 1116/1467/1116
f 1118/1474/1118 1116/1467/1116 1117/1478/1117
f 1119/1581/1119 1117/1570/1117 1127/1577/1127
f 1120/1583/1120 1119/1581/1119 1121/1584/1121
f 1121/1373/1121 1122/1400/1122 1120/1366/1120
f 1123/1441/1123 1121/1373/1121 1127/1372/1127
f 1127/1372/1127 1128/1442/1128 1123/1441/1123
f 1125/1445/1125 1123/1441/1123 1124/1446/1124
f 1118/1566/1118 1120/1583/1120 1129/1576/1129
f 1115/1453/1115 1118/1474/1118 1129/1468/1129
f 1129/1468/1129 1126/1452/1126 1115/1453/1115
f 1125/1597/1125 1113/1587/1113 1126/1591/1126
f 1126/1443/1126 1129/1374/1129 1122/1400/1122
f 1122/1400/1122 1125/1445/1125 1126/1443/1126
f 1115/1453/1115 1114/1451/1114 1116/1467/1116
f 1116/1467/1116 1118/1474/1118 1115/1453/1115
f 1118/1566/1118 1117/1570/1117 1119/1581/1119
f 1119/1581/1119 1120/1583/1120 1118/1566/1118
f 1122/1400/1122 1121/1373/1121 1123/1441/1123
f 1123/1441/1123 1125/1445/1125 1122/1400/1122
f 1125/1597/1125 1124/1596/1124 1112/1589/1112
f 1112/1589/1112 1113/1587/1113 1125/1597/1125
f 1128/1592/1128 1114/1586/1114 1112/1589/1112
f 1127/1469/1127 1117/1478/1117 1116/1467/1116
f 1127/1577/1127 1121/1584/1121 1119/1581/1119
f 1128/1442/1128 1124/1446/1124 1123/1441/1123
f 1126/1452/1126 1113/1449/1113 1115/1453/1115
f 1129/1374/1129 1120/1366/1120 1122/1400/1122
f 1135/523/1135 1132/522/1132 1133/525/1133
f 1133/525/1133 1134/524/1134 1135/523/1135
f 1134/524/1134 1133/525/1133 1130/526/1130
f 1130/526/1130 1136/527/1136 1134/524/1134
f 1141/1113/1141 1132/1114/1132 1139/1112/1139
f 1139/1112/1139 1140/1111/1140 1141/1113/1141
f 1140/517/1140 1139/518/1139 1137/521/1137
f 1137/521/1137 1142/520/1142 1140/517/1140
f 1136/527/1136 1143/519/1143 1142/520/1142
f 1142/520/1142 1135/523/1135 1136/527/1136
f 1148/1120/1148 1145/1121/1145 1146/1119/1146
f 1146/1119/1146 1147/1117/1147 1148/1120/1148
f 1147/1117/1147 1146/1119/1146 1138/1116/1138
f 1138/1116/1138 1143/1115/1143 1147/1117/1147
f 1131/1124/1131 1132/1114/1132 1145/1121/1145
f 1145/1121/1145 1149/1123/1149 1131/1124/1131
f 1144/529/1144 1131/528/1131 1150/531/1150
f 1150/531/1150 1151/530/1151 1144/529/1144
f 1151/1126/1151 1150/1127/1150 1149/1123/1149
f 1149/1123/1149 1152/1122/1152 1151/1126/1151
f 1152/1122/1152 1148/1120/1148 1143/1118/1143
f 1143/1118/1143 1136/1125/1136 1152/1122/1152
f 1152/1122/1152 1149/1123/1149 1145/1121/1145
f 1145/1121/1145 1148/1120/1148 1152/1122/1152
f 1137/521/1137 1132/522/1132 1135/523/1135
f 1135/523/1135 1142/520/1142 1137/521/1137
f 1138/1116/1138 1132/1114/1132 1141/1113/1141
f 1141/1113/1141 1143/1115/1143 1138/1116/1138
f 1144/529/1144 1136/527/1136 1130/526/1130
f 1130/526/1130 1131/528/1131 1144/529/1144
f 1130/526/1130 1133/525/1133 1131/528/1131
f 1131/528/1131 1133/525/1133 1132/522/1132
f 1137/521/1137 1139/518/1139 1132/522/1132
f 1141/1113/1141 1140/1111/1140 1143/1115/1143
f 1143/519/1143 1140/517/1140 1142/520/1142
f 1135/523/1135 1134/524/1134 1136/527/1136
f 1138/1116/1138 1146/1119/1146 1132/1114/1132
f 1132/1114/1132 1146/1119/1146 1145/1121/1145
f 1149/1123/1149 1150/1127/1150 1131/1124/1131
f 1148/1120/1148 1147/1117/1147 1143/1115/1143
f 1144/529/1144 1151/530/1151 1136/527/1136
f 1136/1125/1136 1151/1126/1151 1152/1122/1152
f 1158/568/1158 1155/567/1155 1156/570/1156
f 1156/570/1156 1157/569/1157 1158/568/1158
f 1157/569/1157 1156/570/1156 1153/571/1153
f 1153/571/1153 1159/573/1159 1157/569/1157
f 1164/1252/1164 1155/1253/1155 1162/1251/1162
f 1162/1251/1162 1163/1250/1163 1164/1252/1164
f 1163/562/1163 1162/563/1162 1160/566/1160
f 1160/566/1160 1165/565/1165 1163/562/1163
f 1159/573/1159 1166/564/1166 1165/565/1165
f 1165/565/1165 1158/568/1158 1159/573/1159
f 1171/1259/1171 1168/1260/1168 1169/1258/1169
f 1169/1258/1169 1170/1256/1170 1171/1259/1171
f 1170/1256/1170 1169/1258/1169 1161/1255/1161
f 1161/1255/1161 1166/1254/1166 1170/1256/1170
f 1154/1263/1154 1155/1253/1155 1168/1260/1168
f 1168/1260/1168 1172/1262/1172 1154/1263/1154
f 1167/574/1167 1154/572/1154 1173/576/1173
f 1173/576/1173 1174/575/1174 1167/574/1167
f 1174/1265/1174 1173/1266/1173 1172/1262/1172
f 1172/1262/1172 1175/1261/1175 1174/1265/1174
f 1175/1261/1175 1171/1259/1171 1166/1257/1166
f 1166/1257/1166 1159/1264/1159 1175/1261/1175
f 1175/1261/1175 1172/1262/1172 1168/1260/1168
f 1168/1260/1168 1171/1259/1171 1175/1261/1175
f 1160/566/1160 1155/567/1155 1158/568/1158
f 1158/568/1158 1165/565/1165 1160/566/1160
f 1161/1255/1161 1155/1253/1155 1164/1252/1164
f 1164/1252/1164 1166/1254/1166 1161/1255/1161
f 1167/574/1167 1159/573/1159 1153/571/1153
f 1153/571/1153 1154/572/1154 1167/574/1167
f 1153/571/1153 1156/570/1156 1154/572/1154
f 1154/572/1154 1156/570/1156 1155/567/1155
f 1160/566/1160 1162/563/1162 1155/567/1155
f 1164/1252/1164 1163/1250/1163 1166/1254/1166
f 1166/564/1166 1163/562/1163 1165/565/1165
f 1158/568/1158 1157/569/1157 1159/573/1159
f 1161/1255/1161 1169/1258/1169 1155/1253/1155
f 1155/1253/1155 1169/1258/1169 1168/1260/1168
f 1172/1262/1172 1173/1266/1173 1154/1263/1154
f 1171/1259/1171 1170/1256/1170 1166/1254/1166
f 1167/574/1167 1174/575/1174 1159/573/1159
f 1159/1264/1159 1174/1265/1174 1175/1261/1175
f 1181/200/1181 1178/199/1178 1179/201/1179
f 1179/201/1179 1180/203/1180 1181/200/1181
f 1180/203/1180 1179/201/1179 1176/204/1176
f 1176/204/1176 1182/206/1182 1180/203/1180
f 1184/196/1184 1177/205/1177 1178/199/1178
f 1178/199/1178 1183/197/1183 1184/196/1184
f 1188/158/1188 1184/159/1184 1186/156/1186
f 1186/156/1186 1187/157/1187 1188/158/1188
f 1187/194/1187 1186/193/1186 1183/197/1183
f 1183/197/1183 1189/198/1189 1187/194/1187
f 1182/202/1182 1190/195/1190 1189/198/1189
f 1189/198/1189 1181/200/1181 1182/202/1182
f 1195/166/1195 1192/165/1192 1193/162/1193
f 1193/162/1193 1194/163/1194 1195/166/1195
f 1194/163/1194 1193/162/1193 1185/161/1185
f 1185/161/1185 1190/160/1190 1194/163/1194
f 1177/169/1177 1184/164/1184 1192/165/1192
f 1192/165/1192 1196/167/1196 1177/169/1177
f 1191/207/1191 1177/205/1177 1197/208/1197
f 1197/208/1197 1198/209/1198 1191/207/1191
f 1198/172/1198 1197/171/1197 1196/167/1196
f 1196/167/1196 1199/168/1199 1198/172/1198
f 1199/168/1199 1195/166/1195 1190/160/1190
f 1190/160/1190 1182/170/1182 1199/168/1199
f 1199/168/1199 1196/167/1196 1192/165/1192
f 1192/165/1192 1195/166/1195 1199/168/1199
f 1183/197/1183 1178/199/1178 1181/200/1181
f 1181/200/1181 1189/198/1189 1183/197/1183
f 1185/161/1185 1184/159/1184 1188/158/1188
f 1188/158/1188 1190/160/1190 1185/161/1185
f 1191/207/1191 1182/206/1182 1176/204/1176
f 1176/204/1176 1177/205/1177 1191/207/1191
f 1176/204/1176 1179/201/1179 1177/205/1177
f 1177/205/1177 1179/201/1179 1178/199/1178
f 1183/197/1183 1186/193/1186 1184/196/1184
f 1188/158/1188 1187/157/1187 1190/160/1190
f 1190/195/1190 1187/194/1187 1189/198/1189
f 1181/200/1181 1180/203/1180 1182/202/1182
f 1185/161/1185 1193/162/1193 1184/164/1184
f 1184/164/1184 1193/162/1193 1192/165/1192
f 1196/167/1196 1197/171/1197 1177/169/1177
f 1195/166/1195 1194/163/1194 1190/160/1190
f 1191/207/1191 1198/209/1198 1182/206/1182
f 1182/170/1182 1198/172/1198 1199/168/1199
f 1205/408/1205 1202/407/1202 1203/409/1203
f 1203/409/1203 1204/410/1204 1205/408/1205
f 1204/410/1204 1203/409/1203 1200/411/1200
f 1200/411/1200 1206/412/1206 1204/410/1204
f 1208/403/1208 1201/413/1201 1202/407/1202
f 1202/407/1202 1207/404/1207 1208/403/1208
f 1212/381/1212 1208/380/1208 1210/383/1210
f 1210/383/1210 1211/382/1211 1212/381/1212
f 1211/402/1211 1210/401/1210 1207/404/1207
f 1207/404/1207 1213/405/1213 1211/402/1211
f 1206/412/1206 1214/406/1214 1213/405/1213
f 1213/405/1213 1205/408/1205 1206/412/1206
f 1219/374/1219 1216/375/1216 1217/377/1217
f 1217/377/1217 1218/376/1218 1219/374/1219
f 1218/376/1218 1217/377/1217 1209/378/1209
f 1209/378/1209 1214/379/1214 1218/376/1218
f 1201/372/1201 1208/380/1208 1216/375/1216
f 1216/375/1216 1220/371/1220 1201/372/1201
f 1215/414/1215 1201/413/1201 1221/415/1221
f 1221/415/1221 1222/416/1222 1215/414/1215
f 1222/367/1222 1221/368/1221 1220/371/1220
f 1220/371/1220 1223/370/1223 1222/367/1222
f 1223/370/1223 1219/374/1219 1214/379/1214
f 1214/379/1214 1206/369/1206 1223/370/1223
f 1223/370/1223 1220/371/1220 1216/375/1216
f 1216/375/1216 1219/374/1219 1223/370/1223
f 1207/404/1207 1202/407/1202 1205/408/1205
f 1205/408/1205 1213/405/1213 1207/404/1207
f 1209/378/1209 1208/380/1208 1212/381/1212
f 1212/381/1212 1214/379/1214 1209/378/1209
f 1215/414/1215 1206/412/1206 1200/411/1200
f 1200/411/1200 1201/413/1201 1215/414/1215
f 1200/411/1200 1203/409/1203 1201/413/1201
f 1201/413/1201 1203/409/1203 1202/407/1202
f 1207/404/1207 1210/401/1210 1208/403/1208
f 1212/381/1212 1211/382/1211 1214/379/1214
f 1214/406/1214 1211/402/1211 1213/405/1213
f 1205/408/1205 1204/410/1204 1206/412/1206
f 1209/378/1209 1217/377/1217 1208/380/1208
f 1208/380/1208 1217/377/1217 1216/375/1216
f 1220/371/1220 1221/368/1221 1201/372/1201
f 1219/374/1219 1218/376/1218 1214/379/1214
f 1215/414/1215 1222/416/1222 1206/412/1206
f 1206/369/1206 1222/367/1222 1223/370/1223
f 1229/333/1229 1226/332/1226 1227/334/1227
f 1227/334/1227 1228/336/1228 1229/333/1229
f 1228/336/1228 1227/334/1227 1224/337/1224
f 1224/337/1224 1230/340/1230 1228/336/1228
f 1232/329/1232 1225/339/1225 1226/332/1226
f 1226/332/1226 1231/330/1231 1232/329/1232
f 1236/294/1236 1232/293/1232 1234/297/1234
f 1234/297/1234 1235/296/1235 1236/294/1236
f 1235/327/1235 1234/326/1234 1231/330/1231
f 1231/330/1231 1237/331/1237 1235/327/1235
f 1230/335/1230 1238/328/1238 1237/331/1237
f 1237/331/1237 1229/333/1229 1230/335/1230
f 1243/286/1243 1240/287/1240 1241/290/1241
f 1241/290/1241 1242/289/1242 1243/286/1243
f 1242/289/1242 1241/290/1241 1233/291/1233
f 1233/291/1233 1238/292/1238 1242/289/1242
f 1225/279/1225 1232/288/1232 1240/287/1240
f 1240/287/1240 1244/281/1244 1225/279/1225
f 1239/341/1239 1225/339/1225 1245/343/1245
f 1245/343/1245 1246/344/1246 1239/341/1239
f 1246/276/1246 1245/277/1245 1244/281/1244
f 1244/281/1244 1247/280/1247 1246/276/1246
f 1247/280/1247 1243/286/1243 1238/292/1238
f 1238/292/1238 1230/278/1230 1247/280/1247
f 1247/280/1247 1244/281/1244 1240/287/1240
f 1240/287/1240 1243/286/1243 1247/280/1247
f 1231/330/1231 1226/332/1226 1229/333/1229
f 1229/333/1229 1237/331/1237 1231/330/1231
f 1233/291/1233 1232/293/1232 1236/294/1236
f 1236/294/1236 1238/292/1238 1233/291/1233
f 1239/341/1239 1230/340/1230 1224/337/1224
f 1224/337/1224 1225/339/1225 1239/341/1239
f 1224/337/1224 1227/334/1227 1225/339/1225
f 1225/339/1225 1227/334/1227 1226/332/1226
f 1231/330/1231 1234/326/1234 1232/329/1232
f 1236/294/1236 1235/296/1235 1238/292/1238
f 1238/328/1238 1235/327/1235 1237/331/1237
f 1229/333/1229 1228/336/1228 1230/335/1230
f 1233/291/1233 1241/290/1241 1232/288/1232
f 1232/288/1232 1241/290/1241 1240/287/1240
f 1244/281/1244 1245/277/1245 1225/279/1225
f 1243/286/1243 1242/289/1242 1238/292/1238
f 1239/341/1239 1246/344/1246 1230/340/1230
f 1230/278/1230 1246/276/1246 1247/280/1247
f 1251/2770/1251 1262/2728/1262 1264/2708/1264
f 1253/2701/1253 1337/2688/1337 1315/2661/1315
f 1300/2693/1300 1286/2705/1286 1333/2682/1333
f 1297/2867/1297 1248/2834/1248 1259/2836/1259
f 1258/2557/1258 1257/2567/1257 1326/2582/1326
f 1260/2930/1260 1314/2934/1314 1334/2911/1334
f 1265/2481/1265 1310/2526/1310 1289/2528/1289
f 1254/2671/1254 1275/2662/1275 1302/2683/1302
f 1264/2708/1264 1262/2728/1262 1263/2706/1263
f 1267/2977/1267 1268/2974/1268 1269/2978/1269
f 1318/2618/1318 1269/2646/1269 1270/2638/1270
f 1269/2646/1269 1333/2682/1333 1295/2686/1295
f 1248/2834/1248 1297/2867/1297 1249/2904/1249
f 1281/2903/1281 1336/2860/1336 1249/2904/1249
f 1249/2904/1249 1280/2919/1280 1281/2903/1281
f 1282/2941/1282 1283/2955/1283 1299/2922/1299
f 1283/2955/1283 1339/2927/1339 1338/2921/1338
f 1249/2904/1249 1348/2938/1348 1280/2919/1280
f 1334/2765/1334 1285/2804/1285 1335/2778/1335
f 1286/2705/1286 1260/2762/1260 1334/2765/1334
f 1315/2973/1315 1282/2941/1282 1287/2943/1287
f 1283/2955/1283 1282/2941/1282 1315/2973/1315
f 1339/2927/1339 1283/2955/1283 1288/2976/1288
f 1288/2976/1288 1256/2946/1256 1339/2927/1339
f 1257/2908/1257 1289/2875/1289 1301/2863/1301
f 1264/2708/1264 1302/2683/1302 1341/2697/1341
f 1273/2573/1273 1293/2553/1293 1342/2593/1342
f 1344/2564/1344 1320/2511/1320 1305/2568/1305
f 1291/2571/1291 1346/2566/1346 1252/2552/1252
f 1347/2581/1347 1291/2571/1291 1261/2556/1261
f 1347/2581/1347 1274/2602/1274 1318/2618/1318
f 1343/2589/1343 1319/2570/1319 1273/2573/1273
f 1262/2728/1262 1251/2770/1251 1292/2771/1292
f 1277/2495/1277 1344/2564/1344 1293/2553/1293
f 1320/2511/1320 1344/2564/1344 1277/2495/1277
f 1294/2491/1294 1309/2492/1309 1252/2552/1252
f 1278/2827/1278 1266/2811/1266 1272/2808/1272
f 1347/2581/1347 1261/2556/1261 1279/2550/1279
f 1270/2931/1270 1332/2932/1332 1267/2977/1267
f 1295/2925/1295 1300/2942/1300 1332/2932/1332
f 1311/2902/1311 1314/2934/1314 1295/2925/1295
f 1322/2884/1322 1296/2823/1296 1285/2881/1285
f 1259/2839/1259 1285/2881/1285 1296/2823/1296
f 1324/2760/1324 1280/2742/1280 1323/2780/1323
f 1298/2707/1298 1280/2742/1280 1325/2709/1325
f 1253/2701/1253 1298/2707/1298 1337/2688/1337
f 1337/2688/1337 1299/2650/1299 1315/2661/1315
f 1326/2582/1326 1256/2577/1256 1338/2621/1338
f 1280/2742/1280 1348/2759/1348 1323/2780/1323
f 1323/2780/1323 1249/2791/1249 1297/2824/1297
f 1323/2780/1323 1348/2759/1348 1249/2791/1249
f 1285/2881/1285 1259/2839/1259 1271/2887/1271
f 1314/2934/1314 1313/2972/1313 1300/2942/1300
f 1300/2942/1300 1295/2925/1295 1314/2934/1314
f 1334/2911/1334 1314/2934/1314 1322/2884/1322
f 1322/2884/1322 1285/2881/1285 1334/2911/1334
f 1315/2661/1315 1299/2650/1299 1338/2621/1338
f 1338/2621/1338 1288/2603/1288 1315/2661/1315
f 1310/2526/1310 1312/2572/1312 1301/2563/1301
f 1316/2549/1316 1290/2503/1290 1310/2526/1310
f 1321/2534/1321 1266/2493/1266 1316/2549/1316
f 1340/2569/1340 1262/2505/1262 1321/2534/1321
f 1302/2579/1302 1328/2625/1328 1254/2585/1254
f 1276/2613/1276 1254/2585/1254 1328/2625/1328
f 1317/2690/1317 1273/2695/1273 1329/2656/1329
f 1304/2741/1304 1255/2730/1255 1303/2726/1303
f 1304/2741/1304 1305/2781/1305 1277/2772/1277
f 1330/2891/1330 1261/2907/1261 1306/2882/1306
f 1331/2909/1331 1308/2936/1308 1307/2928/1307
f 1270/2931/1270 1274/2968/1274 1308/2936/1308
f 1329/2656/1329 1319/2684/1319 1343/2636/1343
f 1319/2684/1319 1329/2656/1329 1273/2695/1273
f 1254/2585/1254 1276/2613/1276 1275/2580/1275
f 1262/2505/1262 1292/2484/1292 1321/2534/1321
f 1277/2772/1277 1305/2781/1305 1345/2809/1345
f 1345/2809/1345 1320/2818/1320 1277/2772/1277
f 1346/2826/1346 1294/2828/1294 1320/2818/1320
f 1310/2526/1310 1284/2504/1284 1258/2557/1258
f 1266/2493/1266 1278/2490/1278 1290/2503/1290
f 1261/2907/1261 1307/2928/1307 1279/2945/1279
f 1270/2931/1270 1267/2977/1267 1274/2968/1274
f 1268/2974/1268 1332/2932/1332 1333/2970/1333
f 1311/2902/1311 1335/2862/1335 1322/2884/1322
f 1296/2823/1296 1322/2884/1322 1335/2862/1335
f 1325/2709/1325 1324/2760/1324 1281/2734/1281
f 1338/2621/1338 1339/2595/1339 1326/2582/1326
f 1339/2595/1339 1312/2572/1312 1326/2582/1326
f 1313/2700/1313 1314/2733/1314 1286/2705/1286
f 1314/2733/1314 1260/2762/1260 1286/2705/1286
f 1253/2971/1253 1315/2973/1315 1287/2943/1287
f 1301/2563/1301 1272/2558/1272 1316/2549/1316
f 1272/2558/1272 1340/2569/1340 1316/2549/1316
f 1340/2569/1340 1341/2592/1341 1327/2587/1327
f 1328/2625/1328 1327/2587/1327 1341/2592/1341
f 1328/2625/1328 1342/2692/1342 1329/2656/1329
f 1317/2690/1317 1329/2656/1329 1342/2692/1342
f 1304/2741/1304 1317/2690/1317 1342/2692/1342
f 1305/2781/1305 1304/2741/1304 1344/2763/1344
f 1306/2882/1306 1346/2826/1346 1291/2866/1291
f 1330/2891/1330 1306/2882/1306 1291/2866/1291
f 1331/2909/1331 1318/2914/1318 1308/2936/1308
f 1270/2931/1270 1308/2936/1308 1318/2914/1318
f 1276/2631/1276 1343/2589/1343 1250/2635/1250
f 1255/2530/1255 1277/2495/1277 1293/2553/1293
f 1343/2589/1343 1273/2573/1273 1342/2593/1342
f 1286/2705/1286 1300/2693/1300 1313/2700/1313
f 1298/2940/1298 1287/2943/1287 1280/2919/1280
f 1287/2943/1287 1298/2940/1298 1253/2971/1253
f 1256/2946/1256 1257/2908/1257 1339/2927/1339
f 1257/2908/1257 1258/2915/1258 1284/2929/1284
f 1283/2955/1283 1315/2973/1315 1288/2975/1288
f 1272/2808/1272 1266/2811/1266 1321/2777/1321
f 1321/2777/1321 1251/2770/1251 1272/2808/1272
f 1251/2770/1251 1321/2777/1321 1292/2771/1292
f 1303/2561/1303 1293/2553/1293 1273/2573/1273
f 1293/2553/1293 1303/2561/1303 1255/2530/1255
f 1252/2552/1252 1309/2492/1309 1306/2548/1306
f 1252/2552/1252 1306/2548/1306 1261/2556/1261
f 1307/2576/1307 1347/2581/1347 1279/2550/1279
f 1347/2581/1347 1307/2576/1307 1308/2586/1308
f 1347/2581/1347 1308/2586/1308 1274/2602/1274
f 1264/2708/1264 1263/2706/1263 1302/2683/1302
f 1269/2646/1269 1268/2649/1268 1333/2682/1333
f 1296/2823/1296 1336/2779/1336 1323/2780/1323
f 1324/2760/1324 1323/2780/1323 1336/2779/1336
f 1326/2582/1326 1312/2572/1312 1258/2557/1258
f 1256/2577/1256 1326/2582/1326 1257/2567/1257
f 1316/2549/1316 1340/2569/1340 1321/2534/1321
f 1290/2503/1290 1289/2528/1289 1310/2526/1310
f 1276/2613/1276 1329/2656/1329 1343/2636/1343
f 1265/2481/1265 1284/2504/1284 1310/2526/1310
f 1332/2648/1332 1270/2638/1270 1269/2646/1269
f 1295/2686/1295 1332/2648/1332 1269/2646/1269
f 1335/2778/1335 1311/2732/1311 1334/2765/1334
f 1281/2734/1281 1324/2760/1324 1336/2779/1336
f 1281/2734/1281 1287/2699/1287 1325/2709/1325
f 1337/2688/1337 1325/2709/1325 1287/2699/1287
f 1287/2943/1287 1282/2941/1282 1337/2920/1337
f 1299/2922/1299 1337/2920/1337 1282/2941/1282
f 1312/2893/1312 1339/2927/1339 1257/2908/1257
f 1259/2836/1259 1248/2834/1248 1271/2819/1271
f 1272/2808/1272 1251/2770/1251 1340/2758/1340
f 1328/2645/1328 1341/2697/1341 1250/2635/1250
f 1328/2645/1328 1343/2589/1343 1342/2593/1342
f 1342/2593/1342 1293/2553/1293 1304/2578/1304
f 1291/2866/1291 1347/2898/1347 1330/2891/1330
f 1331/2909/1331 1330/2891/1330 1347/2898/1347
f 1318/2618/1318 1331/2588/1331 1347/2581/1347
f 1276/2631/1276 1250/2635/1250 1275/2662/1275
f 1255/2730/1255 1304/2741/1304 1277/2772/1277
f 1268/2974/1268 1267/2977/1267 1332/2932/1332
f 1302/2683/1302 1275/2662/1275 1250/2635/1250
f 1248/2834/1248 1335/2778/1335 1285/2804/1285
f 1285/2804/1285 1271/2819/1271 1248/2834/1248
f 1267/2620/1267 1269/2646/1269 1318/2618/1318
f 1286/2705/1286 1295/2686/1295 1333/2682/1333
f 1311/2732/1311 1286/2705/1286 1334/2765/1334
f 1248/2834/1248 1296/2822/1296 1335/2778/1335
f 1248/2834/1248 1336/2860/1336 1296/2822/1296
f 1336/2860/1336 1248/2834/1248 1249/2904/1249
f 1281/2903/1281 1280/2919/1280 1287/2943/1287
f 1283/2955/1283 1338/2921/1338 1299/2922/1299
f 1257/2908/1257 1301/2863/1301 1312/2893/1312
f 1265/2899/1265 1289/2875/1289 1257/2908/1257
f 1257/2908/1257 1284/2929/1284 1265/2899/1265
f 1301/2863/1301 1289/2875/1289 1290/2829/1290
f 1290/2829/1290 1272/2808/1272 1301/2863/1301
f 1272/2808/1272 1290/2829/1290 1278/2827/1278
f 1340/2758/1340 1251/2770/1251 1264/2708/1264
f 1264/2708/1264 1341/2697/1341 1340/2758/1340
f 1302/2683/1302 1250/2635/1250 1341/2697/1341
f 1328/2645/1328 1250/2635/1250 1343/2589/1343
f 1293/2553/1293 1344/2564/1344 1304/2578/1304
f 1305/2568/1305 1320/2511/1320 1294/2491/1294
f 1294/2491/1294 1345/2565/1345 1305/2568/1305
f 1345/2565/1345 1294/2491/1294 1252/2552/1252
f 1252/2552/1252 1346/2566/1346 1345/2565/1345
f 1261/2556/1261 1291/2571/1291 1252/2552/1252
f 1318/2618/1318 1274/2602/1274 1267/2620/1267
f 1300/2942/1300 1333/2970/1333 1332/2932/1332
f 1314/2934/1314 1311/2902/1311 1322/2884/1322
f 1259/2839/1259 1296/2823/1296 1297/2824/1297
f 1297/2824/1297 1296/2823/1296 1323/2780/1323
f 1280/2742/1280 1324/2760/1324 1325/2709/1325
f 1298/2707/1298 1325/2709/1325 1337/2688/1337
f 1288/2603/1288 1338/2621/1338 1256/2577/1256
f 1312/2572/1312 1310/2526/1310 1258/2557/1258
f 1310/2526/1310 1301/2563/1301 1316/2549/1316
f 1340/2569/1340 1263/2555/1263 1262/2505/1262
f 1263/2555/1263 1340/2569/1340 1327/2587/1327
f 1327/2587/1327 1302/2579/1302 1263/2555/1263
f 1302/2579/1302 1327/2587/1327 1328/2625/1328
f 1276/2613/1276 1328/2625/1328 1329/2656/1329
f 1304/2741/1304 1303/2726/1303 1273/2695/1273
f 1273/2695/1273 1317/2690/1317 1304/2741/1304
f 1345/2809/1345 1346/2826/1346 1320/2818/1320
f 1294/2828/1294 1346/2826/1346 1306/2882/1306
f 1306/2882/1306 1309/2892/1309 1294/2828/1294
f 1307/2928/1307 1261/2907/1261 1330/2891/1330
f 1266/2493/1266 1290/2503/1290 1316/2549/1316
f 1307/2928/1307 1330/2891/1330 1331/2909/1331
f 1286/2705/1286 1311/2732/1311 1295/2686/1295
f 1354/391/1354 1351/390/1351 1352/393/1352
f 1352/393/1352 1353/394/1353 1354/391/1354
f 1353/394/1353 1352/393/1352 1349/395/1349
f 1349/395/1349 1355/397/1355 1353/394/1353
f 1357/387/1357 1350/396/1350 1351/390/1351
f 1351/390/1351 1356/388/1356 1357/387/1357
f 1361/351/1361 1357/352/1357 1359/348/1359
f 1359/348/1359 1360/349/1360 1361/351/1361
f 1360/385/1360 1359/384/1359 1356/388/1356
f 1356/388/1356 1362/389/1362 1360/385/1360
f 1355/392/1355 1363/386/1363 1362/389/1362
f 1362/389/1362 1354/391/1354 1355/392/1355
f 1368/360/1368 1365/359/1365 1366/356/1366
f 1366/356/1366 1367/357/1367 1368/360/1368
f 1367/357/1367 1366/356/1366 1358/355/1358
f 1358/355/1358 1363/354/1363 1367/357/1367
f 1350/363/1350 1357/358/1357 1365/359/1365
f 1365/359/1365 1369/361/1369 1350/363/1350
f 1364/398/1364 1350/396/1350 1370/399/1370
f 1370/399/1370 1371/400/1371 1364/398/1364
f 1371/366/1371 1370/365/1370 1369/361/1369
f 1369/361/1369 1372/362/1372 1371/366/1371
f 1372/362/1372 1368/360/1368 1363/354/1363
f 1363/354/1363 1355/364/1355 1372/362/1372
f 1372/362/1372 1369/361/1369 1365/359/1365
f 1365/359/1365 1368/360/1368 1372/362/1372
f 1356/388/1356 1351/390/1351 1354/391/1354
f 1354/391/1354 1362/389/1362 1356/388/1356
f 1358/355/1358 1357/352/1357 1361/351/1361
f 1361/351/1361 1363/354/1363 1358/355/1358
f 1364/398/1364 1355/397/1355 1349/395/1349
f 1349/395/1349 1350/396/1350 1364/398/1364
f 1349/395/1349 1352/393/1352 1350/396/1350
f 1350/396/1350 1352/393/1352 1351/390/1351
f 1356/388/1356 1359/384/1359 1357/387/1357
f 1361/351/1361 1360/349/1360 1363/354/1363
f 1363/386/1363 1360/385/1360 1362/389/1362
f 1354/391/1354 1353/394/1353 1355/392/1355
f 1358/355/1358 1366/356/1366 1357/358/1357
f 1357/358/1357 1366/356/1366 1365/359/1365
f 1369/361/1369 1370/365/1370 1350/363/1350
f 1368/360/1368 1367/357/1367 1363/354/1363
f 1364/398/1364 1371/400/1371 1355/397/1355
f 1355/364/1355 1371/366/1371 1372/362/1372
f 1378/509/1378 1375/510/1375 1376/507/1376
f 1376/507/1376 1377/506/1377 1378/509/1378
f 1377/506/1377 1376/507/1376 1373/505/1373
f 1373/505/1373 1379/503/1379 1377/506/1377
f 1381/513/1381 1374/504/1374 1375/510/1375
f 1375/510/1375 1380/512/1380 1381/513/1381
f 1385/458/1385 1381/455/1381 1383/460/1383
f 1383/460/1383 1384/459/1384 1385/458/1385
f 1384/515/1384 1383/516/1383 1380/512/1380
f 1380/512/1380 1386/511/1386 1384/515/1384
f 1379/508/1379 1387/514/1387 1386/511/1386
f 1386/511/1386 1378/509/1378 1379/508/1379
f 1392/444/1392 1389/445/1389 1390/450/1390
f 1390/450/1390 1391/449/1391 1392/444/1392
f 1391/449/1391 1390/450/1390 1382/452/1382
f 1382/452/1382 1387/453/1387 1391/449/1391
f 1374/430/1374 1381/447/1381 1389/445/1389
f 1389/445/1389 1393/432/1393 1374/430/1374
f 1388/502/1388 1374/504/1374 1394/501/1394
f 1394/501/1394 1395/500/1395 1388/502/1388
f 1395/427/1395 1394/428/1394 1393/432/1393
f 1393/432/1393 1396/431/1396 1395/427/1395
f 1396/431/1396 1392/444/1392 1387/453/1387
f 1387/453/1387 1379/429/1379 1396/431/1396
f 1396/431/1396 1393/432/1393 1389/445/1389
f 1389/445/1389 1392/444/1392 1396/431/1396
f 1380/512/1380 1375/510/1375 1378/509/1378
f 1378/509/1378 1386/511/1386 1380/512/1380
f 1382/452/1382 1381/455/1381 1385/458/1385
f 1385/458/1385 1387/453/1387 1382/452/1382
f 1388/502/1388 1379/503/1379 1373/505/1373
f 1373/505/1373 1374/504/1374 1388/502/1388
f 1373/505/1373 1376/507/1376 1374/504/1374
f 1374/504/1374 1376/507/1376 1375/510/1375
f 1380/512/1380 1383/516/1383 1381/513/1381
f 1385/458/1385 1384/459/1384 1387/453/1387
f 1387/514/1387 1384/515/1384 1386/511/1386
f 1378/509/1378 1377/506/1377 1379/508/1379
f 1382/452/1382 1390/450/1390 1381/447/1381
f 1381/447/1381 1390/450/1390 1389/445/1389
f 1393/432/1393 1394/428/1394 1374/430/1374
f 1392/444/1392 1391/449/1391 1387/453/1387
f 1388/502/1388 1395/500/1395 1379/503/1379
f 1379/429/1379 1395/427/1395 1396/431/1396
f 1402/1076/1402 1399/1073/1399 1400/1078/1400
f 1400/1078/1400 1401/1077/1401 1402/1076/1402
f 1401/1077/1401 1400/1078/1400 1397/1079/1397
f 1397/1079/1397 1403/1080/1403 1401/1077/1401
f 1408/632/1408 1399/635/1399 1406/631/1406
f 1406/631/1406 1407/630/1407 1408/632/1408
f 1407/1068/1407 1406/1069/1406 1404/1072/1404
f 1404/1072/1404 1409/1071/1409 1407/1068/1407
f 1403/1080/1403 1410/1070/1410 1409/1071/1409
f 1409/1071/1409 1402/1076/1402 1403/1080/1403
f 1415/641/1415 1412/642/1412 1413/640/1413
f 1413/640/1413 1414/638/1414 1415/641/1415
f 1414/638/1414 1413/640/1413 1405/637/1405
f 1405/637/1405 1410/636/1410 1414/638/1414
f 1398/675/1398 1399/635/1399 1412/642/1412
f 1412/642/1412 1416/674/1416 1398/675/1398
f 1411/1082/1411 1398/1081/1398 1417/1084/1417
f 1417/1084/1417 1418/1083/1418 1411/1082/1411
f 1418/677/1418 1417/678/1417 1416/674/1416
f 1416/674/1416 1419/673/1419 1418/677/1418
f 1419/673/1419 1415/641/1415 1410/639/1410
f 1410/639/1410 1403/676/1403 1419/673/1419
f 1419/673/1419 1416/674/1416 1412/642/1412
f 1412/642/1412 1415/641/1415 1419/673/1419
f 1404/1072/1404 1399/1073/1399 1402/1076/1402
f 1402/1076/1402 1409/1071/1409 1404/1072/1404
f 1405/637/1405 1399/635/1399 1408/632/1408
f 1408/632/1408 1410/636/1410 1405/637/1405
f 1411/1082/1411 1403/1080/1403 1397/1079/1397
f 1397/1079/1397 1398/1081/1398 1411/1082/1411
f 1397/1079/1397 1400/1078/1400 1398/1081/1398
f 1398/1081/1398 1400/1078/1400 1399/1073/1399
f 1404/1072/1404 1406/1069/1406 1399/1073/1399
f 1408/632/1408 1407/630/1407 1410/636/1410
f 1410/1070/1410 1407/1068/1407 1409/1071/1409
f 1402/1076/1402 1401/1077/1401 1403/1080/1403
f 1405/637/1405 1413/640/1413 1399/635/1399
f 1399/635/1399 1413/640/1413 1412/642/1412
f 1416/674/1416 1417/678/1417 1398/675/1398
f 1415/641/1415 1414/638/1414 1410/636/1410
f 1411/1082/1411 1418/1083/1418 1403/1080/1403
f 1403/676/1403 1418/677/1418 1419/673/1419
f 1425/1094/1425 1422/1090/1422 1423/1096/1423
f 1423/1096/1423 1424/1095/1424 1425/1094/1425
f 1424/1095/1424 1423/1096/1423 1420/1097/1420
f 1420/1097/1420 1426/1100/1426 1424/1095/1424
f 1431/842/1431 1422/843/1422 1429/841/1429
f 1429/841/1429 1430/840/1430 1431/842/1431
f 1430/1085/1430 1429/1086/1429 1427/1089/1427
f 1427/1089/1427 1432/1088/1432 1430/1085/1430
f 1426/1100/1426 1433/1087/1433 1432/1088/1432
f 1432/1088/1432 1425/1094/1425 1426/1100/1426
f 1438/850/1438 1435/851/1435 1436/849/1436
f 1436/849/1436 1437/847/1437 1438/850/1438
f 1437/847/1437 1436/849/1436 1428/845/1428
f 1428/845/1428 1433/844/1433 1437/847/1437
f 1421/860/1421 1422/843/1422 1435/851/1435
f 1435/851/1435 1439/859/1439 1421/860/1421
f 1434/1103/1434 1421/1101/1421 1440/1107/1440
f 1440/1107/1440 1441/1106/1441 1434/1103/1434
f 1441/862/1441 1440/863/1440 1439/859/1439
f 1439/859/1439 1442/858/1442 1441/862/1441
f 1442/858/1442 1438/850/1438 1433/848/1433
f 1433/848/1433 1426/861/1426 1442/858/1442
f 1442/858/1442 1439/859/1439 1435/851/1435
f 1435/851/1435 1438/850/1438 1442/858/1442
f 1427/1089/1427 1422/1090/1422 1425/1094/1425
f 1425/1094/1425 1432/1088/1432 1427/1089/1427
f 1428/845/1428 1422/843/1422 1431/842/1431
f 1431/842/1431 1433/844/1433 1428/845/1428
f 1434/1103/1434 1426/1100/1426 1420/1097/1420
f 1420/1097/1420 1421/1101/1421 1434/1103/1434
f 1420/1097/1420 1423/1096/1423 1421/1101/1421
f 1421/1101/1421 1423/1096/1423 1422/1090/1422
f 1427/1089/1427 1429/1086/1429 1422/1090/1422
f 1431/842/1431 1430/840/1430 1433/844/1433
f 1433/1087/1433 1430/1085/1430 1432/1088/1432
f 1425/1094/1425 1424/1095/1424 1426/1100/1426
f 1428/845/1428 1436/849/1436 1422/843/1422
f 1422/843/1422 1436/849/1436 1435/851/1435
f 1439/859/1439 1440/863/1440 1421/860/1421
f 1438/850/1438 1437/847/1437 1433/844/1433
f 1434/1103/1434 1441/1106/1441 1426/1100/1426
f 1426/861/1426 1441/862/1441 1442/858/1442
f 1448/182/1448 1445/181/1445 1446/184/1446
f 1446/184/1446 1447/185/1447 1448/182/1448
f 1447/185/1447 1446/184/1446 1443/186/1443
f 1443/186/1443 1449/189/1449 1447/185/1447
f 1451/178/1451 1444/188/1444 1445/181/1445
f 1445/181/1445 1450/179/1450 1451/178/1451
f 1455/152/1455 1451/151/1451 1453/154/1453
f 1453/154/1453 1454/153/1454 1455/152/1455
f 1454/176/1454 1453/175/1453 1450/179/1450
f 1450/179/1450 1456/180/1456 1454/176/1454
f 1449/183/1449 1457/177/1457 1456/180/1456
f 1456/180/1456 1448/182/1448 1449/183/1449
f 1462/144/1462 1459/145/1459 1460/148/1460
f 1460/148/1460 1461/147/1461 1462/144/1462
f 1461/147/1461 1460/148/1460 1452/149/1452
f 1452/149/1452 1457/150/1457 1461/147/1461
f 1444/139/1444 1451/146/1451 1459/145/1459
f 1459/145/1459 1463/141/1463 1444/139/1444
f 1458/190/1458 1444/188/1444 1464/191/1464
f 1464/191/1464 1465/192/1465 1458/190/1458
f 1465/136/1465 1464/137/1464 1463/141/1463
f 1463/141/1463 1466/140/1466 1465/136/1465
f 1466/140/1466 1462/144/1462 1457/150/1457
f 1457/150/1457 1449/138/1449 1466/140/1466
f 1466/140/1466 1463/141/1463 1459/145/1459
f 1459/145/1459 1462/144/1462 1466/140/1466
f 1450/179/1450 1445/181/1445 1448/182/1448
f 1448/182/1448 1456/180/1456 1450/179/1450
f 1452/149/1452 1451/151/1451 1455/152/1455
f 1455/152/1455 1457/150/1457 1452/149/1452
f 1458/190/1458 1449/189/1449 1443/186/1443
f 1443/186/1443 1444/188/1444 1458/190/1458
f 1443/186/1443 1446/184/1446 1444/188/1444
f 1444/188/1444 1446/184/1446 1445/181/1445
f 1450/179/1450 1453/175/1453 1451/178/1451
f 1455/152/1455 1454/153/1454 1457/150/1457
f 1457/177/1457 1454/176/1454 1456/180/1456
f 1448/182/1448 1447/185/1447 1449/183/1449
f 1452/149/1452 1460/148/1460 1451/146/1451
f 1451/146/1451 1460/148/1460 1459/145/1459
f 1463/141/1463 1464/137/1464 1444/139/1444
f 1462/144/1462 1461/147/1461 1457/150/1457
f 1458/190/1458 1465/192/1465 1449/189/1449
f 1449/138/1449 1465/136/1465 1466/140/1466
f 1472/540/1472 1469/541/1469 1470/538/1470
f 1470/538/1470 1471/539/1471 1472/540/1472
f 1471/539/1471 1470/538/1470 1467/537/1467
f 1467/537/1467 1473/536/1473 1471/539/1471
f 1478/596/1478 1469/597/1469 1476/595/1476
f 1476/595/1476 1477/594/1477 1478/596/1478
f 1477/546/1477 1476/545/1476 1474/542/1474
f 1474/542/1474 1479/543/1479 1477/546/1477
f 1473/536/1473 1480/544/1480 1479/543/1479
f 1479/543/1479 1472/540/1472 1473/536/1473
f 1485/603/1485 1482/604/1482 1483/602/1483
f 1483/602/1483 1484/600/1484 1485/603/1485
f 1484/600/1484 1483/602/1483 1475/599/1475
f 1475/599/1475 1480/598/1480 1484/600/1484
f 1468/607/1468 1469/597/1469 1482/604/1482
f 1482/604/1482 1486/606/1486 1468/607/1468
f 1481/534/1481 1468/535/1468 1487/532/1487
f 1487/532/1487 1488/533/1488 1481/534/1481
f 1488/609/1488 1487/610/1487 1486/606/1486
f 1486/606/1486 1489/605/1489 1488/609/1488
f 1489/605/1489 1485/603/1485 1480/601/1480
f 1480/601/1480 1473/608/1473 1489/605/1489
f 1489/605/1489 1486/606/1486 1482/604/1482
f 1482/604/1482 1485/603/1485 1489/605/1489
f 1474/542/1474 1469/541/1469 1472/540/1472
f 1472/540/1472 1479/543/1479 1474/542/1474
f 1475/599/1475 1469/597/1469 1478/596/1478
f 1478/596/1478 1480/598/1480 1475/599/1475
f 1481/534/1481 1473/536/1473 1467/537/1467
f 1467/537/1467 1468/535/1468 1481/534/1481
f 1467/537/1467 1470/538/1470 1468/535/1468
f 1468/535/1468 1470/538/1470 1469/541/1469
f 1474/542/1474 1476/545/1476 1469/541/1469
f 1478/596/1478 1477/594/1477 1480/598/1480
f 1480/544/1480 1477/546/1477 1479/543/1479
f 1472/540/1472 1471/539/1471 1473/536/1473
f 1475/599/1475 1483/602/1483 1469/597/1469
f 1469/597/1469 1483/602/1483 1482/604/1482
f 1486/606/1486 1487/610/1487 1468/607/1468
f 1485/603/1485 1484/600/1484 1480/598/1480
f 1481/534/1481 1488/533/1488 1473/536/1473
f 1473/608/1473 1488/609/1488 1489/605/1489
f 1490/2865/1490 1519/2901/1519 1518/2861/1518
f 1490/2865/1490 1491/2916/1491 1519/2901/1519
f 1502/2814/1502 1518/2861/1518 1521/2784/1521
f 1501/2767/1501 1521/2784/1521 1522/2727/1522
f 1525/2633/1525 1494/2664/1494 1524/2685/1524
f 1493/2723/1493 1522/2727/1522 1524/2685/1524
f 1526/2584/1526 1504/2614/1504 1525/2633/1525
f 1528/2559/1528 1505/2574/1505 1526/2584/1526
f 1505/2574/1505 1528/2559/1528 1550/2551/1550
f 1534/2575/1534 1509/2583/1509 1533/2560/1533
f 1533/2560/1533 1509/2583/1509 1508/2562/1508
f 1508/2562/1508 1531/2533/1531 1533/2560/1533
f 1509/2583/1509 1534/2575/1534 1495/2598/1495
f 1510/2619/1510 1495/2598/1495 1535/2647/1535
f 1496/2660/1496 1535/2647/1535 1536/2703/1536
f 1497/2743/1497 1536/2703/1536 1537/2764/1537
f 1540/2878/1540 1513/2825/1513 1538/2817/1538
f 1498/2790/1498 1537/2764/1537 1538/2817/1538
f 1499/2886/1499 1540/2878/1540 1541/2906/1541
f 1499/2886/1499 1541/2906/1541 1543/2918/1543
f 1516/2905/1516 1543/2918/1543 1545/2933/1545
f 1491/2916/1491 1517/2912/1517 1546/2939/1546
f 1492/2900/1492 1517/2912/1517 1491/2916/1491
f 1502/2814/1502 1490/2865/1490 1518/2861/1518
f 1501/2767/1501 1502/2814/1502 1521/2784/1521
f 1501/2767/1501 1522/2727/1522 1493/2723/1493
f 1494/2664/1494 1525/2633/1525 1504/2614/1504
f 1505/2574/1505 1504/2614/1504 1526/2584/1526
f 1550/2551/1550 1530/2494/1530 1507/2554/1507
f 1509/2583/1509 1495/2598/1495 1510/2619/1510
f 1496/2660/1496 1536/2703/1536 1511/2702/1511
f 1513/2825/1513 1498/2790/1498 1538/2817/1538
f 1499/2886/1499 1513/2825/1513 1540/2878/1540
f 1499/2886/1499 1543/2918/1543 1516/2905/1516
f 1517/2912/1517 1516/2905/1516 1546/2939/1546
f 1500/2766/1500 1515/2810/1515 1492/2900/1492
f 1500/2766/1500 1492/2900/1492 1490/2865/1490
f 1490/2865/1490 1502/2814/1502 1500/2766/1500
f 1500/2766/1500 1502/2814/1502 1501/2767/1501
f 1500/2766/1500 1501/2767/1501 1493/2723/1493
f 1493/2723/1493 1503/2689/1503 1500/2766/1500
f 1493/2723/1493 1494/2664/1494 1503/2689/1503
f 1503/2689/1503 1494/2664/1494 1504/2614/1504
f 1503/2689/1503 1504/2614/1504 1505/2574/1505
f 1506/2643/1506 1503/2689/1503 1505/2574/1505
f 1505/2574/1505 1550/2551/1550 1506/2643/1506
f 1506/2643/1506 1550/2551/1550 1507/2554/1507
f 1506/2643/1506 1507/2554/1507 1508/2562/1508
f 1549/2531/1549 1508/2562/1508 1507/2554/1507
f 1506/2643/1506 1508/2562/1508 1509/2583/1509
f 1510/2619/1510 1512/2698/1512 1506/2643/1506
f 1506/2643/1506 1509/2583/1509 1510/2619/1510
f 1510/2619/1510 1496/2660/1496 1512/2698/1512
f 1512/2698/1512 1496/2660/1496 1511/2702/1511
f 1512/2698/1512 1511/2702/1511 1497/2743/1497
f 1497/2743/1497 1514/2774/1514 1512/2698/1512
f 1497/2743/1497 1498/2790/1498 1514/2774/1514
f 1498/2790/1498 1513/2825/1513 1514/2774/1514
f 1514/2774/1514 1513/2825/1513 1499/2886/1499
f 1515/2810/1515 1514/2774/1514 1499/2886/1499
f 1499/2886/1499 1516/2905/1516 1515/2810/1515
f 1515/2810/1515 1517/2912/1517 1492/2900/1492
f 1516/2905/1516 1517/2912/1517 1515/2810/1515
f 1520/1991/1520 1518/1930/1518 1519/1929/1519
f 1519/1929/1519 1548/1988/1548 1520/1991/1520
f 1694/2002/1694 1521/1933/1521 1518/1930/1518
f 1521/1933/1521 1694/2002/1694 1523/2008/1523
f 1695/2013/1695 1524/1939/1524 1522/1937/1522
f 1705/2035/1705 1530/1954/1530 1550/1949/1550
f 1550/1949/1550 1701/2033/1701 1705/2035/1705
f 1530/1954/1530 1705/2035/1705 1532/2034/1532
f 1532/2034/1532 1549/1950/1549 1530/1954/1530
f 1532/2034/1532 1531/1948/1531 1549/1950/1549
f 1495/1942/1495 1692/2029/1692 1712/2024/1712
f 1712/2024/1712 1535/1940/1535 1495/1942/1495
f 1535/1940/1535 1712/2024/1712 1714/2022/1714
f 1536/1936/1536 1715/2014/1715 1716/2012/1716
f 1716/2012/1716 1537/1932/1537 1536/1936/1536
f 1537/1932/1537 1660/2005/1660 1539/2000/1539
f 1539/2000/1539 1538/1931/1538 1537/1932/1537
f 1538/1931/1538 1539/2000/1539 1542/1990/1542
f 1541/1927/1541 1679/1987/1679 1544/1980/1544
f 1547/1974/1547 1545/1918/1545 1543/1919/1543
f 1543/1919/1543 1544/1980/1544 1547/1974/1547
f 1547/1973/1547 1723/1975/1723 1546/1917/1546
f 1723/1975/1723 1724/1982/1724 1491/1923/1491
f 1491/1923/1491 1546/1917/1546 1723/1975/1723
f 1548/1988/1548 1519/1929/1519 1491/1923/1491
f 1490/2865/1490 1492/2900/1492 1491/2916/1491
f 1546/2939/1546 1516/2905/1516 1545/2933/1545
f 1498/2790/1498 1497/2743/1497 1537/2764/1537
f 1497/2743/1497 1511/2702/1511 1536/2703/1536
f 1549/2531/1549 1507/2554/1507 1530/2494/1530
f 1535/2647/1535 1496/2660/1496 1510/2619/1510
f 1531/2533/1531 1508/2562/1508 1549/2531/1549
f 1524/2685/1524 1494/2664/1494 1493/2723/1493
f 1556/2185/1556 1551/2173/1551 1724/2177/1724
f 1556/2185/1556 1552/2176/1552 1551/2173/1551
f 1548/1988/1548 1551/1984/1551 1552/1992/1552
f 1552/2176/1552 1553/2172/1553 1548/2157/1548
f 1557/2197/1557 1554/2413/1554 1555/2406/1555
f 1555/2406/1555 1556/2185/1556 1557/2197/1557
f 1558/2423/1558 1554/2413/1554 1557/2197/1557
f 1557/2197/1557 1560/2192/1560 1559/2196/1559
f 1563/2190/1563 1690/2195/1690 1560/2192/1560
f 1559/2196/1559 1561/2431/1561 1558/2423/1558
f 1558/2423/1558 1557/2197/1557 1559/2196/1559
f 1562/2433/1562 1561/2431/1561 1559/2196/1559
f 1559/2196/1559 1560/2192/1560 1562/2433/1562
f 1560/2192/1560 1557/2197/1557 1724/2177/1724
f 1563/2187/1563 1560/2192/1560 1724/2177/1724
f 1556/2185/1556 1555/2406/1555 1565/2403/1565
f 1564/2189/1564 1556/2185/1556 1565/2403/1565
f 1565/2403/1565 1566/2401/1566 1564/2189/1564
f 1567/2399/1567 1552/2176/1552 1564/2189/1564
f 1564/2189/1564 1566/2401/1566 1567/2399/1567
f 1569/2184/1569 1552/2176/1552 1567/2399/1567
f 1567/2399/1567 1568/2397/1568 1569/2184/1569
f 1552/2176/1552 1556/2185/1556 1564/2189/1564
f 1553/2172/1553 1552/2176/1552 1569/2184/1569
f 1571/2395/1571 1553/2172/1553 1569/2184/1569
f 1569/2184/1569 1568/2397/1568 1571/2395/1571
f 1570/2180/1570 1553/2172/1553 1571/2395/1571
f 1571/2395/1571 1572/2393/1572 1570/2180/1570
f 1573/2391/1573 1693/2166/1693 1570/2180/1570
f 1570/2180/1570 1572/2393/1572 1573/2391/1573
f 1575/2175/1575 1693/2166/1693 1573/2391/1573
f 1573/2391/1573 1574/2389/1574 1575/2175/1575
f 1693/2166/1693 1553/2172/1553 1570/2180/1570
f 1577/2152/1577 1693/2166/1693 1575/2175/1575
f 1579/2387/1579 1577/2152/1577 1575/2175/1575
f 1575/2175/1575 1574/2389/1574 1579/2387/1579
f 1578/2171/1578 1577/2152/1577 1579/2387/1579
f 1579/2387/1579 1580/2340/1580 1578/2171/1578
f 1581/2338/1581 1576/2148/1576 1578/2171/1578
f 1578/2171/1578 1580/2340/1580 1581/2338/1581
f 1583/2167/1583 1576/2148/1576 1581/2338/1581
f 1581/2338/1581 1582/2336/1582 1583/2167/1583
f 1576/2148/1576 1577/2152/1577 1578/2171/1578
f 1696/2151/1696 1576/2148/1576 1583/2167/1583
f 1586/2334/1586 1696/2151/1696 1583/2167/1583
f 1583/2167/1583 1582/2336/1582 1586/2334/1586
f 1585/2162/1585 1696/2151/1696 1586/2334/1586
f 1586/2334/1586 1587/2332/1587 1585/2162/1585
f 1588/2330/1588 1584/2133/1584 1585/2162/1585
f 1585/2162/1585 1587/2332/1587 1588/2330/1588
f 1590/2156/1590 1584/2133/1584 1588/2330/1588
f 1588/2330/1588 1589/2328/1589 1590/2156/1590
f 1584/2133/1584 1696/2151/1696 1585/2162/1585
f 1592/2137/1592 1584/2133/1584 1590/2156/1590
f 1594/2326/1594 1592/2137/1592 1590/2156/1590
f 1590/2156/1590 1589/2328/1589 1594/2326/1594
f 1593/2150/1593 1592/2137/1592 1594/2326/1594
f 1594/2326/1594 1595/2324/1595 1593/2150/1593
f 1597/2322/1597 1596/2142/1596 1593/2150/1593
f 1593/2150/1593 1595/2324/1595 1597/2322/1597
f 1599/2147/1599 1596/2142/1596 1597/2322/1597
f 1597/2322/1597 1598/2320/1598 1599/2147/1599
f 1596/2142/1596 1592/2137/1592 1593/2150/1593
f 1591/2115/1591 1596/2142/1596 1599/2147/1599
f 1602/2317/1602 1591/2115/1591 1599/2147/1599
f 1599/2147/1599 1598/2320/1598 1602/2317/1602
f 1601/2141/1601 1591/2115/1591 1602/2317/1602
f 1602/2317/1602 1603/2316/1603 1601/2141/1601
f 1604/2313/1604 1600/2112/1600 1601/2141/1601
f 1601/2141/1601 1603/2316/1603 1604/2313/1604
f 1606/2138/1606 1600/2112/1600 1604/2313/1604
f 1604/2313/1604 1605/2312/1605 1606/2138/1606
f 1600/2112/1600 1591/2115/1591 1601/2141/1601
f 1607/2103/1607 1600/2112/1600 1606/2138/1606
f 1609/2309/1609 1607/2103/1607 1606/2138/1606
f 1606/2138/1606 1605/2312/1605 1609/2309/1609
f 1608/2135/1608 1607/2103/1607 1609/2309/1609
f 1609/2309/1609 1610/2307/1610 1608/2135/1608
f 1611/2305/1611 1698/2104/1698 1608/2135/1608
f 1608/2135/1608 1610/2307/1610 1611/2305/1611
f 1613/2132/1613 1698/2104/1698 1611/2305/1611
f 1611/2305/1611 1612/2304/1612 1613/2132/1613
f 1698/2104/1698 1607/2103/1607 1608/2135/1608
f 1702/2100/1702 1698/2104/1698 1613/2132/1613
f 1615/2301/1615 1702/2100/1702 1613/2132/1613
f 1613/2132/1613 1612/2304/1612 1615/2301/1615
f 1614/2130/1614 1702/2100/1702 1615/2301/1615
f 1615/2301/1615 1616/2300/1616 1614/2130/1614
f 1617/2297/1617 1700/2099/1700 1614/2130/1614
f 1614/2130/1614 1616/2300/1616 1617/2297/1617
f 1619/2128/1619 1700/2099/1700 1617/2297/1617
f 1617/2297/1617 1618/2296/1618 1619/2128/1619
f 1700/2099/1700 1702/2100/1702 1614/2130/1614
f 1703/2094/1703 1700/2099/1700 1619/2128/1619
f 1621/2293/1621 1703/2094/1703 1619/2128/1619
f 1619/2128/1619 1618/2296/1618 1621/2293/1621
f 1620/2126/1620 1703/2094/1703 1621/2293/1621
f 1621/2293/1621 1622/2292/1622 1620/2126/1620
f 1623/2289/1623 1704/2097/1704 1620/2126/1620
f 1620/2126/1620 1622/2292/1622 1623/2289/1623
f 1625/2124/1625 1704/2097/1704 1623/2289/1623
f 1623/2289/1623 1624/2290/1624 1625/2124/1625
f 1704/2097/1704 1703/2094/1703 1620/2126/1620
f 1707/2092/1707 1704/2097/1704 1625/2124/1625
f 1627/2291/1627 1707/2092/1707 1625/2124/1625
f 1625/2124/1625 1624/2290/1624 1627/2291/1627
f 1626/2125/1626 1707/2092/1707 1627/2291/1627
f 1627/2291/1627 1628/2294/1628 1626/2125/1626
f 1629/2295/1629 1708/2093/1708 1626/2125/1626
f 1626/2125/1626 1628/2294/1628 1629/2295/1629
f 1631/2127/1631 1708/2093/1708 1629/2295/1629
f 1629/2295/1629 1630/2298/1630 1631/2127/1631
f 1708/2093/1708 1707/2092/1707 1626/2125/1626
f 1632/2096/1632 1708/2093/1708 1631/2127/1631
f 1634/2299/1634 1632/2096/1632 1631/2127/1631
f 1631/2127/1631 1630/2298/1630 1634/2299/1634
f 1633/2129/1633 1632/2096/1632 1634/2299/1634
f 1634/2299/1634 1635/2302/1635 1633/2129/1633
f 1636/2303/1636 1709/2101/1709 1633/2129/1633
f 1633/2129/1633 1635/2302/1635 1636/2303/1636
f 1638/2131/1638 1709/2101/1709 1636/2303/1636
f 1636/2303/1636 1637/2306/1637 1638/2131/1638
f 1709/2101/1709 1632/2096/1632 1633/2129/1633
f 1710/2102/1710 1709/2101/1709 1638/2131/1638
f 1640/2308/1640 1710/2102/1710 1638/2131/1638
f 1638/2131/1638 1637/2306/1637 1640/2308/1640
f 1639/2134/1639 1710/2102/1710 1640/2308/1640
f 1640/2308/1640 1641/2310/1641 1639/2134/1639
f 1642/2311/1642 1711/2106/1711 1639/2134/1639
f 1639/2134/1639 1641/2310/1641 1642/2311/1642
f 1644/2136/1644 1711/2106/1711 1642/2311/1642
f 1642/2311/1642 1643/2314/1643 1644/2136/1644
f 1711/2106/1711 1710/2102/1710 1639/2134/1639
f 1645/2108/1645 1711/2106/1711 1644/2136/1644
f 1647/2315/1647 1645/2108/1645 1644/2136/1644
f 1644/2136/1644 1643/2314/1643 1647/2315/1647
f 1646/2140/1646 1645/2108/1645 1647/2315/1647
f 1647/2315/1647 1648/2318/1648 1646/2140/1646
f 1649/2319/1649 1713/2122/1713 1646/2140/1646
f 1646/2140/1646 1648/2318/1648 1649/2319/1649
f 1651/2146/1651 1713/2122/1713 1649/2319/1649
f 1649/2319/1649 1650/2321/1650 1651/2146/1651
f 1713/2122/1713 1645/2108/1645 1646/2140/1646
f 1652/2123/1652 1713/2122/1713 1651/2146/1651
f 1655/2323/1655 1652/2123/1652 1651/2146/1651
f 1651/2146/1651 1650/2321/1650 1655/2323/1655
f 1654/2149/1654 1652/2123/1652 1655/2323/1655
f 1655/2323/1655 1656/2325/1656 1654/2149/1654
f 1657/2327/1657 1653/2143/1653 1654/2149/1654
f 1654/2149/1654 1656/2325/1656 1657/2327/1657
f 1659/2155/1659 1653/2143/1653 1657/2327/1657
f 1657/2327/1657 1658/2329/1658 1659/2155/1659
f 1653/2143/1653 1652/2123/1652 1654/2149/1654
f 1717/2145/1717 1653/2143/1653 1659/2155/1659
f 1662/2331/1662 1717/2145/1717 1659/2155/1659
f 1659/2155/1659 1658/2329/1658 1662/2331/1662
f 1661/2161/1661 1717/2145/1717 1662/2331/1662
f 1662/2331/1662 1663/2333/1663 1661/2161/1661
f 1664/2335/1664 1660/2139/1660 1661/2161/1661
f 1661/2161/1661 1663/2333/1663 1664/2335/1664
f 1666/2165/1666 1660/2139/1660 1664/2335/1664
f 1664/2335/1664 1665/2337/1665 1666/2165/1666
f 1660/2139/1660 1717/2145/1717 1661/2161/1661
f 1718/2153/1718 1660/2139/1660 1666/2165/1666
f 1668/2339/1668 1718/2153/1718 1666/2165/1666
f 1666/2165/1666 1665/2337/1665 1668/2339/1668
f 1667/2169/1667 1718/2153/1718 1668/2339/1668
f 1668/2339/1668 1669/2386/1669 1667/2169/1667
f 1670/2388/1670 1719/2154/1719 1667/2169/1667
f 1667/2169/1667 1669/2386/1669 1670/2388/1670
f 1672/2174/1672 1719/2154/1719 1670/2388/1670
f 1670/2388/1670 1671/2390/1671 1672/2174/1672
f 1719/2154/1719 1718/2153/1718 1667/2169/1667
f 1721/2158/1721 1719/2154/1719 1672/2174/1672
f 1674/2392/1674 1721/2158/1721 1672/2174/1672
f 1672/2174/1672 1671/2390/1671 1674/2392/1674
f 1673/2179/1673 1721/2158/1721 1674/2392/1674
f 1674/2392/1674 1675/2394/1675 1673/2179/1673
f 1676/2396/1676 1720/2168/1720 1673/2179/1673
f 1673/2179/1673 1675/2394/1675 1676/2396/1676
f 1678/2183/1678 1720/2168/1720 1676/2396/1676
f 1676/2396/1676 1677/2398/1677 1678/2183/1678
f 1720/2168/1720 1721/2158/1721 1673/2179/1673
f 1679/2170/1679 1720/2168/1720 1678/2183/1678
f 1681/2400/1681 1679/2170/1679 1678/2183/1678
f 1678/2183/1678 1677/2398/1677 1681/2400/1681
f 1680/2188/1680 1679/2170/1679 1681/2400/1681
f 1681/2400/1681 1682/2402/1682 1680/2188/1680
f 1683/2404/1683 1722/2178/1722 1680/2188/1680
f 1680/2188/1680 1682/2402/1682 1683/2404/1683
f 1685/2191/1685 1722/2178/1722 1683/2404/1683
f 1683/2404/1683 1684/2411/1684 1685/2191/1685
f 1722/2178/1722 1679/2170/1679 1680/2188/1680
f 1686/2181/1686 1722/2178/1722 1685/2191/1685
f 1688/2414/1688 1686/2181/1686 1685/2191/1685
f 1685/2191/1685 1684/2411/1684 1688/2414/1688
f 1687/2193/1687 1686/2181/1686 1688/2414/1688
f 1688/2414/1688 1689/2429/1689 1687/2193/1687
f 1691/2432/1691 1690/2194/1690 1687/2193/1687
f 1687/2193/1687 1689/2429/1689 1691/2432/1691
f 1560/2198/1560 1690/2194/1690 1691/2432/1691
f 1691/2432/1691 1562/2434/1562 1560/2198/1560
f 1563/2186/1563 1686/2181/1686 1687/2193/1687
f 1687/2193/1687 1690/2194/1690 1563/2186/1563
f 1491/1923/1491 1724/1982/1724 1551/1984/1551
f 1551/1984/1551 1548/1988/1548 1491/1923/1491
f 1520/1991/1520 1694/2002/1694 1518/1930/1518
f 1522/1937/1522 1521/1933/1521 1523/2008/1523
f 1523/2008/1523 1695/2013/1695 1522/1937/1522
f 1695/2013/1695 1697/2016/1697 1524/1939/1524
f 1525/1941/1525 1524/1939/1524 1697/2016/1697
f 1697/2016/1697 1527/2025/1527 1525/1941/1525
f 1526/1944/1526 1525/1941/1525 1527/2025/1527
f 1527/2025/1527 1529/2028/1529 1526/1944/1526
f 1528/1955/1528 1526/1944/1526 1529/2028/1529
f 1550/1949/1550 1528/1955/1528 1529/2028/1529
f 1529/2028/1529 1701/2033/1701 1550/1949/1550
f 1532/2034/1532 1706/2031/1706 1531/1948/1531
f 1533/1945/1533 1531/1948/1531 1706/2031/1706
f 1534/1946/1534 1533/1945/1533 1706/2031/1706
f 1706/2031/1706 1692/2029/1692 1534/1946/1534
f 1495/1942/1495 1534/1946/1534 1692/2029/1692
f 1714/2022/1714 1715/2014/1715 1535/1940/1535
f 1536/1936/1536 1535/1940/1535 1715/2014/1715
f 1716/2012/1716 1660/2005/1660 1537/1932/1537
f 1540/1928/1540 1538/1931/1538 1542/1990/1542
f 1541/1927/1541 1540/1928/1540 1542/1990/1542
f 1542/1990/1542 1679/1987/1679 1541/1927/1541
f 1543/1919/1543 1541/1927/1541 1544/1980/1544
f 1546/1914/1546 1545/1918/1545 1547/1974/1547
f 1520/1991/1520 1553/2003/1553 1693/2004/1693
f 1693/2004/1693 1577/2007/1577 1520/1991/1520
f 1520/1991/1520 1548/1988/1548 1553/2003/1553
f 1694/2002/1694 1520/1991/1520 1577/2007/1577
f 1577/2007/1577 1576/2015/1576 1694/2002/1694
f 1523/2008/1523 1694/2002/1694 1576/2015/1576
f 1576/2015/1576 1584/2026/1584 1523/2008/1523
f 1576/2148/1576 1696/2151/1696 1584/2133/1584
f 1695/2013/1695 1523/2008/1523 1584/2026/1584
f 1584/2026/1584 1697/2016/1697 1695/2013/1695
f 1592/2137/1592 1697/2098/1697 1584/2133/1584
f 1697/2098/1697 1592/2137/1592 1591/2115/1591
f 1592/2137/1592 1596/2142/1596 1591/2115/1591
f 1527/2025/1527 1591/2030/1591 1600/2036/1600
f 1600/2036/1600 1607/2040/1607 1527/2025/1527
f 1527/2025/1527 1697/2016/1697 1591/2030/1591
f 1607/2040/1607 1698/2044/1698 1527/2025/1527
f 1529/2028/1529 1527/2025/1527 1698/2044/1698
f 1698/2044/1698 1699/2046/1699 1529/2028/1529
f 1698/2104/1698 1702/2100/1702 1699/2090/1699
f 1701/2033/1701 1699/2046/1699 1702/2049/1702
f 1702/2049/1702 1700/2051/1700 1701/2033/1701
f 1705/2035/1705 1701/2033/1701 1700/2051/1700
f 1700/2051/1700 1703/2055/1703 1705/2035/1705
f 1701/2033/1701 1529/2028/1529 1699/2046/1699
f 1703/2055/1703 1704/2054/1704 1705/2035/1705
f 1704/2054/1704 1707/2050/1707 1705/2035/1705
f 1705/2035/1705 1707/2050/1707 1532/2034/1532
f 1707/2050/1707 1708/2052/1708 1532/2034/1532
f 1706/2031/1706 1532/2034/1532 1708/2052/1708
f 1708/2052/1708 1632/2048/1632 1706/2031/1706
f 1632/2048/1632 1709/2047/1709 1706/2031/1706
f 1692/2029/1692 1706/2031/1706 1709/2047/1709
f 1709/2047/1709 1710/2045/1710 1692/2029/1692
f 1692/2091/1692 1710/2102/1710 1711/2106/1711
f 1692/2029/1692 1711/2038/1711 1712/2024/1712
f 1711/2038/1711 1645/2037/1645 1712/2024/1712
f 1645/2037/1645 1714/2022/1714 1712/2024/1712
f 1715/2014/1715 1714/2022/1714 1713/2032/1713
f 1713/2032/1713 1652/2027/1652 1715/2014/1715
f 1713/2122/1713 1714/2095/1714 1645/2108/1645
f 1653/2143/1653 1716/2118/1716 1652/2123/1652
f 1652/2027/1652 1716/2012/1716 1715/2014/1715
f 1653/2143/1653 1717/2145/1717 1716/2118/1716
f 1716/2118/1716 1717/2145/1717 1660/2139/1660
f 1660/2005/1660 1718/2010/1718 1539/2000/1539
f 1718/2010/1718 1719/2006/1719 1539/2000/1539
f 1721/2001/1721 1539/2000/1539 1719/2006/1719
f 1542/1990/1542 1539/2000/1539 1721/2001/1721
f 1721/2001/1721 1720/1994/1720 1542/1990/1542
f 1679/1987/1679 1542/1990/1542 1720/1994/1720
f 1544/1980/1544 1679/1987/1679 1722/1989/1722
f 1722/1989/1722 1686/1985/1686 1544/1980/1544
f 1544/1980/1544 1686/1985/1686 1547/1974/1547
f 1686/1985/1686 1563/1979/1563 1547/1974/1547
f 1724/2177/1724 1557/2197/1557 1556/2185/1556
f 1723/2182/1723 1563/2187/1563 1724/2177/1724
f 1723/1975/1723 1547/1973/1547 1563/1978/1563
f 1731/756/1731 1728/755/1728 1729/758/1729
f 1729/758/1729 1730/757/1730 1731/756/1731
f 1730/757/1730 1729/758/1729 1726/759/1726
f 1726/759/1726 1732/760/1732 1730/757/1730
f 1737/1197/1737 1728/1198/1728 1735/1196/1735
f 1735/1196/1735 1736/1195/1736 1737/1197/1737
f 1736/750/1736 1735/751/1735 1733/754/1733
f 1733/754/1733 1738/753/1738 1736/750/1736
f 1732/760/1732 1739/752/1739 1738/753/1738
f 1738/753/1738 1731/756/1731 1732/760/1732
f 1744/1204/1744 1741/1205/1741 1742/1203/1742
f 1742/1203/1742 1743/1201/1743 1744/1204/1744
f 1743/1201/1743 1742/1203/1742 1734/1200/1734
f 1734/1200/1734 1739/1199/1739 1743/1201/1743
f 1727/1211/1727 1728/1198/1728 1741/1205/1741
f 1741/1205/1741 1745/1210/1745 1727/1211/1727
f 1740/762/1740 1727/761/1727 1746/764/1746
f 1746/764/1746 1747/763/1747 1740/762/1740
f 1747/1216/1747 1746/1217/1746 1745/1210/1745
f 1745/1210/1745 1748/1209/1748 1747/1216/1747
f 1748/1209/1748 1744/1204/1744 1739/1202/1739
f 1739/1202/1739 1732/1213/1732 1748/1209/1748
f 1748/1209/1748 1745/1210/1745 1741/1205/1741
f 1741/1205/1741 1744/1204/1744 1748/1209/1748
f 1733/754/1733 1728/755/1728 1731/756/1731
f 1731/756/1731 1738/753/1738 1733/754/1733
f 1734/1200/1734 1728/1198/1728 1737/1197/1737
f 1737/1197/1737 1739/1199/1739 1734/1200/1734
f 1740/762/1740 1732/760/1732 1726/759/1726
f 1726/759/1726 1727/761/1727 1740/762/1740
f 1726/759/1726 1729/758/1729 1727/761/1727
f 1727/761/1727 1729/758/1729 1728/755/1728
f 1733/754/1733 1735/751/1735 1728/755/1728
f 1737/1197/1737 1736/1195/1736 1739/1199/1739
f 1739/752/1739 1736/750/1736 1738/753/1738
f 1731/756/1731 1730/757/1730 1732/760/1732
f 1734/1200/1734 1742/1203/1742 1728/1198/1728
f 1728/1198/1728 1742/1203/1742 1741/1205/1741
f 1745/1210/1745 1746/1217/1746 1727/1211/1727
f 1744/1204/1744 1743/1201/1743 1739/1199/1739
f 1740/762/1740 1747/763/1747 1732/760/1732
f 1732/1213/1732 1747/1216/1747 1748/1209/1748
f 1754/97/1754 1751/96/1751 1752/99/1752
f 1752/99/1752 1753/100/1753 1754/97/1754
f 1753/100/1753 1752/99/1752 1749/101/1749
f 1749/101/1749 1755/103/1755 1753/100/1753
f 1757/92/1757 1750/102/1750 1751/96/1751
f 1751/96/1751 1756/93/1756 1757/92/1757
f 1761/67/1761 1757/66/1757 1759/69/1759
f 1759/69/1759 1760/68/1760 1761/67/1761
f 1760/90/1760 1759/89/1759 1756/93/1756
f 1756/93/1756 1762/94/1762 1760/90/1760
f 1755/98/1755 1763/91/1763 1762/94/1762
f 1762/94/1762 1754/97/1754 1755/98/1755
f 1768/59/1768 1765/60/1765 1766/63/1766
f 1766/63/1766 1767/62/1767 1768/59/1768
f 1767/62/1767 1766/63/1766 1758/64/1758
f 1758/64/1758 1763/65/1763 1767/62/1767
f 1750/56/1750 1757/61/1757 1765/60/1765
f 1765/60/1765 1769/58/1769 1750/56/1750
f 1764/104/1764 1750/102/1750 1770/106/1770
f 1770/106/1770 1771/107/1771 1764/104/1764
f 1771/53/1771 1770/54/1770 1769/58/1769
f 1769/58/1769 1772/57/1772 1771/53/1771
f 1772/57/1772 1768/59/1768 1763/65/1763
f 1763/65/1763 1755/55/1755 1772/57/1772
f 1772/57/1772 1769/58/1769 1765/60/1765
f 1765/60/1765 1768/59/1768 1772/57/1772
f 1756/93/1756 1751/96/1751 1754/97/1754
f 1754/97/1754 1762/94/1762 1756/93/1756
f 1758/64/1758 1757/66/1757 1761/67/1761
f 1761/67/1761 1763/65/1763 1758/64/1758
f 1764/104/1764 1755/103/1755 1749/101/1749
f 1749/101/1749 1750/102/1750 1764/104/1764
f 1749/101/1749 1752/99/1752 1750/102/1750
f 1750/102/1750 1752/99/1752 1751/96/1751
f 1756/93/1756 1759/89/1759 1757/92/1757
f 1761/67/1761 1760/68/1760 1763/65/1763
f 1763/91/1763 1760/90/1760 1762/94/1762
f 1754/97/1754 1753/100/1753 1755/98/1755
f 1758/64/1758 1766/63/1766 1757/61/1757
f 1757/61/1757 1766/63/1766 1765/60/1765
f 1769/58/1769 1770/54/1770 1750/56/1750
f 1768/59/1768 1767/62/1767 1763/65/1763
f 1764/104/1764 1771/107/1771 1755/103/1755
f 1755/55/1755 1771/53/1771 1772/57/1772
f 1778/833/1778 1775/834/1775 1776/831/1776
f 1776/831/1776 1777/832/1777 1778/833/1778
f 1777/832/1777 1776/831/1776 1773/830/1773
f 1773/830/1773 1779/829/1779 1777/832/1777
f 1784/1180/1784 1775/1181/1775 1782/1179/1782
f 1782/1179/1782 1783/1178/1783 1784/1180/1784
f 1783/839/1783 1782/838/1782 1780/835/1780
f 1780/835/1780 1785/836/1785 1783/839/1783
f 1779/829/1779 1786/837/1786 1785/836/1785
f 1785/836/1785 1778/833/1778 1779/829/1779
f 1791/1187/1791 1788/1188/1788 1789/1186/1789
f 1789/1186/1789 1790/1184/1790 1791/1187/1791
f 1790/1184/1790 1789/1186/1789 1781/1183/1781
f 1781/1183/1781 1786/1182/1786 1790/1184/1790
f 1774/1191/1774 1775/1181/1775 1788/1188/1788
f 1788/1188/1788 1792/1190/1792 1774/1191/1774
f 1787/827/1787 1774/828/1774 1793/825/1793
f 1793/825/1793 1794/826/1794 1787/827/1787
f 1794/1193/1794 1793/1194/1793 1792/1190/1792
f 1792/1190/1792 1795/1189/1795 1794/1193/1794
f 1795/1189/1795 1791/1187/1791 1786/1185/1786
f 1786/1185/1786 1779/1192/1779 1795/1189/1795
f 1795/1189/1795 1792/1190/1792 1788/1188/1788
f 1788/1188/1788 1791/1187/1791 1795/1189/1795
f 1780/835/1780 1775/834/1775 1778/833/1778
f 1778/833/1778 1785/836/1785 1780/835/1780
f 1781/1183/1781 1775/1181/1775 1784/1180/1784
f 1784/1180/1784 1786/1182/1786 1781/1183/1781
f 1787/827/1787 1779/829/1779 1773/830/1773
f 1773/830/1773 1774/828/1774 1787/827/1787
f 1773/830/1773 1776/831/1776 1774/828/1774
f 1774/828/1774 1776/831/1776 1775/834/1775
f 1780/835/1780 1782/838/1782 1775/834/1775
f 1784/1180/1784 1783/1178/1783 1786/1182/1786
f 1786/837/1786 1783/839/1783 1785/836/1785
f 1778/833/1778 1777/832/1777 1779/829/1779
f 1781/1183/1781 1789/1186/1789 1775/1181/1775
f 1775/1181/1775 1789/1186/1789 1788/1188/1788
f 1792/1190/1792 1793/1194/1793 1774/1191/1774
f 1791/1187/1791 1790/1184/1790 1786/1182/1786
f 1787/827/1787 1794/826/1794 1779/829/1779
f 1779/1192/1779 1794/1193/1794 1795/1189/1795
f 1801/801/1801 1798/800/1798 1799/803/1799
f 1799/803/1799 1800/802/1800 1801/801/1801
f 1800/802/1800 1799/803/1799 1796/804/1796
f 1796/804/1796 1802/805/1802 1800/802/1800
f 1807/1234/1807 1798/1236/1798 1805/1232/1805
f 1805/1232/1805 1806/1230/1806 1807/1234/1807
f 1806/795/1806 1805/796/1805 1803/799/1803
f 1803/799/1803 1808/798/1808 1806/795/1806
f 1802/805/1802 1809/797/1809 1808/798/1808
f 1808/798/1808 1801/801/1801 1802/805/1802
f 1814/1242/1814 1811/1243/1811 1812/1241/1812
f 1812/1241/1812 1813/1239/1813 1814/1242/1814
f 1813/1239/1813 1812/1241/1812 1804/1238/1804
f 1804/1238/1804 1809/1237/1809 1813/1239/1813
f 1797/1246/1797 1798/1236/1798 1811/1243/1811
f 1811/1243/1811 1815/1245/1815 1797/1246/1797
f 1810/807/1810 1797/806/1797 1816/809/1816
f 1816/809/1816 1817/808/1817 1810/807/1810
f 1817/1248/1817 1816/1249/1816 1815/1245/1815
f 1815/1245/1815 1818/1244/1818 1817/1248/1817
f 1818/1244/1818 1814/1242/1814 1809/1240/1809
f 1809/1240/1809 1802/1247/1802 1818/1244/1818
f 1818/1244/1818 1815/1245/1815 1811/1243/1811
f 1811/1243/1811 1814/1242/1814 1818/1244/1818
f 1803/799/1803 1798/800/1798 1801/801/1801
f 1801/801/1801 1808/798/1808 1803/799/1803
f 1804/1238/1804 1798/1236/1798 1807/1234/1807
f 1807/1234/1807 1809/1237/1809 1804/1238/1804
f 1810/807/1810 1802/805/1802 1796/804/1796
f 1796/804/1796 1797/806/1797 1810/807/1810
f 1796/804/1796 1799/803/1799 1797/806/1797
f 1797/806/1797 1799/803/1799 1798/800/1798
f 1803/799/1803 1805/796/1805 1798/800/1798
f 1807/1234/1807 1806/1230/1806 1809/1237/1809
f 1809/797/1809 1806/795/1806 1808/798/1808
f 1801/801/1801 1800/802/1800 1802/805/1802
f 1804/1238/1804 1812/1241/1812 1798/1236/1798
f 1798/1236/1798 1812/1241/1812 1811/1243/1811
f 1815/1245/1815 1816/1249/1816 1797/1246/1797
f 1814/1242/1814 1813/1239/1813 1809/1237/1809
f 1810/807/1810 1817/808/1817 1802/805/1802
f 1802/1247/1802 1817/1248/1817 1818/1244/1818
f 1824/888/1824 1821/887/1821 1822/892/1822
f 1822/892/1822 1823/893/1823 1824/888/1824
f 1823/893/1823 1822/892/1822 1819/898/1819
f 1819/898/1819 1825/904/1825 1823/893/1823
f 1827/877/1827 1820/903/1820 1821/887/1821
f 1821/887/1821 1826/878/1826 1827/877/1827
f 1831/938/1831 1827/937/1827 1829/940/1829
f 1829/940/1829 1830/939/1830 1831/938/1831
f 1830/873/1830 1829/872/1829 1826/878/1826
f 1826/878/1826 1832/879/1832 1830/873/1830
f 1825/891/1825 1833/876/1833 1832/879/1832
f 1832/879/1832 1824/888/1824 1825/891/1825
f 1838/930/1838 1835/931/1835 1836/934/1836
f 1836/934/1836 1837/933/1837 1838/930/1838
f 1837/933/1837 1836/934/1836 1828/935/1828
f 1828/935/1828 1833/936/1833 1837/933/1837
f 1820/927/1820 1827/932/1827 1835/931/1835
f 1835/931/1835 1839/929/1839 1820/927/1820
f 1834/905/1834 1820/903/1820 1840/906/1840
f 1840/906/1840 1841/907/1841 1834/905/1834
f 1841/924/1841 1840/925/1840 1839/929/1839
f 1839/929/1839 1842/928/1842 1841/924/1841
f 1842/928/1842 1838/930/1838 1833/936/1833
f 1833/936/1833 1825/926/1825 1842/928/1842
f 1842/928/1842 1839/929/1839 1835/931/1835
f 1835/931/1835 1838/930/1838 1842/928/1842
f 1826/878/1826 1821/887/1821 1824/888/1824
f 1824/888/1824 1832/879/1832 1826/878/1826
f 1828/935/1828 1827/937/1827 1831/938/1831
f 1831/938/1831 1833/936/1833 1828/935/1828
f 1834/905/1834 1825/904/1825 1819/898/1819
f 1819/898/1819 1820/903/1820 1834/905/1834
f 1819/898/1819 1822/892/1822 1820/903/1820
f 1820/903/1820 1822/892/1822 1821/887/1821
f 1826/878/1826 1829/872/1829 1827/877/1827
f 1831/938/1831 1830/939/1830 1833/936/1833
f 1833/876/1833 1830/873/1830 1832/879/1832
f 1824/888/1824 1823/893/1823 1825/891/1825
f 1828/935/1828 1836/934/1836 1827/932/1827
f 1827/932/1827 1836/934/1836 1835/931/1835
f 1839/929/1839 1840/925/1840 1820/927/1820
f 1838/930/1838 1837/933/1837 1833/936/1833
f 1834/905/1834 1841/907/1841 1825/904/1825
f 1825/926/1825 1841/924/1841 1842/928/1842
f 1843/1552/1843 1845/1549/1845 1844/1554/1844
f 1843/1647/1843 1853/1657/1853 1857/1652/1857
f 1846/1526/1846 1843/1552/1843 1857/1553/1857
f 1857/1553/1857 1856/1524/1856 1846/1526/1846
f 1848/1521/1848 1846/1526/1846 1847/1520/1847
f 1849/1632/1849 1847/1600/1847 1856/1618/1856
f 1849/1516/1849 1851/1514/1851 1850/1518/1850
f 1852/1488/1852 1849/1516/1849 1856/1517/1856
f 1856/1517/1856 1857/1484/1857 1852/1488/1852
f 1854/1482/1854 1852/1488/1852 1853/1481/1853
f 1848/1599/1848 1850/1631/1850 1858/1608/1858
f 1845/1549/1845 1848/1521/1848 1858/1523/1858
f 1858/1523/1858 1855/1550/1855 1845/1549/1845
f 1854/1658/1854 1844/1648/1844 1855/1653/1855
f 1855/1483/1855 1858/1515/1858 1851/1514/1851
f 1851/1514/1851 1854/1482/1854 1855/1483/1855
f 1845/1549/1845 1843/1552/1843 1846/1526/1846
f 1846/1526/1846 1848/1521/1848 1845/1549/1845
f 1848/1599/1848 1847/1600/1847 1849/1632/1849
f 1849/1632/1849 1850/1631/1850 1848/1599/1848
f 1851/1514/1851 1849/1516/1849 1852/1488/1852
f 1852/1488/1852 1854/1482/1854 1851/1514/1851
f 1854/1658/1854 1853/1657/1853 1843/1647/1843
f 1843/1647/1843 1844/1648/1844 1854/1658/1854
f 1856/1524/1856 1847/1520/1847 1846/1526/1846
f 1857/1484/1857 1853/1481/1853 1852/1488/1852
f 1855/1550/1855 1844/1554/1844 1845/1549/1845
f 1858/1515/1858 1850/1518/1850 1851/1514/1851
f 1864/553/1864 1861/552/1861 1862/555/1862
f 1862/555/1862 1863/554/1863 1864/553/1864
f 1863/554/1863 1862/555/1862 1859/556/1859
f 1859/556/1859 1865/557/1865 1863/554/1863
f 1870/613/1870 1861/614/1861 1868/612/1868
f 1868/612/1868 1869/611/1869 1870/613/1870
f 1869/547/1869 1868/548/1868 1866/551/1866
f 1866/551/1866 1871/550/1871 1869/547/1869
f 1865/557/1865 1872/549/1872 1871/550/1871
f 1871/550/1871 1864/553/1864 1865/557/1865
f 1877/620/1877 1874/621/1874 1875/619/1875
f 1875/619/1875 1876/617/1876 1877/620/1877
f 1876/617/1876 1875/619/1875 1867/616/1867
f 1867/616/1867 1872/615/1872 1876/617/1876
f 1860/624/1860 1861/614/1861 1874/621/1874
f 1874/621/1874 1878/623/1878 1860/624/1860
f 1873/559/1873 1860/558/1860 1879/561/1879
f 1879/561/1879 1880/560/1880 1873/559/1873
f 1880/626/1880 1879/627/1879 1878/623/1878
f 1878/623/1878 1881/622/1881 1880/626/1880
f 1881/622/1881 1877/620/1877 1872/618/1872
f 1872/618/1872 1865/625/1865 1881/622/1881
f 1881/622/1881 1878/623/1878 1874/621/1874
f 1874/621/1874 1877/620/1877 1881/622/1881
f 1866/551/1866 1861/552/1861 1864/553/1864
f 1864/553/1864 1871/550/1871 1866/551/1866
f 1867/616/1867 1861/614/1861 1870/613/1870
f 1870/613/1870 1872/615/1872 1867/616/1867
f 1873/559/1873 1865/557/1865 1859/556/1859
f 1859/556/1859 1860/558/1860 1873/559/1873
f 1859/556/1859 1862/555/1862 1860/558/1860
f 1860/558/1860 1862/555/1862 1861/552/1861
f 1866/551/1866 1868/548/1868 1861/552/1861
f 1870/613/1870 1869/611/1869 1872/615/1872
f 1872/549/1872 1869/547/1869 1871/550/1871
f 1864/553/1864 1863/554/1863 1865/557/1865
f 1867/616/1867 1875/619/1875 1861/614/1861
f 1861/614/1861 1875/619/1875 1874/621/1874
f 1878/623/1878 1879/627/1879 1860/624/1860
f 1877/620/1877 1876/617/1876 1872/615/1872
f 1873/559/1873 1880/560/1880 1865/557/1865
f 1865/625/1865 1880/626/1880 1881/622/1881
f 1882/1900/1882 1893/1925/1893 1894/1888/1894
f 1893/1925/1893 1882/1900/1882 1897/1947/1897
f 1883/1965/1883 1893/1925/1893 1897/1947/1897
f 1884/1850/1884 1894/1888/1894 1887/1816/1887
f 1894/1888/1894 1884/1850/1884 1882/1900/1882
f 1885/1956/1885 1893/1925/1893 1883/1965/1883
f 1891/1976/1891 1885/1956/1885 1883/1965/1883
f 1886/1710/1886 1892/1792/1892 1905/1741/1905
f 1892/1792/1892 1886/1710/1886 1887/1816/1887
f 1894/1888/1894 1893/1925/1893 1895/1915/1895
f 1895/1915/1895 1893/1925/1893 1885/1956/1885
f 1887/1816/1887 2032/1836/2032 1892/1792/1892
f 1887/1816/1887 1894/1888/1894 2032/1836/2032
f 1894/1888/1894 2033/1887/2033 2032/1836/2032
f 2033/1887/2033 1894/1888/1894 1895/1915/1895
f 1882/1900/1882 1896/1916/1896 1897/1947/1897
f 1905/1741/1905 2148/1760/2148 1888/1707/1888
f 1882/1900/1882 1903/1871/1903 1896/1916/1896
f 1891/1976/1891 2026/2063/2026 2014/2043/2014
f 1887/1816/1887 1886/1710/1886 1902/1712/1902
f 1902/1712/1902 1884/1850/1884 1887/1816/1887
f 1882/1900/1882 1884/1850/1884 1903/1871/1903
f 1891/1976/1891 1904/2062/1904 2026/2063/2026
f 2027/2079/2027 2026/2063/2026 1904/2062/1904
f 1904/2062/1904 1891/1976/1891 1883/1965/1883
f 1883/1965/1883 2018/2041/2018 1904/2062/1904
f 1899/2538/1899 2009/2520/2009 1926/2496/1926
f 1910/2444/1910 1907/2507/1907 1996/2513/1996
f 1996/2513/1996 1909/2445/1909 1910/2444/1910
f 1907/2507/1907 1910/2444/1910 1911/2443/1911
f 1913/2446/1913 1996/2513/1996 2029/2512/2029
f 2029/2512/2029 1912/2447/1912 1913/2446/1913
f 1996/2513/1996 1913/2446/1913 1909/2445/1909
f 1915/2448/1915 2029/2512/2029 1999/2525/1999
f 1999/2525/1999 1914/2449/1914 1915/2448/1915
f 2029/2512/2029 1915/2448/1915 1912/2447/1912
f 1917/2851/1917 2002/2871/2002 2001/2873/2001
f 2001/2873/2001 1916/2852/1916 1917/2851/1917
f 2002/2871/2002 1917/2851/1917 1918/2850/1918
f 1919/2849/1919 2003/2879/2003 2002/2871/2002
f 2002/2871/2002 1918/2850/1918 1919/2849/1919
f 1920/2848/1920 2004/2868/2004 2003/2879/2003
f 2003/2879/2003 1919/2849/1919 1920/2848/1920
f 1922/2841/1922 2007/2864/2007 2030/2872/2030
f 2030/2872/2030 1921/2842/1921 1922/2841/1922
f 2007/2864/2007 1922/2841/1922 1923/2840/1923
f 1925/2450/1925 1999/2525/1999 1927/2506/1927
f 1927/2506/1927 1924/2451/1924 1925/2450/1925
f 1999/2525/1999 1925/2450/1925 1914/2449/1914
f 1927/2506/1927 1926/2496/1926 1928/2453/1928
f 1928/2453/1928 1929/2452/1929 1927/2506/1927
f 1929/2452/1929 1924/2451/1924 1927/2506/1927
f 1926/2496/1926 1930/2457/1930 1931/2456/1931
f 1926/2496/1926 1931/2456/1931 1932/2455/1932
f 1995/2517/1995 1934/2441/1934 1935/2440/1935
f 1936/2439/1936 1933/2518/1933 1995/2517/1995
f 1995/2517/1995 1935/2440/1935 1936/2439/1936
f 1933/2874/1933 1936/2858/1936 1937/2857/1937
f 1933/2874/1933 1937/2857/1937 1938/2856/1938
f 1940/2853/1940 2001/2873/2001 1902/2876/1902
f 1902/2876/1902 1939/2854/1939 1940/2853/1940
f 2001/2873/2001 1940/2853/1940 1916/2852/1916
f 2031/2880/2031 1933/2874/1933 1902/2876/1902
f 1941/2855/1941 1902/2876/1902 1933/2874/1933
f 1933/2874/1933 1938/2856/1938 1941/2855/1941
f 1902/2876/1902 1941/2855/1941 1939/2854/1939
f 2009/2520/2009 1942/2459/1942 1943/2458/1943
f 1930/2457/1930 1926/2496/1926 2009/2520/2009
f 2009/2520/2009 1943/2458/1943 1930/2457/1930
f 1945/2843/1945 2030/2872/2030 1908/2877/1908
f 1908/2877/1908 1944/2844/1944 1945/2843/1945
f 2030/2872/2030 1945/2843/1945 1921/2842/1921
f 2004/2868/2004 1920/2848/1920 1946/2847/1946
f 1947/2846/1947 2005/2870/2005 2004/2868/2004
f 2004/2868/2004 1946/2847/1946 1947/2846/1947
f 1890/2524/1890 1948/2475/1948 1949/2474/1949
f 1950/2473/1950 2010/2522/2010 1890/2524/1890
f 1890/2524/1890 1949/2474/1949 1950/2473/1950
f 1952/2472/1952 1951/2514/1951 2010/2522/2010
f 2010/2522/2010 1950/2473/1950 1952/2472/1952
f 1951/2514/1951 1952/2472/1952 1953/2471/1953
f 1954/2470/1954 2016/2515/2016 1951/2514/1951
f 1951/2514/1951 1953/2471/1953 1954/2470/1954
f 2016/2515/2016 1954/2470/1954 1955/2469/1955
f 1958/3028/1958 1956/2992/1956 2019/2983/2019
f 2019/2983/2019 1957/3027/1957 1958/3028/1958
f 1956/2992/1956 1958/3028/1958 1959/3029/1959
f 2020/2989/2020 1960/3025/1960 1961/3026/1961
f 1957/3027/1957 2019/2983/2019 2020/2989/2020
f 2020/2989/2020 1961/3026/1961 1957/3027/1957
f 2007/2996/2007 1962/3019/1962 1963/3020/1963
f 1964/3021/1964 2022/2985/2022 2007/2996/2007
f 2007/2996/2007 1963/3020/1963 1964/3021/1964
f 2007/2996/2007 1923/3017/1923 1965/3018/1965
f 2007/2996/2007 1965/3018/1965 1962/3019/1962
f 1966/2468/1966 2017/2516/2017 2016/2515/2016
f 2016/2515/2016 1955/2469/1955 1966/2468/1966
f 2017/2516/2017 1966/2468/1966 1967/2467/1967
f 1971/2462/1971 1968/2523/1968 1969/2508/1969
f 1969/2508/1969 1970/2463/1970 1971/2462/1971
f 1968/2523/1968 1971/2462/1971 1972/2461/1972
f 1974/2478/1974 2013/2519/2013 2024/2510/2024
f 2024/2510/2024 1973/2479/1973 1974/2478/1974
f 2013/2519/2013 1974/2478/1974 1975/2477/1975
f 2024/2988/2024 1976/3033/1976 1977/3034/1977
f 2024/2988/2024 1977/3034/1977 1973/3035/1973
f 1956/2992/1956 1959/3029/1959 1978/3030/1978
f 1956/2992/1956 1978/3030/1978 1979/3031/1979
f 2013/2519/2013 1975/2477/1975 1980/2476/1980
f 1948/2475/1948 1890/2524/1890 2013/2519/2013
f 2013/2519/2013 1980/2476/1980 1948/2475/1948
f 1956/2992/1956 1979/3031/1979 1981/3032/1981
f 1976/3033/1976 2024/2988/2024 1956/2992/1956
f 1956/2992/1956 1981/3032/1981 1976/3033/1976
f 1982/2460/1982 2009/2520/2009 1968/2523/1968
f 1968/2523/1968 1972/2461/1972 1982/2460/1982
f 2009/2520/2009 1982/2460/1982 1942/2459/1942
f 1984/3024/1984 2021/2984/2021 2028/2990/2028
f 2028/2990/2028 1983/3023/1983 1984/3024/1984
f 1960/3025/1960 2020/2989/2020 2021/2984/2021
f 2021/2984/2021 1984/3024/1984 1960/3025/1960
f 1987/2464/1987 1969/2508/1969 1985/2509/1985
f 1985/2509/1985 1986/2465/1986 1987/2464/1987
f 1969/2508/1969 1987/2464/1987 1970/2463/1970
f 1926/2496/1926 1932/2455/1932 1988/2454/1988
f 1926/2496/1926 1988/2454/1988 1928/2453/1928
f 2017/2516/2017 1967/2467/1967 1989/2466/1989
f 1989/2466/1989 1985/2509/1985 2017/2516/2017
f 1985/2509/1985 1989/2466/1989 1986/2465/1986
f 1990/2442/1990 1995/2517/1995 1907/2507/1907
f 1907/2507/1907 1911/2443/1911 1990/2442/1990
f 1995/2517/1995 1990/2442/1990 1934/2441/1934
f 2005/2870/2005 1947/2846/1947 1991/2845/1991
f 1944/2844/1944 1908/2877/1908 2005/2870/2005
f 2005/2870/2005 1991/2845/1991 1944/2844/1944
f 1992/3022/1992 2028/2990/2028 2022/2985/2022
f 2022/2985/2022 1964/3021/1964 1992/3022/1992
f 2028/2990/2028 1992/3022/1992 1983/3023/1983
f 1905/1741/1905 1888/1707/1888 1993/1690/1993
f 1993/1690/1993 1906/1691/1906 1905/1741/1905
f 1906/1691/1906 1994/1693/1994 1905/1741/1905
f 1906/2535/1906 1993/2540/1993 1996/2513/1996
f 1906/2535/1906 1907/2507/1907 1994/2539/1994
f 1994/1693/1994 1995/1695/1995 1905/1741/1905
f 1886/1710/1886 1905/1741/1905 1995/1695/1995
f 1995/1695/1995 1933/1697/1933 1886/1710/1886
f 1995/2517/1995 1994/2539/1994 1907/2507/1907
f 1993/2540/1993 1997/2541/1997 1996/2513/1996
f 2029/2512/2029 1996/2513/1996 1997/2541/1997
f 1997/2541/1997 1998/2542/1998 2029/2512/2029
f 1997/1694/1997 1993/1690/1993 1888/1707/1888
f 1998/1699/1998 1997/1694/1997 1888/1707/1888
f 1888/1707/1888 2036/1758/2036 1998/1699/1998
f 1998/2542/1998 2000/2543/2000 2029/2512/2029
f 1999/2525/1999 2029/2512/2029 2000/2543/2000
f 2000/1709/2000 1998/1699/1998 2036/1758/2036
f 1999/1769/1999 2000/1709/2000 2036/1758/2036
f 1884/1850/1884 1902/1712/1902 2001/1751/2001
f 2001/1751/2001 2002/1766/2002 1884/1850/1884
f 2002/1766/2002 2003/1793/2003 1884/1850/1884
f 1903/1871/1903 1884/1850/1884 2003/1793/2003
f 2003/1793/2003 2004/1849/2004 1903/1871/1903
f 2004/1849/2004 2005/1858/2005 1903/1871/1903
f 2030/1904/2030 2006/1920/2006 1896/1916/1896
f 2006/2883/2006 2030/2872/2030 2007/2864/2007
f 1908/1884/1908 2030/1904/2030 1896/1916/1896
f 1896/1916/1896 1903/1871/1903 1908/1884/1908
f 2036/1758/2036 1889/1810/1889 1999/1769/1999
f 1898/2527/1898 1899/2538/1899 1926/2496/1926
f 1933/1697/1933 2031/1700/2031 1886/1710/1886
f 1902/1712/1902 1886/1710/1886 2031/1700/2031
f 2005/1858/2005 1908/1884/1908 1903/1871/1903
f 2010/2089/2010 2011/2087/2011 1900/2064/1900
f 2011/2087/2011 2012/2080/2012 1900/2064/1900
f 2010/2522/2010 1951/2514/1951 2011/2545/2011
f 2012/2544/2012 2011/2545/2011 1951/2514/1951
f 1890/2078/1890 2010/2089/2010 1900/2064/1900
f 1890/2078/1890 2014/2043/2014 2013/2086/2013
f 2012/2080/2012 2015/2065/2015 1900/2064/1900
f 2139/2021/2139 1900/2064/1900 2015/2065/2015
f 2015/2065/2015 2016/2056/2016 2139/2021/2139
f 2015/2529/2015 2012/2544/2012 1951/2514/1951
f 2016/2056/2016 2017/2023/2017 2139/2021/2139
f 2034/1981/2034 2139/2021/2139 2017/2023/2017
f 2018/2982/2018 1956/2992/1956 1904/2979/1904
f 2018/2041/2018 1883/1965/1883 2019/2009/2019
f 2020/1986/2020 2019/2009/2019 1883/1965/1883
f 1883/1965/1883 1897/1947/1897 2020/1986/2020
f 2021/1966/2021 2020/1986/2020 1897/1947/1897
f 1897/1947/1897 1896/1916/1896 2006/1920/2006
f 2006/1920/2006 2022/1951/2022 1897/1947/1897
f 2022/2985/2022 2006/2981/2006 2007/2996/2007
f 1985/2509/1985 2034/2547/2034 2017/2516/2017
f 2023/2537/2023 2034/2547/2034 1985/2509/1985
f 1985/2509/1985 1969/2508/1969 2023/2537/2023
f 2023/2537/2023 1969/2508/1969 1968/2523/1968
f 1901/1935/1901 2023/1960/2023 1968/1938/1968
f 1899/1908/1899 1901/1935/1901 2009/1921/2009
f 1968/1938/1968 2009/1921/2009 1901/1935/1901
f 2024/2510/2024 2013/2519/2013 2025/2546/2025
f 2025/2085/2025 2013/2086/2013 2014/2043/2014
f 2026/2063/2026 2025/2085/2025 2014/2043/2014
f 2025/2085/2025 2026/2063/2026 2024/2084/2024
f 2027/2079/2027 2024/2084/2024 2026/2063/2026
f 1956/2992/1956 2024/2988/2024 2027/2980/2027
f 2027/2980/2027 1904/2979/1904 1956/2992/1956
f 2028/1961/2028 1897/1947/1897 2022/1951/2022
f 2028/1961/2028 2021/1966/2021 1897/1947/1897
f 2008/2536/2008 1927/2506/1927 1999/2525/1999
f 2008/1854/2008 1999/1769/1999 1889/1810/1889
f 1996/2513/1996 1907/2507/1907 1906/2535/1906
f 1927/2506/1927 2008/2536/2008 1926/2496/1926
f 2008/2536/2008 1898/2527/1898 1926/2496/1926
f 1951/2514/1951 2016/2515/2016 2015/2529/2015
f 2019/2983/2019 1956/2992/1956 2018/2982/2018
f 1898/1883/1898 2125/1867/2125 2126/1899/2126
f 2126/1899/2126 1899/1908/1899 1898/1883/1898
f 2008/1854/2008 2138/1823/2138 2125/1867/2125
f 2125/1867/2125 1898/1883/1898 2008/1854/2008
f 1899/1908/1899 2126/1899/2126 2132/1922/2132
f 2035/1995/2035 2034/1981/2034 2134/1972/2134
f 2142/2011/2142 1891/1976/1891 2014/2043/2014
f 2014/2043/2014 2143/2042/2143 2142/2011/2142
f 2143/2042/2143 2014/2043/2014 1890/2078/1890
f 1889/1810/1889 2140/1784/2140 2138/1823/2138
f 2138/1823/2138 2008/1854/2008 1889/1810/1889
f 2033/1887/2033 2127/1895/2127 2128/1863/2128
f 2033/1887/2033 2128/1863/2128 2129/1821/2129
f 2032/1836/2032 2033/1887/2033 2129/1821/2129
f 1895/1915/1895 2131/1910/2131 2127/1895/2127
f 2127/1895/2127 2033/1887/2033 1895/1915/1895
f 1885/1956/1885 2136/1962/2136 2135/1934/2135
f 2135/1934/2135 1895/1915/1895 1885/1956/1885
f 1895/1915/1895 2135/1934/2135 2131/1910/2131
f 1885/1956/1885 2137/1977/2137 2136/1962/2136
f 2032/1836/2032 2129/1821/2129 2130/1786/2130
f 2130/1786/2130 1892/1792/1892 2032/1836/2032
f 2143/2042/2143 1890/2078/1890 1900/2064/1900
f 1900/2064/1900 2144/2053/2144 2143/2042/2143
f 2145/2039/2145 2144/2053/2144 1900/2064/1900
f 2145/2039/2145 1900/2064/1900 2139/2021/2139
f 2036/1758/2036 2146/1771/2146 2140/1784/2140
f 2140/1784/2140 1889/1810/1889 2036/1758/2036
f 1888/1707/1888 2148/1760/2148 2147/1761/2147
f 1888/1707/1888 2147/1761/2147 2036/1758/2036
f 1905/1741/1905 2141/1768/2141 2148/1760/2148
f 2141/1768/2141 1905/1741/1905 1892/1792/1892
f 1891/1976/1891 2142/2011/2142 2137/1977/2137
f 2137/1977/2137 1885/1956/1885 1891/1976/1891
f 1892/1792/1892 2130/1786/2130 2141/1768/2141
f 2040/2371/2040 2037/2246/2037 2038/2258/2038
f 2038/2258/2038 2039/2370/2039 2040/2371/2040
f 2042/2372/2042 2041/2259/2041 2037/2246/2037
f 2037/2246/2037 2040/2371/2040 2042/2372/2042
f 2046/2355/2046 2043/2236/2043 2044/2235/2044
f 2044/2235/2044 2045/2354/2045 2046/2355/2046
f 2048/2356/2048 2047/2237/2047 2043/2236/2043
f 2043/2236/2043 2046/2355/2046 2048/2356/2048
f 2050/2357/2050 2049/2238/2049 2047/2237/2047
f 2047/2237/2047 2048/2356/2048 2050/2357/2050
f 2052/2358/2052 2051/2239/2051 2049/2238/2049
f 2049/2238/2049 2050/2357/2050 2052/2358/2052
f 2056/2353/2056 2053/2234/2053 2054/2253/2054
f 2054/2253/2054 2055/2352/2055 2056/2353/2056
f 2045/2354/2045 2044/2235/2044 2053/2234/2053
f 2053/2234/2053 2056/2353/2056 2045/2354/2045
f 2058/2373/2058 2057/2260/2057 2041/2259/2041
f 2041/2259/2041 2042/2372/2042 2058/2373/2058
f 2060/2374/2060 2059/2261/2059 2057/2260/2057
f 2057/2260/2057 2058/2373/2058 2060/2374/2060
f 2064/2378/2064 2061/2264/2061 2062/2263/2062
f 2062/2263/2062 2063/2377/2063 2064/2378/2064
f 2063/2377/2063 2062/2263/2062 2065/2262/2065
f 2065/2262/2065 2066/2376/2066 2063/2377/2063
f 2070/2350/2070 2067/2232/2067 2068/2231/2068
f 2068/2231/2068 2069/2349/2069 2070/2350/2070
f 2069/2349/2069 2068/2231/2068 2071/2230/2071
f 2071/2230/2071 2072/2348/2072 2069/2349/2069
f 2072/2348/2072 2071/2230/2071 2073/2229/2073
f 2073/2229/2073 2074/2347/2074 2072/2348/2072
f 2074/2347/2074 2073/2229/2073 2075/2228/2075
f 2075/2228/2075 2076/2346/2076 2074/2347/2074
f 2055/2352/2055 2054/2253/2054 2077/2233/2077
f 2077/2233/2077 2078/2351/2078 2055/2352/2055
f 2078/2351/2078 2077/2233/2077 2067/2232/2067
f 2067/2232/2067 2070/2350/2070 2078/2351/2078
f 2066/2376/2066 2065/2262/2065 2079/2247/2079
f 2079/2247/2079 2080/2375/2080 2066/2376/2066
f 2080/2375/2080 2079/2247/2079 2059/2261/2059
f 2059/2261/2059 2060/2374/2060 2080/2375/2080
f 2084/2380/2084 2081/2266/2081 2082/2265/2082
f 2082/2265/2082 2083/2379/2083 2084/2380/2084
f 2083/2379/2083 2082/2265/2082 2061/2264/2061
f 2061/2264/2061 2064/2378/2064 2083/2379/2083
f 2076/2346/2076 2075/2228/2075 2085/2252/2085
f 2085/2252/2085 2086/2345/2086 2076/2346/2076
f 2090/2369/2090 2087/2257/2087 2088/2256/2088
f 2088/2256/2088 2089/2368/2089 2090/2369/2090
f 2039/2370/2039 2038/2258/2038 2087/2257/2087
f 2087/2257/2087 2090/2369/2090 2039/2370/2039
f 2092/2381/2092 2091/2267/2091 2081/2266/2081
f 2081/2266/2081 2084/2380/2084 2092/2381/2092
f 2089/2368/2089 2088/2256/2088 2093/2245/2093
f 2093/2245/2093 2094/2367/2094 2089/2368/2089
f 2096/2359/2096 2095/2254/2095 2051/2239/2051
f 2051/2239/2051 2052/2358/2052 2096/2359/2096
f 2086/2345/2086 2085/2252/2085 2097/2251/2097
f 2097/2251/2097 2098/2344/2098 2086/2345/2086
f 2098/2344/2098 2097/2251/2097 2099/2250/2099
f 2099/2250/2099 2100/2343/2100 2098/2344/2098
f 2100/2343/2100 2099/2250/2099 2101/2249/2101
f 2101/2249/2101 2102/2342/2102 2100/2343/2100
f 2102/2342/2102 2101/2249/2101 2103/2271/2103
f 2103/2271/2103 2104/2341/2104 2102/2342/2102
f 2104/2385/2104 2103/2270/2103 2105/2248/2105
f 2105/2248/2105 2106/2384/2106 2104/2385/2104
f 2106/2384/2106 2105/2248/2105 2107/2269/2107
f 2107/2269/2107 2108/2383/2108 2106/2384/2106
f 2108/2383/2108 2107/2269/2107 2109/2268/2109
f 2109/2268/2109 2110/2382/2110 2108/2383/2108
f 2110/2382/2110 2109/2268/2109 2091/2267/2091
f 2091/2267/2091 2092/2381/2092 2110/2382/2110
f 2114/2366/2114 2111/2244/2111 2112/2243/2112
f 2112/2243/2112 2113/2365/2113 2114/2366/2114
f 2094/2367/2094 2093/2245/2093 2111/2244/2111
f 2111/2244/2111 2114/2366/2114 2094/2367/2094
f 2118/2364/2118 2115/2242/2115 2116/2272/2116
f 2116/2272/2116 2117/2363/2117 2118/2364/2118
f 2113/2365/2113 2112/2243/2112 2115/2242/2115
f 2115/2242/2115 2118/2364/2118 2113/2365/2113
f 2122/2362/2122 2119/2241/2119 2120/2240/2120
f 2120/2240/2120 2121/2361/2121 2122/2362/2122
f 2117/2363/2117 2116/2272/2116 2119/2241/2119
f 2119/2241/2119 2122/2362/2122 2117/2363/2117
f 2124/2360/2124 2123/2255/2123 2095/2254/2095
f 2095/2254/2095 2096/2359/2096 2124/2360/2124
f 2121/2361/2121 2120/2240/2120 2123/2255/2123
f 2123/2255/2123 2124/2360/2124 2121/2361/2121
f 2038/2258/2038 2037/2246/2037 2125/2211/2125
f 2126/2204/2126 2125/2211/2125 2037/2246/2037
f 2037/2246/2037 2041/2259/2041 2126/2204/2126
f 2041/2259/2041 2057/2260/2057 2126/2204/2126
f 2128/2207/2128 2127/2217/2127 2044/2235/2044
f 2044/2235/2044 2043/2236/2043 2128/2207/2128
f 2043/2236/2043 2047/2237/2047 2128/2207/2128
f 2129/2206/2129 2128/2207/2128 2047/2237/2047
f 2047/2237/2047 2049/2238/2049 2129/2206/2129
f 2049/2238/2049 2051/2239/2051 2129/2206/2129
f 2130/2218/2130 2129/2206/2129 2051/2239/2051
f 2051/2239/2051 2095/2254/2095 2130/2218/2130
f 2054/2253/2054 2053/2234/2053 2131/2201/2131
f 2053/2234/2053 2044/2235/2044 2127/2217/2127
f 2127/2217/2127 2131/2201/2131 2053/2234/2053
f 2132/2199/2132 2126/2204/2126 2057/2260/2057
f 2057/2260/2057 2059/2261/2059 2132/2199/2132
f 2059/2261/2059 2079/2247/2079 2132/2199/2132
f 2134/2222/2134 2133/2221/2133 2061/2264/2061
f 2061/2264/2061 2082/2265/2082 2134/2222/2134
f 2062/2263/2062 2061/2264/2061 2133/2221/2133
f 2133/2221/2133 1901/2200/1901 2062/2263/2062
f 2065/2262/2065 2062/2263/2062 1901/2200/1901
f 2067/2232/2067 2077/2233/2077 2135/2202/2135
f 2068/2231/2068 2067/2232/2067 2135/2202/2135
f 2135/2202/2135 2136/2209/2136 2068/2231/2068
f 2071/2230/2071 2068/2231/2068 2136/2209/2136
f 2073/2229/2073 2071/2230/2071 2136/2209/2136
f 2136/2209/2136 2137/2205/2137 2073/2229/2073
f 2075/2228/2075 2073/2229/2073 2137/2205/2137
f 2077/2233/2077 2054/2253/2054 2131/2201/2131
f 2131/2201/2131 2135/2202/2135 2077/2233/2077
f 2079/2247/2079 2065/2262/2065 1901/2200/1901
f 1901/2200/1901 2132/2199/2132 2079/2247/2079
f 2081/2266/2081 2091/2267/2091 2035/2225/2035
f 2082/2265/2082 2081/2266/2081 2035/2225/2035
f 2035/2225/2035 2134/2222/2134 2082/2265/2082
f 2085/2252/2085 2075/2228/2075 2137/2205/2137
f 2137/2205/2137 2142/2203/2142 2085/2252/2085
f 2088/2256/2088 2087/2257/2087 2138/2210/2138
f 2087/2257/2087 2038/2258/2038 2125/2211/2125
f 2125/2211/2125 2138/2210/2138 2087/2257/2087
f 2139/2223/2139 2035/2225/2035 2091/2267/2091
f 2091/2267/2091 2109/2268/2109 2139/2223/2139
f 2093/2245/2093 2088/2256/2088 2138/2210/2138
f 2138/2210/2138 2140/2220/2140 2093/2245/2093
f 2141/2208/2141 2130/2218/2130 2095/2254/2095
f 2095/2254/2095 2123/2255/2123 2141/2208/2141
f 2097/2251/2097 2085/2252/2085 2142/2203/2142
f 2099/2250/2099 2097/2251/2097 2142/2203/2142
f 2142/2203/2142 2143/2214/2143 2099/2250/2099
f 2101/2249/2101 2099/2250/2099 2143/2214/2143
f 2103/2271/2103 2101/2249/2101 2143/2214/2143
f 2143/2214/2143 2144/2216/2144 2103/2271/2103
f 2105/2248/2105 2103/2270/2103 2144/2224/2144
f 2144/2224/2144 2145/2213/2145 2105/2248/2105
f 2107/2269/2107 2105/2248/2105 2145/2213/2145
f 2109/2268/2109 2107/2269/2107 2145/2213/2145
f 2145/2213/2145 2139/2223/2139 2109/2268/2109
f 2112/2243/2112 2111/2244/2111 2146/2215/2146
f 2111/2244/2111 2093/2245/2093 2140/2220/2140
f 2140/2220/2140 2146/2215/2146 2111/2244/2111
f 2116/2272/2116 2115/2242/2115 2147/2212/2147
f 2115/2242/2115 2112/2243/2112 2146/2215/2146
f 2146/2215/2146 2147/2212/2147 2115/2242/2115
f 2147/1761/2147 2146/1771/2146 2036/1758/2036
f 2148/2219/2148 2141/2208/2141 2120/2240/2120
f 2120/2240/2120 2119/2241/2119 2148/2219/2148
f 2119/2241/2119 2116/2272/2116 2147/2212/2147
f 2147/2212/2147 2148/2219/2148 2119/2241/2119
f 2123/2255/2123 2120/2240/2120 2141/2208/2141
f 2150/1790/2150 2158/1779/2158 2149/1802/2149
f 2157/1791/2157 2156/1815/2156 2154/1781/2154
f 2150/1734/2150 2149/1705/2149 2151/1718/2151
f 2150/1734/2150 2151/1718/2151 2158/1748/2158
f 2155/1711/2155 2156/1708/2156 2152/1743/2152
f 2152/1743/2152 2153/1744/2153 2155/1711/2155
f 2153/1893/2153 2152/1894/2152 2154/1892/2154
f 2159/1801/2159 2153/1782/2153 2156/1815/2156
f 2159/1898/2159 2156/1901/2156 2155/1897/2155
f 2153/1782/2153 2154/1781/2154 2156/1815/2156
f 2159/1801/2159 2149/1802/2149 2158/1779/2158
f 2153/1782/2153 2159/1801/2159 2158/1779/2158
f 2157/1885/2157 2154/1892/2154 2152/1894/2152
f 2157/1713/2157 2152/1743/2152 2156/1708/2156
f 2149/1705/2149 2159/1704/2159 2151/1718/2151
f 2151/1718/2151 2155/1711/2155 2153/1744/2153
f 2153/1744/2153 2158/1748/2158 2151/1718/2151
f 2155/1711/2155 2151/1718/2151 2159/1704/2159
f 2160/1819/2160 2161/1841/2161 2162/1829/2162
f 2166/1835/2166 2164/1817/2164 2170/1827/2170
f 2167/1855/2167 2163/1851/2163 2164/1856/2164
f 2163/1756/2163 2165/1775/2165 2164/1762/2164
f 2164/1817/2164 2166/1835/2166 2167/1818/2167
f 2165/1837/2165 2167/1818/2167 2166/1835/2166
f 2161/1841/2161 2160/1819/2160 2171/1820/2171
f 2171/1820/2171 2169/1840/2169 2161/1841/2161
f 2169/1866/2169 2168/1859/2168 2161/1865/2161
f 2168/1859/2168 2169/1866/2169 2165/1861/2165
f 2167/1818/2167 2165/1837/2165 2169/1840/2169
f 2169/1840/2169 2171/1820/2171 2167/1818/2167
f 2165/1861/2165 2166/1868/2166 2170/1873/2170
f 2164/1762/2164 2165/1775/2165 2170/1764/2170
f 2162/1767/2162 2161/1778/2161 2168/1772/2168
f 2160/1753/2160 2162/1767/2162 2168/1772/2168
f 2168/1772/2168 2171/1755/2171 2160/1753/2160
f 2163/1851/2163 2167/1855/2167 2171/1853/2171
f 2165/1775/2165 2163/1756/2163 2171/1755/2171
f 2171/1755/2171 2168/1772/2168 2165/1775/2165
