# https://github.com/mikedh/trimesh
v 0.18477979 0.00499197 -0.06497774
v 0.18477979 -0.00499197 -0.06497774
v 0.18474363 0.00499197 -0.21492091
v 0.18474363 0.01497592 -0.19497865
v 0.18474363 0.02499604 -0.17494233
v 0.18474363 0.05498405 -0.10495631
v 0.18474363 0.05498405 -0.01502803
v 0.18474363 0.02499604 0.07499432
v 0.18474363 0.01497592 0.09493657
v 0.18474363 -0.05498405 -0.10495631
v 0.18474363 -0.02499604 -0.17494233
v 0.18474363 -0.01497592 -0.19497865
v 0.18474363 -0.00499197 -0.21492091
v 0.18474363 -0.01497592 0.09493657
v 0.18474363 -0.02499604 0.07499432
v 0.18474363 -0.05498405 -0.01502803
v 0.18470745 0.00499197 -0.26496470
v 0.18470745 0.03497998 -0.24492836
v 0.18470745 0.05498405 -0.22498611
v 0.18470745 0.06496799 -0.21492091
v 0.18470745 0.07498811 -0.14493489
v 0.18470745 0.07498811 0.04498687
v 0.18470745 0.06496799 0.09493657
v 0.18470745 0.05498405 0.11497289
v 0.18467127 0.03497998 0.18495892
v 0.18470745 0.00499197 0.15495147
v 0.18470745 -0.07498811 -0.14493489
v 0.18470745 -0.06496799 -0.21492091
v 0.18470745 -0.05498405 -0.22498611
v 0.18470745 -0.03497998 -0.24492836
v 0.18470745 -0.00499197 -0.26496470
v 0.18470745 -0.00499197 0.15495147
v 0.18467127 -0.03497998 0.18495892
v 0.18470745 -0.05498405 0.11497289
v 0.18470745 -0.06496799 0.09493657
v 0.18470745 -0.07498811 0.04498687
v 0.18467127 0.01497592 -0.30494326
v 0.18467127 0.04496393 -0.28490692
v 0.18467127 0.05498405 -0.27493581
v 0.18467127 0.06496799 -0.26496470
v 0.18467127 0.07498811 -0.24492836
v 0.18467127 0.08497205 -0.21492091
v 0.18467127 0.09499218 -0.13496375
v 0.18463510 0.10497612 0.09493657
v 0.18467127 0.09499218 0.02495055
v 0.18467127 0.07498811 0.12494402
v 0.18467127 0.06496799 0.15495147
v 0.18463510 0.06496799 0.20499524
v 0.18467127 0.04496393 0.17498779
v 0.18467127 0.00499197 0.20499524
v 0.18463510 0.05498405 0.21496637
v 0.18467127 -0.09499218 -0.13496375
v 0.18467127 -0.08497205 -0.21492091
v 0.18467127 -0.07498811 -0.24492836
v 0.18467127 -0.06496799 -0.26496470
v 0.18467127 -0.05498405 -0.27493581
v 0.18467127 -0.04496393 -0.28490692
v 0.18467127 -0.01497592 -0.30494326
v 0.18467127 -0.00499197 0.20499524
v 0.18467127 -0.04496393 0.17498779
v 0.18463510 -0.05498405 0.21496637
v 0.18463510 -0.06496799 0.20499524
v 0.18467127 -0.06496799 0.15495147
v 0.18463510 -0.10497612 0.09493657
v 0.18467127 -0.07498811 0.12494402
v 0.18467127 -0.09499218 0.02495055
v 0.18463510 0.01497592 -0.34492183
v 0.18463510 0.03497998 -0.33495069
v 0.18463510 0.04496393 -0.32497960
v 0.18459892 0.05498405 -0.35498703
v 0.18459892 0.07498811 -0.33495069
v 0.18459892 0.11499624 -0.22498611
v 0.18463510 0.08497205 -0.26496470
v 0.18459892 0.09499218 -0.28490692
v 0.18463510 0.10497612 -0.19497865
v 0.18463510 0.11499624 -0.09498518
v 0.18459892 0.11499624 0.10490771
v 0.18456276 0.11499624 0.16492260
v 0.18463510 0.09499218 0.12494402
v 0.18463510 0.11499624 -0.02499916
v 0.18459892 0.08497205 0.20499524
v 0.18459892 0.07498811 0.22493750
v 0.18463510 0.03497998 0.22493750
v 0.18463510 0.00499197 0.23490863
v 0.18456276 0.06496799 0.25494492
v 0.18463510 -0.11499624 -0.09498518
v 0.18463510 -0.10497612 -0.20494978
v 0.18459892 -0.11499624 -0.22498611
v 0.18459892 -0.09499218 -0.28490692
v 0.18463510 -0.08497205 -0.26496470
v 0.18459892 -0.07498811 -0.33495069
v 0.18459892 -0.05498405 -0.35498703
v 0.18463510 -0.04496393 -0.32497960
v 0.18463510 -0.03497998 -0.33495069
v 0.18463510 -0.01497592 -0.34492183
v 0.18463510 -0.00499197 0.23490863
v 0.18463510 -0.03497998 0.22493750
v 0.18459892 -0.07498811 0.22493750
v 0.18456276 -0.06496799 0.25494492
v 0.18459892 -0.08497205 0.20499524
v 0.18463510 -0.08497205 0.15495147
v 0.18463510 -0.09499218 0.12494402
v 0.18456276 -0.11499624 0.16492260
v 0.18459892 -0.11499624 0.10490771
v 0.18463510 -0.11499624 -0.02499916
v 0.18459892 0.02499604 -0.36495817
v 0.18456276 0.05498405 -0.37492931
v 0.18445423 0.06496799 -0.42497307
v 0.18452658 0.06496799 -0.38499451
v 0.18449040 0.11499624 -0.35498703
v 0.18452658 0.10497612 -0.34492183
v 0.18456276 0.10497612 -0.30494326
v 0.18456276 0.11499624 -0.27493581
v 0.18456276 0.12498018 -0.22498611
v 0.18459892 0.12498018 -0.08491999
v 0.18456276 0.12498018 0.10490771
v 0.18452658 0.11499624 0.21496637
v 0.18459892 0.09499218 0.17498779
v 0.18459892 0.12498018 -0.04494141
v 0.18445423 0.09499218 0.28495240
v 0.18456276 0.07498811 0.24497382
v 0.18459892 0.03497998 0.24497382
v 0.18456276 0.00499197 0.27498126
v 0.18452658 0.06496799 0.27498126
v 0.18459892 -0.12498018 -0.08491999
v 0.18456276 -0.12498018 -0.22498611
v 0.18456276 -0.11499624 -0.27493581
v 0.18456276 -0.10497612 -0.30494326
v 0.18452658 -0.10497612 -0.34492183
v 0.18449040 -0.11499624 -0.35498703
v 0.18452658 -0.06496799 -0.38499451
v 0.18445423 -0.06496799 -0.42497307
v 0.18456276 -0.05498405 -0.37492931
v 0.18459892 -0.02499604 -0.36495817
v 0.18456276 -0.00499197 0.27498126
v 0.18459892 -0.03497998 0.24497382
v 0.18452658 -0.11499624 0.21496637
v 0.18456276 -0.07498811 0.24497382
v 0.18445423 -0.09499218 0.28495240
v 0.18452658 -0.06496799 0.27498126
v 0.18459892 -0.09499218 0.17498779
v 0.18456276 -0.12498018 0.10490771
v 0.18459892 -0.12498018 -0.04494141
v 0.18456276 0.01497592 -0.38499451
v 0.18452658 0.00499197 -0.40493673
v 0.18445423 0.01497592 -0.43494421
v 0.18438187 0.06496799 -0.44491529
v 0.18441805 0.08497205 -0.42497307
v 0.18445423 0.10497612 -0.38499451
v 0.18441805 0.11499624 -0.39496559
v 0.18445423 0.12498018 -0.35498703
v 0.18452658 0.12498018 -0.27493581
v 0.18445423 0.14498425 -0.23495723
v 0.18452658 0.13496412 -0.17494233
v 0.18449040 0.14498425 -0.11492744
v 0.18452658 0.13496412 0.08496545
v 0.18445423 0.14498425 0.11497289
v 0.18449040 0.12498018 0.20499524
v 0.18438187 0.14498425 0.21496637
v 0.18445423 0.12498018 0.23490863
v 0.18438187 0.12498018 0.27498126
v 0.18441805 0.11499624 0.27498126
v 0.18449040 0.14498425 0.00491423
v 0.18438187 0.11499624 0.29492354
v 0.18438187 0.10497612 0.30498874
v 0.18445423 0.08497205 0.29492354
v 0.18449040 0.07498811 0.28495240
v 0.18449040 0.08497205 0.27498126
v 0.18452658 0.00499197 0.29492354
v 0.18449040 0.06496799 0.29492354
v 0.18449040 -0.14498425 -0.11492744
v 0.18452658 -0.13496412 -0.17494233
v 0.18445423 -0.14498425 -0.23495723
v 0.18452658 -0.12498018 -0.27493581
v 0.18445423 -0.12498018 -0.35498703
v 0.18441805 -0.11499624 -0.39496559
v 0.18445423 -0.10497612 -0.38499451
v 0.18441805 -0.08497205 -0.42497307
v 0.18438187 -0.06496799 -0.44491529
v 0.18445423 -0.01497592 -0.43494421
v 0.18452658 -0.00499197 -0.40493673
v 0.18456276 -0.01497592 -0.38499451
v 0.18452658 -0.00499197 0.29492354
v 0.18445423 -0.12498018 0.23490863
v 0.18438187 -0.14498425 0.21496637
v 0.18449040 -0.12498018 0.20499524
v 0.18441805 -0.11499624 0.27498126
v 0.18438187 -0.12498018 0.27498126
v 0.18449040 -0.08497205 0.27498126
v 0.18449040 -0.07498811 0.28495240
v 0.18445423 -0.08497205 0.29492354
v 0.18438187 -0.10497612 0.30498874
v 0.18438187 -0.11499624 0.29492354
v 0.18449040 -0.06496799 0.29492354
v 0.18452658 -0.13496412 0.08496545
v 0.18445423 -0.14498425 0.11497289
v 0.18449040 -0.14498425 0.00491423
v 0.18441805 0.00499197 -0.44491529
v 0.18434571 0.04496393 -0.45498049
v 0.18427335 0.06496799 -0.46495163
v 0.18430953 0.07498811 -0.45498049
v 0.18430953 0.10497612 -0.44491529
v 0.18434571 0.10497612 -0.43494421
v 0.18434571 0.11499624 -0.42497307
v 0.18430953 0.12498018 -0.42497307
v 0.18441805 0.12498018 -0.37492931
v 0.18427335 0.14498425 -0.39496559
v 0.18434571 0.14498425 -0.35498703
v 0.18441805 0.13496412 -0.34492183
v 0.18441805 0.14498425 -0.28490692
v 0.18438187 0.15496819 -0.22498611
v 0.18441805 0.15496819 -0.06497774
v 0.18430953 0.15496819 0.20499524
v 0.18438187 0.15496819 0.09493657
v 0.18427335 0.14498425 0.27498126
v 0.18434571 0.12498018 0.29492354
v 0.18434571 0.11499624 0.30498874
v 0.18438187 0.08497205 0.31495982
v 0.18445423 0.06496799 0.30498874
v 0.18427335 0.11499624 0.32493097
v 0.18427335 0.09499218 0.33499616
v 0.18449040 0.01497592 0.30498874
v 0.18441805 -0.15496819 -0.06497774
v 0.18438187 -0.15496819 -0.22498611
v 0.18441805 -0.14498425 -0.28490692
v 0.18441805 -0.13496412 -0.34492183
v 0.18434571 -0.14498425 -0.35498703
v 0.18427335 -0.14498425 -0.39496559
v 0.18441805 -0.12498018 -0.37492931
v 0.18430953 -0.12498018 -0.42497307
v 0.18434571 -0.11499624 -0.42497307
v 0.18434571 -0.10497612 -0.43494421
v 0.18430953 -0.10497612 -0.44491529
v 0.18430953 -0.07498811 -0.45498049
v 0.18427335 -0.06496799 -0.46495163
v 0.18434571 -0.04496393 -0.45498049
v 0.18441805 -0.00499197 -0.44491529
v 0.18449040 -0.01497592 0.30498874
v 0.18430953 -0.15496819 0.20499524
v 0.18427335 -0.14498425 0.27498126
v 0.18434571 -0.12498018 0.29492354
v 0.18434571 -0.11499624 0.30498874
v 0.18445423 -0.06496799 0.30498874
v 0.18438187 -0.08497205 0.31495982
v 0.18427335 -0.09499218 0.33499616
v 0.18427335 -0.11499624 0.32493097
v 0.18438187 -0.15496819 0.09493657
v 0.18430953 0.01497592 -0.46495163
v 0.18423718 0.04496393 -0.47492278
v 0.18420100 0.07498811 -0.47492278
v 0.18423718 0.11499624 -0.45498049
v 0.18420100 0.12498018 -0.45498049
v 0.18423718 0.13496412 -0.43494421
v 0.18423718 0.14498425 -0.41490787
v 0.18430953 0.13496412 -0.40493673
v 0.18420100 0.15496819 -0.39496559
v 0.18427335 0.15496819 -0.35498703
v 0.18438187 0.14498425 -0.32497960
v 0.18430953 0.15496819 -0.31491441
v 0.18423718 0.16498831 -0.23495723
v 0.18427335 0.16498831 -0.10495631
v 0.18416484 0.16498831 -0.33495069
v 0.18427335 0.16498831 -0.02499916
v 0.18423718 0.16498831 0.10490771
v 0.18416484 0.16498831 0.19493005
v 0.18412866 0.16498831 0.22493750
v 0.18409248 0.16498831 0.24497382
v 0.18412866 0.15496819 0.30498874
v 0.18423718 0.14498425 0.29492354
v 0.18430953 0.12498018 0.30498874
v 0.18441805 0.06496799 0.31495982
v 0.18412866 0.13496412 0.33499616
v 0.18420100 0.11499624 0.33499616
v 0.18427335 0.12498018 0.31495982
v 0.18430953 0.07498811 0.33499616
v 0.18420100 0.09499218 0.34496731
v 0.18434571 0.04496393 0.33499616
v 0.18445423 0.00499197 0.31495982
v 0.18427335 -0.16498831 -0.10495631
v 0.18427335 -0.16498831 -0.02499916
v 0.18430953 -0.15496819 -0.31491441
v 0.18423718 -0.16498831 -0.23495723
v 0.18416484 -0.16498831 -0.33495069
v 0.18438187 -0.14498425 -0.32497960
v 0.18427335 -0.15496819 -0.35498703
v 0.18420100 -0.15496819 -0.39496559
v 0.18423718 -0.14498425 -0.41490787
v 0.18430953 -0.13496412 -0.40493673
v 0.18423718 -0.13496412 -0.43494421
v 0.18420100 -0.12498018 -0.45498049
v 0.18423718 -0.11499624 -0.45498049
v 0.18420100 -0.07498811 -0.47492278
v 0.18423718 -0.04496393 -0.47492278
v 0.18430953 -0.01497592 -0.46495163
v 0.18445423 -0.00499197 0.31495982
v 0.18434571 -0.04496393 0.33499616
v 0.18441805 -0.06496799 0.31495982
v 0.18409248 -0.16498831 0.24497382
v 0.18412866 -0.16498831 0.22493750
v 0.18416484 -0.16498831 0.19493005
v 0.18423718 -0.16498831 0.10490771
v 0.18412866 -0.15496819 0.30498874
v 0.18423718 -0.14498425 0.29492354
v 0.18430953 -0.12498018 0.30498874
v 0.18420100 -0.11499624 0.33499616
v 0.18430953 -0.07498811 0.33499616
v 0.18420100 -0.09499218 0.34496731
v 0.18412866 -0.13496412 0.33499616
v 0.18427335 -0.12498018 0.31495982
v 0.18412866 0.04496393 -0.48498797
v 0.18409248 0.07498811 -0.48498797
v 0.18412866 0.11499624 -0.47492278
v 0.18420100 0.13496412 -0.44491529
v 0.18409248 0.12498018 -0.47492278
v 0.18405631 0.14498425 -0.46495163
v 0.18420100 0.14498425 -0.42497307
v 0.18409248 0.14498425 -0.45498049
v 0.18412866 0.15496819 -0.42497307
v 0.18398395 0.16498831 -0.43494421
v 0.18409248 0.16498831 -0.38499451
v 0.18412866 0.16498831 -0.36495817
v 0.18304342 0.17497225 -0.22498611
v 0.18297108 0.17497225 -0.34492183
v 0.18304342 0.17497225 -0.07494886
v 0.18297108 0.17497225 0.03492168
v 0.18293490 0.17497225 0.08496545
v 0.18289872 0.17497225 0.11497289
v 0.18279019 0.17497225 0.19493005
v 0.18275402 0.17497225 0.21496637
v 0.18402013 0.16498831 0.28495240
v 0.18394779 0.16498831 0.30498874
v 0.18387543 0.16498831 0.32493097
v 0.18398395 0.15496819 0.33499616
v 0.18412866 0.14498425 0.32493097
v 0.18420100 0.14498425 0.30498874
v 0.18405631 0.13496412 0.34496731
v 0.18405631 0.14498425 0.33499616
v 0.18412866 0.11499624 0.34496731
v 0.18423718 0.07498811 0.34496731
v 0.18402013 0.11499624 0.35493845
v 0.18427335 0.03497998 0.34496731
v 0.18304342 -0.17497225 -0.22498611
v 0.18304342 -0.17497225 -0.07494886
v 0.18297108 -0.17497225 -0.34492183
v 0.18412866 -0.16498831 -0.36495817
v 0.18409248 -0.16498831 -0.38499451
v 0.18398395 -0.16498831 -0.43494421
v 0.18412866 -0.15496819 -0.42497307
v 0.18420100 -0.14498425 -0.42497307
v 0.18409248 -0.14498425 -0.45498049
v 0.18420100 -0.13496412 -0.44491529
v 0.18405631 -0.14498425 -0.46495163
v 0.18409248 -0.12498018 -0.47492278
v 0.18412866 -0.11499624 -0.47492278
v 0.18409248 -0.07498811 -0.48498797
v 0.18412866 -0.04496393 -0.48498797
v 0.18427335 -0.03497998 0.34496731
v 0.18423718 -0.07498811 0.34496731
v 0.18275402 -0.17497225 0.21496637
v 0.18402013 -0.16498831 0.28495240
v 0.18279019 -0.17497225 0.19493005
v 0.18289872 -0.17497225 0.11497289
v 0.18293490 -0.17497225 0.08496545
v 0.18300724 -0.17497225 -0.01502803
v 0.18420100 -0.14498425 0.30498874
v 0.18412866 -0.14498425 0.32493097
v 0.18398395 -0.15496819 0.33499616
v 0.18387543 -0.16498831 0.32493097
v 0.18394779 -0.16498831 0.30498874
v 0.18412866 -0.11499624 0.34496731
v 0.18402013 -0.11499624 0.35493845
v 0.18405631 -0.14498425 0.33499616
v 0.18405631 -0.13496412 0.34496731
v 0.18326047 0.04496393 -0.49495912
v 0.18322429 0.07498811 -0.49495912
v 0.18318811 0.10497612 -0.49495912
v 0.18402013 0.11499624 -0.48498797
v 0.18398395 0.12498018 -0.48498797
v 0.18398395 0.14498425 -0.47492278
v 0.18391161 0.15496819 -0.47492278
v 0.18402013 0.15496819 -0.45498049
v 0.18394779 0.16498831 -0.44491529
v 0.18271784 0.17497225 -0.45498049
v 0.18282637 0.17497225 -0.42497307
v 0.18289872 0.17497225 -0.38499451
v 0.18094529 0.18094093 -0.28490692
v 0.18090911 0.18090475 -0.37492931
v 0.18087295 0.18086858 -0.42497307
v 0.18094529 0.18094093 -0.10495631
v 0.18090911 0.18090475 -0.02499916
v 0.18087295 0.18086858 0.04498687
v 0.18083677 0.18083240 0.09493657
v 0.18080059 0.18079622 0.13491516
v 0.18072824 0.18072388 0.20499524
v 0.18069208 0.18068771 0.22493750
v 0.18061972 0.18061535 0.25494492
v 0.18253697 0.17497225 0.27498126
v 0.18380308 0.16498831 0.33499616
v 0.18246463 0.17497225 0.29492354
v 0.18391161 0.15496819 0.34496731
v 0.18398395 0.14498425 0.34496731
v 0.18387543 0.14498425 0.35493845
v 0.18412866 0.05498405 0.35493845
v 0.18217523 0.14498425 0.36490953
v 0.18094529 -0.18094093 -0.28490692
v 0.18090911 -0.18090475 -0.37492931
v 0.18094529 -0.18094093 -0.10495631
v 0.18090911 -0.18090475 -0.01502803
v 0.18087295 -0.18086858 -0.42497307
v 0.18289872 -0.17497225 -0.38499451
v 0.18282637 -0.17497225 -0.42497307
v 0.18271784 -0.17497225 -0.45498049
v 0.18394779 -0.16498831 -0.44491529
v 0.18402013 -0.15496819 -0.45498049
v 0.18391161 -0.15496819 -0.47492278
v 0.18398395 -0.14498425 -0.47492278
v 0.18398395 -0.12498018 -0.48498797
v 0.18402013 -0.11499624 -0.48498797
v 0.18318811 -0.10497612 -0.49495912
v 0.18322429 -0.07498811 -0.49495912
v 0.18326047 -0.04496393 -0.49495912
v 0.18412866 -0.05498405 0.35493845
v 0.18069208 -0.18068771 0.22493750
v 0.18072824 -0.18072388 0.20499524
v 0.18253697 -0.17497225 0.27498126
v 0.18061972 -0.18061535 0.25494492
v 0.18076442 -0.18076006 0.17498779
v 0.18083677 -0.18083240 0.10490771
v 0.18087295 -0.18086858 0.04498687
v 0.18391161 -0.15496819 0.34496731
v 0.18380308 -0.16498831 0.33499616
v 0.18246463 -0.17497225 0.29492354
v 0.18387543 -0.14498425 0.35493845
v 0.18217523 -0.14498425 0.36490953
v 0.18398395 -0.14498425 0.34496731
v 0.18123469 0.05498405 -0.50126159
v 0.18119851 0.10497612 -0.50126159
v 0.18116234 0.13496412 -0.50116754
v 0.18315195 0.11499624 -0.49495912
v 0.18304342 0.14498425 -0.49495912
v 0.18387543 0.14498425 -0.48498797
v 0.18380308 0.15496819 -0.48498797
v 0.18380308 0.16498831 -0.47492278
v 0.18264550 0.17497225 -0.47492278
v 0.18080059 0.18079622 -0.46495163
v 0.17497648 0.18303899 -0.23495723
v 0.17497648 0.18296665 -0.34492183
v 0.17497648 0.18282196 -0.43494421
v 0.17497648 0.18289430 -0.39496559
v 0.17497648 0.18303899 -0.17494233
v 0.17497648 0.18300283 -0.05491254
v 0.17497648 0.18289430 0.07499432
v 0.17497648 0.18271343 0.17498779
v 0.17497648 0.18267725 0.19493005
v 0.18051119 0.18050684 0.29492354
v 0.17497648 0.18264109 0.20499524
v 0.18373074 0.16498831 0.34496731
v 0.18239227 0.17497225 0.30498874
v 0.18376692 0.15496819 0.35493845
v 0.18206671 0.15496819 0.36490953
v 0.16014490 0.00054261 0.45549631
v 0.17497648 -0.18303899 -0.23495723
v 0.17497648 -0.18296665 -0.34492183
v 0.17497648 -0.18300283 -0.04494141
v 0.17497648 -0.18303899 -0.16497120
v 0.17497648 -0.18289430 -0.39496559
v 0.17497648 -0.18282196 -0.43494421
v 0.18080059 -0.18079622 -0.46495163
v 0.18264550 -0.17497225 -0.47492278
v 0.18380308 -0.16498831 -0.47492278
v 0.18380308 -0.15496819 -0.48498797
v 0.18387543 -0.14498425 -0.48498797
v 0.18304342 -0.14498425 -0.49495912
v 0.18315195 -0.11499624 -0.49495912
v 0.18116234 -0.13496412 -0.50116754
v 0.18119851 -0.10497612 -0.50126159
v 0.18123469 -0.05498405 -0.50126159
v 0.17497648 -0.18267725 0.19493005
v 0.17497648 -0.18271343 0.17498779
v 0.17497648 -0.18289430 0.07499432
v 0.18051119 -0.18050684 0.29492354
v 0.17497648 -0.18264109 0.20499524
v 0.18373074 -0.16498831 0.34496731
v 0.18376692 -0.15496819 0.35493845
v 0.18239227 -0.17497225 0.30498874
v 0.18206671 -0.15496819 0.36490953
v 0.16014490 -0.00057878 0.45549631
v 0.17497648 0.08497205 -0.50370735
v 0.18116234 0.11499624 -0.50126159
v 0.18112616 0.14498425 -0.50116754
v 0.18109000 0.15496819 -0.50116754
v 0.18105382 0.16498831 -0.50107348
v 0.18297108 0.15496819 -0.49495912
v 0.18369456 0.16498831 -0.48498797
v 0.18257315 0.17497225 -0.48498797
v 0.18072824 0.18072388 -0.48498797
v 0.17497648 0.18278578 -0.44491529
v 0.16499230 0.18423273 -0.23495723
v 0.16499230 0.18412420 -0.36495817
v 0.16499230 0.18416038 -0.33495069
v 0.16499230 0.18397951 -0.43494421
v 0.16499230 0.18405186 -0.40493673
v 0.16499230 0.18408804 -0.38499451
v 0.16499230 0.18423273 -0.03497028
v 0.16499230 0.18416038 0.08496545
v 0.16499230 0.18394335 0.21496637
v 0.17497648 0.18235169 0.27498126
v 0.17497648 0.18224317 0.29492354
v 0.18040267 0.18039832 0.31495982
v 0.17497648 0.18249638 0.24497382
v 0.18221140 0.17497225 0.32493097
v 0.18210287 0.17497225 0.33499616
v 0.18358603 0.16498831 0.35493845
v 0.18141556 0.16430101 0.36556804
v 0.15688919 0.00557075 0.45549631
v 0.18004093 0.16050278 0.37008327
v 0.17906421 0.16719490 0.36923665
v 0.16499230 -0.18423273 -0.23495723
v 0.16499230 -0.18416038 -0.33495069
v 0.16499230 -0.18412420 -0.36495817
v 0.16499230 -0.18423273 -0.03497028
v 0.16499230 -0.18416038 0.08496545
v 0.16499230 -0.18419656 0.03492168
v 0.16499230 -0.18408804 -0.38499451
v 0.16499230 -0.18405186 -0.40493673
v 0.16499230 -0.18397951 -0.43494421
v 0.17497648 -0.18278578 -0.44491529
v 0.18072824 -0.18072388 -0.48498797
v 0.18257315 -0.17497225 -0.48498797
v 0.18369456 -0.16498831 -0.48498797
v 0.18297108 -0.15496819 -0.49495912
v 0.18105382 -0.16498831 -0.50107348
v 0.18109000 -0.15496819 -0.50116754
v 0.18112616 -0.14498425 -0.50116754
v 0.18116234 -0.11499624 -0.50126159
v 0.17497648 -0.08497205 -0.50370735
v 0.16499230 -0.18394335 0.21496637
v 0.16499230 -0.18401569 0.17498779
v 0.16499230 -0.18408804 0.13491516
v 0.18040267 -0.18039832 0.31495982
v 0.17497648 -0.18224317 0.29492354
v 0.17497648 -0.18249638 0.24497382
v 0.18210287 -0.17497225 0.33499616
v 0.18221140 -0.17497225 0.32493097
v 0.18358603 -0.16498831 0.35493845
v 0.18141556 -0.16430101 0.36556804
v 0.15714242 -0.00531754 0.45549631
v 0.17906421 -0.16719490 0.36923665
v 0.18004093 -0.16050278 0.37008327
v 0.17497648 0.12498018 -0.50361329
v 0.16499230 0.08497205 -0.50493020
v 0.17497648 0.14498425 -0.50351918
v 0.17497648 0.16498831 -0.50333107
v 0.18058355 0.17497225 -0.50060314
v 0.18286255 0.16498831 -0.49495912
v 0.18181348 0.17497225 -0.49495912
v 0.18040267 0.18039832 -0.49495912
v 0.17497648 0.18256874 -0.48498797
v 0.17497648 0.18264109 -0.47492278
v 0.16499230 0.18394335 -0.44491529
v 0.15497194 0.18437742 -0.22498611
v 0.15497194 0.18426891 -0.35498703
v 0.15497194 0.18430507 -0.32497960
v 0.15497194 0.18401569 -0.45498049
v 0.14498775 0.18419656 -0.43494421
v 0.15497194 0.18412420 -0.42497307
v 0.15497194 0.18416038 -0.41490787
v 0.15497194 0.18419656 -0.39496559
v 0.15497194 0.18437742 -0.03497028
v 0.15497194 0.18434125 0.03492168
v 0.15497194 0.18430507 0.09493657
v 0.15497194 0.18412420 0.21496637
v 0.16499230 0.18390717 0.22493750
v 0.15497194 0.18390717 0.27498126
v 0.16499230 0.18369013 0.27498126
v 0.16499230 0.18358161 0.29492354
v 0.16499230 0.18350926 0.30498874
v 0.17497648 0.18213466 0.30498874
v 0.18022180 0.18025362 0.33499616
v 0.18033032 0.18032597 0.32493097
v 0.18011327 0.18010892 0.34496731
v 0.18192200 0.17497225 0.34496731
v 0.18112616 0.17301887 0.36255789
v 0.18141556 0.17580426 0.35437405
v 0.15189709 0.01081594 0.45549631
v 0.17240809 0.17142724 0.37083578
v 0.17598937 0.17555104 0.36537987
v 0.15497194 -0.18437742 -0.22498611
v 0.15497194 -0.18430507 -0.32497960
v 0.15497194 -0.18426891 -0.35498703
v 0.15497194 -0.18434125 0.04498687
v 0.15497194 -0.18437742 -0.02499916
v 0.15497194 -0.18423273 0.14498034
v 0.15497194 -0.18430507 0.09493657
v 0.15497194 -0.18419656 -0.39496559
v 0.15497194 -0.18416038 -0.41490787
v 0.15497194 -0.18412420 -0.42497307
v 0.14498775 -0.18419656 -0.43494421
v 0.15497194 -0.18401569 -0.45498049
v 0.16499230 -0.18394335 -0.44491529
v 0.17497648 -0.18264109 -0.47492278
v 0.17497648 -0.18256874 -0.48498797
v 0.18040267 -0.18039832 -0.49495912
v 0.18181348 -0.17497225 -0.49495912
v 0.18286255 -0.16498831 -0.49495912
v 0.18058355 -0.17497225 -0.50060314
v 0.17497648 -0.16498831 -0.50333107
v 0.17497648 -0.14498425 -0.50351918
v 0.17497648 -0.12498018 -0.50361329
v 0.16499230 -0.08497205 -0.50493020
v 0.15497194 -0.18412420 0.21496637
v 0.16499230 -0.18390717 0.22493750
v 0.15497194 -0.18390717 0.27498126
v 0.15497194 -0.18416038 0.19493005
v 0.18033032 -0.18032597 0.32493097
v 0.18022180 -0.18025362 0.33499616
v 0.17497648 -0.18213466 0.30498874
v 0.16499230 -0.18350926 0.30498874
v 0.16499230 -0.18358161 0.29492354
v 0.16499230 -0.18369013 0.27498126
v 0.18192200 -0.17497225 0.34496731
v 0.18011327 -0.18010892 0.34496731
v 0.18112616 -0.17301887 0.36255789
v 0.18141556 -0.17580426 0.35437405
v 0.15696153 -0.00557075 0.45549631
v 0.17240809 -0.17142724 0.37083578
v 0.17598937 -0.17555104 0.36537987
v 0.16499230 0.12498018 -0.50483614
v 0.15497194 0.03497998 -0.50511837
v 0.15497194 0.10497612 -0.50502425
v 0.16499230 0.14498425 -0.50474209
v 0.17497648 0.17497225 -0.50220227
v 0.16499230 0.15496819 -0.50464803
v 0.16499230 0.16498831 -0.50445986
v 0.18007711 0.18007275 -0.50003874
v 0.17497648 0.18184526 -0.49495912
v 0.16499230 0.18369013 -0.48498797
v 0.16499230 0.18379864 -0.47492278
v 0.15497194 0.18397951 -0.46495163
v 0.14498775 0.18444978 -0.23495723
v 0.14498775 0.18434125 -0.36495817
v 0.14498775 0.18437742 -0.33495069
v 0.12498320 0.18419656 -0.45498049
v 0.11499901 0.18423273 -0.45498049
v 0.11499901 0.18434125 -0.42497307
v 0.13496739 0.18426891 -0.42497307
v 0.14498775 0.18405186 -0.46495163
v 0.14498775 0.18444978 0.00491423
v 0.14498775 0.18441360 0.08496545
v 0.14498775 0.18437742 0.11497289
v 0.14498775 0.18426891 0.19493005
v 0.14498775 0.18423273 0.21496637
v 0.14498775 0.18401569 0.28495240
v 0.15497194 0.18383482 0.29492354
v 0.15497194 0.18376248 0.30498874
v 0.15497194 0.18358161 0.32493097
v 0.15497194 0.18347308 0.33499616
v 0.16499230 0.18318368 0.33499616
v 0.17497648 0.18202613 0.31495982
v 0.17497648 0.18177292 0.33499616
v 0.17497648 0.18155587 0.34496731
v 0.18000475 0.18000041 0.35070539
v 0.17957066 0.17967483 0.35729009
v 0.14498775 0.01175646 0.45549631
v 0.16499230 0.17233157 0.37130612
v 0.17291453 0.18076006 0.36142904
v 0.16499230 0.17732355 0.36735529
v 0.14498775 -0.18444978 -0.23495723
v 0.14498775 -0.18437742 -0.33495069
v 0.14498775 -0.18434125 -0.36495817
v 0.14498775 -0.18441360 0.08496545
v 0.14498775 -0.18444978 0.01497942
v 0.14498775 -0.18434125 0.14498034
v 0.13496739 -0.18426891 -0.42497307
v 0.11499901 -0.18434125 -0.42497307
v 0.11499901 -0.18423273 -0.45498049
v 0.12498320 -0.18419656 -0.45498049
v 0.14498775 -0.18405186 -0.46495163
v 0.15497194 -0.18397951 -0.46495163
v 0.16499230 -0.18379864 -0.47492278
v 0.16499230 -0.18369013 -0.48498797
v 0.17497648 -0.18184526 -0.49495912
v 0.18007711 -0.18007275 -0.50003874
v 0.17497648 -0.17497225 -0.50220227
v 0.16499230 -0.16498831 -0.50445986
v 0.16499230 -0.15496819 -0.50464803
v 0.16499230 -0.14498425 -0.50474209
v 0.16499230 -0.12498018 -0.50483614
v 0.15497194 -0.10497612 -0.50502425
v 0.15497194 -0.03497998 -0.50511837
v 0.14498775 -0.18423273 0.21496637
v 0.14498775 -0.18401569 0.28495240
v 0.15497194 -0.18383482 0.29492354
v 0.14498775 -0.18426891 0.19493005
v 0.17497648 -0.18177292 0.33499616
v 0.17497648 -0.18202613 0.31495982
v 0.16499230 -0.18318368 0.33499616
v 0.15497194 -0.18376248 0.30498874
v 0.15497194 -0.18347308 0.33499616
v 0.15497194 -0.18358161 0.32493097
v 0.18000475 -0.18000041 0.35070539
v 0.17497648 -0.18155587 0.34496731
v 0.17957066 -0.17967483 0.35729009
v 0.15670832 -0.00586014 0.45549631
v 0.16499230 -0.17233157 0.37130612
v 0.16499230 -0.17732355 0.36735529
v 0.17291453 -0.18076006 0.36142904
v 0.15196945 -0.01081594 0.45549631
v 0.03158040 -0.11202999 0.43094474
v 0.02499663 -0.11347694 0.43141508
v 0.01497627 -0.12498018 0.42652357
v 0.00499208 -0.13377039 0.42257279
v 0.14498775 0.12498018 -0.50502425
v 0.14498775 0.01497592 -0.50521243
v 0.14498775 0.09499218 -0.50511837
v 0.14498775 0.16498831 -0.50474209
v 0.14498775 0.14498425 -0.50493020
v 0.16499230 0.17497225 -0.50333107
v 0.17497648 0.18057919 -0.50060314
v 0.15497194 0.16498831 -0.50464803
v 0.16499230 0.18289430 -0.49495912
v 0.15497194 0.18379864 -0.48498797
v 0.15497194 0.18390717 -0.47492278
v 0.12498320 0.18455829 -0.22498611
v 0.13496739 0.18452212 -0.16497120
v 0.12498320 0.18444978 -0.35498703
v 0.12498320 0.18437742 -0.39496559
v 0.12498320 0.18448594 -0.32497960
v 0.12498320 0.18408804 -0.47492278
v 0.11499901 0.18412420 -0.47492278
v 0.05498536 0.18434125 -0.45498049
v 0.10497865 0.18430507 -0.44491529
v 0.10497865 0.18437742 -0.42497307
v 0.11499901 0.18437742 -0.41490787
v 0.14498775 0.18397951 -0.47492278
v 0.12498320 0.18455829 0.01497942
v 0.13496739 0.18448594 0.05495800
v 0.13496739 0.18452212 -0.03497028
v 0.12498320 0.18452212 0.09493657
v 0.11499901 0.18444978 0.20499524
v 0.12498320 0.18437742 0.21496637
v 0.12498320 0.18416038 0.29492354
v 0.14498775 0.18397951 0.29492354
v 0.14498775 0.18390717 0.30498874
v 0.14498775 0.18383482 0.31495982
v 0.14498775 0.18365395 0.33499616
v 0.15497194 0.18332839 0.34496731
v 0.16499230 0.18300283 0.34496731
v 0.16499230 0.18271343 0.35493845
v 0.17573614 0.18101327 0.35437405
v 0.13496739 0.01197350 0.45549631
v 0.15497194 0.17265715 0.37140018
v 0.13496739 0.17294653 0.37149423
v 0.15497194 0.17764911 0.36773157
v 0.14498775 0.17782998 0.36801380
v 0.16499230 0.18126649 0.36236972
v 0.13496739 -0.18452212 -0.18491347
v 0.12498320 -0.18455829 -0.22498611
v 0.12498320 -0.18448594 -0.32497960
v 0.12498320 -0.18444978 -0.35498703
v 0.12498320 -0.18437742 -0.39496559
v 0.12498320 -0.18452212 0.09493657
v 0.12498320 -0.18444978 0.16492260
v 0.12498320 -0.18455829 0.02495055
v 0.13496739 -0.18452212 -0.02499916
v 0.12498320 -0.18441360 0.19493005
v 0.11499901 -0.18437742 -0.41490787
v 0.10497865 -0.18437742 -0.42497307
v 0.10497865 -0.18430507 -0.44491529
v 0.05498536 -0.18434125 -0.45498049
v 0.11499901 -0.18412420 -0.47492278
v 0.12498320 -0.18408804 -0.47492278
v 0.14498775 -0.18397951 -0.47492278
v 0.15497194 -0.18390717 -0.47492278
v 0.15497194 -0.18379864 -0.48498797
v 0.16499230 -0.18285812 -0.49495912
v 0.17497648 -0.18057919 -0.50060314
v 0.16499230 -0.17497225 -0.50333107
v 0.15497194 -0.16498831 -0.50464803
v 0.14498775 -0.16498831 -0.50474209
v 0.14498775 -0.14498425 -0.50493020
v 0.14498775 -0.12498018 -0.50502425
v 0.14498775 -0.09499218 -0.50511837
v 0.14498775 -0.01497592 -0.50521243
v 0.12498320 -0.18437742 0.21496637
v 0.12498320 -0.18416038 0.29492354
v 0.14498775 -0.18397951 0.29492354
v 0.16499230 -0.18300283 0.34496731
v 0.15497194 -0.18332839 0.34496731
v 0.14498775 -0.18383482 0.31495982
v 0.14498775 -0.18390717 0.30498874
v 0.14498775 -0.18365395 0.33499616
v 0.17573614 -0.18101327 0.35437405
v 0.16499230 -0.18271343 0.35493845
v 0.15497194 -0.17764911 0.36773157
v 0.16499230 -0.18126649 0.36236972
v 0.14527714 -0.01172028 0.45549631
v 0.00499208 -0.07498811 0.44674808
v 0.03038664 -0.09057898 0.44016337
v 0.02499663 -0.10497612 0.43489558
v 0.01497627 -0.11897535 0.42953372
v 0.00499208 -0.12498018 0.42727613
v -0.00499211 -0.13431300 0.42266685
v 0.13496739 0.11499624 -0.50511837
v 0.11499901 0.11499624 -0.50521243
v 0.12498320 0.02499604 -0.50530648
v 0.13496739 0.07498811 -0.50521243
v 0.12498320 0.16498831 -0.50483614
v 0.14498775 0.17497225 -0.50351918
v 0.12498320 0.14498425 -0.50502425
v 0.15497194 0.18112180 -0.50116754
v 0.16499230 0.18104944 -0.50107348
v 0.14498775 0.18303899 -0.49495912
v 0.14498775 0.18387099 -0.48498797
v 0.11499901 0.18459447 -0.23495723
v 0.11499901 0.18463065 -0.07494886
v 0.11499901 0.18448594 -0.35498703
v 0.11499901 0.18441360 -0.39496559
v 0.11499901 0.18452212 -0.32497960
v 0.13496739 0.18394335 -0.48498797
v 0.11499901 0.18401569 -0.48498797
v 0.05498536 0.18423273 -0.47492278
v 0.01497627 0.18441360 -0.44491529
v 0.02499663 0.18444978 -0.43494421
v 0.06496955 0.18437742 -0.44491529
v 0.02499663 0.18430507 -0.46495163
v 0.06496955 0.18444978 -0.42497307
v 0.08497410 0.18452212 -0.37492931
v 0.09499446 0.18452212 -0.36495817
v 0.11499901 0.18459447 0.03492168
v 0.11499901 0.18463065 -0.06497774
v 0.11499901 0.18455829 0.10490771
v 0.10497865 0.18452212 0.16492260
v 0.07498991 0.18459447 0.17498779
v 0.08497410 0.18452212 0.21496637
v 0.10497865 0.18444978 0.22493750
v 0.11499901 0.18441360 0.22493750
v 0.11499901 0.18430507 0.26491606
v 0.10497865 0.18426891 0.29492354
v 0.11499901 0.18416038 0.30498874
v 0.11499901 0.18397951 0.33499616
v 0.13496739 0.18401569 0.30498874
v 0.12498320 0.18376248 0.34496731
v 0.14498775 0.18350926 0.34496731
v 0.14498775 0.18325604 0.35493845
v 0.15497194 0.18303899 0.35493845
v 0.12498320 0.01208202 0.45549631
v 0.11499901 0.17815554 0.36839002
v 0.09499446 0.17826407 0.36848408
v 0.05498536 0.17840876 0.36867225
v 0.11499901 0.17316358 0.37149423
v 0.15497194 0.18144736 0.36274600
v 0.14498775 0.18155587 0.36293411
v 0.13496739 0.18162823 0.36312228
v 0.11499901 -0.18463065 -0.07494886
v 0.11499901 -0.18459447 -0.23495723
v 0.11499901 -0.18452212 -0.32497960
v 0.11499901 -0.18448594 -0.35498703
v 0.11499901 -0.18441360 -0.39496559
v 0.11499901 -0.18455829 0.10490771
v 0.11499901 -0.18459447 0.04498687
v 0.11499901 -0.18448594 0.17498779
v 0.11499901 -0.18463065 -0.06497774
v 0.11499901 -0.18444978 0.20499524
v 0.09499446 -0.18452212 -0.36495817
v 0.06496955 -0.18444978 -0.42497307
v 0.06496955 -0.18437742 -0.44491529
v 0.02499663 -0.18444978 -0.43494421
v 0.01497627 -0.18441360 -0.44491529
v 0.02499663 -0.18430507 -0.46495163
v 0.05498536 -0.18423273 -0.47492278
v 0.11499901 -0.18401569 -0.48498797
v 0.13496739 -0.18394335 -0.48498797
v 0.14498775 -0.18387099 -0.48498797
v 0.15497194 -0.18296665 -0.49495912
v 0.16499230 -0.18104944 -0.50107348
v 0.15497194 -0.18112180 -0.50116754
v 0.14498775 -0.17497225 -0.50351918
v 0.12498320 -0.16498831 -0.50483614
v 0.12498320 -0.14498425 -0.50502425
v 0.11499901 -0.11499624 -0.50521243
v 0.13496739 -0.11499624 -0.50511837
v 0.13496739 -0.07498811 -0.50521243
v 0.12498320 -0.02499604 -0.50530648
v 0.11499901 -0.18441360 0.22493750
v 0.13496739 -0.18401569 0.30498874
v 0.11499901 -0.18416038 0.30498874
v 0.11499901 -0.18426891 0.27498126
v 0.11499901 -0.18430507 0.26491606
v 0.14498775 -0.18350926 0.34496731
v 0.15497194 -0.18303899 0.35493845
v 0.14498775 -0.18325604 0.35493845
v 0.12498320 -0.18387099 0.33499616
v 0.12498320 -0.18376248 0.34496731
v 0.14498775 -0.17782998 0.36801380
v 0.15497194 -0.18144736 0.36274600
v 0.14498775 -0.01175646 0.45549631
v 0.13547383 -0.01197350 0.45549631
v 0.12548964 -0.01208202 0.45549631
v 0.11546928 -0.01215437 0.45549631
v -0.00499211 -0.06496799 0.44815904
v -0.01497630 -0.07498811 0.44674808
v -0.01497630 -0.08497205 0.44298536
v 0.00499208 -0.08497205 0.44289130
v 0.01497627 -0.09115776 0.44044554
v 0.02499663 -0.09600504 0.43847013
v 0.02499663 -0.09101307 0.44035149
v 0.00499208 -0.11904769 0.42962784
v 0.01497627 -0.11398338 0.43150914
v -0.01497630 -0.12498018 0.42737019
v -0.01497630 -0.13380657 0.42266685
v -0.15497197 -0.17764911 0.36773157
v -0.14498778 -0.17782998 0.36801380
v -0.11499904 -0.17815554 0.36839002
v -0.09499449 -0.17826407 0.36848408
v -0.05498539 -0.17840876 0.36867225
v -0.04496503 -0.17844494 0.36867225
v -0.01497630 -0.17848110 0.36867225
v 0.01497627 -0.17848110 0.36867225
v 0.04496500 -0.17844494 0.36867225
v 0.05498536 -0.17840876 0.36867225
v 0.09499446 -0.17826407 0.36848408
v 0.11499901 -0.17815554 0.36839002
v 0.11499901 0.06496799 -0.50530648
v 0.10497865 0.08497205 -0.50530648
v 0.09499446 0.09499218 -0.50530648
v 0.08497410 0.10497612 -0.50530648
v 0.06496955 0.11499624 -0.50530648
v 0.07498991 0.13496412 -0.50521243
v 0.09499446 0.14498425 -0.50511837
v 0.11499901 0.13496412 -0.50511837
v 0.09499446 0.00499197 -0.50540054
v 0.12498320 0.17497225 -0.50361329
v 0.10497865 0.15496819 -0.50502425
v 0.08497410 0.16498831 -0.50493020
v 0.11499901 0.18119414 -0.50126159
v 0.10497865 0.18318368 -0.49495912
v 0.11499901 0.18314752 -0.49495912
v 0.10497865 0.18459447 -0.26496470
v 0.09499446 0.18463065 -0.24492836
v 0.10497865 0.18463065 -0.21492091
v 0.09499446 0.18466681 -0.12499263
v 0.08497410 0.18455829 -0.35498703
v 0.09499446 0.18455829 -0.33495069
v 0.05498536 0.18412420 -0.48498797
v -0.05498539 0.18423273 -0.47492278
v -0.01497630 0.18441360 -0.44491529
v 0.00499208 0.18448594 -0.42497307
v -0.02499666 0.18430507 -0.46495163
v 0.04496500 0.18448594 -0.41490787
v 0.05498536 0.18452212 -0.39496559
v 0.06496955 0.18459447 -0.35498703
v 0.07498991 0.18455829 -0.36495817
v 0.09499446 0.18463065 0.08496545
v 0.09499446 0.18466681 -0.03497028
v 0.06496955 0.18466681 0.11497289
v 0.06496955 0.18459447 0.19493005
v 0.07498991 0.18455829 0.20499524
v 0.07498991 0.18466681 0.09493657
v 0.06496955 0.18455829 0.22493750
v 0.08497410 0.18448594 0.23490863
v 0.09499446 0.18441360 0.25494492
v 0.10497865 0.18437742 0.25494492
v 0.09499446 0.18430507 0.29492354
v 0.10497865 0.18416038 0.31495982
v 0.05498536 0.18419656 0.33499616
v 0.07498991 0.18405186 0.34496731
v 0.10497865 0.18390717 0.34496731
v 0.11499901 0.18383482 0.34496731
v 0.09499446 0.18419656 0.31495982
v 0.11499901 0.18361777 0.35493845
v 0.13496739 0.18340074 0.35493845
v 0.11499901 0.01215437 0.45549631
v 0.08497410 0.17330827 0.37158835
v 0.12498320 0.18170057 0.36321634
v 0.11499901 0.18173674 0.36331040
v 0.09499446 0.18180910 0.36349857
v 0.06496955 0.17840876 0.36857820
v 0.04496500 0.17844494 0.36867225
v 0.05498536 0.17341679 0.37158835
v 0.07498991 0.17334445 0.37158835
v 0.07498991 0.18184526 0.36359262
v 0.04496500 0.18191761 0.36368668
v 0.09499446 -0.18466681 -0.13496375
v 0.10497865 -0.18463065 -0.21492091
v 0.08497410 -0.18466681 -0.22498611
v 0.09499446 -0.18463065 -0.24492836
v 0.10497865 -0.18459447 -0.26496470
v 0.09499446 -0.18455829 -0.33495069
v 0.08497410 -0.18455829 -0.35498703
v 0.09499446 -0.18463065 0.08496545
v 0.10497865 -0.18455829 0.13491516
v 0.09499446 -0.18459447 0.12494402
v 0.10497865 -0.18463065 0.01497942
v 0.10497865 -0.18448594 0.20499524
v 0.09499446 -0.18466681 -0.02499916
v 0.07498991 -0.18455829 -0.36495817
v 0.06496955 -0.18459447 -0.35498703
v 0.05498536 -0.18452212 -0.39496559
v 0.04496500 -0.18448594 -0.41490787
v 0.00499208 -0.18448594 -0.42497307
v -0.01497630 -0.18441360 -0.44491529
v -0.02499666 -0.18430507 -0.46495163
v -0.05498539 -0.18423273 -0.47492278
v 0.05498536 -0.18412420 -0.48498797
v 0.10497865 -0.18318368 -0.49495912
v 0.11499901 -0.18314752 -0.49495912
v 0.14498775 -0.18303899 -0.49495912
v 0.11499901 -0.18119414 -0.50126159
v 0.12498320 -0.17497225 -0.50361329
v 0.08497410 -0.16498831 -0.50493020
v 0.10497865 -0.15496819 -0.50502425
v 0.09499446 -0.14498425 -0.50511837
v 0.11499901 -0.13496412 -0.50511837
v 0.07498991 -0.13496412 -0.50521243
v 0.06496955 -0.11499624 -0.50530648
v 0.08497410 -0.10497612 -0.50530648
v 0.09499446 -0.09499218 -0.50530648
v 0.10497865 -0.08497205 -0.50530648
v 0.11499901 -0.06496799 -0.50530648
v 0.09499446 -0.00499197 -0.50540054
v 0.10497865 -0.18444978 0.22493750
v 0.05498536 -0.18437742 0.30498874
v 0.11499901 -0.18394335 0.33499616
v 0.10497865 -0.18401569 0.33499616
v 0.10497865 -0.18408804 0.32493097
v 0.09499446 -0.18412420 0.32493097
v 0.07498991 -0.18441360 0.27498126
v 0.10497865 -0.18434125 0.26491606
v 0.13496739 -0.18340074 0.35493845
v 0.14498775 -0.18155587 0.36293411
v 0.11499901 -0.18383482 0.34496731
v 0.11499901 -0.18361777 0.35493845
v 0.13496739 -0.18162823 0.36312228
v 0.10548510 -0.01219054 0.45549631
v 0.06547599 -0.01233524 0.45549631
v 0.04547145 -0.01237141 0.45549631
v 0.01548271 -0.01240758 0.45549631
v -0.01497630 -0.01240758 0.45549631
v -0.04496503 -0.01237141 0.45549631
v -0.06496958 -0.01233524 0.45549631
v -0.09448805 -0.01226289 0.45549631
v -0.15189712 -0.01081594 0.45549631
v -0.02499666 -0.07498811 0.44608957
v -0.04055173 -0.09086837 0.44025743
v -0.03498084 -0.09133863 0.44044554
v -0.02499666 -0.08497205 0.44298536
v -0.11499904 -0.01215437 0.45549631
v -0.12498323 -0.01208202 0.45549631
v -0.13496742 -0.01197350 0.45549631
v -0.14498778 -0.01175646 0.45549631
v -0.02499666 -0.09137481 0.44053960
v -0.01497630 -0.11416424 0.43160325
v -0.02499666 -0.11919239 0.42962784
v -0.02499666 -0.11420042 0.43160325
v -0.03498084 -0.11369398 0.43160325
v -0.02499666 -0.12498018 0.42642951
v -0.17240812 -0.17142724 0.37083578
v -0.16499233 -0.17233157 0.37130612
v -0.16499233 -0.17732355 0.36735529
v -0.16499233 -0.18126649 0.36236972
v -0.15497197 -0.18144736 0.36274600
v -0.14498778 -0.18155587 0.36293411
v -0.13496742 -0.18162823 0.36312228
v -0.12498323 -0.18170057 0.36321634
v -0.11499904 -0.18173674 0.36331040
v -0.09499449 -0.18180910 0.36349857
v -0.06496958 -0.17840876 0.36857820
v -0.07498994 -0.18184526 0.36359262
v -0.04496503 -0.18191761 0.36368668
v 0.04496500 -0.18191761 0.36368668
v 0.07498991 -0.18184526 0.36359262
v 0.09499446 -0.18180910 0.36349857
v 0.06496955 -0.17840876 0.36857820
v 0.11499901 -0.18173674 0.36331040
v 0.12498320 -0.18170057 0.36321634
v 0.07498991 0.06496799 -0.50540054
v 0.06496955 0.07498811 -0.50540054
v 0.00499208 0.09499218 -0.50540054
v 0.02499663 0.12498018 -0.50530648
v 0.01497627 0.14498425 -0.50521243
v 0.03498081 0.15496819 -0.50511837
v 0.00499208 0.00499197 -0.50549459
v 0.08497410 0.17497225 -0.50370735
v -0.08497413 0.16498831 -0.50493020
v 0.06496955 0.18123031 -0.50126159
v 0.05498536 0.18325604 -0.49495912
v 0.08497410 0.18321986 -0.49495912
v 0.07498991 0.18463065 -0.29497212
v 0.06496955 0.18470299 -0.22498611
v 0.07498991 0.18470299 -0.14493489
v -0.05498539 0.18412420 -0.48498797
v -0.11499904 0.18412420 -0.47492278
v -0.05498539 0.18434125 -0.45498049
v -0.02499666 0.18444978 -0.43494421
v -0.00499211 0.18448594 -0.42497307
v 0.00499208 0.18463065 -0.35498703
v 0.02499663 0.18455829 -0.38499451
v 0.03498081 0.18459447 -0.36495817
v 0.04496500 0.18463065 -0.33495069
v 0.05498536 0.18463065 -0.32497960
v 0.06496955 0.18463065 -0.31491441
v 0.07498991 0.18470299 -0.01502803
v 0.06496955 0.18470299 0.05495800
v 0.05498536 0.18459447 0.20499524
v 0.05498536 0.18470299 0.08496545
v 0.07498991 0.18448594 0.24497382
v 0.04496500 0.18459447 0.21496637
v 0.02499663 0.18459447 0.22493750
v 0.04496500 0.18455829 0.23490863
v 0.05498536 0.18448594 0.26491606
v 0.07498991 0.18441360 0.27498126
v 0.05498536 0.18441360 0.29492354
v 0.05498536 0.18437742 0.30498874
v 0.06496955 0.18430507 0.31495982
v 0.07498991 0.18426891 0.31495982
v 0.03498081 0.18423273 0.33499616
v 0.06496955 0.18408804 0.34496731
v 0.07498991 0.18387099 0.35493845
v 0.09499446 0.18376248 0.35493845
v 0.09448802 0.01226289 0.45549631
v 0.08497410 0.18184526 0.36349857
v 0.01497627 0.17848110 0.36867225
v 0.03498081 0.17345296 0.37158835
v 0.06496955 0.01233524 0.45549631
v -0.04496503 0.18191761 0.36368668
v 0.06496955 0.18390717 0.35493845
v 0.02499663 0.18397951 0.35493845
v 0.07498991 -0.18470299 -0.14493489
v 0.06496955 -0.18470299 -0.22498611
v 0.07498991 -0.18463065 -0.29497212
v 0.07498991 -0.18459447 0.17498779
v 0.07498991 -0.18466681 0.09493657
v 0.06496955 -0.18470299 0.06492913
v 0.08497410 -0.18466681 0.04498687
v 0.06496955 -0.18455829 0.22493750
v 0.07498991 -0.18455829 0.20499524
v 0.07498991 -0.18470299 -0.00505690
v 0.05498536 -0.18463065 -0.32497960
v 0.04496500 -0.18463065 -0.33495069
v 0.00499208 -0.18463065 -0.35498703
v 0.03498081 -0.18459447 -0.36495817
v 0.06496955 -0.18463065 -0.31491441
v 0.02499663 -0.18455829 -0.38499451
v -0.00499211 -0.18448594 -0.42497307
v -0.05498539 -0.18434125 -0.45498049
v -0.02499666 -0.18444978 -0.43494421
v -0.11499904 -0.18412420 -0.47492278
v -0.05498539 -0.18412420 -0.48498797
v 0.05498536 -0.18325604 -0.49495912
v 0.08497410 -0.18321986 -0.49495912
v 0.06496955 -0.18123031 -0.50126159
v 0.08497410 -0.17497225 -0.50370735
v -0.08497413 -0.16498831 -0.50493020
v 0.03498081 -0.15496819 -0.50511837
v 0.01497627 -0.14498425 -0.50521243
v 0.02499663 -0.12498018 -0.50530648
v 0.00499208 -0.09499218 -0.50540054
v 0.06496955 -0.07498811 -0.50540054
v 0.07498991 -0.06496799 -0.50540054
v 0.00499208 -0.00499197 -0.50549459
v 0.07498991 -0.18448594 0.24497382
v 0.01497627 -0.18441360 0.30498874
v 0.05498536 -0.18441360 0.29492354
v 0.07498991 -0.18419656 0.32493097
v 0.06496955 -0.18423273 0.32493097
v 0.05498536 -0.18419656 0.33499616
v -0.00499211 -0.18426891 0.33499616
v 0.10497865 -0.18390717 0.34496731
v 0.06496955 -0.18408804 0.34496731
v 0.09499446 -0.18405186 0.33499616
v 0.10497865 -0.18369013 0.35493845
v -0.04156462 -0.11210234 0.43103880
v -0.15688922 -0.00557075 0.45549631
v -0.03498084 -0.10497612 0.43517780
v -0.03498084 -0.09636678 0.43856418
v -0.17906424 -0.16719490 0.36923665
v -0.17598940 -0.17555104 0.36537987
v -0.17291456 -0.18076006 0.36142904
v -0.16499233 -0.18271343 0.35493845
v -0.15497197 -0.18303899 0.35493845
v -0.14498778 -0.18325604 0.35493845
v -0.13496742 -0.18340074 0.35493845
v -0.11499904 -0.18361777 0.35493845
v -0.09499449 -0.18376248 0.35493845
v -0.08497413 -0.18184526 0.36349857
v -0.07498994 -0.18387099 0.35493845
v -0.06496958 -0.18390717 0.35493845
v -0.02499666 -0.18397951 0.35493845
v 0.01497627 -0.18397951 0.35493845
v 0.04496500 -0.18394335 0.35493845
v 0.06496955 -0.18390717 0.35493845
v 0.08497410 -0.18184526 0.36349857
v -0.00499211 0.09499218 -0.50540054
v -0.02499666 0.12498018 -0.50530648
v -0.01497630 0.14498425 -0.50521243
v -0.03498084 0.15496819 -0.50511837
v -0.00499211 0.00499197 -0.50549459
v -0.08497413 0.17497225 -0.50370735
v -0.10497868 0.15496819 -0.50502425
v -0.12498323 0.16498831 -0.50483614
v -0.06496958 0.18123031 -0.50126159
v -0.05498539 0.18325604 -0.49495912
v 0.05498536 0.18470299 -0.23495723
v 0.00499208 0.18473916 -0.22498611
v 0.02499663 0.18473916 -0.18491347
v 0.05498536 0.18473916 -0.10495631
v -0.11499904 0.18401569 -0.48498797
v -0.08497413 0.18321986 -0.49495912
v -0.12498323 0.18408804 -0.47492278
v -0.11499904 0.18423273 -0.45498049
v -0.06496958 0.18437742 -0.44491529
v -0.06496958 0.18444978 -0.42497307
v -0.04496503 0.18448594 -0.41490787
v -0.05498539 0.18452212 -0.39496559
v -0.02499666 0.18455829 -0.38499451
v -0.00499211 0.18463065 -0.35498703
v 0.00499208 0.18466681 -0.31491441
v 0.01497627 0.18470299 -0.26496470
v 0.04496500 0.18470299 -0.24492836
v 0.05498536 0.18473916 -0.03497028
v 0.01497627 0.18463065 0.20499524
v 0.00499208 0.18463065 0.21496637
v 0.00499208 0.18473916 0.08496545
v 0.03498081 0.18470299 0.10490771
v 0.02499663 0.18466681 0.15495147
v 0.01497627 0.18452212 0.26491606
v 0.00499208 0.18448594 0.28495240
v 0.04496500 0.18444978 0.28495240
v 0.01497627 0.18444978 0.29492354
v 0.01497627 0.18441360 0.30498874
v 0.00499208 0.18426891 0.33499616
v 0.04496500 0.18412420 0.34496731
v -0.01497630 0.17848110 0.36867225
v 0.00499208 0.17348914 0.37158835
v 0.04496500 0.01237141 0.45549631
v -0.08497413 0.18184526 0.36349857
v -0.07498994 0.18184526 0.36359262
v -0.05498539 0.17840876 0.36867225
v -0.04496503 0.17844494 0.36867225
v -0.01497630 0.18397951 0.35493845
v -0.04496503 0.18394335 0.35493845
v -0.06496958 0.18390717 0.35493845
v 0.01497627 0.18416038 0.34496731
v 0.05498536 -0.18473916 -0.10495631
v 0.02499663 -0.18473916 -0.18491347
v 0.00499208 -0.18473916 -0.22498611
v 0.05498536 -0.18470299 -0.23495723
v 0.04496500 -0.18473916 -0.13496375
v 0.06496955 -0.18459447 0.19493005
v 0.05498536 -0.18463065 0.17498779
v 0.05498536 -0.18470299 0.08496545
v 0.06496955 -0.18466681 0.11497289
v 0.01497627 -0.18473916 0.06492913
v 0.05498536 -0.18473916 -0.03497028
v 0.04496500 -0.18455829 0.23490863
v 0.02499663 -0.18459447 0.22493750
v 0.04496500 -0.18459447 0.21496637
v 0.05498536 -0.18459447 0.20499524
v 0.04496500 -0.18470299 -0.24492836
v 0.01497627 -0.18470299 -0.26496470
v 0.00499208 -0.18466681 -0.31491441
v -0.00499211 -0.18463065 -0.35498703
v -0.05498539 -0.18452212 -0.39496559
v -0.04496503 -0.18448594 -0.41490787
v -0.06496958 -0.18444978 -0.42497307
v -0.02499666 -0.18455829 -0.38499451
v -0.06496958 -0.18437742 -0.44491529
v -0.11499904 -0.18423273 -0.45498049
v -0.12498323 -0.18408804 -0.47492278
v -0.11499904 -0.18401569 -0.48498797
v -0.08497413 -0.18321986 -0.49495912
v -0.05498539 -0.18325604 -0.49495912
v -0.06496958 -0.18123031 -0.50126159
v -0.08497413 -0.17497225 -0.50370735
v -0.10497868 -0.15496819 -0.50502425
v -0.03498084 -0.15496819 -0.50511837
v -0.12498323 -0.16498831 -0.50483614
v -0.01497630 -0.14498425 -0.50521243
v -0.02499666 -0.12498018 -0.50530648
v -0.00499211 -0.09499218 -0.50540054
v -0.00499211 -0.00499197 -0.50549459
v -0.01497630 -0.18441360 0.30498874
v 0.00499208 -0.18448594 0.28495240
v 0.01497627 -0.18444978 0.29492354
v 0.04496500 -0.18412420 0.34496731
v 0.01497627 -0.18416038 0.34496731
v -0.01497630 -0.18416038 0.34496731
v -0.03498084 -0.18423273 0.33499616
v -0.05498539 -0.18437742 0.30498874
v -0.16014493 -0.00054261 0.45549631
v -0.18004096 -0.16053894 0.37008327
v -0.18112619 -0.17301887 0.36255789
v -0.17957069 -0.17967483 0.35729009
v -0.17573617 -0.18101327 0.35437405
v -0.17497651 -0.18155587 0.34496731
v -0.16499233 -0.18300283 0.34496731
v -0.15497197 -0.18332839 0.34496731
v -0.14498778 -0.18350926 0.34496731
v -0.12498323 -0.18376248 0.34496731
v -0.11499904 -0.18383482 0.34496731
v -0.10497868 -0.18390717 0.34496731
v -0.07498994 -0.18405186 0.34496731
v -0.06496958 -0.18408804 0.34496731
v -0.04496503 -0.18412420 0.34496731
v -0.06496958 0.07498811 -0.50540054
v -0.06496958 0.11499624 -0.50530648
v -0.07498994 0.13496412 -0.50521243
v -0.09499449 0.14498425 -0.50511837
v -0.09499449 0.00499197 -0.50540054
v -0.07498994 0.06496799 -0.50540054
v -0.12498323 0.17497225 -0.50361329
v -0.11499904 0.18119414 -0.50126159
v -0.12498323 0.14498425 -0.50502425
v -0.14498778 0.16498831 -0.50474209
v -0.00499211 0.18473916 -0.22498611
v -0.00499211 0.18477534 -0.06497774
v -0.13496742 0.18394335 -0.48498797
v -0.10497868 0.18318368 -0.49495912
v -0.11499904 0.18314752 -0.49495912
v -0.14498778 0.18303899 -0.49495912
v -0.14498778 0.18397951 -0.47492278
v -0.14498778 0.18405186 -0.46495163
v -0.12498323 0.18419656 -0.45498049
v -0.14498778 0.18419656 -0.43494421
v -0.11499904 0.18434125 -0.42497307
v -0.10497868 0.18437742 -0.42497307
v -0.10497868 0.18430507 -0.44491529
v -0.07498994 0.18455829 -0.36495817
v -0.06496958 0.18459447 -0.35498703
v -0.03498084 0.18459447 -0.36495817
v -0.04496503 0.18463065 -0.33495069
v -0.00499211 0.18466681 -0.31491441
v 0.01497627 0.18466681 0.16492260
v -0.00499211 0.18466681 0.17498779
v -0.00499211 0.18463065 0.21496637
v -0.00499211 0.18473916 0.08496545
v -0.00499211 0.18448594 0.28495240
v -0.01497630 0.18441360 0.30498874
v -0.05498539 0.18419656 0.33499616
v -0.01497630 0.18416038 0.34496731
v -0.05498539 0.18437742 0.30498874
v -0.00499211 0.17348914 0.37158835
v 0.01497627 0.01240758 0.45549631
v -0.09499449 0.18180910 0.36349857
v -0.06496958 0.17840876 0.36857820
v -0.09499449 0.17826407 0.36848408
v -0.13496742 0.17294653 0.37149423
v -0.11499904 0.17316358 0.37149423
v -0.08497413 0.17330827 0.37158835
v -0.07498994 0.17334445 0.37158835
v -0.05498539 0.17341679 0.37158835
v -0.03498084 0.17345296 0.37158835
v -0.04496503 0.18412420 0.34496731
v -0.10497868 0.18369013 0.35493845
v -0.06496958 0.18408804 0.34496731
v -0.10497868 0.18390717 0.34496731
v 0.00499208 -0.18477534 -0.06497774
v -0.00499211 -0.18473916 -0.22498611
v 0.00499208 -0.18463065 0.21496637
v 0.00499208 -0.18466681 0.17498779
v 0.05498536 -0.18466681 0.13491516
v 0.00499208 -0.18473916 0.08496545
v 0.02499663 -0.18470299 0.11497289
v -0.00499211 -0.18466681 -0.31491441
v -0.04496503 -0.18463065 -0.33495069
v -0.06496958 -0.18459447 -0.35498703
v -0.03498084 -0.18459447 -0.36495817
v -0.10497868 -0.18437742 -0.42497307
v -0.07498994 -0.18455829 -0.36495817
v -0.08497413 -0.18452212 -0.37492931
v -0.10497868 -0.18430507 -0.44491529
v -0.12498323 -0.18419656 -0.45498049
v -0.11499904 -0.18434125 -0.42497307
v -0.14498778 -0.18419656 -0.43494421
v -0.14498778 -0.18405186 -0.46495163
v -0.14498778 -0.18397951 -0.47492278
v -0.13496742 -0.18394335 -0.48498797
v -0.14498778 -0.18303899 -0.49495912
v -0.11499904 -0.18314752 -0.49495912
v -0.10497868 -0.18318368 -0.49495912
v -0.11499904 -0.18119414 -0.50126159
v -0.12498323 -0.17497225 -0.50361329
v -0.12498323 -0.14498425 -0.50502425
v -0.09499449 -0.14498425 -0.50511837
v -0.14498778 -0.16498831 -0.50474209
v -0.07498994 -0.13496412 -0.50521243
v -0.06496958 -0.11499624 -0.50530648
v -0.06496958 -0.07498811 -0.50540054
v -0.09499449 -0.00499197 -0.50540054
v -0.07498994 -0.06496799 -0.50540054
v -0.01497630 -0.18444978 0.29492354
v -0.00499211 -0.18448594 0.28495240
v -0.05498539 -0.18419656 0.33499616
v -0.06496958 -0.18430507 0.31495982
v -0.09499449 -0.18430507 0.29492354
v -0.05498539 -0.18441360 0.29492354
v -0.16014493 0.00057878 0.45549631
v -0.18217526 -0.14498425 0.36490953
v -0.18206674 -0.15496819 0.36490953
v -0.18141559 -0.16430101 0.36556804
v -0.18358606 -0.16498831 0.35493845
v -0.18141559 -0.17580426 0.35437405
v -0.18000478 -0.18000041 0.35070539
v -0.18011330 -0.18010892 0.34496731
v -0.17497651 -0.18177292 0.33499616
v -0.16499233 -0.18318368 0.33499616
v -0.15497197 -0.18347308 0.33499616
v -0.14498778 -0.18365395 0.33499616
v -0.11499904 -0.18397951 0.33499616
v -0.09499449 0.09499218 -0.50530648
v -0.08497413 0.10497612 -0.50530648
v -0.11499904 0.11499624 -0.50521243
v -0.11499904 0.13496412 -0.50511837
v -0.12498323 0.02499604 -0.50530648
v -0.11499904 0.06496799 -0.50530648
v -0.10497868 0.08497205 -0.50530648
v -0.14498778 0.17497225 -0.50351918
v -0.15497197 0.18112180 -0.50116754
v -0.14498778 0.14498425 -0.50493020
v -0.16499233 0.14498425 -0.50474209
v -0.15497197 0.16498831 -0.50464803
v -0.16499233 0.17497225 -0.50333107
v -0.05498539 0.18470299 -0.23495723
v -0.06496958 0.18470299 -0.22498611
v -0.02499666 0.18473916 -0.18491347
v -0.01497630 0.18470299 -0.26496470
v -0.04496503 0.18470299 -0.24492836
v -0.04496503 0.18473916 -0.13496375
v -0.05498539 0.18473916 -0.10495631
v -0.05498539 0.18473916 -0.03497028
v -0.01497630 0.18473916 0.06492913
v -0.14498778 0.18387099 -0.48498797
v -0.16499233 0.18289430 -0.49495912
v -0.15497197 0.18390717 -0.47492278
v -0.15497197 0.18397951 -0.46495163
v -0.16499233 0.18397951 -0.43494421
v -0.15497197 0.18412420 -0.42497307
v -0.15497197 0.18416038 -0.41490787
v -0.14498778 0.18434125 -0.36495817
v -0.13496742 0.18426891 -0.42497307
v -0.15497197 0.18401569 -0.45498049
v -0.11499904 0.18437742 -0.41490787
v -0.09499449 0.18452212 -0.36495817
v -0.06496958 0.18463065 -0.31491441
v -0.05498539 0.18463065 -0.32497960
v -0.08497413 0.18455829 -0.35498703
v -0.07498994 0.18463065 -0.29497212
v -0.02499666 0.18470299 0.11497289
v -0.05498539 0.18466681 0.13491516
v -0.05498539 0.18463065 0.17498779
v -0.04496503 0.18459447 0.21496637
v -0.02499666 0.18459447 0.22493750
v -0.05498539 0.18470299 0.08496545
v -0.05498539 0.18441360 0.29492354
v -0.01497630 0.18444978 0.29492354
v -0.04496503 0.18455829 0.23490863
v -0.06496958 0.18423273 0.32493097
v -0.07498994 0.18419656 0.32493097
v -0.09499449 0.18405186 0.33499616
v -0.10497868 0.18426891 0.29492354
v -0.01548274 0.01240758 0.45549631
v -0.11499904 0.18173674 0.36331040
v -0.11499904 0.17815554 0.36839002
v -0.15497197 0.17265715 0.37140018
v -0.14498778 0.01175646 0.45549631
v -0.13547386 0.01197350 0.45549631
v -0.12548967 0.01208202 0.45549631
v -0.11546931 0.01215437 0.45549631
v -0.10548513 0.01219054 0.45549631
v -0.06547602 0.01233524 0.45549631
v -0.04547148 0.01237141 0.45549631
v -0.11499904 0.18361777 0.35493845
v -0.12498323 0.18170057 0.36321634
v -0.10497868 0.18401569 0.33499616
v -0.11499904 0.18383482 0.34496731
v -0.00499211 -0.18473916 0.08496545
v -0.05498539 -0.18473916 -0.03497028
v -0.05498539 -0.18473916 -0.10495631
v -0.02499666 -0.18473916 -0.18491347
v -0.06496958 -0.18470299 -0.22498611
v -0.05498539 -0.18470299 -0.23495723
v -0.04496503 -0.18470299 -0.24492836
v -0.01497630 -0.18470299 -0.26496470
v -0.00499211 -0.18463065 0.21496637
v -0.05498539 -0.18463065 -0.32497960
v -0.08497413 -0.18455829 -0.35498703
v -0.06496958 -0.18463065 -0.31491441
v -0.07498994 -0.18463065 -0.29497212
v -0.11499904 -0.18437742 -0.41490787
v -0.09499449 -0.18452212 -0.36495817
v -0.13496742 -0.18426891 -0.42497307
v -0.14498778 -0.18434125 -0.36495817
v -0.15497197 -0.18416038 -0.41490787
v -0.15497197 -0.18412420 -0.42497307
v -0.16499233 -0.18397951 -0.43494421
v -0.15497197 -0.18401569 -0.45498049
v -0.15497197 -0.18397951 -0.46495163
v -0.15497197 -0.18390717 -0.47492278
v -0.14498778 -0.18387099 -0.48498797
v -0.16499233 -0.18289430 -0.49495912
v -0.15497197 -0.18112180 -0.50116754
v -0.14498778 -0.17497225 -0.50351918
v -0.14498778 -0.14498425 -0.50493020
v -0.11499904 -0.11499624 -0.50521243
v -0.11499904 -0.13496412 -0.50511837
v -0.16499233 -0.17497225 -0.50333107
v -0.15497197 -0.16498831 -0.50464803
v -0.16499233 -0.14498425 -0.50474209
v -0.08497413 -0.10497612 -0.50530648
v -0.09499449 -0.09499218 -0.50530648
v -0.11499904 -0.06496799 -0.50530648
v -0.12498323 -0.02499604 -0.50530648
v -0.10497868 -0.08497205 -0.50530648
v -0.04496503 -0.18444978 0.28495240
v -0.05498539 -0.18448594 0.26491606
v -0.01497630 -0.18452212 0.26491606
v -0.07498994 -0.18426891 0.31495982
v -0.09499449 -0.18419656 0.31495982
v -0.10497868 -0.18426891 0.29492354
v -0.09499449 -0.18441360 0.25494492
v -0.07498994 -0.18441360 0.27498126
v -0.15714245 0.00531754 0.45549631
v -0.17906424 0.16719490 0.36923665
v -0.18004096 0.16053894 0.37008327
v -0.18141559 0.16430101 0.36556804
v -0.18206674 0.15496819 0.36490953
v -0.18217526 0.14498425 0.36490953
v -0.18412869 -0.05498405 0.35493845
v -0.18402016 -0.11499624 0.35493845
v -0.18387546 -0.14498425 0.35493845
v -0.18376695 -0.15496819 0.35493845
v -0.18373077 -0.16498831 0.34496731
v -0.18210290 -0.17497225 0.33499616
v -0.18192203 -0.17497225 0.34496731
v -0.18022183 -0.18025362 0.33499616
v -0.17497651 -0.18202613 0.31495982
v -0.17497651 -0.18213466 0.30498874
v -0.16499233 -0.18350926 0.30498874
v -0.15497197 -0.18358161 0.32493097
v -0.15497197 -0.18376248 0.30498874
v -0.14498778 -0.18383482 0.31495982
v -0.13496742 -0.18401569 0.30498874
v -0.12498323 -0.18416038 0.29492354
v -0.11499904 -0.18416038 0.30498874
v -0.10497868 -0.18416038 0.31495982
v -0.13496742 0.07498811 -0.50521243
v -0.14498778 0.09499218 -0.50511837
v -0.13496742 0.11499624 -0.50511837
v -0.14498778 0.12498018 -0.50502425
v -0.14498778 0.01497592 -0.50521243
v -0.16499233 0.18104944 -0.50107348
v -0.16499233 0.12498018 -0.50483614
v -0.17497651 0.14498425 -0.50351918
v -0.17497651 0.16498831 -0.50333107
v -0.16499233 0.15496819 -0.50464803
v -0.16499233 0.16498831 -0.50445986
v -0.17497651 0.17497225 -0.50220227
v -0.17497651 0.18057919 -0.50060314
v -0.08497413 0.18466681 -0.22498611
v -0.07498994 0.18470299 -0.14493489
v -0.07498994 0.18470299 -0.00505690
v -0.06496958 0.18470299 0.06492913
v -0.15497197 0.18379864 -0.48498797
v -0.17497651 0.18184526 -0.49495912
v -0.16499233 0.18369013 -0.48498797
v -0.16499233 0.18379864 -0.47492278
v -0.16499233 0.18394335 -0.44491529
v -0.17497651 0.18282196 -0.43494421
v -0.16499233 0.18405186 -0.40493673
v -0.15497197 0.18419656 -0.39496559
v -0.15497197 0.18426891 -0.35498703
v -0.14498778 0.18437742 -0.33495069
v -0.12498323 0.18444978 -0.35498703
v -0.12498323 0.18437742 -0.39496559
v -0.11499904 0.18441360 -0.39496559
v -0.11499904 0.18448594 -0.35498703
v -0.11499904 0.18452212 -0.32497960
v -0.09499449 0.18455829 -0.33495069
v -0.06496958 0.18466681 0.11497289
v -0.07498994 0.18459447 0.17498779
v -0.06496958 0.18459447 0.19493005
v -0.05498539 0.18459447 0.20499524
v -0.07498994 0.18466681 0.09493657
v -0.06496958 0.18455829 0.22493750
v -0.07498994 0.18441360 0.27498126
v -0.07498994 0.18448594 0.24497382
v -0.09499449 0.18412420 0.32493097
v -0.11499904 0.18430507 0.26491606
v -0.12498323 0.18416038 0.29492354
v -0.11499904 0.18416038 0.30498874
v -0.10497868 0.18408804 0.32493097
v -0.10497868 0.18444978 0.22493750
v -0.11499904 0.18441360 0.22493750
v -0.13496742 0.18162823 0.36312228
v -0.14498778 0.17782998 0.36801380
v -0.16499233 0.17233157 0.37130612
v -0.14527717 0.01172028 0.45549631
v -0.13496742 0.18340074 0.35493845
v -0.12498323 0.18376248 0.34496731
v -0.11499904 0.18394335 0.33499616
v -0.01497630 -0.18466681 0.16492260
v -0.03498084 -0.18470299 0.10490771
v -0.05498539 -0.18470299 0.08496545
v -0.06496958 -0.18470299 0.05495800
v -0.07498994 -0.18470299 -0.01502803
v -0.07498994 -0.18470299 -0.14493489
v -0.10497868 -0.18463065 -0.21492091
v -0.09499449 -0.18463065 -0.24492836
v -0.02499666 -0.18459447 0.22493750
v -0.04496503 -0.18459447 0.21496637
v -0.05498539 -0.18459447 0.20499524
v -0.01497630 -0.18463065 0.20499524
v -0.02499666 -0.18466681 0.15495147
v -0.09499449 -0.18455829 -0.33495069
v -0.11499904 -0.18452212 -0.32497960
v -0.11499904 -0.18448594 -0.35498703
v -0.10497868 -0.18459447 -0.26496470
v -0.11499904 -0.18441360 -0.39496559
v -0.12498323 -0.18437742 -0.39496559
v -0.12498323 -0.18444978 -0.35498703
v -0.14498778 -0.18437742 -0.33495069
v -0.15497197 -0.18426891 -0.35498703
v -0.15497197 -0.18419656 -0.39496559
v -0.16499233 -0.18405186 -0.40493673
v -0.17497651 -0.18282196 -0.43494421
v -0.16499233 -0.18394335 -0.44491529
v -0.16499233 -0.18379864 -0.47492278
v -0.15497197 -0.18379864 -0.48498797
v -0.16499233 -0.18369013 -0.48498797
v -0.17497651 -0.18184526 -0.49495912
v -0.17497651 -0.18057919 -0.50060314
v -0.16499233 -0.18104944 -0.50107348
v -0.14498778 -0.12498018 -0.50502425
v -0.13496742 -0.11499624 -0.50511837
v -0.14498778 -0.09499218 -0.50511837
v -0.13496742 -0.07498811 -0.50521243
v -0.17497651 -0.17497225 -0.50220227
v -0.16499233 -0.16498831 -0.50445986
v -0.16499233 -0.15496819 -0.50464803
v -0.17497651 -0.16498831 -0.50333107
v -0.17497651 -0.14498425 -0.50351918
v -0.16499233 -0.12498018 -0.50483614
v -0.14498778 -0.01497592 -0.50521243
v -0.07498994 -0.18448594 0.24497382
v -0.06496958 -0.18455829 0.22493750
v -0.04496503 -0.18455829 0.23490863
v -0.11499904 -0.18430507 0.26491606
v -0.10497868 -0.18437742 0.25494492
v -0.11499904 -0.18441360 0.22493750
v -0.10497868 -0.18444978 0.22493750
v -0.08497413 -0.18448594 0.23490863
v -0.15696156 0.00557075 0.45549631
v -0.17240812 0.17142724 0.37083578
v -0.17598940 0.17555104 0.36537987
v -0.18112619 0.17301887 0.36255789
v -0.18358606 0.16498831 0.35493845
v -0.18376695 0.15496819 0.35493845
v -0.18387546 0.14498425 0.35493845
v -0.18402016 0.11499624 0.35493845
v -0.18412869 0.05498405 0.35493845
v -0.18427338 -0.03497998 0.34496731
v -0.18423721 -0.07498811 0.34496731
v -0.18420103 -0.09499218 0.34496731
v -0.18412869 -0.11499624 0.34496731
v -0.18405634 -0.13496412 0.34496731
v -0.18398398 -0.14498425 0.34496731
v -0.18391164 -0.15496819 0.34496731
v -0.18380311 -0.16498831 0.33499616
v -0.18239230 -0.17497225 0.30498874
v -0.18221143 -0.17497225 0.32493097
v -0.18033035 -0.18032597 0.32493097
v -0.17497651 -0.18224317 0.29492354
v -0.16499233 -0.18358161 0.29492354
v -0.15497197 -0.18383482 0.29492354
v -0.14498778 -0.18390717 0.30498874
v -0.14498778 -0.18397951 0.29492354
v -0.14498778 -0.18401569 0.28495240
v -0.14498778 -0.18423273 0.21496637
v -0.12498323 -0.18437742 0.21496637
v -0.15497197 0.03497998 -0.50511837
v -0.15497197 0.10497612 -0.50502425
v -0.17497651 0.12498018 -0.50361329
v -0.16499233 0.08497205 -0.50493020
v -0.18109003 0.15496819 -0.50116754
v -0.18105385 0.16498831 -0.50107348
v -0.18058358 0.17497225 -0.50060314
v -0.18007714 0.18007275 -0.50003874
v -0.10497868 0.18463065 -0.21492091
v -0.09499449 0.18466681 -0.13496375
v -0.10497868 0.18459447 -0.26496470
v -0.09499449 0.18463065 -0.24492836
v -0.11499904 0.18459447 -0.23495723
v -0.09499449 0.18466681 -0.02499916
v -0.08497413 0.18466681 0.04498687
v -0.09499449 0.18463065 0.08496545
v -0.18040270 0.18039832 -0.49495912
v -0.17497651 0.18256874 -0.48498797
v -0.17497651 0.18264109 -0.47492278
v -0.17497651 0.18278578 -0.44491529
v -0.18087298 0.18086858 -0.42497307
v -0.17497651 0.18289430 -0.39496559
v -0.16499233 0.18408804 -0.38499451
v -0.18080062 0.18079622 -0.46495163
v -0.16499233 0.18412420 -0.36495817
v -0.15497197 0.18430507 -0.32497960
v -0.12498323 0.18448594 -0.32497960
v -0.14498778 0.18444978 -0.23495723
v -0.09499449 0.18459447 0.12494402
v -0.10497868 0.18448594 0.20499524
v -0.07498994 0.18455829 0.20499524
v -0.14498778 0.18401569 0.28495240
v -0.14498778 0.18397951 0.29492354
v -0.13496742 0.18401569 0.30498874
v -0.12498323 0.18437742 0.21496637
v -0.14498778 0.18423273 0.21496637
v -0.11499904 0.18444978 0.20499524
v -0.14498778 0.18155587 0.36293411
v -0.15497197 0.18144736 0.36274600
v -0.15497197 0.17764911 0.36773157
v -0.16499233 0.17732355 0.36735529
v -0.15196948 0.01081594 0.45549631
v -0.14498778 0.18325604 0.35493845
v -0.14498778 0.18350926 0.34496731
v -0.12498323 0.18387099 0.33499616
v -0.14498778 0.18365395 0.33499616
v -0.06496958 -0.18466681 0.11497289
v -0.07498994 -0.18466681 0.09493657
v -0.09499449 -0.18463065 0.08496545
v -0.09499449 -0.18466681 -0.03497028
v -0.09499449 -0.18466681 -0.11492744
v -0.11499904 -0.18459447 -0.23495723
v -0.11499904 -0.18463065 -0.07494886
v -0.06496958 -0.18459447 0.19493005
v -0.12498323 -0.18448594 -0.32497960
v -0.15497197 -0.18430507 -0.32497960
v -0.14498778 -0.18444978 -0.23495723
v -0.16499233 -0.18412420 -0.36495817
v -0.16499233 -0.18408804 -0.38499451
v -0.17497651 -0.18278578 -0.44491529
v -0.17497651 -0.18289430 -0.39496559
v -0.18087298 -0.18086858 -0.42497307
v -0.18080062 -0.18079622 -0.46495163
v -0.17497651 -0.18264109 -0.47492278
v -0.17497651 -0.18256874 -0.48498797
v -0.18040270 -0.18039832 -0.49495912
v -0.18007714 -0.18007275 -0.50003874
v -0.15497197 -0.10497612 -0.50502425
v -0.15497197 -0.03497998 -0.50511837
v -0.18058358 -0.17497225 -0.50060314
v -0.18105385 -0.16498831 -0.50107348
v -0.18109003 -0.15496819 -0.50116754
v -0.17497651 -0.12498018 -0.50361329
v -0.16499233 -0.08497205 -0.50493020
v -0.08497413 -0.18452212 0.21496637
v -0.07498994 -0.18455829 0.20499524
v -0.11499904 -0.18444978 0.20499524
v -0.15670834 0.00586014 0.45549631
v -0.17291456 0.18076006 0.36142904
v -0.17957069 0.17967483 0.35729009
v -0.18141559 0.17580426 0.35437405
v -0.18192203 0.17497225 0.34496731
v -0.18210290 0.17497225 0.33499616
v -0.18373077 0.16498831 0.34496731
v -0.18391164 0.15496819 0.34496731
v -0.18398398 0.14498425 0.34496731
v -0.18405634 0.13496412 0.34496731
v -0.18412869 0.11499624 0.34496731
v -0.18420103 0.09499218 0.34496731
v -0.18423721 0.07498811 0.34496731
v -0.18427338 0.03497998 0.34496731
v -0.18434574 -0.04496393 0.33499616
v -0.18430956 -0.07498811 0.33499616
v -0.18427338 -0.09499218 0.33499616
v -0.18420103 -0.11499624 0.33499616
v -0.18412869 -0.13496412 0.33499616
v -0.18405634 -0.14498425 0.33499616
v -0.18398398 -0.15496819 0.33499616
v -0.18387546 -0.16498831 0.32493097
v -0.18246466 -0.17497225 0.29492354
v -0.18051122 -0.18050684 0.29492354
v -0.18036653 -0.18039832 0.31495982
v -0.16499233 -0.18369013 0.27498126
v -0.17497651 -0.18249638 0.24497382
v -0.16499233 -0.18390717 0.22493750
v -0.15497197 -0.18390717 0.27498126
v -0.15497197 -0.18412420 0.21496637
v -0.14498778 -0.18426891 0.19493005
v -0.14498778 -0.18437742 0.11497289
v -0.17497651 0.08497205 -0.50370735
v -0.18116237 0.11499624 -0.50126159
v -0.18112619 0.14498425 -0.50116754
v -0.18304345 0.14498425 -0.49495912
v -0.18297110 0.15496819 -0.49495912
v -0.18286258 0.16498831 -0.49495912
v -0.18181351 0.17497225 -0.49495912
v -0.11499904 0.18463065 -0.07494886
v -0.12498323 0.18455829 -0.22498611
v -0.10497868 0.18463065 0.01497942
v -0.11499904 0.18463065 -0.06497774
v -0.11499904 0.18455829 0.10490771
v -0.11499904 0.18459447 0.04498687
v -0.18257318 0.17497225 -0.48498797
v -0.18072827 0.18072388 -0.48498797
v -0.18282640 0.17497225 -0.42497307
v -0.18289874 0.17497225 -0.38499451
v -0.18297110 0.17497225 -0.34492183
v -0.18090914 0.18090475 -0.37492931
v -0.17497651 0.18296665 -0.34492183
v -0.18264553 0.17497225 -0.47492278
v -0.18271787 0.17497225 -0.45498049
v -0.16499233 0.18416038 -0.33495069
v -0.15497197 0.18437742 -0.22498611
v -0.13496742 0.18452212 -0.18491347
v -0.14498778 0.18444978 0.01497942
v -0.10497868 0.18455829 0.13491516
v -0.11499904 0.18448594 0.17498779
v -0.15497197 0.18390717 0.27498126
v -0.15497197 0.18412420 0.21496637
v -0.15497197 0.18383482 0.29492354
v -0.14498778 0.18390717 0.30498874
v -0.14498778 0.18383482 0.31495982
v -0.12498323 0.18441360 0.19493005
v -0.14498778 0.18426891 0.19493005
v -0.16499233 0.18126649 0.36236972
v -0.15497197 0.18303899 0.35493845
v -0.15497197 0.18332839 0.34496731
v -0.15497197 0.18358161 0.32493097
v -0.15497197 0.18347308 0.33499616
v -0.15497197 0.18376248 0.30498874
v -0.11499904 -0.18455829 0.10490771
v -0.11499904 -0.18459447 0.03492168
v -0.11499904 -0.18463065 -0.06497774
v -0.12498323 -0.18455829 -0.22498611
v -0.13496742 -0.18452212 -0.16497120
v -0.16499233 -0.18416038 -0.33495069
v -0.15497197 -0.18437742 -0.22498611
v -0.14498778 -0.18444978 0.00491423
v -0.17497651 -0.18296665 -0.34492183
v -0.18072827 -0.18072388 -0.48498797
v -0.18090914 -0.18090475 -0.37492931
v -0.18297110 -0.17497225 -0.34492183
v -0.18289874 -0.17497225 -0.38499451
v -0.18282640 -0.17497225 -0.42497307
v -0.18271787 -0.17497225 -0.45498049
v -0.18264553 -0.17497225 -0.47492278
v -0.18257318 -0.17497225 -0.48498797
v -0.18181351 -0.17497225 -0.49495912
v -0.18286258 -0.16498831 -0.49495912
v -0.18297110 -0.15496819 -0.49495912
v -0.18304345 -0.14498425 -0.49495912
v -0.18112619 -0.14498425 -0.50116754
v -0.18116237 -0.11499624 -0.50126159
v -0.17497651 -0.08497205 -0.50370735
v -0.10497868 -0.18452212 0.16492260
v -0.14498778 -0.18441360 0.08496545
v -0.12498323 -0.18452212 0.09493657
v -0.16499233 0.18271343 0.35493845
v -0.17573617 0.18101327 0.35437405
v -0.18000478 0.18000041 0.35070539
v -0.18011330 0.18010892 0.34496731
v -0.18022183 0.18025362 0.33499616
v -0.18033035 0.18032597 0.32493097
v -0.18221143 0.17497225 0.32493097
v -0.18239230 0.17497225 0.30498874
v -0.18380311 0.16498831 0.33499616
v -0.18398398 0.15496819 0.33499616
v -0.18405634 0.14498425 0.33499616
v -0.18412869 0.13496412 0.33499616
v -0.18420103 0.11499624 0.33499616
v -0.18427338 0.09499218 0.33499616
v -0.18430956 0.07498811 0.33499616
v -0.18434574 0.04496393 0.33499616
v -0.18445426 -0.00499197 0.31495982
v -0.18449043 -0.01497592 0.30498874
v -0.18441808 -0.06496799 0.31495982
v -0.18438190 -0.08497205 0.31495982
v -0.18438190 -0.10497612 0.30498874
v -0.18427338 -0.11499624 0.32493097
v -0.18427338 -0.12498018 0.31495982
v -0.18412869 -0.14498425 0.32493097
v -0.18412869 -0.15496819 0.30498874
v -0.18394782 -0.16498831 0.30498874
v -0.18253700 -0.17497225 0.27498126
v -0.18061975 -0.18061535 0.25494492
v -0.17497651 -0.18264109 0.20499524
v -0.16499233 -0.18394335 0.21496637
v -0.16499233 -0.18416038 0.08496545
v -0.15497197 -0.18430507 0.09493657
v -0.18123472 0.05498405 -0.50126159
v -0.18119854 0.10497612 -0.50126159
v -0.18116237 0.13496412 -0.50116754
v -0.18315198 0.11499624 -0.49495912
v -0.18402016 0.11499624 -0.48498797
v -0.18398398 0.12498018 -0.48498797
v -0.18387546 0.14498425 -0.48498797
v -0.18380311 0.15496819 -0.48498797
v -0.18369459 0.16498831 -0.48498797
v -0.13496742 0.18452212 -0.02499916
v -0.12498323 0.18455829 0.02495055
v -0.12498323 0.18452212 0.09493657
v -0.18380311 0.16498831 -0.47492278
v -0.18398398 0.16498831 -0.43494421
v -0.18409251 0.16498831 -0.38499451
v -0.18412869 0.16498831 -0.36495817
v -0.18416487 0.16498831 -0.33495069
v -0.18423721 0.16498831 -0.23495723
v -0.18304345 0.17497225 -0.22498611
v -0.18094532 0.18094093 -0.28490692
v -0.17497651 0.18303899 -0.23495723
v -0.16499233 0.18423273 -0.23495723
v -0.18394782 0.16498831 -0.44491529
v -0.15497197 0.18437742 -0.02499916
v -0.14498778 0.18441360 0.08496545
v -0.12498323 0.18444978 0.16492260
v -0.16499233 0.18394335 0.21496637
v -0.15497197 0.18416038 0.19493005
v -0.16499233 0.18401569 0.17498779
v -0.16499233 0.18358161 0.29492354
v -0.16499233 0.18390717 0.22493750
v -0.16499233 0.18369013 0.27498126
v -0.14498778 0.18434125 0.14498034
v -0.15497197 0.18426891 0.12494402
v -0.16499233 0.18300283 0.34496731
v -0.16499233 0.18318368 0.33499616
v -0.16499233 0.18350926 0.30498874
v -0.12498323 -0.18455829 0.01497942
v -0.13496742 -0.18452212 -0.03497028
v -0.16499233 -0.18423273 -0.23495723
v -0.15497197 -0.18437742 -0.03497028
v -0.13496742 -0.18448594 0.05495800
v -0.17497651 -0.18303899 -0.23495723
v -0.18094532 -0.18094093 -0.28490692
v -0.18304345 -0.17497225 -0.22498611
v -0.18416487 -0.16498831 -0.33495069
v -0.18412869 -0.16498831 -0.36495817
v -0.18423721 -0.16498831 -0.23495723
v -0.18409251 -0.16498831 -0.38499451
v -0.18398398 -0.16498831 -0.43494421
v -0.18380311 -0.16498831 -0.47492278
v -0.18394782 -0.16498831 -0.44491529
v -0.18369459 -0.16498831 -0.48498797
v -0.18380311 -0.15496819 -0.48498797
v -0.18387546 -0.14498425 -0.48498797
v -0.18398398 -0.12498018 -0.48498797
v -0.18402016 -0.11499624 -0.48498797
v -0.18315198 -0.11499624 -0.49495912
v -0.18116237 -0.13496412 -0.50116754
v -0.18119854 -0.10497612 -0.50126159
v -0.18123472 -0.05498405 -0.50126159
v -0.15497197 -0.18434125 0.03492168
v -0.17497651 0.18155587 0.34496731
v -0.17497651 0.18177292 0.33499616
v -0.17497651 0.18202613 0.31495982
v -0.17497651 0.18213466 0.30498874
v -0.17497651 0.18224317 0.29492354
v -0.18040270 0.18039832 0.31495982
v -0.18051122 0.18050684 0.29492354
v -0.18246466 0.17497225 0.29492354
v -0.18387546 0.16498831 0.32493097
v -0.18412869 0.14498425 0.32493097
v -0.18412869 0.15496819 0.30498874
v -0.18427338 0.12498018 0.31495982
v -0.18427338 0.11499624 0.32493097
v -0.18438190 0.10497612 0.30498874
v -0.18438190 0.08497205 0.31495982
v -0.18441808 0.06496799 0.31495982
v -0.18449043 0.01497592 0.30498874
v -0.18445426 0.00499197 0.31495982
v -0.18445426 -0.06496799 0.30498874
v -0.18452661 -0.00499197 0.29492354
v -0.18449043 -0.06496799 0.29492354
v -0.18445426 -0.08497205 0.29492354
v -0.18445426 -0.09499218 0.28495240
v -0.18438190 -0.11499624 0.29492354
v -0.18434574 -0.11499624 0.30498874
v -0.18430956 -0.12498018 0.30498874
v -0.18420103 -0.14498425 0.30498874
v -0.18402016 -0.16498831 0.28495240
v -0.18423721 -0.14498425 0.29492354
v -0.18427338 -0.14498425 0.27498126
v -0.18430956 -0.15496819 0.20499524
v -0.18409251 -0.16498831 0.24497382
v -0.18275405 -0.17497225 0.21496637
v -0.18069211 -0.18068771 0.22493750
v -0.17497651 -0.18267725 0.19493005
v -0.17497651 -0.18271343 0.17498779
v -0.17497651 -0.18289430 0.07499432
v -0.17497651 -0.18300283 -0.05491254
v -0.16499233 -0.18423273 -0.03497028
v -0.18326050 0.04496393 -0.49495912
v -0.18322432 0.07498811 -0.49495912
v -0.18318814 0.10497612 -0.49495912
v -0.18409251 0.07498811 -0.48498797
v -0.18412869 0.11499624 -0.47492278
v -0.18409251 0.12498018 -0.47492278
v -0.18398398 0.14498425 -0.47492278
v -0.18391164 0.15496819 -0.47492278
v -0.18402016 0.15496819 -0.45498049
v -0.18412869 0.15496819 -0.42497307
v -0.18420103 0.15496819 -0.39496559
v -0.18427338 0.15496819 -0.35498703
v -0.18430956 0.15496819 -0.31491441
v -0.18438190 0.15496819 -0.22498611
v -0.18427338 0.16498831 -0.10495631
v -0.18304345 0.17497225 -0.07494886
v -0.18094532 0.18094093 -0.10495631
v -0.17497651 0.18303899 -0.16497120
v -0.16499233 0.18423273 -0.03497028
v -0.15497197 0.18434125 0.04498687
v -0.15497197 0.18430507 0.09493657
v -0.17497651 0.18271343 0.17498779
v -0.17497651 0.18267725 0.19493005
v -0.17497651 0.18264109 0.20499524
v -0.17497651 0.18249638 0.24497382
v -0.16499233 0.18408804 0.13491516
v -0.17497651 0.18289430 0.07499432
v -0.17497651 0.18235169 0.27498126
v -0.16499233 0.18416038 0.08496545
v -0.17497651 -0.18303899 -0.17494233
v -0.18094532 -0.18094093 -0.10495631
v -0.18304345 -0.17497225 -0.07494886
v -0.18427338 -0.16498831 -0.10495631
v -0.18430956 -0.15496819 -0.31491441
v -0.18427338 -0.15496819 -0.35498703
v -0.18438190 -0.15496819 -0.22498611
v -0.18420103 -0.15496819 -0.39496559
v -0.18412869 -0.15496819 -0.42497307
v -0.18402016 -0.15496819 -0.45498049
v -0.18391164 -0.15496819 -0.47492278
v -0.18398398 -0.14498425 -0.47492278
v -0.18409251 -0.12498018 -0.47492278
v -0.18412869 -0.11499624 -0.47492278
v -0.18409251 -0.07498811 -0.48498797
v -0.18318814 -0.10497612 -0.49495912
v -0.18322432 -0.07498811 -0.49495912
v -0.18326050 -0.04496393 -0.49495912
v -0.18061975 0.18061535 0.25494492
v -0.18253700 0.17497225 0.27498126
v -0.18394782 0.16498831 0.30498874
v -0.18420103 0.14498425 0.30498874
v -0.18427338 0.14498425 0.27498126
v -0.18423721 0.14498425 0.29492354
v -0.18402016 0.16498831 0.28495240
v -0.18409251 0.16498831 0.24497382
v -0.18430956 0.15496819 0.20499524
v -0.18430956 0.12498018 0.30498874
v -0.18434574 0.11499624 0.30498874
v -0.18438190 0.11499624 0.29492354
v -0.18445426 0.09499218 0.28495240
v -0.18445426 0.08497205 0.29492354
v -0.18445426 0.06496799 0.30498874
v -0.18449043 0.06496799 0.29492354
v -0.18452661 0.00499197 0.29492354
v -0.18456279 -0.00499197 0.27498126
v -0.18452661 -0.06496799 0.27498126
v -0.18449043 -0.07498811 0.28495240
v -0.18441808 -0.11499624 0.27498126
v -0.18449043 -0.08497205 0.27498126
v -0.18456279 -0.07498811 0.24497382
v -0.18459895 -0.07498811 0.22493750
v -0.18452661 -0.11499624 0.21496637
v -0.18434574 -0.12498018 0.29492354
v -0.18438190 -0.12498018 0.27498126
v -0.18438190 -0.14498425 0.21496637
v -0.18445426 -0.14498425 0.11497289
v -0.18438190 -0.15496819 0.09493657
v -0.18423721 -0.16498831 0.10490771
v -0.18416487 -0.16498831 0.19493005
v -0.18412869 -0.16498831 0.22493750
v -0.18279022 -0.17497225 0.19493005
v -0.18072827 -0.18072388 0.20499524
v -0.18080062 -0.18079622 0.13491516
v -0.18083680 -0.18083240 0.09493657
v -0.18087298 -0.18086858 0.04498687
v -0.18090914 -0.18090475 -0.02499916
v -0.18412869 0.04496393 -0.48498797
v -0.18420103 0.07498811 -0.47492278
v -0.18423721 0.11499624 -0.45498049
v -0.18420103 0.12498018 -0.45498049
v -0.18405634 0.14498425 -0.46495163
v -0.18409251 0.14498425 -0.45498049
v -0.18420103 0.14498425 -0.42497307
v -0.18423721 0.14498425 -0.41490787
v -0.18427338 0.14498425 -0.39496559
v -0.18434574 0.14498425 -0.35498703
v -0.18438190 0.14498425 -0.32497960
v -0.18441808 0.14498425 -0.28490692
v -0.18445426 0.14498425 -0.23495723
v -0.18449043 0.14498425 -0.11492744
v -0.18441808 0.15496819 -0.06497774
v -0.18427338 0.16498831 -0.02499916
v -0.18423721 0.16498831 0.10490771
v -0.18300727 0.17497225 -0.01502803
v -0.18090914 0.18090475 -0.01502803
v -0.17497651 0.18300283 -0.04494141
v -0.16499233 0.18419656 0.03492168
v -0.18072827 0.18072388 0.20499524
v -0.18069211 0.18068771 0.22493750
v -0.18083680 0.18083240 0.10490771
v -0.18076445 0.18076006 0.17498779
v -0.18297110 -0.17497225 0.03492168
v -0.18427338 -0.16498831 -0.02499916
v -0.18441808 -0.15496819 -0.06497774
v -0.18441808 -0.14498425 -0.28490692
v -0.18438190 -0.14498425 -0.32497960
v -0.18434574 -0.14498425 -0.35498703
v -0.18449043 -0.14498425 -0.11492744
v -0.18445426 -0.14498425 -0.23495723
v -0.18427338 -0.14498425 -0.39496559
v -0.18423721 -0.14498425 -0.41490787
v -0.18420103 -0.14498425 -0.42497307
v -0.18409251 -0.14498425 -0.45498049
v -0.18405634 -0.14498425 -0.46495163
v -0.18420103 -0.12498018 -0.45498049
v -0.18423721 -0.11499624 -0.45498049
v -0.18420103 -0.07498811 -0.47492278
v -0.18412869 -0.04496393 -0.48498797
v -0.18275405 0.17497225 0.21496637
v -0.18438190 0.12498018 0.27498126
v -0.18438190 0.14498425 0.21496637
v -0.18434574 0.12498018 0.29492354
v -0.18412869 0.16498831 0.22493750
v -0.18416487 0.16498831 0.19493005
v -0.18438190 0.15496819 0.09493657
v -0.18445426 0.14498425 0.11497289
v -0.18441808 0.11499624 0.27498126
v -0.18449043 0.08497205 0.27498126
v -0.18449043 0.07498811 0.28495240
v -0.18452661 0.11499624 0.21496637
v -0.18459895 0.07498811 0.22493750
v -0.18456279 0.07498811 0.24497382
v -0.18452661 0.06496799 0.27498126
v -0.18456279 0.00499197 0.27498126
v -0.18463513 -0.00499197 0.23490863
v -0.18459895 -0.03497998 0.24497382
v -0.18456279 -0.06496799 0.25494492
v -0.18463513 -0.05498405 0.21496637
v -0.18463513 -0.06496799 0.20499524
v -0.18459895 -0.08497205 0.20499524
v -0.18459895 -0.09499218 0.17498779
v -0.18456279 -0.11499624 0.16492260
v -0.18449043 -0.12498018 0.20499524
v -0.18445426 -0.12498018 0.23490863
v -0.18456279 -0.12498018 0.10490771
v -0.18452661 -0.13496412 0.08496545
v -0.18449043 -0.14498425 0.00491423
v -0.18293492 -0.17497225 0.08496545
v -0.18289874 -0.17497225 0.11497289
v -0.18423721 0.04496393 -0.47492278
v -0.18427338 0.06496799 -0.46495163
v -0.18430956 0.07498811 -0.45498049
v -0.18430956 0.10497612 -0.44491529
v -0.18434574 0.10497612 -0.43494421
v -0.18434574 0.11499624 -0.42497307
v -0.18430956 0.12498018 -0.42497307
v -0.18423721 0.13496412 -0.43494421
v -0.18420103 0.13496412 -0.44491529
v -0.18430956 0.13496412 -0.40493673
v -0.18441808 0.12498018 -0.37492931
v -0.18445426 0.12498018 -0.35498703
v -0.18441808 0.13496412 -0.34492183
v -0.18452661 0.12498018 -0.27493581
v -0.18456279 0.12498018 -0.22498611
v -0.18452661 0.13496412 -0.17494233
v -0.18459895 0.12498018 -0.08491999
v -0.18449043 0.14498425 0.00491423
v -0.18293492 0.17497225 0.08496545
v -0.18087298 0.18086858 0.04498687
v -0.18279022 0.17497225 0.19493005
v -0.18289874 0.17497225 0.11497289
v -0.18452661 -0.12498018 -0.27493581
v -0.18441808 -0.13496412 -0.34492183
v -0.18445426 -0.12498018 -0.35498703
v -0.18459895 -0.12498018 -0.08491999
v -0.18452661 -0.13496412 -0.18491347
v -0.18456279 -0.12498018 -0.22498611
v -0.18441808 -0.12498018 -0.37492931
v -0.18430956 -0.13496412 -0.40493673
v -0.18430956 -0.12498018 -0.42497307
v -0.18423721 -0.13496412 -0.43494421
v -0.18420103 -0.13496412 -0.44491529
v -0.18434574 -0.11499624 -0.42497307
v -0.18434574 -0.10497612 -0.43494421
v -0.18430956 -0.10497612 -0.44491529
v -0.18430956 -0.07498811 -0.45498049
v -0.18427338 -0.06496799 -0.46495163
v -0.18423721 -0.04496393 -0.47492278
v -0.18445426 0.12498018 0.23490863
v -0.18449043 0.12498018 0.20499524
v -0.18452661 0.13496412 0.08496545
v -0.18456279 0.12498018 0.10490771
v -0.18456279 0.11499624 0.16492260
v -0.18459895 0.09499218 0.17498779
v -0.18459895 0.08497205 0.20499524
v -0.18463513 0.06496799 0.20499524
v -0.18463513 0.05498405 0.21496637
v -0.18456279 0.06496799 0.25494492
v -0.18459895 0.03497998 0.24497382
v -0.18463513 0.00499197 0.23490863
v -0.18467130 -0.00499197 0.20499524
v -0.18463513 -0.03497998 0.22493750
v -0.18467130 -0.03497998 0.18495892
v -0.18467130 -0.04496393 0.17498779
v -0.18470748 -0.05498405 0.11497289
v -0.18467130 -0.06496799 0.15495147
v -0.18463513 -0.09499218 0.12494402
v -0.18463513 -0.10497612 0.09493657
v -0.18459895 -0.11499624 0.10490771
v -0.18463513 -0.11499624 -0.02499916
v -0.18459895 -0.12498018 -0.04494141
v -0.18430956 0.01497592 -0.46495163
v -0.18434574 0.04496393 -0.45498049
v -0.18438190 0.06496799 -0.44491529
v -0.18441808 0.08497205 -0.42497307
v -0.18441808 0.11499624 -0.39496559
v -0.18449043 0.11499624 -0.35498703
v -0.18456279 0.11499624 -0.27493581
v -0.18459895 0.11499624 -0.22498611
v -0.18463513 0.11499624 -0.10495631
v -0.18459895 0.12498018 -0.04494141
v -0.18456279 -0.11499624 -0.27493581
v -0.18449043 -0.11499624 -0.35498703
v -0.18441808 -0.11499624 -0.39496559
v -0.18463513 -0.11499624 -0.09498518
v -0.18459895 -0.11499624 -0.22498611
v -0.18441808 -0.08497205 -0.42497307
v -0.18438190 -0.06496799 -0.44491529
v -0.18434574 -0.04496393 -0.45498049
v -0.18430956 -0.01497592 -0.46495163
v -0.18463513 0.11499624 -0.02499916
v -0.18459895 0.11499624 0.10490771
v -0.18463513 0.09499218 0.12494402
v -0.18463513 0.10497612 0.09493657
v -0.18463513 0.08497205 0.15495147
v -0.18467130 0.06496799 0.15495147
v -0.18470748 0.05498405 0.11497289
v -0.18467130 0.04496393 0.17498779
v -0.18467130 0.03497998 0.18495892
v -0.18467130 0.00499197 0.20499524
v -0.18463513 0.03497998 0.22493750
v -0.18470748 -0.00499197 0.15495147
v -0.18474366 -0.01497592 0.09493657
v -0.18474366 -0.02499604 0.07499432
v -0.18470748 -0.06496799 0.09493657
v -0.18467130 -0.07498811 0.12494402
v -0.18470748 -0.07498811 0.04498687
v -0.18467130 -0.09499218 0.02495055
v -0.18441808 0.00499197 -0.44491529
v -0.18445426 0.01497592 -0.43494421
v -0.18445426 0.06496799 -0.42497307
v -0.18445426 0.10497612 -0.38499451
v -0.18459895 0.05498405 -0.35498703
v -0.18459895 0.07498811 -0.33495069
v -0.18452661 0.10497612 -0.34492183
v -0.18456279 0.10497612 -0.30494326
v -0.18459895 0.09499218 -0.28490692
v -0.18467130 0.07498811 -0.24492836
v -0.18463513 0.10497612 -0.20494978
v -0.18467130 0.09499218 -0.13496375
v -0.18459895 -0.09499218 -0.28490692
v -0.18456279 -0.10497612 -0.30494326
v -0.18452661 -0.10497612 -0.34492183
v -0.18459895 -0.07498811 -0.33495069
v -0.18459895 -0.05498405 -0.35498703
v -0.18445426 -0.10497612 -0.38499451
v -0.18467130 -0.09499218 -0.13496375
v -0.18463513 -0.10497612 -0.20494978
v -0.18467130 -0.07498811 -0.24492836
v -0.18452661 -0.06496799 -0.38499451
v -0.18449043 -0.06496799 -0.40493673
v -0.18445426 -0.05498405 -0.42497307
v -0.18441808 -0.06496799 -0.43494421
v -0.18445426 -0.01497592 -0.43494421
v -0.18441808 -0.00499197 -0.44491529
v -0.18467130 0.09499218 0.02495055
v -0.18467130 0.07498811 0.12494402
v -0.18470748 0.07498811 0.04498687
v -0.18470748 0.06496799 0.09493657
v -0.18474366 0.02499604 0.07499432
v -0.18474366 0.01497592 0.09493657
v -0.18470748 0.00499197 0.15495147
v -0.18477982 -0.00499197 -0.06497774
v -0.18474366 -0.05498405 -0.01502803
v -0.18452661 0.00499197 -0.40493673
v -0.18452661 0.06496799 -0.38499451
v -0.18456279 0.01497592 -0.38499451
v -0.18459895 0.02499604 -0.36495817
v -0.18456279 0.05498405 -0.37492931
v -0.18463513 0.01497592 -0.34492183
v -0.18463513 0.03497998 -0.33495069
v -0.18463513 0.04496393 -0.32497960
v -0.18467130 0.06496799 -0.26496470
v -0.18463513 0.08497205 -0.26496470
v -0.18470748 0.06496799 -0.21492091
v -0.18467130 0.08497205 -0.21492091
v -0.18470748 0.07498811 -0.14493489
v -0.18463513 -0.08497205 -0.26496470
v -0.18467130 -0.06496799 -0.26496470
v -0.18459895 -0.02499604 -0.36495817
v -0.18456279 -0.05498405 -0.37492931
v -0.18463513 -0.04496393 -0.32497960
v -0.18463513 -0.03497998 -0.33495069
v -0.18463513 -0.01497592 -0.34492183
v -0.18470748 -0.07498811 -0.14493489
v -0.18467130 -0.08497205 -0.21492091
v -0.18470748 -0.06496799 -0.21492091
v -0.18452661 -0.04496393 -0.39496559
v -0.18449043 -0.03497998 -0.41490787
v -0.18452661 -0.00499197 -0.40493673
v -0.18474366 0.05498405 -0.01502803
v -0.18477982 0.00499197 -0.06497774
v -0.18474366 -0.00499197 -0.21492091
v -0.18474366 -0.01497592 -0.19497865
v -0.18474366 -0.02499604 -0.17494233
v -0.18474366 -0.05498405 -0.10495631
v -0.18456279 -0.01497592 -0.38499451
v -0.18467130 0.01497592 -0.30494326
v -0.18467130 0.04496393 -0.28490692
v -0.18467130 0.05498405 -0.27493581
v -0.18470748 0.05498405 -0.22498611
v -0.18474366 0.00499197 -0.21492091
v -0.18474366 0.01497592 -0.19497865
v -0.18474366 0.02499604 -0.17494233
v -0.18474366 0.05498405 -0.10495631
v -0.18470748 -0.05498405 -0.22498611
v -0.18467130 -0.05498405 -0.27493581
v -0.18467130 -0.04496393 -0.28490692
v -0.18467130 -0.01497592 -0.30494326
v -0.18470748 -0.00499197 -0.26496470
v -0.18470748 -0.03497998 -0.24492836
v -0.18470748 0.00499197 -0.26496470
v -0.18470748 0.03497998 -0.24492836
f 1 2 13
f 1 13 3
f 1 3 4
f 1 4 5
f 1 5 6
f 1 6 7
f 1 7 8
f 1 8 9
f 1 9 14
f 1 14 2
f 2 10 11
f 2 11 12
f 2 12 13
f 2 14 15
f 2 15 16
f 2 16 10
f 3 13 31
f 3 31 17
f 3 17 18
f 3 18 19
f 3 19 20
f 3 20 4
f 4 20 5
f 5 20 6
f 6 20 21
f 6 21 43
f 6 43 76
f 6 76 80
f 6 80 45
f 6 45 22
f 6 22 7
f 7 22 23
f 7 23 8
f 8 23 24
f 8 24 9
f 9 24 25
f 9 25 26
f 9 26 32
f 9 32 14
f 10 27 28
f 10 28 11
f 10 16 36
f 10 36 66
f 10 66 105
f 10 105 86
f 10 86 52
f 10 52 27
f 11 28 12
f 12 28 13
f 13 28 29
f 13 29 30
f 13 30 31
f 14 32 33
f 14 33 34
f 14 34 15
f 15 34 35
f 15 35 16
f 16 35 36
f 17 31 58
f 17 58 95
f 17 95 67
f 17 67 37
f 17 37 38
f 17 38 18
f 18 38 39
f 18 39 19
f 19 39 40
f 19 40 20
f 20 40 41
f 20 41 42
f 20 42 21
f 21 42 43
f 22 44 23
f 22 45 44
f 23 44 79
f 23 79 46
f 23 46 47
f 23 47 24
f 24 47 48
f 24 48 49
f 24 49 25
f 25 50 26
f 25 49 48
f 25 48 51
f 25 51 50
f 26 50 59
f 26 59 32
f 27 52 87
f 27 87 53
f 27 53 28
f 28 53 54
f 28 54 55
f 28 55 29
f 29 55 56
f 29 56 30
f 30 56 57
f 30 57 58
f 30 58 31
f 32 59 33
f 33 60 34
f 33 59 61
f 33 61 62
f 33 62 60
f 34 60 62
f 34 62 63
f 34 63 35
f 35 64 36
f 35 63 65
f 35 65 102
f 35 102 64
f 36 64 66
f 37 67 68
f 37 68 38
f 38 68 39
f 39 68 69
f 39 69 40
f 40 69 70
f 40 70 71
f 40 71 41
f 41 72 42
f 41 71 73
f 41 73 112
f 41 112 74
f 41 74 113
f 41 113 72
f 42 72 75
f 42 75 43
f 43 75 76
f 44 77 78
f 44 78 79
f 44 45 80
f 44 80 77
f 46 79 47
f 47 79 81
f 47 81 48
f 48 81 82
f 48 82 51
f 50 51 83
f 50 83 84
f 50 84 96
f 50 96 59
f 51 82 85
f 51 85 83
f 52 86 87
f 53 87 88
f 53 88 54
f 54 88 127
f 54 127 89
f 54 89 128
f 54 128 90
f 54 90 91
f 54 91 55
f 55 91 92
f 55 92 93
f 55 93 94
f 55 94 56
f 56 94 57
f 57 94 58
f 58 94 95
f 59 96 97
f 59 97 61
f 61 98 62
f 61 97 99
f 61 99 98
f 62 100 101
f 62 101 63
f 62 98 100
f 63 101 102
f 63 102 65
f 64 102 103
f 64 103 104
f 64 104 105
f 64 105 66
f 67 95 134
f 67 134 182
f 67 182 144
f 67 144 106
f 67 106 70
f 67 70 68
f 68 70 69
f 70 106 107
f 70 107 108
f 70 108 109
f 70 109 149
f 70 149 110
f 70 110 71
f 71 110 111
f 71 111 112
f 71 112 73
f 72 113 152
f 72 152 114
f 72 114 76
f 72 76 75
f 74 112 113
f 76 114 115
f 76 115 119
f 76 119 80
f 77 80 116
f 77 116 78
f 78 117 118
f 78 118 79
f 78 116 158
f 78 158 117
f 79 118 81
f 80 119 156
f 80 156 116
f 81 117 82
f 81 118 117
f 82 117 120
f 82 120 121
f 82 121 124
f 82 124 85
f 83 85 124
f 83 124 122
f 83 122 123
f 83 123 84
f 84 123 135
f 84 135 96
f 86 125 126
f 86 126 88
f 86 88 87
f 86 105 143
f 86 143 125
f 88 126 174
f 88 174 127
f 89 127 128
f 90 128 91
f 91 129 130
f 91 130 92
f 91 128 129
f 92 130 177
f 92 177 131
f 92 131 132
f 92 132 133
f 92 133 134
f 92 134 95
f 92 95 94
f 92 94 93
f 96 135 136
f 96 136 97
f 97 136 140
f 97 140 99
f 98 137 100
f 98 99 140
f 98 140 138
f 98 138 139
f 98 139 137
f 100 137 141
f 100 141 102
f 100 102 101
f 102 141 137
f 102 137 103
f 103 137 186
f 103 186 142
f 103 142 104
f 104 142 105
f 105 142 195
f 105 195 143
f 106 144 108
f 106 108 107
f 108 145 146
f 108 146 147
f 108 147 202
f 108 202 203
f 108 203 148
f 108 148 149
f 108 149 109
f 108 144 145
f 110 149 150
f 110 150 151
f 110 151 152
f 110 152 113
f 110 113 112
f 110 112 111
f 114 152 210
f 114 210 153
f 114 153 154
f 114 154 115
f 115 154 155
f 115 155 163
f 115 163 119
f 116 156 157
f 116 157 158
f 117 158 159
f 117 159 160
f 117 160 161
f 117 161 162
f 117 162 120
f 119 163 156
f 120 162 164
f 120 164 165
f 120 165 166
f 120 166 170
f 120 170 167
f 120 167 124
f 120 124 168
f 120 168 121
f 121 168 124
f 122 124 123
f 123 124 170
f 123 170 169
f 123 169 183
f 123 183 135
f 124 167 170
f 125 143 197
f 125 197 171
f 125 171 172
f 125 172 126
f 126 173 225
f 126 225 174
f 126 172 173
f 127 174 175
f 127 175 130
f 127 130 128
f 128 130 129
f 130 175 176
f 130 176 177
f 131 177 178
f 131 178 132
f 132 178 232
f 132 232 233
f 132 233 179
f 132 179 180
f 132 180 181
f 132 181 182
f 132 182 134
f 132 134 133
f 135 183 194
f 135 194 140
f 135 140 136
f 137 184 185
f 137 185 186
f 137 139 187
f 137 187 188
f 137 188 184
f 138 140 189
f 138 189 139
f 139 189 140
f 139 140 190
f 139 190 194
f 139 194 191
f 139 191 192
f 139 192 193
f 139 193 187
f 140 194 190
f 142 186 196
f 142 196 195
f 143 195 197
f 144 182 181
f 144 181 145
f 145 181 180
f 145 180 146
f 146 180 237
f 146 237 198
f 146 198 147
f 147 198 199
f 147 199 200
f 147 200 201
f 147 201 251
f 147 251 202
f 148 203 204
f 148 204 150
f 148 150 149
f 150 204 205
f 150 205 255
f 150 255 206
f 150 206 151
f 151 206 254
f 151 254 207
f 151 207 208
f 151 208 209
f 151 209 152
f 152 209 210
f 153 210 211
f 153 211 155
f 153 155 154
f 155 211 212
f 155 212 163
f 156 163 157
f 157 213 159
f 157 159 158
f 157 163 214
f 157 214 213
f 159 213 215
f 159 215 161
f 159 161 160
f 161 215 269
f 161 269 216
f 161 216 164
f 161 164 162
f 163 212 214
f 164 216 270
f 164 270 217
f 164 217 165
f 165 218 271
f 165 271 219
f 165 219 170
f 165 170 166
f 165 217 220
f 165 220 221
f 165 221 218
f 169 170 222
f 169 222 238
f 169 238 183
f 170 219 222
f 171 223 224
f 171 224 173
f 171 173 172
f 171 197 223
f 173 224 225
f 174 225 226
f 174 226 175
f 175 226 227
f 175 227 228
f 175 228 287
f 175 287 229
f 175 229 176
f 176 230 231
f 176 231 178
f 176 178 177
f 176 229 288
f 176 288 230
f 178 231 232
f 179 233 291
f 179 291 234
f 179 234 235
f 179 235 236
f 179 236 237
f 179 237 180
f 183 238 194
f 184 188 185
f 185 239 196
f 185 196 186
f 185 188 240
f 185 240 239
f 187 193 241
f 187 241 188
f 188 241 303
f 188 303 240
f 191 194 243
f 191 243 192
f 192 242 193
f 192 243 297
f 192 297 244
f 192 244 245
f 192 245 246
f 192 246 242
f 193 242 304
f 193 304 241
f 194 238 243
f 195 196 197
f 196 239 247
f 196 247 197
f 197 247 223
f 198 237 294
f 198 294 248
f 198 248 199
f 199 248 249
f 199 249 200
f 200 249 250
f 200 250 201
f 201 250 312
f 201 312 251
f 202 251 203
f 203 251 204
f 204 251 252
f 204 252 205
f 205 252 253
f 205 253 254
f 205 254 255
f 206 255 254
f 207 254 256
f 207 256 257
f 207 257 208
f 208 257 258
f 208 258 209
f 209 258 210
f 210 259 211
f 210 258 257
f 210 257 259
f 211 260 261
f 211 261 212
f 211 259 262
f 211 262 260
f 212 261 263
f 212 263 214
f 213 214 264
f 213 264 265
f 213 265 266
f 213 266 267
f 213 267 268
f 213 268 215
f 214 263 264
f 215 268 269
f 216 269 335
f 216 335 270
f 217 270 274
f 217 274 220
f 218 221 275
f 218 275 271
f 219 271 222
f 220 272 273
f 220 273 221
f 220 274 272
f 221 273 338
f 221 338 276
f 221 276 339
f 221 339 275
f 222 271 277
f 222 277 278
f 222 278 295
f 222 295 238
f 223 279 224
f 223 247 280
f 223 280 279
f 224 281 225
f 224 279 282
f 224 282 283
f 224 283 281
f 225 281 285
f 225 285 284
f 225 284 226
f 226 284 227
f 227 284 285
f 227 285 286
f 227 286 228
f 228 286 287
f 229 287 288
f 230 289 290
f 230 290 291
f 230 291 231
f 230 288 287
f 230 287 289
f 231 291 232
f 232 291 233
f 234 291 354
f 234 354 292
f 234 292 235
f 235 292 293
f 235 293 236
f 236 293 294
f 236 294 237
f 238 295 296
f 238 296 297
f 238 297 243
f 239 298 299
f 239 299 300
f 239 300 301
f 239 301 247
f 239 240 302
f 239 302 298
f 240 303 302
f 241 304 365
f 241 365 303
f 242 246 309
f 242 309 304
f 244 297 306
f 244 306 245
f 245 305 246
f 245 306 358
f 245 358 307
f 245 307 370
f 245 370 305
f 246 305 308
f 246 308 309
f 247 301 280
f 248 294 293
f 248 293 249
f 249 293 356
f 249 356 310
f 249 310 311
f 249 311 250
f 250 311 377
f 250 377 312
f 251 312 314
f 251 314 252
f 252 313 253
f 252 314 315
f 252 315 313
f 253 316 254
f 253 313 315
f 253 315 317
f 253 317 316
f 254 316 318
f 254 318 256
f 256 318 319
f 256 319 320
f 256 320 257
f 257 320 321
f 257 321 262
f 257 262 259
f 260 322 261
f 260 262 323
f 260 323 322
f 261 322 324
f 261 324 263
f 262 321 323
f 263 324 264
f 264 325 326
f 264 326 265
f 264 324 325
f 265 326 327
f 265 327 266
f 266 327 328
f 266 328 329
f 266 329 267
f 267 329 330
f 267 330 268
f 268 330 331
f 268 331 332
f 268 332 333
f 268 333 334
f 268 334 335
f 268 335 269
f 270 335 334
f 270 334 274
f 271 275 277
f 272 336 338
f 272 338 273
f 272 274 334
f 272 334 337
f 272 337 401
f 272 401 336
f 275 339 277
f 276 338 340
f 276 340 403
f 276 403 339
f 277 339 341
f 277 341 357
f 277 357 296
f 277 296 295
f 277 295 278
f 279 342 282
f 279 280 343
f 279 343 342
f 280 301 343
f 281 283 285
f 282 342 344
f 282 344 283
f 283 344 345
f 283 345 285
f 285 345 346
f 285 346 286
f 286 347 348
f 286 348 287
f 286 346 347
f 287 348 349
f 287 349 289
f 289 349 350
f 289 350 352
f 289 352 351
f 289 351 290
f 290 351 352
f 290 352 353
f 290 353 354
f 290 354 291
f 292 354 418
f 292 418 355
f 292 355 356
f 292 356 293
f 296 357 358
f 296 358 306
f 296 306 297
f 298 359 361
f 298 361 299
f 298 302 360
f 298 360 359
f 299 361 362
f 299 362 363
f 299 363 300
f 300 363 301
f 301 363 364
f 301 364 343
f 302 303 365
f 302 365 366
f 302 366 367
f 302 367 368
f 302 368 369
f 302 369 360
f 304 309 366
f 304 366 365
f 305 370 373
f 305 373 308
f 307 358 422
f 307 422 371
f 307 371 370
f 308 372 366
f 308 366 309
f 308 373 435
f 308 435 372
f 310 356 421
f 310 421 374
f 310 374 375
f 310 375 311
f 311 375 376
f 311 376 377
f 312 377 378
f 312 378 314
f 314 378 441
f 314 441 379
f 314 379 315
f 315 379 380
f 315 380 381
f 315 381 317
f 316 317 381
f 316 381 318
f 318 381 319
f 319 381 382
f 319 382 444
f 319 444 383
f 319 383 384
f 319 384 320
f 320 385 323
f 320 323 321
f 320 384 385
f 322 386 389
f 322 389 324
f 322 323 387
f 322 387 386
f 323 385 388
f 323 388 387
f 324 389 390
f 324 390 325
f 325 390 391
f 325 391 326
f 326 391 392
f 326 392 327
f 327 393 328
f 327 392 393
f 328 394 329
f 328 393 394
f 329 394 395
f 329 395 396
f 329 396 397
f 329 397 331
f 329 331 330
f 331 397 399
f 331 399 332
f 332 398 333
f 332 399 458
f 332 458 398
f 333 398 457
f 333 457 400
f 333 400 401
f 333 401 337
f 333 337 334
f 336 401 402
f 336 402 340
f 336 340 338
f 339 403 341
f 340 402 404
f 340 404 403
f 341 403 422
f 341 422 357
f 342 343 407
f 342 407 405
f 342 405 406
f 342 406 344
f 343 364 408
f 343 408 407
f 344 406 409
f 344 409 410
f 344 410 346
f 344 346 345
f 346 410 411
f 346 411 347
f 347 411 412
f 347 412 469
f 347 469 413
f 347 413 414
f 347 414 348
f 348 414 350
f 348 350 349
f 350 414 352
f 352 415 416
f 352 416 353
f 352 414 415
f 353 416 472
f 353 472 417
f 353 417 418
f 353 418 354
f 355 418 419
f 355 419 420
f 355 420 421
f 355 421 356
f 357 422 358
f 359 423 424
f 359 424 361
f 359 360 369
f 359 369 425
f 359 425 426
f 359 426 423
f 361 424 427
f 361 427 428
f 361 428 362
f 362 428 363
f 363 428 429
f 363 429 408
f 363 408 364
f 366 372 367
f 367 372 435
f 367 435 430
f 367 430 483
f 367 483 431
f 367 431 368
f 368 431 485
f 368 485 432
f 368 432 425
f 368 425 369
f 370 371 373
f 371 433 373
f 371 422 434
f 371 434 433
f 373 433 435
f 374 421 477
f 374 477 436
f 374 436 437
f 374 437 375
f 375 437 376
f 376 437 438
f 376 438 490
f 376 490 439
f 376 439 377
f 377 439 440
f 377 440 378
f 378 440 441
f 379 441 442
f 379 442 380
f 380 442 494
f 380 494 443
f 380 443 381
f 381 443 382
f 382 443 444
f 383 444 445
f 383 445 384
f 384 388 385
f 384 445 388
f 386 446 450
f 386 450 389
f 386 387 446
f 387 388 447
f 387 447 446
f 388 448 449
f 388 449 447
f 388 445 448
f 389 450 451
f 389 451 390
f 390 451 391
f 391 452 392
f 391 451 452
f 392 452 393
f 393 452 394
f 394 453 454
f 394 454 395
f 394 452 453
f 395 454 396
f 396 455 399
f 396 399 397
f 396 454 456
f 396 456 455
f 398 458 457
f 399 455 458
f 400 457 513
f 400 513 459
f 400 459 402
f 400 402 401
f 402 459 460
f 402 460 404
f 403 404 434
f 403 434 422
f 404 460 461
f 404 461 487
f 404 487 434
f 405 407 465
f 405 465 462
f 405 462 406
f 406 463 409
f 406 462 463
f 407 464 465
f 407 408 464
f 408 429 464
f 409 411 410
f 409 463 466
f 409 466 467
f 409 467 468
f 409 468 411
f 411 468 412
f 412 468 469
f 413 469 470
f 413 470 414
f 414 470 415
f 415 470 530
f 415 530 471
f 415 471 472
f 415 472 416
f 417 472 473
f 417 473 418
f 418 473 474
f 418 474 419
f 419 474 534
f 419 534 475
f 419 475 476
f 419 476 420
f 420 476 421
f 421 476 477
f 423 478 424
f 423 426 478
f 424 478 479
f 424 479 480
f 424 480 427
f 425 432 426
f 426 432 481
f 426 481 482
f 426 482 478
f 427 480 428
f 428 480 464
f 428 464 429
f 430 435 433
f 430 433 484
f 430 484 545
f 430 545 483
f 431 483 485
f 432 485 481
f 433 434 486
f 433 486 484
f 434 487 486
f 436 477 536
f 436 536 488
f 436 488 437
f 437 488 489
f 437 489 490
f 437 490 438
f 439 490 440
f 440 490 491
f 440 491 492
f 440 492 493
f 440 493 442
f 440 442 441
f 442 493 555
f 442 555 494
f 443 494 495
f 443 495 444
f 444 495 496
f 444 496 445
f 445 496 497
f 445 497 448
f 446 498 504
f 446 504 450
f 446 447 498
f 447 449 499
f 447 499 500
f 447 500 498
f 448 497 560
f 448 560 501
f 448 501 502
f 448 502 503
f 448 503 449
f 449 503 499
f 450 504 451
f 451 504 505
f 451 505 452
f 452 505 506
f 452 506 453
f 453 506 454
f 454 506 456
f 455 507 508
f 455 508 509
f 455 509 458
f 455 456 510
f 455 510 507
f 456 506 510
f 457 458 511
f 457 511 512
f 457 512 513
f 458 509 511
f 459 513 460
f 460 513 514
f 460 514 461
f 461 515 585
f 461 585 664
f 461 664 751
f 461 751 847
f 461 847 973
f 461 973 1121
f 461 1121 1125
f 461 1125 1236
f 461 1236 1344
f 461 1344 1462
f 461 1462 1472
f 461 1472 1471
f 461 1471 1470
f 461 1470 1469
f 461 1469 1468
f 461 1468 1467
f 461 1467 1466
f 461 1466 1598
f 461 1598 1722
f 461 1722 1758
f 461 1758 1653
f 461 1653 1523
f 461 1523 1398
f 461 1398 1291
f 461 1291 1174
f 461 1174 1043
f 461 1043 1051
f 461 1051 1050
f 461 1050 1049
f 461 1049 1048
f 461 1048 1042
f 461 1042 1041
f 461 1041 1040
f 461 1040 1039
f 461 1039 1038
f 461 1038 1037
f 461 1037 1036
f 461 1036 1035
f 461 1035 900
f 461 900 899
f 461 899 898
f 461 898 897
f 461 897 797
f 461 797 708
f 461 708 704
f 461 704 625
f 461 625 547
f 461 547 487
f 461 514 516
f 461 516 517
f 461 517 515
f 462 465 521
f 462 521 518
f 462 518 463
f 463 519 520
f 463 520 466
f 463 518 519
f 464 521 465
f 464 480 522
f 464 522 523
f 464 523 521
f 466 520 524
f 466 524 467
f 467 524 525
f 467 525 526
f 467 526 600
f 467 600 527
f 467 527 468
f 468 528 469
f 468 527 528
f 469 528 529
f 469 529 470
f 470 529 530
f 471 530 605
f 471 605 531
f 471 531 473
f 471 473 472
f 473 531 532
f 473 532 533
f 473 533 534
f 473 534 474
f 475 534 535
f 475 535 476
f 476 535 536
f 476 536 477
f 478 482 537
f 478 537 479
f 479 537 538
f 479 538 480
f 480 538 539
f 480 539 522
f 481 485 540
f 481 540 541
f 481 541 542
f 481 542 482
f 482 542 537
f 483 543 544
f 483 544 485
f 483 545 543
f 484 486 545
f 485 544 540
f 486 546 545
f 486 487 546
f 487 547 548
f 487 548 549
f 487 549 546
f 488 550 489
f 488 536 610
f 488 610 551
f 488 551 628
f 488 628 550
f 489 491 490
f 489 550 491
f 491 550 552
f 491 552 553
f 491 553 492
f 492 554 555
f 492 555 493
f 492 553 554
f 494 555 556
f 494 556 495
f 495 556 557
f 495 557 496
f 496 558 559
f 496 559 497
f 496 557 558
f 497 559 638
f 497 638 560
f 498 561 569
f 498 569 504
f 498 500 563
f 498 563 561
f 499 503 562
f 499 562 563
f 499 563 500
f 501 560 639
f 501 639 564
f 501 564 565
f 501 565 566
f 501 566 567
f 501 567 502
f 502 567 568
f 502 568 503
f 503 568 562
f 504 569 570
f 504 570 571
f 504 571 505
f 505 571 572
f 505 572 506
f 506 573 510
f 506 572 574
f 506 574 654
f 506 654 573
f 507 575 576
f 507 576 508
f 507 510 575
f 508 576 577
f 508 577 578
f 508 578 579
f 508 579 580
f 508 580 509
f 509 580 511
f 510 573 575
f 511 580 512
f 512 580 579
f 512 579 581
f 512 581 582
f 512 582 513
f 513 583 514
f 513 582 584
f 513 584 583
f 514 583 516
f 515 517 586
f 515 586 585
f 516 583 517
f 517 583 587
f 517 587 586
f 518 521 592
f 518 592 588
f 518 588 589
f 518 589 519
f 519 589 590
f 519 590 520
f 520 590 524
f 521 523 591
f 521 591 592
f 522 539 614
f 522 614 593
f 522 593 594
f 522 594 591
f 522 591 523
f 524 590 595
f 524 595 596
f 524 596 525
f 525 596 526
f 526 597 598
f 526 598 599
f 526 599 679
f 526 679 600
f 526 596 597
f 527 600 680
f 527 680 601
f 527 601 528
f 528 601 602
f 528 602 603
f 528 603 529
f 529 603 604
f 529 604 530
f 530 604 605
f 531 605 532
f 532 605 606
f 532 606 607
f 532 607 533
f 533 535 534
f 533 607 608
f 533 608 609
f 533 609 535
f 535 609 536
f 536 609 688
f 536 688 610
f 537 611 538
f 537 542 612
f 537 612 693
f 537 693 613
f 537 613 611
f 538 611 614
f 538 614 539
f 540 544 615
f 540 615 541
f 541 615 616
f 541 616 617
f 541 617 618
f 541 618 619
f 541 619 620
f 541 620 542
f 542 620 612
f 543 616 615
f 543 615 544
f 543 545 621
f 543 621 622
f 543 622 616
f 545 546 623
f 545 623 624
f 545 624 621
f 546 549 623
f 547 625 548
f 548 626 627
f 548 627 623
f 548 623 549
f 548 625 626
f 550 628 631
f 550 631 552
f 551 610 690
f 551 690 629
f 551 629 630
f 551 630 628
f 552 631 553
f 553 632 554
f 553 631 633
f 553 633 634
f 553 634 718
f 553 718 632
f 554 635 556
f 554 556 555
f 554 632 635
f 556 635 557
f 557 635 636
f 557 636 558
f 558 637 638
f 558 638 559
f 558 636 637
f 560 638 639
f 561 640 648
f 561 648 569
f 561 563 642
f 561 642 640
f 562 641 642
f 562 642 563
f 562 568 641
f 564 639 565
f 565 643 644
f 565 644 645
f 565 645 646
f 565 646 641
f 565 641 567
f 565 567 566
f 565 639 647
f 565 647 643
f 567 641 568
f 569 648 649
f 569 649 570
f 570 649 571
f 571 649 650
f 571 650 651
f 571 651 572
f 572 651 652
f 572 652 653
f 572 653 574
f 573 654 575
f 574 653 743
f 574 743 654
f 575 654 576
f 576 654 655
f 576 655 577
f 577 655 656
f 577 656 657
f 577 657 658
f 577 658 578
f 578 658 659
f 578 659 579
f 579 660 581
f 579 659 660
f 581 661 662
f 581 662 584
f 581 584 582
f 581 660 661
f 583 584 663
f 583 663 587
f 584 662 663
f 585 586 665
f 585 665 664
f 586 587 666
f 586 666 667
f 586 667 665
f 587 663 666
f 588 668 669
f 588 669 589
f 588 592 672
f 588 672 668
f 589 669 670
f 589 670 590
f 590 670 595
f 591 594 671
f 591 671 672
f 591 672 592
f 593 614 694
f 593 694 673
f 593 673 594
f 594 673 671
f 595 670 596
f 596 670 598
f 596 598 597
f 598 670 674
f 598 674 675
f 598 675 676
f 598 676 677
f 598 677 678
f 598 678 679
f 598 679 599
f 600 679 680
f 601 680 602
f 602 680 681
f 602 681 682
f 602 682 603
f 603 682 683
f 603 683 604
f 604 683 606
f 604 606 605
f 606 683 684
f 606 684 607
f 607 684 778
f 607 778 685
f 607 685 686
f 607 686 687
f 607 687 608
f 608 687 688
f 608 688 609
f 610 688 689
f 610 689 690
f 611 691 694
f 611 694 614
f 611 613 692
f 611 692 691
f 612 620 693
f 613 693 787
f 613 787 692
f 616 622 695
f 616 695 696
f 616 696 617
f 617 696 697
f 617 697 618
f 618 698 693
f 618 693 619
f 618 697 699
f 618 699 700
f 618 700 698
f 619 693 620
f 621 624 622
f 622 624 701
f 622 701 702
f 622 702 695
f 623 703 624
f 623 627 703
f 624 703 701
f 625 704 626
f 626 705 706
f 626 706 707
f 626 707 627
f 626 704 708
f 626 708 709
f 626 709 710
f 626 710 711
f 626 711 712
f 626 712 705
f 627 707 703
f 628 630 713
f 628 713 717
f 628 717 631
f 629 690 784
f 629 784 714
f 629 714 715
f 629 715 630
f 630 715 713
f 631 716 720
f 631 720 633
f 631 717 716
f 632 718 719
f 632 719 635
f 633 720 634
f 634 720 718
f 635 719 636
f 636 719 721
f 636 721 637
f 637 722 723
f 637 723 638
f 637 721 722
f 638 723 639
f 639 723 735
f 639 735 647
f 640 642 728
f 640 728 724
f 640 724 725
f 640 725 738
f 640 738 648
f 641 726 728
f 641 728 642
f 641 646 727
f 641 727 726
f 643 647 729
f 643 729 730
f 643 730 644
f 644 730 822
f 644 822 731
f 644 731 825
f 644 825 732
f 644 732 733
f 644 733 645
f 645 733 734
f 645 734 646
f 646 734 727
f 647 735 729
f 648 736 737
f 648 737 649
f 648 738 736
f 649 737 739
f 649 739 740
f 649 740 650
f 650 740 741
f 650 741 651
f 651 741 652
f 652 741 742
f 652 742 653
f 653 742 743
f 654 743 744
f 654 744 655
f 655 744 745
f 655 745 746
f 655 746 656
f 656 746 657
f 657 746 844
f 657 844 747
f 657 747 658
f 658 747 748
f 658 748 660
f 658 660 659
f 660 748 661
f 661 748 749
f 661 749 750
f 661 750 662
f 662 750 663
f 663 750 666
f 664 665 752
f 664 752 753
f 664 753 751
f 665 667 754
f 665 754 755
f 665 755 752
f 666 750 749
f 666 749 756
f 666 756 667
f 667 756 754
f 668 757 758
f 668 758 759
f 668 759 669
f 668 672 765
f 668 765 757
f 669 759 760
f 669 760 670
f 670 760 761
f 670 761 674
f 671 762 764
f 671 764 672
f 671 673 766
f 671 766 763
f 671 763 762
f 672 764 765
f 673 694 766
f 674 761 767
f 674 767 675
f 675 767 768
f 675 768 676
f 676 769 867
f 676 867 770
f 676 770 871
f 676 871 771
f 676 771 772
f 676 772 677
f 676 768 769
f 677 772 678
f 678 772 773
f 678 773 774
f 678 774 679
f 679 774 680
f 680 774 775
f 680 775 681
f 681 775 875
f 681 875 776
f 681 776 682
f 682 776 777
f 682 777 683
f 683 777 684
f 684 777 778
f 685 779 686
f 685 778 779
f 686 779 780
f 686 780 687
f 687 780 781
f 687 781 782
f 687 782 688
f 688 782 689
f 689 782 783
f 689 783 690
f 690 783 784
f 691 785 766
f 691 766 694
f 691 692 786
f 691 786 785
f 692 787 786
f 693 698 791
f 693 791 787
f 695 702 788
f 695 788 697
f 695 697 696
f 697 788 789
f 697 789 699
f 698 790 791
f 698 700 792
f 698 792 790
f 699 789 890
f 699 890 792
f 699 792 700
f 701 703 793
f 701 793 702
f 702 793 794
f 702 794 788
f 703 707 793
f 705 712 706
f 706 795 796
f 706 796 707
f 706 712 795
f 707 796 794
f 707 794 793
f 708 797 798
f 708 798 799
f 708 799 710
f 708 710 709
f 710 799 800
f 710 800 801
f 710 801 711
f 711 801 802
f 711 802 712
f 712 802 803
f 712 803 795
f 713 715 804
f 713 804 805
f 713 805 717
f 714 784 884
f 714 884 806
f 714 806 807
f 714 807 715
f 715 807 805
f 715 805 804
f 716 717 810
f 716 810 808
f 716 808 933
f 716 933 809
f 716 809 718
f 716 718 720
f 717 805 810
f 718 809 811
f 718 811 812
f 718 812 719
f 719 812 721
f 721 813 814
f 721 814 722
f 721 812 811
f 721 811 813
f 722 814 735
f 722 735 723
f 724 815 816
f 724 816 725
f 724 728 815
f 725 816 831
f 725 831 738
f 726 817 819
f 726 819 728
f 726 727 818
f 726 818 817
f 727 734 818
f 728 819 815
f 729 735 820
f 729 820 821
f 729 821 730
f 730 821 945
f 730 945 822
f 731 823 824
f 731 824 825
f 731 822 826
f 731 826 823
f 732 825 827
f 732 827 733
f 733 827 828
f 733 828 829
f 733 829 734
f 734 829 818
f 735 814 820
f 736 830 739
f 736 739 737
f 736 738 831
f 736 831 830
f 739 830 832
f 739 832 740
f 740 833 834
f 740 834 835
f 740 835 836
f 740 836 837
f 740 837 741
f 740 832 833
f 741 837 838
f 741 838 742
f 742 838 839
f 742 839 840
f 742 840 841
f 742 841 842
f 742 842 743
f 743 842 744
f 744 842 745
f 745 842 841
f 745 841 746
f 746 841 843
f 746 843 844
f 747 844 845
f 747 845 846
f 747 846 749
f 747 749 748
f 749 846 756
f 751 753 851
f 751 851 847
f 752 755 848
f 752 848 753
f 753 848 849
f 753 849 850
f 753 850 851
f 754 756 852
f 754 852 755
f 755 852 853
f 755 853 854
f 755 854 848
f 756 846 852
f 757 855 758
f 757 765 863
f 757 863 855
f 758 855 856
f 758 856 759
f 759 857 858
f 759 858 760
f 759 856 857
f 760 858 859
f 760 859 761
f 761 859 767
f 762 860 861
f 762 861 764
f 762 763 862
f 762 862 860
f 763 766 864
f 763 864 862
f 764 861 863
f 764 863 765
f 766 785 864
f 767 859 865
f 767 865 768
f 768 866 867
f 768 867 769
f 768 865 997
f 768 997 866
f 770 867 868
f 770 868 869
f 770 869 870
f 770 870 871
f 771 871 1005
f 771 1005 872
f 771 872 873
f 771 873 772
f 772 873 773
f 773 873 874
f 773 874 775
f 773 775 774
f 775 874 1008
f 775 1008 875
f 776 875 876
f 776 876 777
f 777 876 778
f 778 876 877
f 778 877 878
f 778 878 780
f 778 780 779
f 780 879 880
f 780 880 781
f 780 878 1010
f 780 1010 879
f 781 880 881
f 781 881 782
f 782 881 882
f 782 882 783
f 783 882 881
f 783 881 883
f 783 883 784
f 784 883 884
f 785 885 864
f 785 786 889
f 785 889 885
f 786 787 886
f 786 886 887
f 786 887 888
f 786 888 889
f 787 791 886
f 788 794 891
f 788 891 789
f 789 891 892
f 789 892 890
f 790 886 791
f 790 792 893
f 790 893 886
f 792 890 894
f 792 894 893
f 794 796 891
f 795 895 896
f 795 896 796
f 795 803 895
f 796 896 891
f 797 897 798
f 798 897 898
f 798 898 899
f 798 899 900
f 798 900 901
f 798 901 902
f 798 902 1047
f 798 1047 903
f 798 903 904
f 798 904 905
f 798 905 906
f 798 906 907
f 798 907 799
f 799 907 906
f 799 906 800
f 800 906 801
f 801 908 802
f 801 906 909
f 801 909 908
f 802 910 803
f 802 908 910
f 803 910 911
f 803 911 912
f 803 912 913
f 803 913 914
f 803 914 915
f 803 915 916
f 803 916 917
f 803 917 918
f 803 918 919
f 803 919 920
f 803 920 921
f 803 921 922
f 803 922 923
f 803 923 895
f 805 807 924
f 805 924 925
f 805 925 926
f 805 926 927
f 805 927 928
f 805 928 929
f 805 929 930
f 805 930 931
f 805 931 810
f 806 884 1021
f 806 1021 932
f 806 932 924
f 806 924 807
f 808 810 934
f 808 934 935
f 808 935 1084
f 808 1084 933
f 809 933 811
f 810 931 930
f 810 930 934
f 811 936 937
f 811 937 938
f 811 938 813
f 811 933 936
f 813 938 821
f 813 821 820
f 813 820 814
f 815 939 940
f 815 940 941
f 815 941 816
f 815 819 939
f 816 942 1091
f 816 1091 1207
f 816 1207 1221
f 816 1221 1103
f 816 1103 955
f 816 955 831
f 816 941 942
f 817 829 943
f 817 943 819
f 817 818 829
f 819 943 944
f 819 944 939
f 821 938 937
f 821 937 1088
f 821 1088 945
f 822 945 1092
f 822 1092 946
f 822 946 949
f 822 949 826
f 823 826 949
f 823 949 947
f 823 947 1095
f 823 1095 1096
f 823 1096 948
f 823 948 824
f 824 948 827
f 824 827 825
f 827 948 950
f 827 950 951
f 827 951 952
f 827 952 953
f 827 953 828
f 828 953 829
f 829 953 952
f 829 952 943
f 830 954 832
f 830 831 954
f 831 955 954
f 832 954 834
f 832 834 833
f 834 956 957
f 834 957 960
f 834 960 958
f 834 958 835
f 834 954 959
f 834 959 956
f 835 960 961
f 835 961 836
f 835 958 960
f 836 961 962
f 836 962 837
f 837 962 963
f 837 963 839
f 837 839 838
f 839 964 970
f 839 970 965
f 839 965 840
f 839 963 962
f 839 962 964
f 840 965 841
f 841 966 967
f 841 967 968
f 841 968 969
f 841 969 843
f 841 965 970
f 841 970 1116
f 841 1116 966
f 843 969 971
f 843 971 972
f 843 972 844
f 844 972 845
f 845 972 853
f 845 853 852
f 845 852 846
f 847 851 974
f 847 974 973
f 848 854 975
f 848 975 976
f 848 976 977
f 848 977 849
f 849 977 978
f 849 978 850
f 850 979 980
f 850 980 981
f 850 981 974
f 850 974 851
f 850 978 977
f 850 977 982
f 850 982 983
f 850 983 979
f 853 972 854
f 854 972 971
f 854 971 975
f 855 863 996
f 855 996 1138
f 855 1138 1255
f 855 1255 1245
f 855 1245 1129
f 855 1129 984
f 855 984 985
f 855 985 856
f 856 985 986
f 856 986 987
f 856 987 988
f 856 988 857
f 857 989 990
f 857 990 858
f 857 988 989
f 858 990 865
f 858 865 859
f 860 991 861
f 860 862 995
f 860 995 992
f 860 992 993
f 860 993 991
f 861 991 994
f 861 994 863
f 862 864 995
f 863 994 996
f 864 885 1022
f 864 1022 995
f 865 990 998
f 865 998 997
f 866 997 998
f 866 998 999
f 866 999 1000
f 866 1000 1001
f 866 1001 868
f 866 868 867
f 868 1001 1145
f 868 1145 1147
f 868 1147 1002
f 868 1002 869
f 869 1002 1003
f 869 1003 870
f 870 1003 1004
f 870 1004 871
f 871 1004 1149
f 871 1149 1005
f 872 1005 1151
f 872 1151 1006
f 872 1006 1007
f 872 1007 1008
f 872 1008 873
f 873 1008 874
f 875 1008 877
f 875 877 876
f 877 1008 1007
f 877 1007 1006
f 877 1006 1009
f 877 1009 1010
f 877 1010 878
f 879 1010 1153
f 879 1153 1011
f 879 1011 1012
f 879 1012 880
f 880 1012 1013
f 880 1013 1014
f 880 1014 881
f 881 1015 1016
f 881 1016 1017
f 881 1017 1018
f 881 1018 1019
f 881 1019 1020
f 881 1020 883
f 881 1014 1013
f 881 1013 1015
f 883 1020 884
f 884 1020 1021
f 885 889 1029
f 885 1029 1022
f 886 893 1024
f 886 1024 887
f 887 1023 1028
f 887 1028 888
f 887 1024 1025
f 887 1025 1026
f 887 1026 1027
f 887 1027 1165
f 887 1165 1023
f 888 1028 889
f 889 1028 1029
f 890 892 1030
f 890 1030 894
f 891 896 892
f 892 896 1031
f 892 1031 1030
f 893 894 1032
f 893 1032 1024
f 894 1030 1033
f 894 1033 1032
f 895 923 1034
f 895 1034 1031
f 895 1031 896
f 900 1035 901
f 901 1035 1036
f 901 1036 1037
f 901 1037 1038
f 901 1038 1039
f 901 1039 1040
f 901 1040 1041
f 901 1041 1042
f 901 1042 902
f 902 1043 1044
f 902 1044 1045
f 902 1045 1046
f 902 1046 1047
f 902 1042 1048
f 902 1048 1049
f 902 1049 1050
f 902 1050 1051
f 902 1051 1043
f 903 1047 1052
f 903 1052 905
f 903 905 904
f 905 1052 908
f 905 908 906
f 906 908 909
f 908 1052 1053
f 908 1053 910
f 910 1054 911
f 910 1053 1052
f 910 1052 1055
f 910 1055 1054
f 911 1054 1056
f 911 1056 1057
f 911 1057 1058
f 911 1058 1059
f 911 1059 1060
f 911 1060 912
f 912 1060 1061
f 912 1061 1062
f 912 1062 913
f 913 1062 1063
f 913 1063 1064
f 913 1064 914
f 914 1064 1065
f 914 1065 1066
f 914 1066 1067
f 914 1067 915
f 915 1067 1068
f 915 1068 916
f 916 1068 1067
f 916 1067 1069
f 916 1069 1070
f 916 1070 917
f 917 1070 918
f 918 1070 1071
f 918 1071 919
f 919 1071 920
f 920 1071 921
f 921 1071 1072
f 921 1072 1073
f 921 1073 1074
f 921 1074 922
f 922 1074 1073
f 922 1073 923
f 923 1073 1075
f 923 1075 1076
f 923 1076 1034
f 924 932 1077
f 924 1077 925
f 925 1077 926
f 926 1077 1078
f 926 1078 927
f 927 1078 928
f 928 1078 1079
f 928 1079 1080
f 928 1080 929
f 929 1081 930
f 929 1080 1081
f 930 1081 1082
f 930 1082 934
f 932 1021 1161
f 932 1161 1083
f 932 1083 1077
f 933 1084 936
f 934 1082 935
f 935 1082 1197
f 935 1197 1085
f 935 1085 1199
f 935 1199 1084
f 936 1086 1087
f 936 1087 1088
f 936 1088 937
f 936 1084 1086
f 939 1089 940
f 939 944 1089
f 940 1090 941
f 940 1089 1090
f 941 1090 1091
f 941 1091 942
f 943 952 1089
f 943 1089 944
f 945 1088 1087
f 945 1087 1203
f 945 1203 1092
f 946 1092 1208
f 946 1208 1093
f 946 1093 1211
f 946 1211 1094
f 946 1094 949
f 947 949 1094
f 947 1094 1095
f 948 951 950
f 948 1096 1217
f 948 1217 1097
f 948 1097 1098
f 948 1098 951
f 951 1098 1097
f 951 1097 1099
f 951 1099 952
f 952 1099 1097
f 952 1097 1100
f 952 1100 1101
f 952 1101 1102
f 952 1102 1089
f 954 1103 1104
f 954 1104 959
f 954 955 1103
f 956 1105 957
f 956 959 1106
f 956 1106 1105
f 957 1105 960
f 959 1104 1106
f 960 1107 962
f 960 962 961
f 960 1105 1108
f 960 1108 1223
f 960 1223 1109
f 960 1109 1110
f 960 1110 1111
f 960 1111 1107
f 962 1112 964
f 962 1107 1112
f 964 1113 1114
f 964 1114 1115
f 964 1115 1116
f 964 1116 970
f 964 1112 1113
f 966 1117 1233
f 966 1233 1118
f 966 1118 967
f 966 1116 1115
f 966 1115 1117
f 967 1118 1127
f 967 1127 1119
f 967 1119 968
f 968 1119 1120
f 968 1120 969
f 969 1120 971
f 971 1120 975
f 973 974 1121
f 974 981 1121
f 975 1120 976
f 976 1120 977
f 977 1120 1119
f 977 1119 1127
f 977 1127 1122
f 977 1122 983
f 977 983 982
f 979 983 1123
f 979 1123 1235
f 979 1235 1124
f 979 1124 980
f 980 1124 1236
f 980 1236 1125
f 980 1125 1121
f 980 1121 981
f 983 1126 1234
f 983 1234 1123
f 983 1122 1127
f 983 1127 1128
f 983 1128 1241
f 983 1241 1126
f 984 1129 986
f 984 986 985
f 986 1129 1130
f 986 1130 1131
f 986 1131 989
f 986 989 988
f 986 988 987
f 989 1131 990
f 990 1131 998
f 991 993 1132
f 991 1132 1133
f 991 1133 1134
f 991 1134 1135
f 991 1135 996
f 991 996 994
f 992 995 993
f 993 995 1132
f 995 1022 1136
f 995 1136 1137
f 995 1137 1132
f 996 1135 1134
f 996 1134 1138
f 998 1139 1140
f 998 1140 1141
f 998 1141 1142
f 998 1142 999
f 998 1131 1143
f 998 1143 1139
f 999 1001 1000
f 999 1142 1141
f 999 1141 1144
f 999 1144 1001
f 1001 1144 1141
f 1001 1141 1263
f 1001 1263 1145
f 1002 1146 1003
f 1002 1147 1146
f 1003 1146 1004
f 1004 1148 1271
f 1004 1271 1149
f 1004 1146 1269
f 1004 1269 1148
f 1005 1149 1273
f 1005 1273 1150
f 1005 1150 1151
f 1006 1151 1009
f 1009 1151 1150
f 1009 1150 1152
f 1009 1152 1153
f 1009 1153 1010
f 1011 1154 1277
f 1011 1277 1155
f 1011 1155 1012
f 1011 1153 1275
f 1011 1275 1154
f 1012 1155 1013
f 1013 1155 1156
f 1013 1156 1015
f 1015 1156 1157
f 1015 1157 1016
f 1016 1157 1158
f 1016 1158 1159
f 1016 1159 1017
f 1017 1159 1018
f 1018 1159 1160
f 1018 1160 1019
f 1019 1160 1020
f 1020 1160 1021
f 1021 1160 1161
f 1022 1029 1028
f 1022 1028 1162
f 1022 1162 1136
f 1023 1163 1285
f 1023 1285 1164
f 1023 1164 1028
f 1023 1165 1166
f 1023 1166 1167
f 1023 1167 1168
f 1023 1168 1163
f 1024 1032 1169
f 1024 1169 1025
f 1025 1169 1170
f 1025 1170 1171
f 1025 1171 1027
f 1025 1027 1026
f 1027 1171 1167
f 1027 1167 1165
f 1028 1164 1162
f 1030 1031 1034
f 1030 1034 1033
f 1032 1033 1172
f 1032 1172 1169
f 1033 1034 1076
f 1033 1076 1172
f 1043 1173 1056
f 1043 1056 1045
f 1043 1045 1044
f 1043 1174 1058
f 1043 1058 1173
f 1045 1056 1175
f 1045 1175 1176
f 1045 1176 1046
f 1046 1176 1047
f 1047 1176 1052
f 1052 1176 1055
f 1054 1055 1175
f 1054 1175 1056
f 1055 1176 1175
f 1056 1173 1058
f 1056 1058 1057
f 1058 1177 1178
f 1058 1178 1179
f 1058 1179 1060
f 1058 1060 1059
f 1058 1174 1177
f 1060 1179 1061
f 1061 1179 1180
f 1061 1180 1181
f 1061 1181 1062
f 1062 1181 1182
f 1062 1182 1063
f 1063 1182 1183
f 1063 1183 1064
f 1064 1183 1184
f 1064 1184 1065
f 1065 1184 1185
f 1065 1185 1066
f 1066 1185 1067
f 1067 1186 1070
f 1067 1070 1069
f 1067 1185 1187
f 1067 1187 1188
f 1067 1188 1186
f 1070 1186 1188
f 1070 1188 1189
f 1070 1189 1190
f 1070 1190 1071
f 1071 1190 1191
f 1071 1191 1192
f 1071 1192 1193
f 1071 1193 1073
f 1071 1073 1072
f 1073 1193 1192
f 1073 1192 1172
f 1073 1172 1075
f 1075 1172 1076
f 1077 1083 1078
f 1078 1083 1079
f 1079 1083 1198
f 1079 1198 1194
f 1079 1194 1195
f 1079 1195 1080
f 1080 1195 1196
f 1080 1196 1081
f 1081 1196 1197
f 1081 1197 1082
f 1083 1161 1282
f 1083 1282 1198
f 1084 1199 1202
f 1084 1202 1086
f 1085 1197 1200
f 1085 1200 1201
f 1085 1201 1312
f 1085 1312 1199
f 1086 1202 1203
f 1086 1203 1087
f 1089 1102 1090
f 1090 1102 1101
f 1090 1101 1204
f 1090 1204 1205
f 1090 1205 1206
f 1090 1206 1207
f 1090 1207 1091
f 1092 1203 1209
f 1092 1209 1319
f 1092 1319 1208
f 1093 1210 1324
f 1093 1324 1211
f 1093 1208 1318
f 1093 1318 1210
f 1094 1212 1095
f 1094 1211 1328
f 1094 1328 1212
f 1095 1213 1096
f 1095 1212 1213
f 1096 1213 1214
f 1096 1214 1215
f 1096 1215 1216
f 1096 1216 1217
f 1097 1217 1333
f 1097 1333 1218
f 1097 1218 1100
f 1100 1218 1219
f 1100 1219 1220
f 1100 1220 1204
f 1100 1204 1101
f 1103 1221 1104
f 1104 1221 1106
f 1105 1222 1223
f 1105 1223 1108
f 1105 1106 1222
f 1106 1224 1225
f 1106 1225 1226
f 1106 1226 1223
f 1106 1223 1222
f 1106 1221 1224
f 1107 1111 1113
f 1107 1113 1112
f 1109 1223 1227
f 1109 1227 1110
f 1110 1227 1111
f 1111 1227 1228
f 1111 1228 1229
f 1111 1229 1113
f 1113 1229 1228
f 1113 1228 1230
f 1113 1230 1231
f 1113 1231 1114
f 1114 1231 1232
f 1114 1232 1117
f 1114 1117 1115
f 1117 1232 1244
f 1117 1244 1233
f 1118 1233 1128
f 1118 1128 1127
f 1123 1234 1343
f 1123 1343 1235
f 1124 1235 1344
f 1124 1344 1236
f 1126 1237 1345
f 1126 1345 1238
f 1126 1238 1239
f 1126 1239 1240
f 1126 1240 1234
f 1126 1241 1242
f 1126 1242 1243
f 1126 1243 1237
f 1128 1233 1244
f 1128 1244 1341
f 1128 1341 1241
f 1129 1245 1130
f 1130 1246 1247
f 1130 1247 1248
f 1130 1248 1139
f 1130 1139 1143
f 1130 1143 1131
f 1130 1245 1249
f 1130 1249 1246
f 1132 1137 1136
f 1132 1136 1250
f 1132 1250 1251
f 1132 1251 1133
f 1133 1252 1134
f 1133 1251 1253
f 1133 1253 1252
f 1134 1252 1363
f 1134 1363 1254
f 1134 1254 1255
f 1134 1255 1138
f 1136 1256 1257
f 1136 1257 1360
f 1136 1360 1258
f 1136 1258 1259
f 1136 1259 1251
f 1136 1251 1250
f 1136 1162 1164
f 1136 1164 1256
f 1139 1248 1260
f 1139 1260 1140
f 1140 1260 1261
f 1140 1261 1262
f 1140 1262 1141
f 1141 1262 1365
f 1141 1365 1263
f 1145 1264 1265
f 1145 1265 1266
f 1145 1266 1147
f 1145 1263 1267
f 1145 1267 1264
f 1146 1147 1268
f 1146 1268 1372
f 1146 1372 1269
f 1147 1266 1268
f 1148 1269 1373
f 1148 1373 1270
f 1148 1270 1378
f 1148 1378 1271
f 1149 1271 1381
f 1149 1381 1272
f 1149 1272 1273
f 1150 1273 1274
f 1150 1274 1152
f 1152 1274 1275
f 1152 1275 1153
f 1154 1276 1277
f 1154 1275 1383
f 1154 1383 1278
f 1154 1278 1276
f 1155 1277 1279
f 1155 1279 1156
f 1156 1279 1280
f 1156 1280 1157
f 1157 1280 1281
f 1157 1281 1158
f 1158 1281 1282
f 1158 1282 1161
f 1158 1161 1159
f 1159 1161 1160
f 1163 1283 1393
f 1163 1393 1284
f 1163 1284 1285
f 1163 1168 1283
f 1164 1285 1284
f 1164 1284 1256
f 1165 1167 1166
f 1167 1171 1170
f 1167 1170 1286
f 1167 1286 1287
f 1167 1287 1168
f 1168 1287 1288
f 1168 1288 1305
f 1168 1305 1289
f 1168 1289 1290
f 1168 1290 1283
f 1169 1172 1192
f 1169 1192 1170
f 1170 1192 1191
f 1170 1191 1286
f 1174 1291 1177
f 1177 1292 1293
f 1177 1293 1178
f 1177 1291 1292
f 1178 1293 1294
f 1178 1294 1179
f 1179 1294 1295
f 1179 1295 1180
f 1180 1295 1296
f 1180 1296 1297
f 1180 1297 1298
f 1180 1298 1181
f 1181 1298 1182
f 1182 1298 1299
f 1182 1299 1183
f 1183 1299 1300
f 1183 1300 1184
f 1184 1300 1301
f 1184 1301 1185
f 1185 1301 1302
f 1185 1302 1187
f 1187 1302 1303
f 1187 1303 1304
f 1187 1304 1188
f 1188 1304 1189
f 1189 1304 1305
f 1189 1305 1288
f 1189 1288 1287
f 1189 1287 1190
f 1190 1287 1286
f 1190 1286 1191
f 1194 1198 1306
f 1194 1306 1307
f 1194 1307 1195
f 1195 1307 1308
f 1195 1308 1196
f 1196 1308 1309
f 1196 1309 1197
f 1197 1309 1200
f 1198 1282 1390
f 1198 1390 1310
f 1198 1310 1311
f 1198 1311 1306
f 1199 1312 1313
f 1199 1313 1202
f 1200 1309 1314
f 1200 1314 1201
f 1201 1315 1418
f 1201 1418 1312
f 1201 1314 1420
f 1201 1420 1315
f 1202 1313 1203
f 1203 1313 1209
f 1204 1220 1205
f 1205 1220 1219
f 1205 1219 1218
f 1205 1218 1333
f 1205 1333 1316
f 1205 1316 1317
f 1205 1317 1206
f 1206 1317 1207
f 1207 1317 1221
f 1208 1319 1320
f 1208 1320 1321
f 1208 1321 1318
f 1209 1313 1319
f 1210 1322 1323
f 1210 1323 1324
f 1210 1318 1322
f 1211 1324 1325
f 1211 1325 1326
f 1211 1326 1327
f 1211 1327 1328
f 1212 1328 1327
f 1212 1327 1213
f 1213 1215 1214
f 1213 1327 1444
f 1213 1444 1329
f 1213 1329 1330
f 1213 1330 1215
f 1215 1330 1331
f 1215 1331 1217
f 1215 1217 1216
f 1217 1331 1330
f 1217 1330 1332
f 1217 1332 1333
f 1221 1317 1224
f 1223 1226 1225
f 1223 1225 1334
f 1223 1334 1224
f 1223 1224 1335
f 1223 1335 1336
f 1223 1336 1338
f 1223 1338 1228
f 1223 1228 1227
f 1224 1337 1335
f 1224 1334 1225
f 1224 1317 1337
f 1228 1338 1339
f 1228 1339 1231
f 1228 1231 1230
f 1231 1339 1232
f 1232 1340 1354
f 1232 1354 1341
f 1232 1341 1244
f 1232 1339 1342
f 1232 1342 1340
f 1234 1240 1353
f 1234 1353 1343
f 1235 1343 1462
f 1235 1462 1344
f 1237 1243 1345
f 1238 1345 1239
f 1239 1345 1346
f 1239 1346 1347
f 1239 1347 1348
f 1239 1348 1349
f 1239 1349 1350
f 1239 1350 1351
f 1239 1351 1352
f 1239 1352 1240
f 1240 1352 1353
f 1241 1341 1354
f 1241 1354 1242
f 1242 1354 1356
f 1242 1356 1243
f 1243 1355 1345
f 1243 1356 1357
f 1243 1357 1355
f 1245 1255 1358
f 1245 1358 1249
f 1246 1249 1358
f 1246 1358 1247
f 1247 1359 1365
f 1247 1365 1262
f 1247 1262 1261
f 1247 1261 1260
f 1247 1260 1248
f 1247 1358 1359
f 1251 1259 1258
f 1251 1258 1360
f 1251 1360 1361
f 1251 1361 1362
f 1251 1362 1253
f 1252 1253 1362
f 1252 1362 1364
f 1252 1364 1363
f 1254 1363 1358
f 1254 1358 1255
f 1256 1284 1257
f 1257 1284 1360
f 1263 1365 1366
f 1263 1366 1367
f 1263 1367 1368
f 1263 1368 1264
f 1263 1264 1267
f 1264 1266 1265
f 1264 1368 1367
f 1264 1367 1266
f 1266 1369 1372
f 1266 1372 1268
f 1266 1367 1370
f 1266 1370 1371
f 1266 1371 1369
f 1269 1372 1369
f 1269 1369 1374
f 1269 1374 1375
f 1269 1375 1373
f 1270 1373 1376
f 1270 1376 1377
f 1270 1377 1378
f 1271 1378 1379
f 1271 1379 1380
f 1271 1380 1381
f 1272 1381 1382
f 1272 1382 1273
f 1273 1382 1274
f 1274 1382 1275
f 1275 1382 1383
f 1276 1384 1385
f 1276 1385 1277
f 1276 1278 1384
f 1277 1385 1279
f 1278 1383 1503
f 1278 1503 1386
f 1278 1386 1504
f 1278 1504 1384
f 1279 1385 1387
f 1279 1387 1280
f 1280 1387 1388
f 1280 1388 1281
f 1281 1389 1282
f 1281 1388 1389
f 1282 1389 1391
f 1282 1391 1390
f 1283 1290 1397
f 1283 1397 1392
f 1283 1392 1393
f 1284 1393 1485
f 1284 1485 1360
f 1289 1305 1304
f 1289 1304 1394
f 1289 1394 1395
f 1289 1395 1290
f 1290 1395 1396
f 1290 1396 1397
f 1291 1398 1528
f 1291 1528 1399
f 1291 1399 1400
f 1291 1400 1401
f 1291 1401 1292
f 1292 1401 1293
f 1293 1401 1402
f 1293 1402 1403
f 1293 1403 1294
f 1294 1403 1404
f 1294 1404 1295
f 1295 1404 1296
f 1296 1404 1405
f 1296 1405 1406
f 1296 1406 1297
f 1297 1406 1407
f 1297 1407 1298
f 1298 1407 1408
f 1298 1408 1409
f 1298 1409 1299
f 1299 1409 1300
f 1300 1409 1410
f 1300 1410 1301
f 1301 1410 1302
f 1302 1410 1303
f 1303 1410 1394
f 1303 1394 1304
f 1306 1311 1411
f 1306 1411 1412
f 1306 1412 1307
f 1307 1412 1413
f 1307 1413 1308
f 1308 1413 1309
f 1309 1413 1414
f 1309 1414 1314
f 1310 1390 1513
f 1310 1513 1415
f 1310 1415 1416
f 1310 1416 1311
f 1311 1416 1417
f 1311 1417 1411
f 1312 1418 1419
f 1312 1419 1313
f 1313 1419 1319
f 1314 1414 1413
f 1314 1413 1420
f 1315 1421 1556
f 1315 1556 1422
f 1315 1422 1423
f 1315 1423 1418
f 1315 1420 1421
f 1316 1424 1425
f 1316 1425 1426
f 1316 1426 1317
f 1316 1333 1427
f 1316 1427 1428
f 1316 1428 1424
f 1317 1429 1430
f 1317 1430 1431
f 1317 1431 1432
f 1317 1432 1337
f 1317 1426 1429
f 1318 1433 1322
f 1318 1321 1433
f 1319 1419 1320
f 1320 1419 1321
f 1321 1434 1433
f 1321 1419 1434
f 1322 1435 1436
f 1322 1436 1323
f 1322 1433 1564
f 1322 1564 1435
f 1323 1436 1325
f 1323 1325 1324
f 1325 1437 1438
f 1325 1438 1439
f 1325 1439 1440
f 1325 1440 1441
f 1325 1441 1326
f 1325 1436 1442
f 1325 1442 1437
f 1326 1441 1443
f 1326 1443 1327
f 1327 1443 1444
f 1329 1444 1447
f 1329 1447 1330
f 1330 1445 1446
f 1330 1446 1332
f 1330 1447 1448
f 1330 1448 1445
f 1332 1446 1424
f 1332 1424 1428
f 1332 1428 1427
f 1332 1427 1333
f 1335 1449 1450
f 1335 1450 1451
f 1335 1451 1336
f 1335 1337 1449
f 1336 1451 1452
f 1336 1452 1585
f 1336 1585 1453
f 1336 1453 1338
f 1337 1432 1563
f 1337 1563 1454
f 1337 1454 1449
f 1338 1455 1456
f 1338 1456 1339
f 1338 1453 1457
f 1338 1457 1455
f 1339 1456 1455
f 1339 1455 1342
f 1340 1458 1459
f 1340 1459 1588
f 1340 1588 1460
f 1340 1460 1356
f 1340 1356 1354
f 1340 1342 1458
f 1342 1455 1461
f 1342 1461 1458
f 1343 1353 1472
f 1343 1472 1462
f 1345 1463 1464
f 1345 1464 1347
f 1345 1347 1346
f 1345 1355 1463
f 1347 1464 1348
f 1348 1464 1465
f 1348 1465 1466
f 1348 1466 1467
f 1348 1467 1468
f 1348 1468 1349
f 1349 1468 1350
f 1350 1468 1469
f 1350 1469 1470
f 1350 1470 1351
f 1351 1470 1471
f 1351 1471 1352
f 1352 1471 1472
f 1352 1472 1353
f 1355 1473 1474
f 1355 1474 1463
f 1355 1357 1476
f 1355 1476 1473
f 1356 1460 1475
f 1356 1475 1357
f 1357 1475 1601
f 1357 1601 1476
f 1358 1363 1477
f 1358 1477 1478
f 1358 1478 1479
f 1358 1479 1480
f 1358 1480 1359
f 1359 1480 1481
f 1359 1481 1482
f 1359 1482 1483
f 1359 1483 1484
f 1359 1484 1365
f 1360 1485 1361
f 1361 1364 1362
f 1361 1485 1477
f 1361 1477 1363
f 1361 1363 1364
f 1365 1484 1366
f 1366 1484 1483
f 1366 1483 1482
f 1366 1482 1486
f 1366 1486 1367
f 1367 1487 1491
f 1367 1491 1370
f 1367 1486 1488
f 1367 1488 1489
f 1367 1489 1487
f 1369 1490 1374
f 1369 1371 1491
f 1369 1491 1490
f 1370 1491 1371
f 1373 1375 1376
f 1374 1490 1492
f 1374 1492 1375
f 1375 1492 1493
f 1375 1493 1494
f 1375 1494 1495
f 1375 1495 1496
f 1375 1496 1497
f 1375 1497 1498
f 1375 1498 1376
f 1376 1498 1499
f 1376 1499 1377
f 1377 1499 1629
f 1377 1629 1500
f 1377 1500 1378
f 1378 1500 1379
f 1379 1500 1501
f 1379 1501 1502
f 1379 1502 1380
f 1380 1502 1381
f 1381 1502 1382
f 1382 1502 1383
f 1383 1502 1503
f 1384 1504 1505
f 1384 1505 1506
f 1384 1506 1385
f 1385 1506 1505
f 1385 1505 1387
f 1386 1503 1507
f 1386 1507 1508
f 1386 1508 1640
f 1386 1640 1509
f 1386 1509 1504
f 1387 1505 1388
f 1388 1505 1510
f 1388 1510 1389
f 1389 1510 1511
f 1389 1511 1391
f 1390 1391 1512
f 1390 1512 1513
f 1391 1511 1514
f 1391 1514 1512
f 1392 1397 1393
f 1393 1397 1515
f 1393 1515 1516
f 1393 1516 1517
f 1393 1517 1485
f 1394 1410 1519
f 1394 1519 1518
f 1394 1518 1395
f 1395 1518 1396
f 1396 1518 1519
f 1396 1519 1546
f 1396 1546 1520
f 1396 1520 1649
f 1396 1649 1521
f 1396 1521 1522
f 1396 1522 1397
f 1397 1522 1645
f 1397 1645 1516
f 1397 1516 1515
f 1398 1523 1524
f 1398 1524 1525
f 1398 1525 1526
f 1398 1526 1527
f 1398 1527 1528
f 1399 1528 1661
f 1399 1661 1529
f 1399 1529 1530
f 1399 1530 1531
f 1399 1531 1532
f 1399 1532 1400
f 1400 1532 1402
f 1400 1402 1401
f 1402 1532 1668
f 1402 1668 1533
f 1402 1533 1534
f 1402 1534 1535
f 1402 1535 1403
f 1403 1535 1405
f 1403 1405 1404
f 1405 1535 1534
f 1405 1534 1536
f 1405 1536 1406
f 1406 1536 1537
f 1406 1537 1407
f 1407 1537 1538
f 1407 1538 1539
f 1407 1539 1408
f 1408 1539 1540
f 1408 1540 1409
f 1409 1540 1541
f 1409 1541 1542
f 1409 1542 1410
f 1410 1542 1543
f 1410 1543 1544
f 1410 1544 1545
f 1410 1545 1546
f 1410 1546 1519
f 1411 1417 1413
f 1411 1413 1412
f 1413 1547 1548
f 1413 1548 1549
f 1413 1549 1550
f 1413 1550 1420
f 1413 1417 1416
f 1413 1416 1547
f 1415 1513 1644
f 1415 1644 1551
f 1415 1551 1547
f 1415 1547 1416
f 1418 1423 1419
f 1419 1552 1434
f 1419 1423 1552
f 1420 1550 1553
f 1420 1553 1421
f 1421 1553 1683
f 1421 1683 1554
f 1421 1554 1555
f 1421 1555 1556
f 1422 1556 1557
f 1422 1557 1423
f 1423 1558 1559
f 1423 1559 1552
f 1423 1557 1555
f 1423 1555 1558
f 1424 1446 1425
f 1425 1448 1560
f 1425 1560 1561
f 1425 1561 1430
f 1425 1430 1429
f 1425 1429 1426
f 1425 1446 1445
f 1425 1445 1448
f 1430 1561 1690
f 1430 1690 1797
f 1430 1797 1800
f 1430 1800 1694
f 1430 1694 1562
f 1430 1562 1431
f 1431 1562 1563
f 1431 1563 1432
f 1433 1434 1564
f 1434 1565 1566
f 1434 1566 1564
f 1434 1552 1559
f 1434 1559 1565
f 1435 1567 1436
f 1435 1564 1566
f 1435 1566 1567
f 1436 1567 1568
f 1436 1568 1437
f 1436 1437 1442
f 1437 1568 1700
f 1437 1700 1569
f 1437 1569 1570
f 1437 1570 1439
f 1437 1439 1438
f 1439 1570 1703
f 1439 1703 1571
f 1439 1571 1440
f 1440 1572 1706
f 1440 1706 1573
f 1440 1573 1707
f 1440 1707 1574
f 1440 1574 1575
f 1440 1575 1441
f 1440 1571 1572
f 1441 1575 1443
f 1443 1575 1576
f 1443 1576 1444
f 1444 1577 1447
f 1444 1576 1577
f 1447 1577 1578
f 1447 1578 1579
f 1447 1579 1448
f 1448 1579 1691
f 1448 1691 1560
f 1449 1454 1450
f 1450 1454 1580
f 1450 1580 1451
f 1451 1581 1582
f 1451 1582 1585
f 1451 1585 1583
f 1451 1583 1452
f 1451 1580 1584
f 1451 1584 1581
f 1452 1583 1585
f 1453 1585 1457
f 1454 1563 1584
f 1454 1584 1580
f 1455 1586 1461
f 1455 1457 1585
f 1455 1585 1587
f 1455 1587 1586
f 1458 1461 1459
f 1459 1461 1588
f 1460 1588 1592
f 1460 1592 1475
f 1461 1589 1590
f 1461 1590 1591
f 1461 1591 1592
f 1461 1592 1588
f 1461 1586 1593
f 1461 1593 1594
f 1461 1594 1589
f 1463 1474 1464
f 1464 1474 1595
f 1464 1595 1596
f 1464 1596 1465
f 1465 1596 1597
f 1465 1597 1466
f 1466 1597 1598
f 1473 1599 1595
f 1473 1595 1474
f 1473 1476 1600
f 1473 1600 1599
f 1475 1592 1591
f 1475 1591 1601
f 1476 1601 1725
f 1476 1725 1600
f 1477 1485 1602
f 1477 1602 1603
f 1477 1603 1604
f 1477 1604 1478
f 1478 1604 1605
f 1478 1605 1606
f 1478 1606 1730
f 1478 1730 1833
f 1478 1833 1733
f 1478 1733 1731
f 1478 1731 1607
f 1478 1607 1479
f 1479 1607 1481
f 1479 1481 1480
f 1481 1607 1608
f 1481 1608 1609
f 1481 1609 1489
f 1481 1489 1488
f 1481 1488 1486
f 1481 1486 1482
f 1485 1610 1646
f 1485 1646 1611
f 1485 1611 1612
f 1485 1612 1613
f 1485 1613 1604
f 1485 1604 1614
f 1485 1614 1603
f 1485 1603 1602
f 1485 1517 1610
f 1487 1489 1615
f 1487 1615 1616
f 1487 1616 1617
f 1487 1617 1491
f 1489 1609 1618
f 1489 1618 1615
f 1490 1619 1620
f 1490 1620 1492
f 1490 1491 1619
f 1491 1617 1619
f 1492 1620 1493
f 1493 1621 1735
f 1493 1735 1622
f 1493 1622 1736
f 1493 1736 1623
f 1493 1623 1624
f 1493 1624 1494
f 1493 1620 1621
f 1494 1624 1739
f 1494 1739 1625
f 1494 1625 1496
f 1494 1496 1495
f 1496 1626 1740
f 1496 1740 1627
f 1496 1627 1498
f 1496 1498 1497
f 1496 1625 1626
f 1498 1627 1628
f 1498 1628 1499
f 1499 1628 1630
f 1499 1630 1629
f 1500 1629 1501
f 1501 1629 1630
f 1501 1630 1631
f 1501 1631 1632
f 1501 1632 1633
f 1501 1633 1502
f 1502 1633 1507
f 1502 1507 1503
f 1504 1634 1505
f 1504 1509 1643
f 1504 1643 1634
f 1505 1634 1635
f 1505 1635 1636
f 1505 1636 1637
f 1505 1637 1512
f 1505 1512 1514
f 1505 1514 1511
f 1505 1511 1510
f 1507 1633 1632
f 1507 1632 1638
f 1507 1638 1641
f 1507 1641 1639
f 1507 1639 1508
f 1508 1639 1640
f 1509 1640 1641
f 1509 1641 1642
f 1509 1642 1753
f 1509 1753 1643
f 1512 1637 1513
f 1513 1637 1644
f 1516 1645 1646
f 1516 1646 1647
f 1516 1647 1517
f 1517 1647 1610
f 1520 1546 1545
f 1520 1545 1544
f 1520 1544 1648
f 1520 1648 1650
f 1520 1650 1649
f 1521 1649 1650
f 1521 1650 1651
f 1521 1651 1652
f 1521 1652 1646
f 1521 1646 1645
f 1521 1645 1522
f 1523 1653 1524
f 1524 1654 1655
f 1524 1655 1656
f 1524 1656 1525
f 1524 1653 1654
f 1525 1656 1526
f 1526 1656 1657
f 1526 1657 1527
f 1527 1657 1658
f 1527 1658 1659
f 1527 1659 1528
f 1528 1659 1660
f 1528 1660 1661
f 1529 1661 1771
f 1529 1771 1662
f 1529 1662 1663
f 1529 1663 1664
f 1529 1664 1530
f 1530 1664 1665
f 1530 1665 1666
f 1530 1666 1531
f 1531 1666 1667
f 1531 1667 1668
f 1531 1668 1532
f 1533 1668 1778
f 1533 1778 1669
f 1533 1669 1670
f 1533 1670 1671
f 1533 1671 1534
f 1534 1671 1672
f 1534 1672 1536
f 1536 1672 1673
f 1536 1673 1538
f 1536 1538 1537
f 1538 1673 1539
f 1539 1673 1674
f 1539 1674 1675
f 1539 1675 1541
f 1539 1541 1540
f 1541 1675 1677
f 1541 1677 1676
f 1541 1676 1542
f 1542 1676 1543
f 1543 1676 1677
f 1543 1677 1544
f 1544 1677 1678
f 1544 1678 1679
f 1544 1679 1680
f 1544 1680 1650
f 1544 1650 1648
f 1547 1551 1548
f 1548 1681 1682
f 1548 1682 1550
f 1548 1550 1549
f 1548 1551 1681
f 1550 1682 1553
f 1551 1644 1749
f 1551 1749 1681
f 1553 1682 1684
f 1553 1684 1790
f 1553 1790 1683
f 1554 1683 1685
f 1554 1685 1555
f 1555 1557 1556
f 1555 1685 1686
f 1555 1686 1687
f 1555 1687 1558
f 1558 1687 1688
f 1558 1688 1559
f 1559 1688 1565
f 1560 1689 1690
f 1560 1690 1561
f 1560 1691 1692
f 1560 1692 1693
f 1560 1693 1689
f 1562 1694 1695
f 1562 1695 1563
f 1563 1695 1696
f 1563 1696 1584
f 1565 1688 1697
f 1565 1697 1698
f 1565 1698 1566
f 1566 1698 1567
f 1567 1698 1699
f 1567 1699 1700
f 1567 1700 1568
f 1569 1701 1702
f 1569 1702 1703
f 1569 1703 1570
f 1569 1700 1704
f 1569 1704 1701
f 1571 1703 1572
f 1572 1705 1812
f 1572 1812 1706
f 1572 1703 1705
f 1573 1706 1813
f 1573 1813 1708
f 1573 1708 1798
f 1573 1798 1707
f 1574 1707 1578
f 1574 1578 1577
f 1574 1577 1576
f 1574 1576 1575
f 1578 1707 1693
f 1578 1693 1691
f 1578 1691 1579
f 1581 1709 1710
f 1581 1710 1711
f 1581 1711 1585
f 1581 1585 1582
f 1581 1584 1696
f 1581 1696 1709
f 1585 1711 1710
f 1585 1710 1593
f 1585 1593 1587
f 1586 1587 1593
f 1589 1594 1715
f 1589 1715 1590
f 1590 1712 1713
f 1590 1713 1714
f 1590 1714 1591
f 1590 1715 1716
f 1590 1716 1712
f 1591 1714 1725
f 1591 1725 1601
f 1593 1710 1717
f 1593 1717 1594
f 1594 1717 1715
f 1595 1718 1596
f 1595 1599 1718
f 1596 1718 1719
f 1596 1719 1720
f 1596 1720 1597
f 1597 1720 1721
f 1597 1721 1654
f 1597 1654 1722
f 1597 1722 1598
f 1599 1723 1718
f 1599 1600 1724
f 1599 1724 1723
f 1600 1725 1726
f 1600 1726 1724
f 1603 1614 1604
f 1604 1613 1612
f 1604 1612 1727
f 1604 1727 1728
f 1604 1728 1605
f 1605 1728 1729
f 1605 1729 1606
f 1606 1729 1730
f 1607 1731 1608
f 1608 1732 1609
f 1608 1731 1733
f 1608 1733 1732
f 1609 1732 1618
f 1610 1647 1646
f 1611 1646 1612
f 1612 1646 1734
f 1612 1734 1727
f 1615 1618 1616
f 1616 1735 1621
f 1616 1621 1617
f 1616 1618 1732
f 1616 1732 1735
f 1617 1621 1620
f 1617 1620 1619
f 1622 1735 1834
f 1622 1834 1737
f 1622 1737 1837
f 1622 1837 1736
f 1623 1736 1836
f 1623 1836 1738
f 1623 1738 1739
f 1623 1739 1624
f 1625 1739 1626
f 1626 1739 1741
f 1626 1741 1742
f 1626 1742 1743
f 1626 1743 1740
f 1627 1740 1744
f 1627 1744 1628
f 1628 1744 1745
f 1628 1745 1630
f 1630 1745 1631
f 1631 1746 1747
f 1631 1747 1632
f 1631 1745 1746
f 1632 1747 1638
f 1634 1643 1748
f 1634 1748 1636
f 1634 1636 1635
f 1636 1748 1749
f 1636 1749 1644
f 1636 1644 1637
f 1638 1747 1750
f 1638 1750 1641
f 1639 1641 1640
f 1641 1750 1751
f 1641 1751 1752
f 1641 1752 1642
f 1642 1752 1753
f 1643 1753 1854
f 1643 1854 1754
f 1643 1754 1748
f 1646 1652 1651
f 1646 1651 1755
f 1646 1755 1756
f 1646 1756 1734
f 1650 1680 1757
f 1650 1757 1651
f 1651 1757 1755
f 1653 1758 1654
f 1654 1721 1759
f 1654 1759 1655
f 1654 1758 1722
f 1655 1759 1760
f 1655 1760 1656
f 1656 1760 1761
f 1656 1761 1657
f 1657 1761 1762
f 1657 1762 1763
f 1657 1763 1764
f 1657 1764 1765
f 1657 1765 1658
f 1658 1765 1659
f 1659 1765 1766
f 1659 1766 1767
f 1659 1767 1660
f 1660 1767 1768
f 1660 1768 1769
f 1660 1769 1770
f 1660 1770 1661
f 1661 1770 1771
f 1662 1771 1873
f 1662 1873 1772
f 1662 1772 1663
f 1663 1772 1773
f 1663 1773 1774
f 1663 1774 1664
f 1664 1774 1775
f 1664 1775 1665
f 1665 1775 1776
f 1665 1776 1666
f 1666 1776 1777
f 1666 1777 1667
f 1667 1777 1778
f 1667 1778 1668
f 1669 1778 1779
f 1669 1779 1780
f 1669 1780 1670
f 1670 1780 1781
f 1670 1781 1672
f 1670 1672 1671
f 1672 1781 1782
f 1672 1782 1673
f 1673 1783 1674
f 1673 1782 1781
f 1673 1781 1784
f 1673 1784 1783
f 1674 1783 1675
f 1675 1783 1785
f 1675 1785 1887
f 1675 1887 1786
f 1675 1786 1678
f 1675 1678 1677
f 1678 1786 1787
f 1678 1787 1679
f 1679 1787 1788
f 1679 1788 1680
f 1680 1788 1789
f 1680 1789 1757
f 1681 1749 1754
f 1681 1754 1684
f 1681 1684 1682
f 1683 1790 1791
f 1683 1791 1685
f 1684 1754 1854
f 1684 1854 1790
f 1685 1791 1792
f 1685 1792 1793
f 1685 1793 1686
f 1686 1793 1794
f 1686 1794 1795
f 1686 1795 1687
f 1687 1795 1796
f 1687 1796 1688
f 1688 1796 1697
f 1689 1693 1797
f 1689 1797 1690
f 1691 1693 1692
f 1693 1798 1797
f 1693 1707 1798
f 1694 1799 1696
f 1694 1696 1695
f 1694 1800 1799
f 1696 1801 1709
f 1696 1799 1802
f 1696 1802 1801
f 1697 1796 1803
f 1697 1803 1804
f 1697 1804 1698
f 1698 1804 1699
f 1699 1804 1700
f 1700 1804 1704
f 1701 1805 1806
f 1701 1806 1807
f 1701 1807 1808
f 1701 1808 1809
f 1701 1809 1702
f 1701 1704 1805
f 1702 1809 1705
f 1702 1705 1703
f 1704 1804 1810
f 1704 1810 1811
f 1704 1811 1805
f 1705 1809 1812
f 1706 1812 1911
f 1706 1911 1813
f 1708 1814 1798
f 1708 1813 1913
f 1708 1913 1815
f 1708 1815 1899
f 1708 1899 1814
f 1709 1816 1710
f 1709 1801 1816
f 1710 1816 1801
f 1710 1801 1817
f 1710 1817 1717
f 1712 1818 1820
f 1712 1820 1713
f 1712 1716 1819
f 1712 1819 1818
f 1713 1820 1830
f 1713 1830 1821
f 1713 1821 1714
f 1714 1821 1822
f 1714 1822 1725
f 1715 1717 1823
f 1715 1823 1824
f 1715 1824 1716
f 1716 1824 1917
f 1716 1917 1819
f 1717 1817 1915
f 1717 1915 1823
f 1718 1723 1719
f 1719 1825 1720
f 1719 1723 1826
f 1719 1826 1825
f 1720 1825 1721
f 1721 1825 1759
f 1723 1724 1827
f 1723 1827 1826
f 1724 1726 1829
f 1724 1829 1827
f 1725 1822 1726
f 1726 1828 1829
f 1726 1822 1830
f 1726 1830 1828
f 1727 1734 1728
f 1728 1734 1729
f 1729 1734 1756
f 1729 1756 1831
f 1729 1831 1832
f 1729 1832 1833
f 1729 1833 1730
f 1732 1733 1834
f 1732 1834 1735
f 1733 1833 1928
f 1733 1928 1835
f 1733 1835 1834
f 1736 1837 1929
f 1736 1929 1836
f 1737 1834 1835
f 1737 1835 1928
f 1737 1928 1838
f 1737 1838 1930
f 1737 1930 1837
f 1738 1836 1839
f 1738 1839 1741
f 1738 1741 1739
f 1740 1743 1840
f 1740 1840 1744
f 1741 1839 1742
f 1742 1839 1841
f 1742 1841 1842
f 1742 1842 1843
f 1742 1843 1844
f 1742 1844 1743
f 1743 1845 1846
f 1743 1846 1840
f 1743 1844 1845
f 1744 1840 1745
f 1745 1840 1746
f 1746 1840 1847
f 1746 1847 1848
f 1746 1848 1747
f 1747 1848 1750
f 1748 1754 1749
f 1750 1848 1849
f 1750 1849 1751
f 1751 1849 1850
f 1751 1850 1851
f 1751 1851 1752
f 1752 1851 1852
f 1752 1852 1853
f 1752 1853 1753
f 1753 1853 1854
f 1755 1757 1855
f 1755 1855 1831
f 1755 1831 1756
f 1757 1789 1856
f 1757 1856 1857
f 1757 1857 1831
f 1757 1831 1855
f 1759 1825 1858
f 1759 1858 1859
f 1759 1859 1760
f 1760 1859 1860
f 1760 1860 1761
f 1761 1860 1861
f 1761 1861 1762
f 1762 1861 1763
f 1763 1862 1863
f 1763 1863 1864
f 1763 1864 1764
f 1763 1861 1862
f 1764 1864 1865
f 1764 1865 1866
f 1764 1866 1867
f 1764 1867 1765
f 1765 1867 1868
f 1765 1868 1766
f 1766 1868 1869
f 1766 1869 1767
f 1767 1869 1870
f 1767 1870 1768
f 1768 1870 1871
f 1768 1871 1769
f 1769 1871 1872
f 1769 1872 1770
f 1770 1872 1873
f 1770 1873 1771
f 1772 1873 1969
f 1772 1969 1874
f 1772 1874 1875
f 1772 1875 1876
f 1772 1876 1773
f 1773 1876 1877
f 1773 1877 1774
f 1774 1877 1878
f 1774 1878 1879
f 1774 1879 1775
f 1775 1879 1776
f 1776 1879 1880
f 1776 1880 1881
f 1776 1881 1777
f 1777 1881 1778
f 1778 1881 1882
f 1778 1882 1779
f 1779 1882 1883
f 1779 1883 1884
f 1779 1884 1780
f 1780 1884 1885
f 1780 1885 1781
f 1781 1885 1886
f 1781 1886 1784
f 1783 1784 1785
f 1784 1886 1887
f 1784 1887 1785
f 1786 1887 1787
f 1787 1887 1888
f 1787 1888 1889
f 1787 1889 1788
f 1788 1889 1789
f 1789 1889 1856
f 1790 1854 1950
f 1790 1950 1890
f 1790 1890 1891
f 1790 1891 1791
f 1791 1891 1892
f 1791 1892 1792
f 1792 1892 1993
f 1792 1993 1893
f 1792 1893 1793
f 1793 1893 1894
f 1793 1894 1895
f 1793 1895 1896
f 1793 1896 1897
f 1793 1897 1794
f 1794 1897 1898
f 1794 1898 1795
f 1795 1898 1796
f 1796 1898 1803
f 1797 1798 1814
f 1797 1814 1899
f 1797 1899 1800
f 1799 1800 1802
f 1800 1899 1900
f 1800 1900 1802
f 1801 1802 1901
f 1801 1901 1817
f 1802 1900 1901
f 1803 1898 1902
f 1803 1902 1810
f 1803 1810 1804
f 1805 1903 1904
f 1805 1904 1806
f 1805 1811 1903
f 1806 1904 1905
f 1806 1905 1807
f 1807 1905 1906
f 1807 1906 1907
f 1807 1907 1908
f 1807 1908 1808
f 1808 1908 1909
f 1808 1909 1910
f 1808 1910 1809
f 1809 1910 1911
f 1809 1911 1812
f 1810 1902 1912
f 1810 1912 1903
f 1810 1903 1811
f 1813 1911 2009
f 1813 2009 1913
f 1815 1913 2010
f 1815 2010 1914
f 1815 1914 1901
f 1815 1901 1900
f 1815 1900 1899
f 1817 1901 1915
f 1818 1819 1916
f 1818 1916 1920
f 1818 1920 1820
f 1819 1917 2016
f 1819 2016 1918
f 1819 1918 1916
f 1820 1919 1926
f 1820 1926 1830
f 1820 1920 1921
f 1820 1921 1919
f 1821 1830 1822
f 1823 1915 1914
f 1823 1914 1922
f 1823 1922 1824
f 1824 1922 1923
f 1824 1923 1917
f 1825 1826 1858
f 1826 1827 1924
f 1826 1924 1858
f 1827 1829 1925
f 1827 1925 1924
f 1828 1830 1926
f 1828 1926 1829
f 1829 1926 1925
f 1831 1857 1832
f 1832 1857 1927
f 1832 1927 1833
f 1833 1927 1928
f 1836 1929 1839
f 1837 1930 1990
f 1837 1990 1929
f 1838 1927 1931
f 1838 1931 1856
f 1838 1856 1930
f 1838 1928 1927
f 1839 1929 1932
f 1839 1932 1841
f 1840 1846 1847
f 1841 1932 1933
f 1841 1933 1934
f 1841 1934 1842
f 1842 1935 1936
f 1842 1936 1938
f 1842 1938 1843
f 1842 1934 1937
f 1842 1937 1935
f 1843 1938 1844
f 1844 1938 1939
f 1844 1939 1845
f 1845 1939 1941
f 1845 1941 1846
f 1846 1940 1847
f 1846 1941 1940
f 1847 1940 1942
f 1847 1942 1848
f 1848 1942 1849
f 1849 1942 1943
f 1849 1943 1850
f 1850 1943 1944
f 1850 1944 1851
f 1851 1944 1945
f 1851 1945 1946
f 1851 1946 1947
f 1851 1947 1852
f 1852 1948 1949
f 1852 1949 1853
f 1852 1947 2035
f 1852 2035 1948
f 1853 1949 1854
f 1854 1949 1950
f 1856 1889 1951
f 1856 1951 1930
f 1856 1931 1857
f 1857 1931 1927
f 1858 1924 1952
f 1858 1952 1859
f 1859 1952 1860
f 1860 1952 1861
f 1861 1952 1953
f 1861 1953 1862
f 1862 1953 1954
f 1862 1954 1955
f 1862 1955 1956
f 1862 1956 1863
f 1863 1956 1957
f 1863 1957 1864
f 1864 1957 1865
f 1865 1957 1958
f 1865 1958 1959
f 1865 1959 1960
f 1865 1960 1866
f 1866 1960 1867
f 1867 1961 1868
f 1867 1960 1962
f 1867 1962 1961
f 1868 1961 1869
f 1869 1961 1963
f 1869 1963 1964
f 1869 1964 1870
f 1870 1964 1871
f 1871 1964 1965
f 1871 1965 1966
f 1871 1966 1967
f 1871 1967 1872
f 1872 1967 1873
f 1873 1967 1968
f 1873 1968 1969
f 1874 1969 1968
f 1874 1968 1875
f 1875 1970 1876
f 1875 1968 2054
f 1875 2054 1971
f 1875 1971 1972
f 1875 1972 1970
f 1876 1970 1878
f 1876 1878 1877
f 1878 1970 1972
f 1878 1972 1973
f 1878 1973 1974
f 1878 1974 1975
f 1878 1975 1976
f 1878 1976 1879
f 1879 1976 1977
f 1879 1977 1880
f 1880 1977 1978
f 1880 1978 1881
f 1881 1978 1882
f 1882 1979 1883
f 1882 1978 1980
f 1882 1980 1981
f 1882 1981 1982
f 1882 1982 1983
f 1882 1983 1979
f 1883 1979 1984
f 1883 1984 1884
f 1884 1984 1885
f 1885 1984 1985
f 1885 1985 1986
f 1885 1986 1886
f 1886 1986 1887
f 1887 1986 1987
f 1887 1987 1988
f 1887 1988 1888
f 1888 1988 1989
f 1888 1989 1990
f 1888 1990 1889
f 1889 1990 1951
f 1890 1991 1891
f 1890 1950 2037
f 1890 2037 1991
f 1891 1991 1992
f 1891 1992 1993
f 1891 1993 1892
f 1893 1993 1894
f 1894 1994 2078
f 1894 2078 1995
f 1894 1995 1996
f 1894 1996 1895
f 1894 1993 1994
f 1895 1996 1997
f 1895 1997 1896
f 1896 1997 1998
f 1896 1998 1897
f 1897 1998 1902
f 1897 1902 1898
f 1901 1914 1915
f 1902 1998 1999
f 1902 1999 1912
f 1903 1912 1999
f 1903 1999 2000
f 1903 2000 2001
f 1903 2001 1904
f 1904 2001 2002
f 1904 2002 1905
f 1905 2002 1906
f 1906 2002 2003
f 1906 2003 2004
f 1906 2004 1907
f 1907 2004 2005
f 1907 2005 1908
f 1908 2005 2092
f 1908 2092 2006
f 1908 2006 2007
f 1908 2007 1909
f 1909 2007 2008
f 1909 2008 1910
f 1910 2008 2009
f 1910 2009 1911
f 1913 2009 2010
f 1914 2010 2011
f 1914 2011 1923
f 1914 1923 1922
f 1916 1918 2012
f 1916 2012 2013
f 1916 2013 2014
f 1916 2014 2015
f 1916 2015 1920
f 1917 1923 2016
f 1918 2016 2017
f 1918 2017 2012
f 1919 1956 1926
f 1919 1921 2018
f 1919 2018 1956
f 1920 2015 1921
f 1921 2015 2018
f 1923 2011 2019
f 1923 2019 2016
f 1924 1925 1953
f 1924 1953 1952
f 1925 1926 1955
f 1925 1955 1954
f 1925 1954 1953
f 1926 1956 1955
f 1929 1990 2020
f 1929 2020 1932
f 1930 1951 1990
f 1932 2020 2021
f 1932 2021 1933
f 1933 2021 2022
f 1933 2022 1934
f 1934 2022 2103
f 1934 2103 2023
f 1934 2023 1937
f 1935 2024 2025
f 1935 2025 1936
f 1935 1937 2026
f 1935 2026 2024
f 1936 2025 1938
f 1937 2023 2026
f 1938 2027 1939
f 1938 2025 2027
f 1939 2028 2029
f 1939 2029 1941
f 1939 2027 2028
f 1940 2029 2030
f 1940 2030 1943
f 1940 1943 1942
f 1940 1941 2029
f 1943 2030 2031
f 1943 2031 1944
f 1944 2031 2032
f 1944 2032 1945
f 1945 2032 2033
f 1945 2033 1946
f 1946 2033 2117
f 1946 2117 2034
f 1946 2034 2035
f 1946 2035 1947
f 1948 2035 1949
f 1949 2035 2036
f 1949 2036 2037
f 1949 2037 1950
f 1956 1958 1957
f 1956 2018 1958
f 1958 2038 1959
f 1958 2018 2015
f 1958 2015 2014
f 1958 2014 2038
f 1959 2038 2039
f 1959 2039 2040
f 1959 2040 1960
f 1960 2040 1962
f 1961 1962 2041
f 1961 2041 2047
f 1961 2047 1963
f 1962 2042 2043
f 1962 2043 2041
f 1962 2040 2044
f 1962 2044 2045
f 1962 2045 2046
f 1962 2046 2042
f 1963 2047 2048
f 1963 2048 1964
f 1964 2048 1965
f 1965 2048 2049
f 1965 2049 2050
f 1965 2050 2051
f 1965 2051 2053
f 1965 2053 2052
f 1965 2052 1967
f 1965 1967 1966
f 1967 2052 1968
f 1968 2052 2053
f 1968 2053 2054
f 1971 2054 2134
f 1971 2134 2055
f 1971 2055 2056
f 1971 2056 1972
f 1972 2056 2057
f 1972 2057 1974
f 1972 1974 1973
f 1974 2058 1975
f 1974 2057 2056
f 1974 2056 2059
f 1974 2059 2060
f 1974 2060 2061
f 1974 2061 2062
f 1974 2062 2058
f 1975 2063 1977
f 1975 1977 1976
f 1975 2058 2064
f 1975 2064 2063
f 1977 2063 1980
f 1977 1980 1978
f 1979 1983 1984
f 1980 2063 2064
f 1980 2064 1981
f 1981 2064 2065
f 1981 2065 1982
f 1982 2065 2066
f 1982 2066 2067
f 1982 2067 2068
f 1982 2068 2069
f 1982 2069 2070
f 1982 2070 1983
f 1983 2070 2071
f 1983 2071 1984
f 1984 2071 2072
f 1984 2072 1985
f 1985 2072 1986
f 1986 2072 1987
f 1987 2072 1988
f 1988 2072 2073
f 1988 2073 2074
f 1988 2074 2075
f 1988 2075 1989
f 1989 2021 2020
f 1989 2020 1990
f 1989 2075 2076
f 1989 2076 2021
f 1991 2037 2118
f 1991 2118 2077
f 1991 2077 1994
f 1991 1994 1992
f 1992 1994 1993
f 1994 2077 2150
f 1994 2150 2078
f 1995 2078 2152
f 1995 2152 2079
f 1995 2079 2080
f 1995 2080 1996
f 1996 2080 2081
f 1996 2081 1997
f 1997 2081 1998
f 1998 2081 1999
f 1999 2081 2082
f 1999 2082 2083
f 1999 2083 2000
f 2000 2083 2084
f 2000 2084 2001
f 2001 2084 2085
f 2001 2085 2086
f 2001 2086 2002
f 2002 2086 2087
f 2002 2087 2088
f 2002 2088 2003
f 2003 2088 2004
f 2004 2088 2089
f 2004 2089 2090
f 2004 2090 2091
f 2004 2091 2005
f 2005 2091 2092
f 2006 2092 2093
f 2006 2093 2094
f 2006 2094 2095
f 2006 2095 2007
f 2007 2096 2008
f 2007 2095 2096
f 2008 2096 2009
f 2009 2096 2097
f 2009 2097 2010
f 2010 2019 2011
f 2010 2097 2019
f 2012 2098 2013
f 2012 2017 2098
f 2013 2098 2099
f 2013 2099 2038
f 2013 2038 2014
f 2016 2019 2017
f 2017 2100 2101
f 2017 2101 2098
f 2017 2019 2096
f 2017 2096 2100
f 2019 2097 2096
f 2021 2076 2022
f 2022 2076 2102
f 2022 2102 2068
f 2022 2068 2103
f 2023 2104 2026
f 2023 2103 2104
f 2024 2026 2105
f 2024 2105 2106
f 2024 2106 2025
f 2025 2106 2107
f 2025 2107 2110
f 2025 2110 2027
f 2026 2104 2108
f 2026 2108 2109
f 2026 2109 2105
f 2027 2110 2111
f 2027 2111 2028
f 2028 2111 2112
f 2028 2112 2113
f 2028 2113 2029
f 2029 2113 2114
f 2029 2114 2030
f 2030 2114 2031
f 2031 2114 2032
f 2032 2114 2115
f 2032 2115 2116
f 2032 2116 2033
f 2033 2116 2186
f 2033 2186 2117
f 2034 2117 2188
f 2034 2188 2118
f 2034 2118 2037
f 2034 2037 2036
f 2034 2036 2035
f 2038 2099 2119
f 2038 2119 2039
f 2039 2119 2040
f 2040 2119 2044
f 2041 2043 2122
f 2041 2122 2047
f 2042 2120 2122
f 2042 2122 2043
f 2042 2046 2121
f 2042 2121 2120
f 2044 2119 2045
f 2045 2119 2170
f 2045 2170 2123
f 2045 2123 2046
f 2046 2123 2124
f 2046 2124 2093
f 2046 2093 2125
f 2046 2125 2126
f 2046 2126 2121
f 2047 2122 2049
f 2047 2049 2048
f 2049 2122 2120
f 2049 2120 2127
f 2049 2127 2050
f 2050 2128 2133
f 2050 2133 2129
f 2050 2129 2053
f 2050 2053 2051
f 2050 2127 2130
f 2050 2130 2131
f 2050 2131 2132
f 2050 2132 2128
f 2053 2129 2133
f 2053 2133 2134
f 2053 2134 2054
f 2055 2134 2200
f 2055 2200 2135
f 2055 2135 2202
f 2055 2202 2136
f 2055 2136 2056
f 2056 2136 2202
f 2056 2202 2137
f 2056 2137 2061
f 2056 2061 2060
f 2056 2060 2059
f 2058 2062 2064
f 2061 2137 2138
f 2061 2138 2139
f 2061 2139 2140
f 2061 2140 2062
f 2062 2140 2141
f 2062 2141 2207
f 2062 2207 2142
f 2062 2142 2145
f 2062 2145 2143
f 2062 2143 2065
f 2062 2065 2144
f 2062 2144 2064
f 2064 2144 2065
f 2065 2143 2066
f 2066 2143 2145
f 2066 2145 2146
f 2066 2146 2147
f 2066 2147 2067
f 2067 2147 2104
f 2067 2104 2103
f 2067 2103 2068
f 2068 2102 2148
f 2068 2148 2069
f 2069 2148 2149
f 2069 2149 2070
f 2070 2149 2071
f 2071 2149 2073
f 2071 2073 2072
f 2073 2149 2074
f 2074 2148 2075
f 2074 2149 2148
f 2075 2148 2102
f 2075 2102 2076
f 2077 2118 2188
f 2077 2188 2150
f 2078 2150 2151
f 2078 2151 2152
f 2079 2152 2214
f 2079 2214 2153
f 2079 2153 2154
f 2079 2154 2155
f 2079 2155 2156
f 2079 2156 2080
f 2080 2156 2157
f 2080 2157 2158
f 2080 2158 2081
f 2081 2158 2157
f 2081 2157 2082
f 2082 2157 2083
f 2083 2157 2084
f 2084 2159 2160
f 2084 2160 2161
f 2084 2161 2085
f 2084 2157 2156
f 2084 2156 2159
f 2085 2161 2086
f 2086 2161 2162
f 2086 2162 2087
f 2087 2162 2088
f 2088 2163 2164
f 2088 2164 2089
f 2088 2162 2163
f 2089 2164 2165
f 2089 2165 2090
f 2090 2165 2166
f 2090 2166 2221
f 2090 2221 2167
f 2090 2167 2091
f 2091 2167 2125
f 2091 2125 2092
f 2092 2125 2093
f 2093 2168 2094
f 2093 2124 2168
f 2094 2168 2095
f 2095 2168 2169
f 2095 2169 2096
f 2096 2169 2100
f 2098 2101 2170
f 2098 2170 2119
f 2098 2119 2099
f 2100 2169 2168
f 2100 2168 2171
f 2100 2171 2170
f 2100 2170 2101
f 2104 2147 2108
f 2105 2109 2177
f 2105 2177 2172
f 2105 2172 2173
f 2105 2173 2106
f 2106 2173 2107
f 2107 2173 2174
f 2107 2174 2110
f 2108 2175 2176
f 2108 2176 2109
f 2108 2147 2211
f 2108 2211 2175
f 2109 2176 2177
f 2110 2174 2178
f 2110 2178 2111
f 2111 2178 2179
f 2111 2179 2180
f 2111 2180 2181
f 2111 2181 2112
f 2112 2181 2113
f 2113 2181 2182
f 2113 2182 2114
f 2114 2182 2115
f 2115 2182 2181
f 2115 2181 2180
f 2115 2180 2183
f 2115 2183 2116
f 2116 2183 2184
f 2116 2184 2185
f 2116 2185 2228
f 2116 2228 2186
f 2117 2186 2187
f 2117 2187 2188
f 2120 2121 2189
f 2120 2189 2130
f 2120 2130 2127
f 2121 2126 2190
f 2121 2190 2130
f 2121 2130 2189
f 2123 2170 2171
f 2123 2171 2168
f 2123 2168 2124
f 2125 2167 2126
f 2126 2167 2191
f 2126 2191 2192
f 2126 2192 2190
f 2128 2132 2133
f 2130 2190 2192
f 2130 2192 2193
f 2130 2193 2233
f 2130 2233 2194
f 2130 2194 2195
f 2130 2195 2131
f 2131 2195 2196
f 2131 2196 2197
f 2131 2197 2198
f 2131 2198 2133
f 2131 2133 2132
f 2133 2198 2241
f 2133 2241 2199
f 2133 2199 2134
f 2134 2199 2241
f 2134 2241 2200
f 2135 2200 2240
f 2135 2240 2201
f 2135 2201 2202
f 2137 2202 2138
f 2138 2202 2201
f 2138 2201 2203
f 2138 2203 2204
f 2138 2204 2139
f 2139 2204 2205
f 2139 2205 2206
f 2139 2206 2140
f 2140 2206 2207
f 2140 2207 2141
f 2142 2207 2208
f 2142 2208 2209
f 2142 2209 2145
f 2145 2209 2210
f 2145 2210 2211
f 2145 2211 2146
f 2146 2211 2147
f 2150 2188 2230
f 2150 2230 2212
f 2150 2212 2213
f 2150 2213 2151
f 2151 2213 2214
f 2151 2214 2152
f 2153 2214 2251
f 2153 2251 2215
f 2153 2215 2154
f 2154 2215 2155
f 2155 2215 2216
f 2155 2216 2156
f 2156 2216 2160
f 2156 2160 2159
f 2160 2216 2161
f 2161 2216 2217
f 2161 2217 2218
f 2161 2218 2163
f 2161 2163 2162
f 2163 2218 2219
f 2163 2219 2164
f 2164 2219 2220
f 2164 2220 2166
f 2164 2166 2165
f 2166 2220 2231
f 2166 2231 2221
f 2167 2221 2191
f 2172 2177 2226
f 2172 2226 2222
f 2172 2222 2223
f 2172 2223 2174
f 2172 2174 2173
f 2174 2223 2224
f 2174 2224 2178
f 2175 2211 2210
f 2175 2210 2225
f 2175 2225 2177
f 2175 2177 2176
f 2177 2225 2226
f 2178 2224 2180
f 2178 2180 2179
f 2180 2224 2183
f 2183 2224 2227
f 2183 2227 2184
f 2184 2227 2273
f 2184 2273 2228
f 2184 2228 2185
f 2186 2228 2187
f 2187 2228 2229
f 2187 2229 2188
f 2188 2229 2230
f 2191 2221 2231
f 2191 2231 2192
f 2192 2231 2232
f 2192 2232 2193
f 2193 2232 2234
f 2193 2234 2233
f 2194 2233 2235
f 2194 2235 2195
f 2195 2235 2236
f 2195 2236 2196
f 2196 2236 2237
f 2196 2237 2238
f 2196 2238 2239
f 2196 2239 2197
f 2197 2239 2240
f 2197 2240 2241
f 2197 2241 2198
f 2200 2241 2240
f 2201 2240 2282
f 2201 2282 2242
f 2201 2242 2203
f 2203 2242 2243
f 2203 2243 2205
f 2203 2205 2204
f 2205 2243 2244
f 2205 2244 2245
f 2205 2245 2206
f 2206 2245 2246
f 2206 2246 2207
f 2207 2246 2245
f 2207 2245 2208
f 2208 2245 2247
f 2208 2247 2248
f 2208 2248 2210
f 2208 2210 2209
f 2210 2248 2247
f 2210 2247 2284
f 2210 2284 2316
f 2210 2316 2305
f 2210 2305 2267
f 2210 2267 2225
f 2212 2230 2275
f 2212 2275 2249
f 2212 2249 2213
f 2213 2249 2214
f 2214 2249 2250
f 2214 2250 2251
f 2215 2251 2286
f 2215 2286 2252
f 2215 2252 2216
f 2216 2252 2217
f 2217 2252 2286
f 2217 2286 2253
f 2217 2253 2254
f 2217 2254 2255
f 2217 2255 2256
f 2217 2256 2218
f 2218 2256 2257
f 2218 2257 2258
f 2218 2258 2219
f 2219 2258 2296
f 2219 2296 2259
f 2219 2259 2220
f 2220 2259 2260
f 2220 2260 2297
f 2220 2297 2325
f 2220 2325 2311
f 2220 2311 2278
f 2220 2278 2276
f 2220 2276 2231
f 2222 2226 2269
f 2222 2269 2261
f 2222 2261 2262
f 2222 2262 2223
f 2223 2263 2264
f 2223 2264 2265
f 2223 2265 2270
f 2223 2270 2266
f 2223 2266 2224
f 2223 2262 2263
f 2224 2266 2227
f 2225 2267 2268
f 2225 2268 2226
f 2226 2268 2306
f 2226 2306 2269
f 2227 2266 2270
f 2227 2270 2271
f 2227 2271 2272
f 2227 2272 2273
f 2228 2273 2274
f 2228 2274 2275
f 2228 2275 2229
f 2229 2275 2230
f 2231 2276 2234
f 2231 2234 2232
f 2233 2277 2236
f 2233 2236 2235
f 2233 2234 2279
f 2233 2279 2277
f 2234 2278 2279
f 2234 2276 2278
f 2236 2277 2279
f 2236 2279 2237
f 2237 2239 2238
f 2237 2279 2280
f 2237 2280 2281
f 2237 2281 2239
f 2239 2281 2282
f 2239 2282 2240
f 2242 2282 2281
f 2242 2281 2243
f 2243 2281 2312
f 2243 2312 2283
f 2243 2283 2244
f 2244 2283 2284
f 2244 2284 2245
f 2245 2284 2247
f 2249 2275 2274
f 2249 2274 2250
f 2250 2274 2310
f 2250 2310 2285
f 2250 2285 2251
f 2251 2285 2287
f 2251 2287 2288
f 2251 2288 2289
f 2251 2289 2253
f 2251 2253 2286
f 2253 2289 2288
f 2253 2288 2290
f 2253 2290 2291
f 2253 2291 2292
f 2253 2292 2293
f 2253 2293 2254
f 2254 2293 2258
f 2254 2258 2294
f 2254 2294 2256
f 2254 2256 2255
f 2256 2294 2258
f 2256 2258 2257
f 2258 2293 2295
f 2258 2295 2296
f 2259 2296 2297
f 2259 2297 2260
f 2261 2269 2298
f 2261 2298 2262
f 2262 2298 2264
f 2262 2264 2263
f 2264 2298 2269
f 2264 2269 2299
f 2264 2299 2265
f 2265 2300 2301
f 2265 2301 2271
f 2265 2271 2270
f 2265 2299 2302
f 2265 2302 2303
f 2265 2303 2304
f 2265 2304 2300
f 2267 2305 2306
f 2267 2306 2268
f 2269 2306 2307
f 2269 2307 2299
f 2271 2301 2272
f 2272 2274 2273
f 2272 2301 2308
f 2272 2308 2309
f 2272 2309 2274
f 2274 2309 2310
f 2278 2311 2279
f 2279 2311 2280
f 2280 2311 2312
f 2280 2312 2281
f 2283 2312 2322
f 2283 2322 2313
f 2283 2313 2314
f 2283 2314 2315
f 2283 2315 2316
f 2283 2316 2284
f 2285 2310 2317
f 2285 2317 2287
f 2287 2317 2300
f 2287 2300 2304
f 2287 2304 2290
f 2287 2290 2288
f 2290 2304 2329
f 2290 2329 2330
f 2290 2330 2332
f 2290 2332 2318
f 2290 2318 2291
f 2291 2318 2319
f 2291 2319 2320
f 2291 2320 2293
f 2291 2293 2292
f 2293 2320 2321
f 2293 2321 2295
f 2295 2321 2322
f 2295 2322 2323
f 2295 2323 2324
f 2295 2324 2325
f 2295 2325 2297
f 2295 2297 2296
f 2299 2307 2326
f 2299 2326 2327
f 2299 2327 2303
f 2299 2303 2302
f 2300 2317 2308
f 2300 2308 2301
f 2303 2327 2328
f 2303 2328 2329
f 2303 2329 2304
f 2305 2316 2307
f 2305 2307 2306
f 2307 2315 2314
f 2307 2314 2313
f 2307 2313 2326
f 2307 2316 2315
f 2308 2317 2310
f 2308 2310 2309
f 2311 2325 2312
f 2312 2325 2324
f 2312 2324 2323
f 2312 2323 2322
f 2313 2322 2332
f 2313 2332 2330
f 2313 2330 2331
f 2313 2331 2326
f 2318 2332 2333
f 2318 2333 2319
f 2319 2333 2320
f 2320 2333 2321
f 2321 2333 2322
f 2322 2333 2332
f 2326 2331 2327
f 2327 2331 2328
f 2328 2331 2330
f 2328 2330 2329

