# https://github.com/mikedh/trimesh
v 0.15878913 0.09020501 -0.10491888
v 0.15767136 0.09501047 -0.10491888
v 0.15764031 0.09501047 -0.08511903
v 0.15875807 0.09020501 -0.08883655
v 0.15863387 0.09020501 -0.16488415
v 0.15748507 0.09501047 -0.18492645
v 0.15764031 0.09501047 -0.12488037
v 0.15509430 0.10500415 -0.10491888
v 0.15493906 0.10500415 -0.02507295
v 0.15751612 0.09501047 -0.03501328
v 0.15860283 0.09020501 -0.02911374
v 0.15857178 0.09020501 -0.18492645
v 0.15729877 0.09501047 -0.21498990
v 0.15472171 0.10500415 -0.22493023
v 0.15493906 0.10500415 -0.18492645
v 0.15202044 0.11501199 -0.08511903
v 0.15198940 0.11501199 -0.04511525
v 0.15198940 0.11501199 -0.16488415
v 0.15202044 0.11501199 -0.12488037
v 0.15748507 0.09501047 -0.02507295
v 0.15195835 0.11501199 -0.03501328
v 0.15164785 0.11501199 0.03497313
v 0.15456647 0.10500415 0.03497313
v 0.15729877 0.09501047 0.00490968
v 0.15844759 0.09020501 -0.00511147
v 0.15844759 0.09020501 -0.20488793
v 0.15819919 0.09020501 -0.23963869
v 0.15714353 0.09501047 -0.23487057
v 0.15450436 0.10500415 -0.25491285
v 0.15164785 0.11501199 -0.24489170
v 0.15177205 0.11501199 -0.22493023
v 0.15152366 0.11494820 -0.26493400
v 0.15192729 0.11501199 -0.18492645
v 0.15015751 0.12051914 -0.10491888
v 0.15015751 0.12050496 -0.09497855
v 0.15015751 0.12045535 -0.06507673
v 0.15015751 0.12037738 -0.02507295
v 0.15015751 0.12038447 -0.18492645
v 0.15015751 0.12046953 -0.14492266
v 0.15000226 0.12010805 0.03497313
v 0.14997122 0.11992377 0.05493461
v 0.14978492 0.11934258 0.10495955
v 0.15152366 0.11491985 0.05493461
v 0.15705039 0.09501047 0.03497313
v 0.15714353 0.09501047 0.02487116
v 0.15133737 0.11448750 0.09493840
v 0.15419388 0.10500415 0.07497691
v 0.15813710 0.09020501 0.03497313
v 0.15804395 0.09020501 -0.25491285
v 0.15686409 0.09501047 -0.26493400
v 0.15400758 0.10500415 -0.30493778
v 0.15124422 0.11415438 -0.32489926
v 0.15133737 0.11448750 -0.30493778
v 0.15143052 0.11472848 -0.28497630
v 0.14990911 0.11973240 -0.28497630
v 0.14994016 0.11984581 -0.27487433
v 0.14997122 0.11994503 -0.26493400
v 0.15009540 0.12025689 -0.21498990
v 0.14789093 0.12551597 -0.10491888
v 0.14789093 0.12550180 -0.09497855
v 0.14782883 0.12538131 -0.02507295
v 0.14776672 0.12515450 0.02487116
v 0.14770463 0.12501274 0.05493461
v 0.14776672 0.12515450 -0.23487057
v 0.14779778 0.12531044 -0.20488793
v 0.14782883 0.12538131 -0.18492645
v 0.14789093 0.12550180 -0.11494003
v 0.14739415 0.12501274 0.10495955
v 0.14702156 0.12501274 0.14496332
v 0.14680421 0.12501274 0.16492482
v 0.14953652 0.11852749 0.14496332
v 0.15124422 0.11414729 0.11489987
v 0.15400758 0.10500415 0.09493840
v 0.15695724 0.09501047 0.04491346
v 0.15655360 0.09501047 0.08491725
v 0.15767136 0.09020501 0.07497691
v 0.15732983 0.09020501 -0.31011000
v 0.15639836 0.09501047 -0.30493778
v 0.15323135 0.10500415 -0.35496271
v 0.15090267 0.11326841 -0.36490303
v 0.14941233 0.11796048 -0.37492418
v 0.14953652 0.11852749 -0.35496271
v 0.14959863 0.11874721 -0.34486073
v 0.14972281 0.11915830 -0.32489926
v 0.14978492 0.11932840 -0.31487811
v 0.14714575 0.12501274 -0.34486073
v 0.14733204 0.12501274 -0.32489926
v 0.14758044 0.12501274 -0.28497630
v 0.14764254 0.12501274 -0.27487433
v 0.14286099 0.13351800 -0.09497855
v 0.14282994 0.13350382 -0.03501328
v 0.14282994 0.13349673 -0.17490530
v 0.14286099 0.13351800 -0.11494003
v 0.14782883 0.12541674 -0.03501328
v 0.14276785 0.13342586 0.04491346
v 0.14264365 0.13337624 0.08491725
v 0.14258155 0.13334081 0.10495955
v 0.14248841 0.13326284 0.13486136
v 0.14239526 0.13316362 0.16492482
v 0.14255050 0.13328411 -0.33492041
v 0.14258155 0.13330537 -0.32489926
v 0.14276785 0.13342586 -0.25491285
v 0.14782883 0.12541674 -0.17490530
v 0.14220896 0.13304313 0.19490744
v 0.14199162 0.13283758 0.22489007
v 0.14633848 0.12501274 0.19490744
v 0.14941233 0.11798882 0.16492482
v 0.15090267 0.11331094 0.15490365
v 0.15084058 0.11299908 0.16492482
v 0.15326241 0.10500415 0.14496332
v 0.15624310 0.09501047 0.10495955
v 0.15726772 0.09020501 0.10495955
v 0.15624310 0.09501047 -0.31487811
v 0.15695724 0.09020501 -0.33015227
v 0.15549794 0.09501047 -0.35496271
v 0.15304506 0.10500415 -0.36490303
v 0.15068534 0.11258800 -0.38486451
v 0.14922604 0.11718792 -0.39496648
v 0.14590380 0.12501274 -0.42494911
v 0.14612113 0.12501274 -0.41492796
v 0.14630742 0.12501274 -0.40490681
v 0.14680421 0.12501274 -0.37492418
v 0.14205372 0.13289428 -0.42494911
v 0.14220896 0.13302186 -0.40490681
v 0.14239526 0.13316362 -0.37492418
v 0.13801734 0.13851483 -0.08511903
v 0.13801734 0.13850066 -0.04511525
v 0.13798630 0.13845813 0.01493083
v 0.13798630 0.13845813 -0.22493023
v 0.13801734 0.13850066 -0.16488415
v 0.13801734 0.13851483 -0.12488037
v 0.13780001 0.13835891 0.09493840
v 0.13795525 0.13843687 0.03497313
v 0.13776895 0.13833764 0.10495955
v 0.13758266 0.13821006 0.15490365
v 0.13761371 0.13823132 -0.35496271
v 0.13776895 0.13833764 -0.31487811
v 0.13780001 0.13835891 -0.30493778
v 0.14264365 0.13337624 -0.29491663
v 0.13795525 0.13843687 -0.24489170
v 0.13721007 0.13797617 0.20492859
v 0.13693063 0.13783441 0.22489007
v 0.14186743 0.13273835 0.23491122
v 0.14174323 0.13263203 0.24493237
v 0.14615218 0.12501274 0.20492859
v 0.14571750 0.12501274 0.22489007
v 0.14910184 0.11685479 0.19490744
v 0.15285876 0.10500415 0.16492482
v 0.15307611 0.10500415 0.15490365
v 0.15046799 0.11185087 0.19490744
v 0.15549794 0.09501047 0.14496332
v 0.15531164 0.09501047 0.15490365
v 0.15646045 0.09020501 0.14496332
v 0.15664674 0.09020501 -0.34486073
v 0.15642940 0.09020501 -0.35496271
v 0.15528059 0.09501047 -0.36490303
v 0.15254828 0.10500415 -0.38486451
v 0.15040590 0.11173747 -0.40490681
v 0.14897764 0.11616020 -0.41492796
v 0.14534491 0.12501274 -0.44491065
v 0.14152588 0.13241941 -0.46495295
v 0.14186743 0.13271709 -0.44491065
v 0.13714798 0.13796908 -0.41492796
v 0.13733427 0.13807540 -0.39496648
v 0.13742742 0.13811791 -0.38486451
v 0.13301846 0.14173974 -0.08511903
v 0.13301846 0.14173265 -0.06507673
v 0.13301846 0.14169721 -0.01505180
v 0.13298741 0.14166176 0.01493083
v 0.13298741 0.14166176 -0.22493023
v 0.13301846 0.14171138 -0.18492645
v 0.13301846 0.14173265 -0.14492266
v 0.13301846 0.14173974 -0.12488037
v 0.13280112 0.14153419 0.09493840
v 0.13295636 0.14164051 0.03497313
v 0.13727216 0.13803287 0.19490744
v 0.13277006 0.14149876 0.10495955
v 0.13258377 0.14133574 0.15490365
v 0.13261482 0.14137118 -0.35496271
v 0.13277006 0.14149876 -0.31487811
v 0.13286321 0.14159089 -0.27487433
v 0.13295636 0.14164051 -0.24489170
v 0.13218014 0.14108767 0.20492859
v 0.13208699 0.14100970 0.21494974
v 0.13227329 0.14115146 0.19490744
v 0.13193174 0.14093174 0.22489007
v 0.13677539 0.13774936 0.23491122
v 0.14161903 0.13249737 0.25495350
v 0.14900869 0.11633030 0.20492859
v 0.14146379 0.13232017 0.26489383
v 0.14515862 0.12501274 0.24493237
v 0.15506324 0.09501047 0.16492482
v 0.15034381 0.11133347 0.20492859
v 0.15205149 0.10500415 0.19490744
v 0.15624310 0.09020501 0.15490365
v 0.15621206 0.09020501 -0.36490303
v 0.15546688 0.09020501 -0.39011759
v 0.15438017 0.09501047 -0.39496648
v 0.15198940 0.10500415 -0.40490681
v 0.15028170 0.11116336 -0.41492796
v 0.14885345 0.11544434 -0.42494911
v 0.14500336 0.12501274 -0.45485097
v 0.14133959 0.13219260 -0.47489327
v 0.13649595 0.13758634 -0.45485097
v 0.13671330 0.13771392 -0.44491065
v 0.13686854 0.13781315 -0.43488950
v 0.13190070 0.14089631 -0.43488950
v 0.13227329 0.14113019 -0.40490681
v 0.13242853 0.14123651 -0.38486451
v 0.12494572 0.14494339 -0.10491888
v 0.12494572 0.14487250 -0.02507295
v 0.12494572 0.14490086 -0.04511525
v 0.12494572 0.14487959 -0.17490530
v 0.12494572 0.14491503 -0.14492266
v 0.12494572 0.14493629 -0.11494003
v 0.12494572 0.14479454 0.00490968
v 0.12494572 0.14467405 0.04491346
v 0.13270797 0.14147750 0.11489987
v 0.12494572 0.14458191 0.06487495
v 0.12494572 0.14453229 0.07497691
v 0.12494572 0.14443307 0.09493840
v 0.12494572 0.14437637 0.10495955
v 0.12494572 0.14435510 -0.31487811
v 0.12494572 0.14441890 -0.30493778
v 0.12494572 0.14447559 -0.29491663
v 0.12494572 0.14465988 -0.25491285
v 0.12494572 0.14470240 -0.24489170
v 0.12494572 0.14473784 -0.23487057
v 0.12494572 0.14481580 -0.20488793
v 0.12494572 0.14485833 -0.18492645
v 0.12494572 0.14398654 0.15490365
v 0.12494572 0.14387314 0.16492482
v 0.12494572 0.14363216 0.18496712
v 0.12494572 0.14407159 0.14496332
v 0.13177650 0.14083251 0.23491122
v 0.12494572 0.14350457 0.19490744
v 0.13159020 0.14072619 0.24493237
v 0.13658909 0.13762887 0.24493237
v 0.14885345 0.11565697 0.21494974
v 0.14124644 0.13207211 0.27491498
v 0.13634071 0.13749421 0.25495350
v 0.14478603 0.12501274 0.25495350
v 0.14832561 0.11501199 0.23491122
v 0.15599471 0.09020501 0.16492482
v 0.15177205 0.10500415 0.20492859
v 0.15416282 0.09501047 0.19490744
v 0.14891554 0.11412603 0.22472845
v 0.15015751 0.11065305 0.21494974
v 0.15512535 0.09020501 -0.40013874
v 0.15403862 0.09501047 -0.40490681
v 0.15124422 0.10500415 -0.42494911
v 0.15009540 0.11044042 -0.42494911
v 0.14885345 0.11403389 -0.43408132
v 0.14817037 0.11501199 -0.44491065
v 0.14459974 0.12501274 -0.46495295
v 0.13578182 0.13718943 -0.47489327
v 0.13618545 0.13743041 -0.46495295
v 0.14099805 0.13178860 -0.48491442
v 0.13149706 0.14066949 -0.45485097
v 0.13171440 0.14078999 -0.44491065
v 0.12494572 0.14345497 -0.40490681
v 0.12494572 0.14358963 -0.39496648
v 0.12494572 0.14383769 -0.37492418
v 0.12494572 0.14395110 -0.36490303
v 0.12494572 0.14405033 -0.35496271
v 0.11494794 0.14743826 -0.10491888
v 0.11494794 0.14743826 -0.09497855
v 0.11494794 0.14736030 -0.03501328
v 0.11494794 0.14733903 -0.02507295
v 0.11494794 0.14739573 -0.05505558
v 0.11494794 0.14736030 -0.17490530
v 0.11494794 0.14737447 -0.16488415
v 0.11494794 0.14743116 -0.11494003
v 0.11494794 0.14709096 0.04491346
v 0.11494794 0.14727524 -0.00511147
v 0.11494794 0.14713348 0.03497313
v 0.11494794 0.14697047 0.06487495
v 0.11494794 0.14690667 0.07497691
v 0.11494794 0.14677201 0.09493840
v 0.11494794 0.14676492 -0.30493778
v 0.11494794 0.14707679 -0.25491285
v 0.11494794 0.14713348 -0.24489170
v 0.11494794 0.14733903 -0.18492645
v 0.11494794 0.14660899 0.11489987
v 0.11494794 0.14641054 0.13486136
v 0.11494794 0.14630422 0.14496332
v 0.11494794 0.14619082 0.15490365
v 0.11494794 0.14669405 0.10495955
v 0.12494572 0.14334865 0.20492859
v 0.11494794 0.14604907 0.16492482
v 0.13137287 0.14060570 0.25495350
v 0.14432029 0.12501274 0.26489383
v 0.13603021 0.13732409 0.26489383
v 0.13559553 0.13706894 0.27491498
v 0.14093596 0.13163267 0.28493613
v 0.14789093 0.11501199 0.24493237
v 0.14990911 0.10964660 0.22788025
v 0.15568423 0.09020501 0.17494597
v 0.15379024 0.09501047 0.20492859
v 0.15500115 0.09020501 0.19490744
v 0.15493906 0.09020501 -0.40490681
v 0.15363500 0.09501047 -0.41492796
v 0.14984702 0.10940561 -0.43682903
v 0.14764254 0.11501199 -0.45485097
v 0.14404085 0.12501274 -0.47489327
v 0.13078293 0.14032219 -0.47489327
v 0.13416727 0.13734536 -0.48499519
v 0.13031720 0.14013083 -0.48176259
v 0.13118657 0.14051357 -0.46495295
v 0.14314044 0.12501274 -0.48491442
v 0.14056337 0.13100895 -0.49218780
v 0.12494572 0.14288795 -0.43488950
v 0.12494572 0.14308640 -0.42494911
v 0.12494572 0.14328486 -0.41492796
v 0.11494794 0.14566633 -0.39496648
v 0.11494794 0.14599237 -0.37492418
v 0.11494794 0.14614829 -0.36490303
v 0.11494794 0.14626878 -0.35496271
v 0.11494794 0.14667279 -0.31487811
v 0.10566429 0.14923145 -0.11494003
v 0.10566429 0.14923145 -0.09497855
v 0.10541590 0.14920309 -0.03501328
v 0.10541590 0.14918892 -0.17490530
v 0.10495017 0.14894794 0.04491346
v 0.10495017 0.14900464 0.03497313
v 0.10532276 0.14918892 -0.02507295
v 0.10510541 0.14914639 -0.00511147
v 0.10495017 0.14872822 0.07497691
v 0.10495017 0.14857937 0.09493840
v 0.10495017 0.14855811 -0.30493778
v 0.10495017 0.14892668 -0.25491285
v 0.10495017 0.14899045 -0.24489170
v 0.10495017 0.14908260 -0.22493023
v 0.10532276 0.14918183 -0.18492645
v 0.10495017 0.14848724 0.10495955
v 0.10495017 0.14826043 0.12492102
v 0.10495017 0.14813994 0.13486136
v 0.10495017 0.14787769 0.15490365
v 0.12494572 0.14316437 0.21494974
v 0.11494794 0.14573011 0.18496712
v 0.11494794 0.14556710 0.19490744
v 0.13103132 0.14044978 0.26489383
v 0.12494572 0.14296591 0.22489007
v 0.12494572 0.14274620 0.23491122
v 0.14373036 0.12501274 0.27491498
v 0.14736310 0.11501199 0.25495350
v 0.13059664 0.14023006 0.27491498
v 0.13019300 0.14006704 0.28097618
v 0.13410518 0.13718943 0.28453207
v 0.14043917 0.13090263 0.29277527
v 0.14282994 0.12501274 0.28493613
v 0.14975387 0.10882442 0.23491122
v 0.15285876 0.09501047 0.22489007
v 0.15416282 0.09020501 0.21494974
v 0.15459751 0.09020501 0.20492859
v 0.15481485 0.09020501 0.19967557
v 0.15472171 0.09020501 -0.41007906
v 0.15450436 0.09020501 -0.41492796
v 0.15270352 0.09501047 -0.43488950
v 0.15059219 0.10330310 -0.44491065
v 0.14962967 0.10830702 -0.44491065
v 0.14938128 0.10658471 -0.45485097
v 0.14702156 0.11501199 -0.46495295
v 0.14624533 0.11501199 -0.47489327
v 0.12494572 0.14197363 -0.46495295
v 0.12494572 0.14233510 -0.45485097
v 0.12494572 0.14263988 -0.44491065
v 0.13565762 0.13372354 -0.49533963
v 0.12895104 0.13986859 -0.48838949
v 0.12494572 0.14147750 -0.47489327
v 0.14497232 0.11501199 -0.48491442
v 0.14130855 0.12501274 -0.49372333
v 0.13922825 0.12501274 -0.49873388
v 0.13280112 0.13200831 -0.50123918
v 0.11494794 0.14526233 -0.41492796
v 0.11494794 0.14548913 -0.40490681
v 0.10495017 0.14783517 -0.36490303
v 0.10495017 0.14796275 -0.35496271
v 0.10495017 0.14846598 -0.31487811
v 0.10054121 0.15009615 -0.14492266
v 0.10063436 0.15011741 -0.11494003
v 0.10066541 0.15011741 -0.10491888
v 0.10066541 0.15011741 -0.09497855
v 0.10057226 0.15011032 -0.07509788
v 0.10051016 0.15009615 -0.05505558
v 0.10041701 0.15007488 -0.03501328
v 0.10041701 0.15007488 -0.17490530
v 0.09929925 0.14989769 0.04491346
v 0.09967183 0.14995439 0.02487116
v 0.10495017 0.14908969 0.01493083
v 0.10010652 0.15001819 -0.00511147
v 0.09992023 0.14998983 0.00870802
v 0.09880246 0.14982681 0.06487495
v 0.09855407 0.14977720 0.07497691
v 0.09796415 0.14969215 0.09493840
v 0.09790204 0.14969215 -0.30493778
v 0.09926820 0.14989060 -0.25491285
v 0.09948555 0.14991894 -0.24489170
v 0.09964079 0.14994730 -0.23487057
v 0.10029282 0.15005362 -0.18492645
v 0.09762260 0.14964962 0.10495955
v 0.09718791 0.14959292 0.11489987
v 0.09625645 0.14946534 0.13486136
v 0.09572861 0.14938737 0.14496332
v 0.09414512 0.14945117 0.15546937
v 0.10495017 0.14771467 0.16492482
v 0.10495017 0.14753039 0.17494597
v 0.10495017 0.14733903 0.18496712
v 0.11494794 0.14536156 0.20492859
v 0.12494572 0.14248395 0.24493237
v 0.12494572 0.14217918 0.25495350
v 0.11494794 0.14512058 0.21494974
v 0.14581065 0.11501199 0.27491498
v 0.14668001 0.11501199 0.26489383
v 0.14928813 0.10462141 0.25543839
v 0.14947443 0.10737144 0.24493237
v 0.12494572 0.14179644 0.26489383
v 0.12494572 0.14127904 0.27491498
v 0.12839216 0.13980480 0.28760308
v 0.13593706 0.13400705 0.29560381
v 0.14456868 0.11501199 0.28493613
v 0.13295636 0.13280213 0.30497843
v 0.14006658 0.12838650 0.29722017
v 0.15233094 0.09501047 0.23491122
v 0.15363500 0.09020501 0.22489007
v 0.15372814 0.09020501 -0.43012136
v 0.15344870 0.09020501 -0.43488950
v 0.15313821 0.09020501 -0.44014251
v 0.15205149 0.09501047 -0.44491065
v 0.15028170 0.10158787 -0.45485097
v 0.15003331 0.10045384 -0.46066970
v 0.14789093 0.10500415 -0.47489327
v 0.11494794 0.14353293 -0.46495295
v 0.11494794 0.14401489 -0.45485097
v 0.11494794 0.14441890 -0.44491065
v 0.11494794 0.14475201 -0.43488950
v 0.12227551 0.14027259 -0.49081397
v 0.11494794 0.14190276 -0.48491442
v 0.12534936 0.14064823 -0.48499519
v 0.12534936 0.13838017 -0.49436986
v 0.11494794 0.14288795 -0.47489327
v 0.14630742 0.10500415 -0.48491442
v 0.14959863 0.09020501 -0.47707528
v 0.14751834 0.09501047 -0.48491442
v 0.14205372 0.11501199 -0.49412739
v 0.14314044 0.09501047 -0.49436986
v 0.14335777 0.09020501 -0.49436986
v 0.13922825 0.11501199 -0.49913794
v 0.13419832 0.12501274 -0.50196654
v 0.14264365 0.10500415 -0.49428904
v 0.12494572 0.12501274 -0.50398690
v 0.12494572 0.13307856 -0.50196654
v 0.10495017 0.14704843 -0.40490681
v 0.10495017 0.14764380 -0.37492418
v 0.09408302 0.14942281 -0.36490303
v 0.09554232 0.14937320 -0.35496271
v 0.09703267 0.14957166 -0.32489926
v 0.09752946 0.14962836 -0.31487811
v 0.09495239 0.15103881 -0.11494003
v 0.09495239 0.15101755 -0.07509788
v 0.09495239 0.15103881 -0.10491888
v 0.09495239 0.15096085 -0.04511525
v 0.09495239 0.15093958 -0.03501328
v 0.09495239 0.15091832 -0.02507295
v 0.09495239 0.15090415 -0.18492645
v 0.09495239 0.15093958 -0.17490530
v 0.09495239 0.15096085 -0.16488415
v 0.09495239 0.15099628 -0.14492266
v 0.09430036 0.15066317 0.04491346
v 0.09467295 0.15073404 0.02487116
v 0.09451770 0.15069860 0.03497313
v 0.09495239 0.15083326 -0.00511147
v 0.09355518 0.15054268 0.07497691
v 0.09290315 0.15043636 -0.30493778
v 0.09426931 0.15066317 -0.25491285
v 0.09253057 0.15037966 -0.31487811
v 0.09448665 0.15069860 -0.24489170
v 0.09296525 0.15043636 0.09493840
v 0.09259266 0.15037966 0.10495955
v 0.09218903 0.15031587 0.11489987
v 0.09125756 0.15017411 0.13486136
v 0.09072973 0.15009615 0.14496332
v 0.08986036 0.14997566 0.15926771
v 0.09495239 0.14915347 0.16492482
v 0.09029504 0.15003236 0.15256000
v 0.10495017 0.14713348 0.19490744
v 0.09495239 0.14894794 0.17494597
v 0.11494794 0.14485833 0.22489007
v 0.11494794 0.14457482 0.23491122
v 0.11494794 0.14422044 0.24493237
v 0.10495017 0.14689250 0.20492859
v 0.14739415 0.10500415 0.27491498
v 0.14848086 0.10500415 0.26489383
v 0.14990911 0.09958914 0.25907511
v 0.15015751 0.10103503 0.25244826
v 0.15040590 0.10236752 0.24493237
v 0.11494794 0.14330612 0.26489383
v 0.11494794 0.14381644 0.25495350
v 0.11494794 0.14264697 0.27491498
v 0.12500781 0.14051357 0.28453207
v 0.11494794 0.14161216 0.28493613
v 0.12168557 0.14018753 0.29067409
v 0.12500781 0.13903932 0.29439157
v 0.12500781 0.13838725 0.29722017
v 0.12497677 0.13655153 0.30497843
v 0.13410518 0.13443232 0.29722017
v 0.13540924 0.13380860 0.29722017
v 0.14577959 0.10500415 0.28493613
v 0.14897764 0.09418830 0.27410686
v 0.13984923 0.12708236 0.29948300
v 0.12435579 0.13268164 0.31443387
v 0.13072084 0.13111526 0.31071639
v 0.15307611 0.09020501 0.23491122
v 0.15164785 0.09501047 0.24493237
v 0.15279667 0.09020501 -0.44491065
v 0.15242408 0.09020501 -0.45008284
v 0.15161681 0.09020501 -0.45994234
v 0.15049905 0.09493960 -0.46438718
v 0.14972281 0.09822830 -0.46737736
v 0.15028170 0.09020501 -0.47214550
v 0.10495017 0.14528359 -0.45485097
v 0.10495017 0.14576556 -0.44491065
v 0.10495017 0.14471658 -0.46495295
v 0.10495017 0.14616247 -0.43488950
v 0.10495017 0.14677201 -0.41492796
v 0.11494794 0.14062697 -0.49154127
v 0.09495239 0.14353293 -0.48491442
v 0.10495017 0.14276746 -0.48491442
v 0.09495239 0.14487250 -0.47489327
v 0.10495017 0.14395110 -0.47489327
v 0.11494794 0.13817462 -0.49663270
v 0.14900869 0.09020501 -0.48038870
v 0.14807722 0.09020501 -0.48459113
v 0.14574854 0.09020501 -0.48968256
v 0.14130855 0.09020501 -0.49695593
v 0.13922825 0.10500415 -0.49929959
v 0.13925931 0.09020501 -0.49946123
v 0.13426042 0.09020501 -0.50196654
v 0.12494572 0.11501199 -0.50406772
v 0.11494794 0.12501274 -0.50414854
v 0.05496128 0.13833764 -0.49832982
v 0.08495461 0.13827385 -0.49784493
v 0.09495239 0.13825259 -0.49752164
v 0.10495017 0.13821715 -0.49719840
v 0.11494794 0.13317779 -0.50204736
v 0.09495239 0.14840218 -0.40490681
v 0.08970511 0.14995439 -0.36821651
v 0.09495239 0.14908969 -0.37492418
v 0.09020189 0.15003236 -0.36158961
v 0.08495461 0.15256976 -0.12488037
v 0.08495461 0.15259102 -0.10491888
v 0.08495461 0.15259102 -0.09497855
v 0.08495461 0.15252723 -0.05505558
v 0.08495461 0.15248470 -0.03501328
v 0.08495461 0.15244927 -0.02507295
v 0.08495461 0.15248470 -0.17490530
v 0.08495461 0.15250596 -0.16488415
v 0.08495461 0.15213032 0.03497313
v 0.08495461 0.15225081 0.01493083
v 0.08495461 0.15179011 0.07497691
v 0.08495461 0.15205234 0.04491346
v 0.08495461 0.15188225 0.06487495
v 0.08495461 0.15156330 -0.30493778
v 0.08495461 0.15204526 -0.25491285
v 0.08495461 0.15213032 -0.24489170
v 0.08495461 0.15144281 -0.31487811
v 0.08495461 0.15218702 -0.23487057
v 0.08495461 0.15243509 -0.18492645
v 0.08495461 0.15158457 0.09493840
v 0.08495461 0.15146407 0.10495955
v 0.08495461 0.15132232 0.11489987
v 0.08495461 0.15087579 0.14496332
v 0.08436468 0.15055685 0.16492482
v 0.08846315 0.14981264 0.17494597
v 0.09495239 0.14872822 0.18496712
v 0.07495683 0.15216576 0.14496332
v 0.07495683 0.15196730 0.15490365
v 0.10495017 0.14660899 0.21494974
v 0.10495017 0.14630422 0.22489007
v 0.10495017 0.14594984 0.23491122
v 0.09495239 0.14822499 0.20492859
v 0.09495239 0.14848724 0.19490744
v 0.15000226 0.09031841 0.27014685
v 0.15034381 0.09243055 0.26489383
v 0.15158576 0.09020501 0.25519598
v 0.15236199 0.09020501 0.24493237
v 0.10495017 0.14505678 0.25495350
v 0.10495017 0.14445433 0.26489383
v 0.10495017 0.14553875 0.24493237
v 0.10495017 0.14365342 0.27491498
v 0.10495017 0.14242724 0.28493613
v 0.09495239 0.14453229 0.27491498
v 0.09495239 0.14314310 0.28493613
v 0.11494794 0.14048521 0.29148221
v 0.10973171 0.13465203 0.32025260
v 0.11460640 0.13362432 0.32025260
v 0.11851858 0.13258950 0.32025260
v 0.14683527 0.09501047 0.28493613
v 0.14919499 0.09020501 0.27539992
v 0.15000226 0.09020501 0.27022767
v 0.13143496 0.12500566 0.31144369
v 0.13705483 0.12425436 0.30400866
v 0.13329791 0.09500340 0.31386817
v 0.13854519 0.09020501 0.30667555
v 0.14000449 0.12041991 0.29996789
v 0.14363721 0.09020501 0.29495728
v 0.14723890 0.09020501 0.28493613
v 0.12087830 0.13111526 0.32025260
v 0.12255495 0.12500566 0.32025260
v 0.12640502 0.12500566 0.31645429
v 0.15112002 0.09020501 -0.46462965
v 0.09495239 0.14638928 -0.45485097
v 0.09495239 0.14693503 -0.44491065
v 0.09495239 0.14739573 -0.43488950
v 0.09495239 0.14574429 -0.46495295
v 0.09495239 0.14808324 -0.41492796
v 0.10495017 0.14099553 -0.49218780
v 0.04496351 0.14672948 -0.48491442
v 0.05496128 0.14614120 -0.48491442
v 0.06495906 0.14553875 -0.48491442
v 0.07495683 0.14490086 -0.48491442
v 0.08495461 0.14423461 -0.48491442
v 0.05496128 0.14800528 -0.47489327
v 0.06495906 0.14727524 -0.47489327
v 0.07495683 0.14650977 -0.47489327
v 0.08495461 0.14570886 -0.47489327
v 0.06495906 0.14842345 -0.46495295
v 0.07495683 0.14758001 -0.46495295
v 0.08495461 0.14668696 -0.46495295
v 0.07495683 0.14193819 -0.49307680
v 0.08495461 0.14164051 -0.49283433
v 0.09495239 0.14133574 -0.49259192
v 0.12494572 0.09020501 -0.50406772
v 0.11494794 0.10500415 -0.50422937
v 0.10495017 0.11501199 -0.50431019
v 0.10495017 0.12501274 -0.50422937
v 0.01493913 0.09020501 -0.50527996
v 0.03496573 0.13841560 -0.49857223
v 0.00494135 0.14363216 -0.49388492
v 0.01493913 0.14345497 -0.49380416
v 0.02496795 0.14322816 -0.49372333
v 0.02496795 0.12501274 -0.50471425
v 0.00494135 0.12501274 -0.50479507
v 0.08495461 0.13327701 -0.50212812
v 0.00494135 0.13857862 -0.49881470
v 0.01493913 0.13853610 -0.49873388
v 0.02496795 0.13847940 -0.49865305
v 0.08601028 0.14951494 -0.40490681
v 0.08209810 0.15025917 -0.39496648
v 0.07495683 0.15166253 -0.37492418
v 0.07495683 0.15191060 -0.36490303
v 0.08405419 0.15051432 -0.37492418
v 0.08579294 0.15053558 -0.36490303
v 0.07495683 0.15210906 -0.35496271
v 0.06495906 0.15408653 -0.31487811
v 0.07495683 0.15279657 -0.31487811
v 0.07495683 0.15404400 -0.11494003
v 0.07495683 0.15405817 -0.10491888
v 0.07495683 0.15404400 -0.09497855
v 0.07495683 0.15398021 -0.05505558
v 0.07495683 0.15393768 -0.03501328
v 0.07495683 0.15389515 -0.02507295
v 0.07495683 0.15392351 -0.17490530
v 0.07495683 0.15395895 -0.16488415
v 0.07495683 0.15388098 -0.18492645
v 0.07495683 0.15399438 -0.14492266
v 0.07495683 0.15361874 0.02487116
v 0.07495683 0.15355495 0.03497313
v 0.07495683 0.15373214 0.00490968
v 0.07495683 0.15315804 0.07497691
v 0.07495683 0.15346280 0.04491346
v 0.07495683 0.15293123 -0.30493778
v 0.07495683 0.15344155 -0.25491285
v 0.07495683 0.15354078 -0.24489170
v 0.07495683 0.15371796 -0.21498990
v 0.07495683 0.15295249 0.09493840
v 0.07495683 0.15281782 0.10495955
v 0.06495906 0.15411487 0.10495955
v 0.07495683 0.15174049 0.16492482
v 0.08750063 0.14969215 0.18496712
v 0.06495906 0.15339193 0.14496332
v 0.05496128 0.15534814 0.10495955
v 0.06495906 0.15319347 0.15490365
v 0.09495239 0.14789896 0.21494974
v 0.09495239 0.14755166 0.22489007
v 0.09495239 0.14715475 0.23491122
v 0.08644497 0.14957166 0.19490744
v 0.08057670 0.15006779 0.20193841
v 0.15059219 0.09020501 0.26489383
v 0.09495239 0.14612703 0.25495350
v 0.09495239 0.14667279 0.24493237
v 0.09495239 0.14543952 0.26489383
v 0.08495461 0.14634675 0.26489383
v 0.08495461 0.14532611 0.27491498
v 0.07495683 0.14607033 0.27491498
v 0.07495683 0.14719018 0.26489383
v 0.04884463 0.14991187 0.25891352
v 0.08495461 0.14377391 0.28493613
v 0.06495906 0.14677201 0.27491498
v 0.05496128 0.14745952 0.27491498
v 0.04496351 0.14812577 0.27491498
v 0.03496573 0.14877075 0.27491498
v 0.00494135 0.14786351 0.28493613
v -0.10537573 0.13382277 0.32025260
v 0.07495683 0.14437637 0.28493613
v 0.01493913 0.14951494 0.27742028
v 0.00494135 0.14972758 0.27847087
v 0.12370376 0.11851332 0.32025260
v 0.12516306 0.10995845 0.32025260
v 0.12659131 0.10138233 0.32025260
v 0.12839216 0.09020501 0.32025260
v 0.13100028 0.09020501 0.31726241
v 0.13320476 0.09020501 0.31467634
v 0.13969399 0.09020501 0.30408949
v 0.08495461 0.14740990 -0.45485097
v 0.06958536 0.14995439 -0.43909186
v 0.08495461 0.14801945 -0.44491065
v 0.08495461 0.14852268 -0.43488950
v 0.08026621 0.15003236 -0.41072559
v 0.07495683 0.14836675 -0.45485097
v 0.02496795 0.14785643 -0.48491442
v 0.03496573 0.14729650 -0.48491442
v 0.01077856 0.15003943 -0.48006546
v 0.01742305 0.14984807 -0.47909564
v 0.02496795 0.14962836 -0.47756016
v 0.04496351 0.14870696 -0.47489327
v 0.03235761 0.15015993 -0.47109491
v 0.03903315 0.14991894 -0.46931696
v 0.04496351 0.14971341 -0.46745819
v 0.04496351 0.15029460 -0.46244764
v 0.05443345 0.14934485 -0.46422559
v 0.05073862 0.15005362 -0.46042722
v 0.05741415 0.14977720 -0.45711380
v 0.06421389 0.14940864 -0.45428526
v 0.00494135 0.14862898 -0.48548013
v 0.11494794 0.09020501 -0.50422937
v 0.10976276 0.09020501 -0.50431019
v 0.09495239 0.09020501 -0.50447178
v 0.03974728 0.09020501 -0.50503749
v 0.00494135 0.09020501 -0.50536078
v 0.00494135 0.11501199 -0.50511831
v -0.00499433 0.14361089 -0.49388492
v -0.00499433 0.13857153 -0.49881470
v -0.00499433 0.12501274 -0.50479507
v 0.00494135 0.13356760 -0.50228977
v 0.01493913 0.13353926 -0.50228977
v -0.00499433 0.13356760 -0.50228977
v 0.08101139 0.15011741 -0.40490681
v 0.06495906 0.15313677 -0.36490303
v 0.06495906 0.15334940 -0.35496271
v 0.05496128 0.15532687 -0.31487811
v 0.05496128 0.15548280 -0.30493778
v 0.06495906 0.15423536 -0.30493778
v 0.06495906 0.15545446 -0.10491888
v 0.06495906 0.15542610 -0.08511903
v 0.06495906 0.15531270 -0.03501328
v 0.06495906 0.15538357 -0.06507673
v 0.06495906 0.15527017 -0.02507295
v 0.06495906 0.15531270 -0.17490530
v 0.06495906 0.15538357 -0.14492266
v 0.06495906 0.15527017 -0.18492645
v 0.06495906 0.15497249 0.02487116
v 0.06495906 0.15490161 0.03497313
v 0.06495906 0.15480947 0.04491346
v 0.06495906 0.15446217 -0.28497630
v 0.06495906 0.15478821 -0.25491285
v 0.06495906 0.15488744 -0.24489170
v 0.06495906 0.15496540 -0.23487057
v 0.06495906 0.15514968 -0.20488793
v 0.06495906 0.15470316 0.05493461
v 0.06495906 0.15424246 0.09493840
v 0.05496128 0.15550406 0.09493840
v 0.06495906 0.15293123 0.16492482
v 0.08144607 0.15017411 0.19490744
v 0.08250174 0.15030877 0.18496712
v 0.04496351 0.15655304 0.10495955
v 0.05496128 0.15436295 0.15490365
v 0.04496351 0.15635459 0.11489987
v 0.05496128 0.15456849 0.14496332
v 0.08495461 0.14908260 0.21494974
v 0.08495461 0.14869986 0.22489007
v 0.08495461 0.14824626 0.23491122
v 0.07495683 0.15092540 0.19490744
v 0.06495906 0.15205234 0.19490744
v 0.07567097 0.15050015 0.20509021
v 0.07948999 0.14994730 0.20856531
v 0.08495461 0.14709803 0.25495350
v 0.08495461 0.14772177 0.24493237
v 0.07495683 0.14801945 0.25495350
v 0.06495906 0.14889124 0.25495350
v 0.05533387 0.14967088 0.25535762
v 0.04220014 0.15015993 0.26133794
v 0.03496573 0.15043636 0.26343918
v 0.03496573 0.14980555 0.26836890
v 0.05222897 0.15019538 0.25228661
v 0.03496573 0.15224372 0.24493237
v 0.02496795 0.15305172 0.24493237
v 0.01493913 0.15383846 0.24493237
v 0.03496573 0.15135776 0.25495350
v 0.02496795 0.15212323 0.25495350
v 0.02974950 0.14997566 0.26974279
v 0.02307396 0.15019538 0.27103585
v 0.01493913 0.15045762 0.27240974
v 0.02583732 0.14938737 0.27459174
v -0.00499433 0.14779973 0.28493613
v -0.05498321 0.14536156 0.28493613
v -0.06498099 0.14480163 0.28493613
v -0.07497876 0.14423461 0.28493613
v -0.11496987 0.14039308 0.29123980
v -0.12456401 0.13887630 0.29422998
v -0.11422469 0.13286592 0.32025260
v -0.00499433 0.14969215 0.27830929
v 0.00494135 0.15069860 0.27354115
v -0.11934778 0.09020501 0.32025260
v 0.06747403 0.14977011 -0.44491065
v 0.07458425 0.14960709 -0.43537438
v 0.06247514 0.15023790 -0.44491065
v 0.05496128 0.15093958 -0.44491065
v 0.05496128 0.15158457 -0.43488950
v 0.03496573 0.15458266 -0.41492796
v 0.04496351 0.15359747 -0.41492796
v 0.05496128 0.15259102 -0.41492796
v 0.06495906 0.15154204 -0.41492796
v 0.07536047 0.15042219 -0.41444308
v 0.06495906 0.15194604 -0.40490681
v 0.07495683 0.15081909 -0.40490681
v 0.01444234 0.14867860 -0.48402542
v 0.00494135 0.15013868 -0.48038870
v 0.00494135 0.15115930 -0.47489327
v 0.01444234 0.15063481 -0.47537816
v 0.02496795 0.15042219 -0.47263038
v 0.01493913 0.15222245 -0.46495295
v 0.02496795 0.15152077 -0.46495295
v 0.01493913 0.15339902 -0.45485097
v 0.02496795 0.15263355 -0.45485097
v 0.02496795 0.15356204 -0.44491065
v 0.03496573 0.15271151 -0.44491065
v 0.04496351 0.15183972 -0.44491065
v -0.00499433 0.14860773 -0.48539931
v -0.01017951 0.09020501 -0.50527996
v -0.00499433 0.09501047 -0.50527996
v -0.00499433 0.11501199 -0.50511831
v -0.01499210 0.14341244 -0.49380416
v -0.02498988 0.13845813 -0.49865305
v -0.06498099 0.13831638 -0.49816817
v -0.07497876 0.13829511 -0.49800652
v -0.08497654 0.13827385 -0.49776411
v -0.09497432 0.13823840 -0.49752164
v -0.01499210 0.13352509 -0.50228977
v -0.08497654 0.13326284 -0.50212812
v -0.11496987 0.13316362 -0.50204736
v -0.02498988 0.12501274 -0.50471425
v 0.06495906 0.15285327 -0.37492418
v 0.05496128 0.15429915 -0.36490303
v 0.05496128 0.15452597 -0.35496271
v 0.04496351 0.15651761 -0.31487811
v 0.04496351 0.15668063 -0.30493778
v 0.03496573 0.15855178 -0.25491285
v 0.04496351 0.15733978 -0.25491285
v 0.05496128 0.15597185 -0.26493400
v 0.05496128 0.15609235 -0.25491285
v 0.05496128 0.15677986 -0.11494003
v 0.05496128 0.15679403 -0.10491888
v 0.05496128 0.15675859 -0.08511903
v 0.05496128 0.15668063 -0.04511525
v 0.05496128 0.15665227 -0.03501328
v 0.05496128 0.15659557 -0.02507295
v 0.05496128 0.15665227 -0.17490530
v 0.05496128 0.15659557 -0.18492645
v 0.05496128 0.15627663 0.02487116
v 0.05496128 0.15647508 -0.00511147
v 0.05496128 0.15619867 0.03497313
v 0.05496128 0.15610652 0.04491346
v 0.05496128 0.15619157 -0.24489170
v 0.05496128 0.15633333 -0.22493023
v 0.05496128 0.15574504 0.07497691
v 0.04496351 0.15736105 0.04491346
v 0.04496351 0.15710589 0.06487495
v 0.03496573 0.15857305 0.04491346
v 0.04496351 0.15670189 0.09493840
v 0.05496128 0.15408653 0.16492482
v 0.03496573 0.15788554 0.09493840
v 0.03496573 0.15772252 0.10495955
v 0.04496351 0.15548989 0.15490365
v 0.03496573 0.15750989 0.11489987
v 0.04496351 0.15571669 0.14496332
v 0.07635404 0.14961419 0.22489007
v 0.06495906 0.15168379 0.20492859
v 0.05496128 0.15274695 0.20492859
v 0.07020634 0.15001819 0.23038553
v 0.05496128 0.15313677 0.19490744
v 0.04496351 0.15520638 0.16492482
v 0.07495683 0.14868569 0.24493237
v 0.05496128 0.15121600 0.23491122
v 0.06151262 0.15013868 0.24194218
v 0.06818815 0.14982681 0.23701243
v 0.04496351 0.15213032 0.23491122
v 0.03496573 0.15301628 0.23491122
v 0.04496351 0.15140028 0.24493237
v 0.01493913 0.15285327 0.25495350
v 0.02583732 0.15077657 0.26586366
v 0.02496795 0.15388098 0.23491122
v 0.01493913 0.15470316 0.23491122
v 0.00494135 0.15441965 0.24493237
v 0.00494135 0.15531270 0.23491122
v 0.01493913 0.15162709 0.26489383
v 0.00494135 0.15213032 0.26489383
v -0.01499210 0.14945117 0.27701622
v -0.02536247 0.14928815 0.27443010
v -0.08497654 0.14361089 0.28493613
v -0.09497432 0.14296591 0.28493613
v -0.12093128 0.14012374 0.29043162
v -0.13425130 0.13419133 0.29495728
v -0.12714107 0.13682087 0.29722017
v -0.12490556 0.13780606 0.29722017
v -0.12779310 0.13968430 0.28493613
v -0.11885100 0.12598376 0.32025260
v -0.12596121 0.13460241 0.30594826
v -0.12325995 0.13256115 0.31314081
v -0.00499433 0.15066317 0.27337950
v -0.11934778 0.11500490 0.32025260
v -0.12993549 0.09020501 0.30990821
v 0.03496573 0.15343446 -0.43488950
v 0.04496351 0.15251306 -0.43488950
v 0.02496795 0.15553242 -0.41492796
v 0.02496795 0.15605691 -0.40490681
v 0.03496573 0.15506463 -0.40490681
v 0.04496351 0.15405817 -0.40490681
v 0.05496128 0.15301628 -0.40490681
v 0.06495906 0.15226498 -0.39496648
v 0.03496573 0.15619157 -0.37492418
v 0.04496351 0.15510716 -0.37492418
v -0.00499433 0.15011741 -0.48030788
v -0.00499433 0.15110260 -0.47489327
v 0.00494135 0.15275404 -0.46495295
v 0.00494135 0.15396604 -0.45485097
v 0.00494135 0.15497249 -0.44491065
v 0.01493913 0.15436295 -0.44491065
v 0.01493913 0.15517095 -0.43488950
v 0.02496795 0.15432751 -0.43488950
v -0.03498766 0.14293048 -0.49356169
v -0.05498321 0.14242016 -0.49331921
v -0.06498099 0.14215791 -0.49315763
v -0.07497876 0.14188150 -0.49299598
v -0.08497654 0.14159089 -0.49283433
v -0.09497432 0.14127904 -0.49251109
v -0.10497209 0.14094591 -0.49210697
v -0.02498988 0.14773594 -0.48491442
v -0.01409168 0.14862190 -0.48394459
v -0.01014846 0.14999692 -0.47998464
v -0.03017506 0.09020501 -0.50511831
v -0.10497209 0.12501274 -0.50422937
v -0.10497209 0.13821715 -0.49711758
v -0.12499870 0.13302186 -0.50196654
v -0.11496987 0.12501274 -0.50414854
v 0.04496351 0.15542610 -0.36490303
v 0.04496351 0.15566708 -0.35496271
v 0.05496128 0.15400147 -0.37492418
v 0.03496573 0.15768708 -0.31487811
v 0.03496573 0.15786427 -0.30493778
v 0.02633411 0.15957950 -0.25491285
v 0.03496573 0.15867227 -0.24489170
v 0.04496351 0.15744610 -0.24489170
v 0.04496351 0.15806982 -0.11494003
v 0.04496351 0.15808399 -0.10491888
v 0.04496351 0.15808399 -0.09497855
v 0.04496351 0.15794224 -0.03501328
v 0.04496351 0.15788554 -0.02507295
v 0.04496351 0.15788554 -0.18492645
v 0.04496351 0.15792806 -0.17490530
v 0.04496351 0.15796350 -0.16488415
v 0.04496351 0.15800603 -0.14492266
v 0.04496351 0.15753824 0.02487116
v 0.04496351 0.15767999 0.00490968
v 0.04496351 0.15746027 0.03497313
v 0.04496351 0.15752406 -0.23487057
v 0.04496351 0.15774378 -0.20488793
v 0.03496573 0.15868644 0.03497313
v 0.02139732 0.16016778 0.04491346
v 0.03496573 0.15830371 0.06487495
v 0.02692404 0.15964329 0.03497313
v 0.03496573 0.15802729 0.08491725
v 0.02496795 0.15917550 0.08491725
v 0.02496795 0.15902665 0.09493840
v 0.02496795 0.15884946 0.10495955
v 0.03496573 0.15658140 0.15490365
v 0.03496573 0.15683655 0.14496332
v 0.03496573 0.15706336 0.13486136
v 0.04496351 0.15376049 0.20492859
v 0.04496351 0.15417866 0.19490744
v 0.03496573 0.15520638 0.19490744
v 0.04496351 0.15273277 0.22489007
v 0.03496573 0.15475985 0.20492859
v 0.03496573 0.15627663 0.16492482
v 0.02496795 0.15732561 0.16492482
v 0.02496795 0.15765873 0.15490365
v 0.03496573 0.15366127 0.22489007
v 0.02496795 0.15456140 0.22489007
v 0.00494135 0.15339902 0.25495350
v 0.01493913 0.15541193 0.22489007
v 0.00494135 0.15605691 0.22489007
v -0.00499433 0.15432751 0.24493237
v -0.00499433 0.15332106 0.25495350
v -0.00499433 0.15522765 0.23491122
v -0.00499433 0.15205234 0.26489383
v -0.01499210 0.15037966 0.27200562
v -0.02225757 0.15013868 0.27079338
v -0.02893310 0.14991894 0.26941955
v -0.06498099 0.14659482 0.27491498
v -0.07497876 0.14588605 0.27491498
v -0.10497209 0.14224297 0.28493613
v -0.11496987 0.14137827 0.28493613
v -0.12279422 0.14044978 0.28493613
v -0.13589689 0.13392909 0.28509778
v -0.14018166 0.13030726 0.28178436
v -0.13984011 0.12927954 0.28849202
v -0.13245046 0.13257533 0.30328131
v -0.13375451 0.13375898 0.29722017
v -0.12940766 0.13988984 0.27774358
v -0.11496987 0.14235637 0.27491498
v -0.12565072 0.14073329 0.27459174
v -0.11928568 0.12500566 0.32025260
v -0.12993549 0.12500566 0.30990821
v -0.13176738 0.09020501 0.30756456
v 0.01493913 0.15643965 -0.41492796
v 0.01493913 0.15699248 -0.40490681
v 0.01493913 0.15742484 -0.39496648
v 0.02496795 0.15646091 -0.39496648
v 0.02496795 0.15724055 -0.37492418
v 0.02496795 0.15758786 -0.36490303
v 0.03496573 0.15651761 -0.36490303
v -0.01409168 0.15055685 -0.47521651
v -0.00499433 0.15267608 -0.46495295
v -0.00499433 0.15389515 -0.45485097
v -0.00499433 0.15488744 -0.44491065
v 0.00494135 0.15580884 -0.43488950
v 0.00494135 0.15712006 -0.41492796
v 0.01493913 0.15581593 -0.42494911
v -0.11496987 0.13816044 -0.49647105
v -0.11496987 0.14053482 -0.49137968
v -0.06498099 0.14541826 -0.48491442
v -0.05498321 0.14602780 -0.48491442
v -0.03498766 0.14719018 -0.48491442
v -0.07497876 0.14478037 -0.48491442
v -0.01682400 0.14981264 -0.47885323
v -0.08497654 0.09020501 -0.50455260
v -0.10497209 0.10500415 -0.50431019
v -0.12499870 0.12501274 -0.50398690
v -0.13192262 0.13193743 -0.50123918
v -0.12490556 0.13825968 -0.49428904
v -0.11496987 0.09501047 -0.50422937
v 0.03496573 0.15677986 -0.35496271
v 0.02496795 0.15881403 -0.31487811
v 0.03496573 0.15746737 -0.32489926
v 0.02496795 0.15899831 -0.30493778
v 0.02496795 0.15915424 -0.29491663
v 0.02068319 0.16008273 -0.26493400
v 0.02133522 0.16014650 -0.25491285
v 0.02186305 0.16021739 -0.24489170
v 0.02686194 0.15963620 -0.24489170
v 0.02723453 0.15967873 -0.23487057
v 0.03496573 0.15875733 -0.23487057
v 0.03496573 0.15933852 -0.11494003
v 0.03496573 0.15935269 -0.10491888
v 0.03496573 0.15933852 -0.09497855
v 0.03496573 0.15919676 -0.03501328
v 0.03496573 0.15906918 -0.01505180
v 0.03496573 0.15913297 -0.18492645
v 0.03496573 0.15918967 -0.17490530
v 0.03496573 0.15931726 -0.12488037
v 0.02729663 0.15968582 0.02487116
v 0.02863173 0.15984175 -0.01505180
v 0.01493913 0.16086946 0.04491346
v 0.02027955 0.16003311 0.06253129
v 0.02192515 0.16022448 0.03497313
v 0.01493913 0.16098996 0.03497313
v 0.01944123 0.15994097 0.07497691
v 0.01801298 0.15979213 0.09493840
v 0.01711256 0.15969999 0.10495955
v 0.02496795 0.15815488 0.13486136
v 0.02496795 0.15791389 0.14496332
v 0.02496795 0.15619157 0.19490744
v 0.02496795 0.15695705 0.17494597
v 0.02496795 0.15571669 0.20492859
v 0.01493913 0.15832497 0.16492482
v 0.01493913 0.15867227 0.15490365
v 0.01493913 0.15893452 0.14496332
v 0.02496795 0.15514968 0.21494974
v 0.01493913 0.15663810 0.20492859
v 0.01493913 0.15602855 0.21494974
v 0.00494135 0.15731852 0.20492859
v -0.00499433 0.15659557 0.21494974
v -0.00499433 0.15595767 0.22489007
v -0.01499210 0.15366127 0.24493237
v -0.01499210 0.15269025 0.25495350
v -0.01499210 0.15147825 0.26489383
v -0.01499210 0.15452597 0.23491122
v -0.02536247 0.15067734 0.26562119
v -0.03498766 0.15035130 0.26271182
v -0.04138375 0.15011032 0.26085305
v -0.08497654 0.14512058 0.27491498
v -0.09497432 0.14431258 0.27491498
v -0.10497209 0.14341244 0.27491498
v -0.13009073 0.14004578 0.27103585
v -0.13400291 0.13648775 0.27459174
v -0.14039899 0.13068999 0.27491498
v -0.14285187 0.12501274 0.26489383
v -0.14216879 0.12501274 0.27491498
v -0.14046110 0.12263127 0.29115897
v -0.13887760 0.12557976 0.29471487
v -0.13701466 0.12762102 0.29722017
v -0.14443538 0.11501199 0.27491498
v -0.14297606 0.11501199 0.28493613
v -0.13369241 0.12500566 0.30489761
v -0.12499870 0.14131448 0.26489383
v -0.10497209 0.14419208 0.26489383
v -0.11496987 0.14300844 0.26489383
v -0.13614529 0.09020501 0.30174583
v 0.00494135 0.15768708 -0.40490681
v 0.00494135 0.15814069 -0.39496648
v 0.00494135 0.15896995 -0.37492418
v 0.01493913 0.15823284 -0.37492418
v 0.01493913 0.15859431 -0.36490303
v 0.01493913 0.15889199 -0.35496271
v 0.02496795 0.15786427 -0.35496271
v -0.02498988 0.15035839 -0.47222632
v -0.01499210 0.15208070 -0.46495295
v -0.01499210 0.15323600 -0.45485097
v -0.01499210 0.15420702 -0.44491065
v -0.00499433 0.15571669 -0.43488950
v -0.00499433 0.15704210 -0.41492796
v -0.12149016 0.14020880 -0.49065232
v -0.09497432 0.14341244 -0.48491442
v -0.08497654 0.14411412 -0.48491442
v -0.02498988 0.14956456 -0.47715610
v -0.10019055 0.09020501 -0.50439101
v -0.12499870 0.09020501 -0.50398690
v -0.13313353 0.09020501 -0.50188571
v -0.13288514 0.12501274 -0.50188571
v -0.13825662 0.12582074 -0.49469310
v -0.13990222 0.12967646 -0.48919761
v -0.13387871 0.13375898 -0.49493557
v -0.12847619 0.13976935 -0.48491442
v -0.11496987 0.09020501 -0.50422937
v 0.02496795 0.15834624 -0.33492041
v 0.01695731 0.15968582 -0.31487811
v 0.01791983 0.15977795 -0.30493778
v 0.01934808 0.15993388 -0.28497630
v 0.01493913 0.16070645 -0.26493400
v 0.01493913 0.16098996 -0.24489170
v 0.01493913 0.16108209 -0.23487057
v 0.01493913 0.16116714 -0.22493023
v 0.02223564 0.16025992 -0.23487057
v 0.02257718 0.16030245 -0.22493023
v 0.02360180 0.16042294 -0.19494760
v 0.02791761 0.15975669 -0.21498990
v 0.02860069 0.15983465 -0.19494760
v 0.02981160 0.15997641 -0.11494003
v 0.02987369 0.15997641 -0.10491888
v 0.02981160 0.15997641 -0.09497855
v 0.02940796 0.15993388 -0.05505558
v 0.02931481 0.15991971 -0.04511525
v 0.02919062 0.15989845 -0.03501328
v 0.02894222 0.15987718 -0.02507295
v 0.02891118 0.15986300 -0.18492645
v 0.02915957 0.15989845 -0.17490530
v 0.02928376 0.15991971 -0.16488415
v 0.02329131 0.16038749 -0.00511147
v 0.02394334 0.16046546 -0.02507295
v 0.00494135 0.16170581 0.04491346
v 0.01301409 0.16031662 0.09493840
v 0.01590165 0.16046546 0.06544065
v 0.00494135 0.16183339 0.03497313
v 0.01493913 0.16117424 0.01493083
v 0.01493913 0.16108918 0.02487116
v 0.01493913 0.16150735 -0.02507295
v 0.01211367 0.16021739 0.10495955
v 0.01410080 0.15953697 0.12451695
v 0.01493913 0.15713423 0.19490744
v 0.01493913 0.15792806 0.17494597
v 0.00494135 0.15906918 0.16492482
v 0.00494135 0.15943065 0.15490365
v 0.01018863 0.16001894 0.12088025
v 0.00888457 0.15994097 0.12758794
v 0.01093381 0.16009690 0.11489987
v 0.00494135 0.15782884 0.19490744
v -0.00499433 0.15722638 0.20492859
v -0.01499210 0.15522765 0.22489007
v -0.02498988 0.15286744 0.24493237
v -0.04805928 0.14984807 0.25810534
v -0.02498988 0.15194604 0.25495350
v -0.02498988 0.15368253 0.23491122
v -0.03498766 0.15203109 0.24493237
v -0.06498099 0.14779973 0.26489383
v -0.07497876 0.14699173 0.26489383
v -0.08497654 0.14612703 0.26489383
v -0.09497432 0.14520562 0.26489383
v -0.12499870 0.14166176 0.25495350
v -0.12499870 0.14193819 0.24493237
v -0.12499870 0.14220044 0.23491122
v -0.13027702 0.14014500 0.26489383
v -0.13552430 0.13630347 0.25495350
v -0.13527592 0.13606249 0.26489383
v -0.14064740 0.13106565 0.26489383
v -0.14375229 0.12501274 0.24493237
v -0.14334865 0.12501274 0.25495350
v -0.14719874 0.11501199 0.23491122
v -0.14667089 0.11501199 0.24493237
v -0.14611201 0.11501199 0.25495350
v -0.14539789 0.11501199 0.26489383
v -0.14101999 0.11501199 0.29212874
v -0.14431117 0.10500415 0.28493613
v -0.14542894 0.09501047 0.28493613
v -0.13869131 0.11501199 0.29722017
v -0.13760459 0.12543800 0.29722017
v -0.14726083 0.10500415 0.26489383
v -0.14608097 0.10500415 0.27491498
v -0.14744712 0.09501047 0.27491498
v -0.13872236 0.11445915 0.29722017
v -0.14226194 0.09020501 0.29309851
v -0.14052320 0.09020501 0.29576546
v -0.13949858 0.09020501 0.29722017
v -0.11496987 0.14348331 0.25495350
v -0.11496987 0.14386605 0.24493237
v -0.09497432 0.14586478 0.25495350
v -0.10497209 0.14478037 0.25495350
v -0.00499433 0.15760203 -0.40490681
v -0.00499433 0.15804856 -0.39496648
v -0.00027488 0.16001894 -0.35076028
v 0.00034610 0.16001894 -0.35076028
v 0.00494135 0.15935978 -0.36490303
v 0.00860513 0.15991971 -0.33702165
v 0.01006444 0.16000476 -0.33039474
v 0.01074751 0.16007563 -0.32489926
v 0.01493913 0.15914714 -0.34486073
v 0.01574640 0.15956533 -0.32489926
v -0.03511186 0.14933068 -0.47440833
v -0.03185171 0.15013158 -0.47077167
v -0.02498988 0.15137902 -0.46495295
v -0.03511186 0.15057102 -0.46543783
v -0.04498544 0.15021664 -0.46180111
v -0.02498988 0.15247053 -0.45485097
v -0.01499210 0.15500084 -0.43488950
v -0.03498766 0.15168379 -0.45485097
v -0.05010852 0.14999692 -0.46002316
v -0.02498988 0.15339193 -0.44491065
v -0.01499210 0.15563165 -0.42494911
v -0.01499210 0.15625536 -0.41492796
v -0.12350835 0.14059153 -0.48491442
v -0.11496987 0.14169721 -0.48491442
v -0.10497209 0.14262570 -0.48491442
v -0.07497876 0.14636801 -0.47489327
v -0.06498099 0.14713348 -0.47489327
v -0.05498321 0.14787769 -0.47489327
v -0.04498544 0.14858647 -0.47489327
v -0.13813242 0.09020501 -0.49832982
v -0.13807033 0.09501047 -0.49816817
v -0.13794613 0.10500415 -0.49776411
v -0.13788404 0.11501199 -0.49711758
v -0.14123732 0.11501199 -0.49218780
v -0.14058529 0.12302110 -0.49121803
v -0.14341076 0.11501199 -0.48491442
v -0.14480795 0.11501199 -0.47489327
v -0.14241718 0.12501274 -0.47489327
v -0.14024375 0.13042775 -0.48265153
v -0.13595900 0.13408501 -0.48556095
v -0.12981129 0.13996781 -0.47917646
v 0.01195842 0.16020322 -0.31487811
v 0.01292094 0.16030245 -0.30493778
v 0.01434920 0.16046546 -0.28497630
v 0.00494135 0.16169164 -0.25491285
v 0.00494135 0.16182630 -0.24489170
v 0.00494135 0.16191843 -0.23487057
v 0.00494135 0.16227283 -0.19494760
v 0.00494135 0.16235788 -0.18492645
v 0.01493913 0.16149318 -0.18492645
v 0.02391229 0.16046546 -0.18492645
v 0.02471956 0.16057178 -0.12488037
v 0.02481271 0.16057886 -0.11494003
v 0.02487481 0.16058595 -0.10491888
v 0.02481271 0.16058595 -0.09497855
v 0.02462641 0.16055760 -0.07509788
v 0.02419173 0.16050090 -0.03501328
v 0.02416068 0.16050090 -0.17490530
v 0.02440907 0.16052926 -0.15494381
v -0.00499433 0.16159241 0.04491346
v -0.00499433 0.16081277 0.09493840
v 0.00494135 0.16108209 0.08491725
v -0.00499433 0.16172707 0.03497313
v 0.00494135 0.16091907 0.09493840
v 0.00494135 0.16193262 0.02487116
v 0.00494135 0.16235788 -0.02507295
v 0.01493913 0.16156405 -0.03501328
v 0.00494135 0.16242167 -0.03501328
v 0.00494135 0.16072771 0.10495955
v 0.00065659 0.16003311 0.14132662
v -0.00049222 0.16003311 0.14132662
v 0.00438247 0.15973543 0.14480169
v 0.00494135 0.16047964 0.11489987
v 0.00217799 0.16011816 0.13486136
v -0.00499433 0.15772960 0.19490744
v -0.01499210 0.15643965 0.20492859
v -0.02498988 0.15434168 0.22489007
v -0.03498766 0.15281074 0.23491122
v -0.05482797 0.14955039 0.25487268
v -0.06498099 0.14868569 0.25495350
v -0.07497876 0.14781390 0.25495350
v -0.08497654 0.14687124 0.25495350
v -0.11496987 0.14421335 0.23491122
v -0.11496987 0.14448977 0.22489007
v -0.11496987 0.14496464 0.20492859
v -0.12499870 0.14239889 0.22489007
v -0.13052543 0.14027259 0.25495350
v -0.14086473 0.13130663 0.25495350
v -0.13571060 0.13648066 0.24493237
v -0.14412488 0.12501274 0.23491122
v -0.14797495 0.11501199 0.21494974
v -0.14760236 0.11501199 0.22489007
v -0.14996210 0.10990884 0.19910987
v -0.14965160 0.10850547 0.21494974
v -0.14943425 0.10751320 0.22489007
v -0.14921692 0.10624450 0.23491122
v -0.14813019 0.10500415 0.25495350
v -0.14903063 0.10421032 0.24444748
v -0.14160991 0.10500415 0.29269445
v -0.14589468 0.09020501 0.28493613
v -0.14809915 0.09020501 0.27459174
v -0.14698139 0.09020501 0.28008723
v -0.14207564 0.09501047 0.29301775
v -0.14952740 0.09705174 0.25495350
v -0.15011734 0.09020501 0.26020652
v -0.14903063 0.09428044 0.26424730
v -0.14937216 0.09020501 0.26594448
v -0.14878222 0.09020501 0.27014685
v -0.14415593 0.09020501 0.28913856
v -0.10497209 0.14524107 0.24493237
v -0.10497209 0.14564507 0.23491122
v -0.08497654 0.14745952 0.24493237
v -0.09497432 0.14640345 0.24493237
v -0.09497432 0.14687833 0.23491122
v -0.01499210 0.15680112 -0.40490681
v -0.01499210 0.15722638 -0.39496648
v -0.00499433 0.15887782 -0.37492418
v -0.00415601 0.15963620 -0.35439700
v -0.00129950 0.16009690 -0.34486073
v -0.00499433 0.16058595 -0.31487811
v -0.00499433 0.16078441 -0.30493778
v 0.00494135 0.16090490 -0.30493778
v -0.00499433 0.15925346 -0.36490303
v 0.00419617 0.15971416 -0.35439700
v 0.00494135 0.16069935 -0.31487811
v 0.00174330 0.16009690 -0.34486073
v 0.00674219 0.15982048 -0.34486073
v -0.03852724 0.14989060 -0.46899372
v -0.04498544 0.14965671 -0.46681166
v -0.05405174 0.14925271 -0.46398312
v -0.02498988 0.15414323 -0.43488950
v -0.05240614 0.15021664 -0.45485097
v -0.03498766 0.15253432 -0.44491065
v -0.06498099 0.14826043 -0.46495295
v -0.07497876 0.14740990 -0.46495295
v -0.02498988 0.15534814 -0.41492796
v -0.03498766 0.15325017 -0.43488950
v -0.12589912 0.14087504 -0.47545898
v -0.11496987 0.14266114 -0.47489327
v -0.10497209 0.14377391 -0.47489327
v -0.09497432 0.14471658 -0.47489327
v -0.08497654 0.14556710 -0.47489327
v -0.14263453 0.09020501 -0.49331921
v -0.14241718 0.09501047 -0.49315763
v -0.14188935 0.10500415 -0.49275351
v -0.14660880 0.09020501 -0.48491442
v -0.14608097 0.09501047 -0.48491442
v -0.14487006 0.10500415 -0.48491442
v -0.14657775 0.10500415 -0.47489327
v -0.14769551 0.10500415 -0.46495295
v -0.14570838 0.11501199 -0.46495295
v -0.14639145 0.11501199 -0.45485097
v -0.14303817 0.12501274 -0.46495295
v -0.14049214 0.13084593 -0.47489327
v -0.13409606 0.13665785 -0.47545898
v -0.13018388 0.14010248 -0.47246879
v -0.12499870 0.14151293 -0.46495295
v -0.00499433 0.16142939 -0.26493400
v -0.00499433 0.16158532 -0.25491285
v -0.00499433 0.16171290 -0.24489170
v -0.00499433 0.16181213 -0.23487057
v -0.00499433 0.16207437 -0.20488793
v -0.00499433 0.16223739 -0.18492645
v -0.00499433 0.16230826 -0.17490530
v 0.00494135 0.16242167 -0.17490530
v 0.01493913 0.16156405 -0.17490530
v 0.01493913 0.16172707 -0.11494003
v 0.01493913 0.16164911 -0.14492266
v 0.01493913 0.16173416 -0.10491888
v 0.01493913 0.16172707 -0.09497855
v 0.01493913 0.16170581 -0.08511903
v -0.01499210 0.16062847 0.04491346
v -0.01194930 0.16020322 0.09493840
v -0.01104888 0.16010399 0.10495955
v -0.01033476 0.16003311 0.11142480
v -0.00499433 0.16060722 0.10495955
v -0.00499433 0.16181922 0.02487116
v -0.01499210 0.16084820 0.02487116
v -0.01499210 0.16074896 0.03497313
v -0.00499433 0.16198932 0.00490968
v -0.00499433 0.16223739 -0.02507295
v -0.00499433 0.16230826 -0.03501328
v 0.00494135 0.16245711 -0.04511525
v 0.00494135 0.16259886 -0.09497855
v -0.00157894 0.16011816 0.13486136
v -0.00428020 0.15965746 0.14480169
v -0.00499433 0.15931726 0.15490365
v -0.00499433 0.15896995 0.16492482
v -0.01499210 0.15692161 0.19490744
v -0.02498988 0.15550406 0.20492859
v -0.03498766 0.15344155 0.22489007
v -0.04498544 0.15191060 0.23491122
v -0.06075833 0.15006779 0.24097238
v -0.07497876 0.14846598 0.24493237
v -0.10497209 0.14599237 0.22489007
v -0.10497209 0.14656647 0.20492859
v -0.10497209 0.14680745 0.19490744
v -0.11496987 0.14516310 0.19490744
v -0.12499870 0.14274620 0.20492859
v -0.13071172 0.14038599 0.24493237
v -0.13586585 0.13662241 0.23491122
v -0.14114417 0.13163267 0.23491122
v -0.14511845 0.12501274 0.19490744
v -0.14465271 0.12501274 0.21494974
v -0.14440432 0.12501274 0.22489007
v -0.14868908 0.11557192 0.18496712
v -0.14831649 0.11501199 0.20492859
v -0.15340853 0.09501047 0.19490744
v -0.15095566 0.10443004 0.20492859
v -0.15076937 0.10350155 0.21494974
v -0.14884433 0.11414729 0.19539233
v -0.15014838 0.11058217 0.18496712
v -0.15207343 0.10500415 0.16492482
v -0.15151455 0.10500415 0.18496712
v -0.15440209 0.09501047 0.16492482
v -0.15052097 0.10250218 0.22489007
v -0.15021048 0.10124058 0.23491122
v -0.15002419 0.10033335 0.24081077
v -0.14980684 0.09894416 0.24743767
v -0.15064517 0.09537195 0.24444748
v -0.15145244 0.09020501 0.24468993
v -0.15083146 0.09020501 0.25228661
v -0.09497432 0.14726105 0.22489007
v -0.07497876 0.14904717 0.23491122
v -0.08497654 0.14799818 0.23491122
v -0.08497654 0.14843762 0.22489007
v -0.02498988 0.15585136 -0.40490681
v -0.02498988 0.15625536 -0.39496648
v -0.01499210 0.15803438 -0.37492418
v -0.01499210 0.15867937 -0.35496271
v -0.00629839 0.15972126 -0.34486073
v -0.00555321 0.16030245 -0.32457602
v -0.01499210 0.15839586 -0.36490303
v -0.00924804 0.15994097 -0.32772782
v -0.01024161 0.16001894 -0.32102013
v -0.01095574 0.16009690 -0.31487811
v -0.01188721 0.16019613 -0.30493778
v -0.00499433 0.16094743 -0.29491663
v -0.04498544 0.15166253 -0.44491065
v -0.05740503 0.14977720 -0.45485097
v -0.08497654 0.14650977 -0.46495295
v -0.06498099 0.14911096 -0.45485097
v -0.03498766 0.15438421 -0.41492796
v -0.04498544 0.15232877 -0.43488950
v -0.05498321 0.15137902 -0.43488950
v -0.05585258 0.15061355 -0.44579959
v -0.06221763 0.15021664 -0.44297105
v -0.11496987 0.14326359 -0.46495295
v -0.10497209 0.14451103 -0.46495295
v -0.09497432 0.14556710 -0.46495295
v -0.14865804 0.09020501 -0.47481245
v -0.14800601 0.09501047 -0.47489327
v -0.14968266 0.09020501 -0.46761984
v -0.14931007 0.09488998 -0.46511453
v -0.15021048 0.09146662 -0.46180111
v -0.14974475 0.09841967 -0.45485097
v -0.14853384 0.10500415 -0.45485097
v -0.14924796 0.10462141 -0.44563794
v -0.14937216 0.10710920 -0.43488950
v -0.14698139 0.11501199 -0.44491065
v -0.14353494 0.12501274 -0.45485097
v -0.14393859 0.12501274 -0.44491065
v -0.14074054 0.13117196 -0.46495295
v -0.13543116 0.13617589 -0.46495295
v -0.13043228 0.14022297 -0.46495295
v -0.12499870 0.14212248 -0.44491065
v -0.12499870 0.14183897 -0.45485097
v -0.11496987 0.14409286 -0.44491065
v -0.11496987 0.14371720 -0.45485097
v -0.01499210 0.16062139 -0.25491285
v -0.01499210 0.16074188 -0.24489170
v -0.01499210 0.16084111 -0.23487057
v -0.01499210 0.16101122 -0.21498990
v -0.01499210 0.16125220 -0.18492645
v -0.01499210 0.16130890 -0.17490530
v -0.01499210 0.16135143 -0.16488415
v -0.00499433 0.16234371 -0.16488415
v 0.00494135 0.16245711 -0.16488415
v 0.00494135 0.16251381 -0.14492266
v 0.00494135 0.16257051 -0.12488037
v 0.00494135 0.16259177 -0.11494003
v 0.00494135 0.16261303 -0.10491888
v -0.02036358 0.16004020 0.04491346
v -0.01834540 0.15982048 0.07497691
v -0.01694819 0.15967163 0.09493840
v -0.01604777 0.15957950 0.10495955
v -0.00937224 0.15994097 0.11805169
v -0.00825447 0.15985592 0.12492102
v -0.00561531 0.16032371 0.11473824
v -0.02498988 0.15766582 0.14496332
v -0.02498988 0.15742484 0.15490365
v -0.01499210 0.15871480 0.14496332
v -0.01499210 0.15845256 0.15490365
v -0.00325558 0.16024575 0.12492102
v -0.02086036 0.16009690 0.03497313
v -0.01499210 0.16125220 -0.02507295
v -0.02188498 0.16022448 0.00490968
v -0.01499210 0.16132307 -0.03501328
v -0.00499433 0.16234371 -0.04511525
v -0.00499433 0.16247837 -0.09497855
v -0.00657783 0.15973543 0.13486136
v -0.01499210 0.15811235 0.16492482
v -0.02498988 0.15597185 0.19490744
v -0.03498766 0.15452597 0.20492859
v -0.06945205 0.14993313 0.22868840
v -0.05498321 0.15154204 0.22489007
v -0.04498544 0.15250596 0.22489007
v -0.05498321 0.15098211 0.23491122
v -0.06268337 0.15025917 0.23491122
v -0.06768225 0.14977720 0.23491122
v -0.09497432 0.14792022 0.20492859
v -0.09497432 0.14820373 0.19490744
v -0.09497432 0.14882745 0.16492482
v -0.09497432 0.14902590 0.15490365
v -0.10497209 0.14736030 0.16492482
v -0.08904396 0.14986934 0.15490365
v -0.10497209 0.14753039 0.15490365
v -0.11496987 0.14531903 0.18496712
v -0.11496987 0.14562380 0.16492482
v -0.12499870 0.14288795 0.19490744
v -0.13086696 0.14048521 0.23491122
v -0.13602109 0.13674290 0.22489007
v -0.14123732 0.13174607 0.22489007
v -0.14145467 0.13193035 0.20492859
v -0.14561523 0.12501274 0.16492482
v -0.14906166 0.11704616 0.14496332
v -0.14896852 0.11676974 0.15490365
v -0.14887537 0.11642953 0.16492482
v -0.14878222 0.11601844 0.17494597
v -0.15039678 0.11143979 0.16492482
v -0.15027258 0.11101452 0.17494597
v -0.15449524 0.09020501 0.19013931
v -0.15430894 0.09020501 0.19490744
v -0.15409161 0.09020501 0.20007963
v -0.15297385 0.09501047 0.20492859
v -0.15520938 0.09020501 0.17009701
v -0.15486783 0.09020501 0.18011816
v -0.15232182 0.10500415 0.15490365
v -0.15468153 0.09501047 0.15490365
v -0.15551986 0.09020501 0.16007586
v -0.15567510 0.09020501 0.15490365
v -0.15198028 0.09501047 0.22489007
v -0.15139034 0.09501047 0.23491122
v -0.15185608 0.09020501 0.23967935
v -0.07991555 0.14998983 0.19951393
v -0.07448198 0.14956456 0.22513251
v -0.06498099 0.15144281 0.20492859
v -0.07398520 0.15045053 0.20492859
v -0.03498766 0.15486617 -0.40490681
v -0.02498988 0.15702084 -0.37492418
v -0.03498766 0.15524891 -0.39496648
v -0.02498988 0.15763746 -0.35496271
v -0.01415378 0.15952988 -0.32457602
v -0.02498988 0.15736105 -0.36490303
v -0.01595462 0.15957241 -0.31487811
v -0.01688609 0.15965746 -0.30493778
v -0.01828330 0.15981339 -0.28497630
v -0.05976476 0.14997566 -0.44959795
v -0.07497876 0.14818247 -0.45485097
v -0.04498544 0.15339902 -0.41492796
v -0.06889316 0.14989060 -0.43755639
v -0.08497654 0.14723271 -0.45485097
v -0.10497209 0.14551748 -0.44491065
v -0.10497209 0.14506388 -0.45485097
v -0.09497432 0.14620499 -0.45485097
v -0.15030363 0.09020501 -0.46252847
v -0.15101776 0.09020501 -0.45485097
v -0.15055202 0.09341574 -0.45485097
v -0.15185608 0.09020501 -0.44523388
v -0.15089355 0.09585392 -0.44563794
v -0.14993104 0.09975924 -0.44935548
v -0.15021048 0.10102794 -0.44272858
v -0.15039678 0.10210527 -0.43488950
v -0.15067622 0.10316134 -0.42494911
v -0.15092461 0.10414653 -0.41492796
v -0.14958951 0.10816526 -0.42494911
v -0.14744712 0.11501199 -0.43488950
v -0.14781971 0.11501199 -0.42494911
v -0.14819230 0.11501199 -0.41492796
v -0.14428012 0.12501274 -0.43488950
v -0.14092684 0.13139169 -0.45485097
v -0.13564850 0.13640270 -0.45485097
v -0.13583480 0.13656572 -0.44491065
v -0.13064961 0.14035055 -0.45485097
v -0.12499870 0.14234219 -0.43488950
v -0.11496987 0.14490086 -0.41492796
v -0.11496987 0.14465988 -0.42494911
v -0.11496987 0.14441180 -0.43488950
v -0.10497209 0.14590022 -0.43488950
v -0.01999099 0.15999767 -0.26008505
v -0.02030148 0.16003311 -0.25491285
v -0.02082932 0.16009690 -0.24489170
v -0.02120190 0.16013943 -0.23487057
v -0.02188498 0.16022448 -0.21498990
v -0.02287855 0.16034497 -0.18492645
v -0.02309589 0.16036624 -0.17490530
v -0.00499433 0.16237205 -0.15494381
v -0.02334428 0.16040167 -0.15494381
v -0.01499210 0.16148609 -0.11494003
v -0.00499433 0.16247837 -0.11494003
v -0.00499433 0.16249254 -0.10491888
v -0.02536247 0.15945192 0.04491346
v -0.03498766 0.15763038 0.09493840
v -0.02498988 0.15877150 0.09493840
v -0.02498988 0.15859431 0.10495955
v -0.03498766 0.15658140 0.14496332
v -0.03498766 0.15634042 0.15490365
v -0.03498766 0.15603565 0.16492482
v -0.02498988 0.15709880 0.16492482
v -0.02620079 0.15955114 0.02487116
v -0.02585925 0.15950152 0.03497313
v -0.02287855 0.16034497 -0.02507295
v -0.02343743 0.16041584 -0.06507673
v -0.02309589 0.16036624 -0.03501328
v -0.01499210 0.16148609 -0.09497855
v -0.03498766 0.15497249 0.19490744
v -0.04498544 0.15353368 0.20492859
v -0.05498321 0.15250596 0.20492859
v -0.07081820 0.15008906 0.22198071
v -0.08435556 0.14953622 0.19571559
v -0.08323780 0.15042219 0.16492482
v -0.08823669 0.14977011 0.16492482
v -0.08963389 0.14994730 0.14496332
v -0.09497432 0.14918183 0.14496332
v -0.08404507 0.15053558 0.15490365
v -0.08463500 0.15062064 0.14496332
v -0.11496987 0.14576556 0.15490365
v -0.09652677 0.14947243 0.10495955
v -0.10497209 0.14765798 0.14496332
v -0.12499870 0.14322816 0.16492482
v -0.13099116 0.14057027 0.22489007
v -0.13611424 0.13684213 0.21494974
v -0.13620739 0.13692719 0.20492859
v -0.13630053 0.13700515 0.19490744
v -0.14151676 0.13199414 0.19490744
v -0.14598782 0.12501274 0.13486136
v -0.14586362 0.12501274 0.14496332
v -0.14931007 0.11793921 0.10495955
v -0.14924796 0.11774076 0.11489987
v -0.14918587 0.11752813 0.12492102
v -0.15086251 0.11274392 0.11489987
v -0.15070726 0.11228322 0.13486136
v -0.15052097 0.11178000 0.15490365
v -0.15387426 0.09020501 0.20492859
v -0.15362588 0.09020501 0.21018161
v -0.15250811 0.10500415 0.14496332
v -0.15573721 0.09501047 0.10495955
v -0.15533356 0.09501047 0.12492102
v -0.15489888 0.09501047 0.14496332
v -0.15592350 0.09020501 0.14496332
v -0.15579930 0.09020501 0.15013553
v -0.15309803 0.09020501 0.22012194
v -0.15250811 0.09020501 0.23014309
v -0.15219761 0.09020501 0.23491122
v -0.06498099 0.15180428 0.19490744
v -0.04498544 0.15494414 0.16492482
v -0.05498321 0.15381719 0.16492482
v -0.06498099 0.15266898 0.16492482
v -0.07497876 0.15146407 0.16492482
v -0.05498321 0.15288870 0.19490744
v -0.04498544 0.15384555 -0.40490681
v -0.03498766 0.15597895 -0.37492418
v -0.03498766 0.15562455 -0.38486451
v -0.03498766 0.15655304 -0.35496271
v -0.03498766 0.15629789 -0.36490303
v -0.02498988 0.15857305 -0.31487811
v -0.02498988 0.15876441 -0.30493778
v -0.02498988 0.15835333 -0.32489926
v -0.05498321 0.15237130 -0.41492796
v -0.07423359 0.14947243 -0.43448538
v -0.08497654 0.14781390 -0.44491065
v -0.09497432 0.14671531 -0.44491065
v -0.09497432 0.14715475 -0.43488950
v -0.15260126 0.09020501 -0.43488950
v -0.15176293 0.09501047 -0.43488950
v -0.15229076 0.09501047 -0.42494911
v -0.15328433 0.09501047 -0.40490681
v -0.15365691 0.09501047 -0.39496648
v -0.15092461 0.10584758 -0.40474522
v -0.14993104 0.10974582 -0.40789700
v -0.14878222 0.11409768 -0.40474522
v -0.14862698 0.11544434 -0.39496648
v -0.14875118 0.11588378 -0.38486451
v -0.14480795 0.12501274 -0.41492796
v -0.14108208 0.13156888 -0.44491065
v -0.13599004 0.13670038 -0.43488950
v -0.13083591 0.14044978 -0.44491065
v -0.12499870 0.14286669 -0.40490681
v -0.12499870 0.14270367 -0.41492796
v -0.12499870 0.14252648 -0.42494911
v -0.11496987 0.14512058 -0.40490681
v -0.10497209 0.14675075 -0.40490681
v -0.10497209 0.14648850 -0.41492796
v -0.10497209 0.14620499 -0.42494911
v -0.09497432 0.14784226 -0.41492796
v -0.09497432 0.14751622 -0.42494911
v -0.02530037 0.15945192 -0.25491285
v -0.02498988 0.15891325 -0.29491663
v -0.03498766 0.15775795 -0.29491663
v -0.02582821 0.15950152 -0.24489170
v -0.02620079 0.15955114 -0.23487057
v -0.03498766 0.15857305 -0.22493023
v -0.02787744 0.15973543 -0.18492645
v -0.02809478 0.15976378 -0.17490530
v -0.02834317 0.15979922 -0.15494381
v -0.02343743 0.16041584 -0.14492266
v -0.02374792 0.16045129 -0.11494003
v -0.02377897 0.16045837 -0.10491888
v -0.01499210 0.16149318 -0.10491888
v -0.03498766 0.15830371 0.04491346
v -0.04498544 0.15643965 0.09493840
v -0.04498544 0.15627663 0.10495955
v -0.03498766 0.15746027 0.10495955
v -0.04498544 0.15545446 0.14496332
v -0.04498544 0.15522765 0.15490365
v -0.04498544 0.15394476 0.19490744
v -0.03498766 0.15841003 0.03497313
v -0.02787744 0.15973543 -0.02507295
v -0.03498766 0.15879276 -0.01505180
v -0.03498766 0.15848799 0.02487116
v -0.02809478 0.15976378 -0.03501328
v -0.02834317 0.15979922 -0.05505558
v -0.02374792 0.16045129 -0.09497855
v -0.07497876 0.15169087 0.15490365
v -0.07497876 0.15253432 0.10495955
v -0.08991333 0.14998983 0.13930622
v -0.09152788 0.15023081 0.10495955
v -0.07497876 0.15186808 0.14496332
v -0.07497876 0.15204526 0.13486136
v -0.12499870 0.14333448 0.15490365
v -0.10497209 0.14811867 0.10495955
v -0.11496987 0.14586478 0.14496332
v -0.09689935 0.14952913 0.09493840
v -0.13111535 0.14063406 0.21494974
v -0.13120849 0.14070493 0.20492859
v -0.13130164 0.14075455 0.19490744
v -0.13648683 0.13716817 0.16492482
v -0.14170305 0.13217133 0.16492482
v -0.14164096 0.13211463 0.17494597
v -0.14626727 0.12501274 0.10495955
v -0.14955845 0.11874721 0.04491346
v -0.14940321 0.11824398 0.08491725
v -0.15111090 0.11338182 0.07497691
v -0.15092461 0.11294947 0.10495955
v -0.15347062 0.10500415 0.08491725
v -0.15322223 0.10500415 0.10495955
v -0.15306699 0.10500415 0.11489987
v -0.15589245 0.09501047 0.09493840
v -0.15694812 0.09020501 0.09493840
v -0.15685497 0.09020501 0.10011061
v -0.15666868 0.09020501 0.11013176
v -0.15657553 0.09020501 0.11489987
v -0.05498321 0.15408653 0.15490365
v -0.06498099 0.15291706 0.15490365
v -0.05498321 0.15279657 -0.40490681
v -0.04498544 0.15456140 -0.38486451
v -0.04498544 0.15488744 -0.37492418
v -0.04498544 0.15543319 -0.35496271
v -0.04498544 0.15519221 -0.36490303
v -0.03498766 0.15743901 -0.31487811
v -0.03498766 0.15722638 -0.32489926
v -0.03498766 0.15760911 -0.30493778
v -0.06498099 0.15132232 -0.41492796
v -0.08497654 0.14830296 -0.43488950
v -0.07960507 0.14995439 -0.40846270
v -0.08497654 0.14869986 -0.42494911
v -0.15316014 0.09020501 -0.42494911
v -0.15371902 0.09020501 -0.41492796
v -0.15418476 0.09020501 -0.40490681
v -0.15455735 0.09020501 -0.39496648
v -0.15492994 0.09020501 -0.38486451
v -0.15545776 0.09020501 -0.36975199
v -0.15430894 0.09501047 -0.37492418
v -0.15142140 0.10500415 -0.39496648
v -0.15201132 0.10500415 -0.37492418
v -0.15002419 0.11014982 -0.40118933
v -0.15011734 0.11044042 -0.39496648
v -0.15036573 0.11132638 -0.37492418
v -0.15048993 0.11168785 -0.36490303
v -0.14884433 0.11631612 -0.37492418
v -0.14893748 0.11669178 -0.36490303
v -0.14502530 0.12501274 -0.40490681
v -0.14521159 0.12501274 -0.39496648
v -0.14120628 0.13169645 -0.43488950
v -0.13620739 0.13689174 -0.41492796
v -0.13099116 0.14054900 -0.43488950
v -0.12499870 0.14298718 -0.39496648
v -0.11496987 0.14574429 -0.36490303
v -0.11496987 0.14560254 -0.37492418
v -0.11496987 0.14544660 -0.38486451
v -0.11496987 0.14528359 -0.39496648
v -0.10497209 0.14733903 -0.37492418
v -0.10497209 0.14715475 -0.38486451
v -0.10497209 0.14695629 -0.39496648
v -0.09497432 0.14860064 -0.38486451
v -0.09497432 0.14838092 -0.39496648
v -0.09497432 0.14813994 -0.40490681
v -0.08426242 0.14948660 -0.40498763
v -0.03498766 0.15803438 -0.27487433
v -0.03498766 0.15816905 -0.26493400
v -0.03498766 0.15841003 -0.24489170
v -0.04498544 0.15643255 -0.30493778
v -0.04498544 0.15726182 -0.23487057
v -0.04498544 0.15740357 -0.21498990
v -0.03498766 0.15885654 -0.18492645
v -0.03498766 0.15892035 -0.17490530
v -0.03498766 0.15904792 -0.12488037
v -0.02874681 0.15984175 -0.11494003
v -0.03498766 0.15907627 -0.10491888
v -0.02874681 0.15984175 -0.09497855
v -0.04498544 0.15707754 0.04491346
v -0.05498321 0.15521348 0.09493840
v -0.05498321 0.15507171 0.10495955
v -0.06498099 0.15311551 0.14496332
v -0.05498321 0.15429915 0.14496332
v -0.04498544 0.15718386 0.03497313
v -0.03498766 0.15892035 -0.03501328
v -0.04498544 0.15760203 -0.02507295
v -0.03498766 0.15894869 -0.04511525
v -0.02862261 0.15983465 -0.08511903
v -0.03498766 0.15906918 -0.09497855
v -0.03498766 0.15899831 -0.06507673
v -0.08497654 0.15115930 0.10495955
v -0.06498099 0.15382427 0.10495955
v -0.06498099 0.15396604 0.09493840
v -0.07497876 0.15265481 0.09493840
v -0.08497654 0.15127979 0.09493840
v -0.09190047 0.15028042 0.09493840
v -0.11496987 0.14624752 0.10495955
v -0.12499870 0.14341244 0.14496332
v -0.10497209 0.14820373 0.09493840
v -0.09242830 0.15037256 0.07497691
v -0.09320453 0.15050015 0.04491346
v -0.09820341 0.14971341 0.04491346
v -0.13148794 0.14089631 0.16492482
v -0.12499870 0.14369595 0.10495955
v -0.13654892 0.13721070 0.15490365
v -0.14176516 0.13221386 0.15490365
v -0.14636041 0.12501274 0.09493840
v -0.14958951 0.11884644 0.03497313
v -0.15129720 0.11384252 0.03497313
v -0.15120405 0.11362989 0.05493461
v -0.15399846 0.10500415 0.03497313
v -0.15381217 0.10500415 0.05493461
v -0.15660657 0.09501047 0.03497313
v -0.15766224 0.09020501 0.04046860
v -0.15728965 0.09020501 0.07012796
v -0.15722756 0.09020501 0.07497691
v -0.06498099 0.15170506 -0.40490681
v -0.05498321 0.15313677 -0.39496648
v -0.07348841 0.15039383 -0.41492796
v -0.05498321 0.15378176 -0.37492418
v -0.05498321 0.15428498 -0.35496271
v -0.04498544 0.15565291 -0.34486073
v -0.05498321 0.15405817 -0.36490303
v -0.04498544 0.15626954 -0.31487811
v -0.04498544 0.15586554 -0.33492041
v -0.04498544 0.15607108 -0.32489926
v -0.08044339 0.15005362 -0.40175503
v -0.07575499 0.15050015 -0.40498763
v -0.15561301 0.09020501 -0.36490303
v -0.15461944 0.09501047 -0.36490303
v -0.15486783 0.09501047 -0.35496271
v -0.15225972 0.10500415 -0.36490303
v -0.15247706 0.10500415 -0.35496271
v -0.15284964 0.10500415 -0.33492041
v -0.15058307 0.11197136 -0.35496271
v -0.14903063 0.11697529 -0.35496271
v -0.14539789 0.12501274 -0.38486451
v -0.14570838 0.12501274 -0.36490303
v -0.14129943 0.13179567 -0.42494911
v -0.14139257 0.13189492 -0.41492796
v -0.13630053 0.13696972 -0.40490681
v -0.13120849 0.14069076 -0.41492796
v -0.12499870 0.14322107 -0.37492418
v -0.12499870 0.14310767 -0.38486451
v -0.11496987 0.14586478 -0.35496271
v -0.10497209 0.14765088 -0.35496271
v -0.10497209 0.14750203 -0.36490303
v -0.09497432 0.14901173 -0.36490303
v -0.09497432 0.14880618 -0.37492418
v -0.08891977 0.14985517 -0.36490303
v -0.08808144 0.14974885 -0.37492418
v -0.08714997 0.14963543 -0.38486451
v -0.08615641 0.14951494 -0.39496648
v -0.04498544 0.15682238 -0.27487433
v -0.04498544 0.15707754 -0.25491285
v -0.04498544 0.15717676 -0.24489170
v -0.05498321 0.15521348 -0.30493778
v -0.05498321 0.15506463 -0.31487811
v -0.05498321 0.15591516 -0.24489170
v -0.05498321 0.15598603 -0.23487057
v -0.04498544 0.15760203 -0.18492645
v -0.04498544 0.15765873 -0.17490530
v -0.04498544 0.15768708 -0.16488415
v -0.04498544 0.15775795 -0.13490152
v -0.03498766 0.15906918 -0.11494003
v -0.04498544 0.15780757 -0.10491888
v -0.05498321 0.15581593 0.04491346
v -0.05498321 0.15598603 0.02487116
v -0.05498321 0.15591516 0.03497313
v -0.04498544 0.15765873 -0.03501328
v -0.05498321 0.15631206 -0.02507295
v -0.05498321 0.15624827 -0.01505180
v -0.04498544 0.15768708 -0.04511525
v -0.04498544 0.15780048 -0.09497855
v -0.06498099 0.15429915 0.06487495
v -0.06498099 0.15451887 0.04491346
v -0.07497876 0.15305880 0.05493461
v -0.07497876 0.15315804 0.04491346
v -0.07497876 0.15325017 0.03497313
v -0.08497654 0.15174049 0.04491346
v -0.11496987 0.14632548 0.09493840
v -0.10497209 0.14828169 0.08491725
v -0.09342187 0.15054268 0.03497313
v -0.09842075 0.14974885 0.03497313
v -0.13155003 0.14093174 0.15490365
v -0.11496987 0.14671531 0.03497313
v -0.12499870 0.14375265 0.09493840
v -0.13667312 0.13730992 0.12492102
v -0.14185831 0.13227765 0.13486136
v -0.14648460 0.12501274 0.07497691
v -0.14673300 0.12501274 0.03497313
v -0.14968266 0.11911577 -0.00511147
v -0.15135929 0.11398427 0.01493083
v -0.15437105 0.10500415 -0.02507295
v -0.15710336 0.09501047 -0.03501328
v -0.15691707 0.09501047 -0.00511147
v -0.15784854 0.09020501 0.01994140
v -0.15772434 0.09020501 0.03481150
v -0.06498099 0.15203109 -0.39496648
v -0.06498099 0.15261228 -0.37492418
v -0.06498099 0.15308008 -0.35496271
v -0.05498321 0.15488034 -0.32489926
v -0.06498099 0.15287453 -0.36490303
v -0.08115751 0.15013868 -0.39496648
v -0.07497876 0.15166253 -0.36490303
v -0.07497876 0.15140736 -0.37492418
v -0.15586139 0.09020501 -0.35496271
v -0.15620294 0.09020501 -0.33968854
v -0.15663762 0.09020501 -0.31972706
v -0.15508518 0.09501047 -0.34486073
v -0.15570615 0.09501047 -0.31487811
v -0.15334643 0.10500415 -0.30493778
v -0.15076937 0.11244624 -0.33492041
v -0.15092461 0.11290694 -0.31487811
v -0.14927901 0.11791086 -0.31487811
v -0.14148572 0.13197288 -0.40490681
v -0.14934111 0.11808097 -0.30493778
v -0.14626727 0.12501274 -0.31487811
v -0.13636263 0.13704059 -0.39496648
v -0.13136373 0.14079706 -0.39496648
v -0.12499870 0.14340535 -0.35496271
v -0.11496987 0.14606324 -0.33492041
v -0.10497209 0.14820373 -0.30493778
v -0.10497209 0.14810449 -0.31487811
v -0.10497209 0.14799818 -0.32489926
v -0.09652677 0.14947243 -0.31487811
v -0.09606104 0.14941573 -0.32489926
v -0.09559530 0.14935194 -0.33492041
v -0.09497432 0.14916766 -0.35496271
v -0.08991333 0.14998983 -0.34922481
v -0.08457290 0.15061355 -0.35496271
v -0.08392087 0.15051432 -0.36490303
v -0.08308255 0.15039383 -0.37492418
v -0.08215109 0.15027334 -0.38486451
v -0.06498099 0.15395895 -0.30493778
v -0.05498321 0.15581593 -0.25491285
v -0.06498099 0.15381719 -0.31487811
v -0.06498099 0.15364000 -0.32489926
v -0.06498099 0.15460393 -0.24489170
v -0.06498099 0.15451887 -0.25491285
v -0.05498321 0.15631206 -0.18492645
v -0.05498321 0.15635459 -0.17490530
v -0.05498321 0.15648925 -0.11494003
v -0.04498544 0.15780048 -0.11494003
v -0.05498321 0.15650344 -0.10491888
v -0.06498099 0.15460393 0.03497313
v -0.05498321 0.15635459 -0.03501328
v -0.06498099 0.15497249 -0.02507295
v -0.06498099 0.15466772 0.02487116
v -0.06498099 0.15502210 -0.03501328
v -0.05498321 0.15648925 -0.09497855
v -0.07497876 0.15358329 -0.02507295
v -0.08497654 0.15186808 0.02487116
v -0.08497654 0.15181136 0.03497313
v -0.10497209 0.14856520 0.04491346
v -0.08497654 0.15212323 -0.02507295
v -0.09370131 0.15059228 0.01493083
v -0.09857600 0.14977720 0.02487116
v -0.10497209 0.14862190 0.03497313
v -0.12499870 0.14403616 0.03497313
v -0.13170528 0.14105223 0.11489987
v -0.10497209 0.14866443 0.02487116
v -0.10497209 0.14886288 -0.02507295
v -0.10497209 0.14889124 -0.03501328
v -0.11496987 0.14687833 -0.02507295
v -0.13670416 0.13734536 0.11489987
v -0.14188935 0.13231309 0.12492102
v -0.14685719 0.12501274 0.00490968
v -0.14971370 0.11923626 -0.02507295
v -0.14201355 0.13241231 0.08491725
v -0.15148349 0.11427487 -0.03501328
v -0.15440209 0.10500415 -0.03501328
v -0.15713441 0.09501047 -0.04511525
v -0.15831427 0.09020501 -0.06063187
v -0.15822113 0.09020501 -0.03056842
v -0.15819007 0.09020501 -0.02507295
v -0.15800378 0.09020501 -0.00026253
v -0.07497876 0.15184681 -0.35496271
v -0.15673077 0.09020501 -0.31487811
v -0.15691707 0.09020501 -0.30493778
v -0.15586139 0.09501047 -0.30493778
v -0.15648238 0.09501047 -0.25491285
v -0.15378112 0.10500415 -0.26493400
v -0.15104881 0.11319754 -0.29491663
v -0.14170305 0.13215007 -0.37492418
v -0.15123510 0.11372203 -0.25491285
v -0.14946531 0.11846370 -0.27487433
v -0.14952740 0.11872595 -0.25491285
v -0.14955845 0.11882517 -0.24489170
v -0.14660880 0.12501274 -0.26493400
v -0.14179620 0.13223512 -0.35496271
v -0.13654892 0.13720360 -0.36490303
v -0.13142584 0.14085378 -0.38486451
v -0.12499870 0.14348331 -0.34486073
v -0.11496987 0.14632548 -0.30493778
v -0.11496987 0.14624752 -0.31487811
v -0.10497209 0.14835966 -0.28497630
v -0.09745824 0.14960709 -0.28497630
v -0.09717879 0.14956456 -0.29491663
v -0.09217991 0.15033004 -0.29491663
v -0.09186942 0.15028042 -0.30493778
v -0.09149683 0.15021664 -0.31487811
v -0.09106214 0.15015285 -0.32489926
v -0.08497654 0.15127979 -0.30493778
v -0.08497654 0.15114513 -0.31487811
v -0.07497876 0.15265481 -0.30493778
v -0.07497876 0.15251306 -0.31487811
v -0.07497876 0.15202400 -0.34486073
v -0.06498099 0.15466772 -0.23487057
v -0.07497876 0.15315804 -0.25491285
v -0.07497876 0.15323600 -0.24489170
v -0.07497876 0.15295959 -0.27487433
v -0.06498099 0.15485200 -0.20488793
v -0.06498099 0.15497249 -0.18492645
v -0.06498099 0.15502210 -0.17490530
v -0.06498099 0.15508589 -0.14492266
v -0.06498099 0.15514259 -0.11494003
v -0.06498099 0.15514968 -0.10491888
v -0.06498099 0.15514259 -0.09497855
v -0.07497876 0.15361874 -0.03501328
v -0.06498099 0.15508589 -0.06507673
v -0.08497654 0.15216576 -0.03501328
v -0.09385655 0.15061355 0.00490968
v -0.09426019 0.15067734 -0.02507295
v -0.09935223 0.14989769 -0.03501328
v -0.13189158 0.14119399 0.03497313
v -0.13179843 0.14111602 0.08491725
v -0.13173632 0.14107350 0.10495955
v -0.12499870 0.14417082 -0.03501328
v -0.09963167 0.14993313 -0.09497855
v -0.10497209 0.14890541 -0.04511525
v -0.11496987 0.14691377 -0.04511525
v -0.13673522 0.13736662 0.10495955
v -0.14698139 0.12501274 -0.03501328
v -0.14210670 0.13245484 0.05493461
v -0.14974475 0.11930005 -0.04511525
v -0.15151455 0.11434574 -0.06507673
v -0.15452629 0.10500415 -0.09497855
v -0.15443315 0.10500415 -0.04511525
v -0.15719651 0.09501047 -0.07509788
v -0.15840742 0.09020501 -0.10491888
v -0.15719651 0.09020501 -0.28497630
v -0.15753804 0.09020501 -0.25976181
v -0.15760015 0.09020501 -0.25491285
v -0.15766224 0.09020501 -0.24974066
v -0.15666868 0.09501047 -0.23487057
v -0.15406056 0.10500415 -0.23487057
v -0.15126614 0.11382125 -0.24489170
v -0.14958951 0.11889605 -0.23487057
v -0.14673300 0.12501274 -0.24489170
v -0.14192040 0.13233435 -0.32489926
v -0.13664207 0.13726740 -0.34486073
v -0.13155003 0.14093174 -0.36490303
v -0.13148794 0.14089631 -0.37492418
v -0.12499870 0.14369595 -0.31487811
v -0.12499870 0.14362507 -0.32489926
v -0.11496987 0.14665152 -0.25491285
v -0.10497209 0.14856520 -0.25491285
v -0.09842075 0.14974885 -0.24489170
v -0.09820341 0.14971341 -0.25491285
v -0.09245935 0.15037256 -0.28497630
v -0.09342187 0.15054268 -0.24489170
v -0.09320453 0.15050015 -0.25491285
v -0.08497654 0.15174049 -0.25491285
v -0.08497654 0.15146407 -0.28497630
v -0.07497876 0.15329978 -0.23487057
v -0.08497654 0.15181136 -0.24489170
v -0.07497876 0.15342028 -0.21498990
v -0.07497876 0.15358329 -0.18492645
v -0.07497876 0.15366127 -0.15494381
v -0.07497876 0.15361874 -0.17490530
v -0.07497876 0.15373923 -0.11494003
v -0.07497876 0.15373923 -0.09497855
v -0.07497876 0.15366127 -0.05505558
v -0.09441543 0.15071277 -0.04511525
v -0.09435334 0.15069860 -0.03501328
v -0.08497654 0.15226498 -0.09497855
v -0.13192262 0.14121525 0.01493083
v -0.13689046 0.13749421 0.03497313
v -0.13685942 0.13746585 0.05493461
v -0.13186052 0.14115855 0.05493461
v -0.11496987 0.14693503 -0.06507673
v -0.11496987 0.14695629 -0.08511903
v -0.12499870 0.14421335 -0.08511903
v -0.13198473 0.14127195 -0.04511525
v -0.13195367 0.14125068 -0.01505180
v -0.09463278 0.15075530 -0.10491888
v -0.09963167 0.14993313 -0.11494003
v -0.10497209 0.14898337 -0.10491888
v -0.14223088 0.13255407 -0.02507295
v -0.14704348 0.12501274 -0.08511903
v -0.14977580 0.11939219 -0.08511903
v -0.15154558 0.11441662 -0.10491888
v -0.15722756 0.09501047 -0.09497855
v -0.15452629 0.10500415 -0.11494003
v -0.15722756 0.09501047 -0.11494003
v -0.15719651 0.09501047 -0.13490152
v -0.15837637 0.09020501 -0.12059713
v -0.15787959 0.09020501 -0.22493023
v -0.15704127 0.09501047 -0.18492645
v -0.15710336 0.09501047 -0.17490530
v -0.15440209 0.10500415 -0.17490530
v -0.15129720 0.11389213 -0.23487057
v -0.15145244 0.11422525 -0.18492645
v -0.14962055 0.11895984 -0.22493023
v -0.14207564 0.13243358 -0.27487433
v -0.14201355 0.13239814 -0.29491663
v -0.14971370 0.11922918 -0.18492645
v -0.14695033 0.12501274 -0.18492645
v -0.13673522 0.13736662 -0.31487811
v -0.13667312 0.13730283 -0.33492041
v -0.13676627 0.13738789 -0.30493778
v -0.13170528 0.14105223 -0.32489926
v -0.12499870 0.14403616 -0.24489170
v -0.12499870 0.14375265 -0.30493778
v -0.11496987 0.14671531 -0.24489170
v -0.10497209 0.14862190 -0.24489170
v -0.09860705 0.14977720 -0.23487057
v -0.09360816 0.15057102 -0.23487057
v -0.08497654 0.15186808 -0.23487057
v -0.08497654 0.15212323 -0.18492645
v -0.08497654 0.15216576 -0.17490530
v -0.08497654 0.15218702 -0.16488415
v -0.08497654 0.15225081 -0.12488037
v -0.08497654 0.15226498 -0.11494003
v -0.08497654 0.15227208 -0.10491888
v -0.13692151 0.13750838 0.01493083
v -0.12499870 0.14422044 -0.09497855
v -0.11496987 0.14697047 -0.10491888
v -0.13198473 0.14127904 -0.06507673
v -0.13695256 0.13756508 -0.04511525
v -0.09447753 0.15071987 -0.15494381
v -0.09960062 0.14993313 -0.12488037
v -0.10497209 0.14894085 -0.14492266
v -0.11496987 0.14693503 -0.14492266
v -0.11496987 0.14695629 -0.12488037
v -0.13695256 0.13755091 -0.03501328
v -0.14226194 0.13257533 -0.08511903
v -0.14704348 0.12501274 -0.11494003
v -0.14977580 0.11942054 -0.10491888
v -0.14977580 0.11941346 -0.09497855
v -0.14977580 0.11939928 -0.11494003
v -0.14974475 0.11930005 -0.16488415
v -0.15151455 0.11434574 -0.14492266
v -0.15148349 0.11427487 -0.17490530
v -0.15443315 0.10500415 -0.16488415
v -0.15825216 0.09020501 -0.17037961
v -0.15809692 0.09020501 -0.19494760
v -0.15812798 0.09020501 -0.19017947
v -0.13689046 0.13749421 -0.24489170
v -0.13685942 0.13745168 -0.26493400
v -0.14216879 0.13251154 -0.22493023
v -0.14701244 0.12501274 -0.14492266
v -0.14223088 0.13253990 -0.18492645
v -0.14219984 0.13253281 -0.20488793
v -0.13186052 0.14117272 -0.26493400
v -0.13179843 0.14111602 -0.29491663
v -0.12499870 0.14415665 -0.18492645
v -0.11496987 0.14687833 -0.18492645
v -0.10497209 0.14889124 -0.17490530
v -0.10497209 0.14886288 -0.18492645
v -0.10497209 0.14874947 -0.21498990
v -0.09925908 0.14987642 -0.18492645
v -0.09426019 0.15067734 -0.18492645
v -0.09401180 0.15063481 -0.20488793
v -0.09435334 0.15069860 -0.17490530
v -0.12499870 0.14422044 -0.11494003
v -0.12499870 0.14419208 -0.15494381
v -0.13695256 0.13757217 -0.09497855
v -0.13198473 0.14127904 -0.14492266
v -0.09935223 0.14989769 -0.17490530
v -0.09947642 0.14991187 -0.15494381
v -0.11496987 0.14691377 -0.16488415
v -0.14226194 0.13257533 -0.12488037
v -0.14223088 0.13255407 -0.17490530
v -0.13695256 0.13752964 -0.20488793
v -0.13195367 0.14123651 -0.20488793
v -0.13192262 0.14121525 -0.22493023
v -0.12499870 0.14417082 -0.17490530
v -0.13198473 0.14127195 -0.16488415
v -0.13695256 0.13757217 -0.11494003
v -0.13695256 0.13756508 -0.15494381
f 1 2 3
f 1 3 4
f 1 4 11
f 1 11 25
f 1 25 48
f 1 48 76
f 1 76 112
f 1 112 153
f 1 153 195
f 1 195 244
f 1 244 298
f 1 298 300
f 1 300 356
f 1 356 355
f 1 355 354
f 1 354 425
f 1 425 513
f 1 513 586
f 1 586 585
f 1 585 689
f 1 689 600
f 1 600 599
f 1 599 607
f 1 607 606
f 1 606 714
f 1 714 604
f 1 604 713
f 1 713 712
f 1 712 711
f 1 711 814
f 1 814 922
f 1 922 1024
f 1 1024 1118
f 1 1118 1222
f 1 1222 1221
f 1 1221 1220
f 1 1220 1335
f 1 1335 1326
f 1 1326 1328
f 1 1328 1327
f 1 1327 1334
f 1 1334 1333
f 1 1333 1331
f 1 1331 1448
f 1 1448 1447
f 1 1447 1570
f 1 1570 1680
f 1 1680 1679
f 1 1679 1678
f 1 1678 1671
f 1 1671 1670
f 1 1670 1560
f 1 1560 1559
f 1 1559 1558
f 1 1558 1563
f 1 1563 1562
f 1 1562 1566
f 1 1566 1567
f 1 1567 1677
f 1 1677 1676
f 1 1676 1778
f 1 1778 1777
f 1 1777 1776
f 1 1776 1775
f 1 1775 1874
f 1 1874 1873
f 1 1873 1872
f 1 1872 1956
f 1 1956 1955
f 1 1955 2035
f 1 2035 2034
f 1 2034 2033
f 1 2033 2032
f 1 2032 2099
f 1 2099 2156
f 1 2156 2205
f 1 2205 2207
f 1 2207 2206
f 1 2206 2157
f 1 2157 2103
f 1 2103 2102
f 1 2102 2101
f 1 2101 2100
f 1 2100 2038
f 1 2038 2037
f 1 2037 1967
f 1 1967 1966
f 1 1966 1965
f 1 1965 1887
f 1 1887 1798
f 1 1798 1797
f 1 1797 1796
f 1 1796 1795
f 1 1795 1794
f 1 1794 1793
f 1 1793 1700
f 1 1700 1595
f 1 1595 1593
f 1 1593 1592
f 1 1592 1479
f 1 1479 1477
f 1 1477 1372
f 1 1372 1369
f 1 1369 1256
f 1 1256 1138
f 1 1138 1137
f 1 1137 1144
f 1 1144 1136
f 1 1136 1046
f 1 1046 951
f 1 951 840
f 1 840 740
f 1 740 637
f 1 637 739
f 1 739 738
f 1 738 737
f 1 737 736
f 1 736 633
f 1 633 538
f 1 538 537
f 1 537 535
f 1 535 447
f 1 447 534
f 1 534 533
f 1 533 532
f 1 532 443
f 1 443 520
f 1 520 611
f 1 611 517
f 1 517 516
f 1 516 515
f 1 515 428
f 1 428 427
f 1 427 426
f 1 426 358
f 1 358 357
f 1 357 301
f 1 301 249
f 1 249 197
f 1 197 196
f 1 196 155
f 1 155 154
f 1 154 114
f 1 114 77
f 1 77 49
f 1 49 27
f 1 27 26
f 1 26 12
f 1 12 5
f 1 5 6
f 1 6 7
f 1 7 2
f 2 7 8
f 2 8 3
f 3 8 9
f 3 9 10
f 3 10 4
f 4 10 11
f 5 12 6
f 6 12 13
f 6 13 14
f 6 14 15
f 6 15 7
f 7 15 8
f 8 16 17
f 8 17 9
f 8 15 18
f 8 18 19
f 8 19 16
f 9 20 10
f 9 17 21
f 9 21 22
f 9 22 23
f 9 23 20
f 10 20 11
f 11 20 24
f 11 24 25
f 12 26 13
f 13 26 27
f 13 27 28
f 13 28 29
f 13 29 14
f 14 30 31
f 14 31 15
f 14 29 32
f 14 32 30
f 15 31 33
f 15 33 18
f 16 19 34
f 16 34 35
f 16 35 36
f 16 36 37
f 16 37 17
f 17 37 21
f 18 33 38
f 18 38 19
f 19 38 39
f 19 39 34
f 20 23 24
f 21 37 40
f 21 40 22
f 22 41 42
f 22 42 43
f 22 43 23
f 22 40 41
f 23 44 45
f 23 45 24
f 23 43 46
f 23 46 47
f 23 47 44
f 24 45 48
f 24 48 25
f 27 49 50
f 27 50 28
f 28 50 29
f 29 50 51
f 29 51 52
f 29 52 53
f 29 53 54
f 29 54 32
f 30 32 55
f 30 55 56
f 30 56 57
f 30 57 31
f 31 58 33
f 31 57 58
f 32 54 55
f 33 58 38
f 34 59 60
f 34 60 35
f 34 39 59
f 35 60 36
f 36 60 37
f 37 61 62
f 37 62 63
f 37 63 40
f 37 60 61
f 38 58 64
f 38 64 65
f 38 65 66
f 38 66 67
f 38 67 39
f 39 67 59
f 40 63 41
f 41 63 68
f 41 68 42
f 42 68 69
f 42 69 70
f 42 70 71
f 42 71 72
f 42 72 46
f 42 46 43
f 44 48 45
f 44 47 73
f 44 73 74
f 44 74 48
f 46 73 47
f 46 72 73
f 48 74 75
f 48 75 76
f 49 77 78
f 49 78 50
f 50 78 51
f 51 78 79
f 51 79 80
f 51 80 52
f 52 80 81
f 52 81 82
f 52 82 83
f 52 83 84
f 52 84 85
f 52 85 53
f 53 85 54
f 54 85 55
f 55 85 86
f 55 86 87
f 55 87 56
f 56 87 57
f 57 87 88
f 57 88 89
f 57 89 58
f 58 89 64
f 59 90 91
f 59 91 60
f 59 67 92
f 59 92 93
f 59 93 90
f 60 94 61
f 60 91 95
f 60 95 94
f 61 94 95
f 61 95 96
f 61 96 62
f 62 96 97
f 62 97 98
f 62 98 63
f 63 98 99
f 63 99 68
f 64 89 100
f 64 100 101
f 64 101 65
f 65 101 102
f 65 102 66
f 66 103 67
f 66 102 103
f 67 103 102
f 67 102 92
f 68 99 104
f 68 104 69
f 69 104 70
f 70 104 105
f 70 105 106
f 70 106 71
f 71 106 107
f 71 107 72
f 72 107 108
f 72 108 73
f 73 75 74
f 73 108 109
f 73 109 110
f 73 110 75
f 75 110 111
f 75 111 112
f 75 112 76
f 77 113 78
f 77 114 115
f 77 115 113
f 78 113 79
f 79 115 116
f 79 116 80
f 79 113 115
f 80 116 117
f 80 117 118
f 80 118 81
f 81 118 119
f 81 119 120
f 81 120 121
f 81 121 82
f 82 121 122
f 82 122 83
f 83 122 84
f 84 122 85
f 85 122 86
f 86 122 123
f 86 123 124
f 86 124 87
f 87 124 125
f 87 125 88
f 88 125 89
f 89 125 100
f 90 126 127
f 90 127 91
f 90 93 131
f 90 131 126
f 91 127 128
f 91 128 95
f 92 129 130
f 92 130 93
f 92 102 129
f 93 130 131
f 95 132 96
f 95 128 133
f 95 133 132
f 96 132 97
f 97 132 134
f 97 134 98
f 98 134 135
f 98 135 99
f 99 135 104
f 100 136 137
f 100 137 138
f 100 138 101
f 100 125 136
f 101 138 139
f 101 139 102
f 102 139 138
f 102 138 140
f 102 140 129
f 104 135 141
f 104 141 105
f 105 141 142
f 105 142 143
f 105 143 106
f 106 143 144
f 106 144 145
f 106 145 107
f 107 145 146
f 107 146 147
f 107 147 109
f 107 109 108
f 109 148 149
f 109 149 110
f 109 147 150
f 109 150 148
f 110 151 111
f 110 149 152
f 110 152 151
f 111 151 112
f 112 151 152
f 112 152 153
f 114 154 115
f 115 154 155
f 115 155 196
f 115 196 156
f 115 156 116
f 116 156 157
f 116 157 158
f 116 158 117
f 117 158 118
f 118 158 159
f 118 159 160
f 118 160 119
f 119 160 161
f 119 161 162
f 119 162 120
f 120 162 121
f 121 162 122
f 122 162 123
f 123 162 163
f 123 163 164
f 123 164 124
f 124 164 165
f 124 165 125
f 125 165 136
f 126 166 167
f 126 167 127
f 126 131 173
f 126 173 166
f 127 167 168
f 127 168 128
f 128 168 169
f 128 169 175
f 128 175 133
f 129 140 182
f 129 182 170
f 129 170 171
f 129 171 130
f 130 172 131
f 130 171 172
f 131 172 173
f 132 174 134
f 132 133 175
f 132 175 174
f 134 174 135
f 135 176 141
f 135 174 177
f 135 177 178
f 135 178 176
f 136 179 180
f 136 180 137
f 136 165 179
f 137 180 138
f 138 180 181
f 138 181 182
f 138 182 140
f 141 183 184
f 141 184 142
f 141 176 185
f 141 185 183
f 142 184 186
f 142 186 187
f 142 187 144
f 142 144 143
f 144 188 145
f 144 187 188
f 145 188 146
f 146 189 147
f 146 188 190
f 146 190 191
f 146 191 189
f 147 189 150
f 148 192 152
f 148 152 149
f 148 150 193
f 148 193 194
f 148 194 192
f 150 189 193
f 152 195 153
f 152 192 244
f 152 244 195
f 156 196 197
f 156 197 198
f 156 198 199
f 156 199 157
f 157 199 200
f 157 200 158
f 158 200 159
f 159 200 201
f 159 201 160
f 160 201 202
f 160 202 203
f 160 203 161
f 161 203 204
f 161 204 205
f 161 205 162
f 162 205 206
f 162 206 163
f 163 206 207
f 163 207 208
f 163 208 164
f 164 208 209
f 164 209 165
f 165 209 179
f 166 173 210
f 166 210 167
f 167 210 168
f 168 211 169
f 168 210 212
f 168 212 211
f 169 211 175
f 170 182 213
f 170 213 171
f 171 213 214
f 171 214 215
f 171 215 210
f 171 210 172
f 172 210 173
f 174 175 216
f 174 216 217
f 174 217 218
f 174 218 177
f 175 211 216
f 176 178 185
f 177 218 178
f 178 218 219
f 178 219 220
f 178 220 221
f 178 221 222
f 178 222 185
f 179 223 224
f 179 224 225
f 179 225 180
f 179 209 223
f 180 225 226
f 180 226 227
f 180 227 228
f 180 228 181
f 181 228 182
f 182 228 229
f 182 229 230
f 182 230 213
f 183 185 231
f 183 231 184
f 184 231 232
f 184 232 233
f 184 233 186
f 185 222 234
f 185 234 231
f 186 235 187
f 186 233 236
f 186 236 235
f 187 235 237
f 187 237 238
f 187 238 188
f 188 238 190
f 189 239 193
f 189 191 239
f 190 240 191
f 190 238 241
f 190 241 240
f 191 240 242
f 191 242 243
f 191 243 239
f 192 194 245
f 192 245 246
f 192 246 244
f 193 245 194
f 193 239 247
f 193 247 243
f 193 243 248
f 193 248 245
f 197 249 198
f 198 249 250
f 198 250 199
f 199 250 251
f 199 251 252
f 199 252 200
f 200 252 201
f 201 252 253
f 201 253 254
f 201 254 255
f 201 255 202
f 202 255 203
f 203 256 257
f 203 257 204
f 203 255 258
f 203 258 256
f 204 257 309
f 204 309 259
f 204 259 205
f 205 259 260
f 205 260 207
f 205 207 206
f 207 260 261
f 207 261 262
f 207 262 263
f 207 263 208
f 208 263 264
f 208 264 265
f 208 265 209
f 209 265 223
f 210 266 267
f 210 267 212
f 210 215 273
f 210 273 266
f 211 268 269
f 211 269 216
f 211 212 270
f 211 270 268
f 212 267 270
f 213 271 272
f 213 272 214
f 213 230 283
f 213 283 271
f 214 272 273
f 214 273 215
f 216 269 217
f 217 274 219
f 217 219 218
f 217 269 275
f 217 275 276
f 217 276 274
f 219 274 220
f 220 274 221
f 221 274 222
f 222 274 277
f 222 277 278
f 222 278 279
f 222 279 234
f 223 265 280
f 223 280 224
f 224 280 281
f 224 281 282
f 224 282 225
f 225 282 226
f 226 282 227
f 227 282 228
f 228 282 283
f 228 283 229
f 229 283 230
f 231 234 288
f 231 288 284
f 231 284 285
f 231 285 286
f 231 286 232
f 232 286 287
f 232 287 233
f 233 287 236
f 234 279 288
f 235 236 289
f 235 289 237
f 236 287 290
f 236 290 289
f 237 291 238
f 237 289 291
f 238 291 241
f 239 243 247
f 240 292 242
f 240 241 293
f 240 293 294
f 240 294 295
f 240 295 292
f 241 291 293
f 242 296 243
f 242 292 296
f 243 297 248
f 243 296 297
f 244 246 298
f 245 299 246
f 245 248 297
f 245 297 299
f 246 300 298
f 246 299 300
f 249 301 250
f 250 301 302
f 250 302 251
f 251 302 303
f 251 303 252
f 252 303 254
f 252 254 253
f 254 303 304
f 254 304 255
f 255 304 305
f 255 305 258
f 256 306 257
f 256 258 307
f 256 307 308
f 256 308 306
f 257 306 309
f 258 310 311
f 258 311 307
f 258 305 310
f 259 309 312
f 259 312 313
f 259 313 314
f 259 314 260
f 260 314 261
f 261 315 316
f 261 316 317
f 261 317 262
f 261 314 315
f 262 317 263
f 263 317 318
f 263 318 264
f 264 318 319
f 264 319 265
f 265 319 280
f 266 273 320
f 266 320 321
f 266 321 267
f 267 321 270
f 268 322 269
f 268 270 322
f 269 322 275
f 270 321 322
f 271 283 323
f 271 323 320
f 271 320 272
f 272 320 273
f 274 324 277
f 274 276 325
f 274 325 324
f 275 322 326
f 275 326 276
f 276 326 327
f 276 327 325
f 277 324 278
f 278 324 279
f 279 324 328
f 279 328 329
f 279 329 288
f 280 330 331
f 280 331 332
f 280 332 281
f 280 319 379
f 280 379 330
f 281 332 282
f 282 332 333
f 282 333 334
f 282 334 283
f 283 334 323
f 284 288 329
f 284 329 335
f 284 335 285
f 285 335 286
f 286 335 336
f 286 336 287
f 287 336 337
f 287 337 338
f 287 338 290
f 289 339 291
f 289 290 340
f 289 340 341
f 289 341 339
f 290 338 340
f 291 342 293
f 291 339 343
f 291 343 344
f 291 344 342
f 292 295 345
f 292 345 346
f 292 346 296
f 293 342 347
f 293 347 294
f 294 347 348
f 294 348 349
f 294 349 295
f 295 350 351
f 295 351 345
f 295 349 350
f 296 346 352
f 296 352 297
f 297 352 299
f 299 353 354
f 299 354 355
f 299 355 356
f 299 356 300
f 299 352 353
f 301 357 302
f 302 357 358
f 302 358 359
f 302 359 303
f 303 359 360
f 303 360 361
f 303 361 304
f 304 362 363
f 304 363 305
f 304 361 362
f 305 363 364
f 305 364 310
f 306 365 366
f 306 366 367
f 306 367 309
f 306 308 365
f 307 311 368
f 307 368 369
f 307 369 308
f 308 369 370
f 308 370 365
f 309 367 312
f 310 371 311
f 310 364 371
f 311 371 372
f 311 372 373
f 311 373 374
f 311 374 368
f 312 367 375
f 312 375 376
f 312 376 313
f 313 376 314
f 314 376 315
f 315 376 377
f 315 377 316
f 316 377 317
f 317 377 378
f 317 378 379
f 317 379 318
f 318 379 319
f 320 323 387
f 320 387 380
f 320 380 381
f 320 381 382
f 320 382 383
f 320 383 321
f 321 383 384
f 321 384 322
f 322 384 385
f 322 385 386
f 322 386 326
f 323 334 387
f 324 388 328
f 324 325 389
f 324 389 388
f 325 327 390
f 325 390 391
f 325 391 392
f 325 392 389
f 326 391 327
f 326 386 391
f 327 391 390
f 328 388 329
f 329 388 393
f 329 393 394
f 329 394 395
f 329 395 335
f 330 396 397
f 330 397 331
f 330 379 396
f 331 397 398
f 331 398 332
f 332 398 399
f 332 399 333
f 333 399 400
f 333 400 387
f 333 387 334
f 335 401 336
f 335 395 401
f 336 401 337
f 337 401 402
f 337 402 338
f 338 402 403
f 338 403 404
f 338 404 405
f 338 405 406
f 338 406 340
f 339 341 343
f 340 406 341
f 341 406 407
f 341 407 408
f 341 408 409
f 341 409 343
f 342 344 410
f 342 410 411
f 342 411 347
f 343 409 344
f 344 409 412
f 344 412 410
f 345 413 414
f 345 414 346
f 345 351 413
f 346 415 416
f 346 416 352
f 346 414 415
f 347 411 417
f 347 417 348
f 348 417 418
f 348 418 419
f 348 419 349
f 349 419 420
f 349 420 350
f 350 421 351
f 350 420 422
f 350 422 423
f 350 423 421
f 351 421 413
f 352 424 353
f 352 416 424
f 353 424 354
f 354 424 425
f 358 426 359
f 359 426 427
f 359 427 428
f 359 428 429
f 359 429 430
f 359 430 360
f 360 430 362
f 360 362 361
f 362 430 431
f 362 431 364
f 362 364 363
f 364 431 432
f 364 432 371
f 365 433 434
f 365 434 435
f 365 435 366
f 365 370 433
f 366 435 436
f 366 436 367
f 367 436 375
f 368 374 369
f 369 437 438
f 369 438 439
f 369 439 370
f 369 374 440
f 369 440 437
f 370 441 433
f 370 439 441
f 371 442 372
f 371 432 443
f 371 443 442
f 372 442 444
f 372 444 445
f 372 445 373
f 373 446 447
f 373 447 448
f 373 448 449
f 373 449 374
f 373 445 450
f 373 450 446
f 374 449 451
f 374 451 452
f 374 452 440
f 375 436 453
f 375 453 376
f 376 453 454
f 376 454 377
f 377 455 456
f 377 456 457
f 377 457 458
f 377 458 378
f 377 454 455
f 378 458 379
f 379 458 396
f 380 387 459
f 380 459 381
f 381 459 382
f 382 459 461
f 382 461 383
f 383 460 384
f 383 461 460
f 384 460 385
f 385 460 386
f 386 460 462
f 386 462 463
f 386 463 464
f 386 464 391
f 387 400 465
f 387 465 466
f 387 466 467
f 387 467 468
f 387 468 459
f 388 469 393
f 388 389 470
f 388 470 471
f 388 471 469
f 389 392 472
f 389 472 470
f 391 464 392
f 392 464 472
f 393 469 473
f 393 473 394
f 394 473 395
f 395 473 401
f 396 474 475
f 396 475 397
f 396 458 476
f 396 476 474
f 397 475 477
f 397 477 398
f 398 477 399
f 399 477 465
f 399 465 400
f 401 473 478
f 401 478 479
f 401 479 402
f 402 480 403
f 402 479 480
f 403 480 481
f 403 481 482
f 403 482 404
f 404 482 405
f 405 483 484
f 405 484 408
f 405 408 407
f 405 407 406
f 405 482 485
f 405 485 483
f 408 486 409
f 408 484 487
f 408 487 486
f 409 486 491
f 409 491 412
f 410 412 488
f 410 488 489
f 410 489 411
f 411 489 490
f 411 490 417
f 412 491 488
f 413 492 493
f 413 493 414
f 413 421 492
f 414 493 415
f 415 493 494
f 415 494 495
f 415 495 416
f 416 495 496
f 416 496 424
f 417 497 418
f 417 490 498
f 417 498 497
f 418 499 500
f 418 500 419
f 418 497 499
f 419 501 502
f 419 502 503
f 419 503 504
f 419 504 505
f 419 505 506
f 419 506 420
f 419 500 501
f 420 506 507
f 420 507 422
f 421 508 509
f 421 509 492
f 421 423 510
f 421 510 508
f 422 505 511
f 422 511 512
f 422 512 510
f 422 510 423
f 422 507 506
f 422 506 505
f 424 513 425
f 424 496 495
f 424 495 514
f 424 514 513
f 428 515 429
f 429 515 516
f 429 516 431
f 429 431 430
f 431 516 517
f 431 517 518
f 431 518 519
f 431 519 432
f 432 519 520
f 432 520 443
f 433 521 522
f 433 522 434
f 433 441 523
f 433 523 521
f 434 522 435
f 435 522 524
f 435 524 436
f 436 524 525
f 436 525 453
f 437 526 527
f 437 527 528
f 437 528 438
f 437 440 526
f 438 528 529
f 438 529 530
f 438 530 441
f 438 441 439
f 440 452 531
f 440 531 526
f 441 530 523
f 442 443 532
f 442 532 444
f 444 532 533
f 444 533 445
f 445 533 534
f 445 534 450
f 446 450 534
f 446 534 447
f 447 535 448
f 448 535 536
f 448 536 449
f 449 536 537
f 449 537 538
f 449 538 539
f 449 539 451
f 451 539 540
f 451 540 452
f 452 541 542
f 452 542 543
f 452 543 544
f 452 544 531
f 452 540 545
f 452 545 541
f 453 525 546
f 453 546 547
f 453 547 548
f 453 548 455
f 453 455 454
f 455 548 549
f 455 549 456
f 456 549 476
f 456 476 457
f 457 476 458
f 459 468 550
f 459 550 551
f 459 551 552
f 459 552 461
f 460 461 552
f 460 552 553
f 460 553 462
f 462 553 463
f 463 553 554
f 463 554 464
f 464 555 472
f 464 554 555
f 465 477 556
f 465 556 466
f 466 556 557
f 466 557 467
f 467 557 468
f 468 557 550
f 469 471 558
f 469 558 473
f 470 559 471
f 470 472 555
f 470 555 559
f 471 559 558
f 473 560 478
f 473 558 561
f 473 561 562
f 473 562 560
f 474 563 564
f 474 564 475
f 474 476 563
f 475 564 565
f 475 565 477
f 476 566 563
f 476 549 566
f 477 565 567
f 477 567 568
f 477 568 556
f 478 560 569
f 478 569 479
f 479 569 570
f 479 570 480
f 480 570 481
f 481 570 571
f 481 571 482
f 482 572 485
f 482 571 572
f 483 573 574
f 483 574 575
f 483 575 487
f 483 487 484
f 483 485 572
f 483 572 576
f 483 576 577
f 483 577 573
f 486 487 575
f 486 575 491
f 488 491 578
f 488 578 489
f 489 578 579
f 489 579 580
f 489 580 490
f 490 580 498
f 491 581 578
f 491 575 582
f 491 582 581
f 492 509 583
f 492 583 584
f 492 584 493
f 493 584 494
f 494 585 586
f 494 586 514
f 494 514 495
f 494 584 585
f 497 498 587
f 497 587 588
f 497 588 499
f 498 580 589
f 498 589 587
f 499 590 501
f 499 501 500
f 499 588 590
f 501 591 502
f 501 590 592
f 501 592 591
f 502 591 593
f 502 593 594
f 502 594 595
f 502 595 503
f 503 595 504
f 504 595 505
f 505 595 596
f 505 596 597
f 505 597 511
f 508 598 599
f 508 599 509
f 508 510 598
f 509 600 583
f 509 599 600
f 510 512 601
f 510 601 602
f 510 602 603
f 510 603 604
f 510 604 605
f 510 605 606
f 510 606 607
f 510 607 598
f 511 597 512
f 512 597 608
f 512 608 609
f 512 609 610
f 512 610 601
f 513 514 586
f 517 611 518
f 518 611 519
f 519 611 520
f 521 523 612
f 521 612 613
f 521 613 522
f 522 613 614
f 522 614 524
f 523 530 615
f 523 615 612
f 524 614 616
f 524 616 546
f 524 546 525
f 526 617 618
f 526 618 619
f 526 619 620
f 526 620 621
f 526 621 622
f 526 622 527
f 526 531 617
f 527 622 726
f 527 726 623
f 527 623 624
f 527 624 625
f 527 625 528
f 528 625 626
f 528 626 529
f 529 626 627
f 529 627 628
f 529 628 629
f 529 629 530
f 530 629 615
f 531 544 630
f 531 630 631
f 531 631 632
f 531 632 617
f 535 537 536
f 538 633 539
f 539 633 736
f 539 736 634
f 539 634 635
f 539 635 540
f 540 636 545
f 540 635 637
f 540 637 740
f 540 740 636
f 541 545 638
f 541 638 639
f 541 639 542
f 542 639 640
f 542 640 543
f 543 640 544
f 544 640 641
f 544 641 630
f 545 636 642
f 545 642 643
f 545 643 644
f 545 644 645
f 545 645 646
f 545 646 647
f 545 647 638
f 546 616 648
f 546 648 649
f 546 649 650
f 546 650 651
f 546 651 652
f 546 652 653
f 546 653 547
f 547 653 549
f 547 549 548
f 549 654 655
f 549 655 656
f 549 656 566
f 549 653 654
f 550 557 657
f 550 657 658
f 550 658 551
f 551 658 552
f 552 659 660
f 552 660 553
f 552 658 659
f 553 660 661
f 553 661 554
f 554 661 555
f 555 662 559
f 555 661 662
f 556 663 664
f 556 664 557
f 556 568 665
f 556 665 663
f 557 664 666
f 557 666 657
f 558 559 667
f 558 667 668
f 558 668 561
f 559 662 669
f 559 669 667
f 560 670 676
f 560 676 569
f 560 562 668
f 560 668 671
f 560 671 670
f 561 668 562
f 563 672 673
f 563 673 674
f 563 674 564
f 563 566 672
f 564 674 565
f 565 674 675
f 565 675 567
f 566 656 672
f 567 675 665
f 567 665 568
f 569 676 570
f 570 676 677
f 570 677 571
f 571 677 572
f 572 677 678
f 572 678 576
f 573 577 679
f 573 679 574
f 574 680 582
f 574 582 575
f 574 679 680
f 576 681 683
f 576 683 577
f 576 678 682
f 576 682 681
f 577 683 679
f 578 581 579
f 579 581 684
f 579 684 685
f 579 685 580
f 580 686 589
f 580 685 686
f 581 582 687
f 581 687 688
f 581 688 684
f 582 680 687
f 583 600 689
f 583 689 584
f 584 689 585
f 587 690 588
f 587 589 686
f 587 686 691
f 587 691 690
f 588 690 692
f 588 692 590
f 590 692 693
f 590 693 592
f 591 592 694
f 591 694 695
f 591 695 593
f 592 693 696
f 592 696 697
f 592 697 694
f 593 698 594
f 593 695 699
f 593 699 700
f 593 700 701
f 593 701 702
f 593 702 698
f 594 698 595
f 595 703 704
f 595 704 811
f 595 811 917
f 595 917 1022
f 595 1022 921
f 595 921 814
f 595 814 711
f 595 711 710
f 595 710 709
f 595 709 708
f 595 708 609
f 595 609 608
f 595 608 597
f 595 597 596
f 595 698 705
f 595 705 706
f 595 706 707
f 595 707 703
f 598 607 599
f 601 603 602
f 601 610 708
f 601 708 709
f 601 709 710
f 601 710 711
f 601 711 712
f 601 712 603
f 603 712 713
f 603 713 604
f 604 714 605
f 605 714 606
f 609 708 610
f 612 615 715
f 612 715 716
f 612 716 717
f 612 717 613
f 613 717 718
f 613 718 614
f 614 718 719
f 614 719 616
f 615 629 720
f 615 720 715
f 616 719 648
f 617 632 721
f 617 721 722
f 617 722 618
f 618 722 723
f 618 723 619
f 619 723 620
f 620 723 724
f 620 724 621
f 621 724 622
f 622 724 725
f 622 725 726
f 623 726 727
f 623 727 728
f 623 728 624
f 624 728 729
f 624 729 625
f 625 729 730
f 625 730 731
f 625 731 627
f 625 627 626
f 627 731 732
f 627 732 628
f 628 732 733
f 628 733 734
f 628 734 629
f 629 734 720
f 630 641 735
f 630 735 631
f 631 735 632
f 632 735 721
f 634 736 737
f 634 737 738
f 634 738 635
f 635 738 739
f 635 739 637
f 636 740 741
f 636 741 642
f 638 647 639
f 639 742 735
f 639 735 640
f 639 647 646
f 639 646 645
f 639 645 743
f 639 743 742
f 640 735 641
f 642 741 643
f 643 741 842
f 643 842 744
f 643 744 747
f 643 747 745
f 643 745 746
f 643 746 644
f 644 746 645
f 645 746 745
f 645 745 747
f 645 747 743
f 648 719 748
f 648 748 649
f 649 748 749
f 649 749 650
f 650 749 651
f 651 749 750
f 651 750 654
f 651 654 653
f 651 653 652
f 654 750 751
f 654 751 655
f 655 751 752
f 655 752 753
f 655 753 656
f 656 753 672
f 657 666 754
f 657 754 658
f 658 754 659
f 659 754 755
f 659 755 660
f 660 755 757
f 660 757 661
f 661 756 758
f 661 758 662
f 661 757 756
f 662 758 669
f 663 665 761
f 663 761 759
f 663 759 664
f 664 759 760
f 664 760 666
f 665 675 761
f 666 760 754
f 667 669 758
f 667 758 762
f 667 762 668
f 668 762 763
f 668 763 764
f 668 764 671
f 670 671 764
f 670 764 676
f 672 753 765
f 672 765 766
f 672 766 673
f 673 766 767
f 673 767 674
f 674 767 768
f 674 768 769
f 674 769 761
f 674 761 675
f 676 764 770
f 676 770 771
f 676 771 678
f 676 678 677
f 678 771 772
f 678 772 682
f 679 773 774
f 679 774 775
f 679 775 680
f 679 683 773
f 680 775 687
f 681 682 776
f 681 776 778
f 681 778 683
f 682 772 776
f 683 777 773
f 683 778 779
f 683 779 777
f 684 688 685
f 685 780 781
f 685 781 686
f 685 688 780
f 686 782 691
f 686 781 782
f 687 774 688
f 687 775 774
f 688 774 783
f 688 783 784
f 688 784 785
f 688 785 786
f 688 786 780
f 690 787 692
f 690 691 788
f 690 788 787
f 691 782 788
f 692 787 789
f 692 789 693
f 693 789 790
f 693 790 791
f 693 791 697
f 693 697 696
f 694 697 792
f 694 792 695
f 695 792 793
f 695 793 794
f 695 794 699
f 697 791 795
f 697 795 796
f 697 796 797
f 697 797 798
f 697 798 799
f 697 799 800
f 697 800 792
f 698 702 706
f 698 706 705
f 699 794 801
f 699 801 700
f 700 801 701
f 701 801 802
f 701 802 702
f 702 802 803
f 702 803 804
f 702 804 706
f 703 805 704
f 703 707 805
f 704 806 807
f 704 807 808
f 704 808 809
f 704 809 810
f 704 810 811
f 704 805 812
f 704 812 806
f 706 804 803
f 706 803 813
f 706 813 707
f 707 813 920
f 707 920 812
f 707 812 805
f 715 720 815
f 715 815 716
f 716 816 717
f 716 815 817
f 716 817 818
f 716 818 819
f 716 819 820
f 716 820 821
f 716 821 822
f 716 822 816
f 717 816 718
f 718 816 823
f 718 823 824
f 718 824 719
f 719 824 825
f 719 825 826
f 719 826 748
f 720 734 818
f 720 818 817
f 720 817 815
f 721 827 723
f 721 723 722
f 721 735 827
f 723 827 735
f 723 735 828
f 723 828 829
f 723 829 830
f 723 830 724
f 724 830 725
f 725 830 831
f 725 831 726
f 726 831 727
f 727 831 832
f 727 832 833
f 727 833 728
f 728 833 729
f 729 833 730
f 730 834 835
f 730 835 732
f 730 732 731
f 730 833 834
f 732 835 836
f 732 836 733
f 733 836 837
f 733 837 838
f 733 838 734
f 734 838 818
f 735 742 839
f 735 839 933
f 735 933 828
f 740 840 841
f 740 841 842
f 740 842 741
f 742 843 839
f 742 743 844
f 742 844 845
f 742 845 846
f 742 846 847
f 742 847 848
f 742 848 843
f 743 747 849
f 743 849 850
f 743 850 851
f 743 851 844
f 744 852 851
f 744 851 850
f 744 850 849
f 744 849 747
f 744 842 852
f 748 826 853
f 748 853 749
f 749 854 855
f 749 855 750
f 749 853 854
f 750 855 856
f 750 856 751
f 751 856 857
f 751 857 752
f 752 857 858
f 752 858 859
f 752 859 860
f 752 860 753
f 753 860 861
f 753 861 765
f 754 760 862
f 754 862 863
f 754 863 755
f 755 863 864
f 755 864 865
f 755 865 757
f 756 757 865
f 756 865 866
f 756 866 758
f 758 867 762
f 758 866 867
f 759 761 868
f 759 868 760
f 760 868 862
f 761 769 869
f 761 869 868
f 762 870 763
f 762 867 871
f 762 871 870
f 763 870 872
f 763 872 873
f 763 873 764
f 764 873 770
f 765 861 766
f 766 861 874
f 766 874 767
f 767 874 768
f 768 874 875
f 768 875 869
f 768 869 769
f 770 873 771
f 771 873 876
f 771 876 772
f 772 876 877
f 772 877 878
f 772 878 879
f 772 879 880
f 772 880 776
f 773 881 783
f 773 783 774
f 773 777 881
f 776 880 882
f 776 882 883
f 776 883 778
f 777 884 881
f 777 779 778
f 777 778 883
f 777 883 885
f 777 885 886
f 777 886 884
f 780 786 781
f 781 887 782
f 781 786 888
f 781 888 889
f 781 889 887
f 782 887 890
f 782 890 788
f 783 881 784
f 784 891 888
f 784 888 785
f 784 881 892
f 784 892 891
f 785 888 786
f 787 788 893
f 787 893 894
f 787 894 895
f 787 895 789
f 788 890 896
f 788 896 893
f 789 895 897
f 789 897 898
f 789 898 899
f 789 899 790
f 790 795 791
f 790 899 795
f 792 800 900
f 792 900 793
f 793 900 901
f 793 901 794
f 794 901 801
f 795 899 796
f 796 899 902
f 796 902 903
f 796 903 797
f 797 903 798
f 798 904 900
f 798 900 800
f 798 800 799
f 798 903 905
f 798 905 904
f 801 901 906
f 801 906 802
f 802 906 803
f 803 906 907
f 803 907 813
f 806 812 908
f 806 908 807
f 807 908 808
f 808 908 909
f 808 909 910
f 808 910 809
f 809 910 911
f 809 911 912
f 809 912 810
f 810 913 914
f 810 914 915
f 810 915 811
f 810 912 916
f 810 916 913
f 811 915 918
f 811 918 919
f 811 919 917
f 812 920 908
f 813 907 920
f 814 921 1023
f 814 1023 922
f 816 822 823
f 818 838 923
f 818 923 924
f 818 924 819
f 819 924 925
f 819 925 820
f 820 925 926
f 820 926 821
f 821 926 927
f 821 927 928
f 821 928 822
f 822 928 929
f 822 929 823
f 823 929 825
f 823 825 824
f 825 930 826
f 825 929 931
f 825 931 932
f 825 932 930
f 826 930 853
f 828 933 829
f 829 934 935
f 829 935 830
f 829 933 934
f 830 935 832
f 830 832 831
f 832 935 936
f 832 936 834
f 832 834 833
f 834 936 937
f 834 937 938
f 834 938 835
f 835 938 836
f 836 938 939
f 836 939 940
f 836 940 837
f 837 940 838
f 838 940 923
f 839 843 941
f 839 941 942
f 839 942 943
f 839 943 944
f 839 944 945
f 839 945 946
f 839 946 947
f 839 947 948
f 839 948 949
f 839 949 950
f 839 950 933
f 840 951 955
f 840 955 952
f 840 952 842
f 840 842 841
f 842 952 852
f 843 848 953
f 843 953 941
f 844 851 845
f 845 851 846
f 846 851 954
f 846 954 847
f 847 954 848
f 848 954 953
f 851 852 952
f 851 952 955
f 851 955 954
f 853 930 854
f 854 956 957
f 854 957 855
f 854 930 958
f 854 958 956
f 855 957 1054
f 855 1054 959
f 855 959 856
f 856 959 960
f 856 960 857
f 857 960 961
f 857 961 858
f 858 961 962
f 858 962 859
f 859 861 860
f 859 962 963
f 859 963 861
f 861 963 874
f 862 868 972
f 862 972 964
f 862 964 965
f 862 965 863
f 863 965 966
f 863 966 864
f 864 966 865
f 865 967 866
f 865 966 967
f 866 967 968
f 866 968 867
f 867 968 871
f 868 869 969
f 868 969 970
f 868 970 971
f 868 971 972
f 869 875 969
f 870 973 975
f 870 975 872
f 870 871 968
f 870 968 974
f 870 974 973
f 872 975 873
f 873 877 876
f 873 975 877
f 874 963 976
f 874 976 977
f 874 977 969
f 874 969 875
f 877 879 878
f 877 975 978
f 877 978 879
f 879 979 980
f 879 980 880
f 879 978 981
f 879 981 979
f 880 980 982
f 880 982 882
f 881 884 892
f 882 982 979
f 882 979 983
f 882 983 984
f 882 984 883
f 883 984 985
f 883 985 885
f 884 986 892
f 884 886 987
f 884 987 986
f 885 985 988
f 885 988 886
f 886 988 987
f 887 889 890
f 888 891 889
f 889 989 890
f 889 891 990
f 889 990 991
f 889 991 989
f 890 992 894
f 890 894 896
f 890 989 993
f 890 993 992
f 891 892 994
f 891 994 995
f 891 995 990
f 892 986 996
f 892 996 994
f 893 896 894
f 894 992 997
f 894 997 897
f 894 897 895
f 897 997 998
f 897 998 898
f 898 902 899
f 898 998 902
f 900 999 906
f 900 906 901
f 900 904 999
f 902 998 1000
f 902 1000 903
f 903 1000 1001
f 903 1001 905
f 904 1002 1003
f 904 1003 999
f 904 905 1004
f 904 1004 1002
f 905 1001 1004
f 906 999 907
f 907 1005 920
f 907 999 1003
f 907 1003 1005
f 908 920 1006
f 908 1006 909
f 909 1006 1007
f 909 1007 910
f 910 1007 911
f 911 1007 1008
f 911 1008 1009
f 911 1009 1010
f 911 1010 1011
f 911 1011 912
f 912 1011 1012
f 912 1012 1013
f 912 1013 916
f 913 1014 1015
f 913 1015 1016
f 913 1016 1017
f 913 1017 1018
f 913 1018 914
f 913 916 1019
f 913 1019 1014
f 914 1018 1017
f 914 1017 918
f 914 918 915
f 916 1020 1021
f 916 1021 1019
f 916 1013 1020
f 917 919 1022
f 918 1017 919
f 919 1017 1023
f 919 1023 1022
f 920 1005 1006
f 921 1022 1023
f 922 1023 1024
f 923 940 1025
f 923 1025 925
f 923 925 924
f 925 1025 1026
f 925 1026 926
f 926 1026 1027
f 926 1027 1028
f 926 1028 927
f 927 1028 928
f 928 1028 1029
f 928 1029 929
f 929 1029 931
f 930 932 956
f 930 956 958
f 931 1029 1030
f 931 1030 1031
f 931 1031 932
f 932 1031 956
f 933 950 934
f 934 1032 1033
f 934 1033 935
f 934 950 1032
f 935 1033 1034
f 935 1034 936
f 936 1034 937
f 937 1034 1035
f 937 1035 1036
f 937 1036 938
f 938 1036 939
f 939 1036 1037
f 939 1037 1038
f 939 1038 940
f 940 1038 1025
f 941 953 942
f 942 953 943
f 943 953 944
f 944 953 945
f 945 953 1039
f 945 1039 946
f 946 1039 947
f 947 1040 1041
f 947 1041 1042
f 947 1042 1043
f 947 1043 948
f 947 1039 1040
f 948 1043 949
f 949 1043 950
f 950 1043 1042
f 950 1042 1041
f 950 1041 1044
f 950 1044 1045
f 950 1045 1032
f 951 1046 1047
f 951 1047 955
f 953 954 1039
f 954 955 1048
f 954 1048 1049
f 954 1049 1050
f 954 1050 1039
f 955 1047 1051
f 955 1051 1048
f 956 1031 1052
f 956 1052 957
f 957 1052 1053
f 957 1053 1054
f 959 1053 1055
f 959 1055 960
f 959 1054 1053
f 960 1055 1056
f 960 1056 1057
f 960 1057 961
f 961 1057 1058
f 961 1058 1059
f 961 1059 1060
f 961 1060 962
f 962 1060 1061
f 962 1061 1062
f 962 1062 963
f 963 1062 976
f 964 972 1063
f 964 1063 1064
f 964 1064 965
f 965 1064 966
f 966 1064 1065
f 966 1065 1066
f 966 1066 967
f 967 1066 968
f 968 1067 974
f 968 1066 1067
f 969 977 1068
f 969 1068 1069
f 969 1069 970
f 970 1069 971
f 971 1069 1070
f 971 1070 1063
f 971 1063 972
f 973 978 975
f 973 974 1067
f 973 1067 978
f 976 1062 1068
f 976 1068 977
f 978 1071 981
f 978 1067 1072
f 978 1072 1071
f 979 1073 1074
f 979 1074 983
f 979 982 980
f 979 981 1075
f 979 1075 1076
f 979 1076 1073
f 981 1071 1075
f 983 1074 984
f 984 1074 1077
f 984 1077 1078
f 984 1078 985
f 985 1078 1079
f 985 1079 1080
f 985 1080 987
f 985 987 988
f 986 987 1081
f 986 1081 996
f 987 1080 1081
f 989 991 993
f 990 995 991
f 991 1082 993
f 991 995 1083
f 991 1083 1082
f 992 993 1084
f 992 1084 997
f 993 1082 1084
f 994 996 995
f 995 1085 1083
f 995 996 1086
f 995 1086 1085
f 996 1081 1087
f 996 1087 1086
f 997 1084 1088
f 997 1088 998
f 998 1088 1089
f 998 1089 1090
f 998 1090 1000
f 1000 1090 1091
f 1000 1091 1001
f 1001 1092 1093
f 1001 1093 1004
f 1001 1091 1092
f 1002 1094 1095
f 1002 1095 1003
f 1002 1004 1094
f 1003 1095 1096
f 1003 1096 1005
f 1004 1097 1094
f 1004 1093 1097
f 1005 1096 1006
f 1006 1096 1007
f 1007 1096 1008
f 1008 1096 1098
f 1008 1098 1010
f 1008 1010 1009
f 1010 1098 1099
f 1010 1099 1100
f 1010 1100 1101
f 1010 1101 1011
f 1011 1101 1102
f 1011 1102 1012
f 1012 1102 1103
f 1012 1103 1020
f 1012 1020 1013
f 1014 1019 1104
f 1014 1104 1105
f 1014 1105 1106
f 1014 1106 1015
f 1015 1106 1107
f 1015 1107 1108
f 1015 1108 1016
f 1016 1109 1110
f 1016 1110 1111
f 1016 1111 1017
f 1016 1108 1112
f 1016 1112 1113
f 1016 1113 1109
f 1017 1114 1023
f 1017 1111 1114
f 1019 1021 1115
f 1019 1115 1104
f 1020 1103 1116
f 1020 1116 1117
f 1020 1117 1021
f 1021 1117 1115
f 1023 1114 1118
f 1023 1118 1024
f 1025 1038 1037
f 1025 1037 1119
f 1025 1119 1026
f 1026 1119 1120
f 1026 1120 1027
f 1027 1120 1121
f 1027 1121 1122
f 1027 1122 1028
f 1028 1122 1029
f 1029 1122 1123
f 1029 1123 1030
f 1030 1123 1124
f 1030 1124 1125
f 1030 1125 1031
f 1031 1125 1052
f 1032 1045 1126
f 1032 1126 1127
f 1032 1127 1033
f 1033 1127 1034
f 1034 1127 1128
f 1034 1128 1035
f 1035 1128 1129
f 1035 1129 1130
f 1035 1130 1036
f 1036 1130 1131
f 1036 1131 1037
f 1037 1131 1119
f 1039 1050 1040
f 1040 1050 1132
f 1040 1132 1133
f 1040 1133 1134
f 1040 1134 1044
f 1040 1044 1041
f 1044 1134 1045
f 1045 1135 1126
f 1045 1134 1135
f 1046 1136 1051
f 1046 1051 1047
f 1048 1051 1144
f 1048 1144 1137
f 1048 1137 1138
f 1048 1138 1139
f 1048 1139 1049
f 1049 1139 1140
f 1049 1140 1141
f 1049 1141 1142
f 1049 1142 1050
f 1050 1143 1132
f 1050 1142 1143
f 1051 1136 1144
f 1052 1125 1145
f 1052 1145 1053
f 1053 1146 1147
f 1053 1147 1055
f 1053 1145 1146
f 1055 1147 1148
f 1055 1148 1056
f 1056 1148 1057
f 1057 1148 1149
f 1057 1149 1150
f 1057 1150 1058
f 1058 1150 1059
f 1059 1150 1151
f 1059 1151 1152
f 1059 1152 1153
f 1059 1153 1061
f 1059 1061 1060
f 1061 1153 1154
f 1061 1154 1155
f 1061 1155 1156
f 1061 1156 1062
f 1062 1156 1157
f 1062 1157 1068
f 1063 1070 1158
f 1063 1158 1064
f 1064 1158 1159
f 1064 1159 1160
f 1064 1160 1065
f 1065 1160 1161
f 1065 1161 1066
f 1066 1161 1162
f 1066 1162 1163
f 1066 1163 1164
f 1066 1164 1067
f 1067 1164 1072
f 1068 1157 1165
f 1068 1165 1166
f 1068 1166 1069
f 1069 1166 1167
f 1069 1167 1070
f 1070 1167 1158
f 1071 1072 1168
f 1071 1168 1075
f 1072 1164 1169
f 1072 1169 1168
f 1073 1170 1171
f 1073 1171 1172
f 1073 1172 1074
f 1073 1076 1173
f 1073 1173 1170
f 1074 1172 1077
f 1075 1174 1175
f 1075 1175 1076
f 1075 1168 1176
f 1075 1176 1174
f 1076 1175 1291
f 1076 1291 1173
f 1077 1172 1078
f 1078 1172 1171
f 1078 1171 1079
f 1079 1171 1177
f 1079 1177 1178
f 1079 1178 1081
f 1079 1081 1080
f 1081 1178 1087
f 1082 1179 1084
f 1082 1083 1085
f 1082 1085 1180
f 1082 1180 1179
f 1084 1089 1088
f 1084 1179 1089
f 1085 1181 1180
f 1085 1086 1182
f 1085 1182 1181
f 1086 1087 1183
f 1086 1183 1184
f 1086 1184 1182
f 1087 1178 1185
f 1087 1185 1183
f 1089 1091 1090
f 1089 1179 1186
f 1089 1186 1091
f 1091 1187 1092
f 1091 1186 1187
f 1092 1188 1093
f 1092 1187 1188
f 1093 1188 1097
f 1094 1189 1190
f 1094 1190 1191
f 1094 1191 1095
f 1094 1097 1189
f 1095 1191 1100
f 1095 1100 1099
f 1095 1099 1098
f 1095 1098 1096
f 1097 1192 1193
f 1097 1193 1189
f 1097 1188 1192
f 1100 1190 1194
f 1100 1194 1101
f 1100 1191 1190
f 1101 1194 1195
f 1101 1195 1102
f 1102 1195 1196
f 1102 1196 1103
f 1103 1196 1197
f 1103 1197 1116
f 1104 1115 1198
f 1104 1198 1199
f 1104 1199 1200
f 1104 1200 1201
f 1104 1201 1202
f 1104 1202 1203
f 1104 1203 1105
f 1105 1203 1106
f 1106 1203 1204
f 1106 1204 1205
f 1106 1205 1206
f 1106 1206 1107
f 1107 1206 1207
f 1107 1207 1208
f 1107 1208 1209
f 1107 1209 1108
f 1108 1209 1210
f 1108 1210 1112
f 1109 1211 1110
f 1109 1113 1212
f 1109 1212 1213
f 1109 1213 1211
f 1110 1211 1214
f 1110 1214 1215
f 1110 1215 1111
f 1111 1215 1114
f 1112 1210 1216
f 1112 1216 1217
f 1112 1217 1113
f 1113 1217 1218
f 1113 1218 1212
f 1114 1215 1214
f 1114 1214 1219
f 1114 1219 1220
f 1114 1220 1221
f 1114 1221 1222
f 1114 1222 1118
f 1115 1117 1223
f 1115 1223 1224
f 1115 1224 1198
f 1116 1197 1225
f 1116 1225 1226
f 1116 1226 1117
f 1117 1226 1223
f 1119 1227 1120
f 1119 1131 1227
f 1120 1228 1229
f 1120 1229 1230
f 1120 1230 1121
f 1120 1227 1228
f 1121 1231 1122
f 1121 1230 1231
f 1122 1231 1123
f 1123 1231 1232
f 1123 1232 1124
f 1124 1232 1233
f 1124 1233 1234
f 1124 1234 1235
f 1124 1235 1125
f 1125 1235 1236
f 1125 1236 1146
f 1125 1146 1145
f 1126 1237 1238
f 1126 1238 1127
f 1126 1135 1237
f 1127 1238 1239
f 1127 1239 1128
f 1128 1239 1240
f 1128 1240 1241
f 1128 1241 1242
f 1128 1242 1129
f 1129 1243 1130
f 1129 1242 1244
f 1129 1244 1245
f 1129 1245 1246
f 1129 1246 1243
f 1130 1243 1131
f 1131 1247 1248
f 1131 1248 1227
f 1131 1243 1247
f 1132 1143 1249
f 1132 1249 1250
f 1132 1250 1251
f 1132 1251 1133
f 1133 1251 1252
f 1133 1252 1253
f 1133 1253 1254
f 1133 1254 1255
f 1133 1255 1134
f 1134 1255 1135
f 1135 1255 1237
f 1138 1256 1139
f 1139 1256 1257
f 1139 1257 1258
f 1139 1258 1259
f 1139 1259 1140
f 1140 1259 1260
f 1140 1260 1261
f 1140 1261 1141
f 1141 1261 1262
f 1141 1262 1263
f 1141 1263 1264
f 1141 1264 1265
f 1141 1265 1266
f 1141 1266 1142
f 1142 1266 1267
f 1142 1267 1143
f 1143 1267 1249
f 1146 1268 1269
f 1146 1269 1147
f 1146 1236 1268
f 1147 1269 1270
f 1147 1270 1148
f 1148 1270 1149
f 1149 1270 1269
f 1149 1269 1271
f 1149 1271 1150
f 1150 1271 1272
f 1150 1272 1273
f 1150 1273 1151
f 1151 1273 1274
f 1151 1274 1152
f 1152 1154 1153
f 1152 1274 1275
f 1152 1275 1276
f 1152 1276 1154
f 1154 1276 1155
f 1155 1157 1156
f 1155 1276 1277
f 1155 1277 1157
f 1157 1277 1165
f 1158 1167 1278
f 1158 1278 1279
f 1158 1279 1280
f 1158 1280 1159
f 1159 1280 1281
f 1159 1281 1160
f 1160 1281 1161
f 1161 1281 1282
f 1161 1282 1162
f 1162 1282 1283
f 1162 1283 1163
f 1163 1283 1164
f 1164 1283 1169
f 1165 1277 1284
f 1165 1284 1166
f 1166 1284 1167
f 1167 1284 1285
f 1167 1285 1278
f 1168 1169 1176
f 1169 1283 1176
f 1170 1286 1287
f 1170 1287 1288
f 1170 1288 1171
f 1170 1173 1289
f 1170 1289 1286
f 1171 1288 1290
f 1171 1290 1177
f 1173 1291 1289
f 1174 1291 1175
f 1174 1176 1292
f 1174 1292 1291
f 1176 1283 1293
f 1176 1293 1294
f 1176 1294 1292
f 1177 1295 1185
f 1177 1185 1178
f 1177 1290 1295
f 1179 1180 1181
f 1179 1181 1186
f 1181 1182 1296
f 1181 1296 1297
f 1181 1297 1186
f 1182 1184 1298
f 1182 1298 1296
f 1183 1185 1295
f 1183 1295 1184
f 1184 1295 1299
f 1184 1299 1300
f 1184 1300 1296
f 1184 1296 1298
f 1186 1301 1187
f 1186 1297 1301
f 1187 1302 1188
f 1187 1301 1302
f 1188 1303 1304
f 1188 1304 1192
f 1188 1302 1303
f 1189 1193 1305
f 1189 1305 1190
f 1190 1305 1306
f 1190 1306 1195
f 1190 1195 1194
f 1192 1304 1307
f 1192 1307 1306
f 1192 1306 1193
f 1193 1306 1305
f 1195 1306 1196
f 1196 1306 1307
f 1196 1307 1197
f 1197 1307 1308
f 1197 1308 1225
f 1198 1224 1309
f 1198 1309 1310
f 1198 1310 1199
f 1199 1310 1200
f 1200 1310 1311
f 1200 1311 1424
f 1200 1424 1312
f 1200 1312 1201
f 1201 1313 1202
f 1201 1312 1313
f 1202 1314 1204
f 1202 1204 1203
f 1202 1313 1315
f 1202 1315 1314
f 1204 1314 1316
f 1204 1316 1205
f 1205 1316 1317
f 1205 1317 1318
f 1205 1318 1207
f 1205 1207 1206
f 1207 1318 1319
f 1207 1319 1320
f 1207 1320 1321
f 1207 1321 1322
f 1207 1322 1208
f 1208 1322 1209
f 1209 1323 1210
f 1209 1322 1324
f 1209 1324 1323
f 1210 1323 1216
f 1211 1325 1214
f 1211 1213 1326
f 1211 1326 1325
f 1212 1218 1327
f 1212 1327 1328
f 1212 1328 1213
f 1213 1328 1326
f 1214 1325 1329
f 1214 1329 1219
f 1216 1323 1330
f 1216 1330 1331
f 1216 1331 1332
f 1216 1332 1217
f 1217 1332 1333
f 1217 1333 1334
f 1217 1334 1218
f 1218 1334 1327
f 1219 1329 1220
f 1220 1329 1335
f 1223 1226 1336
f 1223 1336 1337
f 1223 1337 1224
f 1224 1337 1421
f 1224 1421 1309
f 1225 1308 1420
f 1225 1420 1338
f 1225 1338 1451
f 1225 1451 1339
f 1225 1339 1226
f 1226 1339 1340
f 1226 1340 1336
f 1227 1341 1228
f 1227 1248 1341
f 1228 1342 1343
f 1228 1343 1229
f 1228 1341 1342
f 1229 1344 1345
f 1229 1345 1346
f 1229 1346 1347
f 1229 1347 1348
f 1229 1348 1230
f 1229 1343 1349
f 1229 1349 1344
f 1230 1350 1231
f 1230 1348 1351
f 1230 1351 1352
f 1230 1352 1350
f 1231 1350 1353
f 1231 1353 1232
f 1232 1353 1351
f 1232 1351 1233
f 1233 1351 1234
f 1234 1236 1235
f 1234 1351 1268
f 1234 1268 1236
f 1237 1255 1238
f 1238 1255 1254
f 1238 1254 1354
f 1238 1354 1239
f 1239 1354 1240
f 1240 1354 1355
f 1240 1355 1241
f 1241 1356 1245
f 1241 1245 1242
f 1241 1355 1356
f 1242 1245 1244
f 1243 1246 1359
f 1243 1359 1357
f 1243 1357 1247
f 1245 1358 1359
f 1245 1359 1246
f 1245 1356 1360
f 1245 1360 1361
f 1245 1361 1358
f 1247 1357 1248
f 1248 1362 1341
f 1248 1357 1363
f 1248 1363 1362
f 1249 1267 1364
f 1249 1364 1365
f 1249 1365 1250
f 1250 1365 1366
f 1250 1366 1367
f 1250 1367 1251
f 1251 1367 1368
f 1251 1368 1252
f 1252 1368 1356
f 1252 1356 1355
f 1252 1355 1354
f 1252 1354 1253
f 1253 1354 1254
f 1256 1369 1257
f 1257 1369 1258
f 1258 1369 1259
f 1259 1369 1370
f 1259 1370 1371
f 1259 1371 1260
f 1260 1371 1372
f 1260 1372 1373
f 1260 1373 1374
f 1260 1374 1261
f 1261 1374 1262
f 1262 1374 1375
f 1262 1375 1263
f 1263 1375 1376
f 1263 1376 1377
f 1263 1377 1264
f 1264 1377 1378
f 1264 1378 1379
f 1264 1379 1265
f 1265 1379 1380
f 1265 1380 1381
f 1265 1381 1266
f 1266 1381 1267
f 1267 1381 1382
f 1267 1382 1383
f 1267 1383 1364
f 1268 1351 1348
f 1268 1348 1269
f 1269 1348 1271
f 1271 1348 1384
f 1271 1384 1385
f 1271 1385 1272
f 1272 1385 1386
f 1272 1386 1387
f 1272 1387 1273
f 1273 1387 1274
f 1274 1388 1275
f 1274 1387 1388
f 1275 1388 1389
f 1275 1389 1390
f 1275 1390 1391
f 1275 1391 1392
f 1275 1392 1276
f 1276 1392 1277
f 1277 1392 1284
f 1278 1393 1279
f 1278 1285 1394
f 1278 1394 1393
f 1279 1393 1280
f 1280 1393 1395
f 1280 1395 1396
f 1280 1396 1281
f 1281 1396 1397
f 1281 1397 1282
f 1282 1397 1283
f 1283 1397 1293
f 1284 1392 1285
f 1285 1392 1394
f 1286 1398 1399
f 1286 1399 1287
f 1286 1289 1398
f 1287 1290 1288
f 1287 1399 1400
f 1287 1400 1401
f 1287 1401 1402
f 1287 1402 1297
f 1287 1297 1290
f 1289 1291 1403
f 1289 1403 1404
f 1289 1404 1405
f 1289 1405 1398
f 1290 1297 1295
f 1291 1292 1406
f 1291 1406 1403
f 1292 1407 1406
f 1292 1294 1408
f 1292 1408 1407
f 1293 1409 1294
f 1293 1397 1410
f 1293 1410 1409
f 1294 1409 1525
f 1294 1525 1408
f 1295 1297 1296
f 1295 1296 1299
f 1296 1300 1299
f 1297 1402 1411
f 1297 1411 1412
f 1297 1412 1413
f 1297 1413 1414
f 1297 1414 1301
f 1301 1415 1302
f 1301 1414 1415
f 1302 1416 1533
f 1302 1533 1417
f 1302 1417 1303
f 1302 1415 1416
f 1303 1417 1418
f 1303 1418 1304
f 1304 1418 1307
f 1307 1418 1419
f 1307 1419 1308
f 1308 1419 1420
f 1309 1421 1422
f 1309 1422 1310
f 1310 1422 1423
f 1310 1423 1311
f 1311 1423 1424
f 1312 1424 1425
f 1312 1425 1313
f 1313 1425 1426
f 1313 1426 1427
f 1313 1427 1315
f 1314 1315 1428
f 1314 1428 1429
f 1314 1429 1430
f 1314 1430 1431
f 1314 1431 1316
f 1315 1427 1428
f 1316 1431 1432
f 1316 1432 1433
f 1316 1433 1317
f 1317 1433 1319
f 1317 1319 1318
f 1319 1434 1435
f 1319 1435 1436
f 1319 1436 1320
f 1319 1433 1437
f 1319 1437 1438
f 1319 1438 1439
f 1319 1439 1440
f 1319 1440 1441
f 1319 1441 1434
f 1320 1436 1321
f 1321 1436 1442
f 1321 1442 1322
f 1322 1443 1324
f 1322 1442 1443
f 1323 1324 1444
f 1323 1444 1445
f 1323 1445 1330
f 1324 1443 1444
f 1325 1326 1335
f 1325 1335 1329
f 1330 1445 1446
f 1330 1446 1447
f 1330 1447 1448
f 1330 1448 1331
f 1331 1333 1332
f 1336 1340 1337
f 1337 1340 1449
f 1337 1449 1421
f 1338 1420 1450
f 1338 1450 1451
f 1339 1451 1340
f 1340 1451 1452
f 1340 1452 1449
f 1341 1453 1342
f 1341 1362 1453
f 1342 1454 1455
f 1342 1455 1343
f 1342 1453 1454
f 1343 1455 1349
f 1344 1456 1457
f 1344 1457 1458
f 1344 1458 1345
f 1344 1349 1459
f 1344 1459 1456
f 1345 1458 1346
f 1346 1458 1460
f 1346 1460 1461
f 1346 1461 1462
f 1346 1462 1347
f 1347 1463 1464
f 1347 1464 1348
f 1347 1462 1463
f 1348 1464 1384
f 1349 1455 1459
f 1350 1352 1351
f 1350 1351 1353
f 1356 1368 1360
f 1357 1359 1465
f 1357 1465 1363
f 1358 1361 1466
f 1358 1466 1465
f 1358 1465 1359
f 1360 1368 1367
f 1360 1367 1361
f 1361 1467 1468
f 1361 1468 1466
f 1361 1367 1467
f 1362 1469 1453
f 1362 1363 1470
f 1362 1470 1471
f 1362 1471 1469
f 1363 1465 1472
f 1363 1472 1473
f 1363 1473 1470
f 1364 1383 1474
f 1364 1474 1365
f 1365 1474 1475
f 1365 1475 1366
f 1366 1475 1476
f 1366 1476 1467
f 1366 1467 1367
f 1369 1372 1370
f 1370 1372 1371
f 1372 1477 1373
f 1373 1477 1374
f 1374 1477 1478
f 1374 1478 1375
f 1375 1478 1479
f 1375 1479 1480
f 1375 1480 1376
f 1376 1480 1481
f 1376 1481 1482
f 1376 1482 1483
f 1376 1483 1377
f 1377 1483 1484
f 1377 1484 1378
f 1378 1484 1485
f 1378 1485 1486
f 1378 1486 1379
f 1379 1486 1487
f 1379 1487 1380
f 1380 1487 1488
f 1380 1488 1489
f 1380 1489 1490
f 1380 1490 1381
f 1381 1490 1382
f 1382 1490 1491
f 1382 1491 1492
f 1382 1492 1493
f 1382 1493 1383
f 1383 1493 1494
f 1383 1494 1495
f 1383 1495 1474
f 1384 1464 1463
f 1384 1463 1385
f 1385 1463 1496
f 1385 1496 1386
f 1386 1496 1497
f 1386 1497 1498
f 1386 1498 1387
f 1387 1498 1388
f 1388 1499 1389
f 1388 1498 1499
f 1389 1499 1500
f 1389 1500 1390
f 1390 1501 1502
f 1390 1502 1503
f 1390 1503 1504
f 1390 1504 1391
f 1390 1500 1501
f 1391 1504 1392
f 1392 1504 1505
f 1392 1505 1394
f 1393 1394 1506
f 1393 1506 1507
f 1393 1507 1508
f 1393 1508 1395
f 1394 1505 1506
f 1395 1508 1396
f 1396 1508 1410
f 1396 1410 1397
f 1398 1509 1510
f 1398 1510 1511
f 1398 1511 1399
f 1398 1405 1509
f 1399 1511 1512
f 1399 1512 1400
f 1400 1512 1401
f 1401 1513 1514
f 1401 1514 1515
f 1401 1515 1402
f 1401 1512 1516
f 1401 1516 1517
f 1401 1517 1518
f 1401 1518 1519
f 1401 1519 1513
f 1402 1515 1520
f 1402 1520 1411
f 1403 1406 1404
f 1404 1521 1405
f 1404 1406 1407
f 1404 1407 1522
f 1404 1522 1523
f 1404 1523 1521
f 1405 1521 1509
f 1407 1408 1524
f 1407 1524 1522
f 1408 1525 1524
f 1409 1410 1525
f 1410 1508 1627
f 1410 1627 1526
f 1410 1526 1525
f 1411 1520 1412
f 1412 1520 1527
f 1412 1527 1413
f 1413 1527 1519
f 1413 1519 1528
f 1413 1528 1414
f 1414 1528 1415
f 1415 1529 1416
f 1415 1528 1529
f 1416 1530 1531
f 1416 1531 1532
f 1416 1532 1533
f 1416 1529 1530
f 1417 1533 1534
f 1417 1534 1418
f 1418 1534 1419
f 1419 1534 1535
f 1419 1535 1420
f 1420 1535 1536
f 1420 1536 1450
f 1421 1449 1537
f 1421 1537 1422
f 1422 1537 1538
f 1422 1538 1423
f 1423 1539 1540
f 1423 1540 1541
f 1423 1541 1424
f 1423 1538 1542
f 1423 1542 1539
f 1424 1541 1543
f 1424 1543 1544
f 1424 1544 1425
f 1425 1544 1545
f 1425 1545 1653
f 1425 1653 1546
f 1425 1546 1547
f 1425 1547 1426
f 1426 1547 1548
f 1426 1548 1427
f 1427 1548 1428
f 1428 1548 1549
f 1428 1549 1550
f 1428 1550 1551
f 1428 1551 1429
f 1429 1551 1552
f 1429 1552 1553
f 1429 1553 1554
f 1429 1554 1430
f 1430 1554 1555
f 1430 1555 1432
f 1430 1432 1431
f 1432 1555 1556
f 1432 1556 1557
f 1432 1557 1438
f 1432 1438 1437
f 1432 1437 1433
f 1434 1558 1559
f 1434 1559 1560
f 1434 1560 1561
f 1434 1561 1436
f 1434 1436 1435
f 1434 1441 1562
f 1434 1562 1563
f 1434 1563 1558
f 1436 1561 1442
f 1438 1557 1564
f 1438 1564 1439
f 1439 1564 1565
f 1439 1565 1441
f 1439 1441 1440
f 1441 1566 1562
f 1441 1565 1567
f 1441 1567 1566
f 1442 1568 1443
f 1442 1561 1568
f 1443 1569 1444
f 1443 1568 1569
f 1444 1569 1445
f 1445 1569 1446
f 1446 1569 1570
f 1446 1570 1447
f 1449 1452 1571
f 1449 1571 1537
f 1450 1536 1531
f 1450 1531 1451
f 1451 1531 1572
f 1451 1572 1452
f 1452 1572 1573
f 1452 1573 1574
f 1452 1574 1571
f 1453 1575 1454
f 1453 1469 1586
f 1453 1586 1575
f 1454 1575 1455
f 1455 1576 1459
f 1455 1575 1577
f 1455 1577 1576
f 1456 1578 1579
f 1456 1579 1461
f 1456 1461 1460
f 1456 1460 1457
f 1456 1459 1580
f 1456 1580 1578
f 1457 1460 1458
f 1459 1576 1580
f 1461 1579 1462
f 1462 1581 1463
f 1462 1579 1581
f 1463 1582 1583
f 1463 1583 1496
f 1463 1581 1582
f 1465 1466 1468
f 1465 1468 1584
f 1465 1584 1472
f 1467 1476 1585
f 1467 1585 1468
f 1468 1585 1584
f 1469 1471 1587
f 1469 1587 1586
f 1470 1473 1471
f 1471 1473 1587
f 1472 1584 1585
f 1472 1585 1473
f 1473 1585 1588
f 1473 1588 1587
f 1474 1495 1589
f 1474 1589 1590
f 1474 1590 1475
f 1475 1590 1591
f 1475 1591 1476
f 1476 1591 1588
f 1476 1588 1585
f 1477 1479 1478
f 1479 1592 1481
f 1479 1481 1480
f 1481 1592 1593
f 1481 1593 1594
f 1481 1594 1482
f 1482 1594 1595
f 1482 1595 1596
f 1482 1596 1597
f 1482 1597 1483
f 1483 1597 1598
f 1483 1598 1484
f 1484 1598 1485
f 1485 1598 1599
f 1485 1599 1600
f 1485 1600 1601
f 1485 1601 1602
f 1485 1602 1486
f 1486 1602 1603
f 1486 1603 1487
f 1487 1603 1488
f 1488 1603 1604
f 1488 1604 1605
f 1488 1605 1606
f 1488 1606 1489
f 1489 1606 1607
f 1489 1607 1608
f 1489 1608 1490
f 1490 1608 1491
f 1491 1608 1609
f 1491 1609 1610
f 1491 1610 1611
f 1491 1611 1492
f 1492 1611 1717
f 1492 1717 1612
f 1492 1612 1613
f 1492 1613 1614
f 1492 1614 1493
f 1493 1614 1494
f 1494 1614 1615
f 1494 1615 1495
f 1495 1615 1589
f 1496 1583 1616
f 1496 1616 1617
f 1496 1617 1618
f 1496 1618 1497
f 1497 1618 1498
f 1498 1618 1499
f 1499 1618 1619
f 1499 1619 1620
f 1499 1620 1500
f 1500 1620 1621
f 1500 1621 1501
f 1501 1621 1622
f 1501 1622 1502
f 1502 1623 1503
f 1502 1622 1624
f 1502 1624 1625
f 1502 1625 1623
f 1503 1623 1504
f 1504 1623 1505
f 1505 1623 1506
f 1506 1626 1507
f 1506 1623 1626
f 1507 1626 1508
f 1508 1626 1627
f 1509 1628 1629
f 1509 1629 1630
f 1509 1630 1510
f 1509 1521 1628
f 1510 1630 1511
f 1511 1630 1631
f 1511 1631 1512
f 1512 1632 1516
f 1512 1631 1632
f 1513 1519 1514
f 1514 1527 1515
f 1514 1519 1527
f 1515 1527 1520
f 1516 1632 1633
f 1516 1633 1517
f 1517 1633 1634
f 1517 1634 1635
f 1517 1635 1519
f 1517 1519 1518
f 1519 1635 1528
f 1521 1523 1636
f 1521 1636 1637
f 1521 1637 1628
f 1522 1638 1523
f 1522 1524 1638
f 1523 1638 1636
f 1524 1639 1640
f 1524 1640 1638
f 1524 1525 1641
f 1524 1641 1639
f 1525 1526 1641
f 1526 1627 1641
f 1528 1635 1642
f 1528 1642 1529
f 1529 1642 1643
f 1529 1643 1530
f 1530 1643 1531
f 1531 1536 1532
f 1531 1643 1644
f 1531 1644 1645
f 1531 1645 1572
f 1532 1536 1535
f 1532 1535 1533
f 1533 1535 1534
f 1537 1571 1646
f 1537 1646 1538
f 1538 1646 1647
f 1538 1647 1648
f 1538 1648 1542
f 1539 1542 1540
f 1540 1543 1541
f 1540 1542 1649
f 1540 1649 1650
f 1540 1650 1543
f 1542 1648 1651
f 1542 1651 1652
f 1542 1652 1649
f 1543 1653 1545
f 1543 1545 1544
f 1543 1650 1654
f 1543 1654 1655
f 1543 1655 1653
f 1546 1656 1657
f 1546 1657 1547
f 1546 1653 1656
f 1547 1657 1548
f 1548 1657 1658
f 1548 1658 1550
f 1548 1550 1549
f 1550 1659 1660
f 1550 1660 1661
f 1550 1661 1662
f 1550 1662 1663
f 1550 1663 1551
f 1550 1658 1659
f 1551 1663 1664
f 1551 1664 1665
f 1551 1665 1666
f 1551 1666 1552
f 1552 1666 1667
f 1552 1667 1668
f 1552 1668 1669
f 1552 1669 1553
f 1553 1669 1554
f 1554 1669 1555
f 1555 1669 1556
f 1556 1669 1564
f 1556 1564 1557
f 1560 1670 1561
f 1561 1670 1671
f 1561 1671 1568
f 1564 1669 1672
f 1564 1672 1673
f 1564 1673 1674
f 1564 1674 1675
f 1564 1675 1565
f 1565 1675 1676
f 1565 1676 1677
f 1565 1677 1567
f 1568 1671 1678
f 1568 1678 1679
f 1568 1679 1569
f 1569 1679 1680
f 1569 1680 1570
f 1571 1574 1681
f 1571 1681 1682
f 1571 1682 1683
f 1571 1683 1684
f 1571 1684 1685
f 1571 1685 1646
f 1572 1645 1644
f 1572 1644 1573
f 1573 1644 1686
f 1573 1686 1681
f 1573 1681 1574
f 1575 1687 1577
f 1575 1586 1687
f 1576 1688 1580
f 1576 1577 1689
f 1576 1689 1688
f 1577 1687 1689
f 1578 1690 1581
f 1578 1581 1579
f 1578 1580 1691
f 1578 1691 1690
f 1580 1688 1691
f 1581 1692 1693
f 1581 1693 1582
f 1581 1690 1694
f 1581 1694 1692
f 1582 1693 1583
f 1583 1693 1616
f 1586 1695 1687
f 1586 1587 1695
f 1587 1696 1695
f 1587 1588 1697
f 1587 1697 1696
f 1588 1591 1697
f 1589 1698 1590
f 1589 1615 1699
f 1589 1699 1698
f 1590 1698 1591
f 1591 1698 1697
f 1593 1595 1594
f 1595 1700 1596
f 1596 1700 1598
f 1596 1598 1597
f 1598 1700 1701
f 1598 1701 1702
f 1598 1702 1599
f 1599 1702 1703
f 1599 1703 1600
f 1600 1703 1601
f 1601 1703 1704
f 1601 1704 1705
f 1601 1705 1706
f 1601 1706 1602
f 1602 1706 1603
f 1603 1706 1604
f 1604 1706 1605
f 1605 1706 1707
f 1605 1707 1708
f 1605 1708 1606
f 1606 1708 1709
f 1606 1709 1710
f 1606 1710 1607
f 1607 1711 1609
f 1607 1609 1608
f 1607 1710 1711
f 1609 1711 1712
f 1609 1712 1610
f 1610 1712 1713
f 1610 1713 1714
f 1610 1714 1715
f 1610 1715 1716
f 1610 1716 1611
f 1611 1716 1717
f 1612 1717 1718
f 1612 1718 1613
f 1613 1718 1614
f 1614 1718 1719
f 1614 1719 1720
f 1614 1720 1615
f 1615 1720 1721
f 1615 1721 1722
f 1615 1722 1699
f 1616 1723 1617
f 1616 1693 1724
f 1616 1724 1725
f 1616 1725 1723
f 1617 1723 1618
f 1618 1723 1726
f 1618 1726 1727
f 1618 1727 1619
f 1619 1727 1620
f 1620 1727 1621
f 1621 1727 1728
f 1621 1728 1729
f 1621 1729 1730
f 1621 1730 1622
f 1622 1730 1731
f 1622 1731 1624
f 1623 1625 1626
f 1624 1731 1732
f 1624 1732 1625
f 1625 1733 1734
f 1625 1734 1735
f 1625 1735 1627
f 1625 1627 1626
f 1625 1732 1733
f 1627 1735 1641
f 1628 1736 1737
f 1628 1737 1629
f 1628 1637 1736
f 1629 1737 1738
f 1629 1738 1739
f 1629 1739 1630
f 1630 1739 1631
f 1631 1739 1740
f 1631 1740 1632
f 1632 1740 1741
f 1632 1741 1633
f 1633 1741 1682
f 1633 1682 1634
f 1634 1682 1681
f 1634 1681 1686
f 1634 1686 1635
f 1635 1686 1742
f 1635 1742 1642
f 1636 1743 1637
f 1636 1638 1743
f 1637 1743 1736
f 1638 1744 1745
f 1638 1745 1746
f 1638 1746 1743
f 1638 1640 1747
f 1638 1747 1744
f 1639 1748 1640
f 1639 1641 1749
f 1639 1749 1748
f 1640 1748 1747
f 1641 1735 1734
f 1641 1734 1749
f 1642 1742 1644
f 1642 1644 1643
f 1644 1742 1686
f 1646 1685 1647
f 1647 1685 1750
f 1647 1750 1651
f 1647 1651 1648
f 1649 1652 1751
f 1649 1751 1752
f 1649 1752 1650
f 1650 1752 1753
f 1650 1753 1654
f 1651 1750 1754
f 1651 1754 1755
f 1651 1755 1751
f 1651 1751 1652
f 1653 1756 1656
f 1653 1655 1757
f 1653 1757 1758
f 1653 1758 1756
f 1654 1753 1759
f 1654 1759 1655
f 1655 1759 1757
f 1656 1760 1657
f 1656 1756 1760
f 1657 1760 1658
f 1658 1760 1659
f 1659 1760 1660
f 1660 1760 1761
f 1660 1761 1762
f 1660 1762 1763
f 1660 1763 1764
f 1660 1764 1765
f 1660 1765 1661
f 1661 1765 1662
f 1662 1766 1767
f 1662 1767 1768
f 1662 1768 1664
f 1662 1664 1663
f 1662 1765 1764
f 1662 1764 1766
f 1664 1768 1769
f 1664 1769 1770
f 1664 1770 1665
f 1665 1770 1667
f 1665 1667 1666
f 1667 1770 1771
f 1667 1771 1772
f 1667 1772 1668
f 1668 1772 1773
f 1668 1773 1669
f 1669 1773 1672
f 1672 1773 1673
f 1673 1772 1774
f 1673 1774 1775
f 1673 1775 1776
f 1673 1776 1777
f 1673 1777 1778
f 1673 1778 1674
f 1673 1773 1772
f 1674 1778 1676
f 1674 1676 1675
f 1682 1741 1683
f 1683 1741 1779
f 1683 1779 1684
f 1684 1779 1780
f 1684 1780 1685
f 1685 1780 1750
f 1687 1781 1689
f 1687 1695 1789
f 1687 1789 1781
f 1688 1782 1783
f 1688 1783 1691
f 1688 1689 1781
f 1688 1781 1782
f 1690 1784 1694
f 1690 1691 1785
f 1690 1785 1784
f 1691 1783 1878
f 1691 1878 1785
f 1692 1786 1693
f 1692 1694 1787
f 1692 1787 1786
f 1693 1788 1725
f 1693 1725 1724
f 1693 1786 1788
f 1694 1784 1787
f 1695 1696 1789
f 1696 1697 1790
f 1696 1790 1789
f 1697 1698 1790
f 1698 1699 1790
f 1699 1722 1791
f 1699 1791 1792
f 1699 1792 1790
f 1700 1793 1701
f 1701 1793 1794
f 1701 1794 1702
f 1702 1794 1703
f 1703 1794 1795
f 1703 1795 1796
f 1703 1796 1704
f 1704 1796 1797
f 1704 1797 1798
f 1704 1798 1799
f 1704 1799 1705
f 1705 1799 1800
f 1705 1800 1706
f 1706 1800 1801
f 1706 1801 1802
f 1706 1802 1707
f 1707 1802 1803
f 1707 1803 1804
f 1707 1804 1708
f 1708 1804 1709
f 1709 1804 1805
f 1709 1805 1806
f 1709 1806 1710
f 1710 1806 1807
f 1710 1807 1808
f 1710 1808 1711
f 1711 1808 1809
f 1711 1809 1810
f 1711 1810 1712
f 1712 1810 1811
f 1712 1811 1812
f 1712 1812 1713
f 1713 1812 1714
f 1714 1812 1813
f 1714 1813 1903
f 1714 1903 1814
f 1714 1814 1815
f 1714 1815 1816
f 1714 1816 1817
f 1714 1817 1715
f 1715 1817 1717
f 1715 1717 1716
f 1717 1817 1818
f 1717 1818 1819
f 1717 1819 1820
f 1717 1820 1718
f 1718 1820 1907
f 1718 1907 1821
f 1718 1821 1822
f 1718 1822 1823
f 1718 1823 1719
f 1719 1823 1720
f 1720 1823 1721
f 1721 1823 1824
f 1721 1824 1791
f 1721 1791 1722
f 1723 1725 1825
f 1723 1825 1826
f 1723 1826 1827
f 1723 1827 1726
f 1725 1788 1828
f 1725 1828 1825
f 1726 1827 1727
f 1727 1827 1728
f 1728 1827 1829
f 1728 1829 1830
f 1728 1830 1831
f 1728 1831 1729
f 1729 1831 1832
f 1729 1832 1730
f 1730 1832 1731
f 1731 1832 1833
f 1731 1833 1834
f 1731 1834 1733
f 1731 1733 1732
f 1733 1834 1734
f 1734 1835 1836
f 1734 1836 1749
f 1734 1834 1835
f 1736 1837 1838
f 1736 1838 1737
f 1736 1743 1842
f 1736 1842 1837
f 1737 1838 1839
f 1737 1839 1738
f 1738 1839 1840
f 1738 1840 1841
f 1738 1841 1739
f 1739 1841 1740
f 1740 1841 1779
f 1740 1779 1741
f 1743 1746 1842
f 1744 1747 1843
f 1744 1843 1745
f 1745 1844 1842
f 1745 1842 1746
f 1745 1843 1844
f 1747 1748 1843
f 1748 1845 1843
f 1748 1749 1846
f 1748 1846 1847
f 1748 1847 1848
f 1748 1848 1845
f 1749 1836 1846
f 1750 1780 1840
f 1750 1840 1754
f 1751 1849 1752
f 1751 1755 1850
f 1751 1850 1851
f 1751 1851 1852
f 1751 1852 1853
f 1751 1853 1849
f 1752 1849 1753
f 1753 1849 1853
f 1753 1853 1854
f 1753 1854 1759
f 1754 1840 1839
f 1754 1839 1850
f 1754 1850 1755
f 1756 1758 1855
f 1756 1855 1856
f 1756 1856 1762
f 1756 1762 1761
f 1756 1761 1760
f 1757 1759 1857
f 1757 1857 1855
f 1757 1855 1758
f 1759 1854 1858
f 1759 1858 1859
f 1759 1859 1860
f 1759 1860 1857
f 1762 1861 1763
f 1762 1856 1862
f 1762 1862 1861
f 1763 1861 1863
f 1763 1863 1864
f 1763 1864 1764
f 1764 1864 1865
f 1764 1865 1766
f 1766 1865 1767
f 1767 1865 1866
f 1767 1866 1867
f 1767 1867 1768
f 1768 1867 1868
f 1768 1868 1769
f 1769 1868 1869
f 1769 1869 1870
f 1769 1870 1770
f 1770 1870 1771
f 1771 1774 1772
f 1771 1870 1871
f 1771 1871 1774
f 1774 1872 1873
f 1774 1873 1874
f 1774 1874 1775
f 1774 1871 1872
f 1779 1841 1780
f 1780 1841 1840
f 1781 1875 1876
f 1781 1876 1782
f 1781 1789 1877
f 1781 1877 1875
f 1782 1876 1783
f 1783 1876 1957
f 1783 1957 1878
f 1784 1879 1880
f 1784 1880 1787
f 1784 1785 1881
f 1784 1881 1879
f 1785 1878 1881
f 1786 1882 1788
f 1786 1787 1883
f 1786 1883 1884
f 1786 1884 1882
f 1787 1880 1883
f 1788 1882 1828
f 1789 1790 1877
f 1790 1792 1877
f 1791 1824 1885
f 1791 1885 1878
f 1791 1878 1886
f 1791 1886 1875
f 1791 1875 1877
f 1791 1877 1792
f 1798 1887 1799
f 1799 1887 1888
f 1799 1888 1800
f 1800 1888 1801
f 1801 1888 1889
f 1801 1889 1890
f 1801 1890 1803
f 1801 1803 1802
f 1803 1890 1804
f 1804 1890 1805
f 1805 1890 1891
f 1805 1891 1892
f 1805 1892 1893
f 1805 1893 1894
f 1805 1894 1807
f 1805 1807 1806
f 1807 1894 1808
f 1808 1894 1809
f 1809 1895 1810
f 1809 1894 1895
f 1810 1895 1896
f 1810 1896 1897
f 1810 1897 1811
f 1811 1898 1974
f 1811 1974 1899
f 1811 1899 1900
f 1811 1900 1812
f 1811 1897 1898
f 1812 1900 1901
f 1812 1901 1902
f 1812 1902 1813
f 1813 1902 1903
f 1814 1903 1904
f 1814 1904 1815
f 1815 1904 1905
f 1815 1905 1816
f 1816 1905 1817
f 1817 1905 1818
f 1818 1905 1906
f 1818 1906 1819
f 1819 1906 1820
f 1820 1906 1907
f 1821 1907 1908
f 1821 1908 1822
f 1822 1908 1909
f 1822 1909 1910
f 1822 1910 1823
f 1823 1910 1911
f 1823 1911 1885
f 1823 1885 1824
f 1825 1828 1826
f 1826 1828 1912
f 1826 1912 1913
f 1826 1913 1827
f 1827 1913 1914
f 1827 1914 1829
f 1828 1915 1912
f 1828 1882 1916
f 1828 1916 1915
f 1829 1914 1917
f 1829 1917 1830
f 1830 1917 1918
f 1830 1918 1919
f 1830 1919 1831
f 1831 1919 1832
f 1832 1919 1920
f 1832 1920 1921
f 1832 1921 1833
f 1833 1922 1923
f 1833 1923 1834
f 1833 1921 1922
f 1834 1923 1835
f 1835 1924 1932
f 1835 1932 1847
f 1835 1847 1836
f 1835 1923 2002
f 1835 2002 1924
f 1836 1847 1846
f 1837 1925 1851
f 1837 1851 1838
f 1837 1842 1925
f 1838 1851 1850
f 1838 1850 1839
f 1842 1844 1926
f 1842 1926 1927
f 1842 1927 1925
f 1843 1928 1844
f 1843 1845 1931
f 1843 1931 1928
f 1844 1929 1930
f 1844 1930 1926
f 1844 1928 1929
f 1845 1848 1931
f 1847 1932 1931
f 1847 1931 1848
f 1851 1925 1933
f 1851 1933 1852
f 1852 1933 1934
f 1852 1934 1935
f 1852 1935 1853
f 1853 1935 1936
f 1853 1936 1937
f 1853 1937 1938
f 1853 1938 1854
f 1854 1938 1858
f 1855 1857 1940
f 1855 1940 1939
f 1855 1939 1856
f 1856 1939 1862
f 1857 1860 1940
f 1858 1938 1859
f 1859 1938 1941
f 1859 1941 1860
f 1860 1941 1942
f 1860 1942 1940
f 1861 1862 1943
f 1861 1943 1863
f 1862 1939 1944
f 1862 1944 1945
f 1862 1945 1943
f 1863 1943 1946
f 1863 1946 1947
f 1863 1947 1864
f 1864 1947 1865
f 1865 1948 1866
f 1865 1947 1948
f 1866 1948 1949
f 1866 1949 1950
f 1866 1950 1951
f 1866 1951 1867
f 1867 1951 1952
f 1867 1952 1869
f 1867 1869 1868
f 1869 1871 1870
f 1869 1952 1953
f 1869 1953 1954
f 1869 1954 1871
f 1871 1954 1955
f 1871 1955 1956
f 1871 1956 1872
f 1875 1886 1957
f 1875 1957 1876
f 1878 1958 1881
f 1878 1957 1886
f 1878 1885 1958
f 1879 1959 1960
f 1879 1960 1882
f 1879 1882 1884
f 1879 1884 1883
f 1879 1883 1880
f 1879 1881 1961
f 1879 1961 1959
f 1881 1958 1961
f 1882 1960 1916
f 1885 1911 1962
f 1885 1962 1963
f 1885 1963 1964
f 1885 1964 1961
f 1885 1961 1958
f 1887 1965 1889
f 1887 1889 1888
f 1889 1965 1966
f 1889 1966 1967
f 1889 1967 1968
f 1889 1968 1891
f 1889 1891 1890
f 1891 1968 1969
f 1891 1969 1892
f 1892 1969 1970
f 1892 1970 1893
f 1893 1970 1971
f 1893 1971 1894
f 1894 1971 1972
f 1894 1972 1973
f 1894 1973 1896
f 1894 1896 1895
f 1896 1974 1898
f 1896 1898 1897
f 1896 1973 1975
f 1896 1975 1976
f 1896 1976 1974
f 1899 1974 1977
f 1899 1977 1900
f 1900 1977 1978
f 1900 1978 1979
f 1900 1979 1901
f 1901 1979 1980
f 1901 1980 1903
f 1901 1903 1902
f 1903 1980 1981
f 1903 1981 1982
f 1903 1982 1983
f 1903 1983 1904
f 1904 1983 1984
f 1904 1984 1985
f 1904 1985 1986
f 1904 1986 1987
f 1904 1987 1905
f 1905 1987 1906
f 1906 1987 1988
f 1906 1988 1908
f 1906 1908 1907
f 1908 1988 1989
f 1908 1989 1990
f 1908 1990 1909
f 1909 1990 1991
f 1909 1991 1910
f 1910 1992 1911
f 1910 1991 1992
f 1911 1992 1962
f 1912 1915 1913
f 1913 1915 1993
f 1913 1993 1994
f 1913 1994 1917
f 1913 1917 1914
f 1915 1916 1995
f 1915 1995 1993
f 1916 1960 2036
f 1916 2036 1996
f 1916 1996 1995
f 1917 1997 1918
f 1917 1994 1998
f 1917 1998 1997
f 1918 1997 1999
f 1918 1999 1919
f 1919 1999 1920
f 1920 1999 2000
f 1920 2000 1921
f 1921 2000 1922
f 1922 2001 2002
f 1922 2002 1923
f 1922 2000 2001
f 1924 2003 1932
f 1924 2002 2003
f 1925 1934 1933
f 1925 1927 1934
f 1926 2004 1927
f 1926 1930 2004
f 1927 2004 1934
f 1928 2005 1929
f 1928 1931 2005
f 1929 2006 2007
f 1929 2007 2004
f 1929 2004 1930
f 1929 2005 2008
f 1929 2008 2006
f 1931 1932 2005
f 1932 2009 2005
f 1932 2003 2009
f 1934 1936 1935
f 1934 2004 1937
f 1934 1937 1936
f 1937 2004 2007
f 1937 2007 2006
f 1937 2006 2010
f 1937 2010 2011
f 1937 2011 2012
f 1937 2012 1938
f 1938 2012 1941
f 1939 1940 2013
f 1939 2013 1944
f 1940 1942 2013
f 1941 2012 2011
f 1941 2011 2014
f 1941 2014 2015
f 1941 2015 2016
f 1941 2016 1942
f 1942 2016 2017
f 1942 2017 2013
f 1943 1945 2018
f 1943 2018 2019
f 1943 2019 1946
f 1944 2018 1945
f 1944 2013 2017
f 1944 2017 2020
f 1944 2020 2021
f 1944 2021 2022
f 1944 2022 2023
f 1944 2023 2018
f 1946 2019 2024
f 1946 2024 2025
f 1946 2025 1947
f 1947 2025 1949
f 1947 1949 1948
f 1949 2026 2027
f 1949 2027 1950
f 1949 2025 2028
f 1949 2028 2026
f 1950 2027 2029
f 1950 2029 1951
f 1951 2029 1952
f 1952 2029 2030
f 1952 2030 1953
f 1953 2030 2097
f 1953 2097 2031
f 1953 2031 2032
f 1953 2032 2033
f 1953 2033 2034
f 1953 2034 1954
f 1954 2034 2035
f 1954 2035 1955
f 1959 1961 1963
f 1959 1963 1960
f 1960 1963 2036
f 1961 1964 1963
f 1962 1992 1963
f 1963 1990 2036
f 1963 1992 1991
f 1963 1991 1990
f 1967 2037 1969
f 1967 1969 1968
f 1969 2037 2038
f 1969 2038 2039
f 1969 2039 1970
f 1970 2039 2040
f 1970 2040 2041
f 1970 2041 1972
f 1970 1972 1971
f 1972 2041 2042
f 1972 2042 1975
f 1972 1975 1973
f 1974 1976 2043
f 1974 2043 1977
f 1975 2042 2044
f 1975 2044 2045
f 1975 2045 1976
f 1976 2045 2046
f 1976 2046 2047
f 1976 2047 2048
f 1976 2048 2049
f 1976 2049 2043
f 1977 2043 2050
f 1977 2050 2051
f 1977 2051 1978
f 1978 2051 1979
f 1979 2052 2053
f 1979 2053 2054
f 1979 2054 1980
f 1979 2051 2052
f 1980 2054 1981
f 1981 2053 2055
f 1981 2055 2056
f 1981 2056 2057
f 1981 2057 1984
f 1981 1984 1982
f 1981 2054 2053
f 1982 1984 1983
f 1984 2057 2058
f 1984 2058 2059
f 1984 2059 2060
f 1984 2060 1985
f 1985 2060 2061
f 1985 2061 1986
f 1986 1988 1987
f 1986 2061 1988
f 1988 2061 2062
f 1988 2062 2063
f 1988 2063 2064
f 1988 2064 2065
f 1988 2065 1989
f 1989 2065 1995
f 1989 1995 2066
f 1989 2066 2036
f 1989 2036 1990
f 1993 2064 1998
f 1993 1998 1994
f 1993 1995 2065
f 1993 2065 2064
f 1995 1996 2036
f 1995 2036 2066
f 1997 2067 1999
f 1997 1998 2068
f 1997 2068 2069
f 1997 2069 2124
f 1997 2124 2067
f 1998 2064 2070
f 1998 2070 2068
f 1999 2067 2071
f 1999 2071 2072
f 1999 2072 2073
f 1999 2073 2000
f 2000 2073 2001
f 2001 2003 2002
f 2001 2073 2074
f 2001 2074 2075
f 2001 2075 2003
f 2003 2076 2077
f 2003 2077 2009
f 2003 2075 2076
f 2005 2009 2008
f 2006 2008 2010
f 2008 2078 2010
f 2008 2009 2079
f 2008 2079 2132
f 2008 2132 2078
f 2009 2077 2079
f 2010 2014 2011
f 2010 2078 2080
f 2010 2080 2014
f 2014 2081 2015
f 2014 2080 2081
f 2015 2081 2016
f 2016 2081 2082
f 2016 2082 2083
f 2016 2083 2017
f 2017 2083 2020
f 2018 2084 2085
f 2018 2085 2086
f 2018 2086 2019
f 2018 2023 2087
f 2018 2087 2084
f 2019 2086 2091
f 2019 2091 2024
f 2020 2083 2021
f 2021 2083 2022
f 2022 2083 2088
f 2022 2088 2089
f 2022 2089 2090
f 2022 2090 2023
f 2023 2090 2087
f 2024 2091 2028
f 2024 2028 2025
f 2026 2092 2027
f 2026 2028 2093
f 2026 2093 2092
f 2027 2092 2094
f 2027 2094 2029
f 2028 2091 2093
f 2029 2094 2095
f 2029 2095 2096
f 2029 2096 2097
f 2029 2097 2030
f 2031 2097 2098
f 2031 2098 2099
f 2031 2099 2032
f 2038 2100 2039
f 2039 2100 2101
f 2039 2101 2102
f 2039 2102 2040
f 2040 2102 2103
f 2040 2103 2104
f 2040 2104 2105
f 2040 2105 2041
f 2041 2105 2042
f 2042 2105 2044
f 2043 2049 2050
f 2044 2106 2047
f 2044 2047 2046
f 2044 2046 2045
f 2044 2105 2106
f 2047 2106 2161
f 2047 2161 2107
f 2047 2107 2048
f 2048 2107 2108
f 2048 2108 2049
f 2049 2108 2109
f 2049 2109 2110
f 2049 2110 2050
f 2050 2111 2112
f 2050 2112 2051
f 2050 2110 2111
f 2051 2112 2113
f 2051 2113 2114
f 2051 2114 2052
f 2052 2114 2053
f 2053 2115 2116
f 2053 2116 2055
f 2053 2114 2113
f 2053 2113 2115
f 2055 2116 2117
f 2055 2117 2118
f 2055 2118 2056
f 2056 2119 2058
f 2056 2058 2057
f 2056 2118 2120
f 2056 2120 2121
f 2056 2121 2119
f 2058 2119 2122
f 2058 2122 2123
f 2058 2123 2062
f 2058 2062 2059
f 2059 2062 2060
f 2060 2062 2061
f 2062 2123 2068
f 2062 2068 2070
f 2062 2070 2064
f 2062 2064 2063
f 2067 2124 2071
f 2068 2122 2069
f 2068 2123 2122
f 2069 2122 2125
f 2069 2125 2124
f 2071 2124 2126
f 2071 2126 2072
f 2072 2126 2127
f 2072 2127 2073
f 2073 2128 2074
f 2073 2127 2129
f 2073 2129 2128
f 2074 2128 2130
f 2074 2130 2075
f 2075 2130 2076
f 2076 2130 2131
f 2076 2131 2077
f 2077 2131 2079
f 2078 2132 2080
f 2079 2131 2132
f 2080 2133 2134
f 2080 2134 2082
f 2080 2082 2081
f 2080 2132 2131
f 2080 2131 2135
f 2080 2135 2133
f 2082 2134 2083
f 2083 2134 2133
f 2083 2133 2088
f 2084 2087 2136
f 2084 2136 2137
f 2084 2137 2138
f 2084 2138 2139
f 2084 2139 2085
f 2085 2139 2138
f 2085 2138 2091
f 2085 2091 2086
f 2087 2090 2140
f 2087 2140 2141
f 2087 2141 2142
f 2087 2142 2143
f 2087 2143 2144
f 2087 2144 2136
f 2088 2133 2145
f 2088 2145 2146
f 2088 2146 2147
f 2088 2147 2089
f 2089 2147 2090
f 2090 2147 2140
f 2091 2138 2093
f 2092 2148 2149
f 2092 2149 2150
f 2092 2150 2094
f 2092 2093 2148
f 2093 2138 2137
f 2093 2137 2148
f 2094 2150 2095
f 2095 2150 2151
f 2095 2151 2096
f 2096 2152 2098
f 2096 2098 2097
f 2096 2151 2153
f 2096 2153 2154
f 2096 2154 2152
f 2098 2152 2099
f 2099 2152 2154
f 2099 2154 2155
f 2099 2155 2156
f 2103 2157 2104
f 2104 2157 2158
f 2104 2158 2105
f 2105 2158 2159
f 2105 2159 2160
f 2105 2160 2106
f 2106 2160 2161
f 2107 2161 2162
f 2107 2162 2163
f 2107 2163 2108
f 2108 2164 2165
f 2108 2165 2109
f 2108 2163 2166
f 2108 2166 2167
f 2108 2167 2164
f 2109 2168 2169
f 2109 2169 2110
f 2109 2165 2170
f 2109 2170 2168
f 2110 2169 2171
f 2110 2171 2111
f 2111 2171 2172
f 2111 2172 2173
f 2111 2173 2113
f 2111 2113 2112
f 2113 2173 2174
f 2113 2174 2115
f 2115 2174 2116
f 2116 2174 2175
f 2116 2175 2176
f 2116 2176 2117
f 2117 2120 2118
f 2117 2176 2177
f 2117 2177 2120
f 2119 2121 2122
f 2120 2177 2178
f 2120 2178 2125
f 2120 2125 2122
f 2120 2122 2121
f 2124 2125 2126
f 2125 2178 2126
f 2126 2178 2127
f 2127 2179 2180
f 2127 2180 2129
f 2127 2178 2179
f 2128 2129 2180
f 2128 2180 2181
f 2128 2181 2130
f 2130 2181 2182
f 2130 2182 2183
f 2130 2183 2184
f 2130 2184 2131
f 2131 2184 2135
f 2133 2135 2145
f 2135 2184 2145
f 2136 2144 2137
f 2137 2144 2185
f 2137 2185 2148
f 2140 2147 2141
f 2141 2186 2142
f 2141 2147 2187
f 2141 2187 2186
f 2142 2186 2143
f 2143 2186 2188
f 2143 2188 2189
f 2143 2189 2185
f 2143 2185 2144
f 2145 2184 2183
f 2145 2183 2190
f 2145 2190 2191
f 2145 2191 2146
f 2146 2191 2147
f 2147 2191 2192
f 2147 2192 2193
f 2147 2193 2194
f 2147 2194 2187
f 2148 2185 2195
f 2148 2195 2189
f 2148 2189 2196
f 2148 2196 2149
f 2149 2196 2232
f 2149 2232 2197
f 2149 2197 2198
f 2149 2198 2199
f 2149 2199 2150
f 2150 2199 2151
f 2151 2198 2200
f 2151 2200 2201
f 2151 2201 2202
f 2151 2202 2153
f 2151 2199 2198
f 2153 2202 2203
f 2153 2203 2204
f 2153 2204 2155
f 2153 2155 2154
f 2155 2204 2159
f 2155 2159 2156
f 2156 2159 2205
f 2157 2206 2158
f 2158 2206 2207
f 2158 2207 2205
f 2158 2205 2159
f 2159 2204 2160
f 2160 2204 2203
f 2160 2203 2162
f 2160 2162 2161
f 2162 2203 2163
f 2163 2203 2166
f 2164 2208 2209
f 2164 2209 2170
f 2164 2170 2165
f 2164 2167 2210
f 2164 2210 2208
f 2166 2203 2201
f 2166 2201 2167
f 2167 2201 2200
f 2167 2200 2211
f 2167 2211 2212
f 2167 2212 2213
f 2167 2213 2210
f 2168 2171 2169
f 2168 2170 2171
f 2170 2209 2214
f 2170 2214 2215
f 2170 2215 2171
f 2171 2215 2172
f 2172 2215 2214
f 2172 2214 2216
f 2172 2216 2217
f 2172 2217 2174
f 2172 2174 2173
f 2174 2217 2218
f 2174 2218 2219
f 2174 2219 2220
f 2174 2220 2175
f 2175 2220 2221
f 2175 2221 2176
f 2176 2221 2222
f 2176 2222 2223
f 2176 2223 2177
f 2177 2223 2180
f 2177 2180 2179
f 2177 2179 2178
f 2180 2224 2181
f 2180 2223 2222
f 2180 2222 2224
f 2181 2190 2182
f 2181 2224 2190
f 2182 2190 2183
f 2185 2189 2195
f 2186 2187 2225
f 2186 2225 2228
f 2186 2228 2188
f 2187 2194 2226
f 2187 2226 2225
f 2188 2227 2189
f 2188 2228 2239
f 2188 2239 2227
f 2189 2227 2196
f 2190 2224 2229
f 2190 2229 2230
f 2190 2230 2191
f 2191 2230 2192
f 2192 2230 2218
f 2192 2218 2231
f 2192 2231 2193
f 2193 2231 2237
f 2193 2237 2226
f 2193 2226 2194
f 2196 2227 2239
f 2196 2239 2232
f 2197 2232 2233
f 2197 2233 2212
f 2197 2212 2211
f 2197 2211 2200
f 2197 2200 2198
f 2201 2203 2202
f 2208 2214 2209
f 2208 2210 2213
f 2208 2213 2234
f 2208 2234 2235
f 2208 2235 2236
f 2208 2236 2214
f 2212 2234 2213
f 2212 2233 2234
f 2214 2236 2216
f 2216 2236 2235
f 2216 2235 2237
f 2216 2237 2231
f 2216 2231 2217
f 2217 2231 2218
f 2218 2229 2219
f 2218 2230 2229
f 2219 2229 2221
f 2219 2221 2220
f 2221 2229 2224
f 2221 2224 2222
f 2225 2226 2238
f 2225 2238 2228
f 2226 2237 2238
f 2228 2238 2240
f 2228 2240 2239
f 2232 2239 2240
f 2232 2240 2234
f 2232 2234 2233
f 2234 2240 2238
f 2234 2238 2235
f 2235 2238 2237

