# https://github.com/mikedh/trimesh
v 0.16508627 -0.05515049 -0.09480486
v 0.16498935 -0.05515049 -0.05491344
v 0.16343863 -0.06500930 -0.06502789
v 0.16350324 -0.06500930 -0.09496669
v 0.16508627 -0.05515049 -0.11495286
v 0.16489244 -0.05515049 -0.03492727
v 0.16334172 -0.06500930 -0.03508910
v 0.16156487 -0.07501541 -0.03508910
v 0.16159718 -0.07501541 -0.04512264
v 0.16169409 -0.07501541 -0.08509498
v 0.16172640 -0.07501541 -0.10491931
v 0.16350324 -0.06500930 -0.11495286
v 0.16340633 -0.06500930 -0.15492520
v 0.16492474 -0.05515049 -0.16495875
v 0.16482782 -0.05515049 -0.02489372
v 0.16327710 -0.06500930 -0.02505556
v 0.16027261 -0.08155988 -0.03508910
v 0.16030492 -0.08163354 -0.04512264
v 0.16150025 -0.07501541 -0.02505556
v 0.16020799 -0.08129685 -0.01510293
v 0.16024031 -0.08144414 -0.02505556
v 0.16036953 -0.08190710 -0.09496669
v 0.16036953 -0.08191762 -0.10491931
v 0.16033722 -0.08178084 -0.13493903
v 0.16030492 -0.08162302 -0.16495875
v 0.16166179 -0.07501541 -0.13493903
v 0.16334172 -0.06500930 -0.17491136
v 0.16150025 -0.07501541 -0.18494490
v 0.16489244 -0.05515049 -0.17474952
v 0.16321249 -0.06500930 -0.01510293
v 0.16447245 -0.05515049 0.01507861
v 0.16305096 -0.06500930 0.00488324
v 0.15920649 -0.08644194 -0.02505556
v 0.15923880 -0.08662081 -0.04512264
v 0.15927111 -0.08673654 -0.06502789
v 0.16143563 -0.07501541 -0.01510293
v 0.16017568 -0.08111797 -0.00506939
v 0.15914188 -0.08612629 -0.00506939
v 0.15930341 -0.08689437 -0.09496669
v 0.15930341 -0.08692594 -0.10491931
v 0.15927111 -0.08677863 -0.13493903
v 0.15923880 -0.08662081 -0.16495875
v 0.15920649 -0.08642089 -0.18494490
v 0.16027261 -0.08154936 -0.17491136
v 0.16327710 -0.06500930 -0.18494490
v 0.16024031 -0.08142310 -0.18494490
v 0.16011107 -0.08071815 -0.22491725
v 0.16101566 -0.07501541 -0.24490342
v 0.16473089 -0.05515049 -0.19497845
v 0.16120949 -0.07501541 0.01491678
v 0.16295405 -0.06500930 0.01491678
v 0.16427861 -0.05515049 0.03506479
v 0.15723580 -0.09500658 -0.02505556
v 0.15684812 -0.09500658 0.03490295
v 0.15733272 -0.09500658 -0.05507527
v 0.16007876 -0.08057085 0.02495033
v 0.16014338 -0.08093911 0.00488324
v 0.15907727 -0.08575803 0.01491678
v 0.15739733 -0.09500658 -0.08509498
v 0.15742964 -0.09500658 -0.10491931
v 0.15739733 -0.09500658 -0.12490548
v 0.15733272 -0.09500658 -0.15492520
v 0.15723580 -0.09500658 -0.18494490
v 0.15684812 -0.09500658 -0.24490342
v 0.15914188 -0.08606316 -0.20493108
v 0.16285713 -0.06500930 -0.23495078
v 0.15898035 -0.08534768 -0.24490342
v 0.16001415 -0.08033937 -0.24490342
v 0.15998185 -0.08016050 -0.25218582
v 0.16072489 -0.07595184 -0.25526062
v 0.16276020 -0.06500930 -0.24490342
v 0.16437553 -0.05515049 -0.23495078
v 0.16101566 -0.07501541 0.03490295
v 0.15998185 -0.08018155 0.04291360
v 0.16266328 -0.06500930 0.04485558
v 0.16414937 -0.05515049 0.04501741
v 0.15439284 -0.10500216 0.02495033
v 0.15455437 -0.10500216 -0.00506939
v 0.15465128 -0.10500216 -0.02505556
v 0.15665428 -0.09500658 0.05497003
v 0.15416668 -0.10500216 0.05497003
v 0.15432821 -0.10500216 0.03490295
v 0.15904497 -0.08556864 0.02495033
v 0.15471590 -0.10500216 -0.04512264
v 0.15914188 -0.08411665 0.04566473
v 0.15481281 -0.10500216 -0.10491931
v 0.15471590 -0.10500216 -0.16495875
v 0.15465128 -0.10500216 -0.18494490
v 0.15432821 -0.10500216 -0.24490342
v 0.15413438 -0.10500216 -0.26497048
v 0.15374671 -0.10500216 -0.30494285
v 0.15675120 -0.09500658 -0.25485605
v 0.15914188 -0.08409560 -0.25526062
v 0.15994954 -0.07991850 -0.25882089
v 0.16263098 -0.06500930 -0.25485605
v 0.15962648 -0.07816139 -0.30494285
v 0.16059567 -0.07352133 -0.29490930
v 0.16427861 -0.05515049 -0.24474159
v 0.16072489 -0.07600445 0.04566473
v 0.15994954 -0.07998163 0.04954869
v 0.16082181 -0.07480498 0.05497003
v 0.16221100 -0.06500930 0.07487528
v 0.16053106 -0.07322672 0.09494238
v 0.16069259 -0.07404742 0.07487528
v 0.16398785 -0.05515049 0.05513187
v 0.15135603 -0.11433489 0.06492266
v 0.15145294 -0.11461897 0.03490295
v 0.15151756 -0.11473471 0.01491678
v 0.15154986 -0.11478732 0.00488324
v 0.15161447 -0.11494514 -0.02505556
v 0.15885112 -0.08500047 0.05497003
v 0.15620199 -0.09500658 0.09494238
v 0.15364978 -0.10500216 0.10489500
v 0.15406977 -0.10500216 0.06492266
v 0.15116219 -0.11382984 0.10489500
v 0.15125911 -0.11410341 0.08490883
v 0.15164678 -0.11499775 -0.04512264
v 0.15167908 -0.11499775 -0.06502789
v 0.15171139 -0.11499775 -0.08509498
v 0.15171139 -0.11499775 -0.12490548
v 0.15164678 -0.11499775 -0.16495875
v 0.15161447 -0.11494514 -0.18494490
v 0.15151756 -0.11471367 -0.22491725
v 0.15148525 -0.11466106 -0.23495078
v 0.15145294 -0.11458740 -0.24490342
v 0.15142064 -0.11450323 -0.25485605
v 0.15138833 -0.11438750 -0.26497048
v 0.15119450 -0.11395611 -0.30494285
v 0.15112989 -0.11380880 -0.31489545
v 0.15100065 -0.11337741 -0.33488163
v 0.15361747 -0.10500216 -0.31489545
v 0.15616968 -0.09500658 -0.30494285
v 0.15629891 -0.09500658 -0.29490930
v 0.15652506 -0.09500658 -0.27492315
v 0.15604046 -0.09500658 -0.31489545
v 0.15830192 -0.08500047 -0.30494285
v 0.16201715 -0.06500930 -0.29490930
v 0.15814038 -0.08500047 -0.31489545
v 0.15952955 -0.07763530 -0.31489545
v 0.16040184 -0.07264803 -0.31489545
v 0.16049875 -0.07315307 -0.30494285
v 0.16395554 -0.05515049 -0.26497048
v 0.15991724 -0.07979225 0.05497003
v 0.15833423 -0.08500047 0.09494238
v 0.15985262 -0.07942399 0.06492266
v 0.16188793 -0.06500930 0.09494238
v 0.15962648 -0.07823504 0.09494238
v 0.16043414 -0.07275325 0.10489500
v 0.15956186 -0.07774052 0.10489500
v 0.15978801 -0.07903469 0.07487528
v 0.16334172 -0.05515049 0.09510420
v 0.14964378 -0.11898547 0.09494238
v 0.14967608 -0.11911172 0.08490883
v 0.14977302 -0.11943790 0.05497003
v 0.14980532 -0.11953259 0.04485558
v 0.14983763 -0.11960624 0.03490295
v 0.14990224 -0.11980616 0.00488324
v 0.14996685 -0.11998502 -0.03160973
v 0.15587893 -0.09500658 0.11492854
v 0.15332672 -0.10500216 0.12496208
v 0.15077451 -0.11283029 0.15490088
v 0.15087143 -0.11306176 0.14494824
v 0.15109758 -0.11366150 0.11492854
v 0.14938533 -0.11807008 0.14494824
v 0.14954686 -0.11866982 0.11492854
v 0.14999916 -0.12006920 -0.08509498
v 0.14999916 -0.12009024 -0.10491931
v 0.14999916 -0.12007972 -0.11495286
v 0.14999916 -0.12004815 -0.12490548
v 0.14996685 -0.11998502 -0.17118925
v 0.14986993 -0.11971146 -0.22491725
v 0.14983763 -0.11959572 -0.24490342
v 0.14980532 -0.11950102 -0.25485605
v 0.14961147 -0.11895390 -0.30494285
v 0.14957917 -0.11879607 -0.31489545
v 0.14941764 -0.11818582 -0.34491515
v 0.14935303 -0.11798590 -0.35494870
v 0.14928842 -0.11775443 -0.36490136
v 0.15077451 -0.11274611 -0.36490136
v 0.15297134 -0.10500216 -0.35494870
v 0.15545894 -0.09500658 -0.34491515
v 0.16185562 -0.06500930 -0.30494285
v 0.15507127 -0.09500658 -0.36490136
v 0.15749425 -0.08500047 -0.34491515
v 0.15943263 -0.07694087 -0.32492900
v 0.15923880 -0.07407898 -0.35446322
v 0.16017568 -0.07123813 -0.33488163
v 0.16166179 -0.06500930 -0.31489545
v 0.16330941 -0.05515049 -0.30494285
v 0.15817268 -0.08500047 0.10489500
v 0.16169409 -0.06500930 0.10489500
v 0.16033722 -0.07214299 0.11492854
v 0.15946494 -0.07714079 0.11492854
v 0.15778501 -0.08500047 0.12496208
v 0.16314788 -0.05515049 0.10489500
v 0.14651006 -0.12499334 0.15490088
v 0.14670390 -0.12499334 0.13491471
v 0.14686543 -0.12499334 0.11492854
v 0.14699465 -0.12499334 0.09494238
v 0.14718850 -0.12499334 0.06492266
v 0.14993455 -0.11991137 -0.01510293
v 0.14728542 -0.12499334 0.04485558
v 0.14738233 -0.12499334 0.01491678
v 0.14751156 -0.12499334 -0.02505556
v 0.14996685 -0.12000607 -0.03824481
v 0.15532972 -0.09500658 0.14494824
v 0.15284212 -0.10500216 0.15490088
v 0.14932072 -0.11781756 0.15490088
v 0.15067759 -0.11254621 0.16493441
v 0.14915919 -0.11719678 0.17496796
v 0.14612238 -0.12499334 0.18492059
v 0.14638083 -0.12499334 0.16493441
v 0.14754386 -0.12508804 -0.10491931
v 0.14754386 -0.12501438 -0.05507527
v 0.14754386 -0.12503542 -0.06502789
v 0.14754386 -0.12507752 -0.11495286
v 0.14754386 -0.12506700 -0.12490548
v 0.14754386 -0.12501438 -0.15492520
v 0.14751156 -0.12499334 -0.18494490
v 0.14731772 -0.12499334 -0.24490342
v 0.14993455 -0.11993241 -0.18494490
v 0.14722081 -0.12499334 -0.26497048
v 0.14705926 -0.12499334 -0.29490930
v 0.14699465 -0.12499334 -0.30494285
v 0.14693004 -0.12499334 -0.31489545
v 0.14657468 -0.12499334 -0.35494870
v 0.14647776 -0.12499334 -0.36490136
v 0.14605777 -0.12499334 -0.39492106
v 0.14589624 -0.12499334 -0.40487367
v 0.14570239 -0.12499334 -0.41490722
v 0.14528242 -0.12499334 -0.43489337
v 0.14902996 -0.11663913 -0.39492106
v 0.14893304 -0.11623931 -0.40487367
v 0.15041915 -0.11165186 -0.39492106
v 0.15277751 -0.10500216 -0.36490136
v 0.15255137 -0.10500216 -0.37485397
v 0.15229291 -0.10500216 -0.38496840
v 0.15174371 -0.10500216 -0.40487367
v 0.15448976 -0.09500658 -0.38496840
v 0.15704197 -0.08500047 -0.36490136
v 0.15920649 -0.07554149 -0.34491515
v 0.15878651 -0.07501541 -0.36490136
v 0.15988493 -0.06963883 -0.35753804
v 0.15998185 -0.07013335 -0.35090292
v 0.16056336 -0.06578790 -0.35446322
v 0.16308327 -0.05515049 -0.31489545
v 0.16146794 -0.06500930 0.11492854
v 0.16001415 -0.07030170 0.14187345
v 0.15923880 -0.07580453 0.13491471
v 0.15710658 -0.08500047 0.15490088
v 0.15487742 -0.09500658 0.16493441
v 0.16288944 -0.05515049 0.11509037
v 0.16098335 -0.06500930 0.13491471
v 0.14182562 -0.13265312 0.21494029
v 0.14195485 -0.13278989 0.19487320
v 0.14201947 -0.13282146 0.18492059
v 0.14211638 -0.13291615 0.16493441
v 0.14221330 -0.13302137 0.13491471
v 0.14227791 -0.13307399 0.11492854
v 0.14234252 -0.13311607 0.09494238
v 0.14243944 -0.13318972 0.04485558
v 0.14247175 -0.13321076 0.02495033
v 0.15261598 -0.10500216 0.16493441
v 0.15058067 -0.11218847 0.17496796
v 0.14579931 -0.12499334 0.20498766
v 0.14906226 -0.11680748 0.18492059
v 0.14537933 -0.12499334 0.22489293
v 0.14172870 -0.13257946 0.22489293
v 0.14153486 -0.13236903 0.24496000
v 0.14253636 -0.13325284 -0.03508910
v 0.14253636 -0.13326336 -0.06502789
v 0.14253636 -0.13326336 -0.14489165
v 0.14253636 -0.13325284 -0.17491136
v 0.14247175 -0.13321076 -0.23495078
v 0.14243944 -0.13318972 -0.25485605
v 0.14234252 -0.13311607 -0.30494285
v 0.14231022 -0.13309503 -0.31489545
v 0.14218099 -0.13298981 -0.35494870
v 0.14214869 -0.13294771 -0.36490136
v 0.14198716 -0.13281094 -0.39492106
v 0.14192255 -0.13276885 -0.40487367
v 0.14185792 -0.13269520 -0.41490722
v 0.14169639 -0.13254790 -0.43489337
v 0.14159948 -0.13244268 -0.44492692
v 0.14147025 -0.13231643 -0.45496047
v 0.14134103 -0.13215859 -0.46491307
v 0.14499165 -0.12499334 -0.44492692
v 0.15028991 -0.11122047 -0.40487367
v 0.14880382 -0.11566062 -0.41490722
v 0.15012838 -0.11066283 -0.41490722
v 0.15138833 -0.10500216 -0.41490722
v 0.15384363 -0.09500658 -0.40487367
v 0.15671889 -0.08500047 -0.37485397
v 0.15604046 -0.08500047 -0.39492106
v 0.15843114 -0.07501541 -0.37485397
v 0.15978801 -0.06889179 -0.36490136
v 0.16053106 -0.06389400 -0.36490136
v 0.16230792 -0.05515049 -0.34475332
v 0.16256636 -0.05515049 -0.33488163
v 0.16059567 -0.06586155 0.14511009
v 0.15991724 -0.06977561 0.14858945
v 0.15888342 -0.07501541 0.15490088
v 0.15927111 -0.07418419 0.14511009
v 0.15681581 -0.08500047 0.16493441
v 0.15397285 -0.09500658 0.19487320
v 0.15154986 -0.10500216 0.20498766
v 0.15184063 -0.10500216 0.19487320
v 0.16263098 -0.05515049 0.12504299
v 0.13723810 -0.13772456 0.20498766
v 0.13733503 -0.13777716 0.19487320
v 0.13752887 -0.13791394 0.16493441
v 0.13762578 -0.13798760 0.14494824
v 0.13772270 -0.13807178 0.11492854
v 0.13781962 -0.13812438 0.08490883
v 0.13788423 -0.13817699 0.05497003
v 0.13791654 -0.13820855 0.03490295
v 0.13798116 -0.13825065 -0.01510293
v 0.15019299 -0.11089430 0.20498766
v 0.15032221 -0.11139934 0.19487320
v 0.15045145 -0.11180969 0.18492059
v 0.14886843 -0.11590262 0.20498766
v 0.14896534 -0.11640766 0.19487320
v 0.14127642 -0.13206390 0.26494616
v 0.14140564 -0.13224277 0.25491261
v 0.14512087 -0.12499334 0.23492648
v 0.13714118 -0.13765091 0.21494029
v 0.13688274 -0.13748255 0.23492648
v 0.13801347 -0.13826117 -0.05507527
v 0.13801347 -0.13827169 -0.06502789
v 0.13801347 -0.13828221 -0.10491931
v 0.13801347 -0.13827169 -0.14489165
v 0.13801347 -0.13826117 -0.15492520
v 0.13798116 -0.13825065 -0.19497845
v 0.13791654 -0.13820855 -0.24490342
v 0.13788423 -0.13817699 -0.26497048
v 0.13781962 -0.13812438 -0.29490930
v 0.13772270 -0.13807178 -0.32492900
v 0.13762578 -0.13798760 -0.35494870
v 0.13756117 -0.13795604 -0.36490136
v 0.13743195 -0.13787186 -0.38496840
v 0.13730271 -0.13776664 -0.40487367
v 0.13710888 -0.13762987 -0.42494076
v 0.13697965 -0.13754569 -0.43489337
v 0.13685043 -0.13744047 -0.44492692
v 0.13665660 -0.13731422 -0.45496047
v 0.14114718 -0.13192712 -0.47494662
v 0.14831921 -0.11499775 -0.43489337
v 0.14463629 -0.12499334 -0.45496047
v 0.14999916 -0.11019987 -0.42138046
v 0.14977302 -0.10904249 -0.43489337
v 0.15083912 -0.10581233 -0.42477894
v 0.15345594 -0.09500658 -0.41490722
v 0.15568510 -0.08500047 -0.40487367
v 0.15768810 -0.07501541 -0.39492106
v 0.15959418 -0.06761867 -0.37485397
v 0.16033722 -0.06262088 -0.37485397
v 0.16172640 -0.05515049 -0.36490136
v 0.16201715 -0.05515049 -0.35494870
v 0.16056336 -0.06416757 0.15490088
v 0.15982032 -0.06917588 0.15490088
v 0.15856037 -0.07501541 0.16493441
v 0.15616968 -0.08500047 0.18492059
v 0.15581432 -0.08500047 0.19487320
v 0.15358517 -0.09500658 0.20498766
v 0.15093604 -0.10597016 0.21566854
v 0.14983763 -0.10943179 0.22489293
v 0.14993455 -0.10991579 0.21955250
v 0.15006377 -0.11039978 0.21283649
v 0.16208176 -0.05515049 0.14511009
v 0.13223061 -0.14124931 0.20498766
v 0.13232753 -0.14132297 0.19487320
v 0.13258597 -0.14152288 0.15490088
v 0.13277982 -0.14167018 0.10489500
v 0.13281213 -0.14173332 0.08490883
v 0.13290904 -0.14179644 0.04485558
v 0.13294135 -0.14182800 0.02495033
v 0.13300596 -0.14189114 -0.03508910
v 0.14848076 -0.11499775 0.22489293
v 0.14483012 -0.12499334 0.24496000
v 0.14108257 -0.13182190 0.27489883
v 0.13652736 -0.13724056 0.25491261
v 0.13672121 -0.13736682 0.24496000
v 0.13203676 -0.14110202 0.22489293
v 0.13190754 -0.14100732 0.23492648
v 0.13300596 -0.14192271 -0.09496669
v 0.13300596 -0.14192271 -0.11495286
v 0.13300596 -0.14189114 -0.17491136
v 0.13294135 -0.14182800 -0.23495078
v 0.13290904 -0.14179644 -0.25485605
v 0.13284443 -0.14174384 -0.28487575
v 0.13277982 -0.14171228 -0.30494285
v 0.13261828 -0.14155445 -0.35494870
v 0.13252136 -0.14145975 -0.37485397
v 0.13245675 -0.14141767 -0.38496840
v 0.13239214 -0.14135453 -0.39492106
v 0.13229522 -0.14131245 -0.40487367
v 0.13223061 -0.14123879 -0.41490722
v 0.13200445 -0.14108098 -0.43489337
v 0.13184293 -0.14097576 -0.44492692
v 0.13164909 -0.14084950 -0.45496047
v 0.13139063 -0.14070219 -0.46491307
v 0.13639814 -0.13714586 -0.46491307
v 0.14424860 -0.12499334 -0.46491307
v 0.13604277 -0.13691439 -0.47494662
v 0.14085643 -0.13151677 -0.48489928
v 0.14793155 -0.11499775 -0.44492692
v 0.14741464 -0.11499775 -0.45496047
v 0.14951456 -0.10781145 -0.44492692
v 0.15077451 -0.10405521 -0.43489337
v 0.15297134 -0.09500658 -0.42494076
v 0.15523280 -0.08500047 -0.41490722
v 0.15730041 -0.07501541 -0.40487367
v 0.15930341 -0.06420965 -0.39459741
v 0.16001415 -0.06032716 -0.39103711
v 0.16133872 -0.05515049 -0.37469214
v 0.16179101 -0.05515049 0.15514362
v 0.16040184 -0.06302071 0.16493441
v 0.15965879 -0.06801850 0.16493441
v 0.15784962 -0.07501541 0.18492059
v 0.15746194 -0.07501541 0.19487320
v 0.15539433 -0.08500047 0.20498766
v 0.15268059 -0.09500658 0.22489293
v 0.15087143 -0.10445504 0.22489293
v 0.14964378 -0.10837962 0.23492648
v 0.14812538 -0.11499775 0.23492648
v 0.12496165 -0.14448999 0.15490088
v 0.12496165 -0.14458469 0.14494824
v 0.12496165 -0.14488982 0.10489500
v 0.12496165 -0.14499503 0.08490883
v 0.12496165 -0.14518443 0.04485558
v 0.12496165 -0.14524755 0.02495033
v 0.12496165 -0.14535277 -0.01510293
v 0.12496165 -0.14539486 -0.03508910
v 0.12496165 -0.14541590 -0.05507527
v 0.12496165 -0.14544746 -0.09496669
v 0.14447474 -0.12499334 0.25491261
v 0.13584892 -0.13680917 0.27489883
v 0.13623661 -0.13706169 0.26494616
v 0.14405477 -0.12499334 0.26494616
v 0.14075951 -0.13140103 0.28493237
v 0.13151987 -0.14077584 0.25491261
v 0.13126141 -0.14060749 0.26494616
v 0.13171370 -0.14090210 0.24496000
v 0.12496165 -0.14402704 0.19487320
v 0.12496165 -0.14426903 0.17496796
v 0.12496165 -0.14386922 0.20498766
v 0.12496165 -0.14544746 -0.11495286
v 0.12496165 -0.14542642 -0.14489165
v 0.12496165 -0.14541590 -0.15492520
v 0.12496165 -0.14539486 -0.17491136
v 0.12496165 -0.14535277 -0.19497845
v 0.12496165 -0.14521599 -0.24490342
v 0.12496165 -0.14513181 -0.26497048
v 0.12496165 -0.14508973 -0.27492315
v 0.12496165 -0.14499503 -0.29490930
v 0.12496165 -0.14487930 -0.31489545
v 0.12496165 -0.14465834 -0.34491515
v 0.12496165 -0.14457417 -0.35494870
v 0.12496165 -0.14447947 -0.36490136
v 0.12496165 -0.14437425 -0.37485397
v 0.12496165 -0.14424799 -0.38496840
v 0.12496165 -0.14412174 -0.39492106
v 0.12496165 -0.14397442 -0.40487367
v 0.12496165 -0.14381661 -0.41490722
v 0.12496165 -0.14361669 -0.42494076
v 0.12496165 -0.14341678 -0.43489337
v 0.12496165 -0.14317478 -0.44492692
v 0.12496165 -0.14286965 -0.45496047
v 0.13103527 -0.14049175 -0.47494662
v 0.14369939 -0.12499334 -0.47494662
v 0.13055067 -0.14026028 -0.48311913
v 0.13429822 -0.13721952 -0.48587024
v 0.14043644 -0.13084339 -0.49210078
v 0.14289173 -0.12499334 -0.48489928
v 0.14680082 -0.11499775 -0.46491307
v 0.15051606 -0.10279261 -0.44492692
v 0.14922380 -0.10608590 -0.45496047
v 0.15248676 -0.09500658 -0.43489337
v 0.15468359 -0.08500047 -0.42494076
v 0.15678351 -0.07501541 -0.41490722
v 0.15875420 -0.06500930 -0.40487367
v 0.15985262 -0.05921186 -0.39767218
v 0.16043414 -0.05552927 -0.39459741
v 0.16046645 -0.05515049 -0.39459741
v 0.16143563 -0.05515049 0.16509624
v 0.16004646 -0.06064280 0.18208854
v 0.15940033 -0.06438852 0.18524425
v 0.15891573 -0.06500930 0.19487320
v 0.15700966 -0.07501541 0.20498766
v 0.15490973 -0.08500047 0.21494029
v 0.15216368 -0.09500658 0.23492648
v 0.15061298 -0.10338183 0.23492648
v 0.14938533 -0.10694867 0.24496000
v 0.14715619 -0.11499775 0.25491261
v 0.14767309 -0.11499775 0.24496000
v 0.11494666 -0.14692050 0.15490088
v 0.11494666 -0.14730980 0.11492854
v 0.11494666 -0.14749919 0.09494238
v 0.11494666 -0.14779380 0.04485558
v 0.11494666 -0.14787796 0.02495033
v 0.11494666 -0.14792006 0.01491678
v 0.11494666 -0.14804631 -0.02505556
v 0.11494666 -0.14806736 -0.03508910
v 0.11494666 -0.14815153 -0.10491931
v 0.13423361 -0.13708274 0.28533691
v 0.13038914 -0.14017610 0.28234303
v 0.13084143 -0.14040759 0.27489883
v 0.14350556 -0.12499334 0.27489883
v 0.14037183 -0.13074869 0.29278117
v 0.12496165 -0.14326948 0.23492648
v 0.12496165 -0.14349043 0.22489293
v 0.12496165 -0.14269078 0.25491261
v 0.12496165 -0.14298539 0.24496000
v 0.11494666 -0.14629972 0.19487320
v 0.11494666 -0.14814101 -0.11495286
v 0.11494666 -0.14805683 -0.18494490
v 0.11494666 -0.14795162 -0.21488370
v 0.11494666 -0.14787796 -0.23495078
v 0.11494666 -0.14783588 -0.24490342
v 0.11494666 -0.14773066 -0.26497048
v 0.11494666 -0.14762545 -0.28487575
v 0.11494666 -0.14756233 -0.29490930
v 0.11494666 -0.14748867 -0.30494285
v 0.11494666 -0.14740449 -0.31489545
v 0.11494666 -0.14712042 -0.34491515
v 0.11494666 -0.14689946 -0.36490136
v 0.11494666 -0.14660485 -0.38496840
v 0.11494666 -0.14643650 -0.39492106
v 0.11494666 -0.14625764 -0.40487367
v 0.11494666 -0.14604720 -0.41490722
v 0.11494666 -0.14553164 -0.43489337
v 0.12496165 -0.14252244 -0.46491307
v 0.11494666 -0.14521599 -0.44492692
v 0.14602546 -0.11499775 -0.47494662
v 0.12993684 -0.13998672 -0.48991603
v 0.12496165 -0.14202791 -0.47494662
v 0.13565509 -0.13375789 -0.49517554
v 0.13277982 -0.13208494 -0.50132513
v 0.13917649 -0.12499334 -0.49857402
v 0.14117949 -0.12499334 -0.49363816
v 0.14479782 -0.11499775 -0.48489928
v 0.14893304 -0.10408678 -0.46410394
v 0.15016069 -0.10109863 -0.45496047
v 0.15187293 -0.09500658 -0.44492692
v 0.14996685 -0.10014115 -0.46021998
v 0.15413438 -0.08500047 -0.43489337
v 0.15562047 -0.07501541 -0.43489337
v 0.15820499 -0.06500930 -0.41490722
v 0.15969110 -0.05777039 -0.40487367
v 0.15998185 -0.05515049 -0.40487367
v 0.16101566 -0.05515049 0.17512979
v 0.15991724 -0.05959064 0.18872361
v 0.15978801 -0.05846482 0.19487320
v 0.15839884 -0.06500930 0.20498766
v 0.15646045 -0.07501541 0.21494029
v 0.15436053 -0.08500047 0.22489293
v 0.15377901 -0.08500047 0.23492648
v 0.15151756 -0.09500658 0.24496000
v 0.15009607 -0.10075141 0.25183785
v 0.15032221 -0.10194036 0.24496000
v 0.14922380 -0.10446556 0.25507444
v 0.14654237 -0.11499775 0.26494616
v 0.10496396 -0.14867762 0.15490088
v 0.10496396 -0.14880387 0.14494824
v 0.10528702 -0.14921422 0.10489500
v 0.10557778 -0.14924578 0.09494238
v 0.10667620 -0.14942466 0.04485558
v 0.10683773 -0.14945622 0.03490295
v 0.10741925 -0.14955091 -0.01510293
v 0.10754848 -0.14956143 -0.02505556
v 0.10761309 -0.14957196 -0.03508910
v 0.10771001 -0.14958248 -0.05507527
v 0.10780693 -0.14960352 -0.08509498
v 0.10787154 -0.14960352 -0.10491931
v 0.10783923 -0.14960352 -0.11495286
v 0.10780693 -0.14960352 -0.12490548
v 0.13591354 -0.13414720 0.29561323
v 0.12948456 -0.13992359 0.28897810
v 0.12496165 -0.14179644 0.27489883
v 0.12496165 -0.14232253 0.26494616
v 0.14266559 -0.12499334 0.28493237
v 0.14444244 -0.11499775 0.28493237
v 0.13985492 -0.12681359 0.29941624
v 0.13297366 -0.13320024 0.30499941
v 0.11494666 -0.14560530 0.22489293
v 0.11494666 -0.14609981 0.20498766
v 0.11494666 -0.14497399 0.24496000
v 0.11494666 -0.14532121 0.23492648
v 0.10496396 -0.14795162 0.19487320
v 0.10496396 -0.14849874 0.16493441
v 0.10774232 -0.14959300 -0.14489165
v 0.10754848 -0.14957196 -0.18494490
v 0.10722541 -0.14951935 -0.21488370
v 0.10709619 -0.14949831 -0.22491725
v 0.10683773 -0.14945622 -0.24490342
v 0.10606238 -0.14932996 -0.28487575
v 0.10667620 -0.14942466 -0.25485605
v 0.10580393 -0.14929840 -0.29490930
v 0.10525472 -0.14921422 -0.31489545
v 0.10496396 -0.14891961 -0.34491515
v 0.10496396 -0.14879335 -0.35494870
v 0.10496396 -0.14865658 -0.36490136
v 0.10496396 -0.14848822 -0.37485397
v 0.10496396 -0.14829883 -0.38496840
v 0.10496396 -0.14789902 -0.40487367
v 0.10496396 -0.14704676 -0.43489337
v 0.10496396 -0.14763597 -0.41490722
v 0.10496396 -0.14735189 -0.42494076
v 0.11494666 -0.14481616 -0.45496047
v 0.11494666 -0.14435321 -0.46491307
v 0.10496396 -0.14665745 -0.44492692
v 0.14770539 -0.10500216 -0.47494662
v 0.12324941 -0.14052331 -0.49153435
v 0.12593085 -0.13866098 -0.49485189
v 0.12593085 -0.14102836 -0.48587024
v 0.11494666 -0.14275391 -0.48489928
v 0.11494666 -0.14373243 -0.47494662
v 0.12496165 -0.13333702 -0.50189155
v 0.12496165 -0.12499334 -0.50399536
v 0.13420130 -0.12499334 -0.50189155
v 0.13917649 -0.11499775 -0.49914044
v 0.14964378 -0.05515049 -0.48886412
v 0.14928842 -0.06500930 -0.48773134
v 0.14198716 -0.11499775 -0.49412364
v 0.14893304 -0.07501541 -0.48627484
v 0.14735003 -0.09500658 -0.48489928
v 0.14618699 -0.10500216 -0.48489928
v 0.14919150 -0.09472249 -0.47470391
v 0.15116219 -0.09500658 -0.45496047
v 0.15345594 -0.08500047 -0.44492692
v 0.14964378 -0.09786847 -0.46685505
v 0.15038683 -0.09472249 -0.46410394
v 0.15264829 -0.08500047 -0.45496047
v 0.15484512 -0.07501541 -0.44492692
v 0.15694503 -0.06500930 -0.43489337
v 0.15943263 -0.05515049 -0.41458356
v 0.15949725 -0.05515049 -0.41353166
v 0.16024031 -0.05515049 0.19325490
v 0.15994954 -0.05515049 0.19883807
v 0.15959418 -0.05515049 0.20531134
v 0.15956186 -0.05515049 0.20587774
v 0.15781732 -0.06500930 0.21494029
v 0.15587893 -0.07501541 0.22489293
v 0.15520050 -0.07501541 0.23492648
v 0.15303597 -0.08500047 0.24496000
v 0.15067759 -0.09559579 0.25507444
v 0.14983763 -0.09932046 0.25847292
v 0.14835152 -0.10500216 0.26494616
v 0.14570239 -0.11499775 0.27489883
v 0.09805038 -0.14972979 0.15490088
v 0.10005338 -0.15000334 0.11112550
v 0.10057028 -0.15009804 0.09494238
v 0.10166870 -0.15028743 0.04485558
v 0.10186254 -0.15031900 0.03490295
v 0.10208868 -0.15036109 0.01491678
v 0.10254098 -0.15043473 -0.02505556
v 0.10263789 -0.15045577 -0.03508910
v 0.10276712 -0.15049787 -0.07514235
v 0.10283174 -0.15050839 -0.09496669
v 0.10286404 -0.15050839 -0.10491931
v 0.10286404 -0.15050839 -0.11495286
v 0.12282943 -0.14043915 0.29164833
v 0.11494666 -0.14240670 0.28493237
v 0.12567240 -0.14087054 0.28533691
v 0.12496165 -0.13744047 0.30499941
v 0.12567240 -0.13943958 0.29496586
v 0.11494666 -0.14340626 0.27489883
v 0.11494666 -0.14409018 0.26494616
v 0.11494666 -0.14457417 0.25491261
v 0.14570239 -0.10500216 0.28493237
v 0.14728542 -0.10500216 0.27489883
v 0.14886843 -0.09405963 0.27392781
v 0.14001647 -0.06052707 0.31001621
v 0.13704427 -0.12408847 0.30394751
v 0.13071220 -0.13137999 0.31066352
v 0.14676851 -0.09500658 0.28493237
v 0.14770539 -0.08500047 0.28493237
v 0.14873920 -0.07506801 0.28420413
v 0.14883612 -0.06500930 0.28638881
v 0.14912689 -0.05515049 0.28744072
v 0.12438014 -0.13320024 0.31438565
v 0.10496396 -0.14770962 0.20498766
v 0.10496396 -0.14678371 0.23492648
v 0.10496396 -0.14713094 0.22489293
v 0.09410899 -0.14944570 0.19479229
v 0.09737194 -0.14964561 0.16493441
v 0.10244406 -0.15043473 -0.19497845
v 0.10267020 -0.15046629 -0.16495875
v 0.10263789 -0.15045577 -0.17491136
v 0.10234714 -0.15041369 -0.20493108
v 0.10212100 -0.15037161 -0.22491725
v 0.10186254 -0.15031900 -0.24490342
v 0.10105488 -0.15018222 -0.28487575
v 0.10057028 -0.15009804 -0.30494285
v 0.10402707 -0.14931944 -0.32468626
v 0.10496396 -0.14903535 -0.33488163
v 0.09979492 -0.14997178 -0.32784197
v 0.09947186 -0.14992970 -0.33488163
v 0.09901957 -0.14986657 -0.34491515
v 0.09798577 -0.14971927 -0.36490136
v 0.09727503 -0.14963509 -0.37485397
v 0.09649967 -0.14952987 -0.38496840
v 0.09562740 -0.14942466 -0.39492106
v 0.09404438 -0.14939308 -0.40438819
v 0.09498127 -0.14828831 -0.43489337
v 0.09498127 -0.14898275 -0.41490722
v 0.09498127 -0.14865658 -0.42494076
v 0.10496396 -0.14620502 -0.45496047
v 0.10496396 -0.14565790 -0.46491307
v 0.09498127 -0.14785692 -0.44492692
v 0.15012838 -0.09120826 -0.47122455
v 0.10496396 -0.14375347 -0.48489928
v 0.11494666 -0.14105994 -0.49274808
v 0.11494666 -0.13863994 -0.49776489
v 0.10496396 -0.14492138 -0.47494662
v 0.10496396 -0.13880830 -0.49833125
v 0.09498127 -0.13891351 -0.49865490
v 0.11494666 -0.13364215 -0.50197250
v 0.11494666 -0.12499334 -0.50415719
v 0.12496165 -0.11499775 -0.50407630
v 0.13445975 -0.05515049 -0.50189155
v 0.13937034 -0.05515049 -0.49962592
v 0.13927342 -0.07501541 -0.49954498
v 0.13917649 -0.10500216 -0.49930227
v 0.14460398 -0.05515049 -0.49460918
v 0.15119450 -0.05515049 -0.48376644
v 0.15077451 -0.06500930 -0.48279548
v 0.15032221 -0.07501541 -0.48125803
v 0.14864229 -0.08444282 -0.48409009
v 0.15003146 -0.08071815 -0.48020613
v 0.14967608 -0.08737837 -0.47785962
v 0.15164678 -0.08500047 -0.46491307
v 0.15394054 -0.07501541 -0.45496047
v 0.15610507 -0.06500930 -0.44492692
v 0.15807576 -0.05515049 -0.43489337
v 0.15875420 -0.05515049 -0.42477894
v 0.15898035 -0.05515049 0.21510212
v 0.15720350 -0.06500930 0.22489293
v 0.15646045 -0.06500930 0.23492648
v 0.15442514 -0.07501541 0.24496000
v 0.15222830 -0.08500047 0.25491261
v 0.14954686 -0.09704778 0.26494616
v 0.09307519 -0.15042421 0.15490088
v 0.09355978 -0.15049787 0.14494824
v 0.09498127 -0.15083456 0.10489500
v 0.09498127 -0.15093978 0.09494238
v 0.09498127 -0.15141325 0.03490295
v 0.09498127 -0.15168682 -0.02505556
v 0.09498127 -0.15171838 -0.03508910
v 0.09498127 -0.15179203 -0.08509498
v 0.09498127 -0.15181307 -0.10491931
v 0.09498127 -0.15180255 -0.11495286
v 0.09498127 -0.15171838 -0.17491136
v 0.11494666 -0.14089158 0.29294300
v 0.10496396 -0.14333260 0.28493237
v 0.10496396 -0.14453208 0.27489883
v 0.11452667 -0.13407354 0.32126349
v 0.11497896 -0.13615683 0.31495208
v 0.10496396 -0.14533173 0.26494616
v 0.10496396 -0.14589989 0.25491261
v 0.10496396 -0.14636284 0.24496000
v 0.14948225 -0.08500047 0.27684081
v 0.14980532 -0.07844547 0.27910644
v 0.15025760 -0.09204999 0.26494616
v 0.14996685 -0.09008244 0.26996297
v 0.14021030 -0.05515049 0.31033987
v 0.13668890 -0.05515049 0.31535661
v 0.13675351 -0.06431487 0.31398106
v 0.13487974 -0.07501541 0.31495208
v 0.13329671 -0.09501710 0.31390017
v 0.13139063 -0.12499334 0.31139177
v 0.12635083 -0.12499334 0.31640851
v 0.12147256 -0.12499334 0.32126349
v 0.12063259 -0.13123268 0.32061613
v 0.15012838 -0.07178526 0.28048199
v 0.15038683 -0.06500930 0.28137207
v 0.15074220 -0.05515049 0.28258580
v 0.11953417 -0.13153781 0.32126349
v 0.09498127 -0.14904587 0.20498766
v 0.09498127 -0.14801475 0.23492648
v 0.09498127 -0.14839353 0.22489293
v 0.08961839 -0.14995074 0.19802894
v 0.08496626 -0.15127647 0.16493441
v 0.09236445 -0.15031900 0.16493441
v 0.09498127 -0.15168682 -0.18494490
v 0.09498127 -0.15146586 -0.23495078
v 0.09498127 -0.15141325 -0.24490342
v 0.09498127 -0.15126595 -0.26497048
v 0.09498127 -0.15119229 -0.27492315
v 0.09498127 -0.15102395 -0.29490930
v 0.09498127 -0.15092926 -0.30494285
v 0.09498127 -0.15082404 -0.31489545
v 0.09449667 -0.15064517 -0.33488163
v 0.09352747 -0.15049787 -0.35494870
v 0.09297827 -0.15041369 -0.36490136
v 0.09226752 -0.15030847 -0.37485397
v 0.09149217 -0.15020326 -0.38496840
v 0.09065221 -0.15008752 -0.39492106
v 0.09010299 -0.15000334 -0.40058517
v 0.08664620 -0.14961404 -0.42494076
v 0.08163870 -0.15018222 -0.42494076
v 0.08428783 -0.14949831 -0.43473154
v 0.08935995 -0.14990865 -0.40730113
v 0.08826152 -0.14979291 -0.41490722
v 0.08325402 -0.15037161 -0.41490722
v 0.09498127 -0.14735189 -0.45496047
v 0.09498127 -0.14672059 -0.46491307
v 0.07911880 -0.14989813 -0.43804908
v 0.08496626 -0.14893013 -0.44492692
v 0.15045145 -0.08444282 -0.47470391
v 0.15287443 -0.07501541 -0.46491307
v 0.09498127 -0.14458469 -0.48489928
v 0.09498127 -0.14588937 -0.47494662
v 0.08496626 -0.14674163 -0.47494662
v 0.10496396 -0.14151236 -0.49339539
v 0.08496626 -0.14528963 -0.48489928
v 0.07498357 -0.14595251 -0.48489928
v 0.09498127 -0.14188062 -0.49371910
v 0.08496626 -0.14219627 -0.49396181
v 0.06496857 -0.14274339 -0.49412364
v 0.08496626 -0.13897663 -0.49889767
v 0.04497088 -0.14323792 -0.49428546
v 0.01499049 -0.14390078 -0.49444729
v 0.07498357 -0.13905029 -0.49905950
v 0.03498818 -0.13920811 -0.49938315
v 0.08496626 -0.13398936 -0.50205338
v 0.07498357 -0.12499334 -0.50439996
v 0.11494666 -0.10500216 -0.50423813
v 0.01499049 -0.11499775 -0.50504726
v 0.09498127 -0.11499775 -0.50439996
v 0.12509088 -0.05515049 -0.50407630
v 0.11510818 -0.05515049 -0.50423813
v 0.13946725 -0.05515049 -0.49954498
v 0.15329441 -0.05515049 -0.47494662
v 0.15242215 -0.06500930 -0.47494662
v 0.15145294 -0.07501541 -0.47494662
v 0.15513588 -0.06500930 -0.45496047
v 0.15720350 -0.05515049 -0.44492692
v 0.15833423 -0.05515049 0.22505476
v 0.15755886 -0.05515049 0.23500739
v 0.15562047 -0.06500930 0.24496000
v 0.15348825 -0.07501541 0.25491261
v 0.15119450 -0.08500047 0.26494616
v 0.08496626 -0.15148690 0.15490088
v 0.08496626 -0.15179203 0.13491471
v 0.08496626 -0.15223394 0.10489500
v 0.08496626 -0.15234968 0.09494238
v 0.08496626 -0.15280211 0.04485558
v 0.08496626 -0.15287577 0.03490295
v 0.08496626 -0.15298098 0.01491678
v 0.08496626 -0.15318090 -0.02505556
v 0.08496626 -0.15321246 -0.03508910
v 0.08496626 -0.15325454 -0.05507527
v 0.08496626 -0.15331767 -0.09496669
v 0.08496626 -0.15331767 -0.11495286
v 0.08496626 -0.15325454 -0.15492520
v 0.08496626 -0.15321246 -0.17491136
v 0.09498127 -0.14411122 0.28493237
v 0.08496626 -0.14627868 0.27489883
v 0.09498127 -0.14545798 0.27489883
v 0.09498127 -0.14635232 0.26494616
v 0.10496396 -0.13494684 0.32126349
v 0.01049989 -0.15001386 0.27999651
v 0.06496857 -0.14596303 0.28493237
v 0.07498357 -0.14540538 0.28493237
v 0.08496626 -0.14478460 0.28493237
v 0.09498127 -0.14700466 0.25491261
v 0.09498127 -0.14753075 0.24496000
v 0.15074220 -0.07506801 0.27546519
v 0.15025760 -0.08500047 0.27182400
v 0.15177602 -0.06500930 0.27489883
v 0.15235752 -0.07501541 0.26494616
v 0.13226292 -0.05515049 0.32126349
v 0.13119680 -0.06487252 0.32126349
v 0.13009837 -0.08081285 0.32013065
v 0.12890305 -0.08175980 0.32126349
v 0.12812768 -0.08666290 0.32126349
v 0.12673850 -0.09501710 0.32126349
v 0.12502627 -0.10500216 0.32126349
v 0.12124641 -0.12586664 0.32126349
v 0.15251906 -0.05515049 0.27506065
v 0.08864920 -0.14984553 0.20498766
v 0.08496626 -0.14910901 0.23492648
v 0.07963570 -0.14996126 0.22901963
v 0.08444937 -0.14957196 0.22537841
v 0.08364170 -0.15042421 0.20498766
v 0.07498357 -0.15171838 0.19487320
v 0.07498357 -0.15248646 0.16493441
v 0.07498357 -0.15271793 0.15490088
v 0.08496626 -0.15318090 -0.18494490
v 0.08496626 -0.15298098 -0.22491725
v 0.08496626 -0.15287577 -0.24490342
v 0.08496626 -0.15280211 -0.25485605
v 0.08496626 -0.15253907 -0.28487575
v 0.08496626 -0.15234968 -0.30494285
v 0.08496626 -0.15222342 -0.31489545
v 0.08496626 -0.15208665 -0.32492900
v 0.08496626 -0.15179203 -0.34491515
v 0.08496626 -0.15145534 -0.36490136
v 0.08496626 -0.15162368 -0.35494870
v 0.08496626 -0.15124491 -0.37485397
v 0.08496626 -0.15076090 -0.39492106
v 0.08496626 -0.15101343 -0.38496840
v 0.08561239 -0.15043473 -0.40438819
v 0.08050798 -0.15004542 -0.43133312
v 0.07498357 -0.15127647 -0.41490722
v 0.07498357 -0.15162368 -0.40487367
v 0.08496626 -0.14837249 -0.45496047
v 0.08496626 -0.14765701 -0.46491307
v 0.07705119 -0.14971927 -0.44492692
v 0.07546817 -0.15041369 -0.43473154
v 0.06496857 -0.15141325 -0.43489337
v 0.15397285 -0.06500930 -0.46491307
v 0.07498357 -0.14750971 -0.47494662
v 0.06496857 -0.14824623 -0.47494662
v 0.07498357 -0.14851978 -0.46491307
v 0.06454859 -0.14942466 -0.46434671
v 0.06496857 -0.14655223 -0.48489928
v 0.05498588 -0.14714146 -0.48489928
v 0.04497088 -0.14769910 -0.48489928
v 0.01499049 -0.14889857 -0.48603207
v 0.05498588 -0.14893013 -0.47494662
v 0.03498818 -0.14974031 -0.47818327
v 0.02868843 -0.14992970 -0.47939700
v 0.00497549 -0.14904587 -0.48667943
v 0.00497549 -0.14404808 -0.49444729
v 0.01499049 -0.13928176 -0.49946409
v 0.04497088 -0.13417876 -0.50213432
v 0.01499049 -0.12499334 -0.50472361
v 0.09498127 -0.08500047 -0.50448084
v 0.07511280 -0.05515049 -0.50472361
v 0.02497318 -0.08500047 -0.50520909
v 0.03498818 -0.07501541 -0.50512820
v 0.04497088 -0.06500930 -0.50504726
v -0.00497490 -0.11499775 -0.50504726
v 0.00497549 -0.10500216 -0.50520909
v 0.01499049 -0.09500658 -0.50520909
v 0.03498818 -0.09500658 -0.50504726
v 0.01499049 -0.08500047 -0.50529003
v 0.15490973 -0.05515049 -0.46491307
v 0.15616968 -0.05515049 -0.45496047
v 0.15665428 -0.05515049 0.24496000
v 0.15461898 -0.06500930 0.25491261
v 0.07498357 -0.15289681 0.14494824
v 0.07498357 -0.15321246 0.12496208
v 0.07498357 -0.15352811 0.10489500
v 0.07498357 -0.15366489 0.09494238
v 0.07498357 -0.15405419 0.05497003
v 0.07498357 -0.15423305 0.03490295
v 0.07498357 -0.15429619 0.02495033
v 0.07498357 -0.15455922 -0.02505556
v 0.07498357 -0.15460132 -0.03508910
v 0.07498357 -0.15466444 -0.06502789
v 0.07498357 -0.15471706 -0.09496669
v 0.07498357 -0.15472758 -0.10491931
v 0.07498357 -0.15471706 -0.11495286
v 0.07498357 -0.15463288 -0.16495875
v 0.06496857 -0.14773066 0.27489883
v 0.07498357 -0.14701518 0.27489883
v 0.06496857 -0.14889857 0.26494616
v 0.07498357 -0.14809892 0.26494616
v 0.08496626 -0.14727823 0.26494616
v 0.08496626 -0.14800423 0.25491261
v -0.10544796 -0.13457859 0.32126349
v 0.00497549 -0.14858292 0.28525603
v 0.00497549 -0.15009804 0.28023922
v 0.00497549 -0.15110812 0.27489883
v 0.01427975 -0.15065569 0.27546519
v 0.01715502 -0.14985605 0.27918732
v 0.02497318 -0.14965613 0.27789271
v 0.03498818 -0.14937204 0.27611256
v 0.05498588 -0.14837249 0.27489883
v 0.08496626 -0.14858292 0.24496000
v 0.15339133 -0.06500930 0.26494616
v 0.15429591 -0.05515049 0.26494616
v 0.15255137 -0.05515049 0.27489883
v -0.11830593 -0.05515049 0.32126349
v 0.12987223 -0.07501541 0.32126349
v 0.06496857 -0.15158160 0.22489293
v 0.05498588 -0.15343341 0.20498766
v 0.06496857 -0.15242332 0.20498766
v 0.07498357 -0.15138169 0.20498766
v 0.08079873 -0.15008752 0.22238453
v 0.07811730 -0.14980343 0.23492648
v 0.07310980 -0.15030847 0.23492648
v 0.06496857 -0.15279159 0.19487320
v 0.05498588 -0.15470654 0.16493441
v 0.06496857 -0.15363333 0.16493441
v 0.06496857 -0.15387532 0.15490088
v 0.06496857 -0.15406471 0.14494824
v 0.07498357 -0.15455922 -0.18494490
v 0.07498357 -0.15429619 -0.23495078
v 0.07498357 -0.15423305 -0.24490342
v 0.07498357 -0.15405419 -0.26497048
v 0.07498357 -0.15375958 -0.29490930
v 0.07498357 -0.15365437 -0.30494285
v 0.07498357 -0.15350705 -0.31489545
v 0.07498357 -0.15304410 -0.34491515
v 0.07498357 -0.15268637 -0.36490136
v 0.07498357 -0.15287577 -0.35494870
v 0.07498357 -0.15192881 -0.39492106
v 0.07498357 -0.15244438 -0.37485397
v 0.06496857 -0.15231812 -0.41490722
v 0.06496857 -0.15269689 -0.40487367
v 0.07414360 -0.14942466 -0.45415133
v 0.07204369 -0.15019274 -0.44492692
v 0.06758539 -0.14979291 -0.45698339
v 0.05498588 -0.15328610 -0.41490722
v 0.04497088 -0.15423305 -0.41490722
v 0.05498588 -0.15232864 -0.43489337
v 0.06496857 -0.15084508 -0.44492692
v 0.05498588 -0.14978239 -0.46790695
v 0.04971993 -0.14997178 -0.46976805
v 0.06093027 -0.15007700 -0.46062458
v 0.05498588 -0.15030847 -0.46289021
v 0.02203330 -0.15010856 -0.48036802
v 0.03498818 -0.14821467 -0.48489928
v 0.01499049 -0.15029795 -0.48101532
v 0.02519933 -0.14890909 -0.48417103
v 0.00497549 -0.15049787 -0.48174357
v 0.04306480 -0.15020326 -0.47146726
v 0.04581084 -0.14955091 -0.47486573
v 0.03498818 -0.15046629 -0.47316653
v 0.01499049 -0.15139221 -0.47494662
v -0.00497490 -0.14902483 -0.48659849
v -0.00497490 -0.14403756 -0.49444729
v -0.00497490 -0.13929228 -0.49946409
v 0.00497549 -0.13929228 -0.49946409
v 0.00497549 -0.13430502 -0.50213432
v 0.01499049 -0.13428397 -0.50213432
v -0.01498990 -0.12499334 -0.50472361
v 0.04513241 -0.05515049 -0.50504726
v 0.01511972 -0.05515049 -0.50537091
v -0.00497490 -0.10500216 -0.50520909
v -0.04497029 -0.12499334 -0.50456178
v -0.11494606 -0.12499334 -0.50415719
v 0.00497549 -0.09500658 -0.50529003
v 0.00497549 -0.08500047 -0.50537091
v 0.15558816 -0.05515049 0.25507444
v 0.06496857 -0.15475914 0.10489500
v 0.06496857 -0.15488540 0.09494238
v 0.06496857 -0.15531678 0.05497003
v 0.06496857 -0.15542200 0.04485558
v 0.06496857 -0.15551670 0.03490295
v 0.06496857 -0.15557984 0.02495033
v 0.06496857 -0.15586391 -0.02505556
v 0.06496857 -0.15591653 -0.03508910
v 0.06496857 -0.15603226 -0.09496669
v 0.06496857 -0.15604278 -0.10491931
v 0.06496857 -0.15603226 -0.11495286
v 0.06496857 -0.15595861 -0.15492520
v 0.06496857 -0.15591653 -0.17491136
v 0.04035106 -0.15000334 0.27004385
v 0.04700619 -0.14979291 0.26826370
v 0.05543817 -0.14958248 0.26494616
v 0.05243367 -0.15018222 0.26154774
v 0.05908880 -0.14992970 0.25903934
v 0.07498357 -0.14890909 0.25491261
v 0.06884535 -0.14989813 0.24835847
v 0.07113910 -0.15010856 0.24172337
v -0.11048777 -0.13417876 0.32126349
v -0.11494606 -0.14077584 0.29253840
v -0.08496568 -0.14466886 0.28493237
v -0.07498298 -0.14526859 0.28493237
v -0.06496798 -0.14584729 0.28493237
v -0.05498528 -0.14638390 0.28493237
v -0.00982086 -0.14999282 0.27991557
v -0.00316574 -0.15010856 0.28032017
v -0.00587948 -0.14884597 0.28412318
v -0.00497490 -0.15267585 0.26494616
v 0.00497549 -0.15273899 0.26494616
v -0.00587948 -0.15085560 0.27595073
v 0.01499049 -0.15227602 0.26494616
v 0.02497318 -0.15049787 0.27287591
v 0.03498818 -0.15019274 0.27109575
v -0.11830593 -0.12202623 0.32126349
v -0.12993625 -0.05515049 0.30993527
v 0.06496857 -0.15107656 0.23492648
v 0.05498588 -0.15249698 0.22489293
v 0.03498818 -0.15528522 0.20498766
v 0.03498818 -0.15570609 0.19487320
v 0.04497088 -0.15476966 0.19487320
v 0.05498588 -0.15380166 0.19487320
v 0.04497088 -0.15573765 0.16493441
v 0.04497088 -0.15601122 0.15490088
v 0.05498588 -0.15496957 0.15490088
v 0.05498588 -0.15516949 0.14494824
v 0.05498588 -0.15554827 0.12496208
v 0.05498588 -0.15573765 0.11492854
v 0.05498588 -0.15591653 0.10489500
v 0.06496857 -0.15586391 -0.18494490
v 0.06496857 -0.15557984 -0.23495078
v 0.06496857 -0.15550618 -0.24490342
v 0.06496857 -0.15542200 -0.25485605
v 0.06496857 -0.15531678 -0.26497048
v 0.06496857 -0.15487488 -0.30494285
v 0.06496857 -0.15473810 -0.31489545
v 0.06496857 -0.15383324 -0.36490136
v 0.06496857 -0.15404367 -0.35494870
v 0.05498588 -0.15590601 -0.31489545
v 0.06496857 -0.15300202 -0.39492106
v 0.06496857 -0.15357019 -0.37485397
v 0.05498588 -0.15465392 -0.37485397
v 0.05498588 -0.15369645 -0.40487367
v 0.04497088 -0.15568505 -0.37485397
v 0.04497088 -0.15535888 -0.38496840
v 0.05498588 -0.15172890 -0.44492692
v 0.04497088 -0.15466444 -0.40487367
v 0.03498818 -0.15514845 -0.41490722
v 0.03498818 -0.15560088 -0.40487367
v 0.04497088 -0.15321246 -0.43489337
v 0.04581084 -0.15066621 -0.46580315
v 0.03498818 -0.15151846 -0.46491307
v 0.02497318 -0.15219185 -0.46491307
v 0.04497088 -0.15177098 -0.45496047
v 0.03498818 -0.15253907 -0.45496047
v 0.04497088 -0.15256011 -0.44492692
v 0.03498818 -0.15335976 -0.44492692
v 0.02497318 -0.15325454 -0.45496047
v 0.00497549 -0.15182360 -0.47494662
v -0.00497490 -0.15045577 -0.48166263
v 0.01499049 -0.15283367 -0.46491307
v 0.00497549 -0.15332820 -0.46491307
v -0.01498990 -0.14885649 -0.48587024
v -0.09498067 -0.14178592 -0.49363816
v -0.08496568 -0.14210157 -0.49388093
v -0.07498298 -0.14240670 -0.49404275
v -0.05498528 -0.14293279 -0.49420458
v -0.04497029 -0.14317478 -0.49428546
v -0.02497259 -0.14362721 -0.49436641
v -0.08496568 -0.13896611 -0.49881679
v -0.07498298 -0.13903977 -0.49897861
v -0.06496798 -0.13908185 -0.49914044
v -0.04497029 -0.13917655 -0.49930227
v -0.01498990 -0.13927124 -0.49946409
v -0.00497490 -0.13430502 -0.50213432
v -0.01498990 -0.13427345 -0.50213432
v -0.03498759 -0.13421032 -0.50213432
v -0.08496568 -0.13397884 -0.50205338
v -0.00497490 -0.05515049 -0.50537091
v -0.00497490 -0.09500658 -0.50529003
v -0.01498990 -0.10500216 -0.50512820
v -0.12496106 -0.12499334 -0.50399536
v -0.11494606 -0.09500658 -0.50423813
v -0.10496337 -0.10500216 -0.50431901
v -0.03498759 -0.09500658 -0.50504726
v -0.03498759 -0.10500216 -0.50496638
v -0.11494606 -0.13357902 -0.50197250
v -0.00497490 -0.08500047 -0.50537091
v 0.05498588 -0.15606382 0.09494238
v 0.05498588 -0.15663201 0.04485558
v 0.05498588 -0.15680034 0.02495033
v 0.05498588 -0.15711600 -0.02505556
v 0.05498588 -0.15714756 -0.03508910
v 0.05498588 -0.15722121 -0.06502789
v 0.05498588 -0.15728435 -0.09496669
v 0.05498588 -0.15729487 -0.10491931
v 0.05498588 -0.15728435 -0.11495286
v 0.05498588 -0.15720017 -0.15492520
v 0.05498588 -0.15714756 -0.17491136
v 0.05498588 -0.15711600 -0.18494490
v 0.02497318 -0.15165526 0.26494616
v 0.04419552 -0.15037161 0.26494616
v 0.02497318 -0.15276003 0.25491261
v 0.03498818 -0.15204455 0.25491261
v 0.02497318 -0.15364385 0.24496000
v 0.03498818 -0.15288629 0.24496000
v 0.04497088 -0.15210769 0.24496000
v 0.06219022 -0.15018222 0.25240427
v 0.06529164 -0.15042421 0.24504094
v -0.11384764 -0.13311607 0.32126349
v -0.12593025 -0.13505206 0.30597043
v -0.12509029 -0.13918707 0.29480404
v -0.12185964 -0.14034446 0.29132468
v -0.10496337 -0.14318530 0.28493237
v -0.09498067 -0.14397442 0.28493237
v -0.06496798 -0.14759389 0.27489883
v -0.05498528 -0.14825675 0.27489883
v -0.04497029 -0.14888805 0.27489883
v -0.02497259 -0.14959300 0.27756900
v -0.01498990 -0.14985605 0.27918732
v -0.01498990 -0.15073986 0.27417058
v -0.01498990 -0.15214977 0.26494616
v -0.00497490 -0.15387532 0.25491261
v 0.00497549 -0.15392792 0.25491261
v 0.01499049 -0.15343341 0.25491261
v -0.11827362 -0.12499334 0.32126349
v -0.12993625 -0.12499334 0.30993527
v -0.14337574 -0.05515049 0.29383308
v 0.05498588 -0.15194985 0.23492648
v 0.04497088 -0.15337028 0.22489293
v 0.02497318 -0.15616904 0.20498766
v 0.02497318 -0.15661095 0.19487320
v 0.01499049 -0.15861008 0.16493441
v 0.02497318 -0.15769468 0.16493441
v 0.03498818 -0.15672669 0.16493441
v 0.03498818 -0.15703182 0.15490088
v 0.04497088 -0.15623218 0.14494824
v 0.03498818 -0.15789460 0.11492854
v 0.03498818 -0.15809451 0.10489500
v 0.04497088 -0.15703182 0.10489500
v 0.05498588 -0.15686348 -0.22491725
v 0.05498588 -0.15671617 -0.24490342
v 0.05498588 -0.15663201 -0.25485605
v 0.05498588 -0.15605330 -0.30494285
v 0.05498588 -0.15492749 -0.36490136
v 0.05498588 -0.15533784 -0.34491515
v 0.05498588 -0.15513793 -0.35494870
v 0.04497088 -0.15701078 -0.31489545
v 0.04497088 -0.15682139 -0.32492900
v 0.03498818 -0.15667409 -0.37485397
v 0.04497088 -0.15595861 -0.36490136
v 0.03498818 -0.15696868 -0.36490136
v 0.03498818 -0.15405419 -0.43489337
v 0.03498818 -0.15631634 -0.38496840
v 0.02497318 -0.15726329 -0.38496840
v 0.02497318 -0.15601122 -0.41490722
v 0.02497318 -0.15650573 -0.40487367
v 0.02497318 -0.15689504 -0.39492106
v 0.01499049 -0.15395950 -0.45496047
v 0.02497318 -0.15412784 -0.44492692
v 0.01499049 -0.15487488 -0.44492692
v 0.02497318 -0.15486436 -0.43489337
v 0.01499049 -0.15563244 -0.43489337
v -0.00497490 -0.15174994 -0.47494662
v -0.01498990 -0.15022430 -0.48085350
v 0.00497549 -0.15447506 -0.45496047
v -0.00497490 -0.15325454 -0.46491307
v -0.03498759 -0.14807788 -0.48489928
v -0.04497029 -0.14755180 -0.48489928
v -0.10496337 -0.14140715 -0.49331450
v -0.10496337 -0.13876620 -0.49825037
v -0.09498067 -0.13888194 -0.49857402
v -0.10496337 -0.13377893 -0.50197250
v -0.01498990 -0.05515049 -0.50529003
v -0.01498990 -0.09500658 -0.50520909
v -0.12496106 -0.05515049 -0.50399536
v -0.12496106 -0.13322128 -0.50189155
v -0.13190694 -0.13197973 -0.50124425
v -0.13287614 -0.12499334 -0.50181067
v -0.13326383 -0.05515049 -0.50189155
v -0.11494606 -0.05515049 -0.50423813
v -0.09498067 -0.05515049 -0.50448084
v -0.06496798 -0.06500930 -0.50480449
v -0.03498759 -0.06500930 -0.50512820
v -0.02497259 -0.07501541 -0.50520909
v -0.01498990 -0.07501541 -0.50529003
v 0.04497088 -0.15716860 0.09494238
v 0.03498818 -0.15890467 0.04485558
v 0.04497088 -0.15767364 0.05497003
v 0.04497088 -0.15778938 0.04485558
v 0.04497088 -0.15789460 0.03490295
v 0.04497088 -0.15830494 -0.02505556
v 0.04497088 -0.15837860 -0.04512264
v 0.04497088 -0.15842068 -0.06502789
v 0.04497088 -0.15849434 -0.10491931
v 0.04497088 -0.15839964 -0.15492520
v 0.04497088 -0.15837860 -0.16495875
v 0.04497088 -0.15830494 -0.18494490
v 0.01499049 -0.15434879 0.24496000
v 0.01499049 -0.15518001 0.23492648
v 0.02497318 -0.15442245 0.23492648
v 0.03498818 -0.15363333 0.23492648
v 0.05498588 -0.15129751 0.24496000
v 0.04497088 -0.15281263 0.23492648
v -0.12328113 -0.13282146 0.31317192
v -0.13155158 -0.13308451 0.30362386
v -0.12576872 -0.13591483 0.30362386
v -0.13413610 -0.13437867 0.29488498
v -0.12883784 -0.13977629 0.28493237
v -0.13242385 -0.13277937 0.30321926
v -0.12383033 -0.14078636 0.28493237
v -0.11494606 -0.14216471 0.28493237
v -0.10496337 -0.14435321 0.27489883
v -0.09498067 -0.14531069 0.27489883
v -0.08496568 -0.14613137 0.27489883
v -0.07498298 -0.14687841 0.27489883
v -0.05501759 -0.14950883 0.26470345
v -0.04497029 -0.14980343 0.26826370
v -0.03980125 -0.14998230 0.26980114
v -0.03314612 -0.15019274 0.27117670
v -0.03585986 -0.14945622 0.27465606
v -0.02497259 -0.15043473 0.27255225
v -0.02497259 -0.15151846 0.26494616
v -0.01498990 -0.15328610 0.25491261
v -0.00497490 -0.15482228 0.24496000
v 0.00497549 -0.15488540 0.24496000
v -0.13371611 -0.12499334 0.30491853
v -0.13232693 -0.13234799 0.30362386
v -0.14347266 -0.05515049 0.29367125
v -0.14308499 -0.06500930 0.29367125
v 0.03498818 -0.15423305 0.22489293
v 0.01499049 -0.15701078 0.20498766
v 0.01499049 -0.15747373 0.19487320
v 0.00497549 -0.15929398 0.16493441
v 0.01499049 -0.15893625 0.15490088
v 0.02497318 -0.15801033 0.15490088
v 0.02497318 -0.15824181 0.14494824
v 0.01812422 -0.15982006 0.10489500
v 0.03498818 -0.15725277 0.14494824
v 0.03498818 -0.15768416 0.12496208
v 0.02497318 -0.15912563 0.10489500
v 0.02497318 -0.15930450 0.09494238
v 0.03498818 -0.15825233 0.09494238
v 0.04497088 -0.15788408 -0.24490342
v 0.04497088 -0.15778938 -0.25485605
v 0.04497088 -0.15754738 -0.27492315
v 0.04497088 -0.15715808 -0.30494285
v 0.04497088 -0.15620062 -0.35494870
v 0.03498818 -0.15808399 -0.31489545
v 0.03498818 -0.15824181 -0.30494285
v 0.02497318 -0.15795773 -0.36490136
v 0.03498818 -0.15722121 -0.35494870
v 0.01499049 -0.15683191 -0.41490722
v 0.01499049 -0.15887311 -0.36490136
v 0.01499049 -0.15852590 -0.37485397
v 0.01499049 -0.15735799 -0.40487367
v 0.01499049 -0.15776834 -0.39492106
v 0.01499049 -0.15814713 -0.38496840
v 0.00497549 -0.15542200 -0.44492692
v 0.00497549 -0.15621114 -0.43489337
v 0.01499049 -0.15624270 -0.42494076
v 0.00497549 -0.15745269 -0.41490722
v 0.00497549 -0.15683191 -0.42494076
v -0.01498990 -0.15126595 -0.47494662
v -0.02122504 -0.15006648 -0.48020613
v -0.00497490 -0.15440141 -0.45496047
v -0.01498990 -0.15269689 -0.46491307
v -0.05498528 -0.14699414 -0.48489928
v -0.11494606 -0.14091262 -0.49250531
v -0.11494606 -0.13857681 -0.49752212
v -0.06496798 -0.14642598 -0.48489928
v -0.07498298 -0.14579467 -0.48489928
v -0.08496568 -0.14513181 -0.48489928
v -0.03498759 -0.05515049 -0.50512820
v -0.12531643 -0.13844003 -0.49469006
v -0.13378072 -0.13381049 -0.49493283
v -0.13978972 -0.12931775 -0.48813587
v -0.13820671 -0.12557203 -0.49460918
v -0.13788365 -0.11499775 -0.49719846
v -0.13791595 -0.10500216 -0.49776489
v -0.13814209 -0.08500047 -0.49841219
v -0.13823901 -0.07501541 -0.49857402
v -0.13836823 -0.05515049 -0.49889767
v -0.13332844 -0.06500930 -0.50181067
v 0.02746078 -0.15972537 0.04485558
v 0.03498818 -0.15902042 0.03490295
v 0.03498818 -0.15916772 0.01491678
v 0.03498818 -0.15937816 -0.01510293
v 0.03014222 -0.16000946 -0.02748303
v 0.03531125 -0.15946233 -0.03508910
v 0.03540817 -0.15948337 -0.04512264
v 0.03553740 -0.15949389 -0.05507527
v 0.03563431 -0.15950441 -0.06502789
v 0.03094988 -0.16010416 -0.09496669
v 0.03098219 -0.16011468 -0.10491931
v 0.03094988 -0.16010416 -0.11495286
v 0.03553740 -0.15949389 -0.15492520
v 0.03544047 -0.15948337 -0.16495875
v 0.03531125 -0.15946233 -0.17491136
v 0.03014222 -0.16000946 -0.18251744
v 0.03498818 -0.15937816 -0.19497845
v 0.00497549 -0.15574817 0.23492648
v 0.00497549 -0.15644261 0.22489293
v 0.01499049 -0.15585339 0.22489293
v 0.02497318 -0.15506427 0.22489293
v -0.13972510 -0.12888636 0.28719801
v -0.14001587 -0.13008583 0.28048199
v -0.13581602 -0.13387363 0.28428501
v -0.12987164 -0.13996567 0.27951097
v -0.13271461 -0.13105382 0.30362386
v -0.13878822 -0.12533003 0.29464221
v -0.12589794 -0.14103888 0.27570796
v -0.11494606 -0.14314322 0.27489883
v -0.10496337 -0.14511077 0.26494616
v -0.09498067 -0.14618398 0.26494616
v -0.08496568 -0.14709936 0.26494616
v -0.07498298 -0.14795162 0.26494616
v -0.06496798 -0.14873022 0.26494616
v -0.05172233 -0.15011908 0.26114315
v -0.04497029 -0.15037161 0.26324695
v -0.03585986 -0.15070830 0.26583624
v -0.02497259 -0.15261272 0.25491261
v -0.01498990 -0.15421201 0.24496000
v -0.00497490 -0.15566400 0.23492648
v -0.13869131 -0.11499775 0.29706967
v -0.14276192 -0.07501541 0.29350942
v -0.14240654 -0.08500047 0.29326665
v -0.14838324 -0.05515049 0.28541785
v 0.00497549 -0.15763156 0.20498766
v 0.00497549 -0.15812607 0.19487320
v 0.00016183 -0.15998840 0.15020777
v 0.00410322 -0.15969381 0.15409172
v 0.00646159 -0.15982006 0.14494824
v 0.00846459 -0.15991476 0.13677576
v 0.01001530 -0.15998840 0.13005976
v 0.01499049 -0.15918876 0.14494824
v 0.01566892 -0.15959911 0.12496208
v 0.01192138 -0.16017780 0.11492854
v 0.01314902 -0.16028301 0.10489500
v 0.01408591 -0.16038823 0.09494238
v 0.01906110 -0.15990424 0.09494238
v 0.02009491 -0.16000946 0.08078213
v 0.02048259 -0.16005154 0.07487528
v 0.02245328 -0.16026197 0.04485558
v 0.03498818 -0.15916772 -0.22491725
v 0.03498818 -0.15909407 -0.23495078
v 0.03498818 -0.15900990 -0.24490342
v 0.03498818 -0.15889415 -0.25485605
v 0.02742847 -0.15972537 -0.25485605
v 0.03498818 -0.15876789 -0.26497048
v 0.02678235 -0.15966225 -0.26497048
v 0.03498818 -0.15766312 -0.33488163
v 0.02497318 -0.15929398 -0.30494285
v 0.01899649 -0.15990424 -0.30494285
v 0.02497318 -0.15910459 -0.31489545
v 0.02497318 -0.15821025 -0.35494870
v 0.01499049 -0.15914668 -0.35494870
v 0.02497318 -0.15844172 -0.34491515
v 0.01799499 -0.15980954 -0.31489545
v 0.00497549 -0.15798929 -0.40487367
v 0.00497549 -0.15955701 -0.36490136
v 0.00978915 -0.15997788 -0.33957475
v 0.00849689 -0.15992528 -0.34491515
v 0.00497549 -0.15920980 -0.37485397
v 0.00497549 -0.15841016 -0.39492106
v 0.00497549 -0.15880999 -0.38496840
v -0.00497490 -0.15534836 -0.44492692
v -0.00497490 -0.15613748 -0.43489337
v -0.00497490 -0.15736851 -0.41490722
v -0.02471414 -0.15061361 -0.47543216
v -0.02788017 -0.14987709 -0.47915423
v -0.01498990 -0.15380166 -0.45496047
v -0.02497259 -0.15204455 -0.46491307
v -0.04212732 -0.15014014 -0.47098178
v -0.03498759 -0.15038213 -0.47260010
v -0.09498067 -0.14437425 -0.48489928
v -0.10496337 -0.14353251 -0.48489928
v -0.12221501 -0.14042863 -0.49129158
v -0.03498759 -0.14966665 -0.47761685
v -0.05498528 -0.14876179 -0.47494662
v -0.06496798 -0.14806736 -0.47494662
v -0.07498298 -0.14734137 -0.47494662
v -0.12890245 -0.13977629 -0.48700309
v -0.13491145 -0.13498892 -0.48425192
v -0.14053278 -0.12263648 -0.49112976
v -0.14008048 -0.13022260 -0.48150080
v -0.14211579 -0.12499334 -0.47494662
v -0.14463569 -0.11499775 -0.47494662
v -0.14324652 -0.11499775 -0.48489928
v -0.14117891 -0.11499775 -0.49210078
v -0.14182504 -0.10500216 -0.49274808
v -0.14234193 -0.09500658 -0.49315268
v -0.14282653 -0.08500047 -0.49347633
v -0.14324652 -0.07501541 -0.49363816
v -0.14363419 -0.06500930 -0.49379998
v -0.14395726 -0.05515049 -0.49396181
v 0.02300249 -0.16031459 0.03490295
v 0.02836536 -0.15982006 0.02495033
v 0.02939917 -0.15993580 -0.00506939
v 0.02594238 -0.16045137 -0.02448915
v 0.03030375 -0.16003050 -0.03508910
v 0.03052989 -0.16006206 -0.05507527
v 0.02497318 -0.16076702 -0.09496669
v 0.02497318 -0.16077754 -0.10491931
v 0.02497318 -0.16076702 -0.11495286
v 0.03085296 -0.16009364 -0.12490548
v 0.03052989 -0.16006206 -0.15492520
v 0.03030375 -0.16003050 -0.17491136
v 0.02594238 -0.16045137 -0.18551132
v 0.02939917 -0.15993580 -0.20493108
v -0.00497490 -0.15636896 0.22489293
v 0.00497549 -0.15704234 0.21494029
v -0.14040354 -0.12220509 0.29108196
v -0.14276192 -0.11499775 0.28493237
v -0.14418340 -0.11499775 0.27489883
v -0.14182504 -0.12499334 0.27489883
v -0.13410379 -0.13626204 0.27570796
v -0.14247116 -0.12499334 0.26494616
v -0.14295575 -0.12499334 0.25491261
v -0.14017740 -0.13033834 0.27489883
v -0.13019471 -0.14012350 0.27279502
v -0.12496106 -0.14177540 0.26494616
v -0.14092045 -0.11499775 0.29205292
v -0.11494606 -0.14377451 0.26494616
v -0.10496337 -0.14567894 0.25491261
v -0.09498067 -0.14682581 0.25491261
v -0.08496568 -0.14782536 0.25491261
v -0.07498298 -0.14873022 0.25491261
v -0.06487106 -0.14959300 0.25491261
v -0.05840977 -0.14987709 0.25831109
v -0.04497029 -0.15117125 0.25491261
v -0.03498759 -0.15190777 0.25491261
v -0.02497259 -0.15348601 0.24496000
v -0.01498990 -0.15502217 0.23492648
v -0.14150196 -0.10500216 0.29261935
v -0.15012778 -0.05515049 0.28040105
v -0.14996625 -0.06004307 0.27991557
v -0.14828631 -0.06403078 0.28388047
v -0.14709099 -0.07501541 0.28493237
v -0.00497490 -0.15755790 0.20498766
v -0.00497490 -0.15803137 0.19487320
v -0.00009662 -0.15998840 0.15020777
v 0.00497549 -0.16104057 0.09494238
v 0.00497549 -0.16084066 0.10489500
v 0.00148639 -0.16007258 0.14494824
v 0.00507241 -0.16015676 0.13402463
v 0.00497549 -0.16060919 0.11492854
v 0.01066143 -0.16006206 0.12496208
v 0.00497549 -0.16178761 0.04485558
v 0.01499049 -0.16101953 0.04485558
v 0.01576585 -0.16037771 0.08442333
v 0.01499049 -0.16113527 0.03490295
v 0.02836536 -0.15982006 -0.23495078
v 0.02297018 -0.16031459 -0.24490342
v 0.02242097 -0.16025145 -0.25485605
v 0.02177485 -0.16017780 -0.26497048
v 0.01957801 -0.15995684 -0.29717493
v 0.01499049 -0.16100901 -0.25485605
v 0.01499049 -0.16057763 -0.28487575
v 0.01398899 -0.16037771 -0.30494285
v 0.01301980 -0.16028301 -0.31489545
v 0.01676735 -0.15969381 -0.32492900
v 0.01175985 -0.16016728 -0.32492900
v 0.01499049 -0.15938868 -0.34491515
v -0.00497490 -0.15790512 -0.40487367
v 0.00491088 -0.15983059 -0.35575789
v 0.00151870 -0.16007258 -0.35292584
v 0.00497549 -0.16083014 -0.31489545
v 0.00497549 -0.16058815 -0.32492900
v -0.00106582 -0.16007258 -0.35292584
v -0.00497490 -0.15832599 -0.39492106
v -0.01498990 -0.15471706 -0.44492692
v -0.01498990 -0.15545356 -0.43489337
v -0.01498990 -0.15666357 -0.41490722
v -0.01498990 -0.15606382 -0.42494076
v -0.02497259 -0.15309672 -0.45496047
v -0.03498759 -0.15136065 -0.46491307
v -0.04878245 -0.14989813 -0.46912074
v -0.04526104 -0.14944570 -0.47462296
v -0.08496568 -0.14654171 -0.47494662
v -0.11494606 -0.14244878 -0.48489928
v -0.09498067 -0.14565790 -0.47494662
v -0.10496337 -0.14463729 -0.47494662
v -0.12531643 -0.14074427 -0.48417103
v -0.04526104 -0.15056099 -0.46547949
v -0.05498528 -0.14968769 -0.46693599
v -0.05498528 -0.15021378 -0.46191925
v -0.06406340 -0.14930892 -0.46402305
v -0.13003318 -0.14002880 -0.48036802
v -0.13520220 -0.13553604 -0.47494662
v -0.14473261 -0.10500216 -0.48489928
v -0.14599256 -0.09500658 -0.48489928
v -0.14027432 -0.13052773 -0.47494662
v -0.14272961 -0.12499334 -0.46491307
v -0.14618640 -0.11499775 -0.45496047
v -0.14550796 -0.11499775 -0.46491307
v -0.14751096 -0.10500216 -0.46491307
v -0.14641255 -0.10500216 -0.47494662
v -0.14705868 -0.08500047 -0.48489928
v -0.14864169 -0.06500930 -0.48578936
v -0.14896475 -0.05515049 -0.48700309
v 0.02371323 -0.16039875 0.01491678
v 0.01499049 -0.16161928 -0.02505556
v 0.01499049 -0.16167188 -0.03508910
v 0.02497318 -0.16060919 -0.03508910
v 0.02497318 -0.16067232 -0.05507527
v 0.01499049 -0.16182971 -0.09496669
v 0.01499049 -0.16184023 -0.10491931
v 0.01499049 -0.16182971 -0.11495286
v 0.02497318 -0.16067232 -0.15492520
v 0.02497318 -0.16060919 -0.17491136
v 0.01499049 -0.16167188 -0.17491136
v 0.01499049 -0.16160876 -0.18494490
v 0.02371323 -0.16039875 -0.22491725
v -0.01498990 -0.15569557 0.22489293
v -0.14528182 -0.09500658 0.28493237
v -0.14415109 -0.10500216 0.28493237
v -0.14728482 -0.09500658 0.27489883
v -0.14586334 -0.10500216 0.27489883
v -0.14702637 -0.10500216 0.26494616
v -0.14512029 -0.11499775 0.26494616
v -0.14583103 -0.11499775 0.25491261
v -0.13542835 -0.13571492 0.26494616
v -0.14638025 -0.11499775 0.24496000
v -0.14689714 -0.11499775 0.23492648
v -0.14040354 -0.13071713 0.26494616
v -0.14728482 -0.11499775 0.22489293
v -0.14331113 -0.12499334 0.24496000
v -0.13042085 -0.14026028 0.26494616
v -0.12496106 -0.14240670 0.24496000
v -0.12496106 -0.14211209 0.25491261
v -0.11494606 -0.14462677 0.24496000
v -0.11494606 -0.14425851 0.25491261
v -0.14625101 -0.08500047 0.28493237
v -0.10496337 -0.14612085 0.24496000
v -0.09498067 -0.14779380 0.23492648
v -0.09498067 -0.14734137 0.24496000
v -0.08496568 -0.14839353 0.24496000
v -0.07052469 -0.15003490 0.24075238
v -0.06487106 -0.15031900 0.24439360
v -0.06147888 -0.15011908 0.25167602
v -0.04497029 -0.15194985 0.24496000
v -0.03498759 -0.15273899 0.24496000
v -0.02497259 -0.15426463 0.23492648
v -0.15142004 -0.05515049 0.27481788
v -0.15061238 -0.06403078 0.27506065
v -0.14967550 -0.06671381 0.27845907
v -0.01498990 -0.15683191 0.20498766
v -0.01498990 -0.15627426 0.21494029
v -0.01498990 -0.15730539 0.19487320
v -0.00497490 -0.15882051 0.17496796
v -0.00407032 -0.15962015 0.15409172
v -0.00106582 -0.16007258 0.14494824
v -0.00497490 -0.16075650 0.10489500
v -0.00497490 -0.15919928 0.16493441
v -0.00497490 -0.16093536 0.09494238
v -0.00497490 -0.16153510 0.05497003
v -0.00497490 -0.16168240 0.04485558
v 0.00497549 -0.16190335 0.03490295
v 0.00497549 -0.16199805 0.02495033
v 0.00497549 -0.16232422 -0.01510293
v 0.02335786 -0.16035667 -0.23495078
v 0.01499049 -0.16112475 -0.24490342
v 0.01499049 -0.16121945 -0.23495078
v 0.00497549 -0.16176657 -0.25485605
v 0.00497549 -0.16189283 -0.24490342
v 0.00497549 -0.16161928 -0.26497048
v 0.00497549 -0.16117737 -0.29490930
v 0.00497549 -0.16101953 -0.30494285
v -0.01498990 -0.15715808 -0.40487367
v -0.00497490 -0.16092484 -0.30494285
v -0.00497490 -0.16072492 -0.31489545
v -0.00533027 -0.16024093 -0.33407247
v -0.00749480 -0.15982006 -0.34491515
v -0.00465183 -0.15974641 -0.35575789
v -0.00497490 -0.15947285 -0.36490136
v -0.00497490 -0.15910459 -0.37485397
v -0.01498990 -0.15756842 -0.39492106
v -0.02497259 -0.15395950 -0.44492692
v -0.03498759 -0.15234968 -0.45496047
v -0.02497259 -0.15466444 -0.43489337
v -0.03498759 -0.15317038 -0.44492692
v -0.02497259 -0.15581131 -0.41490722
v -0.03498759 -0.15385428 -0.43489337
v -0.06012201 -0.15000334 -0.46005815
v -0.07498298 -0.14833041 -0.46491307
v -0.11494606 -0.14339574 -0.47494662
v -0.08496568 -0.14743605 -0.46491307
v -0.09498067 -0.14647859 -0.46491307
v -0.10496337 -0.14536329 -0.46491307
v -0.12496106 -0.14147027 -0.47494662
v -0.12496106 -0.14193323 -0.46491307
v -0.12496106 -0.14224887 -0.45496047
v -0.13022701 -0.14013402 -0.47494662
v -0.13552527 -0.13585170 -0.46491307
v -0.14789864 -0.09500658 -0.47494662
v -0.14922321 -0.08508465 -0.47478479
v -0.14964320 -0.07682513 -0.47802144
v -0.14996625 -0.07016492 -0.47996342
v -0.14050047 -0.13085391 -0.46491307
v -0.14356957 -0.12499334 -0.44492692
v -0.14318191 -0.12499334 -0.45496047
v -0.14673561 -0.11499775 -0.44492692
v -0.14922321 -0.10664354 -0.43489337
v -0.14912629 -0.10445504 -0.44516969
v -0.14831863 -0.10500216 -0.45496047
v -0.14986934 -0.09946777 -0.44864905
v -0.14961088 -0.09798421 -0.45496047
v -0.15016009 -0.09120826 -0.46151465
v -0.14922321 -0.09472249 -0.46483219
v -0.14974011 -0.08846210 -0.46814972
v -0.14841555 -0.07410002 -0.48392826
v -0.15019239 -0.06500930 -0.48069167
v -0.15061238 -0.05515049 -0.48198628
v 0.00497549 -0.16239788 -0.02505556
v 0.00497549 -0.16245048 -0.03508910
v 0.00497549 -0.16249257 -0.04512264
v 0.01499049 -0.16175605 -0.06502789
v 0.00497549 -0.16263987 -0.10491931
v 0.00497549 -0.16254517 -0.06502789
v 0.00497549 -0.16261883 -0.11495286
v 0.01499049 -0.16175605 -0.14489165
v 0.00497549 -0.16249257 -0.16495875
v 0.00497549 -0.16245048 -0.17491136
v 0.00497549 -0.16239788 -0.18494490
v 0.01499049 -0.16153510 -0.19497845
v -0.03498759 -0.15347549 0.23492648
v -0.02497259 -0.15490645 0.22489293
v -0.14928782 -0.07501541 0.27627438
v -0.14877091 -0.08402196 0.27392781
v -0.14996625 -0.08002372 0.26988202
v -0.14954627 -0.08670498 0.26672632
v -0.14890014 -0.09408067 0.26405609
v -0.14996625 -0.09012453 0.26009125
v -0.14941704 -0.09655327 0.25491261
v -0.14793095 -0.10500216 0.25491261
v -0.14886783 -0.10403417 0.24398904
v -0.14906168 -0.10577025 0.23492648
v -0.13565449 -0.13594639 0.25491261
v -0.14928782 -0.10701180 0.22489293
v -0.14970781 -0.10889518 0.20498766
v -0.14366649 -0.12499334 0.23492648
v -0.14395726 -0.12499334 0.22489293
v -0.14056508 -0.13095912 0.25491261
v -0.14799556 -0.11499775 0.20498766
v -0.13581602 -0.13613579 0.24496000
v -0.13064700 -0.14038654 0.25491261
v -0.12496106 -0.14264870 0.23492648
v -0.11494606 -0.14523703 0.22489293
v -0.11494606 -0.14496347 0.23492648
v -0.10496337 -0.14653119 0.23492648
v -0.08496568 -0.14890909 0.23492648
v -0.09498067 -0.14816205 0.22489293
v -0.08609640 -0.14956143 0.21494029
v -0.08409340 -0.14944570 0.22424559
v -0.07895667 -0.14989813 0.22723947
v -0.07711521 -0.14971927 0.23492648
v -0.07210770 -0.15020326 0.23492648
v -0.06496798 -0.15087664 0.23492648
v -0.05498528 -0.15179203 0.23492648
v -0.05498528 -0.15112916 0.24496000
v -0.15329382 -0.05515049 0.26478434
v -0.15232463 -0.06500930 0.26494616
v -0.15022470 -0.07501541 0.27133852
v -0.02497259 -0.15599018 0.20498766
v -0.03498759 -0.15407524 0.22489293
v -0.02497259 -0.15643209 0.19487320
v -0.01498990 -0.15842068 0.16493441
v -0.00607332 -0.15972537 0.14494824
v -0.01498990 -0.15874685 0.15490088
v -0.00785017 -0.15985163 0.13491471
v -0.00497490 -0.16052502 0.11492854
v -0.01020854 -0.16001998 0.12075447
v -0.01205001 -0.16018832 0.10489500
v -0.01298690 -0.16028301 0.09494238
v -0.01498990 -0.16080910 0.04485558
v -0.00497490 -0.16179813 0.03490295
v -0.00497490 -0.16189283 0.02495033
v -0.00497490 -0.16221900 -0.01510293
v 0.00497549 -0.16207170 -0.22491725
v 0.00497549 -0.16198753 -0.23495078
v -0.00497490 -0.16167188 -0.25485605
v -0.00497490 -0.16178761 -0.24490342
v -0.02497259 -0.15628478 -0.40487367
v -0.01285767 -0.16027249 -0.30494285
v -0.01192078 -0.16017780 -0.31489545
v -0.01069314 -0.16006206 -0.32492900
v -0.01004701 -0.15998840 -0.33010760
v -0.01498990 -0.15894677 -0.35494870
v -0.01498990 -0.15866268 -0.36490136
v -0.01498990 -0.15833651 -0.37485397
v -0.02497259 -0.15668461 -0.39492106
v -0.04497029 -0.15236020 -0.44492692
v -0.03498759 -0.15492749 -0.41490722
v -0.04497029 -0.15300202 -0.43489337
v -0.05498528 -0.15151846 -0.44492692
v -0.06222193 -0.15019274 -0.45496047
v -0.06722943 -0.14977187 -0.45496047
v -0.07498298 -0.14908797 -0.45496047
v -0.11494606 -0.14400600 -0.46491307
v -0.08496568 -0.14814101 -0.45496047
v -0.09498067 -0.14707832 -0.45496047
v -0.10496337 -0.14589989 -0.45496047
v -0.11494606 -0.14444791 -0.45496047
v -0.11494606 -0.14481616 -0.44492692
v -0.11494606 -0.14513181 -0.43489337
v -0.12496106 -0.14254348 -0.44492692
v -0.13051777 -0.14030236 -0.46491307
v -0.13571911 -0.13607265 -0.45496047
v -0.15019239 -0.08179136 -0.47138637
v -0.15048316 -0.07410002 -0.47478479
v -0.15135543 -0.06500930 -0.47494662
v -0.15222770 -0.05515049 -0.47502756
v -0.14066200 -0.13107486 -0.45496047
v -0.14389265 -0.12499334 -0.43489337
v -0.14793095 -0.11499775 -0.41490722
v -0.14757557 -0.11499775 -0.42494076
v -0.14718790 -0.11499775 -0.43489337
v -0.14944935 -0.10770623 -0.42494076
v -0.15080622 -0.10368696 -0.41490722
v -0.15032163 -0.10165627 -0.43489337
v -0.15009548 -0.10073037 -0.44193304
v -0.15077391 -0.09569049 -0.44516969
v -0.15258308 -0.08500047 -0.44492692
v -0.15045086 -0.09299694 -0.45496047
v -0.15171081 -0.08500047 -0.45496047
v -0.15306768 -0.07501541 -0.45496047
v -0.15061238 -0.08508465 -0.46483219
v -0.00497490 -0.16229266 -0.02505556
v -0.00497490 -0.16234526 -0.03508910
v -0.00497490 -0.16243996 -0.06502789
v -0.00497490 -0.16249257 -0.08509498
v -0.00497490 -0.16251361 -0.09496669
v -0.00497490 -0.16252413 -0.10491931
v -0.00497490 -0.16251361 -0.11495286
v -0.00497490 -0.16249257 -0.12490548
v -0.00497490 -0.16237682 -0.16495875
v -0.00497490 -0.16234526 -0.17491136
v -0.00497490 -0.16229266 -0.18494490
v -0.00497490 -0.16205066 -0.21488370
v -0.15122621 -0.07501541 0.26494616
v -0.15025701 -0.08402196 0.26405609
v -0.15248616 -0.07501541 0.25491261
v -0.15116160 -0.08500047 0.25491261
v -0.15206617 -0.08500047 0.24496000
v -0.14970781 -0.09860499 0.24665923
v -0.15287383 -0.08500047 0.23492648
v -0.15051547 -0.09515388 0.24398904
v -0.14996625 -0.10003594 0.24002416
v -0.15012778 -0.10078298 0.23492648
v -0.15038624 -0.10201401 0.22489293
v -0.15087083 -0.10391843 0.20498766
v -0.15106468 -0.10461286 0.19487320
v -0.14986934 -0.10958961 0.19487320
v -0.14828631 -0.11499775 0.19487320
v -0.14444186 -0.12499334 0.20498766
v -0.14072661 -0.13113800 0.24496000
v -0.13597757 -0.13628308 0.23492648
v -0.13080853 -0.14050227 0.24496000
v -0.12496106 -0.14302748 0.21494029
v -0.12496106 -0.14284861 0.22489293
v -0.11494606 -0.14568946 0.20498766
v -0.11494606 -0.14546850 0.21494029
v -0.10496337 -0.14740449 0.20498766
v -0.10496337 -0.14714146 0.21494029
v -0.10496337 -0.14685737 0.22489293
v -0.09498067 -0.14848822 0.21494029
v -0.08761480 -0.14971927 0.20498766
v -0.08263960 -0.15030847 0.20498766
v -0.07498298 -0.15116073 0.20498766
v -0.06496798 -0.15222342 0.20498766
v -0.05498528 -0.15322298 0.20498766
v -0.06496798 -0.15137117 0.22489293
v -0.05498528 -0.15231812 0.22489293
v -0.04497029 -0.15321246 0.22489293
v -0.15468299 -0.05515049 0.25491261
v -0.15364920 -0.06500930 0.25491261
v -0.03498759 -0.15509583 0.20498766
v -0.03498759 -0.15460132 0.21494029
v -0.03498759 -0.15551670 0.19487320
v -0.02497259 -0.15749478 0.16493441
v -0.02497259 -0.15714756 0.17496796
v -0.02497259 -0.15779990 0.15490088
v -0.01498990 -0.15898885 0.14494824
v -0.01592678 -0.15960963 0.11492854
v -0.01705751 -0.15971485 0.10489500
v -0.01796209 -0.15979902 0.09494238
v -0.02028816 -0.16003050 0.06225245
v -0.02138657 -0.16014624 0.04485558
v -0.01498990 -0.16091432 0.03490295
v -0.01498990 -0.16139832 -0.02505556
v -0.00497490 -0.16188231 -0.23495078
v -0.01498990 -0.16078806 -0.25485605
v -0.01498990 -0.16090380 -0.24490342
v -0.03498759 -0.15539044 -0.40487367
v -0.01360072 -0.16034615 -0.29490930
v -0.01786517 -0.15977797 -0.30494285
v -0.01692829 -0.15969381 -0.31489545
v -0.01570064 -0.15958859 -0.32492900
v -0.02497259 -0.15798929 -0.35494870
v -0.02497259 -0.15773678 -0.36490136
v -0.02497259 -0.15740007 -0.37485397
v -0.04497029 -0.15401210 -0.41490722
v -0.05498528 -0.15211821 -0.43489337
v -0.06567872 -0.15053995 -0.44549334
v -0.07175233 -0.15017170 -0.44258040
v -0.10496337 -0.14635232 -0.44492692
v -0.08496568 -0.14870918 -0.44492692
v -0.09498067 -0.14760441 -0.44492692
v -0.10496337 -0.14673111 -0.43489337
v -0.10496337 -0.14729927 -0.41490722
v -0.10496337 -0.14756233 -0.40487367
v -0.11494606 -0.14561582 -0.41490722
v -0.12496106 -0.14276443 -0.43489337
v -0.13074392 -0.14044967 -0.45496047
v -0.13588065 -0.13625152 -0.44492692
v -0.15190464 -0.07501541 -0.46491307
v -0.15303537 -0.06500930 -0.46491307
v -0.15400456 -0.05515049 -0.46491307
v -0.14082353 -0.13125373 -0.44492692
v -0.14415109 -0.12499334 -0.42494076
v -0.14857708 -0.11547123 -0.38496840
v -0.14822170 -0.11499775 -0.40487367
v -0.14983703 -0.10943179 -0.40487367
v -0.14964320 -0.10868475 -0.41490722
v -0.15100007 -0.10445504 -0.40487367
v -0.15306768 -0.09500658 -0.40487367
v -0.15264769 -0.09500658 -0.41490722
v -0.15158157 -0.09500658 -0.43489337
v -0.15213078 -0.09500658 -0.42494076
v -0.15332612 -0.08500047 -0.43489337
v -0.15406917 -0.07501541 -0.44492692
v -0.15484452 -0.07501541 -0.43489337
v -0.15532912 -0.06500930 -0.44492692
v -0.15429533 -0.06500930 -0.45496047
v -0.01498990 -0.16145092 -0.03508910
v -0.01498990 -0.16160876 -0.09496669
v -0.01498990 -0.16161928 -0.10491931
v -0.01498990 -0.16155614 -0.13493903
v -0.01498990 -0.16145092 -0.17491136
v -0.01498990 -0.16138780 -0.18494490
v -0.01498990 -0.16131414 -0.19497845
v -0.01498990 -0.16099849 -0.23495078
v -0.15471530 -0.06500930 0.24496000
v -0.15345535 -0.07501541 0.24496000
v -0.15432763 -0.07501541 0.23492648
v -0.15119390 -0.09500658 0.23492648
v -0.15507068 -0.07501541 0.22489293
v -0.15351996 -0.08500047 0.22489293
v -0.15177542 -0.09500658 0.22489293
v -0.15277691 -0.09500658 0.20498766
v -0.15316460 -0.09500658 0.19487320
v -0.15384303 -0.09500658 0.17496796
v -0.15416609 -0.09500658 0.16493441
v -0.15445685 -0.09500658 0.15490088
v -0.15180773 -0.10500216 0.16493441
v -0.15003087 -0.11018935 0.18233128
v -0.15012778 -0.11051552 0.17496796
v -0.15025701 -0.11093639 0.16493441
v -0.14867400 -0.11593418 0.16493441
v -0.14877091 -0.11628140 0.15490088
v -0.14463569 -0.12499334 0.19487320
v -0.14085583 -0.13128529 0.23492648
v -0.13097006 -0.14059697 0.23492648
v -0.13607448 -0.13639882 0.22489293
v -0.12496106 -0.14318530 0.20498766
v -0.11494606 -0.14588937 0.19487320
v -0.10496337 -0.14783588 0.18492059
v -0.10496337 -0.14763597 0.19487320
v -0.09498067 -0.14880387 0.20498766
v -0.09498067 -0.14906693 0.19487320
v -0.08887476 -0.14986657 0.19487320
v -0.08386725 -0.15045577 0.19487320
v -0.07498298 -0.15148690 0.19487320
v -0.06496798 -0.15256011 0.19487320
v -0.05498528 -0.15358071 0.19487320
v -0.04497029 -0.15455922 0.19487320
v -0.04497029 -0.15418045 0.20498766
v -0.05498528 -0.15278107 0.21494029
v -0.15581372 -0.05515049 0.24496000
v -0.03498759 -0.15620062 0.17496796
v -0.03498759 -0.15651625 0.16493441
v -0.03498759 -0.15681086 0.15490088
v -0.02497259 -0.15803137 0.14494824
v -0.02497259 -0.15849434 0.12496208
v -0.02497259 -0.15890467 0.10489500
v -0.02497259 -0.15908355 0.09494238
v -0.03498759 -0.15747373 0.12496208
v -0.03498759 -0.15802085 0.09494238
v -0.03498759 -0.15829442 0.07487528
v -0.02639407 -0.15960963 0.04485558
v -0.02691098 -0.15966225 0.03490295
v -0.02190348 -0.16018832 0.03490295
v -0.02229116 -0.16024093 0.02495033
v -0.02264653 -0.16028301 0.01491678
v -0.02296959 -0.16032511 0.00488324
v -0.02364803 -0.16039875 -0.01510293
v -0.02897859 -0.15988320 -0.02505556
v -0.02419724 -0.16046189 -0.03508910
v -0.02132196 -0.16013572 -0.25485605
v -0.02067583 -0.16007258 -0.26497048
v -0.01857591 -0.15985163 -0.29490930
v -0.02187117 -0.16018832 -0.24490342
v -0.04497029 -0.15444349 -0.40487367
v -0.02497259 -0.15906250 -0.30494285
v -0.02497259 -0.15888363 -0.31489545
v -0.03498759 -0.15700026 -0.35494870
v -0.03498759 -0.15674773 -0.36490136
v -0.03498759 -0.15644261 -0.37485397
v -0.05498528 -0.15305462 -0.41490722
v -0.06496798 -0.15119229 -0.43489337
v -0.07362611 -0.15036109 -0.43489337
v -0.07860130 -0.14985605 -0.43489337
v -0.09498067 -0.14802527 -0.43489337
v -0.08496568 -0.14917213 -0.43489337
v -0.09498067 -0.14868814 -0.41490722
v -0.09498067 -0.14898275 -0.40487367
v -0.11494606 -0.14582625 -0.40487367
v -0.09498067 -0.14920370 -0.39492106
v -0.09614371 -0.14945622 -0.37485397
v -0.10496337 -0.14776224 -0.39492106
v -0.12496106 -0.14312217 -0.41490722
v -0.12496106 -0.14329052 -0.40487367
v -0.13090545 -0.14055489 -0.44492692
v -0.13604218 -0.13637778 -0.43489337
v -0.15532912 -0.05515049 -0.45504141
v -0.14092045 -0.13137999 -0.43489337
v -0.14524952 -0.12499334 -0.36490136
v -0.14492644 -0.12499334 -0.38496840
v -0.14460339 -0.12499334 -0.40487367
v -0.14877091 -0.11624983 -0.36490136
v -0.14867400 -0.11588157 -0.37485397
v -0.15035394 -0.11123099 -0.36490136
v -0.15022470 -0.11089430 -0.37485397
v -0.15009548 -0.11046291 -0.38496840
v -0.14999856 -0.11016831 -0.39176536
v -0.15177542 -0.10500216 -0.37485397
v -0.15148465 -0.10500216 -0.38496840
v -0.15096776 -0.10591755 -0.39500195
v -0.15410148 -0.09500658 -0.37485397
v -0.15377842 -0.09500658 -0.38496840
v -0.15616909 -0.08500047 -0.37485397
v -0.15578142 -0.08500047 -0.38496840
v -0.15500607 -0.08500047 -0.40487367
v -0.15452147 -0.08500047 -0.41490722
v -0.15393995 -0.08500047 -0.42494076
v -0.15552297 -0.07501541 -0.42494076
v -0.15623371 -0.06500930 -0.43489337
v -0.15736443 -0.05515049 -0.43505520
v -0.15645985 -0.05515049 -0.44492692
v -0.02445569 -0.16049345 -0.05507527
v -0.02484336 -0.16053554 -0.09496669
v -0.02490798 -0.16054606 -0.10491931
v -0.02455261 -0.16050397 -0.06502789
v -0.02484336 -0.16053554 -0.11495286
v -0.02452030 -0.16050397 -0.14489165
v -0.02419724 -0.16046189 -0.17491136
v -0.02894628 -0.15988320 -0.18494490
v -0.02326035 -0.16035667 -0.20493108
v -0.02222654 -0.16024093 -0.23495078
v -0.15681522 -0.05515049 0.23492648
v -0.15568450 -0.06500930 0.23492648
v -0.15645985 -0.06500930 0.22489293
v -0.15778442 -0.06500930 0.20498766
v -0.15629832 -0.07501541 0.20498766
v -0.15465069 -0.08500047 0.20498766
v -0.15510298 -0.08500047 0.19487320
v -0.15584603 -0.08500047 0.17496796
v -0.15620141 -0.08500047 0.16493441
v -0.15652446 -0.08500047 0.15490088
v -0.15203387 -0.10500216 0.15490088
v -0.15678291 -0.08500047 0.14494824
v -0.15723521 -0.08500047 0.12496208
v -0.15768750 -0.08500047 0.10489500
v -0.15487684 -0.09500658 0.13491471
v -0.15242155 -0.10500216 0.13491471
v -0.15035394 -0.11127308 0.15490088
v -0.15045086 -0.11153612 0.14494824
v -0.15077391 -0.11244099 0.10489500
v -0.14883552 -0.11652339 0.14494824
v -0.14512029 -0.12499334 0.16493441
v -0.14095275 -0.13140103 0.22489293
v -0.13626832 -0.13658822 0.20498766
v -0.13106698 -0.14069167 0.22489293
v -0.12496106 -0.14345887 0.18492059
v -0.14114660 -0.13160095 0.20498766
v -0.11494606 -0.14620502 0.17496796
v -0.10496337 -0.14834093 0.15490088
v -0.10496337 -0.14817257 0.16493441
v -0.09407609 -0.14941414 0.18459691
v -0.09701598 -0.14957196 0.15490088
v -0.09636985 -0.14947726 0.16493441
v -0.08955319 -0.14995074 0.18767171
v -0.07498298 -0.15224446 0.16493441
v -0.06496798 -0.15340185 0.16493441
v -0.06496798 -0.15312828 0.17496796
v -0.05498528 -0.15448558 0.16493441
v -0.05498528 -0.15389636 0.18492059
v -0.04497029 -0.15521157 0.17496796
v -0.04497029 -0.15552722 0.16493441
v -0.04497029 -0.15580079 0.15490088
v -0.03498759 -0.15704234 0.14494824
v -0.03498759 -0.15726329 0.13491471
v -0.03498759 -0.15787356 0.10489500
v -0.04497029 -0.15661095 0.11492854
v -0.04497029 -0.15601122 0.14494824
v -0.04497029 -0.15693712 0.09494238
v -0.03498759 -0.15854694 0.05497003
v -0.03498759 -0.15866268 0.04485558
v -0.03498759 -0.15876789 0.03490295
v -0.02726635 -0.15970433 0.02495033
v -0.02865553 -0.15985163 -0.01510293
v -0.03498759 -0.15919928 -0.02505556
v -0.02920474 -0.15991476 -0.03508910
v -0.02632946 -0.15959911 -0.25485605
v -0.02684637 -0.15966225 -0.24490342
v -0.03498759 -0.15801033 -0.30494285
v -0.05498528 -0.15347549 -0.40487367
v -0.03498759 -0.15783146 -0.31489545
v -0.04497029 -0.15595861 -0.35494870
v -0.04497029 -0.15573765 -0.36490136
v -0.04497029 -0.15543252 -0.37485397
v -0.06496798 -0.15208665 -0.41490722
v -0.07973203 -0.14997178 -0.42931020
v -0.08086275 -0.15009804 -0.42267513
v -0.08709790 -0.14966665 -0.41490722
v -0.08848707 -0.14980343 -0.40487367
v -0.08948857 -0.14994022 -0.39492106
v -0.10496337 -0.14813049 -0.37485397
v -0.11494606 -0.14599459 -0.39492106
v -0.09113620 -0.15016118 -0.37485397
v -0.09685445 -0.14955091 -0.36490136
v -0.11494606 -0.14629972 -0.37485397
v -0.11494606 -0.14643650 -0.36490136
v -0.11494606 -0.14655223 -0.35494870
v -0.12496106 -0.14374295 -0.36490136
v -0.13103467 -0.14064959 -0.43489337
v -0.13613909 -0.13648300 -0.42494076
v -0.14101736 -0.13149573 -0.42494076
v -0.14111429 -0.13159043 -0.41490722
v -0.14547566 -0.12499334 -0.34491515
v -0.14909399 -0.11743878 -0.31489545
v -0.14896475 -0.11700739 -0.33488163
v -0.14890014 -0.11677592 -0.34491515
v -0.14883552 -0.11651287 -0.35494870
v -0.15061238 -0.11200960 -0.33488163
v -0.15045086 -0.11152560 -0.35494870
v -0.15222770 -0.10500216 -0.35494870
v -0.15439224 -0.09500658 -0.36490136
v -0.15465069 -0.09500658 -0.35494870
v -0.15649216 -0.08500047 -0.36490136
v -0.15830132 -0.07501541 -0.36490136
v -0.15794595 -0.07501541 -0.37485397
v -0.15755828 -0.07501541 -0.38496840
v -0.15713829 -0.07501541 -0.39492106
v -0.15668599 -0.07501541 -0.40487367
v -0.15613678 -0.07501541 -0.41490722
v -0.15759058 -0.06500930 -0.41490722
v -0.15691215 -0.06500930 -0.42494076
v -0.15885054 -0.05515049 -0.41506904
v -0.15810747 -0.05515049 -0.42510259
v -0.02933396 -0.15992528 -0.04512264
v -0.02956011 -0.15994632 -0.06502789
v -0.03498759 -0.15938868 -0.09496669
v -0.02991548 -0.15997788 -0.10491931
v -0.03498759 -0.15938868 -0.11495286
v -0.02975395 -0.15996736 -0.12490548
v -0.02933396 -0.15992528 -0.16495875
v -0.02920474 -0.15990424 -0.17491136
v -0.03498759 -0.15919928 -0.18494490
v -0.03498759 -0.15876789 -0.24490342
v -0.02758941 -0.15973589 -0.22491725
v -0.03498759 -0.15925190 -0.17491136
v -0.15765519 -0.05515049 0.22473110
v -0.15833363 -0.05515049 0.21494029
v -0.15907668 -0.05515049 0.20417853
v -0.15914129 -0.05515049 0.20320754
v -0.15936743 -0.05515049 0.19948541
v -0.15949667 -0.05619214 0.19487320
v -0.15833363 -0.06500930 0.19487320
v -0.15681522 -0.07501541 0.19487320
v -0.15801056 -0.07501541 0.16493441
v -0.15836594 -0.07501541 0.15490088
v -0.15549065 -0.09500658 0.10489500
v -0.15862438 -0.07501541 0.14494824
v -0.15933512 -0.07660418 0.10489500
v -0.15943204 -0.07714079 0.09494238
v -0.15784903 -0.08500047 0.09494238
v -0.15277691 -0.10500216 0.11492854
v -0.15293846 -0.10500216 0.10489500
v -0.15306768 -0.10500216 0.09494238
v -0.15329382 -0.10500216 0.07487528
v -0.15083852 -0.11258829 0.09494238
v -0.14909399 -0.11743878 0.10489500
v -0.14902937 -0.11721782 0.11492854
v -0.14890014 -0.11676539 0.13491471
v -0.14524952 -0.12499334 0.15490088
v -0.13633293 -0.13668291 0.19487320
v -0.13126081 -0.14081793 0.20498766
v -0.12496106 -0.14367983 0.16493441
v -0.12496106 -0.14357461 0.17496796
v -0.11494606 -0.14647859 0.15490088
v -0.14121121 -0.13167460 0.19487320
v -0.10496337 -0.14847770 0.14494824
v -0.09753288 -0.14964561 0.14494824
v -0.09136235 -0.15019274 0.16493441
v -0.09061930 -0.15008752 0.17496796
v -0.09200848 -0.15028743 0.15490088
v -0.09255769 -0.15036109 0.14494824
v -0.08496568 -0.15102395 0.16493441
v -0.07498298 -0.15246542 0.15490088
v -0.06496798 -0.15363333 0.15490088
v -0.05498528 -0.15473810 0.15490088
v -0.04497029 -0.15678982 0.10489500
v -0.05498528 -0.15531678 0.12496208
v -0.05498528 -0.15493801 0.14494824
v -0.05498528 -0.15581131 0.09494238
v -0.04497029 -0.15731591 0.06492266
v -0.04497029 -0.15743165 0.05497003
v -0.04497029 -0.15754738 0.04485558
v -0.04497029 -0.15764208 0.03490295
v -0.04497029 -0.15771574 0.02495033
v -0.04497029 -0.15785252 0.00488324
v -0.04497029 -0.15809451 -0.03508910
v -0.03498759 -0.15925190 -0.03508910
v -0.03498759 -0.15928346 -0.04512264
v -0.03498759 -0.15865216 -0.25485605
v -0.03498759 -0.15852590 -0.26497048
v -0.04497029 -0.15691608 -0.30494285
v -0.04497029 -0.15674773 -0.31489545
v -0.06496798 -0.15246542 -0.40487367
v -0.05498528 -0.15488540 -0.35494870
v -0.05498528 -0.15466444 -0.36490136
v -0.05498528 -0.15440141 -0.37485397
v -0.07498298 -0.15103447 -0.41490722
v -0.08212271 -0.15023482 -0.41490722
v -0.07498298 -0.15139221 -0.40487367
v -0.08347958 -0.15041369 -0.40487367
v -0.07498298 -0.15192881 -0.38496840
v -0.07498298 -0.15241280 -0.36490136
v -0.08496568 -0.15096082 -0.37485397
v -0.10496337 -0.14828831 -0.36490136
v -0.08496568 -0.15117125 -0.36490136
v -0.09184695 -0.15025586 -0.36490136
v -0.09239615 -0.15032952 -0.35494870
v -0.09284845 -0.15041369 -0.34491515
v -0.09740366 -0.14961404 -0.35494870
v -0.10496337 -0.14843562 -0.35494870
v -0.10496337 -0.14889857 -0.31489545
v -0.11494606 -0.14665745 -0.34491515
v -0.13132544 -0.14086002 -0.40487367
v -0.13122851 -0.14079688 -0.41490722
v -0.11494606 -0.14694154 -0.31489545
v -0.12496106 -0.14391130 -0.34491515
v -0.13623601 -0.13658822 -0.41490722
v -0.13636523 -0.13672499 -0.39492106
v -0.14130813 -0.13179034 -0.38496840
v -0.14566949 -0.12499334 -0.32492900
v -0.14922321 -0.11787017 -0.28487575
v -0.15077391 -0.11241994 -0.31489545
v -0.15093546 -0.11287238 -0.28487575
v -0.15293846 -0.10500216 -0.31489545
v -0.15545835 -0.09500658 -0.31489545
v -0.15507068 -0.09500658 -0.33488163
v -0.15746135 -0.08500047 -0.32492900
v -0.15723521 -0.08500047 -0.33488163
v -0.15675060 -0.08500047 -0.35494870
v -0.15888284 -0.07501541 -0.34491515
v -0.15972281 -0.06848145 -0.35494870
v -0.15956128 -0.06745033 -0.36490136
v -0.15936743 -0.06611408 -0.37485397
v -0.15927051 -0.06415704 -0.38440204
v -0.15820441 -0.06500930 -0.40487367
v -0.15943204 -0.05515049 -0.40584469
v -0.04497029 -0.15822077 -0.09496669
v -0.03498759 -0.15939920 -0.10491931
v -0.04497029 -0.15822077 -0.11495286
v -0.03498759 -0.15928346 -0.16495875
v -0.04497029 -0.15803137 -0.18494490
v -0.04497029 -0.15763156 -0.24490342
v -0.04497029 -0.15809451 -0.17491136
v -0.04497029 -0.15752634 -0.25485605
v -0.15962589 -0.05515049 0.19487320
v -0.16101506 -0.05515049 0.16469167
v -0.15972281 -0.05805448 0.18492059
v -0.16017510 -0.06136880 0.16493441
v -0.15939973 -0.06637712 0.16493441
v -0.15959358 -0.06762920 0.15490088
v -0.15972281 -0.06855510 0.14494824
v -0.15985203 -0.06935475 0.13491471
v -0.16001356 -0.07036483 0.12229186
v -0.15843055 -0.08500047 0.05497003
v -0.15561989 -0.09500658 0.09494238
v -0.16011049 -0.07091196 0.11492854
v -0.16023971 -0.07160638 0.10489500
v -0.16033663 -0.07213247 0.09494238
v -0.16043355 -0.07254282 0.08490883
v -0.16075660 -0.07417367 0.04485558
v -0.15972281 -0.07877164 0.05497003
v -0.15978742 -0.07917146 0.04485558
v -0.15613678 -0.09500658 0.05497003
v -0.15626602 -0.09500658 0.04485558
v -0.15361689 -0.10500216 0.04485558
v -0.15103237 -0.11310385 0.05497003
v -0.14912629 -0.11759660 0.09494238
v -0.14576642 -0.12499334 0.10489500
v -0.14127582 -0.13172720 0.18492059
v -0.13652678 -0.13683021 0.16493441
v -0.13139005 -0.14092314 0.18492059
v -0.12496106 -0.14393234 0.13491471
v -0.11494606 -0.14696258 0.10489500
v -0.11494606 -0.14668903 0.13491471
v -0.10496337 -0.14869866 0.12496208
v -0.10496337 -0.14859344 0.13491471
v -0.09921282 -0.14988761 0.10489500
v -0.09840516 -0.14977187 0.12496208
v -0.09798517 -0.14970875 0.13491471
v -0.09300998 -0.15043473 0.13491471
v -0.08496568 -0.15122387 0.15490088
v -0.08496568 -0.15138169 0.14494824
v -0.08496568 -0.15194985 0.10489500
v -0.08496568 -0.15167630 0.12496208
v -0.07498298 -0.15263376 0.14494824
v -0.06496798 -0.15416993 0.12496208
v -0.06496798 -0.15382272 0.14494824
v -0.05498528 -0.15566400 0.10489500
v -0.06496798 -0.15463288 0.09494238
v -0.05498528 -0.15627426 0.05497003
v -0.06496798 -0.15449610 0.10489500
v -0.05498528 -0.15637948 0.04485558
v -0.05498528 -0.15646365 0.03490295
v -0.05498528 -0.15660043 0.01491678
v -0.05498528 -0.15678982 -0.01510293
v -0.05498528 -0.15688452 -0.03508910
v -0.05498528 -0.15691608 -0.04512264
v -0.04497029 -0.15728435 -0.27492315
v -0.04497029 -0.15704234 -0.29490930
v -0.05498528 -0.15579027 -0.30494285
v -0.05498528 -0.15563244 -0.31489545
v -0.06496798 -0.15378062 -0.35494870
v -0.06496798 -0.15276003 -0.39492106
v -0.06496798 -0.15358071 -0.36490136
v -0.06496798 -0.15332820 -0.37485397
v -0.06496798 -0.15304410 -0.38496840
v -0.07498298 -0.15166578 -0.39492106
v -0.07498298 -0.15260220 -0.35494870
v -0.08496568 -0.15133959 -0.35494870
v -0.08496568 -0.15192881 -0.31489545
v -0.09414071 -0.15062413 -0.31489545
v -0.09914821 -0.14987709 -0.31489545
v -0.10496337 -0.14899327 -0.30494285
v -0.12496106 -0.14412174 -0.31489545
v -0.13139005 -0.14090210 -0.39492106
v -0.13655908 -0.13689335 -0.36490136
v -0.13642985 -0.13678813 -0.38496840
v -0.11494606 -0.14701518 -0.30494285
v -0.14143735 -0.13189556 -0.36490136
v -0.14583103 -0.12499334 -0.30494285
v -0.14932013 -0.11823843 -0.25485605
v -0.14928782 -0.11812269 -0.26497048
v -0.15103237 -0.11311437 -0.26497048
v -0.15361689 -0.10500216 -0.25485605
v -0.15329382 -0.10500216 -0.28487575
v -0.15306768 -0.10500216 -0.30494285
v -0.15561989 -0.09500658 -0.30494285
v -0.15784903 -0.08500047 -0.30494285
v -0.15933512 -0.07656209 -0.31489545
v -0.15943204 -0.07710922 -0.30494285
v -0.15985203 -0.06937579 -0.34491515
v -0.16023971 -0.07157482 -0.31489545
v -0.16011049 -0.07089091 -0.32492900
v -0.16001356 -0.07037535 -0.33245414
v -0.16065969 -0.06593521 -0.33544803
v -0.16049816 -0.06348366 -0.35494870
v -0.16033663 -0.06244201 -0.36490136
v -0.16011049 -0.06111628 -0.37485397
v -0.15998125 -0.06025350 -0.38076079
v -0.15985203 -0.05908560 -0.38739592
v -0.15965819 -0.05766517 -0.39492106
v -0.15998125 -0.05515049 -0.39492106
v -0.05498528 -0.15701078 -0.09496669
v -0.04497029 -0.15823129 -0.10491931
v -0.05498528 -0.15701078 -0.11495286
v -0.05498528 -0.15658991 -0.22491725
v -0.05498528 -0.15645313 -0.24490342
v -0.05498528 -0.15635844 -0.25485605
v -0.05498528 -0.15688452 -0.17491136
v -0.05498528 -0.15683191 -0.18494490
v -0.16140273 -0.05515049 0.15490088
v -0.16036893 -0.06263140 0.15490088
v -0.16065969 -0.06435695 0.13491471
v -0.16107967 -0.06500930 0.11492854
v -0.16133812 -0.06500930 0.10489500
v -0.15985203 -0.07948712 0.03490295
v -0.15868899 -0.08500047 0.03490295
v -0.16156428 -0.06500930 0.09494238
v -0.16221040 -0.06500930 0.05497003
v -0.16253346 -0.06500930 0.03490295
v -0.16082123 -0.07448933 0.03490295
v -0.15636294 -0.09500658 0.03490295
v -0.15106468 -0.11321959 0.04485558
v -0.15658908 -0.09500658 0.00488324
v -0.15381072 -0.10500216 0.01491678
v -0.15109698 -0.11332481 0.03490295
v -0.14932013 -0.11822791 0.04485558
v -0.14925551 -0.11796486 0.06492266
v -0.14143735 -0.13189556 0.15490088
v -0.14935243 -0.11832260 0.03490295
v -0.14938474 -0.11839625 0.02495033
v -0.14583103 -0.12499334 0.09494238
v -0.13151927 -0.14101784 0.16493441
v -0.13655908 -0.13689335 0.15490088
v -0.12496106 -0.14400600 0.12496208
v -0.11494606 -0.14703624 0.09494238
v -0.10496337 -0.14900379 0.09494238
v -0.10496337 -0.14890909 0.10489500
v -0.09953588 -0.14992970 0.09494238
v -0.09423763 -0.15063465 0.10489500
v -0.07498298 -0.15295994 0.12496208
v -0.07498298 -0.15311776 0.11492854
v -0.08496568 -0.15206559 0.09494238
v -0.07498298 -0.15339133 0.09494238
v -0.06496798 -0.15433827 0.11492854
v -0.06496798 -0.15505375 0.05497003
v -0.06496798 -0.15515897 0.04485558
v -0.06496798 -0.15530626 0.02495033
v -0.06496798 -0.15548514 -0.00506939
v -0.06496798 -0.15560088 -0.02505556
v -0.06496798 -0.15563244 -0.03508910
v -0.06496798 -0.15569557 -0.06502789
v -0.06496798 -0.15573765 -0.08509498
v -0.06496798 -0.15461184 -0.30494285
v -0.06496798 -0.15447506 -0.31489545
v -0.06496798 -0.15430671 -0.32492900
v -0.07498298 -0.15277055 -0.34491515
v -0.07498298 -0.15324402 -0.31489545
v -0.08496568 -0.15204455 -0.30494285
v -0.08496568 -0.15213925 -0.29490930
v -0.09449608 -0.15066621 -0.30494285
v -0.09972972 -0.14996126 -0.29490930
v -0.09950358 -0.14990865 -0.30494285
v -0.10060199 -0.15010856 -0.25485605
v -0.10560950 -0.14921422 -0.25485605
v -0.10580333 -0.14924578 -0.24490342
v -0.12496106 -0.14438477 -0.25485605
v -0.13164850 -0.14113358 -0.33488163
v -0.13161619 -0.14110202 -0.34491515
v -0.13155158 -0.14102836 -0.36490136
v -0.11494606 -0.14736241 -0.24490342
v -0.13662370 -0.13696700 -0.34491515
v -0.14159888 -0.13203233 -0.32492900
v -0.14615409 -0.12499334 -0.25485605
v -0.14608948 -0.12499334 -0.26497048
v -0.14938474 -0.11840677 -0.23495078
v -0.15109698 -0.11332481 -0.24490342
v -0.15377842 -0.10500216 -0.23495078
v -0.15626602 -0.09500658 -0.25485605
v -0.15636294 -0.09500658 -0.24490342
v -0.15613678 -0.09500658 -0.26497048
v -0.15843055 -0.08500047 -0.26497048
v -0.15972281 -0.07879268 -0.26497048
v -0.15965819 -0.07839286 -0.27492315
v -0.16059507 -0.07340559 -0.27492315
v -0.16043355 -0.07255334 -0.29490930
v -0.16033663 -0.07211143 -0.30494285
v -0.16156428 -0.06500930 -0.30494285
v -0.16133812 -0.06500930 -0.31489545
v -0.16107967 -0.06500930 -0.32492900
v -0.16282423 -0.05515049 -0.31505728
v -0.16166119 -0.05515049 -0.35511053
v -0.16133812 -0.05515049 -0.36490136
v -0.16091815 -0.05515049 -0.37509674
v -0.05498528 -0.15702130 -0.10491931
v -0.06496798 -0.15574817 -0.11495286
v -0.06496798 -0.15571661 -0.13493903
v -0.06496798 -0.15535888 -0.22491725
v -0.06496798 -0.15522209 -0.24490342
v -0.06496798 -0.15514845 -0.25485605
v -0.06496798 -0.15504323 -0.26497048
v -0.06496798 -0.15563244 -0.17491136
v -0.06496798 -0.15559036 -0.18494490
v -0.16227502 -0.05515049 0.12496208
v -0.16256577 -0.05515049 0.11492854
v -0.16282423 -0.05515049 0.10489500
v -0.16072430 -0.07592027 0.01402671
v -0.15998125 -0.08011842 0.00488324
v -0.16011049 -0.08067606 -0.02505556
v -0.15901206 -0.08567385 -0.02505556
v -0.16305037 -0.05515049 0.09494238
v -0.16324420 -0.05515049 0.08490883
v -0.16376111 -0.05515049 0.05497003
v -0.16408418 -0.05515049 0.03490295
v -0.16263038 -0.06500930 0.02495033
v -0.16308267 -0.06500930 -0.02505556
v -0.16114429 -0.07501541 -0.01510293
v -0.15678291 -0.09500658 -0.02505556
v -0.15406917 -0.10500216 -0.02505556
v -0.15112929 -0.11338793 0.02495033
v -0.14589565 -0.12499334 0.08490883
v -0.14159888 -0.13202181 0.11492854
v -0.14618640 -0.12499334 0.03490295
v -0.15129082 -0.11370359 -0.02505556
v -0.14951396 -0.11875398 -0.03508910
v -0.13164850 -0.14111254 0.13491471
v -0.12496106 -0.14413226 0.10489500
v -0.13659139 -0.13692491 0.14494824
v -0.10496337 -0.14907745 0.08490883
v -0.11494606 -0.14726771 0.05497003
v -0.10596487 -0.14927736 0.02495033
v -0.10583564 -0.14924578 0.03490295
v -0.09995586 -0.14999282 0.07956840
v -0.09982664 -0.14997178 0.08490883
v -0.09594987 -0.15063465 0.07568444
v -0.09456069 -0.15067673 0.09494238
v -0.08496568 -0.15216029 0.08490883
v -0.07498298 -0.15378062 0.05497003
v -0.07498298 -0.15368593 0.06492266
v -0.07498298 -0.15387532 0.04485558
v -0.07498298 -0.15395950 0.03490295
v -0.07498298 -0.15427515 -0.02505556
v -0.07498298 -0.15431723 -0.03508910
v -0.07498298 -0.15442245 -0.09496669
v -0.07498298 -0.15443297 -0.10491931
v -0.06496798 -0.15574817 -0.10491931
v -0.07498298 -0.15347549 -0.29490930
v -0.07498298 -0.15335976 -0.30494285
v -0.07498298 -0.15377010 -0.26497048
v -0.07498298 -0.15386480 -0.25485605
v -0.08496568 -0.15257064 -0.24490342
v -0.09498067 -0.15107656 -0.24490342
v -0.10079584 -0.15014014 -0.24490342
v -0.10092506 -0.15016118 -0.23495078
v -0.10602948 -0.14928788 -0.22491725
v -0.13174541 -0.14121775 -0.30494285
v -0.11494606 -0.14740449 -0.23495078
v -0.12496106 -0.14445843 -0.23495078
v -0.13675292 -0.13708274 -0.30494285
v -0.14166349 -0.13207442 -0.30494285
v -0.14634794 -0.12499334 -0.20493108
v -0.14948165 -0.11866982 -0.19497845
v -0.14941704 -0.11846990 -0.22491725
v -0.15119390 -0.11354576 -0.21488370
v -0.15112929 -0.11340898 -0.23495078
v -0.15406917 -0.10500216 -0.18494490
v -0.15684754 -0.09500658 -0.17491136
v -0.15678291 -0.09500658 -0.18494490
v -0.15658908 -0.09500658 -0.21488370
v -0.15868899 -0.08500047 -0.24490342
v -0.15901206 -0.08568438 -0.18494490
v -0.15985203 -0.07947659 -0.24490342
v -0.15978742 -0.07917146 -0.25485605
v -0.16075660 -0.07417367 -0.25485605
v -0.16237193 -0.06500930 -0.25485605
v -0.16221040 -0.06500930 -0.26497048
v -0.16305037 -0.05515049 -0.30510467
v -0.16376111 -0.05515049 -0.26505142
v -0.07498298 -0.15442245 -0.11495286
v -0.07498298 -0.15439089 -0.13493903
v -0.07498298 -0.15433827 -0.16495875
v -0.07498298 -0.15406471 -0.22491725
v -0.07498298 -0.15393844 -0.24490342
v -0.07498298 -0.15431723 -0.17491136
v -0.07498298 -0.15427515 -0.18494490
v -0.16120890 -0.07501541 -0.02505556
v -0.16127351 -0.07501541 -0.03508910
v -0.16014279 -0.08082337 -0.03508910
v -0.15904437 -0.08587377 -0.04512264
v -0.15684754 -0.09500658 -0.03508910
v -0.16466568 -0.05515049 -0.02505556
v -0.16314729 -0.06500930 -0.03508910
v -0.15413378 -0.10500216 -0.04512264
v -0.14166349 -0.13207442 0.09494238
v -0.13675292 -0.13708274 0.09494238
v -0.14638025 -0.12499334 -0.02505556
v -0.15132312 -0.11380880 -0.05507527
v -0.15135543 -0.11387193 -0.08509498
v -0.14954627 -0.11885920 -0.08509498
v -0.14644486 -0.12499334 -0.04512264
v -0.13174541 -0.14119671 0.10489500
v -0.12496106 -0.14436373 0.05497003
v -0.11494606 -0.14737293 0.03490295
v -0.10082814 -0.15015066 0.03490295
v -0.10095736 -0.15017170 0.02495033
v -0.10628793 -0.14932996 -0.00506939
v -0.10147427 -0.15027691 -0.02505556
v -0.10118351 -0.15021378 0.00488324
v -0.09498067 -0.15093978 0.05497003
v -0.09498067 -0.15086612 0.06492266
v -0.09498067 -0.15108708 0.03490295
v -0.08496568 -0.15258116 0.03490295
v -0.08496568 -0.15241280 0.05497003
v -0.08496568 -0.15268637 0.01491678
v -0.08496568 -0.15287577 -0.02505556
v -0.08496568 -0.15290733 -0.03508910
v -0.08496568 -0.15292837 -0.04512264
v -0.08496568 -0.15295994 -0.06502789
v -0.08496568 -0.15299150 -0.08509498
v -0.08496568 -0.15301254 -0.10491931
v -0.08496568 -0.15267585 -0.22491725
v -0.09498067 -0.15129751 -0.19497845
v -0.08496568 -0.15290733 -0.17491136
v -0.10115121 -0.15020326 -0.21488370
v -0.10157119 -0.15028743 -0.17491136
v -0.10635255 -0.14934048 -0.19497845
v -0.13184233 -0.14128089 -0.26497048
v -0.13177772 -0.14122827 -0.29490930
v -0.10648177 -0.14935100 -0.18494490
v -0.11494606 -0.14756233 -0.18494490
v -0.12496106 -0.14453208 -0.20493108
v -0.14176041 -0.13215859 -0.26497048
v -0.13688214 -0.13718796 -0.24490342
v -0.14638025 -0.12499334 -0.19497845
v -0.14951396 -0.11875398 -0.17491136
v -0.15129082 -0.11371411 -0.18494490
v -0.15413378 -0.10500216 -0.16495875
v -0.15697676 -0.09500658 -0.11495286
v -0.15910898 -0.08617890 -0.11495286
v -0.15907668 -0.08600003 -0.14489165
v -0.15904437 -0.08588429 -0.16495875
v -0.16007817 -0.08051824 -0.19497845
v -0.15998125 -0.08013946 -0.21488370
v -0.16014279 -0.08082337 -0.17491136
v -0.16011049 -0.08068658 -0.18494490
v -0.16107967 -0.07501541 -0.20493108
v -0.16082123 -0.07448933 -0.24490342
v -0.16263038 -0.06500930 -0.23495078
v -0.16408418 -0.05515049 -0.24506524
v -0.08496568 -0.15300202 -0.11495286
v -0.08496568 -0.15295994 -0.14489165
v -0.08496568 -0.15292837 -0.16495875
v -0.16146736 -0.07501541 -0.09496669
v -0.16020741 -0.08110745 -0.08509498
v -0.15907668 -0.08598951 -0.06502789
v -0.15910898 -0.08617890 -0.09496669
v -0.15697676 -0.09500658 -0.09496669
v -0.16473031 -0.05515049 -0.03508910
v -0.16495645 -0.05515049 -0.09496669
v -0.16324420 -0.06500930 -0.06502789
v -0.15423071 -0.10500216 -0.09496669
v -0.13678522 -0.13710378 0.08490883
v -0.14179273 -0.13217963 0.03490295
v -0.14954627 -0.11889077 -0.09496669
v -0.15135543 -0.11390350 -0.10491931
v -0.14188965 -0.13226381 -0.04512264
v -0.14185734 -0.13224277 -0.01510293
v -0.14182504 -0.13221121 0.01491678
v -0.14647716 -0.12499334 -0.07514235
v -0.13181002 -0.14124931 0.07487528
v -0.13184233 -0.14129141 0.05497003
v -0.12496106 -0.14443739 0.03490295
v -0.11494606 -0.14756233 -0.02505556
v -0.09498067 -0.15118177 0.01491678
v -0.09498067 -0.15138169 -0.03508910
v -0.10648177 -0.14935100 -0.02505556
v -0.10157119 -0.15028743 -0.03508910
v -0.09498067 -0.15141325 -0.05507527
v -0.09498067 -0.15145534 -0.08509498
v -0.09498067 -0.15146586 -0.09496669
v -0.09498067 -0.15146586 -0.11495286
v -0.09498067 -0.15137117 -0.17491136
v -0.09498067 -0.15139221 -0.16495875
v -0.10160349 -0.15029795 -0.16495875
v -0.10661100 -0.14937204 -0.16495875
v -0.13187464 -0.14131245 -0.24490342
v -0.12496106 -0.14457417 -0.18494490
v -0.11494606 -0.14758337 -0.17491136
v -0.14182504 -0.13221121 -0.22491725
v -0.13193926 -0.14136505 -0.18494490
v -0.13694675 -0.13725108 -0.17491136
v -0.14188965 -0.13225329 -0.17491136
v -0.14644486 -0.12499334 -0.16495875
v -0.14954627 -0.11884868 -0.13493903
v -0.15135543 -0.11387193 -0.12490548
v -0.15132312 -0.11380880 -0.15492520
v -0.15419839 -0.10500216 -0.13493903
v -0.15423071 -0.10500216 -0.11495286
v -0.15910898 -0.08619994 -0.10491931
v -0.16020741 -0.08120215 -0.10491931
v -0.16020741 -0.08117058 -0.11495286
v -0.16020741 -0.08111797 -0.12490548
v -0.16124120 -0.07501541 -0.18494490
v -0.16146736 -0.07501541 -0.11495286
v -0.16308267 -0.06500930 -0.18494490
v -0.16272731 -0.06500930 -0.22491725
v -0.16456877 -0.05515049 -0.19505936
v -0.16418110 -0.05515049 -0.23511262
v -0.16020741 -0.08117058 -0.09496669
v -0.16334112 -0.06500930 -0.10491931
v -0.16495645 -0.05515049 -0.11511469
v -0.13688214 -0.13718796 0.03490295
v -0.14954627 -0.11890129 -0.10491931
v -0.14954627 -0.11889077 -0.11495286
v -0.13694675 -0.13726160 -0.06502789
v -0.13694675 -0.13725108 -0.03508910
v -0.13694675 -0.13724056 -0.02505556
v -0.14188965 -0.13226381 -0.16495875
v -0.13694675 -0.13727212 -0.10491931
v -0.14647716 -0.12499334 -0.13493903
v -0.13190694 -0.14134401 0.01491678
v -0.12496106 -0.14458469 -0.02505556
v -0.12496106 -0.14448999 0.01491678
v -0.11494606 -0.14760441 -0.04512264
v -0.10657869 -0.14936152 -0.03508910
v -0.10160349 -0.15029795 -0.04512264
v -0.10170042 -0.15031900 -0.07514235
v -0.10176503 -0.15032952 -0.09496669
v -0.10179733 -0.15032952 -0.10491931
v -0.10176503 -0.15032952 -0.11495286
v -0.10674022 -0.14939308 -0.12490548
v -0.12496106 -0.14459521 -0.17491136
v -0.11494606 -0.14760441 -0.15492520
v -0.13193926 -0.14137557 -0.17491136
v -0.13197157 -0.14140715 -0.10491931
v -0.13694675 -0.13726160 -0.14489165
v -0.16327651 -0.06500930 -0.13493903
v -0.16314729 -0.06500930 -0.17491136
v -0.16473031 -0.05515049 -0.17507321
v -0.16466568 -0.05515049 -0.18502583
v -0.13193926 -0.14137557 -0.03508910
v -0.13193926 -0.14136505 -0.02505556
v -0.13193926 -0.14135453 -0.01510293
v -0.12496106 -0.14461625 -0.06502789
v -0.11494606 -0.14762545 -0.06502789
v -0.10674022 -0.14939308 -0.08509498
v -0.10667561 -0.14938256 -0.06502789
v -0.10661100 -0.14937204 -0.04512264
v -0.10677253 -0.14939308 -0.09496669
v -0.10677253 -0.14939308 -0.11495286
v -0.11494606 -0.14764649 -0.10491931
v -0.12496106 -0.14463729 -0.11495286
v -0.12496106 -0.14463729 -0.09496669
f 1 2 3
f 1 3 4
f 1 4 12
f 1 12 5
f 1 5 14
f 1 14 29
f 1 29 49
f 1 49 72
f 1 72 98
f 1 98 142
f 1 142 189
f 1 189 246
f 1 246 299
f 1 299 298
f 1 298 358
f 1 358 357
f 1 357 415
f 1 415 484
f 1 484 550
f 1 550 637
f 1 637 636
f 1 636 736
f 1 736 735
f 1 735 838
f 1 838 941
f 1 941 940
f 1 940 834
f 1 834 726
f 1 726 622
f 1 622 725
f 1 725 833
f 1 833 722
f 1 722 721
f 1 721 831
f 1 831 832
f 1 832 931
f 1 931 1032
f 1 1032 1033
f 1 1033 1140
f 1 1140 1235
f 1 1235 1335
f 1 1335 1243
f 1 1243 1242
f 1 1242 1237
f 1 1237 1241
f 1 1241 1344
f 1 1344 1457
f 1 1457 1562
f 1 1562 1675
f 1 1675 1774
f 1 1774 1880
f 1 1880 1987
f 1 1987 2011
f 1 2011 2010
f 1 2010 2122
f 1 2122 2121
f 1 2121 2235
f 1 2235 2341
f 1 2341 2433
f 1 2433 2432
f 1 2432 2431
f 1 2431 2430
f 1 2430 2516
f 1 2516 2517
f 1 2517 2588
f 1 2588 2647
f 1 2647 2646
f 1 2646 2679
f 1 2679 2678
f 1 2678 2650
f 1 2650 2598
f 1 2598 2597
f 1 2597 2530
f 1 2530 2453
f 1 2453 2452
f 1 2452 2451
f 1 2451 2450
f 1 2450 2445
f 1 2445 2444
f 1 2444 2443
f 1 2443 2350
f 1 2350 2245
f 1 2245 2244
f 1 2244 2139
f 1 2139 2138
f 1 2138 2137
f 1 2137 2136
f 1 2136 2135
f 1 2135 2022
f 1 2022 1941
f 1 1941 1837
f 1 1837 1723
f 1 1723 1606
f 1 1606 1497
f 1 1497 1389
f 1 1389 1290
f 1 1290 1189
f 1 1189 1077
f 1 1077 977
f 1 977 873
f 1 873 767
f 1 767 766
f 1 766 680
f 1 680 777
f 1 777 881
f 1 881 976
f 1 976 975
f 1 975 1039
f 1 1039 942
f 1 942 840
f 1 840 839
f 1 839 737
f 1 737 641
f 1 641 640
f 1 640 639
f 1 639 638
f 1 638 551
f 1 551 485
f 1 485 416
f 1 416 369
f 1 369 308
f 1 308 252
f 1 252 195
f 1 195 151
f 1 151 105
f 1 105 76
f 1 76 52
f 1 52 31
f 1 31 15
f 1 15 6
f 1 6 2
f 2 6 7
f 2 7 3
f 3 7 8
f 3 8 9
f 3 9 10
f 3 10 4
f 4 10 11
f 4 11 12
f 5 12 13
f 5 13 14
f 6 15 16
f 6 16 7
f 7 16 19
f 7 19 8
f 8 17 18
f 8 18 9
f 8 19 20
f 8 20 21
f 8 21 17
f 9 18 10
f 10 22 11
f 10 18 22
f 11 22 23
f 11 23 24
f 11 24 25
f 11 25 26
f 11 26 12
f 12 26 13
f 13 27 14
f 13 26 28
f 13 28 27
f 14 27 29
f 15 30 16
f 15 31 32
f 15 32 30
f 16 30 36
f 16 36 19
f 17 21 33
f 17 33 18
f 18 34 35
f 18 35 22
f 18 33 34
f 19 36 20
f 20 36 37
f 20 37 38
f 20 38 33
f 20 33 21
f 22 35 39
f 22 39 40
f 22 40 23
f 23 40 24
f 24 41 42
f 24 42 25
f 24 40 41
f 25 42 43
f 25 43 44
f 25 44 28
f 25 28 26
f 27 28 45
f 27 45 29
f 28 46 47
f 28 47 48
f 28 48 45
f 28 44 46
f 29 45 49
f 30 32 50
f 30 50 36
f 31 51 32
f 31 52 51
f 32 51 50
f 33 53 34
f 33 38 54
f 33 54 53
f 34 55 35
f 34 53 55
f 35 55 39
f 36 50 56
f 36 56 57
f 36 57 37
f 37 57 38
f 38 57 56
f 38 56 58
f 38 58 54
f 39 59 60
f 39 60 40
f 39 55 59
f 40 60 61
f 40 61 62
f 40 62 41
f 41 62 42
f 42 62 63
f 42 63 43
f 43 63 64
f 43 64 65
f 43 65 47
f 43 47 46
f 43 46 44
f 45 48 66
f 45 66 49
f 47 65 67
f 47 67 68
f 47 68 48
f 48 68 69
f 48 69 70
f 48 70 71
f 48 71 66
f 49 66 72
f 50 51 73
f 50 73 74
f 50 74 56
f 51 52 75
f 51 75 73
f 52 76 75
f 53 77 78
f 53 78 79
f 53 79 55
f 53 54 77
f 54 80 81
f 54 81 82
f 54 82 77
f 54 58 83
f 54 83 80
f 55 79 84
f 55 84 59
f 56 83 58
f 56 74 85
f 56 85 83
f 59 84 60
f 60 86 87
f 60 87 61
f 60 84 86
f 61 87 62
f 62 87 63
f 63 88 89
f 63 89 64
f 63 87 88
f 64 89 90
f 64 90 91
f 64 91 92
f 64 92 67
f 64 67 65
f 66 71 72
f 67 92 93
f 67 93 68
f 68 93 69
f 69 93 94
f 69 94 70
f 70 95 71
f 70 94 96
f 70 96 97
f 70 97 95
f 71 98 72
f 71 95 98
f 73 75 99
f 73 99 74
f 74 99 100
f 74 100 85
f 75 101 99
f 75 76 102
f 75 102 103
f 75 103 104
f 75 104 101
f 76 105 102
f 77 82 106
f 77 106 107
f 77 107 78
f 78 107 108
f 78 108 79
f 79 108 109
f 79 109 110
f 79 110 84
f 80 111 112
f 80 112 113
f 80 113 114
f 80 114 81
f 80 83 111
f 81 114 115
f 81 115 116
f 81 116 106
f 81 106 82
f 83 85 111
f 84 117 118
f 84 118 86
f 84 110 117
f 85 100 111
f 86 118 119
f 86 119 120
f 86 120 121
f 86 121 87
f 87 121 122
f 87 122 88
f 88 122 123
f 88 123 124
f 88 124 89
f 89 125 126
f 89 126 127
f 89 127 128
f 89 128 90
f 89 124 125
f 90 128 91
f 91 128 129
f 91 129 130
f 91 130 131
f 91 131 135
f 91 135 132
f 91 132 133
f 91 133 134
f 91 134 92
f 92 134 93
f 93 134 133
f 93 133 132
f 93 132 135
f 93 135 136
f 93 136 94
f 94 136 96
f 95 97 137
f 95 137 98
f 96 136 138
f 96 138 139
f 96 139 140
f 96 140 141
f 96 141 97
f 97 141 137
f 98 137 142
f 99 101 143
f 99 143 100
f 100 143 144
f 100 144 111
f 101 104 145
f 101 145 143
f 102 146 103
f 102 105 146
f 103 147 104
f 103 146 148
f 103 148 149
f 103 149 147
f 104 147 150
f 104 150 145
f 105 151 146
f 106 116 152
f 106 152 153
f 106 153 154
f 106 154 107
f 107 154 155
f 107 155 156
f 107 156 108
f 108 156 109
f 109 156 157
f 109 157 110
f 110 157 158
f 110 158 117
f 111 144 112
f 112 144 159
f 112 159 160
f 112 160 113
f 113 160 161
f 113 161 162
f 113 162 163
f 113 163 115
f 113 115 114
f 115 163 164
f 115 164 165
f 115 165 152
f 115 152 116
f 117 158 118
f 118 158 119
f 119 166 167
f 119 167 120
f 119 158 166
f 120 168 169
f 120 169 170
f 120 170 121
f 120 167 168
f 121 170 122
f 122 171 172
f 122 172 123
f 122 170 171
f 123 172 124
f 124 172 125
f 125 172 126
f 126 173 127
f 126 172 173
f 127 173 174
f 127 174 128
f 128 174 175
f 128 175 129
f 129 175 176
f 129 176 177
f 129 177 130
f 130 177 178
f 130 178 179
f 130 179 131
f 131 179 180
f 131 180 135
f 135 180 181
f 135 181 138
f 135 138 136
f 137 141 182
f 137 182 142
f 138 181 183
f 138 183 184
f 138 184 139
f 139 184 185
f 139 185 140
f 140 185 186
f 140 186 187
f 140 187 188
f 140 188 182
f 140 182 141
f 142 182 189
f 143 145 144
f 144 145 150
f 144 150 147
f 144 147 149
f 144 149 190
f 144 190 159
f 146 151 191
f 146 191 148
f 148 191 192
f 148 192 193
f 148 193 149
f 149 193 194
f 149 194 190
f 151 195 191
f 152 165 196
f 152 196 197
f 152 197 153
f 153 197 198
f 153 198 154
f 154 198 155
f 155 198 156
f 156 198 199
f 156 199 200
f 156 200 157
f 157 201 158
f 157 200 202
f 157 202 201
f 158 201 202
f 158 202 203
f 158 203 204
f 158 204 205
f 158 205 166
f 159 190 206
f 159 206 207
f 159 207 160
f 160 207 161
f 161 208 162
f 161 207 209
f 161 209 210
f 161 210 208
f 162 164 163
f 162 208 164
f 164 208 211
f 164 211 165
f 165 211 212
f 165 212 196
f 166 213 167
f 166 205 214
f 166 214 215
f 166 215 213
f 167 213 216
f 167 216 168
f 168 216 217
f 168 217 218
f 168 218 170
f 168 170 169
f 170 218 219
f 170 219 220
f 170 220 221
f 170 221 171
f 171 221 220
f 171 220 172
f 172 220 222
f 172 222 223
f 172 223 224
f 172 224 225
f 172 225 173
f 173 225 174
f 174 225 226
f 174 226 227
f 174 227 175
f 175 227 176
f 176 227 228
f 176 228 177
f 177 228 178
f 178 228 229
f 178 229 230
f 178 230 231
f 178 231 232
f 178 232 179
f 179 232 233
f 179 233 234
f 179 234 235
f 179 235 180
f 180 235 183
f 180 183 181
f 182 188 189
f 183 235 236
f 183 236 237
f 183 237 238
f 183 238 239
f 183 239 240
f 183 240 184
f 184 240 185
f 185 240 241
f 185 241 186
f 186 240 242
f 186 242 243
f 186 243 244
f 186 244 187
f 186 241 240
f 187 244 188
f 188 244 245
f 188 245 246
f 188 246 189
f 190 194 206
f 191 195 247
f 191 247 192
f 192 247 248
f 192 248 249
f 192 249 193
f 193 249 250
f 193 250 194
f 194 250 251
f 194 251 206
f 195 252 253
f 195 253 247
f 196 212 254
f 196 254 255
f 196 255 197
f 197 255 256
f 197 256 198
f 198 256 257
f 198 257 199
f 199 257 200
f 200 257 258
f 200 258 202
f 202 258 259
f 202 259 260
f 202 260 203
f 203 260 204
f 204 260 261
f 204 261 262
f 204 262 270
f 204 270 214
f 204 214 205
f 206 251 263
f 206 263 207
f 207 263 264
f 207 264 209
f 208 210 265
f 208 265 211
f 209 264 210
f 210 264 266
f 210 266 267
f 210 267 265
f 211 268 254
f 211 254 212
f 211 265 269
f 211 269 268
f 213 215 270
f 213 270 271
f 213 271 272
f 213 272 273
f 213 273 216
f 214 270 215
f 216 273 217
f 217 273 218
f 218 273 274
f 218 274 219
f 219 274 275
f 219 275 276
f 219 276 220
f 220 276 277
f 220 277 278
f 220 278 222
f 222 278 223
f 223 278 279
f 223 279 224
f 224 279 225
f 225 279 280
f 225 280 281
f 225 281 226
f 226 281 227
f 227 281 282
f 227 282 283
f 227 283 228
f 228 283 284
f 228 284 229
f 229 284 285
f 229 285 230
f 230 285 286
f 230 286 231
f 231 287 233
f 231 233 232
f 231 286 287
f 233 288 234
f 233 287 289
f 233 289 288
f 234 288 236
f 234 236 235
f 236 288 237
f 237 288 238
f 238 288 290
f 238 290 291
f 238 291 292
f 238 292 239
f 239 292 293
f 239 293 240
f 240 293 242
f 242 293 294
f 242 294 353
f 242 353 295
f 242 295 296
f 242 296 243
f 243 296 245
f 243 245 244
f 245 296 297
f 245 297 298
f 245 298 299
f 245 299 246
f 247 253 248
f 248 253 300
f 248 300 301
f 248 301 302
f 248 302 303
f 248 303 249
f 249 303 302
f 249 302 250
f 250 302 304
f 250 304 251
f 251 304 305
f 251 305 306
f 251 306 307
f 251 307 263
f 252 308 253
f 253 308 300
f 254 268 326
f 254 326 309
f 254 309 310
f 254 310 255
f 255 310 311
f 255 311 256
f 256 311 257
f 257 311 312
f 257 312 258
f 258 312 313
f 258 313 259
f 259 313 260
f 260 314 315
f 260 315 261
f 260 313 314
f 261 315 316
f 261 316 262
f 262 317 270
f 262 316 317
f 263 307 318
f 263 318 319
f 263 319 320
f 263 320 264
f 264 320 321
f 264 321 322
f 264 322 266
f 265 267 323
f 265 323 324
f 265 324 269
f 266 322 267
f 267 322 325
f 267 325 323
f 268 269 326
f 269 324 327
f 269 327 326
f 270 317 328
f 270 328 329
f 270 329 271
f 271 329 330
f 271 330 272
f 272 331 273
f 272 330 331
f 273 331 332
f 273 332 333
f 273 333 274
f 274 333 334
f 274 334 275
f 275 335 276
f 275 334 335
f 276 335 336
f 276 336 337
f 276 337 277
f 277 337 278
f 278 337 338
f 278 338 279
f 279 338 339
f 279 339 280
f 280 340 281
f 280 339 340
f 281 340 341
f 281 341 282
f 282 341 283
f 283 342 284
f 283 341 342
f 284 342 343
f 284 343 344
f 284 344 285
f 285 344 286
f 286 344 345
f 286 345 346
f 286 346 287
f 287 347 289
f 287 346 348
f 287 348 347
f 288 289 290
f 289 347 290
f 290 347 349
f 290 349 350
f 290 350 291
f 291 350 351
f 291 351 352
f 291 352 292
f 292 352 353
f 292 353 294
f 292 294 293
f 295 353 354
f 295 354 296
f 296 354 355
f 296 355 356
f 296 356 297
f 297 356 357
f 297 357 358
f 297 358 298
f 300 308 359
f 300 359 301
f 301 359 360
f 301 360 302
f 302 360 361
f 302 361 304
f 304 361 362
f 304 362 305
f 305 362 363
f 305 363 364
f 305 364 306
f 306 318 307
f 306 364 365
f 306 365 366
f 306 366 367
f 306 367 368
f 306 368 318
f 308 369 359
f 309 326 383
f 309 383 370
f 309 370 371
f 309 371 310
f 310 371 372
f 310 372 311
f 311 372 312
f 312 373 313
f 312 372 373
f 313 373 374
f 313 374 314
f 314 374 375
f 314 375 315
f 315 375 376
f 315 376 316
f 316 376 377
f 316 377 317
f 317 377 329
f 317 329 328
f 318 368 378
f 318 378 321
f 318 321 319
f 319 321 320
f 321 378 379
f 321 379 325
f 321 325 322
f 323 380 381
f 323 381 382
f 323 382 324
f 323 325 379
f 323 379 380
f 324 382 327
f 326 327 383
f 327 384 383
f 327 382 384
f 329 377 385
f 329 385 330
f 330 385 386
f 330 386 331
f 331 386 387
f 331 387 333
f 331 333 332
f 333 387 334
f 334 387 388
f 334 388 335
f 335 388 389
f 335 389 390
f 335 390 336
f 336 390 391
f 336 391 337
f 337 391 338
f 338 392 339
f 338 391 392
f 339 392 393
f 339 393 394
f 339 394 340
f 340 394 341
f 341 395 396
f 341 396 397
f 341 397 342
f 341 394 395
f 342 397 398
f 342 398 343
f 343 398 344
f 344 399 400
f 344 400 345
f 344 398 399
f 345 400 401
f 345 401 402
f 345 402 346
f 346 403 348
f 346 402 404
f 346 404 405
f 346 405 403
f 347 348 406
f 347 406 350
f 347 350 349
f 348 403 406
f 350 406 407
f 350 407 408
f 350 408 409
f 350 409 352
f 350 352 351
f 352 409 410
f 352 410 411
f 352 411 353
f 353 411 412
f 353 412 354
f 354 412 355
f 355 412 356
f 356 412 413
f 356 413 414
f 356 414 357
f 357 414 415
f 359 416 417
f 359 417 360
f 359 369 416
f 360 417 418
f 360 418 361
f 361 418 419
f 361 419 362
f 362 419 363
f 363 419 420
f 363 420 421
f 363 421 364
f 364 421 422
f 364 422 423
f 364 423 365
f 365 423 424
f 365 424 366
f 366 424 425
f 366 425 367
f 367 425 368
f 368 425 378
f 370 383 426
f 370 426 371
f 371 426 427
f 371 427 428
f 371 428 372
f 372 428 429
f 372 429 430
f 372 430 373
f 373 430 374
f 374 430 431
f 374 431 432
f 374 432 375
f 375 432 376
f 376 432 433
f 376 433 377
f 377 433 434
f 377 434 435
f 377 435 385
f 378 425 379
f 379 436 380
f 379 425 436
f 380 437 438
f 380 438 381
f 380 436 439
f 380 439 440
f 380 440 437
f 381 441 443
f 381 443 382
f 381 438 442
f 381 442 441
f 382 443 384
f 383 384 444
f 383 444 445
f 383 445 426
f 384 446 444
f 384 443 446
f 385 435 447
f 385 447 386
f 386 447 387
f 387 447 448
f 387 448 449
f 387 449 450
f 387 450 388
f 388 450 451
f 388 451 389
f 389 451 390
f 390 451 452
f 390 452 391
f 391 452 453
f 391 453 454
f 391 454 392
f 392 454 455
f 392 455 456
f 392 456 393
f 393 456 394
f 394 396 395
f 394 456 457
f 394 457 458
f 394 458 396
f 396 458 459
f 396 459 397
f 397 459 460
f 397 460 398
f 398 460 461
f 398 461 462
f 398 462 463
f 398 463 464
f 398 464 399
f 399 464 400
f 400 464 465
f 400 465 466
f 400 466 401
f 401 466 467
f 401 467 468
f 401 468 469
f 401 469 402
f 402 469 404
f 403 407 406
f 403 405 470
f 403 470 407
f 404 469 471
f 404 471 472
f 404 472 405
f 405 472 473
f 405 473 474
f 405 474 470
f 407 470 475
f 407 475 408
f 408 476 409
f 408 475 477
f 408 477 476
f 409 476 478
f 409 478 410
f 410 478 411
f 411 478 479
f 411 479 480
f 411 480 412
f 412 480 481
f 412 481 413
f 413 481 414
f 414 481 482
f 414 482 483
f 414 483 415
f 415 483 484
f 416 485 417
f 417 485 486
f 417 486 487
f 417 487 420
f 417 420 419
f 417 419 418
f 420 487 488
f 420 488 489
f 420 489 421
f 421 489 490
f 421 490 422
f 422 491 492
f 422 492 423
f 422 490 491
f 423 492 424
f 424 492 493
f 424 493 494
f 424 494 495
f 424 495 425
f 425 495 439
f 425 439 436
f 426 445 496
f 426 496 497
f 426 497 427
f 427 497 498
f 427 498 428
f 428 498 499
f 428 499 429
f 429 499 430
f 430 499 500
f 430 500 501
f 430 501 431
f 431 501 502
f 431 502 432
f 432 502 433
f 433 502 503
f 433 503 504
f 433 504 434
f 434 504 435
f 435 504 447
f 437 440 505
f 437 505 506
f 437 506 507
f 437 507 438
f 438 507 442
f 439 508 440
f 439 495 494
f 439 494 508
f 440 509 505
f 440 508 509
f 441 442 510
f 441 510 511
f 441 511 443
f 442 507 512
f 442 512 513
f 442 513 510
f 443 511 446
f 444 514 496
f 444 496 445
f 444 446 514
f 446 511 514
f 447 504 448
f 448 504 515
f 448 515 449
f 449 515 450
f 450 515 516
f 450 516 451
f 451 516 452
f 452 516 517
f 452 517 518
f 452 518 453
f 453 518 519
f 453 519 454
f 454 519 455
f 455 519 520
f 455 520 521
f 455 521 456
f 456 521 522
f 456 522 523
f 456 523 457
f 457 523 458
f 458 523 524
f 458 524 525
f 458 525 459
f 459 525 460
f 460 525 526
f 460 526 461
f 461 526 462
f 462 526 527
f 462 527 463
f 463 527 464
f 464 527 528
f 464 528 529
f 464 529 465
f 465 529 466
f 466 529 530
f 466 530 467
f 467 530 531
f 467 531 468
f 468 532 469
f 468 531 533
f 468 533 532
f 469 532 471
f 470 534 475
f 470 474 534
f 471 535 472
f 471 532 536
f 471 536 535
f 472 535 473
f 473 535 537
f 473 537 538
f 473 538 539
f 473 539 540
f 473 540 541
f 473 541 474
f 474 541 534
f 475 542 477
f 475 534 542
f 476 477 543
f 476 543 544
f 476 544 478
f 477 542 545
f 477 545 543
f 478 544 546
f 478 546 479
f 479 546 480
f 480 546 547
f 480 547 548
f 480 548 481
f 481 548 549
f 481 549 482
f 482 549 483
f 483 549 550
f 483 550 484
f 485 551 552
f 485 552 486
f 486 552 487
f 487 552 488
f 488 552 553
f 488 553 554
f 488 554 489
f 489 554 555
f 489 555 556
f 489 556 490
f 490 556 491
f 491 556 557
f 491 557 558
f 491 558 559
f 491 559 560
f 491 560 492
f 492 560 493
f 493 560 561
f 493 561 562
f 493 562 494
f 494 562 508
f 496 563 564
f 496 564 565
f 496 565 497
f 496 514 563
f 497 565 498
f 498 566 567
f 498 567 568
f 498 568 499
f 498 565 566
f 499 568 500
f 500 569 501
f 500 568 569
f 501 569 570
f 501 570 502
f 502 570 571
f 502 571 503
f 503 571 572
f 503 572 573
f 503 573 504
f 504 573 574
f 504 574 575
f 504 575 576
f 504 576 515
f 505 509 577
f 505 577 578
f 505 578 506
f 506 578 579
f 506 579 580
f 506 580 507
f 507 580 512
f 508 562 581
f 508 581 509
f 509 581 582
f 509 582 583
f 509 583 584
f 509 584 577
f 510 585 586
f 510 586 511
f 510 513 588
f 510 588 585
f 511 586 514
f 512 587 588
f 512 588 513
f 512 580 587
f 514 589 590
f 514 590 563
f 514 586 589
f 515 576 591
f 515 591 516
f 516 592 517
f 516 591 592
f 517 592 518
f 518 592 593
f 518 593 519
f 519 593 594
f 519 594 595
f 519 595 520
f 520 595 521
f 521 595 522
f 522 596 523
f 522 595 597
f 522 597 596
f 523 596 598
f 523 598 524
f 524 599 525
f 524 598 599
f 525 599 526
f 526 599 600
f 526 600 601
f 526 601 602
f 526 602 527
f 527 602 603
f 527 603 528
f 528 603 529
f 529 603 604
f 529 604 605
f 529 605 530
f 530 605 531
f 531 606 533
f 531 605 607
f 531 607 608
f 531 608 606
f 532 533 609
f 532 609 610
f 532 610 536
f 533 606 611
f 533 611 609
f 534 612 542
f 534 541 612
f 535 613 614
f 535 614 538
f 535 538 537
f 535 536 615
f 535 615 616
f 535 616 613
f 536 610 617
f 536 617 615
f 538 618 619
f 538 619 620
f 538 620 539
f 538 614 618
f 539 620 621
f 539 621 622
f 539 622 623
f 539 623 624
f 539 624 540
f 540 624 625
f 540 625 626
f 540 626 627
f 540 627 541
f 541 627 628
f 541 628 612
f 542 612 545
f 543 545 544
f 544 545 629
f 544 629 630
f 544 630 546
f 545 612 631
f 545 631 632
f 545 632 633
f 545 633 629
f 546 630 547
f 547 630 634
f 547 634 635
f 547 635 548
f 548 636 637
f 548 637 549
f 548 635 636
f 549 637 550
f 551 638 553
f 551 553 552
f 553 639 640
f 553 640 641
f 553 641 554
f 553 638 639
f 554 641 642
f 554 642 643
f 554 643 555
f 555 643 557
f 555 557 556
f 557 643 644
f 557 644 645
f 557 645 558
f 558 645 646
f 558 646 647
f 558 647 559
f 559 647 561
f 559 561 560
f 561 647 648
f 561 648 562
f 562 648 649
f 562 649 581
f 563 590 650
f 563 650 651
f 563 651 564
f 564 651 565
f 565 651 652
f 565 652 566
f 566 652 653
f 566 653 567
f 567 653 654
f 567 654 568
f 568 654 655
f 568 655 569
f 569 655 656
f 569 656 657
f 569 657 570
f 570 657 571
f 571 657 658
f 571 658 572
f 572 658 573
f 573 658 659
f 573 659 574
f 574 660 661
f 574 661 575
f 574 659 660
f 575 661 576
f 576 661 591
f 577 584 578
f 578 662 663
f 578 663 664
f 578 664 579
f 578 584 665
f 578 665 666
f 578 666 662
f 579 667 668
f 579 668 580
f 579 664 667
f 580 668 669
f 580 669 587
f 581 649 582
f 582 670 583
f 582 649 671
f 582 671 672
f 582 672 670
f 583 673 674
f 583 674 675
f 583 675 584
f 583 670 676
f 583 676 677
f 583 677 678
f 583 678 679
f 583 679 680
f 583 680 673
f 584 675 681
f 584 681 665
f 585 588 682
f 585 682 586
f 586 682 589
f 587 669 683
f 587 683 684
f 587 684 588
f 588 684 682
f 589 685 686
f 589 686 650
f 589 650 590
f 589 682 685
f 591 661 592
f 592 687 593
f 592 661 688
f 592 688 689
f 592 689 687
f 593 687 690
f 593 690 691
f 593 691 594
f 594 691 595
f 595 692 597
f 595 691 692
f 596 693 598
f 596 597 692
f 596 692 693
f 598 693 694
f 598 694 599
f 599 695 696
f 599 696 600
f 599 694 695
f 600 696 695
f 600 695 697
f 600 697 601
f 601 697 698
f 601 698 699
f 601 699 602
f 602 700 603
f 602 699 700
f 603 700 604
f 604 700 701
f 604 701 605
f 605 701 702
f 605 702 703
f 605 703 704
f 605 704 607
f 606 705 611
f 606 608 706
f 606 706 707
f 606 707 705
f 607 706 608
f 607 704 706
f 609 708 610
f 609 611 708
f 610 709 617
f 610 708 709
f 611 710 708
f 611 705 710
f 612 628 711
f 612 711 631
f 613 616 712
f 613 712 713
f 613 713 614
f 614 713 714
f 614 714 618
f 615 617 616
f 616 617 715
f 616 715 712
f 617 709 715
f 618 714 716
f 618 716 717
f 618 717 718
f 618 718 719
f 618 719 619
f 619 719 720
f 619 720 620
f 620 721 722
f 620 722 723
f 620 723 724
f 620 724 621
f 620 720 721
f 621 724 725
f 621 725 622
f 622 726 623
f 623 726 727
f 623 727 625
f 623 625 624
f 625 727 728
f 625 728 729
f 625 729 626
f 626 729 730
f 626 730 627
f 627 730 731
f 627 731 628
f 628 731 711
f 629 633 630
f 630 633 634
f 631 711 632
f 632 732 633
f 632 711 732
f 633 732 733
f 633 733 634
f 634 733 734
f 634 734 635
f 635 734 735
f 635 735 736
f 635 736 636
f 641 737 738
f 641 738 642
f 642 738 643
f 643 738 644
f 644 738 739
f 644 739 740
f 644 740 645
f 645 740 741
f 645 741 646
f 646 741 647
f 647 741 742
f 647 742 648
f 648 742 671
f 648 671 649
f 650 743 744
f 650 744 745
f 650 745 651
f 650 686 743
f 651 745 652
f 652 746 747
f 652 747 653
f 652 745 746
f 653 747 654
f 654 747 748
f 654 748 655
f 655 748 656
f 656 748 657
f 657 748 749
f 657 749 658
f 658 750 659
f 658 749 750
f 659 750 751
f 659 751 660
f 660 751 661
f 661 752 753
f 661 753 688
f 661 751 752
f 662 754 755
f 662 755 663
f 662 666 665
f 662 665 754
f 663 755 860
f 663 860 756
f 663 756 667
f 663 667 664
f 665 681 757
f 665 757 758
f 665 758 754
f 667 756 759
f 667 759 668
f 668 759 760
f 668 760 669
f 669 760 761
f 669 761 683
f 670 672 762
f 670 762 763
f 670 763 676
f 671 742 764
f 671 764 765
f 671 765 672
f 672 765 762
f 673 766 767
f 673 767 768
f 673 768 769
f 673 769 674
f 673 680 766
f 674 769 770
f 674 770 771
f 674 771 675
f 675 771 772
f 675 772 773
f 675 773 774
f 675 774 681
f 676 763 775
f 676 775 677
f 677 775 678
f 678 775 776
f 678 776 679
f 679 776 777
f 679 777 680
f 681 774 778
f 681 778 757
f 682 779 685
f 682 684 779
f 683 780 781
f 683 781 684
f 683 761 780
f 684 781 779
f 685 779 782
f 685 782 783
f 685 783 784
f 685 784 686
f 686 784 743
f 687 689 753
f 687 753 785
f 687 785 690
f 688 753 689
f 690 785 691
f 691 786 692
f 691 785 786
f 692 787 693
f 692 786 787
f 693 788 789
f 693 789 694
f 693 787 788
f 694 789 790
f 694 790 791
f 694 791 697
f 694 697 695
f 697 792 793
f 697 793 698
f 697 791 792
f 698 793 699
f 699 793 794
f 699 794 700
f 700 794 795
f 700 795 701
f 701 796 797
f 701 797 702
f 701 795 796
f 702 797 703
f 703 798 704
f 703 797 798
f 704 798 799
f 704 799 706
f 705 707 800
f 705 800 801
f 705 801 802
f 705 802 710
f 706 799 803
f 706 803 707
f 707 803 804
f 707 804 805
f 707 805 800
f 708 806 709
f 708 710 806
f 709 807 715
f 709 806 807
f 710 802 808
f 710 808 809
f 710 809 806
f 711 731 810
f 711 810 811
f 711 811 732
f 712 812 713
f 712 715 813
f 712 813 814
f 712 814 812
f 713 815 714
f 713 812 816
f 713 816 817
f 713 817 815
f 714 815 818
f 714 818 716
f 715 807 813
f 716 818 819
f 716 819 820
f 716 820 717
f 717 821 718
f 717 820 822
f 717 822 823
f 717 823 821
f 718 821 824
f 718 824 825
f 718 825 826
f 718 826 827
f 718 827 719
f 719 828 720
f 719 827 829
f 719 829 830
f 719 830 828
f 720 831 721
f 720 828 832
f 720 832 831
f 722 833 723
f 723 833 725
f 723 725 724
f 726 834 727
f 727 834 728
f 728 834 730
f 728 730 729
f 730 834 835
f 730 835 836
f 730 836 731
f 731 836 810
f 732 811 733
f 733 811 837
f 733 837 734
f 734 837 838
f 734 838 735
f 737 839 738
f 738 839 739
f 739 840 841
f 739 841 740
f 739 839 840
f 740 841 842
f 740 842 741
f 741 842 843
f 741 843 764
f 741 764 742
f 743 844 845
f 743 845 846
f 743 846 744
f 743 784 844
f 744 846 745
f 745 846 847
f 745 847 746
f 746 847 848
f 746 848 747
f 747 848 849
f 747 849 850
f 747 850 851
f 747 851 748
f 748 851 852
f 748 852 749
f 749 852 853
f 749 853 854
f 749 854 750
f 750 854 751
f 751 854 855
f 751 855 752
f 752 855 753
f 753 856 857
f 753 857 890
f 753 890 785
f 753 855 856
f 754 858 755
f 754 758 858
f 755 858 859
f 755 859 860
f 756 860 861
f 756 861 759
f 757 778 880
f 757 880 773
f 757 773 879
f 757 879 878
f 757 878 877
f 757 877 876
f 757 876 978
f 757 978 874
f 757 874 873
f 757 873 977
f 757 977 1076
f 757 1076 1187
f 757 1187 1171
f 757 1171 1061
f 757 1061 964
f 757 964 862
f 757 862 758
f 758 862 863
f 758 863 864
f 758 864 865
f 758 865 866
f 758 866 858
f 759 861 867
f 759 867 760
f 760 867 868
f 760 868 780
f 760 780 761
f 762 869 763
f 762 765 870
f 762 870 869
f 763 869 871
f 763 871 775
f 764 843 765
f 765 843 872
f 765 872 870
f 767 873 768
f 768 873 769
f 769 873 874
f 769 874 770
f 770 874 875
f 770 875 771
f 771 875 876
f 771 876 877
f 771 877 878
f 771 878 879
f 771 879 772
f 772 879 773
f 773 880 774
f 774 880 778
f 775 871 881
f 775 881 776
f 776 881 777
f 779 882 782
f 779 781 882
f 780 883 884
f 780 884 885
f 780 885 781
f 780 868 883
f 781 885 886
f 781 886 882
f 782 887 888
f 782 888 889
f 782 889 783
f 782 882 886
f 782 886 887
f 783 889 844
f 783 844 784
f 785 890 786
f 786 890 891
f 786 891 892
f 786 892 787
f 787 892 788
f 788 892 893
f 788 893 789
f 789 893 790
f 790 894 895
f 790 895 791
f 790 893 894
f 791 895 792
f 792 895 793
f 793 895 896
f 793 896 897
f 793 897 794
f 794 897 898
f 794 898 795
f 795 899 796
f 795 898 900
f 795 900 899
f 796 899 797
f 797 899 901
f 797 901 798
f 798 902 799
f 798 901 903
f 798 903 902
f 799 904 803
f 799 902 904
f 800 805 801
f 801 905 802
f 801 805 906
f 801 906 905
f 802 905 808
f 803 904 804
f 804 904 805
f 805 904 907
f 805 907 906
f 806 908 807
f 806 809 908
f 807 909 813
f 807 908 909
f 808 910 908
f 808 908 809
f 808 905 911
f 808 911 912
f 808 912 910
f 810 836 811
f 811 836 913
f 811 913 837
f 812 814 914
f 812 914 915
f 812 915 816
f 813 909 916
f 813 916 814
f 814 916 917
f 814 917 914
f 815 817 918
f 815 918 919
f 815 919 920
f 815 920 921
f 815 921 818
f 816 915 922
f 816 922 923
f 816 923 817
f 817 923 924
f 817 924 918
f 818 921 925
f 818 925 819
f 819 925 820
f 820 925 822
f 821 823 824
f 822 925 823
f 823 925 926
f 823 926 824
f 824 926 825
f 825 926 927
f 825 927 826
f 826 927 928
f 826 928 929
f 826 929 827
f 827 929 829
f 828 930 931
f 828 931 832
f 828 830 932
f 828 932 933
f 828 933 934
f 828 934 930
f 829 935 1034
f 829 1034 936
f 829 936 1037
f 829 1037 937
f 829 937 938
f 829 938 830
f 829 929 1031
f 829 1031 935
f 830 938 939
f 830 939 932
f 834 940 835
f 835 940 913
f 835 913 836
f 837 913 941
f 837 941 838
f 840 942 841
f 841 942 943
f 841 943 842
f 842 943 872
f 842 872 843
f 844 889 944
f 844 944 945
f 844 945 946
f 844 946 845
f 845 946 846
f 846 946 947
f 846 947 847
f 847 947 948
f 847 948 848
f 848 948 949
f 848 949 849
f 849 949 950
f 849 950 850
f 850 950 951
f 850 951 851
f 851 951 952
f 851 952 852
f 852 952 953
f 852 953 853
f 853 953 954
f 853 954 854
f 854 954 955
f 854 955 855
f 855 956 856
f 855 955 956
f 856 957 857
f 856 956 957
f 857 957 890
f 858 866 958
f 858 958 959
f 858 959 859
f 859 959 960
f 859 960 961
f 859 961 860
f 860 961 962
f 860 962 861
f 861 962 963
f 861 963 867
f 862 964 965
f 862 965 966
f 862 966 863
f 863 966 967
f 863 967 968
f 863 968 969
f 863 969 864
f 864 969 865
f 865 969 970
f 865 970 971
f 865 971 972
f 865 972 866
f 866 972 958
f 867 963 973
f 867 973 868
f 868 973 883
f 869 870 872
f 869 872 974
f 869 974 871
f 871 974 975
f 871 975 976
f 871 976 881
f 872 943 974
f 874 978 875
f 875 978 876
f 883 973 884
f 884 979 980
f 884 980 981
f 884 981 982
f 884 982 983
f 884 983 885
f 884 973 984
f 884 984 985
f 884 985 979
f 885 983 982
f 885 982 886
f 886 982 887
f 887 982 986
f 887 986 987
f 887 987 988
f 887 988 888
f 888 988 989
f 888 989 889
f 889 989 990
f 889 990 944
f 890 991 891
f 890 957 991
f 891 992 892
f 891 991 992
f 892 993 893
f 892 992 993
f 893 993 894
f 894 993 994
f 894 994 895
f 895 994 995
f 895 995 996
f 895 996 896
f 896 996 897
f 897 996 898
f 898 996 997
f 898 997 998
f 898 998 1000
f 898 1000 900
f 899 999 901
f 899 900 1000
f 899 1000 999
f 901 999 903
f 902 1001 904
f 902 903 1002
f 902 1002 1001
f 903 999 1002
f 904 1001 907
f 905 906 1003
f 905 1003 911
f 906 907 1004
f 906 1004 1003
f 907 1001 1101
f 907 1101 1004
f 908 1005 909
f 908 910 1006
f 908 1006 1005
f 909 1005 1007
f 909 1007 916
f 910 912 1006
f 911 1003 1008
f 911 1008 912
f 912 1008 1009
f 912 1009 1109
f 912 1109 1010
f 912 1010 1011
f 912 1011 1006
f 913 940 941
f 914 917 1012
f 914 1012 1013
f 914 1013 915
f 915 1013 922
f 916 1007 1014
f 916 1014 917
f 917 1014 1015
f 917 1015 1012
f 918 924 1016
f 918 1016 919
f 919 1016 920
f 920 1017 921
f 920 1016 1018
f 920 1018 1017
f 921 1017 1019
f 921 1019 1018
f 921 1018 1020
f 921 1020 925
f 922 1013 1021
f 922 1021 1022
f 922 1022 923
f 923 1022 1023
f 923 1023 1024
f 923 1024 924
f 924 1024 1016
f 925 1020 1025
f 925 1025 1026
f 925 1026 926
f 926 1026 1027
f 926 1027 1028
f 926 1028 927
f 927 1028 1029
f 927 1029 1030
f 927 1030 928
f 928 1030 929
f 929 1030 1029
f 929 1029 1136
f 929 1136 1031
f 930 934 931
f 931 934 1032
f 932 939 1033
f 932 1033 933
f 933 1033 934
f 934 1033 1032
f 935 1031 1035
f 935 1035 1036
f 935 1036 1034
f 936 1034 1141
f 936 1141 1037
f 937 1037 1038
f 937 1038 939
f 937 939 938
f 939 1038 1033
f 942 1039 943
f 943 1039 974
f 944 990 1040
f 944 1040 945
f 945 1040 946
f 946 1040 947
f 947 1041 1042
f 947 1042 1043
f 947 1043 948
f 947 1040 1041
f 948 1043 1044
f 948 1044 949
f 949 1044 1045
f 949 1045 950
f 950 1045 1046
f 950 1046 951
f 951 1046 1047
f 951 1047 952
f 952 1047 953
f 953 1047 1048
f 953 1048 954
f 954 1048 1049
f 954 1049 955
f 955 1049 1050
f 955 1050 956
f 956 1050 957
f 957 1050 1051
f 957 1051 1052
f 957 1052 991
f 958 972 1053
f 958 1053 1054
f 958 1054 1055
f 958 1055 959
f 959 1055 960
f 960 1055 1056
f 960 1056 1057
f 960 1057 961
f 961 1057 962
f 962 1057 1058
f 962 1058 963
f 963 1058 1059
f 963 1059 1060
f 963 1060 973
f 964 1061 1062
f 964 1062 1063
f 964 1063 1064
f 964 1064 1065
f 964 1065 1066
f 964 1066 1067
f 964 1067 1068
f 964 1068 1069
f 964 1069 965
f 965 1069 1068
f 965 1068 966
f 966 1068 967
f 967 1070 1071
f 967 1071 968
f 967 1068 1072
f 967 1072 1070
f 968 970 969
f 968 1071 1073
f 968 1073 1074
f 968 1074 970
f 970 1074 971
f 971 1074 1075
f 971 1075 972
f 972 1075 1053
f 973 1060 985
f 973 985 984
f 974 1039 975
f 977 1077 1188
f 977 1188 1076
f 979 985 1078
f 979 1078 1079
f 979 1079 1080
f 979 1080 980
f 980 1080 1081
f 980 1081 1082
f 980 1082 1083
f 980 1083 986
f 980 986 981
f 981 986 982
f 985 1060 1078
f 986 1083 1084
f 986 1084 987
f 987 1084 1085
f 987 1085 1086
f 987 1086 988
f 988 1086 989
f 989 1086 1087
f 989 1087 990
f 990 1087 1088
f 990 1088 1089
f 990 1089 1090
f 990 1090 1040
f 991 1091 992
f 991 1052 1091
f 992 1092 993
f 992 1091 1092
f 993 1093 1094
f 993 1094 994
f 993 1092 1093
f 994 1094 995
f 995 1094 1095
f 995 1095 996
f 996 1095 1096
f 996 1096 1097
f 996 1097 997
f 997 1097 998
f 998 1097 1000
f 999 1098 1002
f 999 1000 1099
f 999 1099 1098
f 1000 1097 1100
f 1000 1100 1099
f 1001 1002 1098
f 1001 1098 1102
f 1001 1102 1103
f 1001 1103 1101
f 1003 1004 1104
f 1003 1104 1008
f 1004 1101 1103
f 1004 1103 1105
f 1004 1105 1106
f 1004 1106 1104
f 1005 1006 1011
f 1005 1011 1107
f 1005 1107 1007
f 1007 1107 1014
f 1008 1104 1108
f 1008 1108 1009
f 1009 1108 1110
f 1009 1110 1109
f 1010 1111 1107
f 1010 1107 1011
f 1010 1109 1111
f 1012 1015 1013
f 1013 1015 1112
f 1013 1112 1113
f 1013 1113 1114
f 1013 1114 1021
f 1014 1115 1116
f 1014 1116 1015
f 1014 1107 1117
f 1014 1117 1118
f 1014 1118 1115
f 1015 1116 1119
f 1015 1119 1112
f 1016 1024 1018
f 1017 1018 1019
f 1018 1024 1120
f 1018 1120 1020
f 1020 1120 1121
f 1020 1121 1025
f 1021 1023 1022
f 1021 1114 1122
f 1021 1122 1023
f 1023 1122 1024
f 1024 1122 1123
f 1024 1123 1120
f 1025 1121 1124
f 1025 1124 1125
f 1025 1125 1126
f 1025 1126 1127
f 1025 1127 1128
f 1025 1128 1129
f 1025 1129 1130
f 1025 1130 1026
f 1026 1130 1131
f 1026 1131 1132
f 1026 1132 1133
f 1026 1133 1134
f 1026 1134 1135
f 1026 1135 1027
f 1027 1135 1136
f 1027 1136 1029
f 1027 1029 1028
f 1031 1136 1137
f 1031 1137 1138
f 1031 1138 1139
f 1031 1139 1035
f 1033 1038 1149
f 1033 1149 1140
f 1034 1036 1142
f 1034 1142 1236
f 1034 1236 1141
f 1035 1139 1036
f 1036 1143 1144
f 1036 1144 1145
f 1036 1145 1146
f 1036 1146 1147
f 1036 1147 1142
f 1036 1139 1148
f 1036 1148 1143
f 1037 1141 1149
f 1037 1149 1038
f 1040 1090 1150
f 1040 1150 1041
f 1041 1150 1151
f 1041 1151 1042
f 1042 1151 1043
f 1043 1151 1044
f 1044 1151 1152
f 1044 1152 1045
f 1045 1152 1153
f 1045 1153 1046
f 1046 1153 1047
f 1047 1153 1154
f 1047 1154 1155
f 1047 1155 1156
f 1047 1156 1048
f 1048 1156 1157
f 1048 1157 1049
f 1049 1157 1158
f 1049 1158 1050
f 1050 1158 1051
f 1051 1158 1159
f 1051 1159 1052
f 1052 1159 1160
f 1052 1160 1161
f 1052 1161 1091
f 1053 1075 1073
f 1053 1073 1162
f 1053 1162 1054
f 1054 1162 1163
f 1054 1163 1055
f 1055 1163 1056
f 1056 1164 1165
f 1056 1165 1057
f 1056 1163 1164
f 1057 1165 1166
f 1057 1166 1167
f 1057 1167 1168
f 1057 1168 1169
f 1057 1169 1058
f 1058 1169 1059
f 1059 1169 1170
f 1059 1170 1060
f 1060 1170 1078
f 1061 1171 1172
f 1061 1172 1173
f 1061 1173 1062
f 1062 1173 1174
f 1062 1174 1175
f 1062 1175 1176
f 1062 1176 1063
f 1063 1176 1177
f 1063 1177 1178
f 1063 1178 1179
f 1063 1179 1064
f 1064 1179 1180
f 1064 1180 1181
f 1064 1181 1065
f 1065 1181 1067
f 1065 1067 1066
f 1067 1181 1182
f 1067 1182 1072
f 1067 1072 1068
f 1070 1183 1184
f 1070 1184 1071
f 1070 1072 1182
f 1070 1182 1183
f 1071 1184 1185
f 1071 1185 1073
f 1073 1185 1186
f 1073 1186 1162
f 1073 1075 1074
f 1076 1188 1187
f 1077 1189 1188
f 1078 1170 1190
f 1078 1190 1079
f 1079 1190 1191
f 1079 1191 1192
f 1079 1192 1080
f 1080 1192 1193
f 1080 1193 1081
f 1081 1193 1194
f 1081 1194 1195
f 1081 1195 1082
f 1082 1195 1196
f 1082 1196 1083
f 1083 1196 1084
f 1084 1196 1197
f 1084 1197 1085
f 1085 1197 1300
f 1085 1300 1198
f 1085 1198 1086
f 1086 1198 1199
f 1086 1199 1087
f 1087 1199 1200
f 1087 1200 1201
f 1087 1201 1088
f 1088 1201 1089
f 1089 1201 1090
f 1090 1201 1150
f 1091 1161 1092
f 1092 1161 1202
f 1092 1202 1203
f 1092 1203 1093
f 1093 1203 1204
f 1093 1204 1094
f 1094 1204 1095
f 1095 1204 1096
f 1096 1204 1205
f 1096 1205 1097
f 1097 1205 1100
f 1098 1206 1102
f 1098 1099 1208
f 1098 1208 1206
f 1099 1207 1208
f 1099 1100 1207
f 1100 1205 1308
f 1100 1308 1209
f 1100 1209 1210
f 1100 1210 1207
f 1102 1206 1103
f 1103 1206 1212
f 1103 1212 1105
f 1104 1106 1108
f 1105 1211 1106
f 1105 1212 1213
f 1105 1213 1211
f 1106 1211 1108
f 1107 1111 1214
f 1107 1214 1117
f 1108 1211 1215
f 1108 1215 1216
f 1108 1216 1110
f 1109 1217 1111
f 1109 1110 1218
f 1109 1218 1217
f 1110 1219 1218
f 1110 1216 1219
f 1111 1217 1214
f 1112 1119 1220
f 1112 1220 1113
f 1113 1220 1114
f 1114 1220 1122
f 1115 1118 1116
f 1116 1118 1221
f 1116 1221 1222
f 1116 1222 1119
f 1117 1214 1223
f 1117 1223 1118
f 1118 1223 1224
f 1118 1224 1221
f 1119 1222 1220
f 1120 1225 1121
f 1120 1123 1228
f 1120 1228 1225
f 1121 1225 1226
f 1121 1226 1124
f 1122 1220 1227
f 1122 1227 1123
f 1123 1227 1327
f 1123 1327 1228
f 1124 1229 1230
f 1124 1230 1231
f 1124 1231 1125
f 1124 1226 1229
f 1125 1231 1232
f 1125 1232 1126
f 1126 1232 1127
f 1127 1232 1233
f 1127 1233 1128
f 1128 1233 1129
f 1129 1233 1130
f 1130 1233 1131
f 1131 1233 1148
f 1131 1148 1132
f 1132 1148 1133
f 1133 1148 1234
f 1133 1234 1134
f 1134 1234 1139
f 1134 1139 1135
f 1135 1139 1138
f 1135 1138 1137
f 1135 1137 1136
f 1139 1234 1148
f 1140 1149 1247
f 1140 1247 1235
f 1141 1236 1149
f 1142 1147 1146
f 1142 1146 1236
f 1143 1237 1242
f 1143 1242 1144
f 1143 1148 1238
f 1143 1238 1239
f 1143 1239 1240
f 1143 1240 1241
f 1143 1241 1237
f 1144 1242 1243
f 1144 1243 1244
f 1144 1244 1245
f 1144 1245 1145
f 1145 1245 1246
f 1145 1246 1146
f 1146 1246 1149
f 1146 1149 1236
f 1148 1233 1238
f 1149 1246 1247
f 1150 1248 1249
f 1150 1249 1250
f 1150 1250 1251
f 1150 1251 1151
f 1150 1201 1248
f 1151 1251 1252
f 1151 1252 1152
f 1152 1252 1253
f 1152 1253 1153
f 1153 1253 1254
f 1153 1254 1154
f 1154 1254 1155
f 1155 1254 1255
f 1155 1255 1156
f 1156 1256 1157
f 1156 1255 1256
f 1157 1256 1158
f 1158 1257 1258
f 1158 1258 1159
f 1158 1256 1257
f 1159 1258 1160
f 1160 1258 1161
f 1161 1259 1202
f 1161 1258 1259
f 1162 1186 1163
f 1163 1186 1164
f 1164 1186 1260
f 1164 1260 1166
f 1164 1166 1165
f 1166 1260 1261
f 1166 1261 1167
f 1167 1261 1262
f 1167 1262 1168
f 1168 1262 1263
f 1168 1263 1169
f 1169 1263 1264
f 1169 1264 1170
f 1170 1264 1265
f 1170 1265 1190
f 1171 1187 1266
f 1171 1266 1172
f 1172 1266 1267
f 1172 1267 1268
f 1172 1268 1173
f 1173 1269 1270
f 1173 1270 1174
f 1173 1268 1267
f 1173 1267 1271
f 1173 1271 1269
f 1174 1270 1272
f 1174 1272 1273
f 1174 1273 1175
f 1175 1273 1274
f 1175 1274 1275
f 1175 1275 1276
f 1175 1276 1176
f 1176 1276 1277
f 1176 1277 1177
f 1177 1277 1278
f 1177 1278 1279
f 1177 1279 1280
f 1177 1280 1178
f 1178 1280 1179
f 1179 1280 1281
f 1179 1281 1282
f 1179 1282 1180
f 1180 1282 1182
f 1180 1182 1181
f 1182 1282 1283
f 1182 1283 1281
f 1182 1281 1183
f 1183 1281 1280
f 1183 1280 1284
f 1183 1284 1285
f 1183 1285 1184
f 1184 1285 1286
f 1184 1286 1287
f 1184 1287 1185
f 1185 1287 1186
f 1186 1287 1260
f 1187 1188 1266
f 1188 1288 1289
f 1188 1289 1266
f 1188 1189 1288
f 1189 1290 1291
f 1189 1291 1288
f 1190 1265 1292
f 1190 1292 1191
f 1191 1292 1192
f 1192 1293 1294
f 1192 1294 1193
f 1192 1292 1293
f 1193 1294 1194
f 1194 1295 1296
f 1194 1296 1195
f 1194 1294 1295
f 1195 1296 1297
f 1195 1297 1196
f 1196 1297 1197
f 1197 1297 1298
f 1197 1298 1299
f 1197 1299 1300
f 1198 1300 1301
f 1198 1301 1199
f 1199 1302 1200
f 1199 1301 1302
f 1200 1302 1303
f 1200 1303 1304
f 1200 1304 1201
f 1201 1304 1248
f 1202 1305 1203
f 1202 1259 1305
f 1203 1305 1204
f 1204 1306 1205
f 1204 1305 1306
f 1205 1306 1307
f 1205 1307 1308
f 1206 1208 1309
f 1206 1309 1212
f 1207 1210 1208
f 1208 1210 1309
f 1209 1310 1210
f 1209 1308 1311
f 1209 1311 1310
f 1210 1310 1309
f 1211 1216 1215
f 1211 1213 1312
f 1211 1312 1216
f 1212 1309 1313
f 1212 1313 1213
f 1213 1313 1417
f 1213 1417 1312
f 1214 1217 1314
f 1214 1314 1223
f 1216 1315 1316
f 1216 1316 1219
f 1216 1312 1315
f 1217 1218 1317
f 1217 1317 1314
f 1218 1219 1318
f 1218 1318 1317
f 1219 1316 1319
f 1219 1319 1318
f 1220 1222 1320
f 1220 1320 1227
f 1221 1224 1222
f 1222 1224 1321
f 1222 1321 1320
f 1223 1314 1322
f 1223 1322 1224
f 1224 1322 1323
f 1224 1323 1324
f 1224 1324 1321
f 1225 1325 1326
f 1225 1326 1226
f 1225 1228 1325
f 1226 1326 1230
f 1226 1230 1229
f 1227 1320 1428
f 1227 1428 1327
f 1228 1328 1325
f 1228 1327 1328
f 1230 1329 1231
f 1230 1326 1329
f 1231 1330 1331
f 1231 1331 1232
f 1231 1329 1332
f 1231 1332 1333
f 1231 1333 1334
f 1231 1334 1330
f 1232 1238 1233
f 1232 1331 1238
f 1235 1247 1245
f 1235 1245 1335
f 1238 1331 1336
f 1238 1336 1239
f 1239 1336 1337
f 1239 1337 1338
f 1239 1338 1339
f 1239 1339 1240
f 1240 1339 1340
f 1240 1340 1341
f 1240 1341 1342
f 1240 1342 1343
f 1240 1343 1344
f 1240 1344 1345
f 1240 1345 1241
f 1241 1345 1344
f 1243 1335 1245
f 1243 1245 1244
f 1245 1247 1246
f 1248 1304 1346
f 1248 1346 1249
f 1249 1346 1347
f 1249 1347 1250
f 1250 1347 1251
f 1251 1347 1252
f 1252 1347 1348
f 1252 1348 1349
f 1252 1349 1253
f 1253 1349 1350
f 1253 1350 1351
f 1253 1351 1254
f 1254 1351 1352
f 1254 1352 1353
f 1254 1353 1354
f 1254 1354 1255
f 1255 1354 1355
f 1255 1355 1256
f 1256 1355 1356
f 1256 1356 1357
f 1256 1357 1257
f 1257 1357 1358
f 1257 1358 1258
f 1258 1358 1359
f 1258 1359 1360
f 1258 1360 1259
f 1259 1360 1361
f 1259 1361 1362
f 1259 1362 1305
f 1260 1287 1363
f 1260 1363 1261
f 1261 1363 1364
f 1261 1364 1365
f 1261 1365 1262
f 1262 1365 1263
f 1263 1365 1366
f 1263 1366 1265
f 1263 1265 1264
f 1265 1366 1292
f 1266 1289 1271
f 1266 1271 1267
f 1269 1367 1368
f 1269 1368 1369
f 1269 1369 1370
f 1269 1370 1270
f 1269 1271 1367
f 1270 1370 1272
f 1271 1289 1371
f 1271 1371 1372
f 1271 1372 1367
f 1272 1370 1373
f 1272 1373 1374
f 1272 1374 1273
f 1273 1374 1274
f 1274 1374 1375
f 1274 1375 1376
f 1274 1376 1275
f 1275 1376 1377
f 1275 1377 1378
f 1275 1378 1276
f 1276 1378 1379
f 1276 1379 1278
f 1276 1278 1277
f 1278 1380 1381
f 1278 1381 1279
f 1278 1379 1380
f 1279 1382 1280
f 1279 1381 1382
f 1280 1382 1284
f 1281 1283 1282
f 1284 1382 1285
f 1285 1383 1384
f 1285 1384 1286
f 1285 1382 1381
f 1285 1381 1383
f 1286 1384 1385
f 1286 1385 1363
f 1286 1363 1287
f 1288 1386 1372
f 1288 1372 1371
f 1288 1371 1289
f 1288 1291 1387
f 1288 1387 1388
f 1288 1388 1386
f 1290 1389 1291
f 1291 1389 1387
f 1292 1366 1293
f 1293 1390 1391
f 1293 1391 1294
f 1293 1366 1365
f 1293 1365 1390
f 1294 1391 1295
f 1295 1391 1392
f 1295 1392 1393
f 1295 1393 1296
f 1296 1393 1394
f 1296 1394 1395
f 1296 1395 1396
f 1296 1396 1397
f 1296 1397 1297
f 1297 1397 1398
f 1297 1398 1298
f 1298 1398 1299
f 1299 1398 1399
f 1299 1399 1400
f 1299 1400 1401
f 1299 1401 1402
f 1299 1402 1302
f 1299 1302 1301
f 1299 1301 1300
f 1302 1402 1303
f 1303 1402 1403
f 1303 1403 1404
f 1303 1404 1405
f 1303 1405 1304
f 1304 1405 1346
f 1305 1406 1407
f 1305 1407 1408
f 1305 1408 1306
f 1305 1362 1406
f 1306 1409 1307
f 1306 1408 1409
f 1307 1409 1410
f 1307 1410 1411
f 1307 1411 1308
f 1308 1411 1410
f 1308 1410 1412
f 1308 1412 1311
f 1309 1310 1413
f 1309 1413 1313
f 1310 1311 1414
f 1310 1414 1415
f 1310 1415 1416
f 1310 1416 1413
f 1311 1412 1414
f 1312 1417 1418
f 1312 1418 1315
f 1313 1419 1417
f 1313 1413 1420
f 1313 1420 1419
f 1314 1323 1322
f 1314 1317 1421
f 1314 1421 1323
f 1315 1422 1425
f 1315 1425 1316
f 1315 1418 1423
f 1315 1423 1424
f 1315 1424 1422
f 1316 1425 1319
f 1317 1318 1426
f 1317 1426 1421
f 1318 1319 1425
f 1318 1425 1427
f 1318 1427 1426
f 1320 1321 1429
f 1320 1429 1428
f 1321 1324 1429
f 1323 1430 1429
f 1323 1429 1324
f 1323 1421 1526
f 1323 1526 1430
f 1325 1431 1432
f 1325 1432 1326
f 1325 1328 1431
f 1326 1432 1332
f 1326 1332 1329
f 1327 1433 1328
f 1327 1428 1433
f 1328 1433 1434
f 1328 1434 1435
f 1328 1435 1436
f 1328 1436 1431
f 1330 1334 1437
f 1330 1437 1438
f 1330 1438 1439
f 1330 1439 1336
f 1330 1336 1331
f 1332 1432 1333
f 1333 1432 1440
f 1333 1440 1334
f 1334 1440 1441
f 1334 1441 1442
f 1334 1442 1443
f 1334 1443 1437
f 1336 1439 1444
f 1336 1444 1337
f 1337 1444 1445
f 1337 1445 1338
f 1338 1446 1339
f 1338 1445 1447
f 1338 1447 1448
f 1338 1448 1449
f 1338 1449 1450
f 1338 1450 1446
f 1339 1446 1451
f 1339 1451 1340
f 1340 1451 1452
f 1340 1452 1453
f 1340 1453 1454
f 1340 1454 1455
f 1340 1455 1341
f 1341 1455 1456
f 1341 1456 1457
f 1341 1457 1342
f 1342 1457 1343
f 1343 1457 1344
f 1346 1405 1458
f 1346 1458 1347
f 1347 1458 1459
f 1347 1459 1460
f 1347 1460 1348
f 1348 1460 1350
f 1348 1350 1349
f 1350 1460 1461
f 1350 1461 1462
f 1350 1462 1351
f 1351 1462 1352
f 1352 1462 1463
f 1352 1463 1353
f 1353 1463 1355
f 1353 1355 1354
f 1355 1464 1356
f 1355 1463 1464
f 1356 1465 1466
f 1356 1466 1357
f 1356 1464 1465
f 1357 1466 1467
f 1357 1467 1359
f 1357 1359 1358
f 1359 1467 1468
f 1359 1468 1469
f 1359 1469 1360
f 1360 1469 1361
f 1361 1470 1471
f 1361 1471 1362
f 1361 1469 1470
f 1362 1471 1406
f 1363 1385 1472
f 1363 1472 1364
f 1364 1472 1473
f 1364 1473 1365
f 1365 1473 1390
f 1367 1372 1474
f 1367 1474 1475
f 1367 1475 1476
f 1367 1476 1477
f 1367 1477 1368
f 1368 1478 1369
f 1368 1477 1479
f 1368 1479 1480
f 1368 1480 1481
f 1368 1481 1478
f 1369 1478 1370
f 1370 1478 1482
f 1370 1482 1483
f 1370 1483 1373
f 1372 1484 1474
f 1372 1386 1484
f 1373 1483 1485
f 1373 1485 1374
f 1374 1485 1375
f 1375 1485 1486
f 1375 1486 1487
f 1375 1487 1376
f 1376 1487 1488
f 1376 1488 1377
f 1377 1488 1489
f 1377 1489 1378
f 1378 1489 1490
f 1378 1490 1491
f 1378 1491 1379
f 1379 1491 1380
f 1380 1491 1492
f 1380 1492 1493
f 1380 1493 1383
f 1380 1383 1381
f 1383 1493 1384
f 1384 1494 1495
f 1384 1495 1385
f 1384 1493 1494
f 1385 1495 1472
f 1386 1388 1389
f 1386 1389 1496
f 1386 1496 1484
f 1387 1389 1388
f 1389 1497 1498
f 1389 1498 1499
f 1389 1499 1500
f 1389 1500 1496
f 1390 1501 1391
f 1390 1473 1501
f 1391 1501 1502
f 1391 1502 1503
f 1391 1503 1392
f 1392 1503 1504
f 1392 1504 1505
f 1392 1505 1506
f 1392 1506 1393
f 1393 1506 1394
f 1394 1506 1507
f 1394 1507 1395
f 1395 1507 1508
f 1395 1508 1396
f 1396 1508 1505
f 1396 1505 1509
f 1396 1509 1397
f 1397 1509 1398
f 1398 1509 1399
f 1399 1509 1504
f 1399 1504 1400
f 1400 1504 1401
f 1401 1504 1510
f 1401 1510 1511
f 1401 1511 1512
f 1401 1512 1402
f 1402 1512 1403
f 1403 1512 1511
f 1403 1511 1404
f 1404 1511 1405
f 1405 1511 1513
f 1405 1513 1458
f 1406 1471 1407
f 1407 1471 1514
f 1407 1514 1408
f 1408 1515 1410
f 1408 1410 1409
f 1408 1514 1515
f 1410 1516 1412
f 1410 1515 1516
f 1412 1516 1517
f 1412 1517 1414
f 1413 1416 1420
f 1414 1517 1518
f 1414 1518 1415
f 1415 1518 1519
f 1415 1519 1520
f 1415 1520 1521
f 1415 1521 1522
f 1415 1522 1420
f 1415 1420 1416
f 1417 1419 1420
f 1417 1420 1523
f 1417 1523 1524
f 1417 1524 1525
f 1417 1525 1418
f 1418 1525 1524
f 1418 1524 1423
f 1420 1522 1523
f 1421 1426 1532
f 1421 1532 1526
f 1422 1424 1527
f 1422 1527 1528
f 1422 1528 1425
f 1423 1524 1529
f 1423 1529 1424
f 1424 1529 1530
f 1424 1530 1528
f 1424 1528 1527
f 1425 1528 1531
f 1425 1531 1427
f 1426 1427 1531
f 1426 1531 1532
f 1428 1533 1433
f 1428 1429 1533
f 1429 1534 1533
f 1429 1430 1534
f 1430 1535 1536
f 1430 1536 1534
f 1430 1526 1535
f 1431 1436 1440
f 1431 1440 1432
f 1433 1537 1538
f 1433 1538 1434
f 1433 1533 1537
f 1434 1538 1435
f 1435 1539 1442
f 1435 1442 1441
f 1435 1441 1540
f 1435 1540 1436
f 1435 1538 1539
f 1436 1540 1440
f 1437 1443 1541
f 1437 1541 1438
f 1438 1542 1439
f 1438 1541 1543
f 1438 1543 1544
f 1438 1544 1542
f 1439 1542 1545
f 1439 1545 1444
f 1440 1540 1441
f 1442 1539 1443
f 1443 1539 1546
f 1443 1546 1547
f 1443 1547 1548
f 1443 1548 1549
f 1443 1549 1541
f 1444 1545 1550
f 1444 1550 1445
f 1445 1550 1551
f 1445 1551 1447
f 1446 1450 1552
f 1446 1552 1553
f 1446 1553 1451
f 1447 1551 1554
f 1447 1554 1555
f 1447 1555 1448
f 1448 1555 1556
f 1448 1556 1557
f 1448 1557 1449
f 1449 1557 1558
f 1449 1558 1559
f 1449 1559 1450
f 1450 1559 1657
f 1450 1657 1552
f 1451 1553 1560
f 1451 1560 1561
f 1451 1561 1452
f 1452 1561 1562
f 1452 1562 1453
f 1453 1562 1454
f 1454 1562 1455
f 1455 1562 1456
f 1456 1562 1457
f 1458 1563 1459
f 1458 1513 1564
f 1458 1564 1563
f 1459 1563 1460
f 1460 1563 1461
f 1461 1563 1564
f 1461 1564 1565
f 1461 1565 1566
f 1461 1566 1462
f 1462 1566 1567
f 1462 1567 1463
f 1463 1567 1464
f 1464 1568 1569
f 1464 1569 1465
f 1464 1567 1568
f 1465 1569 1570
f 1465 1570 1466
f 1466 1570 1571
f 1466 1571 1468
f 1466 1468 1467
f 1468 1571 1469
f 1469 1572 1470
f 1469 1571 1572
f 1470 1572 1573
f 1470 1573 1574
f 1470 1574 1575
f 1470 1575 1471
f 1471 1575 1514
f 1472 1495 1576
f 1472 1576 1501
f 1472 1501 1473
f 1474 1484 1577
f 1474 1577 1578
f 1474 1578 1475
f 1475 1578 1579
f 1475 1579 1580
f 1475 1580 1476
f 1476 1580 1581
f 1476 1581 1582
f 1476 1582 1477
f 1477 1582 1583
f 1477 1583 1479
f 1478 1481 1584
f 1478 1584 1482
f 1479 1583 1585
f 1479 1585 1586
f 1479 1586 1480
f 1480 1587 1481
f 1480 1586 1588
f 1480 1588 1706
f 1480 1706 1589
f 1480 1589 1587
f 1481 1587 1584
f 1482 1584 1590
f 1482 1590 1591
f 1482 1591 1592
f 1482 1592 1483
f 1483 1592 1711
f 1483 1711 1593
f 1483 1593 1594
f 1483 1594 1485
f 1484 1496 1500
f 1484 1500 1595
f 1484 1595 1577
f 1485 1594 1486
f 1486 1594 1596
f 1486 1596 1597
f 1486 1597 1598
f 1486 1598 1487
f 1487 1598 1599
f 1487 1599 1488
f 1488 1599 1600
f 1488 1600 1601
f 1488 1601 1489
f 1489 1602 1490
f 1489 1601 1602
f 1490 1602 1491
f 1491 1602 1603
f 1491 1603 1604
f 1491 1604 1492
f 1492 1604 1494
f 1492 1494 1493
f 1494 1604 1495
f 1495 1605 1576
f 1495 1604 1605
f 1497 1606 1498
f 1498 1606 1607
f 1498 1607 1608
f 1498 1608 1577
f 1498 1577 1595
f 1498 1595 1500
f 1498 1500 1499
f 1501 1609 1611
f 1501 1611 1502
f 1501 1576 1610
f 1501 1610 1609
f 1502 1611 1612
f 1502 1612 1503
f 1503 1613 1614
f 1503 1614 1615
f 1503 1615 1504
f 1503 1612 1616
f 1503 1616 1613
f 1504 1617 1618
f 1504 1618 1510
f 1504 1509 1505
f 1504 1615 1617
f 1505 1508 1506
f 1506 1508 1507
f 1510 1618 1619
f 1510 1619 1738
f 1510 1738 1620
f 1510 1620 1513
f 1510 1513 1511
f 1513 1620 1621
f 1513 1621 1622
f 1513 1622 1564
f 1514 1575 1623
f 1514 1623 1515
f 1515 1624 1519
f 1515 1519 1516
f 1515 1623 1625
f 1515 1625 1624
f 1516 1519 1517
f 1517 1519 1518
f 1519 1626 1521
f 1519 1521 1520
f 1519 1624 1627
f 1519 1627 1626
f 1521 1626 1628
f 1521 1628 1629
f 1521 1629 1630
f 1521 1630 1522
f 1522 1630 1529
f 1522 1529 1524
f 1522 1524 1523
f 1526 1631 1535
f 1526 1532 1631
f 1528 1530 1529
f 1528 1529 1531
f 1529 1630 1531
f 1531 1630 1632
f 1531 1632 1633
f 1531 1633 1634
f 1531 1634 1635
f 1531 1635 1636
f 1531 1636 1637
f 1531 1637 1638
f 1531 1638 1532
f 1532 1638 1639
f 1532 1639 1631
f 1533 1640 1641
f 1533 1641 1537
f 1533 1534 1640
f 1534 1642 1643
f 1534 1643 1640
f 1534 1536 1642
f 1535 1644 1756
f 1535 1756 1645
f 1535 1645 1642
f 1535 1642 1536
f 1535 1631 1644
f 1537 1641 1646
f 1537 1646 1548
f 1537 1548 1546
f 1537 1546 1538
f 1538 1546 1539
f 1541 1549 1647
f 1541 1647 1543
f 1542 1544 1648
f 1542 1648 1545
f 1543 1647 1649
f 1543 1649 1650
f 1543 1650 1544
f 1544 1650 1651
f 1544 1651 1648
f 1545 1648 1652
f 1545 1652 1550
f 1546 1548 1547
f 1548 1646 1549
f 1549 1646 1647
f 1550 1652 1653
f 1550 1653 1654
f 1550 1654 1655
f 1550 1655 1656
f 1550 1656 1551
f 1551 1656 1554
f 1552 1657 1658
f 1552 1658 1659
f 1552 1659 1553
f 1553 1659 1660
f 1553 1660 1560
f 1554 1656 1661
f 1554 1661 1662
f 1554 1662 1663
f 1554 1663 1555
f 1555 1663 1664
f 1555 1664 1556
f 1556 1664 1665
f 1556 1665 1666
f 1556 1666 1557
f 1557 1666 1667
f 1557 1667 1558
f 1558 1667 1668
f 1558 1668 1669
f 1558 1669 1670
f 1558 1670 1671
f 1558 1671 1559
f 1559 1671 1672
f 1559 1672 1657
f 1560 1660 1673
f 1560 1673 1561
f 1561 1673 1660
f 1561 1660 1674
f 1561 1674 1675
f 1561 1675 1562
f 1564 1622 1676
f 1564 1676 1677
f 1564 1677 1565
f 1565 1677 1678
f 1565 1678 1679
f 1565 1679 1567
f 1565 1567 1566
f 1567 1679 1568
f 1568 1680 1569
f 1568 1679 1681
f 1568 1681 1680
f 1569 1680 1570
f 1570 1682 1683
f 1570 1683 1571
f 1570 1680 1682
f 1571 1573 1572
f 1571 1683 1573
f 1573 1684 1685
f 1573 1685 1686
f 1573 1686 1574
f 1573 1683 1684
f 1574 1686 1687
f 1574 1687 1575
f 1575 1687 1623
f 1576 1605 1688
f 1576 1688 1689
f 1576 1689 1610
f 1577 1608 1690
f 1577 1690 1691
f 1577 1691 1578
f 1578 1691 1579
f 1579 1691 1692
f 1579 1692 1693
f 1579 1693 1694
f 1579 1694 1580
f 1580 1694 1581
f 1581 1694 1695
f 1581 1695 1696
f 1581 1696 1697
f 1581 1697 1582
f 1582 1697 1583
f 1583 1697 1698
f 1583 1698 1699
f 1583 1699 1585
f 1584 1587 1700
f 1584 1700 1590
f 1585 1699 1701
f 1585 1701 1586
f 1586 1701 1702
f 1586 1702 1588
f 1587 1589 1703
f 1587 1703 1704
f 1587 1704 1705
f 1587 1705 1700
f 1588 1702 1706
f 1589 1706 1703
f 1590 1700 1707
f 1590 1707 1708
f 1590 1708 1709
f 1590 1709 1591
f 1591 1709 1710
f 1591 1710 1711
f 1591 1711 1592
f 1593 1711 1712
f 1593 1712 1594
f 1594 1712 1596
f 1596 1712 1597
f 1597 1713 1598
f 1597 1712 1714
f 1597 1714 1715
f 1597 1715 1716
f 1597 1716 1717
f 1597 1717 1713
f 1598 1713 1599
f 1599 1713 1718
f 1599 1718 1600
f 1600 1718 1719
f 1600 1719 1720
f 1600 1720 1721
f 1600 1721 1601
f 1601 1721 1722
f 1601 1722 1602
f 1602 1722 1603
f 1603 1722 1688
f 1603 1688 1604
f 1604 1688 1605
f 1606 1723 1607
f 1607 1690 1608
f 1607 1723 1724
f 1607 1724 1725
f 1607 1725 1690
f 1609 1726 1611
f 1609 1610 1689
f 1609 1689 1727
f 1609 1727 1726
f 1611 1728 1729
f 1611 1729 1616
f 1611 1616 1612
f 1611 1726 1728
f 1613 1730 1614
f 1613 1616 1731
f 1613 1731 1730
f 1614 1730 1732
f 1614 1732 1733
f 1614 1733 1615
f 1615 1733 1734
f 1615 1734 1735
f 1615 1735 1617
f 1616 1729 1731
f 1617 1736 1618
f 1617 1735 1736
f 1618 1736 1619
f 1619 1736 1737
f 1619 1737 1738
f 1620 1738 1739
f 1620 1739 1621
f 1621 1739 1740
f 1621 1740 1622
f 1622 1740 1790
f 1622 1790 1676
f 1623 1687 1625
f 1624 1625 1742
f 1624 1742 1627
f 1625 1741 1742
f 1625 1687 1686
f 1625 1686 1741
f 1626 1743 1628
f 1626 1627 1743
f 1627 1744 1743
f 1627 1742 1853
f 1627 1853 1744
f 1628 1743 1629
f 1629 1632 1630
f 1629 1743 1632
f 1631 1745 1644
f 1631 1639 1745
f 1632 1743 1746
f 1632 1746 1747
f 1632 1747 1633
f 1633 1747 1748
f 1633 1748 1749
f 1633 1749 1634
f 1634 1749 1635
f 1635 1750 1637
f 1635 1637 1636
f 1635 1749 1750
f 1637 1751 1752
f 1637 1752 1638
f 1637 1750 1751
f 1638 1752 1639
f 1639 1753 1745
f 1639 1752 1753
f 1640 1643 1646
f 1640 1646 1641
f 1642 1645 1643
f 1643 1754 1646
f 1643 1645 1754
f 1644 1755 1865
f 1644 1865 1756
f 1644 1745 1755
f 1645 1756 1757
f 1645 1757 1754
f 1646 1754 1758
f 1646 1758 1759
f 1646 1759 1647
f 1647 1759 1760
f 1647 1760 1649
f 1648 1651 1761
f 1648 1761 1652
f 1649 1760 1762
f 1649 1762 1650
f 1650 1762 1763
f 1650 1763 1651
f 1651 1763 1764
f 1651 1764 1761
f 1652 1761 1653
f 1653 1761 1765
f 1653 1765 1766
f 1653 1766 1654
f 1654 1766 1767
f 1654 1767 1768
f 1654 1768 1655
f 1655 1769 1656
f 1655 1768 1769
f 1656 1769 1770
f 1656 1770 1661
f 1657 1672 1771
f 1657 1771 1658
f 1658 1771 1659
f 1659 1771 1772
f 1659 1772 1660
f 1660 1772 1773
f 1660 1773 1774
f 1660 1774 1674
f 1661 1770 1775
f 1661 1775 1776
f 1661 1776 1662
f 1662 1776 1777
f 1662 1777 1778
f 1662 1778 1663
f 1663 1778 1779
f 1663 1779 1664
f 1664 1779 1780
f 1664 1780 1665
f 1665 1780 1781
f 1665 1781 1782
f 1665 1782 1666
f 1666 1668 1667
f 1666 1782 1783
f 1666 1783 1668
f 1668 1783 1784
f 1668 1784 1785
f 1668 1785 1786
f 1668 1786 1669
f 1669 1786 1670
f 1670 1786 1787
f 1670 1787 1788
f 1670 1788 1789
f 1670 1789 1672
f 1670 1672 1671
f 1672 1789 1771
f 1674 1774 1675
f 1676 1790 1791
f 1676 1791 1677
f 1677 1791 1678
f 1678 1792 1681
f 1678 1681 1679
f 1678 1791 1792
f 1680 1793 1794
f 1680 1794 1795
f 1680 1795 1796
f 1680 1796 1682
f 1680 1681 1793
f 1681 1792 1793
f 1682 1796 1797
f 1682 1797 1684
f 1682 1684 1683
f 1684 1798 1799
f 1684 1799 1685
f 1684 1797 1798
f 1685 1799 1800
f 1685 1800 1686
f 1686 1800 1801
f 1686 1801 1741
f 1688 1721 1727
f 1688 1727 1689
f 1688 1722 1721
f 1690 1725 1692
f 1690 1692 1691
f 1692 1725 1724
f 1692 1724 1802
f 1692 1802 1803
f 1692 1803 1693
f 1693 1803 1695
f 1693 1695 1694
f 1695 1803 1804
f 1695 1804 1805
f 1695 1805 1806
f 1695 1806 1696
f 1696 1807 1697
f 1696 1806 1808
f 1696 1808 1809
f 1696 1809 1807
f 1697 1807 1810
f 1697 1810 1698
f 1698 1810 1811
f 1698 1811 1699
f 1699 1811 1812
f 1699 1812 1701
f 1700 1705 1707
f 1701 1812 1813
f 1701 1813 1702
f 1702 1813 1814
f 1702 1814 1815
f 1702 1815 1706
f 1703 1706 1704
f 1704 1706 1816
f 1704 1816 1817
f 1704 1817 1705
f 1705 1817 1818
f 1705 1818 1707
f 1706 1815 1816
f 1707 1818 1819
f 1707 1819 1708
f 1708 1819 1820
f 1708 1820 1821
f 1708 1821 1822
f 1708 1822 1709
f 1709 1822 1823
f 1709 1823 1824
f 1709 1824 1710
f 1710 1824 1825
f 1710 1825 1826
f 1710 1826 1711
f 1711 1826 1827
f 1711 1827 1712
f 1712 1827 1828
f 1712 1828 1714
f 1713 1717 1718
f 1714 1828 1829
f 1714 1829 1715
f 1715 1829 1830
f 1715 1830 1716
f 1716 1830 1831
f 1716 1831 1717
f 1717 1831 1832
f 1717 1832 1833
f 1717 1833 1834
f 1717 1834 1718
f 1718 1834 1719
f 1719 1834 1835
f 1719 1835 1720
f 1720 1835 1721
f 1721 1835 1836
f 1721 1836 1727
f 1723 1837 1724
f 1724 1837 1838
f 1724 1838 1802
f 1726 1839 1728
f 1726 1727 1840
f 1726 1840 1839
f 1727 1836 1840
f 1728 1841 1729
f 1728 1839 1841
f 1729 1842 1731
f 1729 1841 1843
f 1729 1843 1842
f 1730 1731 1732
f 1731 1842 1844
f 1731 1844 1845
f 1731 1845 1734
f 1731 1734 1732
f 1732 1734 1733
f 1734 1846 1735
f 1734 1845 1844
f 1734 1844 1846
f 1735 1847 1736
f 1735 1846 1847
f 1736 1848 1737
f 1736 1847 1848
f 1737 1848 1849
f 1737 1849 1850
f 1737 1850 1851
f 1737 1851 1738
f 1738 1851 1739
f 1739 1851 1740
f 1740 1852 1790
f 1740 1851 1852
f 1741 1801 1853
f 1741 1853 1742
f 1743 1854 1746
f 1743 1744 1855
f 1743 1855 1854
f 1744 1853 1904
f 1744 1904 1855
f 1745 1856 1755
f 1745 1753 1856
f 1746 1854 1857
f 1746 1857 1858
f 1746 1858 1859
f 1746 1859 1747
f 1747 1859 1860
f 1747 1860 1748
f 1748 1860 1750
f 1748 1750 1749
f 1750 1860 1861
f 1750 1861 1862
f 1750 1862 1751
f 1751 1862 1752
f 1752 1862 1863
f 1752 1863 1856
f 1752 1856 1753
f 1754 1757 1759
f 1754 1759 1758
f 1755 1864 1865
f 1755 1856 1864
f 1756 1865 1757
f 1757 1865 1866
f 1757 1866 1759
f 1759 1866 1760
f 1760 1866 1867
f 1760 1867 1762
f 1761 1764 1868
f 1761 1868 1765
f 1762 1867 1869
f 1762 1869 1763
f 1763 1869 1870
f 1763 1870 1764
f 1764 1870 1868
f 1765 1868 1871
f 1765 1871 1766
f 1766 1871 1767
f 1767 1871 1872
f 1767 1872 1873
f 1767 1873 1874
f 1767 1874 1768
f 1768 1874 1875
f 1768 1875 1876
f 1768 1876 1769
f 1769 1876 1770
f 1770 1876 1877
f 1770 1877 1881
f 1770 1881 1775
f 1771 1789 1878
f 1771 1878 1879
f 1771 1879 1772
f 1772 1879 1773
f 1773 1879 1880
f 1773 1880 1774
f 1775 1881 1882
f 1775 1882 1776
f 1776 1882 1883
f 1776 1883 1884
f 1776 1884 1777
f 1777 1884 1885
f 1777 1885 1778
f 1778 1885 1779
f 1779 1885 1886
f 1779 1886 1780
f 1780 1886 1781
f 1781 1886 1887
f 1781 1887 1888
f 1781 1888 1889
f 1781 1889 1782
f 1782 1890 1783
f 1782 1889 1891
f 1782 1891 1890
f 1783 1890 1784
f 1784 1890 1892
f 1784 1892 1785
f 1785 1893 1787
f 1785 1787 1786
f 1785 1892 1894
f 1785 1894 1893
f 1787 1893 1788
f 1788 1893 1895
f 1788 1895 1896
f 1788 1896 1878
f 1788 1878 1789
f 1790 1852 1897
f 1790 1897 1791
f 1791 1897 1792
f 1792 1897 1898
f 1792 1898 1793
f 1793 1898 1794
f 1794 1898 1899
f 1794 1899 1795
f 1795 1899 1796
f 1796 1900 1797
f 1796 1899 1900
f 1797 1900 1901
f 1797 1901 1798
f 1798 1901 1799
f 1799 1901 1800
f 1800 1902 1903
f 1800 1903 1904
f 1800 1904 1801
f 1800 1901 1902
f 1801 1904 1853
f 1802 1838 1804
f 1802 1804 1803
f 1804 1838 1905
f 1804 1905 1906
f 1804 1906 1805
f 1805 1906 1806
f 1806 1906 1907
f 1806 1907 1808
f 1807 1809 1810
f 1808 1908 1809
f 1808 1907 1909
f 1808 1909 1910
f 1808 1910 1908
f 1809 1908 1810
f 1810 1908 1811
f 1811 1908 1911
f 1811 1911 1912
f 1811 1912 1812
f 1812 1912 1813
f 1813 1912 1913
f 1813 1913 1814
f 1814 1913 1914
f 1814 1914 1915
f 1814 1915 1916
f 1814 1916 1917
f 1814 1917 1815
f 1815 1917 1918
f 1815 1918 1816
f 1816 1918 1919
f 1816 1919 1920
f 1816 1920 1921
f 1816 1921 1817
f 1817 1921 1922
f 1817 1922 1923
f 1817 1923 1924
f 1817 1924 1818
f 1818 1924 1819
f 1819 1925 1820
f 1819 1924 2043
f 1819 2043 1926
f 1819 1926 1925
f 1820 1925 1927
f 1820 1927 1821
f 1821 1927 2048
f 1821 2048 1928
f 1821 1928 1822
f 1822 1928 1823
f 1823 1928 1929
f 1823 1929 1930
f 1823 1930 1824
f 1824 1930 1825
f 1825 1931 1826
f 1825 1930 1932
f 1825 1932 1931
f 1826 1931 1827
f 1827 1931 1828
f 1828 1931 1829
f 1829 1931 1933
f 1829 1933 1830
f 1830 1933 1934
f 1830 1934 1935
f 1830 1935 1831
f 1831 1935 1936
f 1831 1936 1832
f 1832 1936 1937
f 1832 1937 1833
f 1833 1937 1938
f 1833 1938 1841
f 1833 1841 1939
f 1833 1939 1940
f 1833 1940 1834
f 1834 1940 1835
f 1835 1940 1939
f 1835 1939 1839
f 1835 1839 1840
f 1835 1840 1836
f 1837 1941 1838
f 1838 1941 1905
f 1839 1939 1841
f 1841 1938 1942
f 1841 1942 1842
f 1841 1842 1843
f 1842 1943 1844
f 1842 1942 1943
f 1844 1944 2063
f 1844 2063 1945
f 1844 1945 1846
f 1844 1943 1944
f 1846 1945 1946
f 1846 1946 1847
f 1847 1947 1948
f 1847 1948 1848
f 1847 1946 1949
f 1847 1949 1947
f 1848 1948 1849
f 1849 1948 1950
f 1849 1950 1951
f 1849 1951 1850
f 1850 1951 1952
f 1850 1952 1953
f 1850 1953 1954
f 1850 1954 1851
f 1851 1954 1955
f 1851 1955 1852
f 1852 1955 1956
f 1852 1956 1957
f 1852 1957 1958
f 1852 1958 1959
f 1852 1959 1960
f 1852 1960 1897
f 1854 1961 1962
f 1854 1962 1963
f 1854 1963 1858
f 1854 1858 1857
f 1854 1855 1961
f 1855 1964 1961
f 1855 1904 1964
f 1856 1965 1864
f 1856 1863 1965
f 1858 1963 1966
f 1858 1966 1859
f 1859 1966 1967
f 1859 1967 1968
f 1859 1968 1860
f 1860 1968 1861
f 1861 1968 1969
f 1861 1969 1862
f 1862 1969 1970
f 1862 1970 1863
f 1863 1970 1965
f 1864 1971 1972
f 1864 1972 1865
f 1864 1965 1971
f 1865 1972 1867
f 1865 1867 1866
f 1867 1972 1973
f 1867 1973 1974
f 1867 1974 1869
f 1868 1870 1975
f 1868 1975 1871
f 1869 1974 1976
f 1869 1976 1870
f 1870 1976 1975
f 1871 1975 1977
f 1871 1977 1978
f 1871 1978 1872
f 1872 1978 1873
f 1873 1979 1874
f 1873 1978 1980
f 1873 1980 1981
f 1873 1981 1982
f 1873 1982 1979
f 1874 1979 1875
f 1875 1979 1983
f 1875 1983 1876
f 1876 1983 1984
f 1876 1984 1985
f 1876 1985 1986
f 1876 1986 1877
f 1877 1986 1881
f 1878 1896 1879
f 1879 1896 1987
f 1879 1987 1880
f 1881 1986 1988
f 1881 1988 1989
f 1881 1989 1990
f 1881 1990 1991
f 1881 1991 1882
f 1882 1991 1992
f 1882 1992 1993
f 1882 1993 1883
f 1883 1993 1994
f 1883 1994 1995
f 1883 1995 1884
f 1884 1995 1996
f 1884 1996 1997
f 1884 1997 1885
f 1885 1997 1998
f 1885 1998 1999
f 1885 1999 2000
f 1885 2000 1887
f 1885 1887 1886
f 1887 2000 2001
f 1887 2001 2002
f 1887 2002 1888
f 1888 2002 2003
f 1888 2003 2004
f 1888 2004 2005
f 1888 2005 1889
f 1889 2005 2006
f 1889 2006 1891
f 1890 1891 2006
f 1890 2006 2007
f 1890 2007 1892
f 1892 2007 2008
f 1892 2008 1894
f 1893 1894 2009
f 1893 2009 1895
f 1894 2008 2120
f 1894 2120 2009
f 1895 2009 2010
f 1895 2010 2011
f 1895 2011 1896
f 1896 2011 1987
f 1897 1960 2012
f 1897 2012 1898
f 1898 2013 2014
f 1898 2014 1899
f 1898 2012 2015
f 1898 2015 2013
f 1899 2014 2016
f 1899 2016 1900
f 1900 2016 2017
f 1900 2017 2018
f 1900 2018 1901
f 1901 2018 1902
f 1902 2019 2020
f 1902 2020 1903
f 1902 2018 2019
f 1903 2020 2021
f 1903 2021 1904
f 1904 2021 1964
f 1905 1941 2022
f 1905 2022 2023
f 1905 2023 1906
f 1906 2023 1907
f 1907 2023 2024
f 1907 2024 1909
f 1908 1910 1911
f 1909 2024 2025
f 1909 2025 2026
f 1909 2026 1910
f 1910 2026 2027
f 1910 2027 1911
f 1911 2027 1912
f 1912 2027 2028
f 1912 2028 1913
f 1913 2028 2029
f 1913 2029 2030
f 1913 2030 1914
f 1914 2030 2031
f 1914 2031 1915
f 1915 2031 1916
f 1916 2032 1917
f 1916 2031 2033
f 1916 2033 2034
f 1916 2034 2035
f 1916 2035 2036
f 1916 2036 2032
f 1917 1920 1919
f 1917 1919 1918
f 1917 2032 1920
f 1920 2032 2037
f 1920 2037 2038
f 1920 2038 1922
f 1920 1922 1921
f 1922 2038 2039
f 1922 2039 2040
f 1922 2040 2041
f 1922 2041 1923
f 1923 2042 1924
f 1923 2041 2042
f 1924 2042 2043
f 1925 1926 2044
f 1925 2044 2045
f 1925 2045 2046
f 1925 2046 1927
f 1926 2043 2047
f 1926 2047 2044
f 1927 2046 2163
f 1927 2163 2048
f 1928 2048 2049
f 1928 2049 2050
f 1928 2050 1929
f 1929 2051 1930
f 1929 2050 2052
f 1929 2052 2053
f 1929 2053 2051
f 1930 2051 1932
f 1931 1932 1933
f 1932 2051 2054
f 1932 2054 1933
f 1933 2054 2055
f 1933 2055 1934
f 1934 2055 1935
f 1935 2055 2056
f 1935 2056 2057
f 1935 2057 2058
f 1935 2058 1936
f 1936 2058 2059
f 1936 2059 1937
f 1937 2059 2060
f 1937 2060 1942
f 1937 1942 1938
f 1942 2060 2061
f 1942 2061 1943
f 1943 2061 1944
f 1944 2062 2063
f 1944 2061 2062
f 1945 2063 1946
f 1946 2063 2064
f 1946 2064 1949
f 1947 2065 1948
f 1947 1949 2065
f 1948 2065 1950
f 1949 2066 2065
f 1949 2064 2062
f 1949 2062 2067
f 1949 2067 2066
f 1950 2068 1951
f 1950 2065 2175
f 1950 2175 2068
f 1951 2068 2069
f 1951 2069 1952
f 1952 2069 2070
f 1952 2070 1953
f 1953 2070 2071
f 1953 2071 2072
f 1953 2072 1955
f 1953 1955 1954
f 1955 2072 1956
f 1956 2072 1957
f 1957 2073 1958
f 1957 2072 2073
f 1958 2073 1959
f 1959 2073 2074
f 1959 2074 2075
f 1959 2075 1960
f 1960 2075 2012
f 1961 2076 1962
f 1961 1964 2077
f 1961 2077 2076
f 1962 2076 2078
f 1962 2078 1966
f 1962 1966 1963
f 1964 2021 2077
f 1965 2079 1971
f 1965 1970 2079
f 1966 2078 2080
f 1966 2080 1967
f 1967 2080 2081
f 1967 2081 1968
f 1968 2081 2082
f 1968 2082 1969
f 1969 2082 2083
f 1969 2083 1970
f 1970 2083 2192
f 1970 2192 2079
f 1971 2084 1973
f 1971 1973 1972
f 1971 2079 2084
f 1973 2084 1974
f 1974 2084 2085
f 1974 2085 1976
f 1975 1976 2086
f 1975 2086 2087
f 1975 2087 1977
f 1976 2085 2086
f 1977 2087 2088
f 1977 2088 1978
f 1978 2088 2089
f 1978 2089 1980
f 1979 1982 2090
f 1979 2090 2091
f 1979 2091 1983
f 1980 2089 2092
f 1980 2092 1981
f 1981 2092 2205
f 1981 2205 2093
f 1981 2093 1982
f 1982 2093 2090
f 1983 2091 1984
f 1984 2091 2094
f 1984 2094 2095
f 1984 2095 2096
f 1984 2096 2097
f 1984 2097 2098
f 1984 2098 1985
f 1985 2098 1986
f 1986 2098 2099
f 1986 2099 2100
f 1986 2100 1988
f 1988 2100 1989
f 1989 2100 2101
f 1989 2101 2102
f 1989 2102 2103
f 1989 2103 2104
f 1989 2104 2105
f 1989 2105 1990
f 1990 2105 1991
f 1991 2105 2106
f 1991 2106 1992
f 1992 1994 1993
f 1992 2106 2107
f 1992 2107 2108
f 1992 2108 1994
f 1994 2108 2109
f 1994 2109 1995
f 1995 2109 1998
f 1995 1998 1996
f 1996 1998 1997
f 1998 2110 1999
f 1998 2109 2111
f 1998 2111 2110
f 1999 2110 2001
f 1999 2001 2000
f 2001 2110 2112
f 2001 2112 2002
f 2002 2112 2003
f 2003 2112 2113
f 2003 2113 2114
f 2003 2114 2115
f 2003 2115 2004
f 2004 2115 2005
f 2005 2115 2116
f 2005 2116 2117
f 2005 2117 2006
f 2006 2117 2118
f 2006 2118 2007
f 2007 2118 2008
f 2008 2118 2234
f 2008 2234 2119
f 2008 2119 2120
f 2009 2120 2121
f 2009 2121 2122
f 2009 2122 2010
f 2012 2075 2123
f 2012 2123 2124
f 2012 2124 2015
f 2013 2015 2124
f 2013 2124 2125
f 2013 2125 2014
f 2014 2126 2127
f 2014 2127 2128
f 2014 2128 2016
f 2014 2125 2126
f 2016 2128 2129
f 2016 2129 2017
f 2017 2129 2018
f 2018 2130 2019
f 2018 2129 2130
f 2019 2131 2132
f 2019 2132 2133
f 2019 2133 2020
f 2019 2130 2134
f 2019 2134 2131
f 2020 2133 2021
f 2021 2133 2077
f 2022 2135 2023
f 2023 2135 2024
f 2024 2135 2136
f 2024 2136 2137
f 2024 2137 2138
f 2024 2138 2025
f 2025 2138 2139
f 2025 2139 2140
f 2025 2140 2141
f 2025 2141 2026
f 2026 2141 2142
f 2026 2142 2027
f 2027 2142 2028
f 2028 2142 2143
f 2028 2143 2029
f 2029 2143 2144
f 2029 2144 2030
f 2030 2144 2031
f 2031 2144 2146
f 2031 2146 2033
f 2032 2036 2145
f 2032 2145 2037
f 2033 2146 2147
f 2033 2147 2034
f 2034 2147 2035
f 2035 2145 2036
f 2035 2147 2148
f 2035 2148 2149
f 2035 2149 2145
f 2037 2150 2038
f 2037 2145 2150
f 2038 2150 2039
f 2039 2150 2151
f 2039 2151 2040
f 2040 2151 2152
f 2040 2152 2153
f 2040 2153 2154
f 2040 2154 2155
f 2040 2155 2156
f 2040 2156 2157
f 2040 2157 2041
f 2041 2157 2042
f 2042 2047 2043
f 2042 2157 2156
f 2042 2156 2155
f 2042 2155 2158
f 2042 2158 2047
f 2044 2047 2159
f 2044 2159 2045
f 2045 2159 2160
f 2045 2160 2161
f 2045 2161 2162
f 2045 2162 2046
f 2046 2162 2163
f 2047 2158 2164
f 2047 2164 2159
f 2048 2163 2165
f 2048 2165 2049
f 2049 2165 2166
f 2049 2166 2052
f 2049 2052 2050
f 2051 2053 2167
f 2051 2167 2168
f 2051 2168 2054
f 2052 2169 2167
f 2052 2167 2053
f 2052 2166 2170
f 2052 2170 2169
f 2054 2168 2171
f 2054 2171 2055
f 2055 2171 2172
f 2055 2172 2173
f 2055 2173 2056
f 2056 2173 2174
f 2056 2174 2058
f 2056 2058 2057
f 2058 2174 2062
f 2058 2062 2061
f 2058 2061 2059
f 2059 2061 2060
f 2062 2174 2067
f 2062 2064 2063
f 2065 2066 2175
f 2066 2176 2175
f 2066 2067 2177
f 2066 2177 2176
f 2067 2174 2177
f 2068 2178 2179
f 2068 2179 2069
f 2068 2175 2287
f 2068 2287 2178
f 2069 2180 2181
f 2069 2181 2070
f 2069 2179 2180
f 2070 2181 2071
f 2071 2181 2182
f 2071 2182 2183
f 2071 2183 2073
f 2071 2073 2072
f 2073 2183 2074
f 2074 2183 2184
f 2074 2184 2185
f 2074 2185 2186
f 2074 2186 2075
f 2075 2186 2187
f 2075 2187 2123
f 2076 2188 2189
f 2076 2189 2078
f 2076 2077 2188
f 2077 2132 2188
f 2077 2133 2132
f 2078 2189 2190
f 2078 2190 2191
f 2078 2191 2080
f 2079 2192 2084
f 2080 2191 2193
f 2080 2193 2081
f 2081 2193 2194
f 2081 2194 2082
f 2082 2194 2195
f 2082 2195 2192
f 2082 2192 2083
f 2084 2196 2085
f 2084 2192 2196
f 2085 2196 2086
f 2086 2196 2197
f 2086 2197 2087
f 2087 2197 2198
f 2087 2198 2199
f 2087 2199 2088
f 2088 2199 2089
f 2089 2199 2200
f 2089 2200 2201
f 2089 2201 2202
f 2089 2202 2092
f 2090 2093 2203
f 2090 2203 2091
f 2091 2203 2094
f 2092 2202 2204
f 2092 2204 2205
f 2093 2205 2206
f 2093 2206 2207
f 2093 2207 2208
f 2093 2208 2203
f 2094 2203 2209
f 2094 2209 2095
f 2095 2209 2096
f 2096 2209 2210
f 2096 2210 2211
f 2096 2211 2097
f 2097 2212 2213
f 2097 2213 2098
f 2097 2211 2214
f 2097 2214 2215
f 2097 2215 2212
f 2098 2213 2216
f 2098 2216 2099
f 2099 2216 2100
f 2100 2216 2101
f 2101 2216 2217
f 2101 2217 2218
f 2101 2218 2102
f 2102 2219 2220
f 2102 2220 2103
f 2102 2218 2219
f 2103 2221 2104
f 2103 2220 2222
f 2103 2222 2221
f 2104 2221 2105
f 2105 2221 2107
f 2105 2107 2106
f 2107 2221 2223
f 2107 2223 2108
f 2108 2223 2109
f 2109 2223 2224
f 2109 2224 2225
f 2109 2225 2111
f 2110 2111 2228
f 2110 2228 2112
f 2111 2225 2226
f 2111 2226 2227
f 2111 2227 2228
f 2112 2228 2229
f 2112 2229 2113
f 2113 2229 2230
f 2113 2230 2231
f 2113 2231 2114
f 2114 2231 2115
f 2115 2231 2232
f 2115 2232 2233
f 2115 2233 2116
f 2116 2233 2117
f 2117 2233 2234
f 2117 2234 2118
f 2119 2121 2120
f 2119 2234 2235
f 2119 2235 2121
f 2123 2187 2124
f 2124 2187 2125
f 2125 2187 2185
f 2125 2185 2236
f 2125 2236 2343
f 2125 2343 2237
f 2125 2237 2126
f 2126 2237 2127
f 2127 2237 2343
f 2127 2343 2238
f 2127 2238 2239
f 2127 2239 2128
f 2128 2239 2129
f 2129 2239 2134
f 2129 2134 2130
f 2131 2240 2241
f 2131 2241 2132
f 2131 2134 2242
f 2131 2242 2240
f 2132 2241 2243
f 2132 2243 2188
f 2134 2239 2242
f 2139 2244 2140
f 2140 2244 2245
f 2140 2245 2246
f 2140 2246 2141
f 2141 2246 2247
f 2141 2247 2142
f 2142 2247 2248
f 2142 2248 2143
f 2143 2248 2249
f 2143 2249 2144
f 2144 2249 2250
f 2144 2250 2251
f 2144 2251 2252
f 2144 2252 2146
f 2145 2149 2253
f 2145 2253 2254
f 2145 2254 2152
f 2145 2152 2151
f 2145 2151 2150
f 2146 2252 2255
f 2146 2255 2256
f 2146 2256 2147
f 2147 2256 2148
f 2148 2256 2257
f 2148 2257 2258
f 2148 2258 2259
f 2148 2259 2260
f 2148 2260 2149
f 2149 2260 2261
f 2149 2261 2253
f 2152 2254 2262
f 2152 2262 2263
f 2152 2263 2153
f 2153 2263 2264
f 2153 2264 2154
f 2154 2264 2265
f 2154 2265 2155
f 2155 2265 2266
f 2155 2266 2267
f 2155 2267 2158
f 2158 2267 2164
f 2159 2164 2268
f 2159 2268 2269
f 2159 2269 2270
f 2159 2270 2160
f 2160 2270 2271
f 2160 2271 2161
f 2161 2271 2272
f 2161 2272 2273
f 2161 2273 2162
f 2162 2273 2163
f 2163 2273 2274
f 2163 2274 2275
f 2163 2275 2165
f 2164 2267 2268
f 2165 2275 2276
f 2165 2276 2277
f 2165 2277 2278
f 2165 2278 2166
f 2166 2278 2279
f 2166 2279 2170
f 2167 2169 2280
f 2167 2280 2171
f 2167 2171 2168
f 2169 2170 2281
f 2169 2281 2280
f 2170 2279 2282
f 2170 2282 2283
f 2170 2283 2281
f 2171 2280 2172
f 2172 2280 2284
f 2172 2284 2285
f 2172 2285 2286
f 2172 2286 2173
f 2173 2286 2177
f 2173 2177 2174
f 2175 2176 2287
f 2176 2285 2287
f 2176 2177 2286
f 2176 2286 2285
f 2178 2288 2289
f 2178 2289 2180
f 2178 2180 2179
f 2178 2287 2290
f 2178 2290 2288
f 2180 2289 2181
f 2181 2289 2291
f 2181 2291 2182
f 2182 2291 2292
f 2182 2292 2183
f 2183 2292 2293
f 2183 2293 2184
f 2184 2293 2294
f 2184 2294 2185
f 2185 2187 2186
f 2185 2294 2295
f 2185 2295 2296
f 2185 2296 2236
f 2188 2243 2297
f 2188 2297 2298
f 2188 2298 2189
f 2189 2298 2190
f 2190 2298 2299
f 2190 2299 2300
f 2190 2300 2191
f 2191 2300 2301
f 2191 2301 2193
f 2192 2198 2196
f 2192 2195 2302
f 2192 2302 2198
f 2193 2301 2303
f 2193 2303 2194
f 2194 2303 2304
f 2194 2304 2195
f 2195 2304 2305
f 2195 2305 2302
f 2196 2198 2197
f 2198 2302 2305
f 2198 2305 2304
f 2198 2304 2306
f 2198 2306 2199
f 2199 2306 2200
f 2200 2304 2303
f 2200 2303 2201
f 2200 2306 2304
f 2201 2303 2301
f 2201 2301 2307
f 2201 2307 2204
f 2201 2204 2202
f 2203 2208 2209
f 2204 2307 2308
f 2204 2308 2205
f 2205 2308 2206
f 2206 2308 2309
f 2206 2309 2207
f 2207 2309 2310
f 2207 2310 2208
f 2208 2310 2311
f 2208 2311 2209
f 2209 2311 2210
f 2210 2311 2312
f 2210 2312 2211
f 2211 2312 2214
f 2212 2215 2313
f 2212 2313 2314
f 2212 2314 2315
f 2212 2315 2316
f 2212 2316 2217
f 2212 2217 2216
f 2212 2216 2213
f 2214 2312 2317
f 2214 2317 2215
f 2215 2317 2313
f 2217 2316 2218
f 2218 2316 2315
f 2218 2315 2318
f 2218 2318 2219
f 2219 2319 2320
f 2219 2320 2321
f 2219 2321 2220
f 2219 2318 2319
f 2220 2321 2322
f 2220 2322 2222
f 2221 2222 2323
f 2221 2323 2324
f 2221 2324 2325
f 2221 2325 2223
f 2222 2322 2323
f 2223 2325 2326
f 2223 2326 2224
f 2224 2326 2327
f 2224 2327 2226
f 2224 2226 2225
f 2226 2328 2227
f 2226 2327 2329
f 2226 2329 2328
f 2227 2328 2228
f 2228 2328 2229
f 2229 2330 2230
f 2229 2328 2331
f 2229 2331 2332
f 2229 2332 2333
f 2229 2333 2330
f 2230 2330 2334
f 2230 2334 2335
f 2230 2335 2231
f 2231 2335 2336
f 2231 2336 2232
f 2232 2336 2233
f 2233 2336 2337
f 2233 2337 2338
f 2233 2338 2339
f 2233 2339 2234
f 2234 2339 2340
f 2234 2340 2235
f 2235 2340 2341
f 2236 2296 2342
f 2236 2342 2434
f 2236 2434 2343
f 2238 2343 2434
f 2238 2434 2344
f 2238 2344 2348
f 2238 2348 2242
f 2238 2242 2239
f 2240 2345 2241
f 2240 2242 2345
f 2241 2345 2346
f 2241 2346 2347
f 2241 2347 2243
f 2242 2348 2349
f 2242 2349 2345
f 2243 2347 2299
f 2243 2299 2297
f 2245 2247 2246
f 2245 2350 2247
f 2247 2350 2351
f 2247 2351 2248
f 2248 2351 2249
f 2249 2351 2352
f 2249 2352 2250
f 2250 2352 2353
f 2250 2353 2251
f 2251 2353 2252
f 2252 2353 2354
f 2252 2354 2255
f 2253 2262 2254
f 2253 2261 2355
f 2253 2355 2356
f 2253 2356 2262
f 2255 2354 2256
f 2256 2354 2357
f 2256 2357 2257
f 2257 2357 2258
f 2258 2357 2358
f 2258 2358 2359
f 2258 2359 2259
f 2259 2261 2260
f 2259 2359 2360
f 2259 2360 2355
f 2259 2355 2261
f 2262 2356 2263
f 2263 2356 2361
f 2263 2361 2264
f 2264 2362 2265
f 2264 2361 2363
f 2264 2363 2457
f 2264 2457 2364
f 2264 2364 2365
f 2264 2365 2362
f 2265 2362 2366
f 2265 2366 2367
f 2265 2367 2266
f 2266 2367 2267
f 2267 2368 2268
f 2267 2367 2366
f 2267 2366 2369
f 2267 2369 2370
f 2267 2370 2371
f 2267 2371 2368
f 2268 2368 2269
f 2269 2372 2270
f 2269 2368 2373
f 2269 2373 2372
f 2270 2372 2374
f 2270 2374 2271
f 2271 2374 2375
f 2271 2375 2272
f 2272 2375 2376
f 2272 2376 2273
f 2273 2376 2377
f 2273 2377 2274
f 2274 2377 2276
f 2274 2276 2275
f 2276 2377 2378
f 2276 2378 2475
f 2276 2475 2379
f 2276 2379 2277
f 2277 2379 2278
f 2278 2379 2279
f 2279 2379 2282
f 2280 2281 2380
f 2280 2380 2284
f 2281 2283 2381
f 2281 2381 2380
f 2282 2379 2382
f 2282 2382 2383
f 2282 2383 2283
f 2283 2383 2381
f 2284 2380 2384
f 2284 2384 2285
f 2285 2384 2287
f 2287 2384 2290
f 2288 2383 2385
f 2288 2385 2289
f 2288 2290 2381
f 2288 2381 2383
f 2289 2385 2386
f 2289 2386 2291
f 2290 2384 2380
f 2290 2380 2381
f 2291 2386 2292
f 2292 2387 2293
f 2292 2386 2387
f 2293 2387 2294
f 2294 2387 2388
f 2294 2388 2389
f 2294 2389 2295
f 2295 2389 2390
f 2295 2390 2296
f 2296 2390 2391
f 2296 2391 2392
f 2296 2392 2342
f 2297 2299 2298
f 2299 2347 2393
f 2299 2393 2394
f 2299 2394 2300
f 2300 2394 2395
f 2300 2395 2301
f 2301 2395 2307
f 2307 2395 2394
f 2307 2394 2396
f 2307 2396 2308
f 2308 2396 2397
f 2308 2397 2309
f 2309 2397 2487
f 2309 2487 2398
f 2309 2398 2310
f 2310 2398 2399
f 2310 2399 2400
f 2310 2400 2311
f 2311 2400 2401
f 2311 2401 2402
f 2311 2402 2312
f 2312 2402 2401
f 2312 2401 2403
f 2312 2403 2404
f 2312 2404 2405
f 2312 2405 2317
f 2313 2406 2407
f 2313 2407 2408
f 2313 2408 2409
f 2313 2409 2314
f 2313 2317 2410
f 2313 2410 2406
f 2314 2409 2315
f 2315 2409 2408
f 2315 2408 2411
f 2315 2411 2412
f 2315 2412 2318
f 2317 2405 2410
f 2318 2412 2413
f 2318 2413 2414
f 2318 2414 2319
f 2319 2414 2415
f 2319 2415 2320
f 2320 2322 2321
f 2320 2415 2504
f 2320 2504 2416
f 2320 2416 2322
f 2322 2416 2417
f 2322 2417 2323
f 2323 2418 2324
f 2323 2417 2419
f 2323 2419 2418
f 2324 2418 2325
f 2325 2418 2420
f 2325 2420 2326
f 2326 2420 2421
f 2326 2421 2327
f 2327 2421 2422
f 2327 2422 2423
f 2327 2423 2329
f 2328 2329 2331
f 2329 2423 2424
f 2329 2424 2425
f 2329 2425 2426
f 2329 2426 2331
f 2330 2333 2334
f 2331 2426 2427
f 2331 2427 2428
f 2331 2428 2332
f 2332 2428 2333
f 2333 2428 2334
f 2334 2428 2429
f 2334 2429 2430
f 2334 2430 2335
f 2335 2431 2336
f 2335 2430 2431
f 2336 2431 2432
f 2336 2432 2337
f 2337 2433 2338
f 2337 2432 2433
f 2338 2433 2339
f 2339 2433 2341
f 2339 2341 2340
f 2342 2392 2434
f 2344 2435 2436
f 2344 2436 2441
f 2344 2441 2348
f 2344 2434 2435
f 2345 2437 2438
f 2345 2438 2346
f 2345 2349 2437
f 2346 2438 2439
f 2346 2439 2347
f 2347 2439 2440
f 2347 2440 2393
f 2348 2441 2442
f 2348 2442 2349
f 2349 2442 2437
f 2350 2443 2351
f 2351 2443 2444
f 2351 2444 2352
f 2352 2444 2353
f 2353 2444 2445
f 2353 2445 2354
f 2354 2445 2450
f 2354 2450 2357
f 2355 2360 2446
f 2355 2446 2447
f 2355 2447 2356
f 2356 2447 2448
f 2356 2448 2449
f 2356 2449 2361
f 2357 2450 2451
f 2357 2451 2452
f 2357 2452 2358
f 2358 2452 2453
f 2358 2453 2359
f 2359 2453 2454
f 2359 2454 2360
f 2360 2454 2455
f 2360 2455 2456
f 2360 2456 2446
f 2361 2449 2363
f 2362 2365 2366
f 2363 2449 2457
f 2364 2457 2458
f 2364 2458 2365
f 2365 2458 2459
f 2365 2459 2370
f 2365 2370 2369
f 2365 2369 2366
f 2368 2371 2460
f 2368 2460 2461
f 2368 2461 2373
f 2370 2462 2460
f 2370 2460 2371
f 2370 2459 2463
f 2370 2463 2464
f 2370 2464 2462
f 2372 2373 2465
f 2372 2465 2466
f 2372 2466 2374
f 2373 2461 2467
f 2373 2467 2465
f 2374 2466 2375
f 2375 2468 2376
f 2375 2466 2469
f 2375 2469 2470
f 2375 2470 2471
f 2375 2471 2468
f 2376 2468 2472
f 2376 2472 2473
f 2376 2473 2378
f 2376 2378 2377
f 2378 2473 2474
f 2378 2474 2475
f 2379 2475 2476
f 2379 2476 2382
f 2382 2476 2477
f 2382 2477 2478
f 2382 2478 2383
f 2383 2478 2386
f 2383 2386 2385
f 2386 2478 2477
f 2386 2477 2479
f 2386 2479 2480
f 2386 2480 2387
f 2387 2480 2388
f 2388 2480 2389
f 2389 2480 2481
f 2389 2481 2482
f 2389 2482 2390
f 2390 2482 2391
f 2391 2482 2392
f 2392 2482 2483
f 2392 2483 2484
f 2392 2484 2485
f 2392 2485 2434
f 2393 2440 2486
f 2393 2486 2487
f 2393 2487 2397
f 2393 2397 2394
f 2394 2397 2396
f 2398 2487 2486
f 2398 2486 2488
f 2398 2488 2399
f 2399 2488 2489
f 2399 2489 2490
f 2399 2490 2400
f 2400 2490 2491
f 2400 2491 2401
f 2401 2491 2403
f 2403 2491 2492
f 2403 2492 2405
f 2403 2405 2404
f 2405 2492 2493
f 2405 2493 2494
f 2405 2494 2410
f 2406 2495 2407
f 2406 2410 2496
f 2406 2496 2497
f 2406 2497 2495
f 2407 2411 2408
f 2407 2495 2498
f 2407 2498 2411
f 2410 2494 2496
f 2411 2498 2412
f 2412 2498 2499
f 2412 2499 2413
f 2413 2499 2500
f 2413 2500 2501
f 2413 2501 2502
f 2413 2502 2415
f 2413 2415 2414
f 2415 2502 2503
f 2415 2503 2504
f 2416 2504 2417
f 2417 2504 2505
f 2417 2505 2506
f 2417 2506 2507
f 2417 2507 2508
f 2417 2508 2419
f 2418 2419 2509
f 2418 2509 2420
f 2419 2508 2510
f 2419 2510 2509
f 2420 2509 2421
f 2421 2509 2511
f 2421 2511 2512
f 2421 2512 2422
f 2422 2512 2513
f 2422 2513 2423
f 2423 2513 2424
f 2424 2513 2514
f 2424 2514 2425
f 2425 2427 2426
f 2425 2514 2515
f 2425 2515 2427
f 2427 2516 2430
f 2427 2430 2428
f 2427 2515 2588
f 2427 2588 2517
f 2427 2517 2516
f 2428 2430 2429
f 2434 2485 2435
f 2435 2518 2519
f 2435 2519 2436
f 2435 2485 2484
f 2435 2484 2518
f 2436 2519 2520
f 2436 2520 2441
f 2437 2442 2521
f 2437 2521 2522
f 2437 2522 2438
f 2438 2522 2489
f 2438 2489 2439
f 2439 2489 2488
f 2439 2488 2486
f 2439 2486 2440
f 2441 2520 2523
f 2441 2523 2524
f 2441 2524 2442
f 2442 2524 2521
f 2446 2456 2447
f 2447 2456 2448
f 2448 2456 2525
f 2448 2525 2526
f 2448 2526 2527
f 2448 2527 2449
f 2449 2527 2528
f 2449 2528 2529
f 2449 2529 2457
f 2453 2530 2454
f 2454 2530 2455
f 2455 2525 2456
f 2455 2530 2597
f 2455 2597 2531
f 2455 2531 2526
f 2455 2526 2525
f 2457 2529 2458
f 2458 2463 2459
f 2458 2529 2532
f 2458 2532 2463
f 2460 2462 2461
f 2461 2462 2533
f 2461 2533 2534
f 2461 2534 2467
f 2462 2464 2535
f 2462 2535 2533
f 2463 2532 2536
f 2463 2536 2464
f 2464 2536 2537
f 2464 2537 2538
f 2464 2538 2539
f 2464 2539 2535
f 2465 2467 2534
f 2465 2534 2540
f 2465 2540 2541
f 2465 2541 2466
f 2466 2541 2542
f 2466 2542 2469
f 2468 2471 2543
f 2468 2543 2472
f 2469 2542 2470
f 2470 2544 2543
f 2470 2543 2471
f 2470 2542 2545
f 2470 2545 2546
f 2470 2546 2547
f 2470 2547 2544
f 2472 2548 2549
f 2472 2549 2473
f 2472 2543 2550
f 2472 2550 2548
f 2473 2549 2474
f 2474 2549 2551
f 2474 2551 2475
f 2475 2551 2552
f 2475 2552 2476
f 2476 2552 2480
f 2476 2480 2479
f 2476 2479 2477
f 2480 2551 2553
f 2480 2553 2481
f 2480 2552 2551
f 2481 2553 2554
f 2481 2554 2482
f 2482 2554 2555
f 2482 2555 2556
f 2482 2556 2483
f 2483 2556 2557
f 2483 2557 2558
f 2483 2558 2559
f 2483 2559 2484
f 2484 2559 2589
f 2484 2589 2518
f 2489 2522 2490
f 2490 2522 2521
f 2490 2521 2524
f 2490 2524 2560
f 2490 2560 2491
f 2491 2561 2492
f 2491 2560 2562
f 2491 2562 2561
f 2492 2561 2493
f 2493 2561 2563
f 2493 2563 2494
f 2494 2563 2564
f 2494 2564 2565
f 2494 2565 2496
f 2495 2497 2566
f 2495 2566 2567
f 2495 2567 2498
f 2496 2565 2568
f 2496 2568 2569
f 2496 2569 2497
f 2497 2569 2570
f 2497 2570 2566
f 2498 2571 2499
f 2498 2567 2566
f 2498 2566 2572
f 2498 2572 2571
f 2499 2571 2500
f 2500 2573 2574
f 2500 2574 2501
f 2500 2571 2573
f 2501 2575 2502
f 2501 2574 2575
f 2502 2575 2503
f 2503 2575 2505
f 2503 2505 2504
f 2505 2575 2576
f 2505 2576 2506
f 2506 2576 2577
f 2506 2577 2578
f 2506 2578 2579
f 2506 2579 2580
f 2506 2580 2510
f 2506 2510 2507
f 2507 2510 2508
f 2509 2510 2581
f 2509 2581 2582
f 2509 2582 2511
f 2510 2580 2583
f 2510 2583 2584
f 2510 2584 2581
f 2511 2582 2585
f 2511 2585 2586
f 2511 2586 2512
f 2512 2586 2513
f 2513 2586 2587
f 2513 2587 2514
f 2514 2588 2515
f 2514 2587 2588
f 2518 2589 2590
f 2518 2590 2591
f 2518 2591 2519
f 2519 2591 2520
f 2520 2591 2562
f 2520 2562 2523
f 2523 2562 2524
f 2524 2562 2560
f 2526 2531 2599
f 2526 2599 2592
f 2526 2592 2527
f 2527 2592 2593
f 2527 2593 2594
f 2527 2594 2528
f 2528 2594 2529
f 2529 2594 2595
f 2529 2595 2596
f 2529 2596 2532
f 2531 2597 2598
f 2531 2598 2599
f 2532 2596 2600
f 2532 2600 2536
f 2533 2601 2534
f 2533 2535 2602
f 2533 2602 2601
f 2534 2601 2540
f 2535 2539 2602
f 2536 2600 2537
f 2537 2603 2538
f 2537 2600 2604
f 2537 2604 2603
f 2538 2603 2539
f 2539 2605 2606
f 2539 2606 2607
f 2539 2607 2602
f 2539 2603 2608
f 2539 2608 2605
f 2540 2601 2609
f 2540 2609 2610
f 2540 2610 2611
f 2540 2611 2541
f 2541 2611 2542
f 2542 2611 2612
f 2542 2612 2545
f 2543 2544 2613
f 2543 2613 2550
f 2544 2547 2614
f 2544 2614 2613
f 2545 2612 2615
f 2545 2615 2546
f 2546 2615 2664
f 2546 2664 2616
f 2546 2616 2614
f 2546 2614 2547
f 2548 2550 2551
f 2548 2551 2549
f 2550 2613 2554
f 2550 2554 2553
f 2550 2553 2551
f 2554 2613 2614
f 2554 2614 2555
f 2555 2614 2556
f 2556 2614 2557
f 2557 2614 2617
f 2557 2617 2558
f 2558 2617 2618
f 2558 2618 2619
f 2558 2619 2559
f 2559 2620 2589
f 2559 2619 2620
f 2561 2562 2621
f 2561 2621 2564
f 2561 2564 2563
f 2562 2591 2622
f 2562 2622 2621
f 2564 2621 2622
f 2564 2622 2623
f 2564 2623 2624
f 2564 2624 2568
f 2564 2568 2565
f 2566 2570 2625
f 2566 2625 2572
f 2568 2624 2569
f 2569 2626 2570
f 2569 2624 2627
f 2569 2627 2671
f 2569 2671 2626
f 2570 2626 2625
f 2571 2572 2628
f 2571 2628 2573
f 2572 2625 2629
f 2572 2629 2630
f 2572 2630 2631
f 2572 2631 2628
f 2573 2628 2632
f 2573 2632 2574
f 2574 2632 2633
f 2574 2633 2634
f 2574 2634 2635
f 2574 2635 2575
f 2575 2635 2636
f 2575 2636 2576
f 2576 2636 2577
f 2577 2636 2637
f 2577 2637 2600
f 2577 2600 2596
f 2577 2596 2638
f 2577 2638 2578
f 2578 2638 2639
f 2578 2639 2640
f 2578 2640 2641
f 2578 2641 2579
f 2579 2641 2583
f 2579 2583 2580
f 2581 2585 2582
f 2581 2584 2642
f 2581 2642 2585
f 2583 2642 2584
f 2583 2641 2643
f 2583 2643 2642
f 2585 2642 2644
f 2585 2644 2586
f 2586 2644 2645
f 2586 2645 2587
f 2587 2645 2679
f 2587 2679 2646
f 2587 2646 2647
f 2587 2647 2588
f 2589 2620 2590
f 2590 2622 2591
f 2590 2620 2622
f 2592 2648 2593
f 2592 2599 2649
f 2592 2649 2643
f 2592 2643 2639
f 2592 2639 2648
f 2593 2648 2595
f 2593 2595 2594
f 2595 2648 2639
f 2595 2639 2638
f 2595 2638 2596
f 2598 2650 2649
f 2598 2649 2599
f 2600 2637 2604
f 2601 2610 2609
f 2601 2602 2651
f 2601 2651 2610
f 2602 2607 2651
f 2603 2604 2652
f 2603 2652 2608
f 2604 2637 2634
f 2604 2634 2653
f 2604 2653 2652
f 2605 2654 2655
f 2605 2655 2656
f 2605 2656 2606
f 2605 2608 2659
f 2605 2659 2657
f 2605 2657 2658
f 2605 2658 2654
f 2606 2656 2651
f 2606 2651 2607
f 2608 2652 2659
f 2610 2651 2660
f 2610 2660 2661
f 2610 2661 2662
f 2610 2662 2611
f 2611 2662 2612
f 2612 2662 2661
f 2612 2661 2663
f 2612 2663 2664
f 2612 2664 2615
f 2614 2616 2665
f 2614 2665 2617
f 2616 2664 2687
f 2616 2687 2665
f 2617 2665 2618
f 2618 2666 2667
f 2618 2667 2619
f 2618 2665 2666
f 2619 2667 2668
f 2619 2668 2620
f 2620 2668 2669
f 2620 2669 2623
f 2620 2623 2622
f 2623 2669 2624
f 2624 2669 2670
f 2624 2670 2627
f 2625 2626 2671
f 2625 2671 2629
f 2627 2670 2672
f 2627 2672 2671
f 2628 2631 2632
f 2629 2671 2673
f 2629 2673 2630
f 2630 2673 2674
f 2630 2674 2675
f 2630 2675 2657
f 2630 2657 2631
f 2631 2657 2659
f 2631 2659 2632
f 2632 2659 2633
f 2633 2659 2653
f 2633 2653 2634
f 2634 2637 2636
f 2634 2636 2635
f 2639 2643 2640
f 2640 2643 2641
f 2642 2643 2676
f 2642 2676 2677
f 2642 2677 2644
f 2643 2649 2676
f 2644 2677 2678
f 2644 2678 2679
f 2644 2679 2645
f 2649 2650 2676
f 2650 2678 2677
f 2650 2677 2676
f 2651 2656 2660
f 2652 2653 2659
f 2654 2658 2674
f 2654 2674 2655
f 2655 2680 2681
f 2655 2681 2656
f 2655 2674 2680
f 2656 2681 2682
f 2656 2682 2660
f 2657 2675 2658
f 2658 2675 2674
f 2660 2682 2681
f 2660 2681 2680
f 2660 2680 2661
f 2661 2680 2683
f 2661 2683 2684
f 2661 2684 2663
f 2663 2684 2685
f 2663 2685 2686
f 2663 2686 2687
f 2663 2687 2664
f 2665 2687 2666
f 2666 2687 2667
f 2667 2687 2686
f 2667 2686 2685
f 2667 2685 2688
f 2667 2688 2668
f 2668 2689 2669
f 2668 2688 2689
f 2669 2689 2670
f 2670 2689 2690
f 2670 2690 2672
f 2671 2672 2690
f 2671 2690 2691
f 2671 2691 2673
f 2673 2691 2674
f 2674 2691 2692
f 2674 2692 2680
f 2680 2692 2683
f 2683 2692 2684
f 2684 2692 2690
f 2684 2690 2688
f 2684 2688 2685
f 2688 2690 2689
f 2690 2692 2691

