# https://github.com/mikedh/trimesh
v 0.16933115 0.00500643 -0.10496131
v 0.16899966 0.01500886 -0.09497753
v 0.16893335 0.01500886 -0.07492083
v 0.16923170 0.00500643 -0.07492083
v 0.16923170 -0.00499601 -0.07492083
v 0.16929799 -0.00499601 -0.09497753
v 0.16929799 -0.00499601 -0.11494510
v 0.16919854 -0.00499601 -0.14498559
v 0.16919854 0.00500643 -0.14498559
v 0.16890021 0.01500886 -0.14498559
v 0.16899966 0.01500886 -0.11494510
v 0.16846925 0.02499708 -0.10496131
v 0.16836980 0.02499708 -0.07492083
v 0.16886705 0.01500886 -0.05495326
v 0.16916540 0.00500643 -0.05495326
v 0.16890021 -0.01499845 -0.07492083
v 0.16916540 -0.00499601 -0.05495326
v 0.16896650 -0.01499845 -0.10496131
v 0.16883390 -0.01499845 -0.14498559
v 0.16913225 -0.00499601 -0.16495314
v 0.16909911 0.00500643 -0.17493692
v 0.16883390 0.01500886 -0.16495314
v 0.16833666 0.02499708 -0.14498559
v 0.16760737 0.03499952 -0.09497753
v 0.16754106 0.03499952 -0.07492083
v 0.16750792 0.03499952 -0.14498559
v 0.16760737 0.03499952 -0.11494510
v 0.16830350 0.02499708 -0.05495326
v 0.16880076 0.01500886 -0.03507484
v 0.16909911 0.00500643 -0.03507484
v 0.16840295 -0.02498667 -0.10496131
v 0.16883390 -0.01499845 -0.05495326
v 0.16830350 -0.02498667 -0.06493704
v 0.16909911 -0.00499601 -0.03507484
v 0.16827035 -0.02498667 -0.14498559
v 0.16873445 -0.01499845 -0.17493692
v 0.16899966 -0.00499601 -0.18492071
v 0.16870131 0.01500886 -0.18492071
v 0.16890021 -0.00499601 -0.19499363
v 0.16890021 0.00500643 -0.19499363
v 0.16860186 0.01500886 -0.19499363
v 0.16823721 0.02499708 -0.17493692
v 0.16654657 0.04498773 -0.09497753
v 0.16648027 0.04498773 -0.07492083
v 0.16747476 0.03499952 -0.05495326
v 0.16740847 0.03499952 -0.17493692
v 0.16644712 0.04498773 -0.14498559
v 0.16654657 0.04498773 -0.11494510
v 0.16823721 0.02499708 -0.03507484
v 0.16817091 0.02499708 -0.02500191
v 0.16870131 0.01500886 -0.02500191
v 0.16903280 0.00500643 -0.02500191
v 0.16754106 -0.03498911 -0.09497753
v 0.16754106 -0.03498911 -0.10496131
v 0.16750792 -0.03498911 -0.12492888
v 0.16744161 -0.03498911 -0.14498559
v 0.16880076 -0.01499845 -0.04505862
v 0.16827035 -0.02498667 -0.05495326
v 0.16747476 -0.03498911 -0.07492083
v 0.16899966 -0.00499601 -0.02500191
v 0.16866815 -0.01499845 -0.02500191
v 0.16817091 -0.02498667 -0.17493692
v 0.16866815 -0.01499845 -0.18492071
v 0.16817091 0.02499708 -0.18492071
v 0.16856870 -0.01499845 -0.19499363
v 0.16860186 -0.00499601 -0.22494498
v 0.16850241 0.00500643 -0.23492877
v 0.16820405 0.01500886 -0.23492877
v 0.16807146 0.02499708 -0.19499363
v 0.16525373 0.05499017 -0.10496131
v 0.16522057 0.05499017 -0.08499375
v 0.16518743 0.05499017 -0.07492083
v 0.16641398 0.04498773 -0.05495326
v 0.16740847 0.03499952 -0.03507484
v 0.16734217 0.03499952 -0.18492071
v 0.16634767 0.04498773 -0.17493692
v 0.16515428 0.05499017 -0.14498559
v 0.16522057 0.05499017 -0.12492888
v 0.16734217 0.03499952 -0.02500191
v 0.16757421 0.02499708 0.03498992
v 0.16820405 0.01500886 0.02491700
v 0.16840295 0.00500643 0.03498992
v 0.16850241 -0.00499601 0.02491700
v 0.16644712 -0.04499155 -0.10496131
v 0.16638082 -0.04499155 -0.07492083
v 0.16641398 -0.04499155 -0.08499375
v 0.16638082 -0.04499155 -0.13491267
v 0.16634767 -0.04499155 -0.14498559
v 0.16734217 -0.03498911 -0.17493692
v 0.16823721 -0.02498667 -0.04505862
v 0.16740847 -0.03498911 -0.05495326
v 0.16734217 -0.03498911 -0.03507484
v 0.16810460 -0.02498667 -0.02500191
v 0.16817091 -0.01499845 0.02491700
v 0.16750792 -0.02498667 0.03498992
v 0.16810460 -0.02498667 -0.18492071
v 0.16800515 -0.02498667 -0.19499363
v 0.16836980 -0.01499845 -0.21496120
v 0.16803831 -0.01499845 -0.24491255
v 0.16836980 -0.00499601 -0.24491255
v 0.16836980 0.00500643 -0.24491255
v 0.16807146 0.01500886 -0.24491255
v 0.16740847 0.02499708 -0.25498545
v 0.16767366 0.02499708 -0.23492877
v 0.16724272 0.03499952 -0.19499363
v 0.16369569 0.06499261 -0.10496131
v 0.16366254 0.06499261 -0.08499375
v 0.16362940 0.06499261 -0.07492083
v 0.16512112 0.05499017 -0.05495326
v 0.16634767 0.04498773 -0.03507484
v 0.16591673 0.04498773 -0.22494498
v 0.16628137 0.04498773 -0.18492071
v 0.16505483 0.05499017 -0.17493692
v 0.16359624 0.06499261 -0.14498559
v 0.16366254 0.06499261 -0.12492888
v 0.16628137 0.04498773 -0.02500191
v 0.16591673 0.04498773 0.01493321
v 0.16571783 0.04498773 0.03498992
v 0.16674547 0.03499952 0.03498992
v 0.16740847 0.02499708 0.04497371
v 0.16793886 0.01500886 0.04497371
v 0.16807146 0.01500886 0.03498992
v 0.16823721 0.00500643 0.04497371
v 0.16823721 -0.00499601 0.04497371
v 0.16836980 -0.00499601 0.03498992
v 0.16512112 -0.05499399 -0.09497753
v 0.16512112 -0.05499399 -0.11494510
v 0.16631453 -0.04499155 -0.05495326
v 0.16498853 -0.05515049 -0.05477498
v 0.16498853 -0.05515049 -0.15496936
v 0.16624822 -0.04499155 -0.17493692
v 0.16618192 -0.04499155 -0.18492071
v 0.16687807 -0.03498911 -0.22494498
v 0.16727586 -0.03498911 -0.02500191
v 0.16624822 -0.04499155 -0.03507484
v 0.16803831 -0.01499845 0.03498992
v 0.16667917 -0.03498911 0.03498992
v 0.16790570 -0.01499845 0.04497371
v 0.16717641 -0.02498667 0.05495749
v 0.16760737 -0.02498667 -0.23492877
v 0.16734217 -0.02498667 -0.25498545
v 0.16787256 -0.01499845 -0.25498545
v 0.16820405 -0.00499601 -0.25498545
v 0.16820405 0.00500643 -0.25498545
v 0.16790570 0.01500886 -0.25498545
v 0.16657972 0.03499952 -0.25498545
v 0.16674547 0.03499952 -0.24491255
v 0.16773996 0.01500886 -0.26496926
v 0.16704382 0.02499708 -0.27495304
v 0.16624822 0.03499952 -0.27495304
v 0.16190560 0.07499505 -0.09497753
v 0.16190560 0.07499505 -0.11494510
v 0.16183931 0.07499505 -0.06493704
v 0.16356309 0.06499261 -0.05495326
v 0.16505483 0.05499017 -0.03507484
v 0.16571783 0.04498773 -0.24491255
v 0.16455759 0.05499017 -0.23492877
v 0.16482279 0.05499017 -0.20497742
v 0.16498853 0.05499017 -0.18492071
v 0.16336419 0.06499261 -0.19499363
v 0.16349679 0.06499261 -0.17493692
v 0.16183931 0.07499505 -0.14498559
v 0.16498853 0.05499017 -0.02500191
v 0.16482279 0.05499017 -0.00503435
v 0.16455759 0.05499017 0.02491700
v 0.16445814 0.05499017 0.03498992
v 0.16432554 0.05499017 0.04497371
v 0.16366254 0.05499017 0.08499798
v 0.16488908 0.04498773 0.08499798
v 0.16624822 0.03499952 0.06494127
v 0.16571783 0.03499952 0.09498176
v 0.16667917 0.02499708 0.08499798
v 0.16757421 0.01500886 0.06494127
v 0.16701066 0.01500886 0.09498176
v 0.16767366 0.00500643 0.07492505
v 0.16767366 -0.00499601 0.07492505
v 0.16697751 -0.01499845 0.09498176
v 0.16754106 -0.01499845 0.06494127
v 0.16508798 -0.05515049 -0.09479925
v 0.16508798 -0.05515049 -0.11494510
v 0.16492224 -0.05515049 -0.03489655
v 0.16492224 -0.05515049 -0.17493692
v 0.16485593 -0.05515049 -0.18492071
v 0.16478963 -0.05499399 -0.19499363
v 0.16442499 -0.05499399 -0.23492877
v 0.16608247 -0.04499155 -0.19499363
v 0.16677862 -0.03498911 -0.23492877
v 0.16618192 -0.04499155 -0.02500191
v 0.16561837 -0.04499155 0.03498992
v 0.16581728 -0.04499155 0.01493321
v 0.16488908 -0.05499399 -0.02500191
v 0.16548578 -0.04499155 0.04497371
v 0.16601618 -0.03498911 0.07492505
v 0.16644712 -0.02498667 0.09498176
v 0.16565153 -0.03498911 0.09498176
v 0.16651341 -0.03498911 -0.25498545
v 0.16561837 -0.03498911 -0.30499351
v 0.16697751 -0.02498667 -0.27495304
v 0.16750792 -0.01499845 -0.27495304
v 0.16803831 0.00500643 -0.26496926
v 0.16783941 -0.00499601 -0.27495304
v 0.16555208 0.04498773 -0.25498545
v 0.16717641 0.01500886 -0.29492062
v 0.16648027 0.02499708 -0.30499351
v 0.16588357 0.03499952 -0.29492062
v 0.16469018 0.04498773 -0.30499351
v 0.16505483 0.04498773 -0.28493682
v 0.16048017 0.08236527 -0.10496131
v 0.16048017 0.08233681 -0.09497753
v 0.16048017 0.08227990 -0.12492888
v 0.16048017 0.08233681 -0.11494510
v 0.16044702 0.08216607 -0.06493704
v 0.16041386 0.08199533 -0.03507484
v 0.16180615 0.07499505 -0.05495326
v 0.16349679 0.06499261 -0.03507484
v 0.16415979 0.05499017 -0.26496926
v 0.16445814 0.05499017 -0.24491255
v 0.16303270 0.06499261 -0.23492877
v 0.16329789 0.06499261 -0.20497742
v 0.16170670 0.07499505 -0.18492071
v 0.16041386 0.08199533 -0.17493692
v 0.16343050 0.06499261 -0.02500191
v 0.16336419 0.06499261 -0.01501813
v 0.16303270 0.06499261 0.02491700
v 0.16293325 0.06499261 0.03498992
v 0.16280065 0.06499261 0.04497371
v 0.16220395 0.06499261 0.08499798
v 0.16349679 0.05499017 0.09498176
v 0.16472334 0.04498773 0.09498176
v 0.16548578 0.03499952 0.10496554
v 0.16648027 0.02499708 0.09498176
v 0.16727586 0.00500643 0.09498176
v 0.16747476 0.00500643 0.08499798
v 0.16677862 0.01500886 0.10496554
v 0.16747476 -0.00499601 0.08499798
v 0.16727586 -0.00499601 0.09498176
v 0.16674547 -0.01499845 0.10496554
v 0.16485593 -0.05515049 -0.02491277
v 0.16449128 -0.05515049 -0.22494498
v 0.16432554 -0.05499399 -0.24491255
v 0.16558522 -0.04499155 -0.24491255
v 0.16545263 -0.04499155 -0.25498545
v 0.16462389 -0.05499399 0.00494944
v 0.16432554 -0.05499399 0.03498992
v 0.16419293 -0.05515049 0.04497371
v 0.16459073 -0.05515049 0.00512772
v 0.16532002 -0.04499155 0.05495749
v 0.16356309 -0.05499399 0.08499798
v 0.16389459 -0.05499399 0.06494127
v 0.16462389 -0.04499155 0.09498176
v 0.16621508 -0.02498667 0.10496554
v 0.16541947 -0.03498911 0.10496554
v 0.16528688 -0.04499155 -0.26496926
v 0.16459073 -0.04499155 -0.30499351
v 0.16538633 -0.03498911 -0.31497729
v 0.16641398 -0.02498667 -0.30499351
v 0.16694437 -0.01499845 -0.30499351
v 0.16747476 0.00500643 -0.29492062
v 0.16724272 -0.00499601 -0.30499351
v 0.16727586 0.00500643 -0.30499351
v 0.16349679 0.05499017 -0.30499351
v 0.16697751 0.01500886 -0.30499351
v 0.16624822 0.02499708 -0.31497729
v 0.16568467 0.03499952 -0.30499351
v 0.16445814 0.04498773 -0.31497729
v 0.15941937 0.08735937 -0.10496131
v 0.15941937 0.08734515 -0.11494510
v 0.15941937 0.08733092 -0.09497753
v 0.15941937 0.08728823 -0.08499375
v 0.15941937 0.08728823 -0.12492888
v 0.15938622 0.08711749 -0.15496936
v 0.15938622 0.08711749 -0.05495326
v 0.16173986 0.07499505 -0.03507484
v 0.15935308 0.08700366 -0.03507484
v 0.16038072 0.08186728 -0.02500191
v 0.16203821 0.06499261 -0.30499351
v 0.16220395 0.06499261 -0.29492062
v 0.16266805 0.06499261 -0.26496926
v 0.16280065 0.06499261 -0.25498545
v 0.16293325 0.06499261 -0.24491255
v 0.16111001 0.07499505 -0.25498545
v 0.16130891 0.07499505 -0.23492877
v 0.16147466 0.07499505 -0.21496120
v 0.16038072 0.08186728 -0.18492071
v 0.16014867 0.08078593 -0.24491255
v 0.16031441 0.08152580 -0.20497742
v 0.16034757 0.08171077 -0.19499363
v 0.15931992 0.08687561 -0.18492071
v 0.15935308 0.08698944 -0.17493692
v 0.16167356 0.07499505 -0.02500191
v 0.16154096 0.07499505 -0.00503435
v 0.16130891 0.07499505 0.02491700
v 0.16120946 0.07499505 0.03498992
v 0.16111001 0.07499505 0.04497371
v 0.16061276 0.07364336 0.09498176
v 0.16203821 0.06499261 0.09498176
v 0.16329789 0.05499017 0.10496554
v 0.16449128 0.04498773 0.10496554
v 0.16598302 0.02499708 0.11494932
v 0.16624822 0.02499708 0.10496554
v 0.16422608 0.04498773 0.11494932
v 0.16339734 0.04498773 0.14498982
v 0.16462389 0.03499952 0.13491689
v 0.16704382 0.00500643 0.10496554
v 0.16508798 0.02499708 0.14498982
v 0.16618192 0.01500886 0.12493311
v 0.16585043 0.00500643 0.14498982
v 0.16704382 -0.00499601 0.10496554
v 0.16585043 -0.01499845 0.13491689
v 0.16502169 -0.02498667 0.14498982
v 0.16429238 -0.05515049 -0.24491255
v 0.16419293 -0.05499399 -0.25498545
v 0.16336419 -0.05499399 -0.30499351
v 0.16429238 -0.05515049 0.03507906
v 0.16402718 -0.05515049 0.05513577
v 0.16339734 -0.05499399 0.09498176
v 0.16319844 -0.05499399 0.10496554
v 0.16415979 -0.04499155 0.11494932
v 0.16515428 -0.03498911 0.11494932
v 0.16429238 -0.03498911 0.14498982
v 0.16313215 -0.05515049 -0.31497729
v 0.16435869 -0.04499155 -0.31497729
v 0.16618192 -0.02498667 -0.31497729
v 0.16409349 -0.04499155 -0.32496107
v 0.16323160 -0.04499155 -0.35491246
v 0.16422608 -0.03498911 -0.35491246
v 0.16667917 -0.01499845 -0.31497729
v 0.16701066 -0.00499601 -0.31497729
v 0.16701066 0.00500643 -0.31497729
v 0.16674547 0.01500886 -0.31497729
v 0.16326474 0.05499017 -0.31497729
v 0.16183931 0.06499261 -0.31497729
v 0.16594988 0.02499708 -0.32496107
v 0.16518743 0.03499952 -0.32496107
v 0.16545263 0.03499952 -0.31497729
v 0.16392773 0.04498773 -0.33494484
v 0.15875638 0.09020501 -0.08873767
v 0.15875638 0.09020501 -0.11868902
v 0.15869008 0.09020501 -0.05887546
v 0.15865692 0.09020501 -0.04505862
v 0.15872322 0.09020501 -0.13874573
v 0.15865692 0.09020501 -0.16887535
v 0.16034757 0.08169654 -0.01501813
v 0.15862378 0.09020501 -0.03507484
v 0.15859063 0.09020501 -0.02910239
v 0.15931992 0.08687561 -0.02500191
v 0.16051331 0.07311692 -0.31497729
v 0.16061276 0.07361491 -0.30499351
v 0.16077851 0.07444015 -0.28493682
v 0.16097741 0.07499505 -0.26496926
v 0.16008237 0.08051559 -0.25498545
v 0.15994976 0.07976151 -0.27691412
v 0.15908788 0.08552393 -0.25498545
v 0.15912102 0.08578004 -0.24491255
v 0.15915418 0.08597923 -0.23492877
v 0.15925363 0.08653414 -0.20497742
v 0.15928677 0.08670487 -0.19499363
v 0.15849118 0.09020501 -0.19918326
v 0.15855747 0.09020501 -0.18902120
v 0.16014867 0.08078593 0.03498992
v 0.16008237 0.08051559 0.04497371
v 0.15994976 0.07973304 0.06672409
v 0.15975086 0.07863747 0.09498176
v 0.15965141 0.07815371 0.10496554
v 0.16051331 0.07314537 0.10496554
v 0.16183931 0.06499261 0.10496554
v 0.16160725 0.06499261 0.11494932
v 0.16111001 0.06499261 0.13491689
v 0.16084482 0.06499261 0.14498982
v 0.16223711 0.05499017 0.14498982
v 0.16432554 0.03499952 0.14498982
v 0.16309899 0.04498773 0.15497360
v 0.16402718 0.03499952 0.15497360
v 0.16475648 0.02499708 0.15497360
v 0.16555208 0.01500886 0.14498982
v 0.16522057 0.01500886 0.15497360
v 0.16548578 0.00500643 0.15497360
v 0.16548578 -0.00499601 0.15497360
v 0.16581728 -0.00499601 0.14498982
v 0.16614877 -0.00499601 0.13491689
v 0.16551892 -0.01499845 0.14498982
v 0.16469018 -0.02498667 0.15497360
v 0.16415979 -0.05515049 -0.25498545
v 0.16333105 -0.05515049 -0.30499351
v 0.16336419 -0.05515049 0.09507090
v 0.16316530 -0.05515049 0.10514382
v 0.16240285 -0.05515049 0.13491689
v 0.16359624 -0.04499155 0.13491689
v 0.16183931 -0.05515049 0.15515187
v 0.16396089 -0.03498911 0.15497360
v 0.16299954 -0.04499155 0.15497360
v 0.16329789 -0.04499155 0.14498982
v 0.16207135 -0.05515049 -0.35491246
v 0.16558522 -0.02498667 -0.33494484
v 0.16177301 -0.05499399 -0.36498535
v 0.16290009 -0.04499155 -0.36498535
v 0.16386144 -0.03498911 -0.36498535
v 0.16462389 -0.02498667 -0.36498535
v 0.16495538 -0.02498667 -0.35491246
v 0.16578412 -0.01499845 -0.34492868
v 0.16671231 -0.00499601 -0.32496107
v 0.16641398 0.00500643 -0.33494484
v 0.16644712 0.01500886 -0.32496107
v 0.16134205 0.06499261 -0.33494484
v 0.16220395 0.05499017 -0.35491246
v 0.16067906 0.06596012 -0.35580385
v 0.16041386 0.07247666 -0.32496107
v 0.16018182 0.07108229 -0.34492868
v 0.16502169 0.02499708 -0.35491246
v 0.16429238 0.03499952 -0.35491246
v 0.16303270 0.04498773 -0.36498535
v 0.16190560 0.05499017 -0.36498535
v 0.15925363 0.08651990 -0.00503435
v 0.15915418 0.08597923 0.02491700
v 0.15912102 0.08579427 0.03498992
v 0.15819283 0.09020501 0.03017631
v 0.15815969 0.09020501 0.03498992
v 0.15965141 0.07811102 -0.31497729
v 0.15975086 0.07862324 -0.30499351
v 0.16001607 0.08020257 -0.26496926
v 0.15902157 0.08519668 -0.26496926
v 0.15852433 0.08499748 -0.30499351
v 0.15806024 0.09020501 -0.25498545
v 0.15815969 0.09020501 -0.24491255
v 0.15749669 0.09020501 -0.30017990
v 0.15762928 0.09020501 -0.29019612
v 0.15908788 0.08552393 0.04497371
v 0.15852433 0.08499748 0.09498176
v 0.15835857 0.08499748 0.10496554
v 0.15796079 0.08499748 0.12493311
v 0.15752983 0.08499748 0.14498982
v 0.15955198 0.07748498 0.11494932
v 0.16041386 0.07247666 0.11494932
v 0.16004921 0.07037088 0.14498982
v 0.15998292 0.07001517 0.15007085
v 0.16051331 0.06561865 0.15399304
v 0.16193876 0.05499017 0.15497360
v 0.16157411 0.05499017 0.16495737
v 0.16270120 0.04498773 0.16495737
v 0.16359624 0.03499952 0.16495737
v 0.16432554 0.02499708 0.16495737
v 0.16478963 0.01500886 0.16495737
v 0.16505483 0.00500643 0.16495737
v 0.16518743 -0.01499845 0.15497360
v 0.16505483 -0.00499601 0.16495737
v 0.16478963 -0.01499845 0.16495737
v 0.16429238 -0.02498667 0.16495737
v 0.16147466 -0.05515049 0.16495737
v 0.16356309 -0.03498911 0.16495737
v 0.16260175 -0.04499155 0.16495737
v 0.16173986 -0.05515049 -0.36498535
v 0.16137521 -0.05515049 -0.37479085
v 0.16250230 -0.04499155 -0.37496912
v 0.16343050 -0.03498911 -0.37496912
v 0.16512112 -0.01499845 -0.36498535
v 0.16369569 -0.02498667 -0.38495290
v 0.16578412 -0.00499601 -0.35491246
v 0.16578412 0.00500643 -0.35491246
v 0.16551892 0.01500886 -0.35491246
v 0.16061276 0.06438079 -0.36498535
v 0.15998292 0.06994402 -0.35972607
v 0.15945253 0.07680203 -0.33494484
v 0.15955198 0.07747076 -0.32496107
v 0.15935308 0.07428364 -0.35580385
v 0.16469018 0.02499708 -0.36498535
v 0.16396089 0.03499952 -0.36498535
v 0.16217080 0.04498773 -0.38495290
v 0.16150780 0.05499017 -0.37496912
v 0.16044702 0.06314294 -0.37496912
v 0.15806024 0.09020501 0.04497371
v 0.15835857 0.08499748 -0.31497729
v 0.15772873 0.08499748 -0.34492868
v 0.15815969 0.08499748 -0.32496107
v 0.15743038 0.09020501 -0.30499351
v 0.15762928 0.09020501 0.07973866
v 0.15756299 0.09020501 0.08499798
v 0.15729779 0.09020501 0.10496554
v 0.15650219 0.09020501 0.14498982
v 0.15729779 0.08499748 0.15497360
v 0.15945253 0.07675935 0.12493311
v 0.15922047 0.07536498 0.14498982
v 0.15922047 0.07399907 0.15399304
v 0.15988347 0.06937490 0.15675642
v 0.16048017 0.06334213 0.16495737
v 0.15985031 0.05881756 0.19499786
v 0.16044702 0.05382345 0.19499786
v 0.16134205 0.04498773 0.19499786
v 0.16220395 0.03499952 0.19499786
v 0.16386144 0.02499708 0.17494115
v 0.16432554 0.01500886 0.17494115
v 0.16459073 0.00500643 0.17494115
v 0.16409349 -0.00499601 0.18492495
v 0.16359624 -0.00499601 0.19499786
v 0.16329789 -0.01499845 0.19499786
v 0.16286695 -0.02498667 0.19499786
v 0.16382828 -0.02498667 0.17494115
v 0.16217080 -0.03498911 0.19499786
v 0.16107686 -0.05499399 0.17494115
v 0.16104370 -0.05515049 0.17511944
v 0.16127576 -0.04499155 0.19499786
v 0.16173986 -0.04499155 0.18492495
v 0.16081166 -0.05515049 -0.38771629
v 0.16044702 -0.05515049 -0.39600641
v 0.16031441 -0.05276015 -0.40492052
v 0.16111001 -0.04499155 -0.40492052
v 0.16250230 -0.03498911 -0.39493668
v 0.16465703 -0.01499845 -0.37496912
v 0.16541947 -0.00499601 -0.36498535
v 0.16319844 -0.02498667 -0.39493668
v 0.16541947 0.00500643 -0.36498535
v 0.16515428 0.01500886 -0.36498535
v 0.15971772 0.06813704 -0.37496912
v 0.15988347 0.06937490 -0.36498535
v 0.15865692 0.07499505 -0.37496912
v 0.15898843 0.07499505 -0.36498535
v 0.15726463 0.08499748 -0.36498535
v 0.16352995 0.03499952 -0.37496912
v 0.16376199 0.02499708 -0.38495290
v 0.16170670 0.04498773 -0.39493668
v 0.16054647 0.05573003 -0.39520413
v 0.16107686 0.05499017 -0.38495290
v 0.15994976 0.05955743 -0.39876980
v 0.16008237 0.06065300 -0.39208418
v 0.15951882 0.06671423 -0.38495290
v 0.15749669 0.07499505 -0.40492052
v 0.15676740 0.09020501 -0.34020418
v 0.15716518 0.09020501 -0.32014745
v 0.15726463 0.09020501 -0.31497729
v 0.15623699 0.09020501 -0.36498535
v 0.15646905 0.09020501 -0.35491246
v 0.15656850 0.09020501 -0.35018796
v 0.15627015 0.09020501 0.15497360
v 0.15600495 0.09020501 0.16495737
v 0.15699944 0.08499748 0.16495737
v 0.15872322 0.07499505 0.16495737
v 0.15975086 0.06833623 0.16495737
v 0.15759614 0.07499505 0.19499786
v 0.15902157 0.06499261 0.19499786
v 0.15852433 0.06499261 0.20498164
v 0.15958512 0.05649836 0.20498164
v 0.16014867 0.05150425 0.20498164
v 0.16077851 0.04498773 0.20498164
v 0.16164041 0.03499952 0.20498164
v 0.16290009 0.02499708 0.19499786
v 0.16333105 0.01500886 0.19499786
v 0.16359624 0.00500643 0.19499786
v 0.16296640 -0.00499601 0.20498164
v 0.16270120 -0.01499845 0.20498164
v 0.16227025 -0.02498667 0.20498164
v 0.16157411 -0.03498911 0.20498164
v 0.16057961 -0.04588792 0.20578392
v 0.16038072 -0.05344311 0.19499786
v 0.16061276 -0.05515049 0.18519236
v 0.16018182 -0.05167881 0.20302056
v 0.16001607 -0.05515049 -0.40492052
v 0.16011551 -0.05115236 -0.41187346
v 0.16044702 -0.04530457 -0.41508257
v 0.16200505 -0.03498911 -0.40492052
v 0.16495538 -0.00499601 -0.37496912
v 0.16366254 -0.01499845 -0.39493668
v 0.16266805 -0.02498667 -0.40492052
v 0.16495538 0.00500643 -0.37496912
v 0.16469018 0.01500886 -0.37496912
v 0.15829228 0.07499505 -0.38495290
v 0.15696628 0.08499748 -0.37496912
v 0.15610440 0.09020501 -0.37015551
v 0.16306585 0.03499952 -0.38495290
v 0.16326474 0.02499708 -0.39493668
v 0.16120946 0.04498773 -0.40492052
v 0.16034757 0.05326855 -0.40492052
v 0.15978402 0.05827689 -0.40492052
v 0.15892212 0.06499261 -0.40492052
v 0.15699944 0.07499505 -0.41499341
v 0.15544140 0.08499748 -0.41499341
v 0.15587234 0.08499748 -0.40492052
v 0.15504360 0.09020501 0.19499786
v 0.15666795 0.08499748 0.17494115
v 0.15597180 0.08499748 0.19499786
v 0.15557399 0.08499748 0.20498164
v 0.15713204 0.07499505 0.20498164
v 0.15597180 0.07499505 0.22494923
v 0.15729779 0.06499261 0.22494923
v 0.15928677 0.05402265 0.21398489
v 0.15998292 0.05003875 0.21006267
v 0.16021496 0.04441860 0.21398489
v 0.16230340 0.02499708 0.20498164
v 0.15948567 0.04441860 0.22450350
v 0.16004921 0.04070503 0.22084872
v 0.15981717 0.03766019 0.22753431
v 0.16004921 0.03098716 0.23065422
v 0.16273434 0.01500886 0.20498164
v 0.16296640 0.00500643 0.20498164
v 0.16144150 -0.00499601 0.22494923
v 0.16197190 -0.01499845 0.21496542
v 0.16154096 -0.02498667 0.21496542
v 0.16004921 -0.03082024 0.23056509
v 0.16024812 -0.03449112 0.22441436
v 0.16087796 -0.03498911 0.21496542
v 0.16004921 -0.04062348 0.22075959
v 0.16024812 -0.04282885 0.21496542
v 0.15998292 -0.04980069 0.20970611
v 0.16018182 -0.05515049 0.19499786
v 0.15961827 -0.05515049 0.20578392
v 0.15998292 -0.05515049 0.19892007
v 0.15951882 -0.05515049 -0.41356719
v 0.15948567 -0.05468097 -0.41508257
v 0.15878953 -0.05515049 -0.42479891
v 0.15809338 -0.05515049 -0.43496096
v 0.15988347 -0.04884739 -0.41846991
v 0.16134205 -0.03498911 -0.41499341
v 0.15905473 -0.04499155 -0.43496096
v 0.16018182 -0.04218858 -0.42265952
v 0.16203821 -0.02498667 -0.41499341
v 0.16445814 -0.00499601 -0.38495290
v 0.16313215 -0.01499845 -0.40492052
v 0.16396089 0.00500643 -0.39493668
v 0.16369569 0.01500886 -0.39493668
v 0.15494415 0.09020501 -0.40492052
v 0.15510990 0.09020501 -0.40019602
v 0.16207135 0.03499952 -0.40492052
v 0.16273434 0.02499708 -0.40492052
v 0.16014867 0.05146157 -0.41240835
v 0.16051331 0.04558531 -0.41543913
v 0.15955198 0.05487634 -0.41543913
v 0.15835857 0.06499261 -0.41499341
v 0.15580605 0.07499505 -0.43496096
v 0.15434746 0.08499748 -0.43496096
v 0.15451321 0.09020501 -0.41499341
v 0.15375076 0.09020501 -0.43014735
v 0.15464580 0.09020501 0.20498164
v 0.15365131 0.09020501 0.22494923
v 0.15451321 0.08499748 0.22494923
v 0.15391651 0.08499748 0.23493300
v 0.15530880 0.07499505 0.23493300
v 0.15656850 0.06499261 0.23493300
v 0.15845802 0.05499017 0.22494923
v 0.16081166 0.02499708 0.22494923
v 0.15769559 0.05499017 0.23493300
v 0.15859063 0.04498773 0.23493300
v 0.15945253 0.03458690 0.23439814
v 0.15971772 0.02499708 0.23733981
v 0.16021496 0.02499708 0.23234792
v 0.16120946 0.01500886 0.22494923
v 0.16144150 0.00500643 0.22494923
v 0.16057961 0.00500643 0.23493300
v 0.16004921 -0.00327440 0.24045973
v 0.16044702 -0.00596353 0.23591353
v 0.16041386 -0.01499845 0.23421986
v 0.16120946 -0.01499845 0.22494923
v 0.16077851 -0.02498667 0.22494923
v 0.16021496 -0.02498667 0.23216961
v 0.15971772 -0.02498667 0.23716150
v 0.15832543 -0.03498911 0.24491678
v 0.15941937 -0.03449112 0.23430900
v 0.15855747 -0.04499155 0.23493300
v 0.15978402 -0.03747904 0.22744517
v 0.15945253 -0.04436550 0.22441436
v 0.15839173 -0.05499399 0.22494923
v 0.15902157 -0.05515049 0.21514373
v 0.15945253 -0.05515049 -0.41463685
v 0.15723149 -0.05515049 -0.44494474
v 0.15994976 -0.03941408 -0.42934507
v 0.16051331 -0.03564360 -0.42560118
v 0.15994976 -0.02922668 -0.43941802
v 0.15815969 -0.04499155 -0.44494474
v 0.15975086 -0.03564360 -0.43567413
v 0.16246915 -0.01499845 -0.41499341
v 0.16041386 -0.02552734 -0.43567413
v 0.16339734 -0.00499601 -0.40492052
v 0.16343050 0.00500643 -0.40492052
v 0.16316530 0.01500886 -0.40492052
v 0.16144150 0.03499952 -0.41499341
v 0.16207135 0.02499708 -0.41499341
v 0.15991662 0.04929888 -0.41909391
v 0.15822598 0.05499017 -0.43496096
v 0.15709889 0.06499261 -0.43496096
v 0.15998292 0.03987980 -0.42987996
v 0.15504360 0.07499505 -0.44494474
v 0.15365131 0.08499748 -0.44494474
v 0.15245792 0.09020501 -0.45020407
v 0.15282257 0.09020501 -0.44494474
v 0.15315408 0.09020501 -0.44013113
v 0.15348557 0.09020501 -0.43496096
v 0.15308776 0.09020501 0.23493300
v 0.15239163 0.09020501 0.24491678
v 0.15315408 0.08499748 0.24491678
v 0.15232533 0.08499748 0.25498968
v 0.15448005 0.07499505 0.24491678
v 0.15358502 0.07499505 0.25498968
v 0.15567344 0.06499261 0.24491678
v 0.15471211 0.06499261 0.25498968
v 0.15673424 0.05499017 0.24491678
v 0.15762928 0.04498773 0.24491678
v 0.15832543 0.03499952 0.24491678
v 0.15988347 0.01671625 0.23903348
v 0.15892212 0.02499708 0.24491678
v 0.16031441 0.01402712 0.23537870
v 0.15998292 0.01004322 0.23992489
v 0.16001607 0.00500643 0.24028145
v 0.15945253 0.00500643 0.24536248
v 0.15829228 0.00500643 0.25498968
v 0.15825914 -0.00499601 0.25498968
v 0.15955198 -0.00596353 0.24420364
v 0.15998292 -0.00994744 0.23992489
v 0.15991662 -0.01499845 0.23921175
v 0.15888898 -0.02498667 0.24491678
v 0.15759614 -0.04499155 0.24491678
v 0.15716518 -0.03498911 0.25498968
v 0.15646905 -0.04499155 0.25498968
v 0.15762928 -0.05499399 0.23493300
v 0.15670109 -0.05499399 0.24491678
v 0.15835857 -0.05515049 0.22512750
v 0.15620385 -0.05515049 -0.45492852
v 0.15892212 -0.03498911 -0.44494474
v 0.15779504 -0.03498911 -0.45492852
v 0.15955198 -0.02552734 -0.44458818
v 0.16011551 -0.02255364 -0.44102257
v 0.15706573 -0.04499155 -0.45492852
v 0.16273434 -0.00499601 -0.41499341
v 0.16091111 -0.01499845 -0.43496096
v 0.16273434 0.00500643 -0.41499341
v 0.16250230 0.01500886 -0.41499341
v 0.16021496 0.03322099 -0.43299985
v 0.16130891 0.02499708 -0.42497718
v 0.15994976 0.02950742 -0.43968546
v 0.15915418 0.04498773 -0.43496096
v 0.15736409 0.05499017 -0.44494474
v 0.15627015 0.06499261 -0.44494474
v 0.15981717 0.03592435 -0.43576324
v 0.15414856 0.07499505 -0.45492852
v 0.15282257 0.08499748 -0.45492852
v 0.15206012 0.09020501 -0.45492852
v 0.15156288 0.09020501 0.25516796
v 0.15060154 0.09020501 0.26497346
v 0.15129769 0.08499748 0.26497346
v 0.15570660 0.05499017 0.25498968
v 0.15242477 0.07499505 0.26497346
v 0.15348557 0.06499261 0.26497346
v 0.15650219 0.04498773 0.25498968
v 0.15719834 0.03499952 0.25498968
v 0.15941937 0.01402712 0.24393623
v 0.15772873 0.02499708 0.25498968
v 0.15809338 0.01500886 0.25498968
v 0.15676740 0.00500643 0.26497346
v 0.15676740 -0.00499601 0.26497346
v 0.15806024 -0.01499845 0.25498968
v 0.15925363 -0.01499845 0.24491678
v 0.15769559 -0.02498667 0.25498968
v 0.15564030 -0.05515049 0.25498968
v 0.15573975 -0.03498911 0.26497346
v 0.15510990 -0.04499155 0.26497346
v 0.15434746 -0.05499399 0.26497346
v 0.15759614 -0.05515049 0.23511128
v 0.15666795 -0.05515049 0.24509506
v 0.15494415 -0.05515049 -0.46491235
v 0.15573975 -0.04499155 -0.46491235
v 0.15640275 -0.03498911 -0.46491235
v 0.15835857 -0.02498667 -0.45492852
v 0.15872322 -0.01499845 -0.45492852
v 0.15965141 -0.01499845 -0.44717330
v 0.16024812 -0.01499845 -0.44218141
v 0.16114315 -0.00499601 -0.43496096
v 0.16197190 0.00500643 -0.42497718
v 0.16173986 0.01500886 -0.42497718
v 0.16044702 0.02569426 -0.43576324
v 0.16011551 0.02283439 -0.44120085
v 0.15958512 0.02569426 -0.44467735
v 0.15786134 0.03499952 -0.45492852
v 0.15898843 0.03499952 -0.44494474
v 0.15825914 0.04498773 -0.44494474
v 0.15630330 0.05499017 -0.45492852
v 0.15530880 0.06499261 -0.45492852
v 0.15305462 0.07499505 -0.46491235
v 0.15182808 0.08499748 -0.46491235
v 0.15162918 0.09020501 -0.45992041
v 0.15003799 0.09020501 0.27023280
v 0.15438060 0.05499017 0.26497346
v 0.15033634 0.08499748 0.27201563
v 0.15080044 0.07503773 0.27549213
v 0.15179493 0.06499261 0.27495724
v 0.15514305 0.04498773 0.26497346
v 0.15577289 0.03499952 0.26497346
v 0.15627015 0.02499708 0.26497346
v 0.15656850 0.01500886 0.26497346
v 0.15454637 0.01500886 0.27495724
v 0.15471211 0.00500643 0.27495724
v 0.15656850 -0.01499845 0.26497346
v 0.15471211 -0.00499601 0.27495724
v 0.15454637 -0.01499845 0.27495724
v 0.15623699 -0.02498667 0.26497346
v 0.15431431 -0.05515049 0.26506263
v 0.15381706 -0.03498911 0.27495724
v 0.15325353 -0.04499155 0.27495724
v 0.15259053 -0.05515049 0.27495724
v 0.15331982 -0.05515049 -0.47498524
v 0.15404911 -0.04499155 -0.47498524
v 0.15693314 -0.02498667 -0.46491235
v 0.15464580 -0.03498911 -0.47498524
v 0.15729779 -0.01499845 -0.46491235
v 0.15895528 -0.00499601 -0.45492852
v 0.16038072 -0.00499601 -0.44316196
v 0.16117631 0.00500643 -0.43496096
v 0.16094427 0.01500886 -0.43496096
v 0.16028127 0.01500886 -0.44235969
v 0.15839173 0.02499708 -0.45492852
v 0.15650219 0.03499952 -0.46491235
v 0.15583920 0.04498773 -0.46491235
v 0.15716518 0.04498773 -0.45492852
v 0.15504360 0.05499017 -0.46491235
v 0.15411541 0.06499261 -0.46491235
v 0.15162918 0.07499505 -0.47498524
v 0.15056838 0.08467024 -0.47489613
v 0.15027004 0.09020501 -0.47222185
v 0.15053524 0.09020501 -0.47017163
v 0.15113193 0.09020501 -0.46464491
v 0.14920925 0.09020501 0.27540296
v 0.14954075 0.08499748 0.27700752
v 0.15262367 0.05499017 0.27495724
v 0.14983909 0.07839559 0.27914691
v 0.15013744 0.07172255 0.28048402
v 0.15328667 0.04498773 0.27495724
v 0.15385021 0.03499952 0.27495724
v 0.15428115 0.02499708 0.27495724
v 0.15156288 0.02499708 0.28440619
v 0.15169547 0.01500886 0.28467363
v 0.15176179 0.00500643 0.28485191
v 0.15424801 -0.02498667 0.27495724
v 0.15176179 -0.00499601 0.28485191
v 0.15169547 -0.01499845 0.28467363
v 0.15156288 -0.02498667 0.28440619
v 0.15136398 -0.03498911 0.28396052
v 0.15109879 -0.04499155 0.28333652
v 0.15080044 -0.05499399 0.28253424
v 0.15076728 -0.05515049 0.28262341
v 0.15123138 -0.05515049 -0.48381019
v 0.15119824 -0.05499399 -0.48398846
v 0.15510990 -0.02498667 -0.47498524
v 0.15199383 -0.03498911 -0.48496902
v 0.15540825 -0.01499845 -0.47498524
v 0.15749669 -0.00499601 -0.46491235
v 0.15895528 0.00500643 -0.45492852
v 0.15978402 0.00500643 -0.44824296
v 0.16038072 0.00500643 -0.44325107
v 0.15968457 0.01500886 -0.44735157
v 0.15875638 0.01500886 -0.45492852
v 0.15699944 0.02499708 -0.46491235
v 0.15471211 0.03499952 -0.47498524
v 0.15411541 0.04498773 -0.47498524
v 0.15341927 0.05499017 -0.47498524
v 0.15259053 0.06499261 -0.47498524
v 0.15010428 0.08111318 -0.48042285
v 0.14973964 0.08778622 -0.47819430
v 0.14960705 0.09020501 -0.47712463
v 0.14728656 0.09020501 0.28494102
v 0.15040264 0.06499261 0.28146458
v 0.14775066 0.08499748 0.28494102
v 0.15080044 0.05499017 0.28253424
v 0.15109879 0.04498773 0.28333652
v 0.15136398 0.03499952 0.28396052
v 0.14960705 0.03499952 0.28895241
v 0.14977279 0.02499708 0.28939807
v 0.14987224 0.01500886 0.28966552
v 0.14993854 0.00500643 0.28984380
v 0.14993854 -0.00499601 0.28984380
v 0.14987224 -0.01499845 0.28966552
v 0.14977279 -0.02498667 0.28939807
v 0.14960705 -0.03498911 0.28895241
v 0.14940815 -0.04499155 0.28832841
v 0.14914295 -0.05515049 0.28752613
v 0.14967334 -0.05515049 -0.48889124
v 0.15126453 -0.04449356 -0.48577130
v 0.15235847 -0.02498667 -0.48496902
v 0.14987224 -0.04748148 -0.48960435
v 0.15000485 -0.04082268 -0.49005008
v 0.15560715 -0.00499601 -0.47498524
v 0.15262367 -0.01499845 -0.48496902
v 0.15564030 0.00500643 -0.47498524
v 0.15749669 0.00500643 -0.46491235
v 0.15733095 0.01500886 -0.46491235
v 0.15517621 0.02499708 -0.47498524
v 0.15202698 0.03499952 -0.48496902
v 0.15123138 0.05499017 -0.48407763
v 0.15083359 0.06499261 -0.48291880
v 0.15040264 0.07499505 -0.48149252
v 0.14874515 0.08467024 -0.48425591
v 0.14808215 0.09020501 -0.48461246
v 0.14901035 0.09020501 -0.48051196
v 0.14360695 0.09020501 0.29492486
v 0.14874515 0.07503773 0.28431708
v 0.14887775 0.06499261 0.28645647
v 0.14914295 0.05499017 0.28752613
v 0.14940815 0.04498773 0.28832841
v 0.14052401 0.04498773 0.31079191
v 0.14075606 0.03499952 0.31132674
v 0.14098811 0.02499708 0.31168330
v 0.14112070 0.01500886 0.31195074
v 0.14118701 0.00500643 0.31212902
v 0.14118701 -0.00499601 0.31212902
v 0.14112070 -0.01499845 0.31195074
v 0.14098811 -0.02498667 0.31177247
v 0.14078921 -0.03498911 0.31132674
v 0.14052401 -0.04499155 0.31088108
v 0.14022566 -0.05515049 0.31034619
v 0.14463459 -0.05515049 -0.49468541
v 0.14964019 -0.05499399 -0.48898035
v 0.15013744 -0.03498911 -0.49022835
v 0.15278943 -0.00499601 -0.48496902
v 0.15030318 -0.02498667 -0.49040663
v 0.15043579 -0.01499845 -0.49058491
v 0.15547456 0.01500886 -0.47498524
v 0.15278943 0.00500643 -0.48496902
v 0.15265682 0.01500886 -0.48496902
v 0.15242477 0.02499708 -0.48496902
v 0.15003799 0.04134530 -0.49005008
v 0.14987224 0.04801834 -0.48969352
v 0.15129769 0.04480276 -0.48577130
v 0.14967334 0.05499017 -0.48906952
v 0.14937499 0.06499261 -0.48799980
v 0.14901035 0.07499505 -0.48648441
v 0.14576167 0.09020501 -0.48969352
v 0.13969527 0.09020501 0.30410635
v 0.13972841 0.06698456 0.30918735
v 0.13999362 0.06031152 0.30998963
v 0.14019251 0.05499017 0.31025708
v 0.13747424 0.03499952 0.31631863
v 0.13780573 0.02499708 0.31667519
v 0.13800463 0.01500886 0.31694263
v 0.13813724 0.00500643 0.31712091
v 0.13813724 -0.00499601 0.31712091
v 0.13803779 -0.01499845 0.31694263
v 0.13783889 -0.02498667 0.31676435
v 0.13754053 -0.03498911 0.31631863
v 0.13717589 -0.04499155 0.31587297
v 0.13671179 -0.05515049 0.31533808
v 0.13939692 -0.05515049 -0.49967730
v 0.15050209 -0.00499601 -0.49067408
v 0.14499924 -0.01499845 -0.49539852
v 0.15050209 0.00500643 -0.49067408
v 0.15043579 0.01500886 -0.49058491
v 0.15033634 0.02499708 -0.49049574
v 0.15017059 0.03499952 -0.49022835
v 0.13923118 0.09020501 -0.49949902
v 0.14135276 0.09020501 -0.49709219
v 0.14340805 0.09020501 -0.49441797
v 0.13856818 0.09020501 0.30669141
v 0.13323107 0.09020501 0.31462497
v 0.13478911 0.07499505 0.31498152
v 0.13667864 0.06418160 0.31400096
v 0.13661234 0.05499017 0.31533808
v 0.13707644 0.04498773 0.31578380
v 0.13246863 0.03499952 0.32300425
v 0.13280012 0.02499708 0.32344991
v 0.13299902 0.01500886 0.32371736
v 0.13313162 0.00500643 0.32389563
v 0.13313162 -0.00499601 0.32389563
v 0.13303217 -0.01499845 0.32380646
v 0.13286641 -0.02498667 0.32353908
v 0.13256808 -0.03498911 0.32309335
v 0.13217027 -0.04499155 0.32264763
v 0.13170618 -0.05515049 0.32202369
v 0.13439131 -0.05515049 -0.50199497
v 0.13949637 -0.02498667 -0.49967730
v 0.14499924 -0.00499601 -0.49548763
v 0.14499924 0.00500643 -0.49548763
v 0.14499924 0.01500886 -0.49539852
v 0.13933063 0.07499505 -0.49958813
v 0.13425870 0.09020501 -0.50199497
v 0.13101004 0.09020501 0.31729919
v 0.13004869 0.08048714 0.32006258
v 0.13313162 0.08428608 0.31569469
v 0.13104318 0.06499261 0.32122141
v 0.13160673 0.05499017 0.32184541
v 0.13207082 0.04498773 0.32246935
v 0.12825860 0.03499952 0.32799613
v 0.12865640 0.02499708 0.32844180
v 0.12892160 0.01500886 0.32870924
v 0.12905420 0.00500643 0.32888752
v 0.12908734 -0.00499601 0.32888752
v 0.12895475 -0.01499845 0.32879835
v 0.12872270 -0.02498667 0.32853097
v 0.12835805 -0.03498911 0.32808524
v 0.12792711 -0.04499155 0.32763952
v 0.12736356 -0.05515049 0.32701558
v 0.13449076 -0.02498667 -0.50199497
v 0.12497678 -0.05515049 -0.50413436
v 0.13452391 -0.00499601 -0.50199497
v 0.13949637 0.02499708 -0.49967730
v 0.13946322 0.03499952 -0.49967730
v 0.13939692 0.05499017 -0.49967730
v 0.13442446 0.05499017 -0.50199497
v 0.12497678 0.09020501 -0.50413436
v 0.12931940 0.09020501 0.31926030
v 0.12955144 0.08714595 0.31952775
v 0.12159550 0.06499261 0.33165091
v 0.12656796 0.06499261 0.32621330
v 0.12723096 0.05499017 0.32683730
v 0.12779450 0.04498773 0.32746124
v 0.12328614 0.03499952 0.33361197
v 0.11910927 0.02499708 0.33904958
v 0.12391599 0.01500886 0.33432513
v 0.12404858 0.00500643 0.33450341
v 0.12408174 -0.00499601 0.33450341
v 0.12394913 -0.01499845 0.33441424
v 0.12371708 -0.02498667 0.33414686
v 0.12338559 -0.03498911 0.33370113
v 0.12292150 -0.04499155 0.33316630
v 0.12229165 -0.05515049 0.33263141
v 0.10512008 -0.05515049 -0.50440174
v 0.13452391 0.00500643 -0.50199497
v 0.13445760 0.04498773 -0.50199497
v 0.10498748 0.07499505 -0.50440174
v 0.09497625 0.09020501 -0.50449091
v 0.12079991 0.09020501 0.32826352
v 0.11973912 0.08856877 0.32968980
v 0.12030266 0.08189573 0.33031380
v 0.11682194 0.06499261 0.33664280
v 0.11254562 0.05499017 0.34261525
v 0.11755123 0.05499017 0.33735591
v 0.12222535 0.05499017 0.33236402
v 0.12278889 0.04498773 0.33298802
v 0.11867832 0.03499952 0.33860385
v 0.11937447 0.01500886 0.33931702
v 0.10929695 0.02499708 0.34930080
v 0.10959529 0.01500886 0.34956819
v 0.11436886 0.01500886 0.34457630
v 0.11957337 0.00500643 0.33949530
v 0.11957337 -0.00499601 0.33949530
v 0.11944077 -0.01499845 0.33940613
v 0.11920872 -0.02498667 0.33913875
v 0.11881092 -0.03498911 0.33869302
v 0.11831368 -0.04499155 0.33815819
v 0.11761753 -0.05515049 0.33762330
v 0.06514147 -0.05515049 -0.50484747
v 0.02499712 0.01500886 -0.50529313
v 0.06497572 0.05499017 -0.50484747
v 0.01498589 0.04498773 -0.50538230
v 0.03497520 0.08499748 -0.50511485
v 0.05977121 0.09020501 -0.50484747
v 0.11960652 0.09020501 0.32951152
v 0.11712029 0.09020501 0.33209658
v 0.11068924 0.09020501 0.33869302
v 0.11039089 0.08232258 0.34038669
v 0.11102073 0.07499505 0.34101069
v 0.10691016 0.06499261 0.34689397
v 0.10767261 0.05499017 0.34760714
v 0.10830245 0.04498773 0.34823108
v 0.11314232 0.04498773 0.34323919
v 0.11814793 0.04498773 0.33797991
v 0.10886600 0.03499952 0.34885508
v 0.09935202 0.02499708 0.35937369
v 0.09968352 0.01500886 0.35964113
v 0.10979419 0.00500643 0.34974647
v 0.11456776 0.00500643 0.34475458
v 0.10982734 -0.00499601 0.34974647
v 0.11446831 -0.01499845 0.34466547
v 0.11420311 -0.02498667 0.34439802
v 0.11380531 -0.03498911 0.34395236
v 0.11330806 -0.04499155 0.34341747
v 0.11261192 -0.05515049 0.34288263
v 0.00514042 -0.05515049 -0.50538230
v 0.01498589 -0.04499155 -0.50538230
v 0.02499712 -0.01499845 -0.50529313
v 0.00497467 0.00500643 -0.50547147
v 0.00497467 0.08499748 -0.50538230
v 0.02499712 0.08499748 -0.50520402
v 0.04979314 0.09020501 -0.50493658
v 0.10067801 0.09020501 0.34867680
v 0.10512008 0.08568044 0.34511119
v 0.10107581 0.07499505 0.35108358
v 0.10193770 0.06499261 0.35188586
v 0.10266700 0.05499017 0.35268813
v 0.10329684 0.04498773 0.35331213
v 0.09892107 0.03499952 0.35892802
v 0.08930764 0.02499708 0.36926836
v 0.09467790 0.01500886 0.36463302
v 0.09988242 0.00500643 0.35981941
v 0.10969474 -0.01499845 0.34965736
v 0.10482173 -0.00499601 0.35482752
v 0.10942955 -0.02498667 0.34938991
v 0.10899860 -0.03498911 0.34894425
v 0.10850135 -0.04499155 0.34840935
v 0.10777205 -0.05515049 0.34787452
v -0.00497026 -0.05515049 -0.50538230
v 0.00497467 -0.00499601 -0.50547147
v -0.05499324 0.04498773 -0.50493658
v -0.02499271 0.07499505 -0.50520402
v -0.00497026 0.07499505 -0.50538230
v -0.01017477 0.09020501 -0.50529313
v 0.00978138 0.09020501 -0.50529313
v 0.01979261 0.09020501 -0.50520402
v 0.09076623 0.09020501 0.35848230
v 0.09510885 0.08558084 0.35509497
v 0.09603705 0.07499505 0.35607553
v 0.09192647 0.06499261 0.36186963
v 0.09769453 0.05499017 0.35768002
v 0.09335192 0.04498773 0.36329591
v 0.08828000 0.04498773 0.36828780
v 0.08884355 0.03499952 0.36882263
v 0.08430203 0.02499708 0.37417108
v 0.08960599 0.01500886 0.36962491
v 0.09487680 0.00500643 0.36481130
v 0.09988242 -0.00499601 0.35981941
v 0.10468913 -0.01499845 0.35473835
v 0.10442393 -0.02498667 0.35447097
v 0.10399298 -0.03498911 0.35402524
v 0.10349574 -0.04499155 0.35349041
v 0.10276644 -0.05515049 0.35295558
v -0.02499271 -0.05515049 -0.50520402
v -0.05499324 -0.04499155 -0.50493658
v -0.09497184 0.07499505 -0.50449091
v -0.04498201 0.06499261 -0.50502574
v -0.03497079 0.07499505 -0.50511485
v -0.03019722 0.09020501 -0.50511485
v 0.08711976 0.09020501 0.36204791
v 0.09040158 0.08215185 0.36035424
v 0.09106458 0.07499505 0.36097825
v 0.08181580 0.06499261 0.37176430
v 0.08261139 0.05499017 0.37247741
v 0.07810303 0.04498773 0.37818247
v 0.08383793 0.03499952 0.37372541
v 0.08463353 0.01500886 0.37443852
v 0.07913067 0.02499708 0.37916297
v 0.08980489 0.00500643 0.36980319
v 0.09487680 -0.00499601 0.36481130
v 0.08983804 -0.00499601 0.36980319
v 0.09974982 -0.01499845 0.35973030
v 0.09477735 -0.01499845 0.36472219
v 0.09948462 -0.02498667 0.35946286
v 0.09905367 -0.03498911 0.35901713
v 0.09852327 -0.04499155 0.35848230
v 0.09779398 -0.05515049 0.35794747
v -0.04498201 -0.05515049 -0.50502574
v -0.05482749 -0.05515049 -0.50493658
v -0.09497184 -0.05515049 -0.50449091
v -0.11018758 0.09020501 -0.50431263
v -0.04017530 0.09020501 -0.50502574
v 0.08088761 0.09020501 0.36810952
v 0.08032406 0.08175346 0.37024891
v 0.08095390 0.07499505 0.37087291
v 0.07664444 0.06499261 0.37675619
v 0.07243442 0.05499017 0.38228291
v 0.07369411 0.03499952 0.38344175
v 0.07866658 0.03499952 0.37871730
v 0.06716361 0.05499017 0.38727480
v 0.06782660 0.04498773 0.38789880
v 0.06842330 0.03499952 0.38843364
v 0.08483242 0.00500643 0.37461680
v 0.07946216 0.01500886 0.37943041
v 0.06388178 0.02499708 0.39360380
v 0.06918574 0.01500886 0.38923591
v 0.07445655 0.01500886 0.38424402
v 0.07969421 -0.00499601 0.37969786
v 0.08483242 -0.00499601 0.37470597
v 0.08970544 -0.01499845 0.36971408
v 0.09447900 -0.02498667 0.36445475
v 0.08944024 -0.02498667 0.36944664
v 0.09404806 -0.03498911 0.36400902
v 0.09351766 -0.04499155 0.36347419
v 0.09288782 -0.05499399 0.36285019
v 0.08778276 -0.05515049 0.36784208
v -0.11499429 -0.05515049 -0.50422347
v -0.12019880 0.09020501 -0.50413436
v 0.06931834 0.09020501 0.37934130
v 0.07021338 0.08112741 0.38014352
v 0.07578254 0.07499505 0.37586480
v 0.07163882 0.06499261 0.38156980
v 0.06139555 0.06499261 0.39128613
v 0.06215800 0.05499017 0.39199930
v 0.06282099 0.04498773 0.39262325
v 0.06341769 0.03499952 0.39315814
v 0.07966106 0.00500643 0.37960869
v 0.05847837 0.02499708 0.39859569
v 0.06418013 0.01500886 0.39387125
v 0.06938464 0.00500643 0.38941419
v 0.07465545 0.00500643 0.38442230
v 0.07956161 -0.01499845 0.37951958
v 0.06941779 -0.00499601 0.38941419
v 0.06928519 -0.01499845 0.38932508
v 0.07455600 -0.01499845 0.38433319
v 0.07883232 -0.03498911 0.37889558
v 0.08900929 -0.03498911 0.36900091
v 0.07429080 -0.02498667 0.38406575
v 0.08847890 -0.04499155 0.36846608
v 0.08781590 -0.05499399 0.36784208
v 0.08271084 -0.05515049 0.37274486
v -0.12497237 -0.05515049 -0.50404519
v -0.12497237 0.09020501 -0.50404519
v 0.06119665 0.09020501 0.38709652
v 0.05940656 0.08696098 0.38941419
v 0.06003641 0.08028795 0.39003819
v 0.07077693 0.07499505 0.38067842
v 0.06053366 0.07499505 0.39048392
v 0.05042298 0.07241974 0.40037853
v 0.05602529 0.06499261 0.39627802
v 0.05678773 0.05499017 0.39699119
v 0.05745073 0.04498773 0.39761513
v 0.05801427 0.03499952 0.39815003
v 0.05029038 0.03499952 0.40519214
v 0.05068818 0.03046071 0.40519214
v 0.05115227 0.02499708 0.40519214
v 0.05178212 0.01500886 0.40519214
v 0.05877672 0.01500886 0.39886314
v 0.06437903 0.00500643 0.39404953
v 0.06441218 -0.00499601 0.39404953
v 0.06898684 -0.02498667 0.38905764
v 0.06427958 -0.01499845 0.39396036
v 0.06401438 -0.02498667 0.39369297
v 0.07830192 -0.04499155 0.37836075
v 0.08347329 -0.04499155 0.37336886
v 0.06855590 -0.03498911 0.38861191
v 0.07753948 -0.05515049 0.37773675
v -0.13325980 -0.05515049 -0.50199497
v -0.13352500 0.01500886 -0.50190580
v -0.13349186 0.03499952 -0.50190580
v -0.13345870 0.04498773 -0.50190580
v -0.13335925 0.06499261 -0.50190580
v -0.13329296 0.07499505 -0.50190580
v -0.13319351 0.08499748 -0.50190580
v -0.13312721 0.09020501 -0.50190580
v 0.04876549 0.09020501 0.39886314
v 0.04929589 0.08499748 0.39930886
v 0.04982629 0.07909277 0.39984369
v 0.04326263 0.08331855 0.40519214
v 0.04472122 0.07495236 0.40519214
v 0.04508587 0.07280390 0.40519214
v 0.04621296 0.06601704 0.40519214
v 0.04637871 0.06499261 0.40519214
v 0.05101968 0.06499261 0.40091336
v 0.05178212 0.05499017 0.40162653
v 0.04916329 0.04498773 0.40519214
v 0.05191472 0.01155141 0.40519214
v 0.05897562 0.00500643 0.39904141
v 0.05900877 -0.00499601 0.39904141
v 0.05818002 -0.03498911 0.39832830
v 0.05887617 -0.01499845 0.39895231
v 0.05857782 -0.02498667 0.39868486
v 0.07253387 -0.05515049 0.38255036
v 0.06802550 -0.04499155 0.38807708
v 0.06736250 -0.05515049 0.38745308
v 0.06301989 -0.04499155 0.39280158
v -0.13839802 -0.05515049 -0.49896413
v -0.13846432 -0.03498911 -0.49905330
v -0.13345870 -0.04499155 -0.50190580
v -0.13349186 -0.03498911 -0.50190580
v -0.13352500 -0.01499845 -0.50190580
v -0.13853061 0.01500886 -0.49905330
v -0.13846432 0.03499952 -0.49905330
v -0.13839802 0.05499017 -0.49896413
v -0.13826542 0.07499505 -0.49869674
v -0.13819912 0.08499748 -0.49851847
v -0.13813283 0.09020501 -0.49834019
v 0.04379303 0.09020501 0.40349847
v 0.04296429 0.08499748 0.40519214
v 0.04787045 0.05499017 0.40519214
v 0.05214677 0.00500643 0.40519214
v 0.05400315 -0.00499601 0.40358758
v 0.05217992 0.00179085 0.40519214
v 0.05761648 -0.04499155 0.39779347
v 0.05360536 -0.02498667 0.40323102
v 0.05058873 -0.03498911 0.40519214
v 0.04952794 -0.04499155 0.40519214
v 0.05194787 -0.01499845 0.40519214
v 0.06235689 -0.05515049 0.39217758
v 0.05198102 -0.05515049 0.40180480
v 0.05688718 -0.05515049 0.39725858
v -0.14390087 -0.05515049 -0.49397224
v -0.14426552 -0.04499155 -0.49397224
v -0.14449757 -0.03498911 -0.49406141
v -0.14466332 -0.02498667 -0.49406141
v -0.14479592 -0.01499845 -0.49406141
v -0.14486222 -0.00499601 -0.49406141
v -0.13853061 -0.01499845 -0.49905330
v -0.14486222 0.00500643 -0.49406141
v -0.14479592 0.01500886 -0.49406141
v -0.14466332 0.02499708 -0.49406141
v -0.14449757 0.03499952 -0.49406141
v -0.14400032 0.05499017 -0.49397224
v -0.14330418 0.07499505 -0.49370486
v -0.14264119 0.09020501 -0.49334830
v 0.04196979 0.09020501 0.40519214
v 0.05221307 -0.00499601 0.40519214
v 0.05141747 -0.02498667 0.40519214
v 0.04873234 -0.05130888 0.40519214
v 0.04823510 -0.05499399 0.40519214
v 0.04820195 -0.05515049 0.40519214
v -0.14396718 -0.05515049 -0.49388313
v -0.14400032 -0.05499399 -0.49388313
v -0.14980154 -0.01499845 -0.48951524
v -0.14986783 -0.00499601 -0.48969352
v -0.14986783 0.00500643 -0.48969352
v -0.14980154 0.01500886 -0.48951524
v -0.14966893 0.02499708 -0.48924780
v -0.14950319 0.03499952 -0.48871297
v -0.14927113 0.04498773 -0.48808897
v -0.14900593 0.05499017 -0.48710841
v -0.14867444 0.06499261 -0.48586047
v -0.14714955 0.08499748 -0.48496902
v -0.14661916 0.09020501 -0.48496902
v -0.03185471 0.09020501 0.40519214
v -0.03185471 -0.05515049 0.40519214
v -0.14890648 -0.05515049 -0.48719758
v -0.14927113 -0.04499155 -0.48799980
v -0.14947003 -0.03498911 -0.48871297
v -0.14966893 -0.02498667 -0.48924780
v -0.15165792 -0.01499845 -0.48452336
v -0.15175737 -0.00499601 -0.48470163
v -0.15175737 0.00500643 -0.48470163
v -0.15165792 0.01500886 -0.48452336
v -0.15152532 0.02499708 -0.48425591
v -0.15129328 0.03499952 -0.48372108
v -0.15099493 0.04498773 -0.48300791
v -0.15066342 0.05499017 -0.48211652
v -0.15026563 0.06499261 -0.48086858
v -0.14847554 0.07418404 -0.48398846
v -0.15000044 0.07031396 -0.48006630
v -0.14966893 0.07698700 -0.47810519
v -0.14930429 0.08516823 -0.47489613
v -0.14864129 0.09020501 -0.47489613
v -0.07173386 0.03499952 0.39155358
v -0.06172264 0.02284862 0.40118080
v -0.06265083 0.01500886 0.40207219
v -0.05499324 0.00500643 0.40376586
v -0.03195416 0.01835250 0.40519214
v -0.03361164 0.09020501 0.40349847
v -0.08174509 0.04148759 0.38156980
v -0.03195416 -0.01499845 0.40519214
v -0.06271713 -0.00499601 0.40216136
v -0.06198784 -0.01499845 0.40126991
v -0.06086074 -0.02061860 0.40037853
v -0.07156812 -0.03120440 0.39110786
v -0.08184454 -0.03248494 0.38183725
v -0.03361164 -0.05515049 0.40349847
v -0.14897279 -0.05515049 -0.48701930
v -0.15099493 -0.04499155 -0.48300791
v -0.15129328 -0.03498911 -0.48372108
v -0.15149216 -0.02498667 -0.48416674
v -0.15444250 -0.01499845 -0.47498524
v -0.15460825 -0.00499601 -0.47498524
v -0.15460825 0.00500643 -0.47498524
v -0.15444250 0.01500886 -0.47498524
v -0.15414415 0.02499708 -0.47498524
v -0.15364690 0.03499952 -0.47498524
v -0.15305021 0.04498773 -0.47498524
v -0.15232092 0.05499017 -0.47498524
v -0.15142587 0.06499261 -0.47498524
v -0.15053083 0.07418404 -0.47489613
v -0.15023248 0.08195265 -0.47150874
v -0.14980154 0.08861145 -0.46856713
v -0.14966893 0.09020501 -0.46767569
v -0.07673948 0.03499952 0.38754225
v -0.07262891 0.02499708 0.39262325
v -0.06271713 0.00500643 0.40233964
v -0.06765644 0.01500886 0.39761513
v -0.07153496 0.09020501 0.36668324
v -0.09149112 0.04134530 0.37167513
v -0.08764575 0.03499952 0.37755847
v -0.08264013 0.03499952 0.38255036
v -0.12735915 0.09020501 0.31248558
v -0.12994483 0.09020501 0.30990052
v -0.06768959 -0.00499601 0.39752603
v -0.07256261 -0.01499845 0.39271241
v -0.07252946 -0.02498667 0.39226669
v -0.06699345 -0.01499845 0.39770430
v -0.07428639 -0.05515049 0.36400902
v -0.07753507 -0.02498667 0.38763136
v -0.08267328 -0.02498667 0.38263947
v -0.09268451 -0.02498667 0.37265569
v -0.09178946 -0.03225729 0.37185341
v -0.12994483 -0.05515049 0.30990052
v -0.12503867 -0.05515049 0.31471413
v -0.10972348 -0.05515049 0.32960063
v -0.08943583 -0.05515049 0.34930080
v -0.15063028 -0.05515049 -0.48211652
v -0.15364690 -0.03498911 -0.47498524
v -0.15411100 -0.02498667 -0.47498524
v -0.15643148 -0.01499845 -0.46491235
v -0.15663038 -0.00499601 -0.46491235
v -0.15663038 0.00500643 -0.46491235
v -0.15643148 0.01500886 -0.46491235
v -0.15609999 0.02499708 -0.46491235
v -0.15556958 0.03499952 -0.46491235
v -0.15490660 0.04498773 -0.46491235
v -0.15407786 0.05499017 -0.46491235
v -0.15308335 0.06499261 -0.46491235
v -0.15198942 0.07499505 -0.46491235
v -0.15069658 0.08516823 -0.46509063
v -0.15003358 0.09020501 -0.46482319
v -0.09762382 0.02499708 0.36766380
v -0.06772275 0.00500643 0.39752603
v -0.09248561 0.03499952 0.37256658
v -0.10259628 0.02499708 0.36267191
v -0.13180122 0.09020501 0.30749369
v -0.10160179 0.03266609 0.36178052
v -0.10766820 0.00500643 0.35759091
v -0.10266259 -0.01499845 0.36258280
v -0.09769012 -0.02498667 0.36703980
v -0.10173439 -0.02498667 0.36204791
v -0.14340363 -0.05515049 0.29385513
v -0.15225461 -0.05515049 -0.47507441
v -0.15228777 -0.05499399 -0.47498524
v -0.15301706 -0.04499155 -0.47498524
v -0.15553644 -0.03498911 -0.46491235
v -0.15606683 -0.02498667 -0.46491235
v -0.15795638 -0.01499845 -0.45492852
v -0.15818842 -0.00499601 -0.45492852
v -0.15818842 0.00500643 -0.45492852
v -0.15798952 0.01500886 -0.45492852
v -0.15762487 0.02499708 -0.45492852
v -0.15702818 0.03499952 -0.45492852
v -0.15629889 0.04498773 -0.45492852
v -0.15543699 0.05499017 -0.45492852
v -0.15437619 0.06499261 -0.45492852
v -0.15318280 0.07499505 -0.45492852
v -0.15029877 0.09020501 -0.46250552
v -0.13614383 0.09020501 0.30178869
v -0.13876267 0.09020501 0.29822302
v -0.14051960 0.09020501 0.29581624
v -0.11114892 0.01500886 0.35197502
v -0.10770135 0.01500886 0.35696691
v -0.11174562 0.00500643 0.35259902
v -0.10770135 -0.00499601 0.35732347
v -0.11144727 -0.00499601 0.35233158
v -0.14864129 -0.04499155 0.28636730
v -0.14840925 -0.05515049 0.28547591
v -0.15401155 -0.05515049 -0.46509063
v -0.15487345 -0.04499155 -0.46491235
v -0.15702818 -0.03498911 -0.45492852
v -0.15759173 -0.02498667 -0.45492852
v -0.15938181 -0.01437241 -0.44405335
v -0.16001166 -0.01061616 -0.44013113
v -0.15941496 -0.00499601 -0.44556874
v -0.16007796 0.00500643 -0.44057685
v -0.16001166 0.01086845 -0.44013113
v -0.15991221 0.01752726 -0.43906146
v -0.15888457 0.02499708 -0.44494474
v -0.15825473 0.03499952 -0.44494474
v -0.15749228 0.04498773 -0.44494474
v -0.15656409 0.05499017 -0.44494474
v -0.15543699 0.06499261 -0.44494474
v -0.15417729 0.07499505 -0.44494474
v -0.15182367 0.08499748 -0.45492852
v -0.15102807 0.09020501 -0.45492852
v -0.14227654 0.09020501 0.29314202
v -0.14247544 0.08499748 0.29332030
v -0.14887334 0.03499952 0.28725868
v -0.14903909 0.02499708 0.28770441
v -0.14913854 0.01500886 0.28806096
v -0.14920484 0.00500643 0.28815013
v -0.14920484 -0.00499601 0.28815013
v -0.14913854 -0.01499845 0.28797185
v -0.14900593 -0.02498667 0.28761530
v -0.14884019 -0.03498911 0.28716958
v -0.15076287 -0.03498911 0.28208852
v -0.15049767 -0.04499155 0.28137541
v -0.15016618 -0.05515049 0.28048402
v -0.15537070 -0.05515049 -0.45492852
v -0.15626574 -0.04499155 -0.45492852
v -0.15822157 -0.03498911 -0.44494474
v -0.15885141 -0.02498667 -0.44494474
v -0.15991221 -0.01728920 -0.43897229
v -0.16054206 -0.00499601 -0.43496096
v -0.16004480 -0.00499601 -0.44057685
v -0.16226584 -0.00499601 -0.41499341
v -0.16057520 0.00500643 -0.43496096
v -0.16117190 0.01500886 -0.42497718
v -0.16031000 0.01452511 -0.43540668
v -0.16226584 0.00500643 -0.41499341
v -0.15974645 0.02499708 -0.43710035
v -0.16200064 0.01500886 -0.41499341
v -0.16156970 0.02499708 -0.41499341
v -0.15941496 0.03420274 -0.43415868
v -0.15848677 0.04498773 -0.43496096
v -0.15749228 0.05499017 -0.43496096
v -0.15633203 0.06499261 -0.43496096
v -0.15497290 0.07499505 -0.43496096
v -0.15271871 0.08499748 -0.44494474
v -0.15185682 0.09020501 -0.44530135
v -0.14416608 0.09020501 0.28913069
v -0.14728215 0.07499505 0.28494102
v -0.14844239 0.05499017 0.28565419
v -0.14867444 0.04498773 0.28654557
v -0.15079603 0.03499952 0.28226680
v -0.15099493 0.02499708 0.28271252
v -0.15112752 0.01500886 0.28297997
v -0.15119383 0.00500643 0.28315824
v -0.15119383 -0.00499601 0.28315824
v -0.15112752 -0.01499845 0.28297997
v -0.15096177 -0.02498667 0.28262341
v -0.15314966 -0.02498667 0.27495724
v -0.15271871 -0.03498911 0.27495724
v -0.15212202 -0.04499155 0.27495724
v -0.15142587 -0.05499399 0.27495724
v -0.15139273 -0.05515049 0.27495724
v -0.15649778 -0.05515049 -0.44494474
v -0.15745912 -0.04499155 -0.44494474
v -0.15938181 -0.03412119 -0.43406957
v -0.15971331 -0.02498667 -0.43683296
v -0.16014425 -0.02498667 -0.43184108
v -0.16153654 -0.02498667 -0.41499341
v -0.16196749 -0.01499845 -0.41499341
v -0.16269679 -0.01499845 -0.40492052
v -0.16296199 -0.00499601 -0.40492052
v -0.16299513 0.00500643 -0.40492052
v -0.16001166 0.03034689 -0.43032563
v -0.16272993 0.01500886 -0.40492052
v -0.16226584 0.02499708 -0.40492052
v -0.16087355 0.03499952 -0.41499341
v -0.16021055 0.03420274 -0.42417490
v -0.16024370 0.04266853 -0.41499341
v -0.15977961 0.04767686 -0.41499341
v -0.15997851 0.04986801 -0.40973407
v -0.15825473 0.05499017 -0.42497718
v -0.15898402 0.05499017 -0.41499341
v -0.15772432 0.06499261 -0.41499341
v -0.15348116 0.08499748 -0.43496096
v -0.15626574 0.07499505 -0.41499341
v -0.15258612 0.09020501 -0.43496096
v -0.14588986 0.09020501 0.28494102
v -0.14642026 0.08499748 0.28494102
v -0.14840925 0.06425273 0.28404963
v -0.15003358 0.06042535 0.28003830
v -0.15019932 0.05499017 0.28066230
v -0.15053083 0.04498773 0.28155369
v -0.15278502 0.03499952 0.27495724
v -0.15321596 0.02499708 0.27495724
v -0.15351431 0.01500886 0.27495724
v -0.15364690 0.00500643 0.27495724
v -0.15364690 -0.00499601 0.27495724
v -0.15344800 -0.01499845 0.27495724
v -0.15563589 -0.01499845 0.26497346
v -0.15527125 -0.02498667 0.26497346
v -0.15477400 -0.03498911 0.26497346
v -0.15411100 -0.04499155 0.26497346
v -0.15331541 -0.05515049 0.26497346
v -0.15742597 -0.05515049 -0.43496096
v -0.15842047 -0.04499155 -0.43496096
v -0.15974645 -0.03688146 -0.42693830
v -0.16001166 -0.03020842 -0.43014735
v -0.16084041 -0.03498911 -0.41499341
v -0.16223270 -0.02498667 -0.40492052
v -0.16326033 -0.01499845 -0.39493668
v -0.16355868 -0.00499601 -0.39493668
v -0.16355868 0.00500643 -0.39493668
v -0.16329348 0.01500886 -0.39493668
v -0.16156970 0.03499952 -0.40492052
v -0.16282938 0.02499708 -0.39493668
v -0.16014425 0.05136197 -0.40304852
v -0.15958071 0.05481943 -0.40581191
v -0.16120505 0.04498773 -0.39493668
v -0.16219954 0.04498773 -0.37496912
v -0.15832102 0.06499261 -0.40492052
v -0.15467454 0.08499748 -0.41499341
v -0.15682928 0.07499505 -0.40492052
v -0.15288445 0.09020501 -0.42979079
v -0.14698380 0.09020501 0.28012747
v -0.14940374 0.07499505 0.27682924
v -0.14976838 0.06709838 0.27879030
v -0.15152532 0.05499017 0.27495724
v -0.15222147 0.04498773 0.27495724
v -0.15484029 0.03499952 0.26497346
v -0.15533754 0.02499708 0.26497346
v -0.15566903 0.01500886 0.26497346
v -0.15583479 0.00500643 0.26497346
v -0.15583479 -0.00499601 0.26497346
v -0.15745912 -0.00499601 0.25498968
v -0.15722708 -0.01499845 0.25498968
v -0.15686244 -0.02498667 0.25498968
v -0.15629889 -0.03498911 0.25498968
v -0.15556958 -0.04499155 0.25498968
v -0.15474084 -0.05499399 0.25498968
v -0.15474084 -0.05515049 0.25481141
v -0.15815528 -0.05515049 -0.42506635
v -0.15994535 -0.04955880 -0.40919924
v -0.15974645 -0.04736765 -0.41499341
v -0.15934867 -0.04415208 -0.42417490
v -0.16001166 -0.04026778 -0.42025274
v -0.16021055 -0.04237355 -0.41499341
v -0.16153654 -0.03498911 -0.40492052
v -0.16279624 -0.02498667 -0.39493668
v -0.16435428 -0.01499845 -0.37496912
v -0.16461948 -0.00499601 -0.37496912
v -0.16465262 0.00500643 -0.37496912
v -0.16435428 0.01500886 -0.37496912
v -0.16263048 0.03499952 -0.38495290
v -0.16389018 0.02499708 -0.37496912
v -0.16034316 0.05299821 -0.39493668
v -0.15974645 0.05799232 -0.39493668
v -0.16312774 0.03499952 -0.37496912
v -0.16266364 0.04498773 -0.36498535
v -0.15991221 0.05928709 -0.38798374
v -0.15878512 0.06499261 -0.39493668
v -0.15517180 0.08499748 -0.40492052
v -0.15371321 0.09020501 -0.41499341
v -0.15944812 0.06641543 -0.37496912
v -0.15726022 0.07499505 -0.39493668
v -0.14811090 0.09020501 0.27460068
v -0.14890648 0.08428608 0.27415502
v -0.15069658 0.06425273 0.27522469
v -0.15003358 0.08047291 0.27032197
v -0.15033193 0.07499505 0.27183735
v -0.15341486 0.05499017 0.26497346
v -0.15421045 0.04498773 0.26497346
v -0.15636519 0.03499952 0.25498968
v -0.15692873 0.02499708 0.25498968
v -0.15726022 0.01500886 0.25498968
v -0.15745912 0.00500643 0.25498968
v -0.15878512 0.00500643 0.24491678
v -0.15875196 -0.00499601 0.24491678
v -0.15851992 -0.01499845 0.24491678
v -0.15812212 -0.02498667 0.24491678
v -0.15752542 -0.03498911 0.24491678
v -0.15676299 -0.04499155 0.24491678
v -0.15586793 -0.05499399 0.24491678
v -0.15583479 -0.05515049 0.24491678
v -0.15888457 -0.05515049 -0.41508257
v -0.15954757 -0.05468097 -0.40545535
v -0.16011110 -0.05112391 -0.40251368
v -0.16213325 -0.04499155 -0.37496912
v -0.16113874 -0.04499155 -0.39493668
v -0.16050890 -0.04573141 -0.40545535
v -0.16259734 -0.03498911 -0.38495290
v -0.16385703 -0.02498667 -0.37496912
v -0.16481838 -0.01499845 -0.36498535
v -0.16511671 -0.00499601 -0.36498535
v -0.16511671 0.00500643 -0.36498535
v -0.16485152 0.01500886 -0.36498535
v -0.16435428 0.02499708 -0.36498535
v -0.16103929 0.05499017 -0.37496912
v -0.16359183 0.03499952 -0.36498535
v -0.16395648 0.03499952 -0.35491246
v -0.16428797 0.03499952 -0.34492868
v -0.16299513 0.04498773 -0.35491246
v -0.16147025 0.05499017 -0.36498535
v -0.16004480 0.06042535 -0.38138729
v -0.15417729 0.09020501 -0.40492052
v -0.15808897 0.07499505 -0.37496912
v -0.15556958 0.08499748 -0.39493668
v -0.16040945 0.06278723 -0.36498535
v -0.15964700 0.06779557 -0.36498535
v -0.14877389 0.09020501 0.27023280
v -0.14963578 0.08713172 0.26720202
v -0.15142587 0.07499505 0.26497346
v -0.15248667 0.06499261 0.26497346
v -0.15484029 0.05499017 0.25498968
v -0.15566903 0.04498773 0.25498968
v -0.15762487 0.03499952 0.24491678
v -0.15818842 0.02499708 0.24491678
v -0.15855306 0.01500886 0.24491678
v -0.15958071 0.01500886 0.23618098
v -0.15968016 0.00500643 0.23716150
v -0.15968016 -0.00499601 0.23716150
v -0.15954757 -0.01499845 0.23591353
v -0.16001166 -0.02031981 0.23011939
v -0.15938181 -0.02418989 0.23404159
v -0.15861937 -0.03498911 0.23493300
v -0.15782377 -0.04499155 0.23493300
v -0.15686244 -0.05515049 0.23484387
v -0.15948126 -0.05515049 -0.40545535
v -0.16001166 -0.05515049 -0.39493668
v -0.16031000 -0.05266055 -0.39493668
v -0.16080725 -0.05515049 -0.37817824
v -0.16097300 -0.05499399 -0.37496912
v -0.16256419 -0.04499155 -0.36498535
v -0.16355868 -0.03498911 -0.36498535
v -0.16309458 -0.03498911 -0.37496912
v -0.16432112 -0.02498667 -0.36498535
v -0.16554767 -0.01499845 -0.34492868
v -0.16551451 -0.00499601 -0.35491246
v -0.16551451 0.00500643 -0.35491246
v -0.16521616 0.01500886 -0.35491246
v -0.16471893 0.02499708 -0.35491246
v -0.16604491 0.02499708 -0.31497729
v -0.16524932 0.03499952 -0.31497729
v -0.16180174 0.05499017 -0.35491246
v -0.16392332 0.04498773 -0.32496107
v -0.15457509 0.09020501 -0.39493668
v -0.15848677 0.07499505 -0.36498535
v -0.15633203 0.08499748 -0.37496912
v -0.16057520 0.06381166 -0.35491246
v -0.15981276 0.06882000 -0.35491246
v -0.14937058 0.09020501 0.26595402
v -0.15013303 0.09020501 0.26024902
v -0.15036508 0.08428608 0.26426035
v -0.15265241 0.07499505 0.25498968
v -0.15381265 0.06499261 0.25498968
v -0.15596738 0.05499017 0.24491678
v -0.15686244 0.04498773 0.24491678
v -0.15868567 0.03499952 0.23493300
v -0.15941496 0.02439949 0.23413073
v -0.16001166 0.02067170 0.23029767
v -0.16011110 0.01500886 0.23109995
v -0.16021055 0.00500643 0.23216961
v -0.16021055 -0.00499601 0.23216961
v -0.16007796 -0.01499845 0.23092164
v -0.16097300 -0.02498667 0.21496542
v -0.15981276 -0.02697862 0.22798000
v -0.16087355 -0.00499601 0.22494923
v -0.16060835 -0.01499845 0.22494923
v -0.16219954 -0.01499845 0.20498164
v -0.16176860 -0.02498667 0.20498164
v -0.15954757 -0.03477568 0.22477092
v -0.15868567 -0.04499155 0.22494923
v -0.15769118 -0.05499399 0.22494923
v -0.15765803 -0.05515049 0.22494923
v -0.16093986 -0.05515049 -0.37514740
v -0.16137080 -0.05515049 -0.36498535
v -0.16292883 -0.04499155 -0.35491246
v -0.16392332 -0.03498911 -0.35491246
v -0.16468577 -0.02498667 -0.35491246
v -0.16621067 -0.01499845 -0.32496107
v -0.16684051 -0.00499601 -0.31497729
v -0.16684051 0.00500643 -0.31497729
v -0.16654216 0.01500886 -0.31497729
v -0.16680735 0.01500886 -0.30499351
v -0.16627696 0.02499708 -0.30499351
v -0.16548137 0.03499952 -0.30499351
v -0.16422167 0.04498773 -0.31497729
v -0.16269679 0.05499017 -0.32496107
v -0.15510549 0.09020501 -0.37978274
v -0.15666354 0.08499748 -0.36498535
v -0.16021055 0.07121034 -0.32496107
v -0.15921606 0.07401330 -0.34403723
v -0.15944812 0.07695854 -0.31497729
v -0.15527125 0.09020501 -0.37496912
v -0.16093986 0.06499261 -0.33494484
v -0.16147025 0.06499261 -0.31497729
v -0.15059713 0.09020501 0.25498968
v -0.15225461 0.08499748 0.24491678
v -0.15135957 0.08499748 0.25498968
v -0.15368006 0.07499505 0.24491678
v -0.15490660 0.06499261 0.24491678
v -0.15696187 0.05499017 0.23493300
v -0.15792322 0.04498773 0.23493300
v -0.15961386 0.03501374 0.22494923
v -0.15984590 0.02734473 0.22824742
v -0.16027686 0.02439949 0.22494923
v -0.16226584 0.01500886 0.20498164
v -0.16147025 0.01500886 0.21496542
v -0.16064151 0.01500886 0.22494923
v -0.16087355 0.00500643 0.22494923
v -0.16007796 -0.03130400 0.22129445
v -0.16170229 0.00500643 0.21496542
v -0.16249789 -0.00499601 0.20498164
v -0.16286254 -0.01499845 0.19499786
v -0.16239844 -0.02498667 0.19499786
v -0.16103929 -0.03498911 0.20498164
v -0.16007796 -0.04097919 0.21113236
v -0.15977961 -0.04765222 0.20685361
v -0.16001166 -0.05015639 0.20025717
v -0.15838732 -0.05515049 0.21478714
v -0.16170229 -0.05515049 -0.35517985
v -0.16412222 -0.04499155 -0.31497729
v -0.16518302 -0.03498911 -0.31497729
v -0.16568026 -0.02498667 -0.32496107
v -0.16650900 -0.01499845 -0.31497729
v -0.16710570 -0.00499601 -0.30499351
v -0.16710570 0.00500643 -0.30499351
v -0.16773555 0.00500643 -0.27495304
v -0.16763610 0.01500886 -0.26496926
v -0.16783500 0.01500886 -0.25498545
v -0.16727145 0.02499708 -0.25498545
v -0.16587916 0.03499952 -0.28493682
v -0.16445373 0.04498773 -0.30499351
v -0.16322719 0.05499017 -0.30499351
v -0.15692873 0.08499748 -0.35491246
v -0.15560274 0.09020501 -0.36498535
v -0.16034316 0.07195021 -0.31497729
v -0.16044261 0.07251933 -0.30499351
v -0.15954757 0.07751344 -0.30499351
v -0.15789007 0.08499748 -0.31497729
v -0.15765803 0.08499748 -0.32496107
v -0.16170229 0.06499261 -0.30499351
v -0.15082918 0.09020501 0.25231546
v -0.15145902 0.09020501 0.24473850
v -0.15305021 0.08499748 0.23493300
v -0.15454195 0.07499505 0.23493300
v -0.15583479 0.06499261 0.23493300
v -0.15779063 0.05499017 0.22494923
v -0.15878512 0.04498773 0.22494923
v -0.15987906 0.03837160 0.21835278
v -0.16011110 0.03169857 0.22156186
v -0.16103929 0.02499708 0.21496542
v -0.16180174 0.02499708 0.20498164
v -0.16246474 0.02499708 0.19499786
v -0.16289568 0.01500886 0.19499786
v -0.16316089 0.00500643 0.19499786
v -0.16249789 0.00500643 0.20498164
v -0.16316089 -0.00499601 0.19499786
v -0.16445373 -0.01499845 0.16495737
v -0.16166915 -0.03498911 0.19499786
v -0.16395648 -0.02498667 0.16495737
v -0.16077410 -0.04499155 0.19499786
v -0.16173545 -0.04499155 0.17494115
v -0.16219954 -0.04499155 0.16495737
v -0.16037631 -0.05304472 0.18492495
v -0.15981276 -0.05515049 0.19161052
v -0.15964700 -0.05515049 0.19499786
v -0.15918291 -0.05515049 0.20319884
v -0.15911661 -0.05515049 0.20417939
v -0.16200064 -0.05515049 -0.34492868
v -0.16259734 -0.05499399 -0.32496107
v -0.16286254 -0.05515049 -0.31497729
v -0.16435428 -0.04499155 -0.30499351
v -0.16541506 -0.03498911 -0.30499351
v -0.16624381 -0.02498667 -0.30499351
v -0.16597861 -0.02498667 -0.31497729
v -0.16677421 -0.01499845 -0.30499351
v -0.16793445 -0.00499601 -0.26496926
v -0.16813335 0.00500643 -0.25498545
v -0.16800074 0.01500886 -0.24491255
v -0.16743720 0.02499708 -0.24491255
v -0.16644271 0.03499952 -0.25498545
v -0.16465262 0.04498773 -0.29492062
v -0.16521616 0.04498773 -0.26496926
v -0.16392332 0.05499017 -0.26496926
v -0.15586793 0.09020501 -0.35491246
v -0.16077410 0.07418404 -0.26496926
v -0.16253103 0.06499261 -0.25498545
v -0.16269679 0.06499261 -0.24491255
v -0.15984590 0.07917814 -0.26496926
v -0.15805583 0.08499748 -0.30499351
v -0.15692873 0.09020501 -0.30499351
v -0.15653093 0.09020501 -0.32496107
v -0.16408908 0.05499017 -0.25498545
v -0.15185682 0.09020501 0.23974662
v -0.15251981 0.09020501 0.23011939
v -0.15371321 0.08499748 0.22494923
v -0.15527125 0.07499505 0.22494923
v -0.15663038 0.06499261 0.22494923
v -0.15851992 0.05499017 0.21496542
v -0.15981276 0.04807525 0.20738845
v -0.15954757 0.04484545 0.21496542
v -0.16011110 0.04140221 0.21166722
v -0.16113874 0.03499952 0.20498164
v -0.16176860 0.03499952 0.19499786
v -0.16349238 0.02499708 0.17494115
v -0.16448687 0.01500886 0.16495737
v -0.16475207 0.00500643 0.16495737
v -0.16475207 -0.00499601 0.16495737
v -0.16521616 -0.00499601 0.15497360
v -0.16488467 -0.01499845 0.15497360
v -0.16319403 -0.03498911 0.16495737
v -0.16438742 -0.02498667 0.15497360
v -0.16263048 -0.04499155 0.15497360
v -0.16103929 -0.05515049 0.16495737
v -0.16306144 -0.05515049 -0.30508268
v -0.16309458 -0.05499399 -0.30499351
v -0.16475207 -0.04499155 -0.28493682
v -0.16601177 -0.03498911 -0.27495304
v -0.16723831 -0.02498667 -0.25498545
v -0.16760296 -0.01499845 -0.26496926
v -0.16780184 -0.01499845 -0.25498545
v -0.16813335 -0.00499601 -0.25498545
v -0.16829909 0.00500643 -0.24491255
v -0.16843170 0.00500643 -0.23492877
v -0.16823280 0.01500886 -0.22494498
v -0.16756980 0.02499708 -0.23492877
v -0.16660845 0.03499952 -0.24491255
v -0.16538192 0.04498773 -0.25498545
v -0.16084041 0.07459666 -0.25498545
v -0.15991221 0.07960499 -0.25498545
v -0.16425483 0.05499017 -0.24491255
v -0.16279624 0.06499261 -0.23492877
v -0.16100615 0.07499505 -0.23492877
v -0.16074096 0.07591988 -0.24446684
v -0.15835416 0.08499748 -0.28493682
v -0.15878512 0.08499748 -0.25498545
v -0.15759173 0.09020501 -0.25498545
v -0.15281816 0.09020501 0.22494923
v -0.15430990 0.08499748 0.21496542
v -0.15590109 0.07499505 0.21496542
v -0.15729338 0.06499261 0.21496542
v -0.16004480 0.05045136 0.20070289
v -0.16031000 0.04484545 0.20444681
v -0.16087355 0.04498773 0.19499786
v -0.16326033 0.03499952 0.16495737
v -0.16398963 0.02499708 0.16495737
v -0.16495097 0.01500886 0.15497360
v -0.16521616 0.00500643 0.15497360
v -0.16558081 -0.00499601 0.14498982
v -0.16524932 -0.01499845 0.14498982
v -0.16362499 -0.03498911 0.15497360
v -0.16475207 -0.02498667 0.14498982
v -0.16296199 -0.04499155 0.14498982
v -0.16143709 -0.05515049 0.15497360
v -0.16326033 -0.05515049 -0.29509890
v -0.16511671 -0.04499155 -0.26496926
v -0.16637641 -0.03498911 -0.25498545
v -0.16740406 -0.02498667 -0.24491255
v -0.16796760 -0.01499845 -0.24491255
v -0.16829909 -0.00499601 -0.24491255
v -0.16866374 0.00500643 -0.21496120
v -0.16843170 -0.00499601 -0.23492877
v -0.16856429 0.01500886 -0.19499363
v -0.16780184 0.02499708 -0.21496120
v -0.16674106 0.03499952 -0.23492877
v -0.16554767 0.04498773 -0.24491255
v -0.15994535 0.07986110 -0.24749763
v -0.15911661 0.08401574 -0.24446684
v -0.16597861 0.04498773 -0.20497742
v -0.16475207 0.05499017 -0.19499363
v -0.16485152 0.05499017 -0.18492071
v -0.16316089 0.06499261 -0.19499363
v -0.16001166 0.08014566 -0.23492877
v -0.16143709 0.07499505 -0.18492071
v -0.16011110 0.08052982 -0.21496120
v -0.15997851 0.08003183 -0.24081206
v -0.15765803 0.09020501 -0.24972616
v -0.15308335 0.09020501 0.22013561
v -0.15487345 0.08499748 0.20498164
v -0.15649778 0.07499505 0.20498164
v -0.15792322 0.06499261 0.20498164
v -0.15958071 0.05666910 0.19499786
v -0.16017741 0.05167499 0.19499786
v -0.16233215 0.04498773 0.16495737
v -0.16137080 0.04498773 0.18492495
v -0.16369128 0.03499952 0.15497360
v -0.16445373 0.02499708 0.15497360
v -0.16481838 0.02499708 0.14498982
v -0.16528247 0.01500886 0.14498982
v -0.16558081 0.00500643 0.14498982
v -0.16657531 0.00500643 0.11494932
v -0.16687366 -0.00499601 0.10496554
v -0.16624381 -0.01499845 0.11494932
v -0.16395648 -0.03498911 0.14498982
v -0.16571341 -0.02498667 0.11494932
v -0.16176860 -0.05499399 0.14498982
v -0.16458632 -0.03498911 0.12493311
v -0.16518302 -0.03498911 0.10496554
v -0.16415538 -0.04499155 0.10496554
v -0.16173545 -0.05515049 0.14498982
v -0.16379073 -0.05515049 -0.26514754
v -0.16382387 -0.05499399 -0.26496926
v -0.16528247 -0.04499155 -0.25498545
v -0.16654216 -0.03498911 -0.24491255
v -0.16667476 -0.03498911 -0.23492877
v -0.16763610 -0.02498667 -0.22494498
v -0.16819964 -0.01499845 -0.22494498
v -0.16876319 -0.00499601 -0.20497742
v -0.16899525 0.00500643 -0.18492071
v -0.16800074 0.02499708 -0.19499363
v -0.16876319 0.01500886 -0.17493692
v -0.16727145 0.03499952 -0.18492071
v -0.15911661 0.08590809 -0.19499363
v -0.15895087 0.08513977 -0.23492877
v -0.16607806 0.04498773 -0.19499363
v -0.16617751 0.04498773 -0.18492071
v -0.16491783 0.05499017 -0.17493692
v -0.16332664 0.06499261 -0.17493692
v -0.16021055 0.08109895 -0.18492071
v -0.16017741 0.08091398 -0.19499363
v -0.16150339 0.07499505 -0.17493692
v -0.15914977 0.08610729 -0.18492071
v -0.15775748 0.09020501 -0.23911838
v -0.15361376 0.09020501 0.21015181
v -0.15387896 0.09020501 0.20498164
v -0.15411100 0.09020501 0.20016803
v -0.15530439 0.08499748 0.19499786
v -0.15699503 0.07499505 0.19499786
v -0.15848677 0.06499261 0.19499786
v -0.15981276 0.05858991 0.18492495
v -0.16117190 0.05499017 0.16495737
v -0.16272993 0.04498773 0.15497360
v -0.16405593 0.03499952 0.14498982
v -0.16577971 0.02499708 0.11494932
v -0.16660845 0.01500886 0.10496554
v -0.16687366 0.00500643 0.10496554
v -0.16713886 -0.00499601 0.09498176
v -0.16654216 -0.01499845 0.10496554
v -0.16601177 -0.02498667 0.10496554
v -0.16203380 -0.05515049 0.13491689
v -0.16544822 -0.03498911 0.09498176
v -0.16438742 -0.04499155 0.09498176
v -0.16289568 -0.05499399 0.10496554
v -0.16259734 -0.05515049 0.11494932
v -0.16395648 -0.05515049 -0.25507462
v -0.16398963 -0.05499399 -0.25498545
v -0.16544822 -0.04499155 -0.24491255
v -0.16577971 -0.04499155 -0.21496120
v -0.16707255 -0.03498911 -0.19499363
v -0.16806705 -0.02498667 -0.18492071
v -0.16853115 -0.01499845 -0.19499363
v -0.16886264 -0.00499601 -0.19499363
v -0.16912784 0.00500643 -0.16495314
v -0.16906154 -0.00499601 -0.17493692
v -0.16819964 0.02499708 -0.17493692
v -0.16886264 0.01500886 -0.14498559
v -0.16733776 0.03499952 -0.17493692
v -0.15795638 0.09020501 -0.21496120
v -0.16624381 0.04498773 -0.17493692
v -0.16501728 0.05499017 -0.14498559
v -0.16335978 0.06499261 -0.16495314
v -0.16024370 0.08124124 -0.17493692
v -0.16153654 0.07499505 -0.16495314
v -0.16027686 0.08131237 -0.16495314
v -0.15805583 0.09020501 -0.20016381
v -0.15918291 0.08630648 -0.16495314
v -0.15825473 0.09020501 -0.17039075
v -0.15818842 0.09020501 -0.18037453
v -0.15450880 0.09020501 0.19018425
v -0.15742597 0.07499505 0.18492495
v -0.15570219 0.08499748 0.18492495
v -0.15822157 0.07499505 0.16495737
v -0.15951441 0.06682804 0.16495737
v -0.15941496 0.06443770 0.17538686
v -0.15994535 0.05967125 0.17904164
v -0.16024370 0.06181971 0.16495737
v -0.16156970 0.05499017 0.15497360
v -0.16306144 0.04498773 0.14498982
v -0.16468577 0.03499952 0.12493311
v -0.16607806 0.02499708 0.10496554
v -0.16684051 0.01500886 0.09498176
v -0.16713886 0.00500643 0.09498176
v -0.16680735 -0.01499845 0.09498176
v -0.16816650 0.00500643 0.04497371
v -0.16733776 -0.00499601 0.08499798
v -0.16624381 -0.02498667 0.09498176
v -0.16644271 -0.02498667 0.08499798
v -0.16723831 -0.02498667 0.04497371
v -0.16621067 -0.03498911 0.05495749
v -0.16312774 -0.05499399 0.09498176
v -0.16531561 -0.04499155 0.04497371
v -0.16286254 -0.05515049 0.10496554
v -0.16422167 -0.05515049 -0.23510705
v -0.16412222 -0.05499399 -0.24491255
v -0.16597861 -0.04499155 -0.19499363
v -0.16727145 -0.03498911 -0.17493692
v -0.16863060 -0.01499845 -0.18492071
v -0.16813335 -0.02498667 -0.17493692
v -0.16926044 -0.00499601 -0.12492888
v -0.16919413 0.00500643 -0.14498559
v -0.16876319 -0.01499845 -0.16495314
v -0.16829909 0.02499708 -0.14498559
v -0.16899525 0.01500886 -0.10496131
v -0.16743720 0.03499952 -0.14498559
v -0.16634326 0.04498773 -0.14498559
v -0.16647586 0.04498773 -0.10496131
v -0.16511671 0.05499017 -0.11494510
v -0.16352554 0.06499261 -0.10496131
v -0.16031000 0.08142620 -0.14498559
v -0.16166915 0.07499505 -0.11494510
v -0.15921606 0.08643454 -0.14498559
v -0.15832102 0.09020501 -0.14498559
v -0.15503919 0.09020501 0.17494115
v -0.15643148 0.08499748 0.16495737
v -0.15855306 0.07499505 0.15497360
v -0.15968016 0.06808013 0.15497360
v -0.16044261 0.06308603 0.15497360
v -0.16190119 0.05499017 0.14498982
v -0.16369128 0.04498773 0.12493311
v -0.16528247 0.03499952 0.10496554
v -0.16631012 0.02499708 0.09498176
v -0.16703941 0.01500886 0.08499798
v -0.16700625 -0.01499845 0.08499798
v -0.16783500 0.01500886 0.04497371
v -0.16833225 0.00500643 0.03498992
v -0.16813335 -0.00499601 0.04497371
v -0.16780184 -0.01499845 0.04497371
v -0.16740406 -0.02498667 0.03498992
v -0.16654216 -0.03498911 0.03498992
v -0.16382387 -0.05499399 0.05495749
v -0.16362499 -0.05515049 0.06494127
v -0.16309458 -0.05515049 0.09498176
v -0.16544822 -0.04499155 0.03498992
v -0.16412222 -0.05515049 0.03498992
v -0.16398963 -0.05499399 0.04497371
v -0.16442057 -0.05515049 -0.21513948
v -0.16607806 -0.04499155 -0.18492071
v -0.16614436 -0.04499155 -0.17493692
v -0.16737090 -0.03498911 -0.14498559
v -0.16829909 -0.02498667 -0.13491267
v -0.16929358 -0.00499601 -0.11494510
v -0.16932674 0.00500643 -0.10496131
v -0.16882949 -0.01499845 -0.14498559
v -0.16843170 0.02499708 -0.10496131
v -0.16889580 0.01500886 -0.07492083
v -0.16756980 0.03499952 -0.10496131
v -0.16637641 0.04498773 -0.07492083
v -0.16505042 0.05499017 -0.07492083
v -0.16511671 0.05499017 -0.09497753
v -0.16342609 0.06499261 -0.06493704
v -0.16166915 0.07499505 -0.09497753
v -0.16034316 0.08161117 -0.11494510
v -0.16034316 0.08163963 -0.10496131
v -0.15924922 0.08660527 -0.11494510
v -0.15835416 0.09020501 -0.13063389
v -0.15520494 0.09020501 0.17012756
v -0.15553644 0.09020501 0.16014376
v -0.15672983 0.08499748 0.15497360
v -0.15885141 0.07499505 0.14498982
v -0.15984590 0.06906188 0.14498982
v -0.16060835 0.06406777 0.14498982
v -0.16276309 0.05499017 0.11494932
v -0.16398963 0.04498773 0.11494932
v -0.16425483 0.04498773 0.10496554
v -0.16551451 0.03499952 0.09498176
v -0.16650900 0.02499708 0.08499798
v -0.16730461 0.02499708 0.04497371
v -0.16800074 0.01500886 0.03498992
v -0.16843170 -0.00499601 0.02491700
v -0.16829909 -0.00499601 0.03498992
v -0.16813335 0.01500886 0.02491700
v -0.16836539 0.01500886 0.00494944
v -0.16856429 0.00500643 0.01493321
v -0.16796760 -0.01499845 0.03498992
v -0.16667476 -0.03498911 0.02491700
v -0.16810019 -0.01499845 0.02491700
v -0.16763610 -0.02498667 0.01493321
v -0.16607806 -0.04499155 -0.02500191
v -0.16442057 -0.05515049 0.00494944
v -0.16468577 -0.05515049 -0.18509899
v -0.16471893 -0.05499399 -0.18492071
v -0.16478522 -0.05499399 -0.17493692
v -0.16481838 -0.05515049 -0.16513142
v -0.16624381 -0.04499155 -0.14498559
v -0.16750351 -0.03498911 -0.10496131
v -0.16836539 -0.02498667 -0.11494510
v -0.16896209 -0.01499845 -0.10496131
v -0.16929358 -0.00499601 -0.09497753
v -0.16922729 0.00500643 -0.07492083
v -0.16922729 -0.00499601 -0.07492083
v -0.16833225 0.02499708 -0.07492083
v -0.16882949 0.01500886 -0.05495326
v -0.16747035 0.03499952 -0.07492083
v -0.16631012 0.04498773 -0.05495326
v -0.16498412 0.05499017 -0.05495326
v -0.16339293 0.06499261 -0.05495326
v -0.16153654 0.07499505 -0.04505862
v -0.16031000 0.08144043 -0.06493704
v -0.16034316 0.08161117 -0.09497753
v -0.15924922 0.08663373 -0.10496131
v -0.15838732 0.09020501 -0.11494510
v -0.15580164 0.09020501 0.15015998
v -0.15699503 0.08499748 0.14498982
v -0.15994535 0.06967369 0.13812596
v -0.15934867 0.07641786 0.11494932
v -0.16024370 0.07140954 0.11494932
v -0.16011110 0.07071235 0.12493311
v -0.16100615 0.06499261 0.12493311
v -0.16302828 0.05499017 0.10496554
v -0.16448687 0.04498773 0.09498176
v -0.16571341 0.03499952 0.08499798
v -0.16647586 0.03499952 0.04497371
v -0.16747035 0.02499708 0.03498992
v -0.16611122 0.03499952 0.06494127
v -0.16899525 -0.00499601 -0.02500191
v -0.16889580 0.00500643 -0.01501813
v -0.16770241 0.02499708 0.01493321
v -0.16813335 0.02499708 -0.02500191
v -0.16866374 0.01500886 -0.02500191
v -0.16806705 -0.02498667 -0.02500191
v -0.16717200 -0.03498911 -0.02500191
v -0.16853115 -0.01499845 -0.01501813
v -0.16471893 -0.05499399 -0.02500191
v -0.16727145 -0.03498911 -0.03507484
v -0.16614436 -0.04499155 -0.03507484
v -0.16468577 -0.05515049 -0.02500191
v -0.16498412 -0.05515049 -0.10513960
v -0.16498412 -0.05499399 -0.11494510
v -0.16634326 -0.04499155 -0.11494510
v -0.16634326 -0.04499155 -0.09497753
v -0.16627696 -0.04499155 -0.07492083
v -0.16740406 -0.03498911 -0.07492083
v -0.16829909 -0.02498667 -0.07492083
v -0.16836539 -0.02498667 -0.09497753
v -0.16886264 -0.01499845 -0.07492083
v -0.16916099 0.00500643 -0.05495326
v -0.16879635 -0.01499845 -0.05495326
v -0.16873004 -0.01499845 -0.03507484
v -0.16906154 -0.00499601 -0.03507484
v -0.16912784 0.00500643 -0.04505862
v -0.16826594 0.02499708 -0.05495326
v -0.16876319 0.01500886 -0.03507484
v -0.16740406 0.03499952 -0.05495326
v -0.16624381 0.04498773 -0.03507484
v -0.16491783 0.05499017 -0.03507484
v -0.16332664 0.06499261 -0.03507484
v -0.16150339 0.07499505 -0.03507484
v -0.16027686 0.08131237 -0.04505862
v -0.15918291 0.08624957 -0.03507484
v -0.15921606 0.08643454 -0.06493704
v -0.15924922 0.08660527 -0.09497753
v -0.15838732 0.09020501 -0.09497753
v -0.15603368 0.09020501 0.14017621
v -0.15792322 0.08499748 0.10496554
v -0.16153654 0.06499261 0.10496554
v -0.15944812 0.07707237 0.10496554
v -0.16034316 0.07206403 0.10496554
v -0.16342609 0.05499017 0.08499798
v -0.16468577 0.04498773 0.08499798
v -0.16524932 0.04498773 0.05495749
v -0.16664161 0.03499952 0.03498992
v -0.16863060 -0.01499845 -0.02500191
v -0.16899525 0.00500643 -0.02500191
v -0.16707255 0.03499952 -0.00503435
v -0.16727145 0.03499952 -0.02500191
v -0.16819964 0.02499708 -0.03507484
v -0.16813335 -0.02498667 -0.03507484
v -0.16478522 -0.05499399 -0.03507484
v -0.16481838 -0.05515049 -0.04505862
v -0.16733776 -0.03498911 -0.05495326
v -0.16621067 -0.04499155 -0.05495326
v -0.16498412 -0.05515049 -0.10496131
v -0.16498412 -0.05499399 -0.09497753
v -0.16733776 0.03499952 -0.03507484
v -0.16617751 0.04498773 -0.02500191
v -0.16485152 0.05499017 -0.02500191
v -0.16326033 0.06499261 -0.02500191
v -0.16143709 0.07499505 -0.02500191
v -0.16024370 0.08112741 -0.02500191
v -0.15822157 0.09020501 -0.03052865
v -0.15828787 0.09020501 -0.05049621
v -0.15914977 0.08612151 -0.02500191
v -0.15818842 0.09020501 -0.02500191
v -0.15832102 0.09020501 -0.06493704
v -0.15636519 0.09020501 0.12493311
v -0.15646464 0.09020501 0.12011950
v -0.15686244 0.09020501 0.10015193
v -0.15808897 0.08499748 0.09498176
v -0.15971331 0.07846673 0.07492505
v -0.15954757 0.07759881 0.09498176
v -0.16173545 0.06499261 0.09498176
v -0.16044261 0.07259048 0.09498176
v -0.16395648 0.05499017 0.05495749
v -0.16541506 0.04498773 0.04497371
v -0.16554767 0.04498773 0.03498992
v -0.16568026 0.04498773 0.02491700
v -0.16425483 0.05499017 0.03498992
v -0.16269679 0.06499261 0.03498992
v -0.16299513 0.06499261 0.00494944
v -0.16110560 0.07499505 0.01493321
v -0.16001166 0.08004607 0.03133515
v -0.16007796 0.08037332 0.01493321
v -0.15911661 0.08595078 -0.01501813
v -0.15815528 0.09020501 -0.02045573
v -0.15716077 0.09020501 0.08018437
v -0.15838732 0.08499748 0.07492505
v -0.15997851 0.07988955 0.03793158
v -0.15977961 0.07887936 0.06494127
v -0.16070780 0.07388525 0.06494127
v -0.16054206 0.07303155 0.08499798
v -0.16190119 0.06499261 0.08499798
v -0.16412222 0.05499017 0.04497371
v -0.16256419 0.06499261 0.04497371
v -0.16084041 0.07466780 0.04497371
v -0.16074096 0.07593411 0.03472250
v -0.15911661 0.08402997 0.03472250
v -0.15895087 0.08518245 0.02491700
v -0.15785693 0.09020501 0.02001425
v -0.15729338 0.09020501 0.07020058
v -0.15878512 0.08499748 0.04497371
v -0.16077410 0.07428364 0.05495749
v -0.15772432 0.09020501 0.03490078
v -0.15762487 0.09020501 0.04497371
v -0.15755858 0.09020501 0.05014388
f 1 2 3
f 1 3 4
f 1 4 5
f 1 5 6
f 1 6 7
f 1 7 8
f 1 8 9
f 1 9 10
f 1 10 11
f 1 11 2
f 2 12 3
f 2 11 12
f 3 12 13
f 3 13 28
f 3 28 14
f 3 14 15
f 3 15 4
f 4 15 17
f 4 17 5
f 5 16 6
f 5 17 32
f 5 32 16
f 6 16 18
f 6 18 7
f 7 18 8
f 8 19 36
f 8 36 20
f 8 20 21
f 8 21 9
f 8 18 19
f 9 21 22
f 9 22 10
f 10 22 42
f 10 42 23
f 10 23 12
f 10 12 11
f 12 24 25
f 12 25 13
f 12 23 26
f 12 26 27
f 12 27 24
f 13 25 45
f 13 45 28
f 14 28 49
f 14 49 29
f 14 29 30
f 14 30 15
f 15 30 34
f 15 34 17
f 16 31 18
f 16 32 58
f 16 58 33
f 16 33 31
f 17 34 32
f 18 31 35
f 18 35 19
f 19 35 62
f 19 62 36
f 20 36 63
f 20 63 37
f 20 37 21
f 21 38 22
f 21 37 39
f 21 39 40
f 21 40 41
f 21 41 38
f 22 38 64
f 22 64 42
f 23 42 46
f 23 46 26
f 24 43 44
f 24 44 25
f 24 27 48
f 24 48 43
f 25 44 73
f 25 73 45
f 26 46 76
f 26 76 47
f 26 47 48
f 26 48 27
f 28 45 74
f 28 74 49
f 29 49 50
f 29 50 51
f 29 51 52
f 29 52 30
f 30 52 34
f 31 53 54
f 31 54 55
f 31 55 56
f 31 56 35
f 31 33 53
f 32 34 57
f 32 57 90
f 32 90 58
f 33 58 91
f 33 91 59
f 33 59 53
f 34 52 60
f 34 60 61
f 34 61 57
f 35 56 89
f 35 89 62
f 36 62 96
f 36 96 63
f 37 63 65
f 37 65 39
f 38 41 69
f 38 69 64
f 39 65 98
f 39 98 66
f 39 66 67
f 39 67 40
f 40 67 68
f 40 68 41
f 41 68 104
f 41 104 69
f 42 64 75
f 42 75 46
f 43 70 71
f 43 71 72
f 43 72 44
f 43 48 70
f 44 72 109
f 44 109 73
f 45 73 110
f 45 110 74
f 46 75 112
f 46 112 76
f 47 76 113
f 47 113 77
f 47 77 48
f 48 77 78
f 48 78 70
f 49 74 79
f 49 79 50
f 50 79 119
f 50 119 80
f 50 80 51
f 51 80 81
f 51 81 52
f 52 81 82
f 52 82 83
f 52 83 60
f 53 84 54
f 53 59 85
f 53 85 86
f 53 86 84
f 54 84 55
f 55 87 88
f 55 88 56
f 55 84 87
f 56 88 131
f 56 131 89
f 57 61 93
f 57 93 90
f 58 90 92
f 58 92 91
f 59 91 128
f 59 128 85
f 60 83 94
f 60 94 61
f 61 94 95
f 61 95 93
f 62 89 96
f 63 96 97
f 63 97 65
f 64 69 105
f 64 105 75
f 65 97 140
f 65 140 98
f 66 98 99
f 66 99 100
f 66 100 67
f 67 100 101
f 67 101 102
f 67 102 68
f 68 102 103
f 68 103 104
f 69 104 147
f 69 147 105
f 70 106 107
f 70 107 71
f 70 78 115
f 70 115 106
f 71 107 108
f 71 108 72
f 72 108 154
f 72 154 109
f 73 109 155
f 73 155 110
f 74 110 116
f 74 116 79
f 75 105 111
f 75 111 112
f 76 112 159
f 76 159 113
f 77 113 161
f 77 161 114
f 77 114 115
f 77 115 78
f 79 116 117
f 79 117 118
f 79 118 119
f 80 119 170
f 80 170 120
f 80 120 121
f 80 121 122
f 80 122 81
f 81 122 82
f 82 122 121
f 82 121 123
f 82 123 124
f 82 124 125
f 82 125 83
f 83 125 136
f 83 136 94
f 84 86 126
f 84 126 127
f 84 127 87
f 85 128 129
f 85 129 86
f 86 129 126
f 87 127 130
f 87 130 88
f 88 130 182
f 88 182 131
f 89 131 132
f 89 132 133
f 89 133 96
f 90 93 134
f 90 134 92
f 91 92 135
f 91 135 128
f 92 134 188
f 92 188 135
f 93 95 137
f 93 137 134
f 94 136 95
f 95 136 138
f 95 138 139
f 95 139 193
f 95 193 137
f 96 133 97
f 97 133 187
f 97 187 140
f 98 140 99
f 99 140 141
f 99 141 142
f 99 142 143
f 99 143 100
f 100 143 144
f 100 144 101
f 101 144 145
f 101 145 102
f 102 145 103
f 103 146 147
f 103 147 104
f 103 145 148
f 103 148 149
f 103 149 205
f 103 205 150
f 103 150 146
f 105 147 156
f 105 156 111
f 106 151 107
f 106 115 152
f 106 152 151
f 107 151 153
f 107 153 108
f 108 153 214
f 108 214 154
f 109 154 215
f 109 215 155
f 110 155 163
f 110 163 116
f 111 156 217
f 111 217 157
f 111 157 112
f 112 157 158
f 112 158 159
f 113 159 219
f 113 219 160
f 113 160 161
f 114 161 220
f 114 220 162
f 114 162 115
f 115 162 152
f 116 163 164
f 116 164 165
f 116 165 117
f 117 165 166
f 117 166 118
f 118 166 167
f 118 167 168
f 118 168 169
f 118 169 119
f 119 169 229
f 119 229 170
f 120 170 171
f 120 171 172
f 120 172 121
f 121 172 173
f 121 173 123
f 123 173 174
f 123 174 175
f 123 175 176
f 123 176 124
f 124 138 136
f 124 136 125
f 124 176 177
f 124 177 178
f 124 178 138
f 126 129 179
f 126 179 180
f 126 180 127
f 127 180 130
f 128 135 181
f 128 181 129
f 129 181 238
f 129 238 246
f 129 246 314
f 129 314 245
f 129 245 315
f 129 315 385
f 129 385 386
f 129 386 387
f 129 387 389
f 129 389 448
f 129 448 499
f 129 499 553
f 129 553 602
f 129 602 604
f 129 604 603
f 129 603 659
f 129 659 712
f 129 712 753
f 129 753 754
f 129 754 749
f 129 749 791
f 129 791 794
f 129 794 834
f 129 834 869
f 129 869 903
f 129 903 934
f 129 934 960
f 129 960 983
f 129 983 1007
f 129 1007 1032
f 129 1032 1059
f 129 1059 1082
f 129 1082 1107
f 129 1107 1131
f 129 1131 1160
f 129 1160 1185
f 129 1185 1211
f 129 1211 1237
f 129 1237 1239
f 129 1239 1263
f 129 1263 1265
f 129 1265 1264
f 129 1264 1285
f 129 1285 1300
f 129 1300 1332
f 129 1332 1364
f 129 1364 1372
f 129 1372 1371
f 129 1371 1370
f 129 1370 1369
f 129 1369 1398
f 129 1398 1424
f 129 1424 1455
f 129 1455 1493
f 129 1493 1534
f 129 1534 1571
f 129 1571 1614
f 129 1614 1657
f 129 1657 1704
f 129 1704 1750
f 129 1750 1799
f 129 1799 1798
f 129 1798 1797
f 129 1797 1796
f 129 1796 1845
f 129 1845 1885
f 129 1885 1931
f 129 1931 1971
f 129 1971 1975
f 129 1975 2023
f 129 2023 2063
f 129 2063 2062
f 129 2062 2065
f 129 2065 2110
f 129 2110 2157
f 129 2157 2200
f 129 2200 2203
f 129 2203 2158
f 129 2158 2114
f 129 2114 2111
f 129 2111 2067
f 129 2067 2024
f 129 2024 1976
f 129 1976 1932
f 129 1932 1886
f 129 1886 1846
f 129 1846 1802
f 129 1802 1800
f 129 1800 1751
f 129 1751 1706
f 129 1706 1705
f 129 1705 1661
f 129 1661 1659
f 129 1659 1658
f 129 1658 1615
f 129 1615 1572
f 129 1572 1535
f 129 1535 1494
f 129 1494 1456
f 129 1456 1425
f 129 1425 1399
f 129 1399 1373
f 129 1373 1333
f 129 1333 1301
f 129 1301 1286
f 129 1286 1266
f 129 1266 1241
f 129 1241 1212
f 129 1212 1186
f 129 1186 1161
f 129 1161 1134
f 129 1134 1133
f 129 1133 1132
f 129 1132 1108
f 129 1108 1083
f 129 1083 1060
f 129 1060 1033
f 129 1033 1008
f 129 1008 985
f 129 985 961
f 129 961 935
f 129 935 904
f 129 904 870
f 129 870 835
f 129 835 795
f 129 795 755
f 129 755 713
f 129 713 661
f 129 661 608
f 129 608 607
f 129 607 660
f 129 660 605
f 129 605 555
f 129 555 503
f 129 503 502
f 129 502 452
f 129 452 451
f 129 451 393
f 129 393 321
f 129 321 384
f 129 384 383
f 129 383 311
f 129 311 239
f 129 239 183
f 129 183 182
f 129 182 130
f 129 130 180
f 129 180 179
f 131 182 183
f 131 183 132
f 132 183 184
f 132 184 185
f 132 185 186
f 132 186 133
f 133 186 241
f 133 241 187
f 134 137 189
f 134 189 190
f 134 190 188
f 135 188 191
f 135 191 181
f 137 192 189
f 137 193 247
f 137 247 192
f 138 178 194
f 138 194 139
f 139 194 195
f 139 195 193
f 140 187 196
f 140 196 141
f 141 196 197
f 141 197 198
f 141 198 199
f 141 199 142
f 142 199 201
f 142 201 143
f 143 200 144
f 143 201 200
f 144 200 148
f 144 148 145
f 146 202 156
f 146 156 147
f 146 150 207
f 146 207 202
f 148 200 258
f 148 258 203
f 148 203 204
f 148 204 149
f 149 204 205
f 150 205 206
f 150 206 207
f 151 208 209
f 151 209 212
f 151 212 153
f 151 152 208
f 152 162 210
f 152 210 211
f 152 211 208
f 153 212 213
f 153 213 214
f 154 214 273
f 154 273 215
f 155 215 222
f 155 222 163
f 156 202 216
f 156 216 217
f 157 217 280
f 157 280 218
f 157 218 219
f 157 219 158
f 158 219 159
f 160 219 220
f 160 220 161
f 162 220 221
f 162 221 210
f 163 222 223
f 163 223 224
f 163 224 164
f 164 224 165
f 165 224 225
f 165 225 166
f 166 225 226
f 166 226 167
f 167 226 227
f 167 227 168
f 168 227 296
f 168 296 228
f 168 228 229
f 168 229 169
f 170 229 171
f 171 229 298
f 171 298 230
f 171 230 300
f 171 300 231
f 171 231 172
f 172 231 174
f 172 174 173
f 174 232 233
f 174 233 175
f 174 231 300
f 174 300 234
f 174 234 304
f 174 304 232
f 175 233 235
f 175 235 176
f 176 235 177
f 177 194 178
f 177 235 236
f 177 236 308
f 177 308 237
f 177 237 251
f 177 251 194
f 181 191 238
f 183 239 184
f 184 239 185
f 185 240 241
f 185 241 186
f 185 239 311
f 185 311 240
f 187 241 242
f 187 242 196
f 188 243 191
f 188 190 243
f 189 244 243
f 189 243 190
f 189 192 245
f 189 245 244
f 191 243 246
f 191 246 238
f 192 247 316
f 192 316 248
f 192 248 249
f 192 249 245
f 193 195 250
f 193 250 247
f 194 251 252
f 194 252 195
f 195 252 318
f 195 318 250
f 196 242 253
f 196 253 254
f 196 254 197
f 197 254 322
f 197 322 255
f 197 255 323
f 197 323 256
f 197 256 198
f 198 256 257
f 198 257 199
f 199 257 201
f 200 201 258
f 201 257 259
f 201 259 260
f 201 260 258
f 202 207 261
f 202 261 216
f 203 258 260
f 203 260 262
f 203 262 204
f 204 262 330
f 204 330 263
f 204 263 335
f 204 335 264
f 204 264 205
f 205 264 206
f 206 264 335
f 206 335 265
f 206 265 331
f 206 331 261
f 206 261 207
f 208 266 268
f 208 268 209
f 208 211 267
f 208 267 266
f 209 268 269
f 209 269 272
f 209 272 212
f 210 270 267
f 210 267 211
f 210 221 271
f 210 271 270
f 212 272 213
f 213 273 214
f 213 272 274
f 213 274 346
f 213 346 275
f 213 275 273
f 215 273 290
f 215 290 222
f 216 261 276
f 216 276 277
f 216 277 278
f 216 278 217
f 217 278 279
f 217 279 280
f 218 280 281
f 218 281 282
f 218 282 219
f 219 283 220
f 219 282 283
f 220 284 221
f 220 283 285
f 220 285 286
f 220 286 287
f 220 287 284
f 221 284 288
f 221 288 289
f 221 289 271
f 222 290 291
f 222 291 223
f 223 291 292
f 223 292 224
f 224 292 293
f 224 293 225
f 225 293 294
f 225 294 226
f 226 294 295
f 226 295 227
f 227 295 296
f 228 296 366
f 228 366 297
f 228 297 229
f 229 297 298
f 230 299 300
f 230 298 301
f 230 301 302
f 230 302 303
f 230 303 299
f 232 236 235
f 232 235 233
f 232 304 308
f 232 308 236
f 234 300 299
f 234 299 305
f 234 305 306
f 234 306 307
f 234 307 304
f 237 308 380
f 237 380 309
f 237 309 310
f 237 310 251
f 240 311 383
f 240 383 312
f 240 312 242
f 240 242 241
f 242 312 313
f 242 313 253
f 243 244 246
f 244 245 314
f 244 314 246
f 245 249 315
f 247 250 316
f 248 316 385
f 248 385 315
f 248 315 249
f 250 317 316
f 250 318 317
f 251 319 252
f 251 310 320
f 251 320 319
f 252 319 318
f 253 313 254
f 254 313 321
f 254 321 322
f 255 322 324
f 255 324 325
f 255 325 326
f 255 326 323
f 256 323 257
f 257 323 327
f 257 327 328
f 257 328 259
f 259 328 260
f 260 328 329
f 260 329 330
f 260 330 262
f 261 331 332
f 261 332 276
f 263 330 403
f 263 403 333
f 263 333 410
f 263 410 334
f 263 334 335
f 265 335 334
f 265 334 336
f 265 336 405
f 265 405 331
f 266 337 268
f 266 267 338
f 266 338 337
f 267 270 338
f 268 337 269
f 269 337 339
f 269 339 340
f 269 340 272
f 270 341 338
f 270 271 342
f 270 342 341
f 271 289 342
f 272 340 274
f 273 275 343
f 273 343 290
f 274 340 344
f 274 344 345
f 274 345 346
f 275 346 343
f 276 332 347
f 276 347 348
f 276 348 277
f 277 348 278
f 278 348 349
f 278 349 350
f 278 350 281
f 278 281 279
f 279 281 280
f 281 351 285
f 281 285 282
f 281 350 352
f 281 352 351
f 282 285 283
f 284 287 288
f 285 351 353
f 285 353 354
f 285 354 286
f 286 354 355
f 286 355 356
f 286 356 287
f 287 356 357
f 287 357 288
f 288 357 358
f 288 358 359
f 288 359 289
f 289 359 342
f 290 343 291
f 291 343 360
f 291 360 292
f 292 360 293
f 293 360 294
f 294 360 361
f 294 361 362
f 294 362 363
f 294 363 295
f 295 363 364
f 295 364 365
f 295 365 296
f 296 365 366
f 297 366 367
f 297 367 368
f 297 368 369
f 297 369 370
f 297 370 298
f 298 370 301
f 299 303 371
f 299 371 305
f 301 370 302
f 302 370 437
f 302 437 372
f 302 372 373
f 302 373 371
f 302 371 303
f 304 307 308
f 305 371 373
f 305 373 374
f 305 374 376
f 305 376 375
f 305 375 306
f 306 375 307
f 307 375 376
f 307 376 377
f 307 377 378
f 307 378 379
f 307 379 380
f 307 380 308
f 309 380 379
f 309 379 381
f 309 381 310
f 310 381 444
f 310 444 382
f 310 382 390
f 310 390 320
f 312 383 384
f 312 384 313
f 313 384 321
f 316 317 386
f 316 386 385
f 317 318 387
f 317 387 386
f 318 319 388
f 318 388 389
f 318 389 387
f 319 320 388
f 320 390 391
f 320 391 392
f 320 392 388
f 321 393 324
f 321 324 322
f 323 326 394
f 323 394 400
f 323 400 327
f 324 393 325
f 325 393 395
f 325 395 396
f 325 396 326
f 326 396 397
f 326 397 398
f 326 398 399
f 326 399 394
f 327 400 401
f 327 401 328
f 328 401 402
f 328 402 329
f 329 402 403
f 329 403 330
f 331 404 332
f 331 405 406
f 331 406 404
f 332 407 347
f 332 404 406
f 332 406 408
f 332 408 407
f 333 403 459
f 333 459 409
f 333 409 410
f 334 410 411
f 334 411 336
f 336 411 412
f 336 412 405
f 337 338 341
f 337 341 342
f 337 342 359
f 337 359 358
f 337 358 424
f 337 424 423
f 337 423 426
f 337 426 425
f 337 425 474
f 337 474 528
f 337 528 527
f 337 527 526
f 337 526 531
f 337 531 530
f 337 530 529
f 337 529 566
f 337 566 619
f 337 619 618
f 337 618 628
f 337 628 629
f 337 629 683
f 337 683 682
f 337 682 681
f 337 681 680
f 337 680 732
f 337 732 775
f 337 775 815
f 337 815 814
f 337 814 813
f 337 813 853
f 337 853 887
f 337 887 886
f 337 886 920
f 337 920 944
f 337 944 943
f 337 943 942
f 337 942 967
f 337 967 991
f 337 991 1012
f 337 1012 1038
f 337 1038 1066
f 337 1066 1090
f 337 1090 1089
f 337 1089 1088
f 337 1088 1113
f 337 1113 1136
f 337 1136 1135
f 337 1135 1162
f 337 1162 1187
f 337 1187 1219
f 337 1219 1251
f 337 1251 1279
f 337 1279 1298
f 337 1298 1318
f 337 1318 1349
f 337 1349 1387
f 337 1387 1414
f 337 1414 1442
f 337 1442 1477
f 337 1477 1517
f 337 1517 1554
f 337 1554 1593
f 337 1593 1635
f 337 1635 1676
f 337 1676 1719
f 337 1719 1724
f 337 1724 1766
f 337 1766 1816
f 337 1816 1823
f 337 1823 1822
f 337 1822 1868
f 337 1868 1908
f 337 1908 1954
f 337 1954 1989
f 337 1989 1996
f 337 1996 1999
f 337 1999 1998
f 337 1998 2043
f 337 2043 2086
f 337 2086 2132
f 337 2132 2183
f 337 2183 2215
f 337 2215 2212
f 337 2212 2211
f 337 2211 2214
f 337 2214 2235
f 337 2235 2249
f 337 2249 2253
f 337 2253 2254
f 337 2254 2255
f 337 2255 2250
f 337 2250 2236
f 337 2236 2218
f 337 2218 2217
f 337 2217 2216
f 337 2216 2184
f 337 2184 2133
f 337 2133 2088
f 337 2088 2087
f 337 2087 2044
f 337 2044 2000
f 337 2000 1957
f 337 1957 1956
f 337 1956 1955
f 337 1955 1909
f 337 1909 1869
f 337 1869 1826
f 337 1826 1825
f 337 1825 1774
f 337 1774 1773
f 337 1773 1727
f 337 1727 1682
f 337 1682 1681
f 337 1681 1640
f 337 1640 1596
f 337 1596 1555
f 337 1555 1518
f 337 1518 1478
f 337 1478 1443
f 337 1443 1417
f 337 1417 1416
f 337 1416 1415
f 337 1415 1392
f 337 1392 1359
f 337 1359 1358
f 337 1358 1354
f 337 1354 1324
f 337 1324 1299
f 337 1299 1280
f 337 1280 1252
f 337 1252 1220
f 337 1220 1188
f 337 1188 1163
f 337 1163 1137
f 337 1137 1114
f 337 1114 1091
f 337 1091 1067
f 337 1067 1041
f 337 1041 1040
f 337 1040 1039
f 337 1039 1013
f 337 1013 992
f 337 992 968
f 337 968 946
f 337 946 945
f 337 945 921
f 337 921 888
f 337 888 854
f 337 854 816
f 337 816 776
f 337 776 734
f 337 734 733
f 337 733 685
f 337 685 684
f 337 684 631
f 337 631 630
f 337 630 576
f 337 576 533
f 337 533 532
f 337 532 478
f 337 478 477
f 337 477 476
f 337 476 475
f 337 475 470
f 337 470 417
f 337 417 416
f 337 416 345
f 337 345 344
f 337 344 340
f 337 340 339
f 343 346 413
f 343 413 414
f 343 414 415
f 343 415 360
f 345 416 346
f 346 416 417
f 346 417 413
f 347 418 419
f 347 419 348
f 347 407 463
f 347 463 418
f 348 419 349
f 349 419 350
f 350 419 352
f 351 352 420
f 351 420 353
f 352 421 353
f 352 353 420
f 352 419 422
f 352 422 421
f 353 423 424
f 353 424 354
f 353 421 422
f 353 422 425
f 353 425 426
f 353 426 423
f 354 424 355
f 355 424 356
f 356 358 357
f 356 424 358
f 360 415 427
f 360 427 361
f 361 427 362
f 362 428 363
f 362 427 428
f 363 428 429
f 363 429 364
f 364 429 430
f 364 430 431
f 364 431 432
f 364 432 433
f 364 433 365
f 365 433 366
f 366 433 367
f 367 433 434
f 367 434 435
f 367 435 368
f 368 435 369
f 369 435 436
f 369 436 370
f 370 436 437
f 372 437 438
f 372 438 439
f 372 439 373
f 373 439 440
f 373 440 441
f 373 441 374
f 374 441 442
f 374 442 376
f 376 442 443
f 376 443 377
f 377 443 445
f 377 445 378
f 378 444 381
f 378 381 379
f 378 445 446
f 378 446 444
f 382 444 446
f 382 446 447
f 382 447 449
f 382 449 390
f 388 392 389
f 389 391 448
f 389 392 391
f 390 449 450
f 390 450 391
f 391 450 448
f 393 451 395
f 394 399 400
f 395 451 452
f 395 452 396
f 396 452 453
f 396 453 397
f 397 453 454
f 397 454 398
f 398 455 400
f 398 400 399
f 398 454 506
f 398 506 456
f 398 456 507
f 398 507 455
f 400 455 457
f 400 457 401
f 401 457 402
f 402 457 458
f 402 458 459
f 402 459 403
f 405 412 406
f 406 412 460
f 406 460 461
f 406 461 408
f 407 462 463
f 407 408 462
f 408 461 464
f 408 464 462
f 409 459 465
f 409 465 466
f 409 466 410
f 410 466 411
f 411 466 517
f 411 517 467
f 411 467 521
f 411 521 468
f 411 468 412
f 412 468 469
f 412 469 460
f 413 417 414
f 414 417 415
f 415 417 427
f 417 470 427
f 418 471 419
f 418 463 472
f 418 472 473
f 418 473 471
f 419 471 422
f 422 474 425
f 422 471 528
f 422 528 474
f 427 470 475
f 427 475 476
f 427 476 477
f 427 477 428
f 428 477 429
f 429 477 478
f 429 478 430
f 430 478 431
f 431 478 532
f 431 532 479
f 431 479 480
f 431 480 432
f 432 480 433
f 433 480 481
f 433 481 434
f 434 481 435
f 435 482 483
f 435 483 436
f 435 481 482
f 436 483 484
f 436 484 437
f 437 484 438
f 438 484 485
f 438 485 486
f 438 486 439
f 439 486 487
f 439 487 440
f 440 487 488
f 440 488 441
f 441 488 489
f 441 489 490
f 441 490 442
f 442 490 491
f 442 491 443
f 443 491 445
f 445 491 492
f 445 492 446
f 446 492 493
f 446 493 494
f 446 494 495
f 446 495 496
f 446 496 447
f 447 496 497
f 447 497 449
f 448 450 498
f 448 498 499
f 449 497 500
f 449 500 501
f 449 501 450
f 450 501 498
f 452 502 453
f 453 502 503
f 453 503 504
f 453 504 505
f 453 505 506
f 453 506 454
f 455 507 559
f 455 559 508
f 455 508 457
f 456 506 558
f 456 558 509
f 456 509 560
f 456 560 507
f 457 508 510
f 457 510 458
f 458 510 511
f 458 511 459
f 459 511 465
f 460 469 461
f 461 469 512
f 461 512 513
f 461 513 514
f 461 514 515
f 461 515 464
f 462 464 516
f 462 516 472
f 462 472 463
f 464 515 516
f 465 517 466
f 465 511 563
f 465 563 518
f 465 518 567
f 465 567 517
f 467 519 520
f 467 520 521
f 467 517 567
f 467 567 519
f 468 521 522
f 468 522 523
f 468 523 469
f 469 523 524
f 469 524 525
f 469 525 512
f 471 473 531
f 471 531 526
f 471 526 527
f 471 527 528
f 472 516 529
f 472 529 530
f 472 530 473
f 473 530 531
f 479 532 533
f 479 533 534
f 479 534 535
f 479 535 482
f 479 482 481
f 479 481 480
f 482 535 483
f 483 535 536
f 483 536 484
f 484 536 537
f 484 537 538
f 484 538 485
f 485 538 539
f 485 539 540
f 485 540 486
f 486 540 541
f 486 541 487
f 487 541 542
f 487 542 543
f 487 543 488
f 488 543 544
f 488 544 489
f 489 544 490
f 490 544 545
f 490 545 546
f 490 546 491
f 491 546 493
f 491 493 492
f 493 546 592
f 493 592 547
f 493 547 548
f 493 548 494
f 494 548 549
f 494 549 495
f 495 549 550
f 495 550 497
f 495 497 496
f 497 550 551
f 497 551 500
f 498 501 552
f 498 552 553
f 498 553 499
f 500 554 552
f 500 552 501
f 500 551 554
f 503 555 504
f 504 555 556
f 504 556 505
f 505 556 557
f 505 557 558
f 505 558 506
f 507 560 614
f 507 614 559
f 508 559 562
f 508 562 510
f 509 558 561
f 509 561 615
f 509 615 560
f 510 562 563
f 510 563 511
f 512 514 513
f 512 525 564
f 512 564 514
f 514 565 515
f 514 564 575
f 514 575 565
f 515 565 516
f 516 565 566
f 516 566 529
f 518 568 620
f 518 620 567
f 518 563 617
f 518 617 568
f 519 567 620
f 519 620 569
f 519 569 570
f 519 570 520
f 520 570 522
f 520 522 521
f 522 570 571
f 522 571 572
f 522 572 523
f 523 572 525
f 523 525 524
f 525 572 573
f 525 573 574
f 525 574 575
f 525 575 564
f 533 576 534
f 534 576 577
f 534 577 535
f 535 577 578
f 535 578 537
f 535 537 536
f 537 578 579
f 537 579 580
f 537 580 538
f 538 580 539
f 539 580 581
f 539 581 582
f 539 582 540
f 540 582 583
f 540 583 541
f 541 583 584
f 541 584 542
f 542 584 585
f 542 585 543
f 543 586 544
f 543 585 587
f 543 587 588
f 543 588 589
f 543 589 590
f 543 590 586
f 544 586 591
f 544 591 545
f 545 591 546
f 546 591 592
f 547 592 644
f 547 644 593
f 547 593 649
f 547 649 594
f 547 594 548
f 548 594 595
f 548 595 549
f 549 595 596
f 549 596 597
f 549 597 598
f 549 598 550
f 550 598 599
f 550 599 600
f 550 600 551
f 551 600 601
f 551 601 554
f 552 554 602
f 552 602 553
f 554 603 604
f 554 604 602
f 554 601 603
f 555 605 556
f 556 605 606
f 556 606 607
f 556 607 608
f 556 608 609
f 556 609 557
f 557 610 558
f 557 609 611
f 557 611 612
f 557 612 610
f 558 610 613
f 558 613 561
f 559 614 616
f 559 616 562
f 560 615 669
f 560 669 614
f 561 613 615
f 562 616 617
f 562 617 563
f 565 575 618
f 565 618 619
f 565 619 566
f 568 617 671
f 568 671 621
f 568 621 620
f 569 622 570
f 569 620 623
f 569 623 622
f 570 622 571
f 571 622 624
f 571 624 625
f 571 625 572
f 572 625 573
f 573 625 626
f 573 626 627
f 573 627 574
f 574 628 618
f 574 618 575
f 574 627 629
f 574 629 628
f 576 630 579
f 576 579 578
f 576 578 577
f 579 630 631
f 579 631 632
f 579 632 580
f 580 632 581
f 581 632 633
f 581 633 634
f 581 634 582
f 582 634 635
f 582 635 636
f 582 636 583
f 583 636 584
f 584 636 587
f 584 587 585
f 586 590 637
f 586 637 591
f 587 636 638
f 587 638 639
f 587 639 589
f 587 589 588
f 589 639 640
f 589 640 590
f 590 640 641
f 590 641 642
f 590 642 637
f 591 637 643
f 591 643 644
f 591 644 592
f 593 644 645
f 593 645 646
f 593 646 647
f 593 647 648
f 593 648 649
f 594 649 650
f 594 650 595
f 595 650 596
f 596 651 652
f 596 652 653
f 596 653 654
f 596 654 655
f 596 655 656
f 596 656 597
f 596 650 651
f 597 656 599
f 597 599 598
f 599 656 657
f 599 657 601
f 599 601 600
f 601 657 658
f 601 658 659
f 601 659 603
f 605 660 606
f 606 660 607
f 608 611 609
f 608 661 611
f 610 612 662
f 610 662 663
f 610 663 664
f 610 664 613
f 611 662 612
f 611 661 665
f 611 665 664
f 611 664 666
f 611 666 662
f 613 667 615
f 613 664 668
f 613 668 667
f 614 669 670
f 614 670 616
f 615 667 719
f 615 719 669
f 616 670 671
f 616 671 617
f 620 621 672
f 620 672 623
f 621 671 722
f 621 722 673
f 621 673 672
f 622 623 674
f 622 674 675
f 622 675 676
f 622 676 624
f 623 677 674
f 623 672 677
f 624 676 625
f 625 676 626
f 626 676 678
f 626 678 679
f 626 679 627
f 627 679 680
f 627 680 681
f 627 681 682
f 627 682 683
f 627 683 629
f 631 684 632
f 632 684 633
f 633 684 685
f 633 685 686
f 633 686 634
f 634 686 687
f 634 687 688
f 634 688 635
f 635 638 636
f 635 688 689
f 635 689 690
f 635 690 638
f 637 642 643
f 638 690 691
f 638 691 692
f 638 692 693
f 638 693 639
f 639 693 640
f 640 693 694
f 640 694 641
f 641 695 642
f 641 694 696
f 641 696 695
f 642 695 697
f 642 697 643
f 643 697 645
f 643 645 644
f 645 697 698
f 645 698 699
f 645 699 646
f 646 699 700
f 646 700 701
f 646 701 702
f 646 702 703
f 646 703 704
f 646 704 647
f 647 704 648
f 648 651 649
f 648 704 705
f 648 705 652
f 648 652 651
f 649 651 650
f 652 705 706
f 652 706 653
f 653 707 654
f 653 706 708
f 653 708 709
f 653 709 707
f 654 707 655
f 655 710 657
f 655 657 656
f 655 707 711
f 655 711 710
f 657 710 658
f 658 710 753
f 658 753 712
f 658 712 659
f 661 713 665
f 662 666 664
f 662 664 663
f 664 665 714
f 664 714 715
f 664 715 716
f 664 716 717
f 664 717 668
f 665 713 718
f 665 718 714
f 667 668 720
f 667 720 719
f 668 717 720
f 669 719 670
f 670 719 721
f 670 721 722
f 670 722 671
f 672 673 723
f 672 723 677
f 673 722 764
f 673 764 724
f 673 724 725
f 673 725 723
f 674 677 726
f 674 726 675
f 675 726 727
f 675 727 728
f 675 728 676
f 676 728 678
f 677 723 729
f 677 729 726
f 678 728 730
f 678 730 731
f 678 731 679
f 679 731 680
f 680 731 732
f 685 733 686
f 686 733 687
f 687 689 688
f 687 733 734
f 687 734 735
f 687 735 689
f 689 691 690
f 689 735 737
f 689 737 691
f 691 736 692
f 691 737 738
f 691 738 736
f 692 736 693
f 693 736 739
f 693 739 740
f 693 740 694
f 694 740 696
f 695 696 741
f 695 741 698
f 695 698 697
f 696 740 742
f 696 742 743
f 696 743 741
f 698 741 743
f 698 743 700
f 698 700 699
f 700 743 701
f 701 743 784
f 701 784 744
f 701 744 745
f 701 745 702
f 702 745 787
f 702 787 746
f 702 746 703
f 703 746 704
f 704 746 747
f 704 747 705
f 705 747 706
f 706 747 746
f 706 746 748
f 706 748 708
f 707 709 749
f 707 749 711
f 708 748 750
f 708 750 751
f 708 751 709
f 709 751 752
f 709 752 749
f 710 711 754
f 710 754 753
f 711 749 754
f 713 755 718
f 714 718 715
f 715 718 756
f 715 756 757
f 715 757 758
f 715 758 716
f 716 758 717
f 717 758 759
f 717 759 760
f 717 760 761
f 717 761 720
f 718 755 756
f 719 720 762
f 719 762 802
f 719 802 763
f 719 763 721
f 720 761 762
f 721 763 764
f 721 764 722
f 723 725 729
f 724 764 765
f 724 765 725
f 725 766 767
f 725 767 768
f 725 768 769
f 725 769 770
f 725 770 729
f 725 765 766
f 726 729 770
f 726 770 727
f 727 770 771
f 727 771 772
f 727 772 728
f 728 772 730
f 730 772 773
f 730 773 774
f 730 774 731
f 731 774 775
f 731 775 732
f 734 776 735
f 735 776 737
f 736 738 777
f 736 777 739
f 737 776 778
f 737 778 738
f 738 778 779
f 738 779 780
f 738 780 777
f 739 777 781
f 739 781 740
f 740 781 782
f 740 782 742
f 742 782 783
f 742 783 743
f 743 783 784
f 744 784 785
f 744 785 786
f 744 786 788
f 744 788 745
f 745 788 789
f 745 789 787
f 746 787 790
f 746 790 748
f 748 790 750
f 749 752 791
f 750 790 792
f 750 792 793
f 750 793 751
f 751 793 794
f 751 794 752
f 752 794 791
f 755 795 756
f 756 795 796
f 756 796 757
f 757 797 758
f 757 796 798
f 757 798 797
f 758 797 799
f 758 799 759
f 759 799 800
f 759 800 801
f 759 801 760
f 760 801 761
f 761 801 762
f 762 801 802
f 763 802 803
f 763 803 764
f 764 803 765
f 765 803 766
f 766 803 804
f 766 804 805
f 766 805 767
f 767 805 768
f 768 805 806
f 768 806 807
f 768 807 808
f 768 808 769
f 769 808 770
f 770 808 771
f 771 808 809
f 771 809 810
f 771 810 772
f 772 810 773
f 773 810 811
f 773 811 812
f 773 812 813
f 773 813 814
f 773 814 774
f 774 814 815
f 774 815 775
f 776 816 817
f 776 817 778
f 777 780 818
f 777 818 781
f 778 817 779
f 779 817 819
f 779 819 780
f 780 819 820
f 780 820 818
f 781 818 821
f 781 821 782
f 782 821 822
f 782 822 783
f 783 822 823
f 783 823 784
f 784 823 785
f 785 823 824
f 785 824 825
f 785 825 786
f 786 825 826
f 786 826 828
f 786 828 788
f 787 789 827
f 787 827 790
f 788 828 829
f 788 829 789
f 789 829 830
f 789 830 827
f 790 827 792
f 792 827 831
f 792 831 832
f 792 832 833
f 792 833 793
f 793 833 794
f 794 833 834
f 795 835 796
f 796 835 836
f 796 836 798
f 797 798 837
f 797 837 799
f 798 836 838
f 798 838 837
f 799 837 839
f 799 839 875
f 799 875 840
f 799 840 800
f 800 840 878
f 800 878 841
f 800 841 842
f 800 842 801
f 801 842 843
f 801 843 802
f 802 843 804
f 802 804 803
f 804 843 842
f 804 842 844
f 804 844 805
f 805 845 846
f 805 846 806
f 805 844 845
f 806 846 847
f 806 847 848
f 806 848 807
f 807 809 808
f 807 848 849
f 807 849 809
f 809 849 850
f 809 850 810
f 810 850 811
f 811 850 851
f 811 851 852
f 811 852 812
f 812 852 853
f 812 853 813
f 816 854 817
f 817 854 819
f 818 820 855
f 818 855 821
f 819 854 820
f 820 854 856
f 820 856 855
f 821 855 857
f 821 857 822
f 822 857 858
f 822 858 859
f 822 859 823
f 823 859 824
f 824 859 860
f 824 860 861
f 824 861 825
f 825 861 862
f 825 862 863
f 825 863 826
f 826 863 864
f 826 864 828
f 827 830 831
f 828 864 865
f 828 865 829
f 829 865 866
f 829 866 830
f 830 866 867
f 830 867 831
f 831 867 868
f 831 868 832
f 832 834 833
f 832 868 869
f 832 869 834
f 835 870 836
f 836 871 838
f 836 870 871
f 837 838 872
f 837 872 839
f 838 871 873
f 838 873 874
f 838 874 872
f 839 872 876
f 839 876 875
f 840 875 877
f 840 877 878
f 841 878 879
f 841 879 845
f 841 845 842
f 842 845 844
f 845 879 846
f 846 879 880
f 846 880 847
f 847 880 881
f 847 881 882
f 847 882 848
f 848 882 883
f 848 883 849
f 849 883 884
f 849 884 850
f 850 884 851
f 851 884 885
f 851 885 886
f 851 886 887
f 851 887 852
f 852 887 853
f 854 888 856
f 855 856 889
f 855 889 890
f 855 890 857
f 856 890 889
f 856 888 890
f 857 890 891
f 857 891 858
f 858 891 892
f 858 892 859
f 859 892 860
f 860 892 893
f 860 893 894
f 860 894 895
f 860 895 861
f 861 895 896
f 861 896 862
f 862 896 897
f 862 897 863
f 863 897 898
f 863 898 864
f 864 898 899
f 864 899 865
f 865 899 900
f 865 900 866
f 866 900 867
f 867 900 901
f 867 901 902
f 867 902 868
f 868 902 903
f 868 903 869
f 870 904 905
f 870 905 873
f 870 873 871
f 872 874 906
f 872 906 876
f 873 905 904
f 873 904 874
f 874 904 906
f 875 876 907
f 875 907 877
f 876 906 908
f 876 908 909
f 876 909 907
f 877 910 879
f 877 879 878
f 877 907 911
f 877 911 912
f 877 912 910
f 879 910 880
f 880 910 913
f 880 913 881
f 881 913 914
f 881 914 915
f 881 915 916
f 881 916 882
f 882 916 917
f 882 917 918
f 882 918 883
f 883 918 919
f 883 919 884
f 884 919 885
f 885 919 886
f 886 919 920
f 888 921 922
f 888 922 923
f 888 923 890
f 890 923 891
f 891 923 892
f 892 923 924
f 892 924 893
f 893 924 925
f 893 925 894
f 894 925 926
f 894 926 895
f 895 926 927
f 895 927 896
f 896 927 928
f 896 928 897
f 897 928 929
f 897 929 898
f 898 929 899
f 899 929 930
f 899 930 900
f 900 930 931
f 900 931 901
f 901 931 902
f 902 931 932
f 902 932 903
f 903 932 933
f 903 933 934
f 904 935 906
f 906 935 908
f 907 909 936
f 907 936 938
f 907 938 911
f 908 935 909
f 909 935 937
f 909 937 936
f 910 912 913
f 911 938 939
f 911 939 912
f 912 939 940
f 912 940 913
f 913 940 941
f 913 941 914
f 914 941 942
f 914 942 943
f 914 943 915
f 915 917 916
f 915 943 944
f 915 944 917
f 917 944 918
f 918 944 920
f 918 920 919
f 921 945 922
f 922 945 946
f 922 946 923
f 923 946 947
f 923 947 948
f 923 948 949
f 923 949 950
f 923 950 925
f 923 925 924
f 925 950 949
f 925 949 951
f 925 951 952
f 925 952 926
f 926 952 953
f 926 953 927
f 927 953 954
f 927 954 928
f 928 954 955
f 928 955 929
f 929 955 956
f 929 956 930
f 930 956 931
f 931 956 957
f 931 957 958
f 931 958 932
f 932 958 933
f 933 958 959
f 933 959 934
f 934 959 960
f 935 961 984
f 935 984 962
f 935 962 963
f 935 963 937
f 936 937 963
f 936 963 964
f 936 964 938
f 938 964 965
f 938 965 942
f 938 942 939
f 939 942 940
f 940 942 941
f 942 966 967
f 942 965 966
f 946 968 969
f 946 969 970
f 946 970 947
f 947 970 971
f 947 971 948
f 948 971 949
f 949 971 972
f 949 972 973
f 949 973 951
f 951 973 974
f 951 974 975
f 951 975 952
f 952 975 976
f 952 976 953
f 953 976 977
f 953 977 954
f 954 977 978
f 954 978 955
f 955 978 956
f 956 978 979
f 956 979 957
f 957 979 980
f 957 980 958
f 958 980 981
f 958 981 959
f 959 981 982
f 959 982 960
f 960 982 983
f 961 985 984
f 962 984 986
f 962 986 1009
f 962 1009 987
f 962 987 964
f 962 964 963
f 964 987 988
f 964 988 989
f 964 989 966
f 964 966 965
f 966 989 967
f 967 989 990
f 967 990 991
f 968 992 993
f 968 993 969
f 969 971 970
f 969 993 994
f 969 994 995
f 969 995 971
f 971 995 996
f 971 996 997
f 971 997 972
f 972 997 973
f 973 997 974
f 974 997 998
f 974 998 975
f 975 998 999
f 975 999 1000
f 975 1000 976
f 976 1000 1001
f 976 1001 977
f 977 1001 1002
f 977 1002 978
f 978 1002 1003
f 978 1003 979
f 979 1003 1004
f 979 1004 980
f 980 1004 1005
f 980 1005 981
f 981 1005 982
f 982 1005 1006
f 982 1006 1007
f 982 1007 983
f 984 985 986
f 985 1008 991
f 985 991 1009
f 985 1009 986
f 987 1009 1010
f 987 1010 990
f 987 990 988
f 988 990 989
f 990 1010 991
f 991 1008 1011
f 991 1011 1012
f 991 1010 1009
f 992 1013 1014
f 992 1014 1015
f 992 1015 993
f 993 1015 994
f 994 1015 1016
f 994 1016 1017
f 994 1017 1018
f 994 1018 1019
f 994 1019 995
f 995 1019 996
f 996 1019 1020
f 996 1020 997
f 997 1020 998
f 998 1020 1021
f 998 1021 999
f 999 1022 1000
f 999 1021 1049
f 999 1049 1023
f 999 1023 1024
f 999 1024 1025
f 999 1025 1022
f 1000 1022 1026
f 1000 1026 1001
f 1001 1026 1002
f 1002 1026 1027
f 1002 1027 1028
f 1002 1028 1003
f 1003 1028 1029
f 1003 1029 1004
f 1004 1029 1005
f 1005 1029 1030
f 1005 1030 1006
f 1006 1030 1031
f 1006 1031 1007
f 1007 1031 1032
f 1008 1033 1011
f 1011 1033 1034
f 1011 1034 1035
f 1011 1035 1012
f 1012 1035 1036
f 1012 1036 1037
f 1012 1037 1038
f 1013 1039 1014
f 1014 1039 1040
f 1014 1040 1015
f 1015 1040 1041
f 1015 1041 1042
f 1015 1042 1043
f 1015 1043 1044
f 1015 1044 1016
f 1016 1044 1017
f 1017 1044 1045
f 1017 1045 1046
f 1017 1046 1047
f 1017 1047 1048
f 1017 1048 1018
f 1018 1048 1019
f 1019 1048 1020
f 1020 1048 1021
f 1021 1048 1047
f 1021 1047 1049
f 1022 1025 1053
f 1022 1053 1026
f 1023 1049 1073
f 1023 1073 1050
f 1023 1050 1051
f 1023 1051 1024
f 1024 1052 1053
f 1024 1053 1025
f 1024 1051 1076
f 1024 1076 1052
f 1026 1053 1054
f 1026 1054 1027
f 1027 1054 1055
f 1027 1055 1028
f 1028 1055 1029
f 1029 1055 1056
f 1029 1056 1057
f 1029 1057 1030
f 1030 1057 1058
f 1030 1058 1031
f 1031 1058 1059
f 1031 1059 1032
f 1033 1060 1061
f 1033 1061 1062
f 1033 1062 1034
f 1034 1062 1061
f 1034 1061 1084
f 1034 1084 1063
f 1034 1063 1036
f 1034 1036 1035
f 1036 1063 1064
f 1036 1064 1065
f 1036 1065 1037
f 1037 1065 1066
f 1037 1066 1038
f 1041 1067 1068
f 1041 1068 1069
f 1041 1069 1042
f 1042 1069 1043
f 1043 1069 1044
f 1044 1069 1070
f 1044 1070 1095
f 1044 1095 1071
f 1044 1071 1045
f 1045 1071 1072
f 1045 1072 1046
f 1046 1072 1049
f 1046 1049 1047
f 1049 1072 1073
f 1050 1073 1074
f 1050 1074 1075
f 1050 1075 1051
f 1051 1075 1101
f 1051 1101 1076
f 1052 1054 1053
f 1052 1076 1054
f 1054 1077 1055
f 1054 1076 1078
f 1054 1078 1103
f 1054 1103 1077
f 1055 1077 1079
f 1055 1079 1056
f 1056 1079 1057
f 1057 1079 1080
f 1057 1080 1081
f 1057 1081 1058
f 1058 1081 1059
f 1059 1081 1082
f 1060 1083 1084
f 1060 1084 1061
f 1063 1085 1086
f 1063 1086 1087
f 1063 1087 1064
f 1063 1084 1109
f 1063 1109 1085
f 1064 1087 1088
f 1064 1088 1089
f 1064 1089 1090
f 1064 1090 1065
f 1065 1090 1066
f 1067 1091 1092
f 1067 1092 1068
f 1068 1092 1069
f 1069 1092 1093
f 1069 1093 1094
f 1069 1094 1070
f 1070 1094 1095
f 1071 1095 1096
f 1071 1096 1072
f 1072 1096 1073
f 1073 1096 1097
f 1073 1097 1098
f 1073 1098 1074
f 1074 1099 1100
f 1074 1100 1075
f 1074 1098 1120
f 1074 1120 1099
f 1075 1100 1123
f 1075 1123 1101
f 1076 1101 1124
f 1076 1124 1102
f 1076 1102 1078
f 1077 1103 1104
f 1077 1104 1079
f 1078 1102 1126
f 1078 1126 1103
f 1079 1104 1105
f 1079 1105 1080
f 1080 1105 1106
f 1080 1106 1081
f 1081 1106 1107
f 1081 1107 1082
f 1083 1108 1084
f 1084 1108 1109
f 1085 1110 1111
f 1085 1111 1086
f 1085 1109 1134
f 1085 1134 1110
f 1086 1112 1136
f 1086 1136 1113
f 1086 1113 1088
f 1086 1088 1087
f 1086 1111 1112
f 1091 1114 1115
f 1091 1115 1092
f 1092 1115 1093
f 1093 1115 1116
f 1093 1116 1094
f 1094 1116 1139
f 1094 1139 1117
f 1094 1117 1118
f 1094 1118 1095
f 1095 1118 1097
f 1095 1097 1096
f 1097 1118 1119
f 1097 1119 1120
f 1097 1120 1098
f 1099 1121 1100
f 1099 1120 1143
f 1099 1143 1122
f 1099 1122 1148
f 1099 1148 1121
f 1100 1121 1147
f 1100 1147 1123
f 1101 1123 1125
f 1101 1125 1124
f 1102 1124 1127
f 1102 1127 1126
f 1103 1126 1128
f 1103 1128 1104
f 1104 1128 1129
f 1104 1129 1105
f 1105 1129 1106
f 1106 1129 1130
f 1106 1130 1131
f 1106 1131 1107
f 1108 1132 1109
f 1109 1132 1133
f 1109 1133 1134
f 1110 1134 1135
f 1110 1135 1111
f 1111 1135 1112
f 1112 1135 1136
f 1114 1137 1138
f 1114 1138 1115
f 1115 1138 1139
f 1115 1139 1116
f 1117 1139 1165
f 1117 1165 1140
f 1117 1140 1118
f 1118 1140 1141
f 1118 1141 1119
f 1119 1142 1143
f 1119 1143 1120
f 1119 1141 1144
f 1119 1144 1145
f 1119 1145 1146
f 1119 1146 1142
f 1121 1148 1171
f 1121 1171 1147
f 1122 1143 1142
f 1122 1142 1146
f 1122 1146 1149
f 1122 1149 1150
f 1122 1150 1151
f 1122 1151 1148
f 1123 1147 1152
f 1123 1152 1153
f 1123 1153 1125
f 1124 1125 1127
f 1125 1153 1154
f 1125 1154 1127
f 1126 1127 1128
f 1127 1155 1128
f 1127 1154 1156
f 1127 1156 1155
f 1128 1155 1157
f 1128 1157 1129
f 1129 1157 1158
f 1129 1158 1130
f 1130 1158 1131
f 1131 1158 1159
f 1131 1159 1160
f 1134 1161 1135
f 1135 1161 1162
f 1137 1163 1138
f 1138 1163 1164
f 1138 1164 1139
f 1139 1164 1165
f 1140 1165 1191
f 1140 1191 1166
f 1140 1166 1141
f 1141 1166 1167
f 1141 1167 1144
f 1144 1167 1168
f 1144 1168 1169
f 1144 1169 1145
f 1145 1169 1170
f 1145 1170 1146
f 1146 1170 1149
f 1147 1171 1152
f 1148 1151 1175
f 1148 1175 1171
f 1149 1170 1197
f 1149 1197 1172
f 1149 1172 1202
f 1149 1202 1173
f 1149 1173 1150
f 1150 1174 1175
f 1150 1175 1151
f 1150 1173 1203
f 1150 1203 1174
f 1152 1176 1154
f 1152 1154 1153
f 1152 1171 1175
f 1152 1175 1174
f 1152 1174 1177
f 1152 1177 1178
f 1152 1178 1179
f 1152 1179 1176
f 1154 1176 1156
f 1155 1156 1181
f 1155 1181 1157
f 1156 1180 1181
f 1156 1176 1182
f 1156 1182 1180
f 1157 1181 1183
f 1157 1183 1158
f 1158 1183 1159
f 1159 1183 1184
f 1159 1184 1160
f 1160 1184 1185
f 1161 1186 1162
f 1162 1186 1187
f 1163 1188 1189
f 1163 1189 1190
f 1163 1190 1164
f 1164 1191 1165
f 1164 1190 1191
f 1166 1191 1192
f 1166 1192 1167
f 1167 1192 1193
f 1167 1193 1194
f 1167 1194 1195
f 1167 1195 1168
f 1168 1195 1196
f 1168 1196 1169
f 1169 1196 1170
f 1170 1196 1197
f 1172 1198 1199
f 1172 1199 1200
f 1172 1200 1201
f 1172 1201 1202
f 1172 1197 1198
f 1173 1202 1232
f 1173 1232 1203
f 1174 1203 1204
f 1174 1204 1177
f 1176 1179 1182
f 1177 1204 1206
f 1177 1206 1178
f 1178 1205 1182
f 1178 1182 1179
f 1178 1206 1207
f 1178 1207 1205
f 1180 1208 1209
f 1180 1209 1181
f 1180 1182 1210
f 1180 1210 1238
f 1180 1238 1208
f 1181 1209 1183
f 1182 1205 1210
f 1183 1209 1184
f 1184 1209 1208
f 1184 1208 1211
f 1184 1211 1185
f 1186 1212 1187
f 1187 1212 1213
f 1187 1213 1214
f 1187 1214 1215
f 1187 1215 1216
f 1187 1216 1217
f 1187 1217 1218
f 1187 1218 1219
f 1188 1220 1189
f 1189 1220 1190
f 1190 1220 1221
f 1190 1221 1222
f 1190 1222 1192
f 1190 1192 1191
f 1192 1222 1193
f 1193 1222 1223
f 1193 1223 1224
f 1193 1224 1225
f 1193 1225 1226
f 1193 1226 1227
f 1193 1227 1228
f 1193 1228 1194
f 1194 1228 1229
f 1194 1229 1195
f 1195 1229 1196
f 1196 1229 1230
f 1196 1230 1197
f 1197 1230 1198
f 1198 1230 1254
f 1198 1254 1227
f 1198 1227 1226
f 1198 1226 1225
f 1198 1225 1224
f 1198 1224 1223
f 1198 1223 1253
f 1198 1253 1280
f 1198 1280 1299
f 1198 1299 1323
f 1198 1323 1326
f 1198 1326 1300
f 1198 1300 1285
f 1198 1285 1284
f 1198 1284 1283
f 1198 1283 1261
f 1198 1261 1260
f 1198 1260 1282
f 1198 1282 1262
f 1198 1262 1281
f 1198 1281 1257
f 1198 1257 1255
f 1198 1255 1231
f 1198 1231 1201
f 1198 1201 1200
f 1198 1200 1199
f 1201 1231 1232
f 1201 1232 1202
f 1203 1232 1233
f 1203 1233 1204
f 1204 1233 1235
f 1204 1235 1206
f 1205 1207 1234
f 1205 1234 1210
f 1206 1235 1207
f 1207 1235 1236
f 1207 1236 1234
f 1208 1237 1211
f 1208 1238 1239
f 1208 1239 1237
f 1210 1234 1240
f 1210 1240 1238
f 1212 1241 1242
f 1212 1242 1243
f 1212 1243 1244
f 1212 1244 1245
f 1212 1245 1213
f 1213 1246 1214
f 1213 1245 1272
f 1213 1272 1246
f 1214 1246 1247
f 1214 1247 1215
f 1215 1247 1216
f 1216 1247 1217
f 1217 1247 1218
f 1218 1247 1248
f 1218 1248 1219
f 1219 1248 1249
f 1219 1249 1250
f 1219 1250 1251
f 1220 1252 1221
f 1221 1252 1253
f 1221 1253 1222
f 1222 1253 1223
f 1227 1254 1229
f 1227 1229 1228
f 1229 1254 1230
f 1231 1255 1232
f 1232 1256 1233
f 1232 1255 1257
f 1232 1257 1256
f 1233 1256 1235
f 1234 1258 1240
f 1234 1236 1259
f 1234 1259 1260
f 1234 1260 1261
f 1234 1261 1258
f 1235 1259 1236
f 1235 1256 1262
f 1235 1262 1259
f 1238 1240 1263
f 1238 1263 1239
f 1240 1258 1264
f 1240 1264 1265
f 1240 1265 1263
f 1241 1266 1267
f 1241 1267 1268
f 1241 1268 1269
f 1241 1269 1270
f 1241 1270 1242
f 1242 1270 1271
f 1242 1271 1272
f 1242 1272 1243
f 1243 1272 1244
f 1244 1272 1245
f 1246 1273 1247
f 1246 1272 1271
f 1246 1271 1273
f 1247 1273 1274
f 1247 1274 1248
f 1248 1274 1275
f 1248 1275 1276
f 1248 1276 1249
f 1249 1276 1250
f 1250 1276 1277
f 1250 1277 1251
f 1251 1277 1278
f 1251 1278 1279
f 1252 1280 1253
f 1256 1257 1281
f 1256 1281 1262
f 1258 1261 1264
f 1259 1262 1282
f 1259 1282 1260
f 1261 1283 1264
f 1264 1283 1284
f 1264 1284 1285
f 1266 1286 1287
f 1266 1287 1267
f 1267 1287 1288
f 1267 1288 1268
f 1268 1288 1289
f 1268 1289 1269
f 1269 1289 1270
f 1270 1289 1271
f 1271 1289 1290
f 1271 1290 1273
f 1273 1290 1274
f 1274 1290 1275
f 1275 1290 1276
f 1276 1290 1291
f 1276 1291 1277
f 1277 1291 1292
f 1277 1292 1278
f 1278 1292 1293
f 1278 1293 1279
f 1279 1293 1294
f 1279 1294 1295
f 1279 1295 1296
f 1279 1296 1297
f 1279 1297 1298
f 1286 1301 1287
f 1287 1301 1302
f 1287 1302 1303
f 1287 1303 1304
f 1287 1304 1288
f 1288 1304 1305
f 1288 1305 1306
f 1288 1306 1289
f 1289 1306 1307
f 1289 1307 1290
f 1290 1307 1291
f 1291 1307 1308
f 1291 1308 1309
f 1291 1309 1292
f 1292 1309 1293
f 1293 1309 1310
f 1293 1310 1294
f 1294 1310 1311
f 1294 1311 1295
f 1295 1311 1312
f 1295 1312 1296
f 1296 1312 1313
f 1296 1313 1314
f 1296 1314 1297
f 1297 1314 1315
f 1297 1315 1298
f 1298 1315 1316
f 1298 1316 1317
f 1298 1317 1318
f 1299 1319 1320
f 1299 1320 1321
f 1299 1321 1322
f 1299 1322 1323
f 1299 1324 1325
f 1299 1325 1319
f 1300 1326 1322
f 1300 1322 1327
f 1300 1327 1328
f 1300 1328 1329
f 1300 1329 1330
f 1300 1330 1331
f 1300 1331 1332
f 1301 1333 1302
f 1302 1333 1334
f 1302 1334 1335
f 1302 1335 1303
f 1303 1335 1304
f 1304 1335 1336
f 1304 1336 1305
f 1305 1336 1337
f 1305 1337 1338
f 1305 1338 1306
f 1306 1338 1339
f 1306 1339 1307
f 1307 1339 1308
f 1308 1339 1340
f 1308 1340 1309
f 1309 1340 1341
f 1309 1341 1310
f 1310 1341 1311
f 1311 1341 1342
f 1311 1342 1312
f 1312 1342 1343
f 1312 1343 1313
f 1313 1343 1344
f 1313 1344 1315
f 1313 1315 1314
f 1315 1344 1345
f 1315 1345 1346
f 1315 1346 1316
f 1316 1346 1317
f 1317 1346 1347
f 1317 1347 1348
f 1317 1348 1318
f 1318 1348 1349
f 1319 1350 1351
f 1319 1351 1321
f 1319 1321 1320
f 1319 1325 1350
f 1321 1352 1322
f 1321 1351 1353
f 1321 1353 1352
f 1322 1352 1327
f 1322 1326 1323
f 1324 1354 1325
f 1325 1355 1356
f 1325 1356 1357
f 1325 1357 1350
f 1325 1354 1358
f 1325 1358 1359
f 1325 1359 1355
f 1327 1352 1360
f 1327 1360 1361
f 1327 1361 1362
f 1327 1362 1363
f 1327 1363 1328
f 1328 1363 1362
f 1328 1362 1329
f 1329 1362 1330
f 1330 1362 1331
f 1331 1364 1332
f 1331 1362 1365
f 1331 1365 1366
f 1331 1366 1367
f 1331 1367 1368
f 1331 1368 1369
f 1331 1369 1370
f 1331 1370 1371
f 1331 1371 1372
f 1331 1372 1364
f 1333 1373 1334
f 1334 1373 1374
f 1334 1374 1335
f 1335 1374 1375
f 1335 1375 1337
f 1335 1337 1336
f 1337 1375 1376
f 1337 1376 1377
f 1337 1377 1338
f 1338 1377 1378
f 1338 1378 1339
f 1339 1378 1340
f 1340 1378 1379
f 1340 1379 1341
f 1341 1379 1380
f 1341 1380 1342
f 1342 1380 1381
f 1342 1381 1343
f 1343 1381 1382
f 1343 1382 1344
f 1344 1382 1383
f 1344 1383 1345
f 1345 1383 1346
f 1346 1383 1384
f 1346 1384 1347
f 1347 1384 1385
f 1347 1385 1348
f 1348 1386 1387
f 1348 1387 1349
f 1348 1385 1386
f 1350 1357 1351
f 1351 1357 1356
f 1351 1356 1388
f 1351 1388 1353
f 1352 1353 1389
f 1352 1389 1360
f 1353 1388 1367
f 1353 1367 1366
f 1353 1366 1361
f 1353 1361 1389
f 1355 1390 1356
f 1355 1359 1390
f 1356 1390 1391
f 1356 1391 1388
f 1359 1392 1391
f 1359 1391 1393
f 1359 1393 1390
f 1360 1389 1361
f 1361 1365 1362
f 1361 1366 1365
f 1367 1388 1391
f 1367 1391 1394
f 1367 1394 1395
f 1367 1395 1396
f 1367 1396 1368
f 1368 1396 1397
f 1368 1397 1398
f 1368 1398 1369
f 1373 1399 1400
f 1373 1400 1401
f 1373 1401 1374
f 1374 1401 1402
f 1374 1402 1403
f 1374 1403 1375
f 1375 1403 1376
f 1376 1403 1428
f 1376 1428 1404
f 1376 1404 1405
f 1376 1405 1377
f 1377 1405 1406
f 1377 1406 1378
f 1378 1406 1407
f 1378 1407 1379
f 1379 1407 1380
f 1380 1407 1408
f 1380 1408 1381
f 1381 1408 1409
f 1381 1409 1382
f 1382 1409 1410
f 1382 1410 1383
f 1383 1410 1411
f 1383 1411 1384
f 1384 1411 1412
f 1384 1412 1385
f 1385 1412 1413
f 1385 1413 1386
f 1386 1413 1414
f 1386 1414 1387
f 1390 1393 1391
f 1391 1392 1415
f 1391 1415 1416
f 1391 1416 1417
f 1391 1417 1418
f 1391 1418 1419
f 1391 1419 1420
f 1391 1420 1394
f 1394 1421 1395
f 1394 1420 1421
f 1395 1421 1422
f 1395 1422 1397
f 1395 1397 1396
f 1397 1422 1398
f 1398 1422 1423
f 1398 1423 1424
f 1399 1425 1400
f 1400 1425 1426
f 1400 1426 1401
f 1401 1426 1402
f 1402 1426 1427
f 1402 1427 1428
f 1402 1428 1403
f 1404 1428 1429
f 1404 1429 1430
f 1404 1430 1405
f 1405 1430 1431
f 1405 1431 1432
f 1405 1432 1406
f 1406 1432 1407
f 1407 1432 1433
f 1407 1433 1434
f 1407 1434 1408
f 1408 1434 1435
f 1408 1435 1409
f 1409 1435 1436
f 1409 1436 1410
f 1410 1436 1437
f 1410 1437 1411
f 1411 1437 1438
f 1411 1438 1412
f 1412 1438 1439
f 1412 1439 1413
f 1413 1439 1440
f 1413 1440 1441
f 1413 1441 1414
f 1414 1441 1442
f 1417 1443 1420
f 1417 1420 1418
f 1418 1420 1419
f 1420 1443 1444
f 1420 1444 1445
f 1420 1445 1446
f 1420 1446 1447
f 1420 1447 1448
f 1420 1448 1449
f 1420 1449 1450
f 1420 1450 1451
f 1420 1451 1452
f 1420 1452 1422
f 1420 1422 1421
f 1422 1452 1423
f 1423 1452 1453
f 1423 1453 1454
f 1423 1454 1424
f 1424 1454 1455
f 1425 1456 1457
f 1425 1457 1426
f 1426 1457 1427
f 1427 1457 1495
f 1427 1495 1458
f 1427 1458 1459
f 1427 1459 1428
f 1428 1459 1460
f 1428 1460 1429
f 1429 1460 1430
f 1430 1461 1462
f 1430 1462 1431
f 1430 1460 1463
f 1430 1463 1461
f 1431 1462 1432
f 1432 1462 1461
f 1432 1461 1464
f 1432 1464 1433
f 1433 1465 1466
f 1433 1466 1434
f 1433 1464 1467
f 1433 1467 1465
f 1434 1468 1435
f 1434 1466 1465
f 1434 1465 1469
f 1434 1469 1470
f 1434 1470 1468
f 1435 1468 1436
f 1436 1468 1471
f 1436 1471 1437
f 1437 1471 1472
f 1437 1472 1438
f 1438 1472 1473
f 1438 1473 1439
f 1439 1473 1474
f 1439 1474 1440
f 1440 1474 1475
f 1440 1475 1476
f 1440 1476 1441
f 1441 1476 1442
f 1442 1476 1477
f 1443 1478 1479
f 1443 1479 1480
f 1443 1480 1481
f 1443 1481 1445
f 1443 1445 1444
f 1445 1481 1482
f 1445 1482 1483
f 1445 1483 1446
f 1446 1483 1447
f 1447 1483 1484
f 1447 1484 1485
f 1447 1485 1448
f 1448 1485 1486
f 1448 1486 1449
f 1449 1486 1487
f 1449 1487 1450
f 1450 1487 1451
f 1451 1487 1488
f 1451 1488 1452
f 1452 1488 1453
f 1453 1488 1489
f 1453 1489 1490
f 1453 1490 1454
f 1454 1490 1455
f 1455 1490 1491
f 1455 1491 1492
f 1455 1492 1493
f 1456 1494 1495
f 1456 1495 1457
f 1458 1495 1496
f 1458 1496 1497
f 1458 1497 1459
f 1459 1497 1460
f 1460 1497 1498
f 1460 1498 1499
f 1460 1499 1500
f 1460 1500 1463
f 1461 1463 1464
f 1463 1500 1501
f 1463 1501 1502
f 1463 1502 1503
f 1463 1503 1467
f 1463 1467 1464
f 1465 1467 1469
f 1467 1503 1505
f 1467 1505 1469
f 1468 1504 1471
f 1468 1470 1504
f 1469 1505 1470
f 1470 1505 1506
f 1470 1506 1545
f 1470 1545 1507
f 1470 1507 1504
f 1471 1504 1508
f 1471 1508 1472
f 1472 1508 1507
f 1472 1507 1509
f 1472 1509 1510
f 1472 1510 1511
f 1472 1511 1473
f 1473 1511 1512
f 1473 1512 1474
f 1474 1512 1513
f 1474 1513 1514
f 1474 1514 1475
f 1475 1515 1476
f 1475 1514 1516
f 1475 1516 1515
f 1476 1515 1477
f 1477 1515 1517
f 1478 1518 1519
f 1478 1519 1479
f 1479 1520 1480
f 1479 1519 1521
f 1479 1521 1520
f 1480 1520 1522
f 1480 1522 1523
f 1480 1523 1481
f 1481 1523 1482
f 1482 1523 1524
f 1482 1524 1525
f 1482 1525 1483
f 1483 1525 1526
f 1483 1526 1484
f 1484 1526 1527
f 1484 1527 1485
f 1485 1527 1528
f 1485 1528 1486
f 1486 1528 1487
f 1487 1528 1529
f 1487 1529 1488
f 1488 1529 1489
f 1489 1529 1530
f 1489 1530 1531
f 1489 1531 1490
f 1490 1531 1532
f 1490 1532 1491
f 1491 1532 1533
f 1491 1533 1492
f 1492 1533 1534
f 1492 1534 1493
f 1494 1535 1536
f 1494 1536 1495
f 1495 1536 1496
f 1496 1537 1538
f 1496 1538 1497
f 1496 1536 1537
f 1497 1538 1498
f 1498 1538 1499
f 1499 1539 1578
f 1499 1578 1540
f 1499 1540 1501
f 1499 1501 1500
f 1499 1538 1539
f 1501 1540 1579
f 1501 1579 1541
f 1501 1541 1542
f 1501 1542 1502
f 1502 1542 1503
f 1503 1543 1544
f 1503 1544 1505
f 1503 1542 1543
f 1504 1507 1508
f 1505 1544 1546
f 1505 1546 1506
f 1506 1546 1545
f 1507 1545 1509
f 1509 1545 1511
f 1509 1511 1510
f 1511 1547 1548
f 1511 1548 1514
f 1511 1514 1513
f 1511 1513 1512
f 1511 1545 1549
f 1511 1549 1550
f 1511 1550 1547
f 1514 1548 1551
f 1514 1551 1516
f 1515 1516 1552
f 1515 1552 1517
f 1516 1551 1553
f 1516 1553 1552
f 1517 1552 1554
f 1518 1555 1556
f 1518 1556 1557
f 1518 1557 1519
f 1519 1557 1521
f 1520 1521 1522
f 1521 1557 1558
f 1521 1558 1559
f 1521 1559 1522
f 1522 1559 1524
f 1522 1524 1523
f 1524 1559 1560
f 1524 1560 1561
f 1524 1561 1525
f 1525 1561 1562
f 1525 1562 1526
f 1526 1562 1563
f 1526 1563 1527
f 1527 1563 1564
f 1527 1564 1528
f 1528 1564 1530
f 1528 1530 1529
f 1530 1564 1565
f 1530 1565 1566
f 1530 1566 1567
f 1530 1567 1531
f 1531 1567 1532
f 1532 1567 1568
f 1532 1568 1533
f 1533 1568 1569
f 1533 1569 1534
f 1534 1569 1570
f 1534 1570 1571
f 1535 1572 1573
f 1535 1573 1574
f 1535 1574 1575
f 1535 1575 1536
f 1536 1575 1576
f 1536 1576 1537
f 1537 1576 1539
f 1537 1539 1538
f 1539 1577 1578
f 1539 1576 1577
f 1540 1578 1579
f 1541 1579 1580
f 1541 1580 1542
f 1542 1580 1581
f 1542 1581 1582
f 1542 1582 1543
f 1543 1582 1544
f 1544 1582 1583
f 1544 1583 1585
f 1544 1585 1546
f 1545 1546 1585
f 1545 1585 1584
f 1545 1584 1549
f 1547 1586 1587
f 1547 1587 1548
f 1547 1550 1586
f 1548 1587 1551
f 1549 1584 1588
f 1549 1588 1550
f 1550 1588 1629
f 1550 1629 1589
f 1550 1589 1586
f 1551 1587 1590
f 1551 1590 1591
f 1551 1591 1553
f 1552 1553 1592
f 1552 1592 1593
f 1552 1593 1554
f 1553 1591 1594
f 1553 1594 1595
f 1553 1595 1592
f 1555 1596 1597
f 1555 1597 1556
f 1556 1598 1557
f 1556 1597 1599
f 1556 1599 1600
f 1556 1600 1598
f 1557 1598 1558
f 1558 1598 1601
f 1558 1601 1602
f 1558 1602 1559
f 1559 1602 1560
f 1560 1602 1603
f 1560 1603 1604
f 1560 1604 1561
f 1561 1604 1605
f 1561 1605 1562
f 1562 1605 1606
f 1562 1606 1563
f 1563 1606 1565
f 1563 1565 1564
f 1565 1606 1607
f 1565 1607 1608
f 1565 1608 1609
f 1565 1609 1566
f 1566 1609 1567
f 1567 1609 1610
f 1567 1610 1568
f 1568 1610 1611
f 1568 1611 1569
f 1569 1611 1612
f 1569 1612 1570
f 1570 1612 1613
f 1570 1613 1571
f 1571 1613 1614
f 1572 1615 1573
f 1573 1616 1617
f 1573 1617 1618
f 1573 1618 1619
f 1573 1619 1620
f 1573 1620 1578
f 1573 1578 1577
f 1573 1577 1574
f 1573 1615 1616
f 1574 1577 1576
f 1574 1576 1575
f 1578 1620 1619
f 1578 1619 1621
f 1578 1621 1622
f 1578 1622 1579
f 1579 1622 1580
f 1580 1622 1666
f 1580 1666 1623
f 1580 1623 1624
f 1580 1624 1581
f 1581 1624 1582
f 1582 1624 1625
f 1582 1625 1626
f 1582 1626 1583
f 1583 1626 1585
f 1584 1585 1588
f 1585 1626 1627
f 1585 1627 1629
f 1585 1629 1588
f 1586 1589 1628
f 1586 1628 1587
f 1587 1628 1590
f 1589 1629 1630
f 1589 1630 1631
f 1589 1631 1632
f 1589 1632 1674
f 1589 1674 1633
f 1589 1633 1628
f 1590 1628 1633
f 1590 1633 1634
f 1590 1634 1591
f 1591 1634 1594
f 1592 1635 1593
f 1592 1595 1636
f 1592 1636 1677
f 1592 1677 1637
f 1592 1637 1676
f 1592 1676 1635
f 1594 1634 1638
f 1594 1638 1639
f 1594 1639 1595
f 1595 1639 1636
f 1596 1640 1599
f 1596 1599 1597
f 1598 1600 1601
f 1599 1640 1641
f 1599 1641 1642
f 1599 1642 1643
f 1599 1643 1600
f 1600 1643 1601
f 1601 1643 1644
f 1601 1644 1645
f 1601 1645 1602
f 1602 1645 1603
f 1603 1645 1646
f 1603 1646 1647
f 1603 1647 1604
f 1604 1647 1648
f 1604 1648 1605
f 1605 1648 1607
f 1605 1607 1606
f 1607 1648 1649
f 1607 1649 1650
f 1607 1650 1651
f 1607 1651 1608
f 1608 1651 1609
f 1609 1651 1652
f 1609 1652 1653
f 1609 1653 1610
f 1610 1653 1654
f 1610 1654 1611
f 1611 1654 1655
f 1611 1655 1612
f 1612 1655 1656
f 1612 1656 1613
f 1613 1656 1657
f 1613 1657 1614
f 1615 1658 1616
f 1616 1658 1659
f 1616 1659 1660
f 1616 1660 1617
f 1617 1660 1618
f 1618 1661 1662
f 1618 1662 1663
f 1618 1663 1664
f 1618 1664 1665
f 1618 1665 1621
f 1618 1621 1619
f 1618 1660 1661
f 1621 1665 1622
f 1622 1665 1664
f 1622 1664 1666
f 1623 1666 1667
f 1623 1667 1668
f 1623 1668 1624
f 1624 1668 1669
f 1624 1669 1625
f 1625 1669 1626
f 1626 1669 1670
f 1626 1670 1671
f 1626 1671 1627
f 1627 1671 1630
f 1627 1630 1629
f 1630 1671 1672
f 1630 1672 1631
f 1631 1672 1673
f 1631 1673 1632
f 1632 1673 1675
f 1632 1675 1674
f 1633 1674 1638
f 1633 1638 1634
f 1636 1639 1677
f 1637 1677 1678
f 1637 1678 1676
f 1638 1674 1679
f 1638 1679 1680
f 1638 1680 1639
f 1639 1680 1677
f 1640 1681 1641
f 1641 1681 1682
f 1641 1682 1683
f 1641 1683 1642
f 1642 1683 1682
f 1642 1682 1684
f 1642 1684 1685
f 1642 1685 1643
f 1643 1685 1644
f 1644 1685 1686
f 1644 1686 1687
f 1644 1687 1645
f 1645 1687 1646
f 1646 1687 1733
f 1646 1733 1688
f 1646 1688 1689
f 1646 1689 1647
f 1647 1689 1690
f 1647 1690 1649
f 1647 1649 1648
f 1649 1690 1691
f 1649 1691 1692
f 1649 1692 1650
f 1650 1692 1693
f 1650 1693 1651
f 1651 1693 1694
f 1651 1694 1652
f 1652 1694 1653
f 1653 1695 1696
f 1653 1696 1654
f 1653 1694 1697
f 1653 1697 1698
f 1653 1698 1699
f 1653 1699 1700
f 1653 1700 1695
f 1654 1696 1655
f 1655 1696 1701
f 1655 1701 1656
f 1656 1701 1702
f 1656 1702 1657
f 1657 1702 1703
f 1657 1703 1704
f 1659 1661 1660
f 1661 1705 1662
f 1662 1705 1706
f 1662 1706 1663
f 1663 1706 1707
f 1663 1707 1708
f 1663 1708 1664
f 1664 1708 1709
f 1664 1709 1666
f 1666 1709 1667
f 1667 1709 1754
f 1667 1754 1710
f 1667 1710 1711
f 1667 1711 1668
f 1668 1711 1712
f 1668 1712 1669
f 1669 1712 1713
f 1669 1713 1670
f 1670 1713 1672
f 1670 1672 1671
f 1672 1713 1714
f 1672 1714 1715
f 1672 1715 1716
f 1672 1716 1673
f 1673 1716 1763
f 1673 1763 1717
f 1673 1717 1675
f 1674 1675 1717
f 1674 1717 1718
f 1674 1718 1679
f 1676 1678 1719
f 1677 1720 1678
f 1677 1680 1721
f 1677 1721 1722
f 1677 1722 1723
f 1677 1723 1720
f 1678 1720 1766
f 1678 1766 1724
f 1678 1724 1719
f 1679 1718 1725
f 1679 1725 1680
f 1680 1725 1726
f 1680 1726 1721
f 1682 1727 1728
f 1682 1728 1729
f 1682 1729 1684
f 1684 1729 1730
f 1684 1730 1731
f 1684 1731 1685
f 1685 1731 1686
f 1686 1731 1732
f 1686 1732 1733
f 1686 1733 1687
f 1688 1733 1734
f 1688 1734 1735
f 1688 1735 1689
f 1689 1735 1690
f 1690 1735 1736
f 1690 1736 1737
f 1690 1737 1738
f 1690 1738 1739
f 1690 1739 1691
f 1691 1739 1740
f 1691 1740 1692
f 1692 1740 1697
f 1692 1697 1693
f 1693 1697 1694
f 1695 1700 1696
f 1696 1700 1741
f 1696 1741 1701
f 1697 1740 1742
f 1697 1742 1743
f 1697 1743 1698
f 1698 1743 1699
f 1699 1743 1788
f 1699 1788 1744
f 1699 1744 1700
f 1700 1744 1745
f 1700 1745 1790
f 1700 1790 1746
f 1700 1746 1741
f 1701 1747 1702
f 1701 1741 1746
f 1701 1746 1747
f 1702 1747 1748
f 1702 1748 1703
f 1703 1748 1749
f 1703 1749 1750
f 1703 1750 1704
f 1706 1751 1707
f 1707 1751 1752
f 1707 1752 1753
f 1707 1753 1708
f 1708 1753 1754
f 1708 1754 1709
f 1710 1754 1806
f 1710 1806 1755
f 1710 1755 1711
f 1711 1755 1807
f 1711 1807 1756
f 1711 1756 1757
f 1711 1757 1712
f 1712 1757 1714
f 1712 1714 1713
f 1714 1757 1758
f 1714 1758 1759
f 1714 1759 1715
f 1715 1759 1760
f 1715 1760 1761
f 1715 1761 1716
f 1716 1762 1763
f 1716 1761 1762
f 1717 1763 1764
f 1717 1764 1718
f 1718 1764 1726
f 1718 1726 1725
f 1720 1723 1765
f 1720 1765 1816
f 1720 1816 1766
f 1721 1726 1767
f 1721 1767 1722
f 1722 1767 1723
f 1723 1767 1768
f 1723 1768 1769
f 1723 1769 1770
f 1723 1770 1771
f 1723 1771 1765
f 1726 1764 1772
f 1726 1772 1767
f 1727 1773 1728
f 1728 1730 1729
f 1728 1773 1774
f 1728 1774 1825
f 1728 1825 1775
f 1728 1775 1776
f 1728 1776 1730
f 1730 1776 1777
f 1730 1777 1731
f 1731 1777 1732
f 1732 1777 1778
f 1732 1778 1779
f 1732 1779 1733
f 1733 1779 1734
f 1734 1779 1780
f 1734 1780 1781
f 1734 1781 1735
f 1735 1781 1782
f 1735 1782 1736
f 1736 1782 1737
f 1737 1783 1784
f 1737 1784 1785
f 1737 1785 1786
f 1737 1786 1787
f 1737 1787 1742
f 1737 1742 1738
f 1737 1782 1783
f 1738 1742 1740
f 1738 1740 1739
f 1742 1787 1743
f 1743 1787 1786
f 1743 1786 1788
f 1744 1788 1839
f 1744 1839 1789
f 1744 1789 1745
f 1745 1789 1791
f 1745 1791 1790
f 1746 1790 1749
f 1746 1749 1748
f 1746 1748 1747
f 1749 1790 1792
f 1749 1792 1793
f 1749 1793 1794
f 1749 1794 1795
f 1749 1795 1796
f 1749 1796 1797
f 1749 1797 1798
f 1749 1798 1799
f 1749 1799 1750
f 1751 1800 1752
f 1752 1801 1802
f 1752 1802 1803
f 1752 1803 1804
f 1752 1804 1753
f 1752 1800 1801
f 1753 1804 1805
f 1753 1805 1806
f 1753 1806 1754
f 1755 1806 1805
f 1755 1805 1807
f 1756 1807 1851
f 1756 1851 1808
f 1756 1808 1758
f 1756 1758 1757
f 1758 1809 1760
f 1758 1760 1759
f 1758 1808 1853
f 1758 1853 1809
f 1760 1809 1854
f 1760 1854 1810
f 1760 1810 1811
f 1760 1811 1761
f 1761 1811 1858
f 1761 1858 1812
f 1761 1812 1762
f 1762 1813 1763
f 1762 1812 1814
f 1762 1814 1813
f 1763 1813 1764
f 1764 1813 1814
f 1764 1814 1815
f 1764 1815 1772
f 1765 1771 1816
f 1767 1772 1768
f 1768 1817 1769
f 1768 1772 1818
f 1768 1818 1819
f 1768 1819 1817
f 1769 1817 1820
f 1769 1820 1821
f 1769 1821 1770
f 1770 1821 1822
f 1770 1822 1823
f 1770 1823 1816
f 1770 1816 1771
f 1772 1815 1824
f 1772 1824 1818
f 1775 1825 1826
f 1775 1826 1827
f 1775 1827 1828
f 1775 1828 1776
f 1776 1828 1829
f 1776 1829 1777
f 1777 1829 1778
f 1778 1829 1830
f 1778 1830 1831
f 1778 1831 1779
f 1779 1831 1832
f 1779 1832 1833
f 1779 1833 1780
f 1780 1833 1834
f 1780 1834 1781
f 1781 1834 1783
f 1781 1783 1782
f 1783 1834 1784
f 1784 1834 1835
f 1784 1835 1836
f 1784 1836 1837
f 1784 1837 1785
f 1785 1837 1838
f 1785 1838 1786
f 1786 1838 1839
f 1786 1839 1788
f 1789 1839 1840
f 1789 1840 1841
f 1789 1841 1843
f 1789 1843 1791
f 1790 1791 1842
f 1790 1842 1792
f 1791 1843 1882
f 1791 1882 1842
f 1792 1842 1793
f 1793 1842 1794
f 1794 1842 1882
f 1794 1882 1844
f 1794 1844 1845
f 1794 1845 1795
f 1795 1845 1796
f 1800 1802 1801
f 1802 1846 1847
f 1802 1847 1803
f 1803 1847 1848
f 1803 1848 1849
f 1803 1849 1804
f 1804 1849 1850
f 1804 1850 1805
f 1805 1851 1807
f 1805 1850 1852
f 1805 1852 1851
f 1808 1851 1852
f 1808 1852 1853
f 1809 1853 1891
f 1809 1891 1854
f 1810 1854 1855
f 1810 1855 1892
f 1810 1892 1856
f 1810 1856 1895
f 1810 1895 1857
f 1810 1857 1811
f 1811 1857 1896
f 1811 1896 1858
f 1812 1858 1897
f 1812 1897 1859
f 1812 1859 1814
f 1814 1859 1824
f 1814 1824 1815
f 1817 1819 1860
f 1817 1860 1861
f 1817 1861 1820
f 1818 1824 1862
f 1818 1862 1819
f 1819 1862 1901
f 1819 1901 1863
f 1819 1863 1864
f 1819 1864 1865
f 1819 1865 1860
f 1820 1861 1821
f 1821 1861 1866
f 1821 1866 1822
f 1822 1866 1867
f 1822 1867 1868
f 1824 1859 1897
f 1824 1897 1862
f 1826 1869 1870
f 1826 1870 1827
f 1827 1870 1911
f 1827 1911 1871
f 1827 1871 1828
f 1828 1871 1912
f 1828 1912 1872
f 1828 1872 1829
f 1829 1872 1873
f 1829 1873 1830
f 1830 1873 1831
f 1831 1833 1832
f 1831 1873 1874
f 1831 1874 1833
f 1833 1874 1834
f 1834 1874 1835
f 1835 1874 1873
f 1835 1873 1875
f 1835 1875 1876
f 1835 1876 1877
f 1835 1877 1836
f 1836 1877 1837
f 1837 1877 1918
f 1837 1918 1878
f 1837 1878 1879
f 1837 1879 1838
f 1838 1879 1840
f 1838 1840 1839
f 1840 1879 1921
f 1840 1921 1880
f 1840 1880 1881
f 1840 1881 1841
f 1841 1881 1883
f 1841 1883 1843
f 1843 1883 1882
f 1844 1882 1925
f 1844 1925 1884
f 1844 1884 1885
f 1844 1885 1845
f 1846 1886 1847
f 1847 1886 1848
f 1848 1886 1887
f 1848 1887 1888
f 1848 1888 1849
f 1849 1888 1850
f 1850 1888 1935
f 1850 1935 1889
f 1850 1889 1890
f 1850 1890 1852
f 1852 1890 1891
f 1852 1891 1853
f 1854 1891 1893
f 1854 1893 1855
f 1855 1893 1892
f 1856 1892 1894
f 1856 1894 1895
f 1857 1895 1896
f 1858 1896 1897
f 1860 1865 1861
f 1861 1865 1898
f 1861 1898 1899
f 1861 1899 1867
f 1861 1867 1866
f 1862 1897 1900
f 1862 1900 1946
f 1862 1946 1901
f 1863 1901 1902
f 1863 1902 1903
f 1863 1903 1864
f 1864 1904 1865
f 1864 1903 1905
f 1864 1905 1906
f 1864 1906 1904
f 1865 1904 1907
f 1865 1907 1898
f 1867 1899 1908
f 1867 1908 1868
f 1869 1909 1910
f 1869 1910 1870
f 1870 1910 1911
f 1871 1911 1912
f 1872 1912 1873
f 1873 1912 1913
f 1873 1913 1914
f 1873 1914 1915
f 1873 1915 1916
f 1873 1916 1875
f 1875 1916 1876
f 1876 1915 1917
f 1876 1917 1918
f 1876 1918 1877
f 1876 1916 1915
f 1878 1919 1920
f 1878 1920 1921
f 1878 1921 1879
f 1878 1918 1919
f 1880 1921 1922
f 1880 1922 1923
f 1880 1923 1924
f 1880 1924 1881
f 1881 1924 1883
f 1882 1883 1925
f 1883 1924 1926
f 1883 1926 1925
f 1884 1927 1885
f 1884 1925 1928
f 1884 1928 1929
f 1884 1929 1930
f 1884 1930 1927
f 1885 1927 1931
f 1886 1932 1933
f 1886 1933 1887
f 1887 1933 1977
f 1887 1977 1934
f 1887 1934 1888
f 1888 1934 1978
f 1888 1978 1935
f 1889 1935 1936
f 1889 1936 1937
f 1889 1937 1938
f 1889 1938 1890
f 1890 1938 1893
f 1890 1893 1891
f 1892 1939 1940
f 1892 1940 1894
f 1892 1893 1939
f 1893 1938 1982
f 1893 1982 1939
f 1894 1941 1895
f 1894 1940 1942
f 1894 1942 1986
f 1894 1986 1941
f 1895 1941 1943
f 1895 1943 1896
f 1896 1943 1900
f 1896 1900 1897
f 1898 1907 1899
f 1899 1907 1904
f 1899 1904 1906
f 1899 1906 1944
f 1899 1944 1945
f 1899 1945 1908
f 1900 1943 1946
f 1901 1946 1947
f 1901 1947 1902
f 1902 1947 1990
f 1902 1990 1948
f 1902 1948 1949
f 1902 1949 1903
f 1903 1949 1905
f 1905 1950 1951
f 1905 1951 1906
f 1905 1949 1952
f 1905 1952 1950
f 1906 1951 1953
f 1906 1953 1944
f 1908 1945 1954
f 1909 1955 1910
f 1910 1956 1957
f 1910 1957 1958
f 1910 1958 1959
f 1910 1959 1911
f 1910 1955 1956
f 1911 1959 1960
f 1911 1960 1912
f 1912 1960 1913
f 1913 1960 1961
f 1913 1961 1962
f 1913 1962 1914
f 1914 1962 1915
f 1915 1962 2008
f 1915 2008 1963
f 1915 1963 1917
f 1917 1963 1964
f 1917 1964 1919
f 1917 1919 1918
f 1919 1964 1965
f 1919 1965 1966
f 1919 1966 1920
f 1920 1966 1921
f 1921 1966 1922
f 1922 1966 1967
f 1922 1967 1923
f 1923 1967 2013
f 1923 2013 1968
f 1923 1968 2014
f 1923 2014 1969
f 1923 1969 1924
f 1924 1969 1970
f 1924 1970 1926
f 1925 1926 1928
f 1926 1970 1929
f 1926 1929 1928
f 1927 1971 1931
f 1927 1930 1971
f 1929 1970 1972
f 1929 1972 1930
f 1930 1972 1973
f 1930 1973 2021
f 1930 2021 1974
f 1930 1974 1975
f 1930 1975 1971
f 1932 1976 1977
f 1932 1977 1933
f 1934 1977 1978
f 1935 1978 1936
f 1936 1978 1979
f 1936 1979 2026
f 1936 2026 1980
f 1936 1980 1981
f 1936 1981 1937
f 1937 1981 1982
f 1937 1982 1938
f 1939 1982 1983
f 1939 1983 1940
f 1940 1984 1942
f 1940 1983 1985
f 1940 1985 1984
f 1941 1986 1943
f 1942 1984 2031
f 1942 2031 1987
f 1942 1987 2033
f 1942 2033 1986
f 1943 1947 1946
f 1943 1986 1988
f 1943 1988 1990
f 1943 1990 1947
f 1944 1953 1989
f 1944 1989 1954
f 1944 1954 1945
f 1948 1990 2036
f 1948 2036 1991
f 1948 1991 1992
f 1948 1992 1949
f 1949 1992 1994
f 1949 1994 1952
f 1950 1952 1993
f 1950 1993 1953
f 1950 1953 1951
f 1952 1994 1995
f 1952 1995 1993
f 1953 1996 1989
f 1953 1993 1995
f 1953 1995 1997
f 1953 1997 1998
f 1953 1998 1999
f 1953 1999 1996
f 1957 2000 1958
f 1958 2001 1959
f 1958 2000 2002
f 1958 2002 2003
f 1958 2003 2001
f 1959 2001 2004
f 1959 2004 1960
f 1960 2004 2005
f 1960 2005 2006
f 1960 2006 1961
f 1961 2006 1962
f 1962 2007 2008
f 1962 2006 2007
f 1963 2008 2049
f 1963 2049 2009
f 1963 2009 1964
f 1964 2009 2050
f 1964 2050 2010
f 1964 2010 1965
f 1965 2010 2051
f 1965 2051 2011
f 1965 2011 1966
f 1966 2011 2052
f 1966 2052 2012
f 1966 2012 2013
f 1966 2013 1967
f 1968 2013 2015
f 1968 2015 2016
f 1968 2016 2054
f 1968 2054 2014
f 1969 2014 1970
f 1970 2014 2017
f 1970 2017 1972
f 1972 2017 2018
f 1972 2018 2019
f 1972 2019 2020
f 1972 2020 1973
f 1973 2020 2022
f 1973 2022 2021
f 1974 2021 2063
f 1974 2063 2023
f 1974 2023 1975
f 1976 2024 1977
f 1977 2025 1978
f 1977 2024 2025
f 1978 2025 2024
f 1978 2024 1979
f 1979 2024 2067
f 1979 2067 2026
f 1980 2026 2027
f 1980 2027 1981
f 1981 2028 1982
f 1981 2027 2029
f 1981 2029 2032
f 1981 2032 2028
f 1982 2028 1985
f 1982 1985 1983
f 1984 1985 2030
f 1984 2030 2072
f 1984 2072 2031
f 1985 2032 2030
f 1985 2028 2032
f 1986 2033 2035
f 1986 2035 1988
f 1987 2031 2073
f 1987 2073 2034
f 1987 2034 2075
f 1987 2075 2033
f 1988 2035 2036
f 1988 2036 1990
f 1991 2036 2037
f 1991 2037 2038
f 1991 2038 1992
f 1992 2038 2039
f 1992 2039 1994
f 1994 2040 1995
f 1994 2039 2041
f 1994 2041 2040
f 1995 2040 2042
f 1995 2042 1997
f 1997 2042 1998
f 1998 2042 2043
f 2000 2044 2045
f 2000 2045 2002
f 2001 2003 2004
f 2002 2045 2003
f 2003 2045 2046
f 2003 2046 2047
f 2003 2047 2004
f 2004 2047 2048
f 2004 2048 2007
f 2004 2007 2005
f 2005 2007 2006
f 2007 2048 2008
f 2008 2048 2049
f 2009 2049 2050
f 2010 2050 2094
f 2010 2094 2051
f 2011 2051 2096
f 2011 2096 2052
f 2012 2052 2097
f 2012 2097 2053
f 2012 2053 2015
f 2012 2015 2013
f 2014 2054 2018
f 2014 2018 2017
f 2015 2053 2055
f 2015 2055 2099
f 2015 2099 2056
f 2015 2056 2101
f 2015 2101 2057
f 2015 2057 2016
f 2016 2057 2058
f 2016 2058 2054
f 2018 2054 2058
f 2018 2058 2019
f 2019 2058 2105
f 2019 2105 2059
f 2019 2059 2060
f 2019 2060 2020
f 2020 2060 2022
f 2021 2061 2062
f 2021 2062 2063
f 2021 2022 2061
f 2022 2060 2064
f 2022 2064 2065
f 2022 2065 2066
f 2022 2066 2061
f 2026 2068 2027
f 2026 2067 2068
f 2027 2069 2115
f 2027 2115 2070
f 2027 2070 2117
f 2027 2117 2071
f 2027 2071 2029
f 2027 2068 2069
f 2029 2071 2032
f 2030 2032 2074
f 2030 2074 2072
f 2031 2072 2073
f 2032 2071 2117
f 2032 2117 2074
f 2033 2075 2077
f 2033 2077 2035
f 2034 2073 2120
f 2034 2120 2076
f 2034 2076 2122
f 2034 2122 2075
f 2035 2077 2037
f 2035 2037 2036
f 2037 2077 2124
f 2037 2124 2078
f 2037 2078 2079
f 2037 2079 2080
f 2037 2080 2038
f 2038 2080 2039
f 2039 2080 2081
f 2039 2081 2082
f 2039 2082 2041
f 2040 2041 2083
f 2040 2083 2042
f 2041 2084 2083
f 2041 2082 2084
f 2042 2083 2085
f 2042 2085 2043
f 2043 2085 2086
f 2044 2087 2045
f 2045 2087 2088
f 2045 2088 2089
f 2045 2089 2090
f 2045 2090 2046
f 2046 2090 2091
f 2046 2091 2047
f 2047 2091 2092
f 2047 2092 2048
f 2048 2092 2049
f 2049 2092 2093
f 2049 2093 2094
f 2049 2094 2050
f 2051 2094 2095
f 2051 2095 2141
f 2051 2141 2096
f 2052 2096 2142
f 2052 2142 2097
f 2053 2097 2098
f 2053 2098 2055
f 2055 2098 2144
f 2055 2144 2099
f 2056 2100 2101
f 2056 2099 2102
f 2056 2102 2103
f 2056 2103 2104
f 2056 2104 2100
f 2057 2101 2105
f 2057 2105 2058
f 2059 2106 2060
f 2059 2105 2107
f 2059 2107 2108
f 2059 2108 2106
f 2060 2106 2064
f 2061 2066 2065
f 2061 2065 2062
f 2064 2106 2109
f 2064 2109 2065
f 2065 2109 2110
f 2067 2111 2112
f 2067 2112 2068
f 2068 2112 2113
f 2068 2113 2069
f 2069 2113 2114
f 2069 2114 2115
f 2070 2115 2116
f 2070 2116 2117
f 2072 2074 2118
f 2072 2118 2119
f 2072 2119 2073
f 2073 2119 2121
f 2073 2121 2120
f 2074 2117 2118
f 2075 2122 2124
f 2075 2124 2077
f 2076 2120 2167
f 2076 2167 2123
f 2076 2123 2172
f 2076 2172 2122
f 2078 2124 2174
f 2078 2174 2125
f 2078 2125 2126
f 2078 2126 2079
f 2079 2081 2080
f 2079 2126 2127
f 2079 2127 2081
f 2081 2127 2178
f 2081 2178 2128
f 2081 2128 2082
f 2082 2128 2129
f 2082 2129 2130
f 2082 2130 2084
f 2083 2084 2131
f 2083 2131 2085
f 2084 2130 2182
f 2084 2182 2131
f 2085 2131 2132
f 2085 2132 2086
f 2088 2133 2134
f 2088 2134 2089
f 2089 2134 2090
f 2090 2135 2091
f 2090 2134 2136
f 2090 2136 2137
f 2090 2137 2138
f 2090 2138 2135
f 2091 2135 2092
f 2092 2135 2139
f 2092 2139 2093
f 2093 2139 2186
f 2093 2186 2140
f 2093 2140 2095
f 2093 2095 2094
f 2095 2140 2141
f 2096 2141 2190
f 2096 2190 2142
f 2097 2142 2098
f 2098 2143 2192
f 2098 2192 2144
f 2098 2142 2145
f 2098 2145 2143
f 2099 2144 2102
f 2100 2107 2105
f 2100 2105 2101
f 2100 2104 2146
f 2100 2146 2107
f 2102 2144 2103
f 2103 2147 2104
f 2103 2144 2148
f 2103 2148 2149
f 2103 2149 2150
f 2103 2150 2194
f 2103 2194 2147
f 2104 2147 2146
f 2106 2108 2151
f 2106 2151 2152
f 2106 2152 2109
f 2107 2153 2151
f 2107 2151 2108
f 2107 2146 2153
f 2109 2154 2110
f 2109 2152 2155
f 2109 2155 2156
f 2109 2156 2199
f 2109 2199 2154
f 2110 2154 2157
f 2111 2114 2113
f 2111 2113 2112
f 2114 2158 2159
f 2114 2159 2160
f 2114 2160 2115
f 2115 2160 2116
f 2116 2160 2161
f 2116 2161 2162
f 2116 2162 2163
f 2116 2163 2164
f 2116 2164 2165
f 2116 2165 2117
f 2117 2165 2118
f 2118 2165 2164
f 2118 2164 2166
f 2118 2166 2121
f 2118 2121 2119
f 2120 2121 2167
f 2121 2166 2168
f 2121 2168 2169
f 2121 2169 2170
f 2121 2170 2171
f 2121 2171 2167
f 2122 2172 2174
f 2122 2174 2124
f 2123 2167 2173
f 2123 2173 2197
f 2123 2197 2172
f 2125 2174 2205
f 2125 2205 2175
f 2125 2175 2176
f 2125 2176 2126
f 2126 2176 2177
f 2126 2177 2127
f 2127 2177 2178
f 2128 2178 2179
f 2128 2179 2129
f 2129 2179 2180
f 2129 2180 2181
f 2129 2181 2182
f 2129 2182 2130
f 2131 2182 2183
f 2131 2183 2132
f 2133 2184 2134
f 2134 2184 2185
f 2134 2185 2136
f 2135 2138 2186
f 2135 2186 2139
f 2136 2185 2187
f 2136 2187 2188
f 2136 2188 2137
f 2137 2188 2186
f 2137 2186 2138
f 2140 2186 2222
f 2140 2222 2189
f 2140 2189 2190
f 2140 2190 2141
f 2142 2190 2145
f 2143 2191 2225
f 2143 2225 2192
f 2143 2145 2191
f 2144 2192 2148
f 2145 2190 2191
f 2146 2193 2153
f 2146 2147 2194
f 2146 2194 2171
f 2146 2171 2170
f 2146 2170 2169
f 2146 2169 2193
f 2148 2192 2149
f 2149 2192 2195
f 2149 2195 2196
f 2149 2196 2205
f 2149 2205 2197
f 2149 2197 2173
f 2149 2173 2150
f 2150 2173 2194
f 2151 2153 2193
f 2151 2193 2169
f 2151 2169 2198
f 2151 2198 2155
f 2151 2155 2152
f 2154 2199 2200
f 2154 2200 2157
f 2155 2198 2164
f 2155 2164 2201
f 2155 2201 2202
f 2155 2202 2156
f 2156 2202 2200
f 2156 2200 2199
f 2158 2203 2161
f 2158 2161 2160
f 2158 2160 2159
f 2161 2204 2200
f 2161 2200 2162
f 2161 2203 2204
f 2162 2200 2202
f 2162 2202 2201
f 2162 2201 2163
f 2163 2201 2164
f 2164 2198 2169
f 2164 2169 2168
f 2164 2168 2166
f 2167 2171 2173
f 2171 2194 2173
f 2172 2197 2205
f 2172 2205 2174
f 2175 2205 2196
f 2175 2196 2206
f 2175 2206 2207
f 2175 2207 2176
f 2176 2207 2208
f 2176 2208 2177
f 2177 2208 2209
f 2177 2209 2178
f 2178 2209 2210
f 2178 2210 2179
f 2179 2210 2180
f 2180 2211 2212
f 2180 2212 2181
f 2180 2210 2213
f 2180 2213 2214
f 2180 2214 2211
f 2181 2212 2182
f 2182 2212 2215
f 2182 2215 2183
f 2184 2216 2185
f 2185 2216 2217
f 2185 2217 2218
f 2185 2218 2219
f 2185 2219 2220
f 2185 2220 2221
f 2185 2221 2187
f 2186 2188 2222
f 2187 2221 2223
f 2187 2223 2188
f 2188 2223 2222
f 2189 2222 2224
f 2189 2224 2191
f 2189 2191 2190
f 2191 2224 2243
f 2191 2243 2225
f 2192 2225 2226
f 2192 2226 2227
f 2192 2227 2195
f 2195 2227 2206
f 2195 2206 2196
f 2200 2204 2203
f 2206 2227 2228
f 2206 2228 2207
f 2207 2228 2229
f 2207 2229 2230
f 2207 2230 2208
f 2208 2230 2231
f 2208 2231 2209
f 2209 2231 2232
f 2209 2232 2233
f 2209 2233 2210
f 2210 2234 2213
f 2210 2233 2234
f 2213 2234 2235
f 2213 2235 2214
f 2218 2236 2219
f 2219 2236 2237
f 2219 2237 2238
f 2219 2238 2239
f 2219 2239 2220
f 2220 2239 2240
f 2220 2240 2241
f 2220 2241 2221
f 2221 2241 2223
f 2222 2223 2241
f 2222 2241 2242
f 2222 2242 2243
f 2222 2243 2224
f 2225 2243 2228
f 2225 2228 2226
f 2226 2228 2227
f 2228 2243 2244
f 2228 2244 2229
f 2229 2244 2245
f 2229 2245 2246
f 2229 2246 2231
f 2229 2231 2230
f 2231 2246 2238
f 2231 2238 2232
f 2232 2247 2248
f 2232 2248 2233
f 2232 2238 2247
f 2233 2248 2234
f 2234 2248 2249
f 2234 2249 2235
f 2236 2250 2251
f 2236 2251 2237
f 2237 2251 2238
f 2238 2251 2247
f 2238 2246 2245
f 2238 2245 2252
f 2238 2252 2240
f 2238 2240 2239
f 2240 2252 2244
f 2240 2244 2241
f 2241 2244 2242
f 2242 2244 2243
f 2244 2252 2245
f 2247 2253 2248
f 2247 2251 2254
f 2247 2254 2253
f 2248 2253 2249
f 2250 2255 2251
f 2251 2255 2254

