# https://github.com/mikedh/trimesh
v -0.37070727 -0.01217917 0.40500039
v -0.37027264 -0.01101130 0.41500634
v -0.37070727 -0.00772669 0.40500039
v -0.37056243 -0.01174122 0.39912108
v -0.36462229 -0.06495191 0.40500039
v -0.36998290 -0.01020840 0.42053512
v -0.37027264 -0.00889456 0.41500634
v -0.37056243 -0.00823763 0.39912108
v -0.35650897 0.09497214 0.39501035
v -0.35368383 -0.00736174 0.34262246
v -0.35274208 -0.01758053 0.34262246
v -0.36165226 -0.07495173 0.39673114
v -0.36063808 -0.08261582 0.39832443
v -0.36288375 -0.07495173 0.40500039
v -0.36360812 -0.06495191 0.41500634
v -0.36549157 -0.02495265 0.45499831
v -0.36998290 -0.00977045 0.42053512
v -0.36665064 -0.01495284 0.45499831
v -0.35578460 0.09497214 0.38500440
v -0.35339403 0.00497380 0.34262246
v -0.35346651 0.00256509 0.34262246
v -0.35563970 0.09497214 0.40500039
v -0.35027909 0.10095743 0.45181170
v -0.35064131 0.10197931 0.44499236
v -0.35114843 0.10278221 0.43498638
v -0.35165548 0.10329315 0.42499638
v -0.35216254 0.10358512 0.41500634
v -0.35259724 0.10373110 0.40500039
v -0.35295939 0.10380409 0.39501035
v -0.34317994 -0.08495154 0.34262246
v -0.34100676 -0.09480537 0.34262246
v -0.35122085 -0.11495099 0.39698607
v -0.35020667 -0.12042534 0.39926448
v -0.35520506 -0.10495117 0.40500039
v -0.35911685 -0.08655735 0.41500634
v -0.35882705 -0.08429462 0.42480516
v -0.36005855 -0.08049907 0.42134771
v -0.35976881 -0.07882027 0.42800772
v -0.36186957 -0.07495173 0.41500634
v -0.36034834 -0.07217806 0.43293104
v -0.36107272 -0.06575482 0.43575117
v -0.36324596 -0.02495265 0.46498835
v -0.36462229 -0.01495284 0.46498835
v -0.35947907 -0.07531668 0.43575117
v -0.35708851 -0.07495173 0.45499831
v -0.35230744 -0.09495136 0.46498835
v -0.35027909 -0.10093665 0.47080392
v -0.36599869 -0.00495302 0.45499831
v -0.35201770 0.09497214 0.44499236
v -0.36426014 -0.00495302 0.46498835
v -0.35237992 0.10270922 0.38500440
v -0.35114843 0.10103042 0.37885424
v -0.34180361 0.09066565 0.34262246
v -0.34310752 0.08497232 0.34262246
v -0.34441143 0.07497251 0.34262246
v -0.34969962 0.09803777 0.45848766
v -0.34723663 0.10497195 0.46498835
v -0.34861296 0.10453401 0.45507798
v -0.34875786 0.10694272 0.44499236
v -0.32007152 0.17022622 0.45160457
v -0.32028884 0.17066418 0.44499236
v -0.31789827 0.17570058 0.44499236
v -0.31804317 0.17577356 0.43498638
v -0.31782585 0.17540860 0.42499638
v -0.31956440 0.16913135 0.39501035
v -0.31072670 0.18110193 0.36786044
v -0.33760208 -0.10414827 0.34262246
v -0.31203061 -0.16553399 0.34262246
v -0.30797392 -0.17458493 0.34262246
v -0.31449360 -0.17494988 0.36500841
v -0.32094079 -0.18210304 0.39834037
v -0.31905735 -0.18794234 0.40500039
v -0.35020667 -0.12042534 0.40211651
v -0.35165548 -0.11575390 0.40527123
v -0.35151058 -0.11392911 0.41500634
v -0.35107595 -0.11268826 0.42499638
v -0.35433578 -0.10495117 0.41500634
v -0.35527748 -0.09495136 0.43498638
v -0.35440820 -0.09495136 0.44499236
v -0.35339403 -0.09495136 0.45499831
v -0.35658145 -0.08495154 0.44499236
v -0.36143494 -0.01495284 0.47367185
v -0.35085863 -0.09495136 0.47219008
v -0.35976881 -0.00495302 0.47928029
v -0.36143494 -0.00495302 0.47427732
v -0.35534996 -0.08495154 0.45499831
v -0.35071379 -0.10217750 0.46498835
v -0.34897518 -0.10714091 0.46498835
v -0.33977526 -0.12947626 0.46779257
v -0.32050616 -0.17130031 0.48077801
v -0.33977526 -0.11947645 0.47961488
v -0.34730905 -0.10458621 0.47448444
v -0.34861296 -0.09495136 0.47717714
v -0.34912008 0.09482615 0.46463782
v -0.34984446 0.06920619 0.47935995
v -0.31130618 0.16489786 0.34262246
v -0.34107918 0.09249043 0.34262246
v -0.34665710 0.09497214 0.47499430
v -0.34470123 0.10497195 0.47499430
v -0.34158629 0.11497177 0.47486684
v -0.34028232 0.12073809 0.47144124
v -0.34346974 0.11497177 0.46498835
v -0.33086509 0.14197856 0.47499430
v -0.32514232 0.15497103 0.47499430
v -0.32144785 0.16329205 0.47499430
v -0.31985414 0.16964228 0.45826459
v -0.31920218 0.16825545 0.47499430
v -0.31543529 0.17497066 0.47499430
v -0.31289989 0.18402159 0.44499236
v -0.31304479 0.18424056 0.43498638
v -0.31282747 0.18394859 0.42499638
v -0.31695658 0.17497066 0.40500039
v -0.31637704 0.17497066 0.39501035
v -0.29768741 0.18701424 0.34262246
v -0.30152678 0.18197782 0.34262246
v -0.30268580 0.18029903 0.34262246
v -0.30681491 0.17402177 0.34262246
v -0.31181329 0.18248877 0.39501035
v -0.28218520 0.22299896 0.39501035
v -0.26972544 0.23971398 0.39501035
v -0.28059149 0.22073624 0.36846587
v -0.30681491 -0.17655569 0.34262246
v -0.31021959 -0.18035124 0.35932031
v -0.31116134 -0.18181106 0.36500841
v -0.31101644 -0.20144574 0.39861122
v -0.31507313 -0.19494951 0.40500039
v -0.31999904 -0.17998628 0.45023432
v -0.32325888 -0.17494988 0.43498638
v -0.32108563 -0.18224901 0.41500634
v -0.34984446 -0.11969543 0.40877652
v -0.32166517 -0.17567979 0.45413792
v -0.31941950 -0.17889142 0.46498835
v -0.32166517 -0.17385501 0.46498835
v -0.32550454 -0.16495007 0.46498835
v -0.35020667 -0.11049852 0.44217220
v -0.35259724 -0.10495117 0.43498638
v -0.32876432 -0.15706700 0.46498835
v -0.35940659 -0.01495284 0.47867483
v -0.34998935 -0.08006112 0.48001322
v -0.35042399 -0.07495173 0.48066646
v -0.35745072 -0.00495302 0.48498434
v -0.35665387 0.00497380 0.48498434
v -0.35918927 0.00497380 0.47720900
v -0.34984446 -0.10954963 0.44884816
v -0.34593272 -0.11495099 0.46498835
v -0.32115811 -0.17276014 0.47499430
v -0.31884003 -0.17772356 0.47499430
v -0.31007475 -0.19005910 0.48009288
v -0.31521797 -0.17502287 0.48487279
v -0.31145108 -0.17203023 0.49196300
v -0.31304479 -0.16495007 0.49390686
v -0.31804317 -0.16495007 0.48731056
v -0.33072025 -0.14224975 0.48098513
v -0.34093434 -0.11276125 0.48122412
v -0.34231067 -0.10495117 0.48294491
v -0.34303510 -0.09480537 0.48560572
v -0.35027909 0.06249099 0.48063460
v -0.35013425 0.03103171 0.49025816
v -0.34745395 0.06548363 0.48437887
v -0.34245557 0.09497214 0.48359814
v -0.34136897 0.10497195 0.48198891
v -0.34049970 0.11168716 0.48071426
v -0.33948553 0.11832937 0.47810125
v -0.33043045 0.14102969 0.48077801
v -0.32079589 0.16190521 0.48214823
v -0.31058180 0.18080997 0.48152685
v -0.31116134 0.18161288 0.47499430
v -0.31174088 0.18248877 0.46498835
v -0.31232035 0.18329167 0.45499831
v -0.30927789 0.18898501 0.44499236
v -0.30942273 0.18927696 0.43498638
v -0.30326533 0.19591917 0.45587462
v -0.27008766 0.24015194 0.47105885
v -0.31253767 0.18343766 0.41500634
v -0.30920541 0.18891200 0.42499638
v -0.30413461 0.19497029 0.41500634
v -0.31217551 0.18299972 0.40500039
v -0.27247816 0.21986035 0.34262246
v -0.29978818 0.19971474 0.40270603
v -0.28754574 0.21664873 0.40500039
v -0.28254741 0.22336392 0.40500039
v -0.27878046 0.22840033 0.40500039
v -0.26994276 0.23993297 0.40192530
v -0.26523411 0.24496937 0.39501035
v -0.26016331 0.25015175 0.38980025
v -0.25820744 0.24788903 0.36500841
v -0.26219165 0.24285261 0.36500841
v -0.25842476 0.23803519 0.34262246
v -0.26233655 0.23299879 0.34262246
v -0.30268580 -0.18348987 0.34262246
v -0.31101644 -0.20144574 0.40500039
v -0.29037094 -0.23049630 0.39956722
v -0.31420380 -0.18494970 0.47499430
v -0.35665387 -0.01495284 0.48498434
v -0.34636736 -0.08400266 0.48401242
v -0.34093434 -0.08495154 0.49130976
v -0.34868544 -0.05495210 0.48817095
v -0.34998935 -0.04028084 0.49006698
v -0.35049641 -0.03495247 0.49065650
v -0.35143816 -0.02495265 0.49154875
v -0.35266966 -0.00495302 0.49217016
v -0.35245234 0.00497380 0.49209046
v -0.35223502 -0.01495284 0.49205860
v -0.35165548 0.01497362 0.49169216
v -0.35078621 0.02497343 0.49087957
v -0.29037094 -0.23049630 0.40246701
v -0.28066391 -0.23093425 0.47499430
v -0.28030175 -0.23042330 0.48049122
v -0.27117425 -0.24159099 0.48170212
v -0.26508927 -0.24524055 0.48555791
v -0.25878698 -0.24889012 0.48941371
v -0.30819130 -0.16495007 0.49890983
v -0.30978495 -0.15962170 0.49991360
v -0.32014394 -0.13049814 0.50015259
v -0.33832645 -0.10495117 0.48794788
v -0.33014071 -0.10035272 0.50013667
v -0.33948553 -0.09801699 0.48934999
v -0.34028232 -0.09130179 0.49044937
v -0.33064777 0.09292838 0.50059873
v -0.33361787 0.09577505 0.49593034
v -0.34093434 0.07497251 0.49137348
v -0.33897841 0.09497214 0.48860115
v -0.32977849 0.09964359 0.49988174
v -0.33774692 0.10497195 0.48699188
v -0.33122730 0.11497177 0.49167621
v -0.33028561 0.12095706 0.49041751
v -0.32919896 0.12767227 0.48901540
v -0.32811236 0.13497140 0.48734242
v -0.32043368 0.15154044 0.49049717
v -0.33158952 0.13497140 0.48235539
v -0.33274853 0.10497195 0.49377936
v -0.31905735 0.15825564 0.48882419
v -0.31753606 0.16511683 0.48528707
v -0.31246525 0.17482467 0.48492059
v -0.30862594 0.17810929 0.48820281
v -0.29015362 0.21022548 0.48030001
v -0.30761176 0.18664928 0.47499430
v -0.30319291 0.19453233 0.46498835
v -0.30485904 0.19497029 0.44499236
v -0.30471414 0.19497029 0.42499638
v -0.30058503 0.20073661 0.44499236
v -0.29674572 0.20577301 0.44499236
v -0.29174733 0.21226925 0.44499236
v -0.30058503 0.20073661 0.43498638
v -0.28276473 0.22358289 0.41500634
v -0.28776312 0.21701367 0.41500634
v -0.29153001 0.21205026 0.41500634
v -0.28754574 0.21657573 0.46498835
v -0.28196788 0.22277999 0.47499430
v -0.27276796 0.23577246 0.47462785
v -0.26965302 0.23956801 0.47771886
v -0.26668292 0.24409346 0.47462785
v -0.26110506 0.25146559 0.47499430
v -0.26132238 0.25161159 0.46498835
v -0.26632077 0.24518834 0.46498835
v -0.27016008 0.24022493 0.46498835
v -0.29652840 0.20533507 0.41500634
v -0.27392697 0.23496956 0.41500634
v -0.27001518 0.24000596 0.41500634
v -0.26617587 0.24511535 0.43498638
v -0.26124990 0.25139260 0.44499236
v -0.26110506 0.25117365 0.42499638
v -0.26096016 0.25095466 0.41500634
v -0.26074284 0.25066268 0.40500039
v -0.26045310 0.25037074 0.39501035
v -0.21075898 0.29066196 0.39501035
v -0.22053844 0.28037018 0.36894387
v -0.24748625 0.25803483 0.36500841
v -0.25320905 0.25307140 0.36500841
v -0.25161535 0.24642919 0.34262246
v -0.25299174 0.24496937 0.34262246
v -0.29884648 -0.18852627 0.34262246
v -0.26291603 -0.23545972 0.34262246
v -0.25617909 -0.24414568 0.34262246
v -0.25074607 -0.25078788 0.34262246
v -0.28095371 -0.24108005 0.39907327
v -0.28131592 -0.24151799 0.40500039
v -0.33716744 -0.08495154 0.49631274
v -0.34274530 -0.06495191 0.49377936
v -0.33789182 -0.07495173 0.49757144
v -0.33861619 -0.06495191 0.49878237
v -0.34499097 -0.00495302 0.49658358
v -0.34499097 0.00497380 0.49642426
v -0.33919573 -0.05495210 0.49946749
v -0.33919573 -0.04495228 0.49959493
v -0.34499097 -0.01495284 0.49651986
v -0.33796424 0.04497306 0.49894169
v -0.33122730 0.08497232 0.50099707
v -0.25936645 -0.25932789 0.47499430
v -0.26327825 -0.25436446 0.47499430
v -0.27197111 -0.24268585 0.47499430
v -0.26204675 -0.25275865 0.48273778
v -0.25581688 -0.25575131 0.48603591
v -0.24857286 -0.25867096 0.48934999
v -0.24190834 -0.26188257 0.49064058
v -0.25212246 -0.25195575 0.49072021
v -0.25523734 -0.24531354 0.49205860
v -0.26979786 -0.20983975 0.49992955
v -0.30101967 -0.17093536 0.50040752
v -0.30312043 -0.16495007 0.50096518
v -0.30587316 -0.15575315 0.50158656
v -0.31492823 -0.12495081 0.50308430
v -0.32101321 -0.12495081 0.50080585
v -0.33100998 -0.09495136 0.50098109
v -0.33651543 -0.09480537 0.49425736
v -0.32499743 0.08497232 0.50286120
v -0.32586670 0.09577505 0.50180966
v -0.32340378 0.10497195 0.50139540
v -0.32137543 0.11292801 0.50066245
v -0.31970930 0.11964322 0.49991360
v -0.31087154 0.17146708 0.49048123
v -0.29942596 0.18927696 0.48947746
v -0.26059794 0.25080866 0.48069835
v -0.27016008 0.24022493 0.45499831
v -0.25646883 0.25650200 0.47499430
v -0.25654131 0.25664797 0.46498835
v -0.25154293 0.26124644 0.46498835
v -0.25494760 0.25548011 0.40500039
v -0.19989294 0.29993185 0.40098524
v -0.20496376 0.29533339 0.39501035
v -0.20547085 0.28299785 0.34262246
v -0.24292251 0.25423926 0.34262246
v -0.19960317 0.29963988 0.39501035
v -0.19460478 0.30365440 0.39501035
v -0.18830247 0.30861783 0.39501035
v -0.18076868 0.31044260 0.36854553
v -0.18279701 0.30029681 0.34262246
v -0.24487840 0.25270644 0.34262246
v -0.24639964 0.25146559 0.34262246
v -0.27117425 -0.25115284 0.39892989
v -0.24589257 -0.25480241 0.34262246
v -0.23002812 -0.29005724 0.39988586
v -0.24053198 -0.28049538 0.39936009
v -0.25103581 -0.27093351 0.39897770
v -0.26124990 -0.26122567 0.39878649
v -0.27667969 -0.24648140 0.40500039
v -0.33216906 -0.08495154 0.50188929
v -0.33905089 -0.03495247 0.49957901
v -0.33296585 0.04497306 0.50129980
v -0.33810914 0.03497325 0.49913287
v -0.33289343 -0.07495173 0.50200081
v -0.33361787 -0.06495191 0.50195301
v -0.33419734 -0.05495210 0.50188929
v -0.33419734 -0.04495228 0.50182557
v -0.33274853 0.05497288 0.50123608
v -0.33224148 0.06497269 0.50118828
v -0.33166194 0.07497251 0.50112450
v -0.26646560 -0.25640821 0.41500634
v -0.25972867 -0.25969285 0.46498835
v -0.23002812 -0.29005724 0.40030012
v -0.25436807 -0.26334241 0.47499430
v -0.24176346 -0.27129847 0.48238724
v -0.25277442 -0.26217455 0.48267403
v -0.27131915 -0.25137183 0.41500634
v -0.23850365 -0.26852480 0.48904726
v -0.22140773 -0.28093332 0.49067244
v -0.17794351 -0.29794031 0.49941969
v -0.26313335 -0.21290538 0.50104487
v -0.26588613 -0.20589821 0.50239915
v -0.27204353 -0.20312454 0.50114048
v -0.29138511 -0.18122713 0.50077397
v -0.29478979 -0.17451194 0.50149095
v -0.29493469 -0.16495007 0.50321174
v -0.28493792 -0.17494988 0.50415182
v -0.30493146 -0.14495043 0.50329143
v -0.31492823 -0.11495099 0.50419962
v -0.32499743 -0.09495136 0.50338703
v -0.32246202 -0.11495099 0.50172997
v -0.31492823 0.09497214 0.50384909
v -0.31492823 0.10497195 0.50338703
v -0.32499743 0.07497251 0.50303650
v -0.31579751 0.11577468 0.50169814
v -0.30514878 0.17482467 0.49180368
v -0.25987357 0.20986052 0.49997735
v -0.25806254 0.21496992 0.49945155
v -0.30196142 0.18256176 0.49091142
v -0.26494437 0.21496992 0.49685445
v -0.25451297 0.22489674 0.49828842
v -0.29015362 0.20015268 0.49011478
v -0.26863885 0.22840033 0.48903131
v -0.25552714 0.24591826 0.48809129
v -0.24987678 0.24993278 0.48995543
v -0.25444055 0.25445825 0.48281744
v -0.25081849 0.26058951 0.48069835
v -0.25147045 0.26110044 0.47499430
v -0.24024221 0.27022436 0.47134563
v -0.24031466 0.27022436 0.46498835
v -0.22358093 0.28285187 0.44499236
v -0.21706130 0.28766930 0.43498638
v -0.24408156 0.26679379 0.45439285
v -0.25060117 0.26051652 0.43498638
v -0.21619202 0.28693938 0.40500039
v -0.22300141 0.28241393 0.42499638
v -0.20011026 0.30007783 0.40766120
v -0.18880956 0.30905578 0.40500039
v -0.18381117 0.31263235 0.40500039
v -0.18330410 0.31212142 0.39501035
v -0.17497346 0.31635490 0.39501035
v -0.09499930 0.35598922 0.39501035
v -0.10173625 0.35124478 0.38852561
v -0.16693257 0.30869082 0.34262246
v -0.17497346 0.30489525 0.34262246
v -0.18004428 0.30204859 0.34262246
v -0.18156552 0.30117270 0.34262246
v -0.26675540 -0.25670019 0.40500039
v -0.24415399 -0.25618926 0.34262246
v -0.26175702 -0.26173660 0.40500039
v -0.23546115 -0.26297745 0.34262246
v -0.18743320 -0.29983810 0.34262246
v -0.21285976 -0.30217379 0.39730471
v -0.20148662 -0.31085977 0.39869088
v -0.20691966 -0.30779415 0.40500039
v -0.32499743 -0.08495154 0.50426334
v -0.33405250 -0.03495247 0.50177777
v -0.32499743 0.00497380 0.50373757
v -0.32499743 0.04497306 0.50333923
v -0.32499743 -0.03495247 0.50411993
v -0.32499743 -0.00495302 0.50383312
v -0.32499743 -0.07495173 0.50437486
v -0.32499743 -0.06495191 0.50432706
v -0.26146722 -0.26137164 0.41500634
v -0.25617909 -0.26670000 0.40500039
v -0.21343929 -0.30275774 0.40500039
v -0.24784845 -0.26837882 0.47499430
v -0.23068009 -0.28049538 0.48109666
v -0.21039678 -0.29027623 0.49027410
v -0.17475612 -0.29472870 0.50131571
v -0.19235913 -0.30166286 0.49158061
v -0.18439069 -0.30502048 0.49290305
v -0.17475612 -0.30443653 0.49693412
v -0.17127900 -0.30071399 0.50037569
v -0.25574446 -0.21575205 0.50228763
v -0.16497669 -0.29494765 0.50375348
v -0.21496053 -0.24494858 0.50447047
v -0.22495730 -0.23494877 0.50459790
v -0.23495407 -0.22494896 0.50470948
v -0.25494760 -0.20494932 0.50483692
v -0.26494437 -0.19494951 0.50488472
v -0.28493792 -0.16495007 0.50485283
v -0.29493469 -0.15495025 0.50421554
v -0.30493146 -0.13495062 0.50423145
v -0.29493469 -0.14495043 0.50480503
v -0.30493146 -0.12495081 0.50474131
v -0.31492823 -0.10495117 0.50466168
v -0.30493146 0.10497195 0.50411993
v -0.30493146 0.11497177 0.50373757
v -0.31492823 0.04497306 0.50424743
v -0.28493792 0.14497121 0.50351447
v -0.27494115 0.16497084 0.50286120
v -0.23973513 0.23971398 0.49997735
v -0.29218197 0.19497029 0.49108669
v -0.24495085 0.23584545 0.49898949
v -0.28443086 0.20409422 0.49146909
v -0.25552714 0.23548049 0.49389091
v -0.25262952 0.24321757 0.49194708
v -0.25929403 0.23913006 0.48949337
v -0.24589257 0.24591826 0.49456009
v -0.24321227 0.25292543 0.49232948
v -0.24589257 0.25569910 0.48820281
v -0.23944537 0.25956765 0.48968458
v -0.22872420 0.26891053 0.48904726
v -0.21126607 0.28088111 0.49083176
v -0.20032758 0.29022402 0.49027410
v -0.22133528 0.28088111 0.48141533
v -0.18757808 0.30832586 0.47499430
v -0.20097955 0.30073476 0.47144124
v -0.20141418 0.30109972 0.46498835
v -0.20641257 0.29715818 0.46498835
v -0.22401558 0.28321683 0.46498835
v -0.22879665 0.27905634 0.45499831
v -0.18924421 0.30942073 0.42499638
v -0.18591195 0.31314328 0.45546037
v -0.18468046 0.31372723 0.44499236
v -0.18446314 0.31350824 0.43498638
v -0.17816083 0.31890962 0.45499831
v -0.17765374 0.31869063 0.44499236
v -0.17700179 0.31847167 0.43498638
v -0.17497346 0.31737679 0.40500039
v -0.09499930 0.35350752 0.46498835
v -0.08493008 0.35642716 0.46498835
v -0.08493008 0.35803297 0.41500634
v -0.08493008 0.35832494 0.40500039
v -0.08493008 0.35839793 0.39501035
v -0.08420569 0.34102598 0.34262246
v -0.09463710 0.33825231 0.34262246
v -0.10246065 0.33533266 0.34262246
v -0.17316245 0.32161027 0.45499831
v -0.16497669 0.32518685 0.45499831
v -0.16497669 0.32496789 0.46498835
v -0.10499607 0.33431077 0.34262246
v -0.13534857 0.32182926 0.34262246
v -0.15497991 0.31372723 0.34262246
v -0.16316567 0.31029662 0.34262246
v -0.18359385 -0.30275774 0.34262246
v -0.18040648 -0.31027585 0.35917690
v -0.18192773 -0.31129771 0.36500841
v -0.18236236 -0.32137054 0.39816511
v -0.16475937 -0.33268419 0.40500039
v -0.16975775 -0.32983753 0.40500039
v -0.17497346 -0.32684487 0.40500039
v -0.18844736 -0.31910780 0.40500039
v -0.19496699 -0.31531224 0.40500039
v -0.20192127 -0.31122473 0.40500039
v -0.17591518 -0.32312232 0.46588060
v -0.17997184 -0.31991071 0.46980011
v -0.21959671 -0.28969228 0.47499430
v -0.22495730 -0.28567776 0.47499430
v -0.23625800 -0.27721077 0.47499430
v -0.31492823 -0.09495136 0.50474131
v -0.31492823 -0.03495247 0.50464571
v -0.31492823 -0.02495265 0.50461388
v -0.31492823 -0.01495284 0.50456607
v -0.31492823 0.02497343 0.50435895
v -0.21242511 -0.29180902 0.48498434
v -0.20786138 -0.29845124 0.47499430
v -0.19612604 -0.30713722 0.47499430
v -0.19040325 -0.31027585 0.48053899
v -0.20163150 -0.30122492 0.48219603
v -0.19474967 -0.30480149 0.48469752
v -0.19902365 -0.29918116 0.48885608
v -0.18069623 -0.31049481 0.49049717
v -0.15845706 -0.30918097 0.49945155
v -0.16497669 -0.30246577 0.50131571
v -0.15497991 -0.29494765 0.50509185
v -0.15505235 -0.30545843 0.50227171
v -0.14498314 -0.30494747 0.50426334
v -0.16497669 -0.28494784 0.50515556
v -0.25494760 -0.19494951 0.50531489
v -0.26494437 -0.18494970 0.50526714
v -0.27494115 -0.17494988 0.50518745
v -0.19496699 -0.25494841 0.50528306
v -0.20496376 -0.24494858 0.50531489
v -0.22495730 -0.22494896 0.50536269
v -0.23495407 -0.21494915 0.50536269
v -0.24495085 -0.20494932 0.50534678
v -0.28493792 -0.15495025 0.50510776
v -0.29493469 -0.13495062 0.50499624
v -0.30493146 0.07497251 0.50427926
v -0.29493469 0.11497177 0.50423145
v -0.29493469 0.12497158 0.50394464
v -0.27494115 0.15497103 0.50367379
v -0.26494437 0.17497066 0.50305241
v -0.23495407 0.22496973 0.50157064
v -0.22495730 0.23496956 0.50160253
v -0.21496053 0.23496956 0.50241506
v -0.22553682 0.24562629 0.50059873
v -0.22923128 0.24942183 0.49992955
v -0.23582335 0.24562629 0.49935594
v -0.24495085 0.20497011 0.50233543
v -0.23567848 0.25569910 0.49446452
v -0.23278086 0.26226830 0.49183553
v -0.22205968 0.27161121 0.49134162
v -0.20416692 0.28453067 0.49234539
v -0.19496699 0.29204878 0.49202675
v -0.18221749 0.30153766 0.49183553
v -0.17077191 0.31051561 0.49081582
v -0.18888201 0.29920194 0.48874453
v -0.20264567 0.29182982 0.48498434
v -0.19503944 0.29701221 0.48523927
v -0.17743643 0.30817989 0.48703969
v -0.17446637 0.31190243 0.48421955
v -0.18257970 0.31175646 0.47499430
v -0.17142388 0.32073438 0.47156870
v -0.18975128 0.30985868 0.46737829
v -0.18996860 0.31000465 0.46071827
v -0.18996860 0.31000465 0.45909312
v -0.20097955 0.30080774 0.44499236
v -0.18583950 0.31292433 0.46443069
v -0.17779863 0.31861764 0.46498835
v -0.17280024 0.32146430 0.46498835
v -0.10122917 0.35044187 0.47093138
v -0.07493332 0.35766801 0.46498835
v -0.09499930 0.35168272 0.47276369
v -0.08456789 0.35263160 0.47564757
v -0.07493332 0.35460237 0.47499430
v -0.05095556 0.36007673 0.47024626
v -0.06493655 0.35883588 0.46498835
v -0.00495593 0.36598903 0.45499831
v 0.06494901 0.37372610 0.40500039
v 0.06494901 0.37197432 0.39728877
v -0.00488349 0.35095280 0.34262246
v -0.02458727 0.34861708 0.34262246
v -0.06493655 0.34365368 0.34262246
v -0.07493332 0.34241283 0.34262246
v -0.08188760 0.34153694 0.34262246
v -0.15056105 0.33022326 0.47046933
v -0.17475612 -0.30808610 0.34262246
v -0.16323811 -0.33188128 0.39776677
v -0.15497991 -0.33706367 0.40500039
v -0.08014902 -0.37012875 0.42137957
v -0.16244127 -0.33100539 0.46498835
v -0.16743965 -0.32874265 0.46498835
v -0.16939555 -0.32969156 0.41500634
v -0.17497346 -0.32655293 0.41500634
v -0.18823004 -0.31896183 0.41500634
v -0.17424905 -0.32312232 0.47499430
v -0.17931987 -0.31947276 0.47499430
v 0.08494255 0.31496808 0.50507593
v -0.17243804 -0.32173550 0.48182958
v -0.18743320 -0.30837807 0.48721495
v -0.17497346 -0.31166267 0.49159655
v -0.15976098 -0.32991052 0.47975829
v -0.10977713 -0.33991033 0.48989171
v -0.15179254 -0.31064081 0.50059873
v -0.14498314 -0.29494765 0.50539458
v -0.13498637 -0.30494747 0.50507593
v -0.14498314 -0.31202763 0.50153875
v -0.13418953 -0.31523925 0.50198489
v -0.12498961 -0.31494731 0.50332326
v -0.11499283 -0.31494731 0.50415182
v 0.28495038 0.15497103 0.50525117
v 0.04495547 0.31496808 0.50482100
v -0.25494760 0.16497084 0.50392872
v -0.27494115 0.14497121 0.50400841
v -0.28493792 0.13497140 0.50404024
v -0.26494437 0.16497084 0.50368977
v -0.25494760 0.18497047 0.50308430
v -0.22495730 0.22496973 0.50239915
v -0.20496376 0.23496956 0.50306833
v -0.19496699 0.24496937 0.50292492
v -0.20496376 0.24496937 0.50223982
v -0.21496053 0.24496937 0.50147504
v -0.22495730 0.21496992 0.50313210
v -0.21496053 0.22496973 0.50313210
v -0.13498637 0.30496827 0.50169814
v -0.21807547 0.25854576 0.49983394
v -0.22553682 0.25511515 0.49897355
v -0.14954689 0.30963969 0.49994546
v -0.19496699 0.28496861 0.49658358
v -0.21474321 0.27496880 0.49312612
v -0.18533242 0.29547939 0.49446452
v -0.17446637 0.30489525 0.49344480
v -0.16497669 0.31204841 0.49271187
v -0.15729800 0.31883660 0.48772481
v -0.16468692 0.31708482 0.48463380
v -0.16787429 0.31905559 0.47824466
v -0.17482857 0.31686586 0.47494650
v -0.16468692 0.32204825 0.47494650
v -0.12252663 0.34102598 0.47217417
v -0.12549669 0.33825231 0.47529703
v -0.11839753 0.33942017 0.47885010
v -0.11173302 0.34066102 0.48096919
v -0.09499930 0.34854409 0.47776666
v -0.08768282 0.34956598 0.47942370
v -0.05493978 0.35248563 0.48324764
v -0.07493332 0.35073385 0.48092139
v -0.00495593 0.35810596 0.48617929
v -0.06493655 0.35606220 0.47499430
v -0.01806764 0.35978475 0.47950336
v -0.01480782 0.36160955 0.47569537
v -0.02494947 0.36139056 0.47360814
v -0.00495593 0.36285040 0.47499430
v 0.00496840 0.36649996 0.46498835
v -0.00495593 0.36547810 0.46498835
v -0.02494947 0.36328834 0.46498835
v -0.05457758 0.35788700 0.47414985
v -0.04494301 0.35825193 0.47602996
v -0.02494947 0.35941979 0.47861111
v 0.00496840 0.36693791 0.45499831
v 0.06494901 0.37233928 0.41500634
v 0.07494579 0.37336114 0.40500039
v 0.07494579 0.37197432 0.39703384
v 0.00467863 0.35095280 0.34262246
v -0.16120979 0.32051542 0.48104885
v -0.14498314 0.32890943 0.47781447
v -0.16570109 -0.31217363 0.34262246
v -0.15766020 -0.31575021 0.34262246
v -0.07232547 -0.37158859 0.39781457
v -0.14317213 -0.34078622 0.39826071
v -0.07406403 -0.37180755 0.40500039
v -0.07971438 -0.36983678 0.41108680
v -0.08014902 -0.37012875 0.41774684
v -0.00495593 -0.36903387 0.46498835
v -0.01495270 -0.36808500 0.46498835
v -0.03494624 -0.36611423 0.46498835
v -0.06493655 -0.36304858 0.46498835
v -0.08493008 -0.36115083 0.46336317
v -0.09123240 -0.36049390 0.46132374
v -0.14041941 -0.34012932 0.47046933
v -0.16157198 -0.33064044 0.47309828
v -0.16497669 -0.32845068 0.47585469
v 0.09493932 0.31496808 0.50507593
v 0.07494579 0.32496789 0.50413585
v 0.06494901 0.32496789 0.50410402
v -0.13035019 -0.32012969 0.50010478
v -0.11499283 -0.33377907 0.49349257
v -0.12940846 -0.33976436 0.47966269
v -0.08014902 -0.35005614 0.49008292
v -0.11108106 -0.35034809 0.47069237
v -0.11463063 -0.34728247 0.47440478
v -0.10311262 -0.34107819 0.49119821
v -0.12498961 -0.30494747 0.50525117
v 0.31494069 0.04497306 0.50496435
v 0.31494069 0.05497288 0.50501215
v 0.30494392 0.08497232 0.50509185
v 0.29494715 0.12497158 0.50518745
v -0.10499607 -0.31494731 0.50464571
v -0.09499930 -0.31494731 0.50491661
v -0.12498961 -0.32107857 0.50071025
v -0.10803856 -0.32932660 0.49962682
v -0.11499283 -0.32297635 0.50155473
v -0.10477874 -0.32560402 0.50179368
v -0.09499930 -0.32494712 0.50298870
v 0.29494715 0.13497140 0.50509185
v 0.29494715 0.14497121 0.50477320
v 0.28495038 0.16497084 0.50488472
v 0.27495360 0.17497066 0.50494844
v 0.25496006 0.19497029 0.50491661
v 0.22496976 0.22496973 0.50485283
v 0.20497623 0.24496937 0.50480503
v 0.25496006 0.18497047 0.50515556
v 0.13499884 0.29496846 0.50491661
v 0.03495871 0.31496808 0.50469351
v 0.00496840 0.30496827 0.50455010
v -0.11499283 0.26496899 0.50391281
v -0.22495730 0.20497011 0.50359416
v -0.15497991 0.25496918 0.50364196
v -0.17497346 0.24496937 0.50357819
v -0.24495085 0.18497047 0.50367379
v -0.25494760 0.17497066 0.50368977
v -0.18497023 0.24496937 0.50340295
v -0.14498314 0.28496861 0.50274968
v -0.13498637 0.29496846 0.50257444
v -0.12498961 0.30496827 0.50238323
v -0.15497991 0.28496861 0.50211239
v -0.11499283 0.31496808 0.50217611
v -0.12498961 0.31496808 0.50136352
v -0.16707745 0.29766911 0.49973834
v -0.20691966 0.26766968 0.49970648
v -0.21481565 0.26460403 0.49852744
v -0.12998798 0.32000446 0.50000918
v -0.15497991 0.30744997 0.49956307
v -0.17475612 0.29460350 0.49884608
v -0.16417985 0.30416536 0.49801758
v -0.14498314 0.32131833 0.49185148
v -0.15063350 0.32022345 0.49040157
v -0.10499607 0.34190187 0.48261032
v -0.09753471 0.33934718 0.48917472
v -0.08456789 0.34635437 0.48413989
v -0.07493332 0.34671932 0.48592439
v -0.10072209 0.33022326 0.50020039
v -0.04494301 0.35321555 0.48441073
v -0.03328011 0.35058784 0.49072021
v -0.02494947 0.35139075 0.49151689
v -0.04494301 0.34949297 0.48941371
v 0.00496840 0.35861689 0.48731056
v -0.00495593 0.36044168 0.48117632
v -0.01495270 0.35226664 0.49221793
v 0.00496840 0.36372629 0.47499430
v 0.00496840 0.36087963 0.48230758
v 0.01496517 0.36613500 0.46498835
v 0.06016795 0.37000355 0.43017462
v 0.18121579 0.32066140 0.40500039
v 0.08030637 0.37036851 0.39881834
v 0.07443870 0.37124440 0.41433716
v 0.10174871 0.35058784 0.47160056
v 0.10319752 0.35124478 0.46498835
v 0.10819591 0.34927401 0.46498835
v 0.12971069 0.33985811 0.46866888
v 0.15086327 0.33036923 0.47140938
v 0.17331979 0.32146430 0.46498835
v 0.17831817 0.31920156 0.46498835
v 0.17889769 0.31949353 0.45499831
v 0.18541732 0.31796071 0.42499638
v 0.18592441 0.31817970 0.41500634
v 0.08494255 0.33971214 0.34262246
v 0.07581507 0.34131795 0.34262246
v 0.06494901 0.34292376 0.34262246
v 0.02445485 0.34861708 0.34262246
v 0.16491671 0.30854484 0.34262246
v 0.14774834 0.31591696 0.34262246
v 0.13456419 0.32139131 0.34262246
v 0.09718497 0.33671948 0.34262246
v 0.09428736 0.33788735 0.34262246
v -0.14440362 -0.32122454 0.34262246
v -0.00734646 -0.35385168 0.34262246
v -0.00495593 -0.35407066 0.34262246
v -0.06797905 -0.37158859 0.39781457
v -0.10427167 -0.33779359 0.34262246
v -0.09507174 -0.34129718 0.34262246
v -0.08493008 -0.34355989 0.34262246
v -0.04747842 -0.34874228 0.34262246
v -0.01777788 -0.35261083 0.34262246
v -0.01495270 -0.35297579 0.34262246
v -0.06710976 -0.37180755 0.40500039
v -0.00495593 -0.36939883 0.45499831
v 0.00496840 -0.36881492 0.46498835
v 0.00496840 -0.36472741 0.47499430
v -0.00495593 -0.36480039 0.47499430
v -0.01495270 -0.36436245 0.47499430
v -0.02494947 -0.36377850 0.47499430
v -0.03494624 -0.36290261 0.47499430
v -0.07565773 -0.36166176 0.46589652
v -0.07942462 -0.35990995 0.46981606
v -0.08493008 -0.35925305 0.46836615
v 0.10493609 0.31496808 0.50459790
v 0.08494255 0.32496789 0.50368977
v 0.07494579 0.33219403 0.50157064
v 0.06494901 0.33306992 0.50160253
v 0.05495224 0.33394581 0.50153875
v 0.04495547 0.33423778 0.50149095
v 0.02496194 0.33394581 0.50137943
v -0.03494624 0.33299693 0.50104487
v -0.05493978 0.33255899 0.50093329
v 0.05495224 0.32496789 0.50397652
v -0.11499283 -0.32801273 0.49849558
v -0.09231900 -0.35071304 0.48141533
v -0.09536150 -0.35275683 0.47563162
v -0.08406080 -0.35151595 0.48484093
v -0.08493008 -0.35611442 0.47499430
v -0.07493332 -0.35355973 0.48498434
v -0.07493332 -0.35056707 0.49083176
v -0.08406080 -0.34531170 0.49318987
v -0.09499930 -0.34246504 0.49264812
v -0.08493008 -0.31494731 0.50491661
v -0.11499283 -0.30494747 0.50520337
v 0.32493746 0.02497343 0.50475729
v -0.09499930 -0.30494747 0.50507593
v 0.31494069 0.06497269 0.50488472
v 0.30494392 0.09497214 0.50505996
v -0.08493008 -0.32494712 0.50338703
v -0.07493332 -0.32494712 0.50341886
v -0.09499930 -0.33633375 0.49765110
v -0.08493008 -0.33757460 0.49892575
v -0.10137405 -0.33034846 0.50020039
v -0.09499930 -0.33129737 0.50059873
v -0.08493008 -0.33261120 0.50096518
v 0.30494392 0.10497195 0.50485283
v 0.30494392 0.12497158 0.50418365
v 0.30494392 0.13497140 0.50335515
v 0.29494715 0.15497103 0.50362599
v 0.28589213 0.17584656 0.50262225
v 0.27495360 0.18497047 0.50359416
v 0.26495683 0.19497029 0.50368977
v 0.25496006 0.20497011 0.50370568
v 0.22496976 0.23496956 0.50372159
v 0.19497946 0.26496899 0.50372159
v 0.18498269 0.26496899 0.50474131
v 0.15499237 0.28496861 0.50482100
v 0.01496517 0.31496808 0.50440675
v -0.01495270 0.32496789 0.50306833
v -0.07493332 0.32496789 0.50228763
v -0.14498314 0.27496880 0.50321174
v -0.16497669 0.25496918 0.50348258
v -0.13498637 0.28496861 0.50306833
v -0.10499607 0.31496808 0.50259036
v -0.09499930 0.32496789 0.50184149
v -0.11499283 0.32182926 0.50088555
v -0.12498961 0.32051542 0.50034380
v -0.13397221 0.32248619 0.49522930
v -0.11499283 0.33153710 0.49209046
v -0.12129515 0.33044225 0.49062464
v -0.10441654 0.33270496 0.49529302
v -0.08493008 0.34073400 0.49097514
v -0.07493332 0.34168291 0.49213827
v -0.10441654 0.32504088 0.50107670
v -0.09499930 0.33066121 0.50051904
v -0.00495593 0.35306954 0.49261627
v 0.00496840 0.35365349 0.49277559
v 0.01496517 0.35343450 0.49277559
v 0.01496517 0.35847092 0.48667324
v 0.01496517 0.36328834 0.47499430
v 0.01496517 0.36058766 0.48167026
v 0.07494579 0.35416442 0.47499430
v 0.09493932 0.35139075 0.47348067
v 0.19592118 0.31277832 0.41556400
v 0.20034005 0.31029662 0.40923858
v 0.18078114 0.32051542 0.39928043
v 0.09493932 0.34912804 0.47848365
v 0.10500853 0.34796017 0.47496244
v 0.12094541 0.34036908 0.48061866
v 0.11493286 0.34445658 0.47499430
v 0.12304618 0.34124497 0.47499430
v 0.14521293 0.33182907 0.47485089
v 0.15455773 0.32781455 0.47485089
v 0.17201586 0.32088038 0.47281146
v 0.12804456 0.33912820 0.47499430
v 0.19019839 0.31015065 0.47045338
v 0.18498269 0.31489509 0.46498835
v 0.19345821 0.31255937 0.43498638
v 0.19432749 0.31292433 0.42499638
v 0.17585520 0.30307049 0.34262246
v 0.00257786 -0.35399768 0.34262246
v 0.08494255 -0.36436245 0.40500039
v 0.07494579 -0.36677116 0.41500634
v 0.00496840 -0.35392466 0.34262246
v 0.00496840 -0.36071286 0.36762142
v 0.00496840 -0.36910689 0.45499831
v 0.05495224 -0.36129680 0.47300267
v 0.03495871 -0.36261064 0.47499430
v 0.02496194 -0.36341354 0.47499430
v 0.08494255 -0.36611423 0.41500634
v 0.08494255 -0.36545730 0.42499638
v 0.09066534 -0.36027491 0.46135560
v 0.07226549 -0.36027491 0.47062865
v 0.06494901 -0.36071286 0.47163242
v 0.04010197 -0.35998297 0.48002914
v 0.03495871 -0.36012894 0.48017254
v 0.02496194 -0.36027491 0.48036373
v 0.01496517 -0.36034793 0.48044342
v -0.00495593 -0.36049390 0.48058680
v -0.02494947 -0.36056688 0.48074615
v -0.03494624 -0.36034793 0.48049122
v -0.04059659 -0.36005595 0.48012474
v -0.04436349 -0.36158878 0.47555196
v -0.05493978 -0.36136979 0.47319385
v -0.06493655 -0.36078587 0.47182363
v -0.06493655 -0.35859612 0.47682661
v -0.07565773 -0.35830414 0.47445258
v 0.11493286 0.31496808 0.50353038
v 0.10493609 0.32343507 0.50204861
v 0.14499561 0.29496846 0.50437486
v 0.09515664 0.32569781 0.50231951
v 0.08494255 0.33124515 0.50110859
v 0.05495224 0.33898222 0.49941969
v 0.04495547 0.33927420 0.49972242
v 0.03495871 0.33912820 0.49969053
v 0.00496840 0.34496751 0.49731651
v -0.03494624 0.33796036 0.49927628
v -0.04494301 0.33781436 0.49913287
v -0.06493655 0.33212104 0.50086957
v -0.08493008 0.32496789 0.50214422
v -0.06493655 -0.35487357 0.48498434
v -0.06493655 -0.35122401 0.49166030
v -0.07493332 -0.34494674 0.49521336
v -0.06493655 -0.31494731 0.50478911
v -0.06493655 -0.32494712 0.50337106
v 0.32493746 0.01497362 0.50461388
v 0.33580351 0.01511960 0.50180966
v 0.33573109 0.02453548 0.50190526
v 0.32493746 0.03497325 0.50459790
v -0.00495593 -0.30494747 0.50448638
v 0.31494069 -0.00495302 0.50459790
v 0.31494069 -0.01495284 0.50447047
v 0.31494069 0.07497251 0.50458199
v -0.07493332 -0.33312213 0.50102890
v -0.06493655 -0.33304915 0.50101298
v -0.07493332 -0.33808556 0.49935594
v -0.06493655 -0.34494674 0.49602592
v 0.31494069 0.08497232 0.50424743
v 0.31494069 0.09497214 0.50384909
v 0.31494069 0.10497195 0.50325954
v 0.31494069 0.11497177 0.50251067
v 0.30501634 0.14424130 0.50185746
v 0.32030129 0.12066510 0.50023228
v 0.29509205 0.16402195 0.50180966
v 0.29183221 0.17314588 0.50125200
v 0.28284961 0.18497047 0.50125200
v 0.27459139 0.19445935 0.50126791
v 0.26481193 0.20482412 0.50136352
v 0.25496006 0.21496992 0.50137943
v 0.21504544 0.25504217 0.50141132
v 0.20504867 0.26504198 0.50142723
v 0.18498269 0.27496880 0.50353038
v 0.17498592 0.27496880 0.50469351
v 0.16498914 0.28496861 0.50426334
v -0.06493655 0.31496808 0.50322771
v -0.09499930 0.31496808 0.50278157
v -0.08493008 0.33109915 0.50075805
v -0.05493978 0.33759540 0.49884608
v -0.00495593 0.34496751 0.49709344
v 0.01496517 0.34496751 0.49736431
v 0.02496194 0.35255861 0.49247286
v 0.02496194 0.34496751 0.49712533
v 0.03495871 0.35153675 0.49167621
v 0.07494579 0.35117179 0.48165432
v 0.08262446 0.35044187 0.48068240
v 0.08928897 0.34978494 0.47971049
v 0.08559451 0.35204768 0.47582281
v 0.20034005 0.31029662 0.41261637
v 0.24228302 0.27204916 0.43498638
v 0.24728139 0.26745069 0.43498638
v 0.23170672 0.28161103 0.42499638
v 0.23619802 0.27642864 0.40500039
v 0.23119964 0.28110009 0.40500039
v 0.23090987 0.28080812 0.39885023
v 0.24648455 0.25730491 0.36500841
v 0.24307986 0.25241449 0.34262246
v 0.23163427 0.26124644 0.34262246
v 0.20743920 0.27985924 0.34262246
v 0.19592118 0.28869119 0.34262246
v 0.19208184 0.29161084 0.34262246
v 0.18592441 0.29620931 0.34262246
v 0.18454805 0.29723117 0.34262246
v 0.11493286 0.34146392 0.48176587
v 0.13753425 0.32934737 0.48876047
v 0.14521293 0.32803354 0.48525518
v 0.14202556 0.33088019 0.48208451
v 0.14869006 0.32942036 0.47808531
v 0.16571355 0.32270515 0.47567943
v 0.16955289 0.31971252 0.47948742
v 0.19997784 0.29993185 0.47999728
v 0.19077791 0.31066158 0.46498835
v 0.21214782 0.29175681 0.47499430
v 0.19258893 0.31204841 0.44499236
v 0.09182438 -0.36122382 0.39763930
v 0.01257463 -0.35297579 0.34262246
v 0.04408619 -0.36151579 0.47547230
v 0.09117242 -0.36071286 0.45499831
v 0.09262123 -0.36195374 0.40500039
v 0.17817329 -0.31910780 0.40500039
v 0.17411663 -0.32231942 0.45499831
v 0.16498914 -0.32662591 0.46498835
v 0.11015180 -0.35005614 0.47013474
v 0.09493932 -0.35421664 0.47499430
v 0.08494255 -0.35947201 0.46776068
v 0.15875928 -0.32939959 0.46498835
v 0.06494901 -0.35852313 0.47661948
v 0.08494255 -0.35677135 0.47499430
v 0.08899921 -0.34983715 0.48971644
v 0.05495224 -0.35910705 0.47800565
v 0.08233470 -0.35027510 0.49040157
v 0.07494579 -0.35056707 0.49075210
v 0.06494901 -0.35078606 0.49092737
v -0.02494947 -0.35640639 0.48574913
v 0.05495224 -0.35085905 0.49100703
v -0.05493978 -0.35151595 0.49173993
v 0.13499884 0.30496827 0.50338703
v 0.12478475 0.31533304 0.50176185
v 0.11493286 0.32168329 0.50102890
v 0.09856134 0.32956633 0.49962682
v 0.09189682 0.33044225 0.50047123
v -0.04494301 -0.31494731 0.50462979
v 0.10493609 -0.30494747 0.50370568
v 0.05495224 -0.30494747 0.50407213
v 0.03495871 -0.30494747 0.50421554
v -0.03494624 -0.33283016 0.50093329
v -0.02494947 -0.33275717 0.50088555
v -0.04494301 -0.32494712 0.50321174
v 0.32493746 0.00497380 0.50431114
v 0.31494069 -0.03495247 0.50408804
v 0.31494069 -0.04495228 0.50386500
v 0.31494069 -0.05495210 0.50359416
v 0.34007752 0.01855019 0.50007296
v 0.32493746 -0.00495302 0.50397652
v 0.33399248 0.00497380 0.50193709
v 0.32167763 -0.10495117 0.50085366
v 0.33971530 0.01190798 0.49988174
v 0.34007752 0.02095891 0.50007296
v 0.33406496 0.03497325 0.50211239
v 0.32493746 0.04497306 0.50424743
v 0.11493286 -0.30494747 0.50362599
v 0.13499884 -0.28494784 0.50359416
v 0.22496976 -0.18494970 0.50348258
v 0.23496653 -0.17494988 0.50345075
v 0.29494715 -0.08495154 0.50370568
v 0.29494715 -0.10495117 0.50333923
v -0.06493655 -0.33808556 0.49935594
v -0.05493978 -0.33801255 0.49934000
v -0.03494624 -0.33786657 0.49929222
v -0.05493978 -0.34494674 0.49608967
v 0.32493746 0.05497288 0.50386500
v 0.32493746 0.06497269 0.50332326
v 0.32493746 0.07497251 0.50260627
v 0.32421303 0.09497214 0.50133163
v 0.32283670 0.10497195 0.50096518
v 0.32124299 0.11497177 0.50056684
v 0.31023204 0.14044575 0.50021636
v 0.32921141 0.09497214 0.49964273
v 0.32783508 0.10497195 0.49859115
v 0.33261615 0.10497195 0.49360412
v 0.33116734 0.11292801 0.49189928
v 0.30001795 0.19007987 0.49006698
v 0.28980386 0.17978808 0.49992955
v 0.28060395 0.19073679 0.50031191
v 0.27104181 0.20139353 0.50043941
v 0.26140726 0.21161231 0.50045532
v 0.25829232 0.21825454 0.49949935
v 0.24829556 0.22832733 0.49953121
v 0.22496976 0.25504217 0.49863896
v 0.21171318 0.26175737 0.50048721
v 0.20838092 0.26839960 0.49954715
v 0.20171641 0.27117327 0.50048721
v 0.19439994 0.27467686 0.50129980
v 0.18498269 0.28183001 0.50123608
v 0.16426474 0.29489544 0.50155473
v 0.15499237 0.29496846 0.50324363
v 0.04299958 0.35066083 0.49076802
v 0.08559451 0.34650034 0.48439482
v 0.09435980 0.34343469 0.48557386
v 0.10493609 0.34292376 0.48327950
v 0.19983296 0.30985868 0.41927639
v 0.21048169 0.30036980 0.42499638
v 0.24699163 0.26745069 0.44499236
v 0.25249708 0.26241431 0.44499236
v 0.25249708 0.26241431 0.43498638
v 0.25162780 0.26161140 0.40500039
v 0.24648455 0.26657480 0.40500039
v 0.24148616 0.27139223 0.40500039
v 0.24112396 0.27110028 0.39827663
v 0.25227976 0.25226849 0.36500841
v 0.24691918 0.24912988 0.34262246
v 0.13086973 0.33015028 0.49022630
v 0.14499561 0.32299712 0.49255252
v 0.15202232 0.32131833 0.49124601
v 0.23127207 0.27080831 0.49067244
v 0.21113366 0.29088092 0.48111260
v 0.20497623 0.30489525 0.42499638
v 0.19932587 0.30949372 0.42499638
v 0.23793659 0.26825359 0.48498434
v 0.23438701 0.27358198 0.47499430
v 0.04481059 -0.34881529 0.34262246
v 0.08494255 -0.34341392 0.34262246
v 0.09138975 -0.34188110 0.34262246
v 0.10298020 -0.35151595 0.37807351
v 0.10435656 -0.35290280 0.38500440
v 0.17773865 -0.31874284 0.39501035
v 0.18498269 -0.31450933 0.40500039
v 0.17846306 -0.31918079 0.41500634
v 0.17868038 -0.31925377 0.42499638
v 0.17882526 -0.31932679 0.43498638
v 0.17897014 -0.31939977 0.44499236
v 0.17911501 -0.31939977 0.45499831
v 0.17382687 -0.32217345 0.46498835
v 0.17223318 -0.32129753 0.47174397
v 0.15223965 -0.33093241 0.47182363
v 0.13115950 -0.34049428 0.47117037
v 0.12463987 -0.34173512 0.47470751
v 0.10001015 -0.34998316 0.48004508
v 0.10399436 -0.35093203 0.47408611
v 0.09493932 -0.35100502 0.48232350
v 0.09493932 -0.34874228 0.48732650
v 0.11036912 -0.34012932 0.49024224
v 0.10493609 -0.34144315 0.49159655
v 0.09493932 -0.34370589 0.49331731
v 0.08537719 -0.34589562 0.49331731
v 0.07494579 -0.34494674 0.49467164
v 0.06494901 -0.34494674 0.49492657
v 0.05495224 -0.34494674 0.49506995
v 0.03495871 -0.35100502 0.49115044
v 0.01496517 -0.35115099 0.49127787
v -0.04494301 -0.35151595 0.49167621
v 0.12804456 0.31898260 0.49956307
v 0.12138005 0.32051542 0.50031191
v 0.14463341 0.30526021 0.50166625
v 0.13499884 0.31212142 0.50093329
v 0.11493286 0.33219403 0.49239320
v 0.10493609 0.33343488 0.49376345
v 0.09464956 0.33489472 0.49489468
v 0.08494255 0.33628154 0.49589849
v 0.06494901 0.34314275 0.49346071
v -0.00495593 -0.31494731 0.50424743
v -0.01495270 -0.33764762 0.49924442
v 0.01496517 -0.33713666 0.49918067
v 0.03495871 -0.33669871 0.49913287
v 0.04495547 -0.33647975 0.49910101
v -0.01495270 -0.33261120 0.50082177
v -0.03494624 -0.32494712 0.50311613
v 0.31494069 -0.09495136 0.50236732
v 0.31494069 -0.10495117 0.50204861
v 0.30494392 -0.07495173 0.50361007
v 0.30494392 -0.08495154 0.50335515
v 0.30494392 -0.10495117 0.50274968
v 0.34493101 0.00497380 0.49704564
v 0.34406173 0.01511960 0.49776265
v 0.32493746 -0.01495284 0.50357819
v 0.32088077 -0.11495099 0.50048721
v 0.35210258 0.01497362 0.49228168
v 0.34406173 0.02453548 0.49701378
v 0.33964282 0.02760112 0.49978614
v 0.33254367 0.05497288 0.50134760
v 0.00496840 -0.31494731 0.50415182
v 0.02496194 -0.31494731 0.50394464
v 0.06494901 -0.31494731 0.50351447
v 0.09493932 -0.31494731 0.50317991
v 0.10493609 -0.31494731 0.50295681
v 0.12492962 -0.30494747 0.50313210
v 0.13499884 -0.29494765 0.50330734
v 0.14499561 -0.27494803 0.50356227
v 0.23496653 -0.18494970 0.50316393
v 0.26495683 -0.14495043 0.50330734
v 0.28495038 -0.11495099 0.50340295
v 0.18498269 -0.23494877 0.50338703
v 0.27495360 -0.13495062 0.50324363
v 0.28495038 -0.12495081 0.50314802
v 0.29494715 -0.11495099 0.50303650
v -0.04494301 -0.34494674 0.49601001
v 0.33037049 0.08292857 0.50023228
v 0.32986343 0.08957078 0.49996141
v 0.35123330 0.02497343 0.49142128
v 0.34210581 0.06497269 0.49256846
v 0.33399248 0.09497214 0.49463975
v 0.34036726 0.08183370 0.49052903
v 0.33899087 0.09497214 0.48858520
v 0.34246802 0.09497214 0.48358223
v 0.34123653 0.10314717 0.48187739
v 0.33993262 0.10978938 0.47988576
v 0.32979095 0.11964322 0.48976424
v 0.29444009 0.19402140 0.49143723
v 0.28437084 0.19445935 0.49675885
v 0.28784800 0.18497047 0.49884608
v 0.31030452 0.18059099 0.48053899
v 0.30132192 0.19190465 0.48498434
v 0.29748255 0.19686806 0.48498434
v 0.26959300 0.22949520 0.48933405
v 0.26024824 0.24029791 0.49022630
v 0.26242143 0.23496956 0.49142128
v 0.25445300 0.24416646 0.49167621
v 0.24481842 0.25460422 0.49213827
v 0.26807177 0.20803574 0.49932408
v 0.24496330 0.24496937 0.49553201
v 0.23496653 0.25496918 0.49581879
v 0.22496976 0.26496899 0.49553201
v 0.19070548 0.28037018 0.50026411
v 0.16049784 0.30036980 0.50018448
v 0.15499237 0.30190262 0.50083774
v 0.07494579 0.34197488 0.49218607
v 0.09066534 0.34015009 0.49016258
v 0.09732985 0.33934718 0.48930219
v 0.10493609 0.33839831 0.48828247
v 0.24112396 0.27095428 0.45499831
v 0.23590825 0.27664763 0.44499236
v 0.24199325 0.27161121 0.44499236
v 0.24047200 0.27037036 0.46277365
v 0.23989248 0.26985940 0.46943367
v 0.24612235 0.26664779 0.45499831
v 0.25162780 0.26168439 0.45499831
v 0.25749546 0.25701293 0.44499236
v 0.28183544 0.23197691 0.41500634
v 0.25749546 0.25737789 0.43498638
v 0.26227653 0.25219551 0.42499638
v 0.27176625 0.24183074 0.40500039
v 0.26176947 0.25175756 0.40500039
v 0.26133484 0.25131962 0.39775085
v 0.25119317 0.26117346 0.39751184
v 0.27118671 0.24124680 0.39829257
v 0.28647161 0.22606461 0.40500039
v 0.25727814 0.24657518 0.36500841
v 0.24916485 0.24694014 0.34262246
v 0.24807824 0.24810800 0.34262246
v 0.13499884 0.31715780 0.49878237
v 0.14463341 0.31431115 0.49774671
v 0.15499237 0.30693904 0.49839997
v 0.23474921 0.26496899 0.49215421
v 0.24134128 0.26161140 0.49095923
v 0.23293820 0.27219513 0.48498434
v 0.23938540 0.26942146 0.47499430
v 0.24293497 0.26329020 0.48498434
v 0.09334563 -0.34137017 0.34262246
v 0.16527891 -0.31173566 0.34262246
v 0.18150555 -0.31100577 0.36709565
v 0.17158122 -0.32064062 0.38919479
v 0.18577953 -0.31312251 0.39481917
v 0.19027083 -0.31020287 0.39802170
v 0.19048816 -0.31034884 0.40500039
v 0.20229593 -0.30173585 0.42499638
v 0.18498269 -0.31480131 0.42499638
v 0.18498269 -0.31502029 0.44499236
v 0.18498269 -0.31509328 0.45499831
v 0.18498269 -0.31472832 0.46498835
v 0.17882526 -0.31918079 0.46498835
v 0.19019839 -0.31012985 0.47024626
v 0.18404096 -0.31173566 0.47414985
v 0.18012919 -0.31005687 0.48010880
v 0.16752456 -0.31859687 0.47840399
v 0.14151847 -0.33071342 0.48100108
v 0.12109029 -0.34042129 0.48087358
v 0.12775481 -0.33896145 0.47784632
v 0.12971069 -0.32983753 0.48981205
v 0.14231531 -0.32129753 0.49146909
v 0.12297374 -0.33166233 0.49173993
v 0.18092602 -0.29042220 0.50026411
v 0.16766945 -0.29859722 0.49932408
v 0.11420846 -0.33494693 0.49285525
v 0.14745858 -0.30874303 0.49943560
v 0.10493609 -0.33494693 0.49615341
v 0.09544640 -0.33407104 0.49865490
v 0.08494255 -0.33538488 0.49884608
v 0.07494579 -0.33567685 0.49892575
v 0.05495224 -0.33626077 0.49905321
v 0.04495547 -0.34494674 0.49518150
v 0.00496840 -0.34494674 0.49556386
v -0.02494947 -0.34494674 0.49583474
v 0.14108382 0.31058860 0.50024819
v 0.00496840 -0.33231923 0.50067842
v -0.02494947 -0.32494712 0.50300461
v 0.30494392 -0.11495099 0.50235134
v 0.30494392 -0.12495081 0.50180966
v 0.31494069 -0.11495099 0.50149095
v 0.35246480 0.00497380 0.49250472
v 0.35217506 -0.00495302 0.49202675
v 0.31023204 -0.14093591 0.50012076
v 0.32015640 -0.12049833 0.50013667
v 0.34000504 -0.09020692 0.49003512
v 0.32667601 -0.10495117 0.49771485
v 0.35036403 -0.03239777 0.49030596
v 0.35159552 -0.01495284 0.49140537
v 0.35572463 0.01497362 0.48498434
v 0.33754206 0.05497288 0.49836808
v 0.33826649 0.04497306 0.49898949
v 0.35652143 0.00497380 0.48498434
v 0.33906335 0.03497325 0.49946749
v -0.01495270 -0.32494712 0.50287718
v 0.00496840 -0.32494712 0.50260627
v 0.08494255 -0.32494712 0.50144315
v 0.09544640 -0.32589599 0.50104487
v 0.11493286 -0.31494731 0.50227171
v 0.10493609 -0.32370627 0.50106078
v 0.13499884 -0.30494747 0.50216019
v 0.17498592 -0.29180902 0.50066245
v 0.15499237 -0.29494765 0.50198489
v 0.17498592 -0.28494784 0.50169814
v 0.14499561 -0.29494765 0.50278157
v 0.16498914 -0.28494784 0.50231951
v 0.15499237 -0.28494784 0.50279748
v 0.15499237 -0.27494803 0.50321174
v 0.24496330 -0.17494988 0.50310022
v 0.17498592 -0.25494841 0.50310022
v 0.20497623 -0.23494877 0.50251067
v 0.26495683 -0.15495025 0.50294089
v 0.27495360 -0.14495043 0.50282937
v 0.29494715 -0.12495081 0.50254256
v 0.35050893 0.03241855 0.49060869
v 0.35434824 0.02497343 0.48498434
v 0.35145062 0.05497288 0.48241910
v 0.34109163 0.07497251 0.49145314
v 0.34652466 0.07431559 0.48409209
v 0.34311998 0.08504532 0.48573318
v 0.34978449 0.03913375 0.48971644
v 0.34920496 0.04497306 0.48885608
v 0.34855300 0.08497232 0.47768700
v 0.34790105 0.09562906 0.47478718
v 0.35007429 0.07052004 0.48015660
v 0.34369951 0.10584785 0.47593436
v 0.33884603 0.11497177 0.47797379
v 0.33051538 0.13124885 0.48082581
v 0.32124299 0.16227016 0.47220603
v 0.32218474 0.16394897 0.46498835
v 0.31081158 0.18146689 0.47499430
v 0.30784154 0.18643031 0.47499430
v 0.30284315 0.19394842 0.47499430
v 0.34152633 0.11497177 0.47297081
v 0.34029484 0.12081107 0.47074017
v 0.33087754 0.14205156 0.47179174
v 0.28980386 0.20978753 0.47926438
v 0.28038663 0.22044428 0.48117632
v 0.24793336 0.25752386 0.48498434
v 0.25083095 0.25095466 0.49065650
v 0.14774834 0.30883679 0.49949935
v 0.24996169 0.25993261 0.46983200
v 0.25662619 0.25599107 0.45499831
v 0.24431133 0.26445806 0.47499430
v 0.26966548 0.23956801 0.45757946
v 0.26155216 0.25204954 0.44499236
v 0.29110783 0.22132017 0.41296691
v 0.28147322 0.23153895 0.40500039
v 0.27698195 0.23701331 0.41500634
v 0.26727492 0.24715911 0.42499638
v 0.29089051 0.22102821 0.40500039
v 0.25242466 0.24314459 0.34262246
v 0.29009366 0.22007932 0.39985400
v 0.24930972 0.25920269 0.47499430
v 0.17433396 -0.30728319 0.34262246
v 0.18969131 -0.30976492 0.39136168
v 0.18070871 -0.30319569 0.34262246
v 0.18259215 -0.30195484 0.34262246
v 0.19287868 -0.29421774 0.34262246
v 0.19490701 -0.29268494 0.34262246
v 0.21019194 -0.29013023 0.36961305
v 0.20215105 -0.30166286 0.41500634
v 0.24844044 -0.25874394 0.36500841
v 0.24163105 -0.27137145 0.43498638
v 0.24713652 -0.26764891 0.44499236
v 0.24213813 -0.27166343 0.44499236
v 0.20729432 -0.29794031 0.42499638
v 0.23069255 -0.28049538 0.44499236
v 0.20743920 -0.29808629 0.44499236
v 0.19584873 -0.30691823 0.45499831
v 0.19063303 -0.31042182 0.46498835
v 0.21410371 -0.29312289 0.45499831
v 0.21352419 -0.29275793 0.46498835
v 0.22953351 -0.27961949 0.46798375
v 0.24423890 -0.26670000 0.47513771
v 0.23953028 -0.26969266 0.47856331
v 0.23286577 -0.27202839 0.48267403
v 0.22149263 -0.28100631 0.48131973
v 0.20990217 -0.28991127 0.47994947
v 0.19171964 -0.30115193 0.48151094
v 0.18092602 -0.30049500 0.49062464
v 0.17498592 -0.30721021 0.48676884
v 0.17498592 -0.31151670 0.48176587
v 0.19947076 -0.28961930 0.48954117
v 0.19280624 -0.29188204 0.49228168
v 0.17498592 -0.30217379 0.49245694
v 0.17498592 -0.29677245 0.49745992
v 0.15499237 -0.30188185 0.50067842
v 0.16100493 -0.30034903 0.50020039
v 0.18425828 -0.29450971 0.49478316
v 0.18759054 -0.28808647 0.49894169
v 0.19881879 -0.27881658 0.49965867
v 0.19215429 -0.28137127 0.50043941
v 0.18454805 -0.28480187 0.50078994
v 0.14079407 -0.31027585 0.50012076
v 0.12703040 -0.31859687 0.49941969
v 0.11493286 -0.32640693 0.49836808
v 0.10493609 -0.32874265 0.49954715
v 0.09914086 -0.32991052 0.49997735
v 0.09247635 -0.33012950 0.50004107
v 0.29494715 -0.13495062 0.50198489
v 0.29494715 -0.14495043 0.50137943
v 0.30494392 -0.13495062 0.50118828
v 0.35615927 -0.00495302 0.48498434
v 0.30798644 -0.14765112 0.49957901
v 0.30479902 -0.14458548 0.50045532
v 0.29936600 -0.15925674 0.49992955
v 0.29719281 -0.16495007 0.49965867
v 0.31262261 -0.15495025 0.49330139
v 0.32203984 -0.13495062 0.49234539
v 0.32443035 -0.12363696 0.49451229
v 0.33102244 -0.11495099 0.49115044
v 0.33297831 -0.10495117 0.49271187
v 0.33928066 -0.09684914 0.48919067
v 0.35050893 -0.08254283 0.48079392
v 0.34971207 -0.03911297 0.48979610
v 0.33551377 -0.09407546 0.49277559
v 0.35101599 -0.07495173 0.48155871
v 0.35920173 0.00592269 0.47473937
v 0.35833246 0.01497362 0.47499430
v 0.35536242 0.04497306 0.47499430
v 0.35420334 0.05497288 0.47499430
v 0.35123330 0.08497232 0.47268403
v 0.35891199 -0.00495302 0.47623709
v 0.36028838 -0.00495302 0.47123411
v 0.36028838 0.00322201 0.47123411
v 0.12420522 -0.31509328 0.50110859
v 0.11493286 -0.32137054 0.50048721
v 0.19526921 -0.27524000 0.50086957
v 0.18498269 -0.27494803 0.50179368
v 0.17498592 -0.26494822 0.50268596
v 0.22496976 -0.21494915 0.50238323
v 0.21497299 -0.23494877 0.50201678
v 0.22496976 -0.22494896 0.50192118
v 0.27495360 -0.15495025 0.50230354
v 0.23496653 -0.21494915 0.50179368
v 0.35058135 0.06497269 0.48096919
v 0.35065377 0.09270941 0.47131377
v 0.32653117 0.15497103 0.46498835
v 0.32819730 0.15621188 0.44499236
v 0.32385087 0.16497084 0.44499236
v 0.32124299 0.17226999 0.43498638
v 0.32001150 0.18000707 0.41016269
v 0.32022882 0.17037220 0.45185950
v 0.31979418 0.16964228 0.45851952
v 0.31935954 0.16891238 0.46498835
v 0.31146353 0.18256176 0.46498835
v 0.31588238 0.17497066 0.46498835
v 0.30849349 0.18752517 0.46498835
v 0.29914868 0.19891182 0.47499430
v 0.30907303 0.18854704 0.45499831
v 0.34978449 0.09935162 0.46498835
v 0.34746641 0.10497195 0.46498835
v 0.33051538 0.15117548 0.44499236
v 0.33015317 0.15044557 0.45114252
v 0.29357076 0.20584600 0.47555196
v 0.29038340 0.21051745 0.47258842
v 0.28683382 0.21431300 0.47555196
v 0.28111106 0.22139315 0.47499430
v 0.25351125 0.25423926 0.47499430
v 0.26017576 0.25022474 0.46086168
v 0.31189817 0.19248858 0.40500039
v 0.32037371 0.18059099 0.39931229
v 0.29538178 0.21496992 0.40500039
v 0.30965257 0.18942295 0.44499236
v 0.31689656 0.18548141 0.40500039
v 0.31153601 0.19205064 0.39810136
v 0.25626397 0.23825416 0.34262246
v 0.23482165 -0.26188257 0.34262246
v 0.23569094 -0.27669981 0.44499236
v 0.23858856 -0.25888994 0.34262246
v 0.24373181 -0.25480241 0.34262246
v 0.24554282 -0.25334260 0.34262246
v 0.25351125 -0.25370756 0.36500841
v 0.25256956 -0.26261249 0.44499236
v 0.25264198 -0.26268548 0.45499831
v 0.24706407 -0.26764891 0.45499831
v 0.24206568 -0.27159044 0.45499831
v 0.23025791 -0.28020340 0.46130779
v 0.23416969 -0.27655384 0.46478122
v 0.24619479 -0.26699197 0.46498835
v 0.25112075 -0.26107967 0.47499430
v 0.25046879 -0.26042277 0.48060274
v 0.22917131 -0.26910871 0.48934999
v 0.22533196 -0.27516702 0.48533487
v 0.20323765 -0.29224700 0.48286524
v 0.21098877 -0.28064135 0.49078396
v 0.20497623 -0.28275812 0.49283934
v 0.13499884 -0.31166267 0.50059873
v 0.22250679 -0.27166343 0.49135756
v 0.22547685 -0.26545915 0.49328545
v 0.23554605 -0.25553232 0.49309427
v 0.21490055 -0.26502120 0.49830437
v 0.26495683 -0.21494915 0.49669513
v 0.20852581 -0.26837882 0.49961087
v 0.21156830 -0.26173660 0.50035971
v 0.20186129 -0.27210137 0.50042343
v 0.12029345 -0.32012969 0.50005698
v 0.26495683 -0.17494988 0.50190526
v 0.25496006 -0.19494951 0.50147504
v 0.23496653 -0.22494896 0.50120419
v 0.27495360 -0.18473072 0.50040752
v 0.29559910 -0.15553418 0.50058281
v 0.24496330 -0.21494915 0.50101298
v 0.35594195 -0.04495228 0.47499430
v 0.35681123 -0.03495247 0.47499430
v 0.29407787 -0.17414698 0.49846369
v 0.30298805 -0.17494988 0.49326950
v 0.29219443 -0.16495007 0.50021636
v 0.27835828 -0.18786936 0.49983394
v 0.28755826 -0.17684765 0.49975428
v 0.28451574 -0.18473072 0.49894169
v 0.32066345 -0.14151984 0.49086362
v 0.31102890 -0.16232237 0.49146909
v 0.33000827 -0.12013338 0.49008292
v 0.33797669 -0.10495117 0.48731056
v 0.34152633 -0.10495117 0.48230758
v 0.34978449 -0.08918504 0.47778258
v 0.36043322 -0.08057206 0.44268206
v 0.35282701 -0.07495173 0.47499430
v 0.35500020 -0.05495210 0.47499430
v 0.36086786 0.01497362 0.46387303
v 0.36036080 0.02497343 0.46170613
v 0.36007100 0.03066676 0.46041554
v 0.35289943 0.08497232 0.46498835
v 0.35869467 -0.01480686 0.47424546
v 0.36007100 -0.01137626 0.47040558
v 0.36115766 -0.01480686 0.46565753
v 0.36188203 -0.00495302 0.46498835
v 0.36123008 0.00592269 0.46597618
v 0.36391038 -0.00495302 0.45499831
v 0.20512110 -0.26502120 0.50080585
v 0.19497946 -0.26494822 0.50172997
v 0.20497623 -0.25494841 0.50163436
v 0.21497299 -0.24494858 0.50152284
v 0.35130572 0.09438821 0.46498835
v 0.32913899 0.15818265 0.42499638
v 0.32298160 0.17497066 0.40500039
v 0.32493746 0.16497084 0.43498638
v 0.33102244 0.15219736 0.43498638
v 0.33196419 0.15416813 0.41500634
v 0.32030129 0.18051800 0.40500039
v 0.36188203 0.08329352 0.40500039
v 0.33971530 0.13920490 0.40500039
v 0.33623815 0.14497121 0.41500634
v 0.33015317 0.16044538 0.40230769
v 0.33015317 0.16044538 0.39967874
v 0.30871081 0.16504383 0.34262246
v 0.30776912 0.16694161 0.34262246
v 0.30320537 0.17591955 0.34262246
v 0.31015962 0.18022604 0.36951745
v 0.29168731 0.19219662 0.34262246
v 0.27901030 0.20869267 0.34262246
v 0.26133484 0.23168494 0.34262246
v 0.25307661 -0.24553251 0.34262246
v 0.25850964 -0.24808721 0.36500841
v 0.25756794 -0.25699216 0.44499236
v 0.25764036 -0.25699216 0.45499831
v 0.25199002 -0.26195556 0.46498835
v 0.25698841 -0.25626224 0.46498835
v 0.25684351 -0.25429147 0.47571129
v 0.25988603 -0.24983901 0.47953522
v 0.24539794 -0.25553232 0.48786822
v 0.23924051 -0.25918189 0.48962086
v 0.26850641 -0.22845255 0.48876047
v 0.25278687 -0.25494841 0.48262623
v 0.25879943 -0.23874432 0.48930219
v 0.24901997 -0.24896312 0.48955712
v 0.25213492 -0.24232090 0.49103889
v 0.25524986 -0.23524074 0.49271187
v 0.25756794 -0.21494915 0.49930814
v 0.24720895 -0.22691973 0.49919662
v 0.21823281 -0.25801405 0.49951530
v 0.26510173 -0.22502194 0.49253660
v 0.27495360 -0.20494932 0.49631274
v 0.25025147 -0.22027750 0.50005698
v 0.21490055 -0.25480241 0.50071025
v 0.22468001 -0.24458364 0.50059873
v 0.23453189 -0.23436484 0.50047123
v 0.24431133 -0.22414605 0.50034380
v 0.25988603 -0.20983975 0.49997735
v 0.26908594 -0.19881806 0.49991360
v 0.25590181 -0.20589821 0.50064653
v 0.29523689 -0.18487671 0.49389091
v 0.30110461 -0.18151911 0.49140537
v 0.30950767 -0.16896459 0.48922253
v 0.27495360 -0.19531447 0.49918067
v 0.31914222 -0.14816205 0.48856926
v 0.34029484 -0.11071749 0.48055494
v 0.32102567 -0.16268733 0.47246096
v 0.36101276 -0.08122899 0.43498638
v 0.36593872 -0.07495173 0.41500634
v 0.36434501 -0.07495173 0.42499638
v 0.36325842 -0.01495284 0.45499831
v 0.36079544 -0.02495265 0.46314010
v 0.31972176 -0.16932955 0.46498835
v 0.31740367 -0.17494988 0.46498835
v 0.36318594 0.00497380 0.45499831
v 0.36456233 0.07497251 0.39501035
v 0.36014348 0.08059284 0.42064664
v 0.36079544 0.08190668 0.41500634
v 0.36514187 -0.00495302 0.44499236
v 0.32986343 0.15978846 0.40898365
v 0.33717990 0.14497121 0.40500039
v 0.33203661 0.15584692 0.40539870
v 0.36260647 0.08365848 0.39501035
v 0.36144739 0.08190668 0.38500440
v 0.31769341 0.14424130 0.34262246
v 0.29726523 0.18460552 0.34262246
v 0.28067642 -0.22093444 0.36817908
v 0.28900707 -0.19874506 0.34262246
v 0.28763068 -0.21706589 0.41500634
v 0.30009043 -0.20013189 0.39931229
v 0.26155216 -0.25202873 0.44499236
v 0.27046233 -0.24064210 0.44499236
v 0.26655054 -0.24553251 0.45499831
v 0.27024502 -0.24027714 0.46164238
v 0.26097262 -0.25129884 0.46498835
v 0.28045911 -0.22064246 0.48073021
v 0.27140403 -0.23195612 0.48208451
v 0.28067642 -0.21093462 0.49060869
v 0.26973790 -0.23962022 0.46830243
v 0.27893782 -0.22867152 0.46498835
v 0.30030775 -0.20035087 0.47061270
v 0.30248094 -0.19473054 0.47437292
v 0.27118671 -0.22173734 0.49083176
v 0.26184189 -0.23210211 0.49094328
v 0.26546395 -0.20589821 0.49934000
v 0.27466387 -0.21451119 0.49226573
v 0.28270471 -0.20494932 0.49212235
v 0.28574723 -0.19575241 0.49443263
v 0.29204953 -0.19290575 0.49199486
v 0.30986989 -0.17984030 0.47988576
v 0.30834860 -0.17589878 0.48552606
v 0.28965902 -0.19954796 0.48955712
v 0.29871404 -0.18823430 0.48805940
v 0.31320214 -0.16538802 0.48552606
v 0.32254690 -0.14487745 0.48514366
v 0.33066022 -0.13152003 0.48125601
v 0.31957686 -0.15903777 0.47913688
v 0.31370920 -0.17589878 0.47591841
v 0.31168085 -0.18275996 0.47320980
v 0.31754851 -0.17494988 0.45499831
v 0.31740367 -0.17494988 0.43498638
v 0.31718636 -0.17494988 0.41500634
v 0.31704146 -0.17494988 0.40500039
v 0.31066668 -0.18115415 0.36782855
v 0.32015640 -0.16035160 0.36950153
v 0.36151981 -0.08188590 0.40759748
v 0.33870113 -0.09495136 0.34262246
v 0.34203339 -0.08312676 0.34262246
v 0.36311352 -0.07495173 0.40589264
v 0.35058135 -0.01400395 0.34262246
v 0.35152304 -0.00495302 0.34262246
v 0.36934340 -0.00495302 0.40500039
v 0.36869144 -0.00495302 0.41500634
v 0.36753237 -0.00495302 0.42499638
v 0.31262261 -0.18429278 0.46498835
v 0.31276751 -0.18436576 0.45499831
v 0.36296862 0.07497251 0.38500440
v 0.36007100 0.08000891 0.37996954
v 0.33812159 0.09460718 0.34262246
v 0.32146031 0.13511738 0.34262246
v 0.29784477 -0.18721242 0.34262246
v 0.30153924 -0.19202986 0.36500841
v 0.30863839 -0.18823430 0.39501035
v 0.30030775 -0.20042387 0.40500039
v 0.30921793 -0.18896422 0.40500039
v 0.30458170 -0.19494951 0.40500039
v 0.28292203 -0.22370811 0.42499638
v 0.27922761 -0.22896348 0.43498638
v 0.28813773 -0.21757683 0.45499831
v 0.27930003 -0.22910947 0.45499831
v 0.28784800 -0.21721187 0.46498835
v 0.30059749 -0.20078883 0.46498835
v 0.30820376 -0.18560661 0.47591841
v 0.30088729 -0.19122696 0.48139939
v 0.29530936 -0.19538745 0.48547825
v 0.30508882 -0.19494951 0.46498835
v 0.30943525 -0.18925619 0.46498835
v 0.31255013 -0.18407381 0.41500634
v 0.31247771 -0.18392782 0.40500039
v 0.30074239 -0.18334389 0.34262246
v 0.30161166 -0.18217602 0.34262246
v 0.30566829 -0.17494988 0.34262246
v 0.30900055 -0.16786972 0.34262246
v 0.31226039 -0.17538783 0.36470568
v 0.31197065 -0.16100854 0.34262246
v 0.33131218 -0.11444005 0.34262246
v 0.34036726 -0.11093646 0.36884826
v 0.34159875 -0.10487818 0.36531115
v 0.33507913 -0.10495117 0.34262246
v 0.34340978 -0.07495173 0.34262246
v 0.35145062 -0.00232533 0.34262246
v 0.30950767 -0.18940216 0.45499831
v 0.30950767 -0.18925619 0.44499236
v 0.35116088 0.00541175 0.34262246
v 0.34116411 0.08446138 0.34262246
v 0.34522074 0.05760057 0.34262246
v 0.34413415 0.06708944 0.34262246
v 0.34304756 0.07489952 0.34262246
v 0.29661328 -0.20567924 0.41500634
v 0.30943525 -0.18918319 0.43498638
v 0.30508882 -0.19494951 0.43498638
v 0.30052507 -0.20064284 0.41500634
v 0.29683059 -0.20582522 0.43498638
v 0.30530614 -0.19494951 0.45499831
f 1 2 7
f 1 7 3
f 1 3 8
f 1 8 4
f 1 4 5
f 1 5 2
f 2 6 17
f 2 17 7
f 2 5 6
f 3 7 9
f 3 9 8
f 4 8 10
f 4 10 11
f 4 11 12
f 4 12 5
f 5 12 13
f 5 13 14
f 5 14 39
f 5 39 15
f 5 15 16
f 5 16 6
f 6 16 18
f 6 18 17
f 7 17 9
f 8 9 19
f 8 19 20
f 8 20 21
f 8 21 10
f 9 22 23
f 9 23 24
f 9 24 25
f 9 25 26
f 9 26 27
f 9 27 28
f 9 28 29
f 9 29 19
f 9 17 22
f 10 21 20
f 10 20 55
f 10 55 54
f 10 54 53
f 10 53 97
f 10 97 96
f 10 96 117
f 10 117 116
f 10 116 115
f 10 115 114
f 10 114 178
f 10 178 189
f 10 189 188
f 10 188 271
f 10 271 270
f 10 270 329
f 10 329 328
f 10 328 322
f 10 322 321
f 10 321 327
f 10 327 404
f 10 404 403
f 10 403 402
f 10 402 401
f 10 401 493
f 10 493 492
f 10 492 491
f 10 491 490
f 10 490 486
f 10 486 485
f 10 485 484
f 10 484 585
f 10 585 584
f 10 584 583
f 10 583 582
f 10 582 581
f 10 581 663
f 10 663 769
f 10 769 768
f 10 768 767
f 10 767 766
f 10 766 774
f 10 774 773
f 10 773 772
f 10 772 771
f 10 771 770
f 10 770 882
f 10 882 984
f 10 984 983
f 10 983 982
f 10 982 981
f 10 981 980
f 10 980 979
f 10 979 978
f 10 978 1092
f 10 1092 1230
f 10 1230 1229
f 10 1229 1350
f 10 1350 1466
f 10 1466 1552
f 10 1552 1551
f 10 1551 1550
f 10 1550 1607
f 10 1607 1548
f 10 1548 1547
f 10 1547 1546
f 10 1546 1606
f 10 1606 1661
f 10 1661 1660
f 10 1660 1696
f 10 1696 1699
f 10 1699 1698
f 10 1698 1697
f 10 1697 1695
f 10 1695 1692
f 10 1692 1652
f 10 1652 1651
f 10 1651 1691
f 10 1691 1649
f 10 1649 1648
f 10 1648 1690
f 10 1690 1687
f 10 1687 1686
f 10 1686 1684
f 10 1684 1683
f 10 1683 1682
f 10 1682 1681
f 10 1681 1662
f 10 1662 1609
f 10 1609 1553
f 10 1553 1471
f 10 1471 1470
f 10 1470 1469
f 10 1469 1467
f 10 1467 1358
f 10 1358 1357
f 10 1357 1356
f 10 1356 1355
f 10 1355 1353
f 10 1353 1240
f 10 1240 1239
f 10 1239 1104
f 10 1104 1103
f 10 1103 1102
f 10 1102 997
f 10 997 886
f 10 886 883
f 10 883 777
f 10 777 776
f 10 776 784
f 10 784 783
f 10 783 782
f 10 782 781
f 10 781 780
f 10 780 779
f 10 779 775
f 10 775 667
f 10 667 666
f 10 666 587
f 10 587 494
f 10 494 409
f 10 409 408
f 10 408 406
f 10 406 331
f 10 331 275
f 10 275 274
f 10 274 273
f 10 273 272
f 10 272 190
f 10 190 122
f 10 122 69
f 10 69 68
f 10 68 67
f 10 67 31
f 10 31 30
f 10 30 11
f 11 30 12
f 12 30 13
f 13 30 31
f 13 31 32
f 13 32 33
f 13 33 34
f 13 34 14
f 14 35 36
f 14 36 37
f 14 37 38
f 14 38 39
f 14 34 35
f 15 39 38
f 15 38 40
f 15 40 41
f 15 41 16
f 16 42 43
f 16 43 18
f 16 41 44
f 16 44 45
f 16 45 46
f 16 46 47
f 16 47 42
f 17 18 48
f 17 48 49
f 17 49 22
f 18 43 50
f 18 50 48
f 19 29 51
f 19 51 52
f 19 52 53
f 19 53 54
f 19 54 55
f 19 55 20
f 22 49 23
f 23 56 57
f 23 57 58
f 23 58 24
f 23 49 48
f 23 48 56
f 24 58 59
f 24 59 25
f 25 59 26
f 26 59 27
f 27 59 60
f 27 60 61
f 27 61 28
f 28 61 29
f 29 61 62
f 29 62 63
f 29 63 64
f 29 64 65
f 29 65 66
f 29 66 51
f 31 67 33
f 31 33 32
f 33 68 69
f 33 69 70
f 33 70 71
f 33 71 72
f 33 72 73
f 33 73 34
f 33 67 68
f 34 73 74
f 34 74 75
f 34 75 76
f 34 76 77
f 34 77 79
f 34 79 78
f 34 78 35
f 35 78 79
f 35 79 36
f 36 79 37
f 37 79 38
f 38 79 80
f 38 80 46
f 38 46 81
f 38 81 44
f 38 44 40
f 40 44 41
f 42 82 43
f 42 47 83
f 42 83 82
f 43 82 84
f 43 84 85
f 43 85 50
f 44 81 46
f 44 46 86
f 44 86 45
f 45 86 46
f 46 80 87
f 46 87 47
f 47 87 88
f 47 88 89
f 47 89 90
f 47 90 91
f 47 91 92
f 47 92 93
f 47 93 83
f 48 50 94
f 48 94 56
f 50 85 95
f 50 95 94
f 51 66 96
f 51 96 52
f 52 97 53
f 52 96 97
f 56 94 57
f 57 94 98
f 57 98 99
f 57 99 100
f 57 100 101
f 57 101 102
f 57 102 58
f 58 102 59
f 59 102 103
f 59 103 104
f 59 104 105
f 59 105 106
f 59 106 60
f 60 106 62
f 60 62 61
f 62 106 107
f 62 107 108
f 62 108 109
f 62 109 110
f 62 110 63
f 63 110 111
f 63 111 64
f 64 111 112
f 64 112 65
f 65 112 113
f 65 113 66
f 66 114 115
f 66 115 116
f 66 116 117
f 66 117 96
f 66 113 118
f 66 118 119
f 66 119 120
f 66 120 121
f 66 121 114
f 69 122 123
f 69 123 70
f 70 123 71
f 71 123 124
f 71 124 125
f 71 125 72
f 72 125 126
f 72 126 127
f 72 127 128
f 72 128 129
f 72 129 73
f 73 130 76
f 73 76 75
f 73 75 74
f 73 129 128
f 73 128 127
f 73 127 131
f 73 131 132
f 73 132 133
f 73 133 134
f 73 134 130
f 76 135 136
f 76 136 77
f 76 130 137
f 76 137 135
f 77 136 79
f 79 136 87
f 79 87 80
f 82 138 84
f 82 83 139
f 82 139 140
f 82 140 138
f 83 93 139
f 84 141 142
f 84 142 85
f 84 138 141
f 85 142 143
f 85 143 95
f 87 136 135
f 87 135 144
f 87 144 88
f 88 144 145
f 88 145 89
f 89 145 135
f 89 135 137
f 89 137 146
f 89 146 90
f 90 146 147
f 90 147 148
f 90 148 149
f 90 149 150
f 90 150 151
f 90 151 152
f 90 152 153
f 90 153 91
f 91 153 152
f 91 152 154
f 91 154 92
f 92 154 155
f 92 155 93
f 93 155 156
f 93 156 139
f 94 95 98
f 95 143 142
f 95 142 157
f 95 157 158
f 95 158 159
f 95 159 160
f 95 160 161
f 95 161 99
f 95 99 98
f 99 161 162
f 99 162 163
f 99 163 100
f 100 163 164
f 100 164 101
f 101 164 103
f 101 103 102
f 103 164 104
f 104 164 105
f 105 165 107
f 105 107 106
f 105 164 165
f 107 165 166
f 107 166 108
f 108 166 167
f 108 167 168
f 108 168 169
f 108 169 109
f 109 170 171
f 109 171 110
f 109 169 172
f 109 172 173
f 109 173 170
f 110 171 111
f 111 174 113
f 111 113 112
f 111 171 175
f 111 175 176
f 111 176 174
f 113 174 177
f 113 177 118
f 114 121 178
f 118 177 179
f 118 179 119
f 119 180 181
f 119 181 120
f 119 179 180
f 120 182 183
f 120 183 184
f 120 184 185
f 120 185 186
f 120 186 121
f 120 181 182
f 121 186 187
f 121 187 188
f 121 188 189
f 121 189 178
f 122 190 125
f 122 125 123
f 123 125 124
f 125 191 126
f 125 190 192
f 125 192 206
f 125 206 191
f 126 191 132
f 126 132 127
f 127 132 131
f 130 134 137
f 132 147 146
f 132 146 133
f 132 191 193
f 132 193 147
f 133 146 134
f 134 146 137
f 135 145 144
f 138 194 141
f 138 140 194
f 139 156 195
f 139 195 196
f 139 196 197
f 139 197 198
f 139 198 140
f 140 198 199
f 140 199 200
f 140 200 194
f 141 201 202
f 141 202 142
f 141 194 203
f 141 203 201
f 142 202 204
f 142 204 205
f 142 205 157
f 147 193 148
f 148 150 149
f 148 193 191
f 148 191 206
f 148 206 207
f 148 207 208
f 148 208 209
f 148 209 210
f 148 210 211
f 148 211 150
f 150 212 151
f 150 211 212
f 151 212 213
f 151 213 214
f 151 214 155
f 151 155 154
f 151 154 152
f 155 214 215
f 155 215 216
f 155 216 217
f 155 217 156
f 156 217 218
f 156 218 195
f 157 205 158
f 158 205 219
f 158 219 220
f 158 220 221
f 158 221 160
f 158 160 159
f 160 221 222
f 160 222 161
f 161 222 220
f 161 220 223
f 161 223 224
f 161 224 162
f 162 225 226
f 162 226 227
f 162 227 228
f 162 228 229
f 162 229 230
f 162 230 164
f 162 164 163
f 162 224 223
f 162 223 231
f 162 231 225
f 164 230 229
f 164 229 232
f 164 232 165
f 165 232 233
f 165 233 234
f 165 234 166
f 166 234 235
f 166 235 236
f 166 236 167
f 167 236 237
f 167 237 168
f 168 237 249
f 168 249 238
f 168 238 172
f 168 172 169
f 170 239 171
f 170 173 239
f 171 240 175
f 171 239 241
f 171 241 242
f 171 242 243
f 171 243 244
f 171 244 245
f 171 245 246
f 171 246 247
f 171 247 257
f 171 257 240
f 172 238 248
f 172 248 173
f 173 248 249
f 173 249 250
f 173 250 251
f 173 251 252
f 173 252 253
f 173 253 254
f 173 254 255
f 173 255 256
f 173 256 241
f 173 241 239
f 174 176 177
f 175 240 257
f 175 257 176
f 176 179 177
f 176 257 180
f 176 180 179
f 180 257 247
f 180 247 181
f 181 247 182
f 182 247 183
f 183 258 259
f 183 259 260
f 183 260 254
f 183 254 261
f 183 261 262
f 183 262 263
f 183 263 184
f 183 247 246
f 183 246 245
f 183 245 258
f 184 263 264
f 184 264 265
f 184 265 185
f 185 265 266
f 185 266 267
f 185 267 268
f 185 268 269
f 185 269 186
f 186 269 270
f 186 270 271
f 186 271 187
f 187 271 188
f 190 272 192
f 192 273 274
f 192 274 275
f 192 275 276
f 192 276 277
f 192 277 206
f 192 272 273
f 194 200 203
f 195 218 196
f 196 218 278
f 196 278 279
f 196 279 198
f 196 198 197
f 198 279 199
f 199 279 280
f 199 280 281
f 199 281 200
f 200 281 203
f 201 282 283
f 201 283 202
f 201 203 284
f 201 284 285
f 201 285 286
f 201 286 282
f 202 283 287
f 202 287 288
f 202 288 204
f 203 281 284
f 204 288 219
f 204 219 205
f 206 277 289
f 206 289 290
f 206 290 291
f 206 291 207
f 207 291 208
f 208 291 290
f 208 290 209
f 209 290 292
f 209 292 210
f 210 292 211
f 211 292 293
f 211 293 294
f 211 294 295
f 211 295 296
f 211 296 297
f 211 297 298
f 211 298 299
f 211 299 212
f 212 299 213
f 213 299 300
f 213 300 301
f 213 301 302
f 213 302 303
f 213 303 214
f 214 303 304
f 214 304 216
f 214 216 215
f 216 304 305
f 216 305 217
f 217 305 218
f 218 305 278
f 219 288 306
f 219 306 307
f 219 307 308
f 219 308 223
f 219 223 220
f 220 222 221
f 223 308 309
f 223 309 310
f 223 310 311
f 223 311 229
f 223 229 225
f 223 225 231
f 225 229 226
f 226 229 227
f 227 229 228
f 229 311 232
f 232 311 233
f 233 311 234
f 234 311 235
f 235 311 312
f 235 312 313
f 235 313 236
f 236 313 251
f 236 251 249
f 236 249 237
f 238 249 248
f 241 256 242
f 242 256 243
f 243 256 314
f 243 314 245
f 243 245 244
f 245 314 258
f 249 251 250
f 251 313 253
f 251 253 252
f 253 313 315
f 253 315 254
f 254 260 314
f 254 314 255
f 254 315 316
f 254 316 261
f 255 314 256
f 258 314 259
f 259 314 260
f 261 316 262
f 262 316 317
f 262 317 263
f 263 317 264
f 264 317 318
f 264 318 265
f 265 318 319
f 265 319 266
f 266 320 267
f 266 319 320
f 267 321 322
f 267 322 268
f 267 320 323
f 267 323 324
f 267 324 325
f 267 325 326
f 267 326 327
f 267 327 321
f 268 322 328
f 268 328 329
f 268 329 269
f 269 329 270
f 275 330 276
f 275 331 332
f 275 332 333
f 275 333 334
f 275 334 335
f 275 335 330
f 276 330 336
f 276 336 277
f 277 336 289
f 278 305 304
f 278 304 337
f 278 337 280
f 278 280 279
f 280 337 281
f 281 337 284
f 282 286 285
f 282 285 338
f 282 338 339
f 282 339 340
f 282 340 283
f 283 340 287
f 284 337 341
f 284 341 342
f 284 342 343
f 284 343 285
f 285 344 338
f 285 343 344
f 287 340 345
f 287 345 346
f 287 346 288
f 288 346 347
f 288 347 306
f 289 348 349
f 289 349 350
f 289 350 351
f 289 351 352
f 289 352 353
f 289 353 292
f 289 292 290
f 289 336 354
f 289 354 348
f 292 353 293
f 293 353 355
f 293 355 294
f 294 355 356
f 294 356 295
f 295 356 357
f 295 357 298
f 295 298 296
f 296 298 297
f 298 357 358
f 298 358 359
f 298 359 360
f 298 360 299
f 299 360 361
f 299 361 362
f 299 362 300
f 300 363 301
f 300 362 364
f 300 364 363
f 301 363 365
f 301 365 302
f 302 365 366
f 302 366 367
f 302 367 368
f 302 368 303
f 303 368 304
f 304 368 337
f 306 369 370
f 306 370 307
f 306 347 346
f 306 346 345
f 306 345 371
f 306 371 369
f 307 370 308
f 308 370 372
f 308 372 309
f 309 372 310
f 310 373 311
f 310 372 374
f 310 374 375
f 310 375 373
f 311 376 312
f 311 373 377
f 311 377 378
f 311 378 376
f 312 376 379
f 312 379 313
f 313 380 381
f 313 381 382
f 313 382 383
f 313 383 384
f 313 384 315
f 313 379 380
f 315 384 385
f 315 385 317
f 315 317 316
f 317 385 386
f 317 386 387
f 317 387 388
f 317 388 389
f 317 389 390
f 317 390 391
f 317 391 318
f 318 391 390
f 318 390 392
f 318 392 319
f 319 324 323
f 319 323 320
f 319 392 393
f 319 393 394
f 319 394 395
f 319 395 324
f 324 395 325
f 325 395 396
f 325 396 397
f 325 397 326
f 326 397 398
f 326 398 399
f 326 399 400
f 326 400 401
f 326 401 402
f 326 402 403
f 326 403 404
f 326 404 327
f 330 335 405
f 330 405 336
f 331 406 332
f 332 350 407
f 332 407 333
f 332 406 408
f 332 408 409
f 332 409 410
f 332 410 411
f 332 411 412
f 332 412 350
f 333 407 334
f 334 407 335
f 335 407 405
f 336 405 348
f 336 348 354
f 337 368 367
f 337 367 413
f 337 413 341
f 338 344 414
f 338 414 339
f 339 415 416
f 339 416 371
f 339 371 345
f 339 345 340
f 339 414 417
f 339 417 418
f 339 418 415
f 341 413 342
f 342 413 419
f 342 419 343
f 343 419 420
f 343 420 344
f 344 417 414
f 344 420 417
f 348 405 407
f 348 407 421
f 348 421 349
f 349 421 422
f 349 422 350
f 350 422 407
f 350 412 423
f 350 423 351
f 351 424 425
f 351 425 352
f 351 423 412
f 351 412 424
f 352 425 426
f 352 426 353
f 353 426 355
f 355 426 356
f 356 426 357
f 357 427 358
f 357 426 428
f 357 428 429
f 357 429 430
f 357 430 431
f 357 431 427
f 358 427 359
f 359 427 432
f 359 432 433
f 359 433 434
f 359 434 435
f 359 435 436
f 359 436 437
f 359 437 438
f 359 438 364
f 359 364 362
f 359 362 360
f 360 362 361
f 363 364 365
f 364 438 439
f 364 439 440
f 364 440 365
f 365 441 366
f 365 440 441
f 366 441 439
f 366 439 442
f 366 442 443
f 366 443 444
f 366 444 413
f 366 413 367
f 369 445 446
f 369 446 370
f 369 371 416
f 369 416 415
f 369 415 418
f 369 418 417
f 369 417 447
f 369 447 445
f 370 446 448
f 370 448 449
f 370 449 450
f 370 450 372
f 372 450 374
f 373 375 378
f 373 378 377
f 374 450 375
f 375 450 378
f 376 451 379
f 376 378 452
f 376 452 451
f 378 450 452
f 379 451 453
f 379 453 454
f 379 454 455
f 379 455 456
f 379 456 380
f 380 456 381
f 381 456 382
f 382 456 455
f 382 455 457
f 382 457 458
f 382 458 459
f 382 459 384
f 382 384 383
f 384 459 460
f 384 460 461
f 384 461 462
f 384 462 463
f 384 463 464
f 384 464 465
f 384 465 466
f 384 466 385
f 385 466 467
f 385 467 386
f 386 467 468
f 386 468 469
f 386 469 387
f 387 469 470
f 387 470 388
f 388 470 469
f 388 469 567
f 388 567 471
f 388 471 395
f 388 395 389
f 389 395 394
f 389 394 390
f 390 393 392
f 390 394 393
f 395 471 472
f 395 472 473
f 395 473 474
f 395 474 396
f 396 474 475
f 396 475 476
f 396 476 477
f 396 477 478
f 396 478 397
f 397 478 398
f 398 478 399
f 399 479 480
f 399 480 481
f 399 481 482
f 399 482 483
f 399 483 484
f 399 484 485
f 399 485 486
f 399 486 400
f 399 478 477
f 399 477 487
f 399 487 488
f 399 488 489
f 399 489 479
f 400 486 490
f 400 490 491
f 400 491 492
f 400 492 493
f 400 493 401
f 407 422 421
f 409 494 410
f 410 494 411
f 411 494 495
f 411 495 496
f 411 496 497
f 411 497 498
f 411 498 499
f 411 499 500
f 411 500 501
f 411 501 502
f 411 502 503
f 411 503 412
f 412 503 504
f 412 504 505
f 412 505 506
f 412 506 507
f 412 507 508
f 412 508 424
f 413 444 419
f 417 420 447
f 419 444 509
f 419 509 510
f 419 510 511
f 419 511 512
f 419 512 420
f 420 512 513
f 420 513 447
f 424 508 425
f 425 514 426
f 425 508 507
f 425 507 506
f 425 506 515
f 425 515 516
f 425 516 517
f 425 517 518
f 425 518 514
f 426 514 519
f 426 519 520
f 426 520 428
f 427 431 433
f 427 433 432
f 428 521 429
f 428 520 521
f 429 521 430
f 430 521 522
f 430 522 431
f 431 522 523
f 431 523 433
f 433 524 434
f 433 523 525
f 433 525 526
f 433 526 524
f 434 524 435
f 435 524 436
f 436 524 527
f 436 527 437
f 437 527 438
f 438 528 529
f 438 529 530
f 438 530 439
f 438 527 531
f 438 531 532
f 438 532 533
f 438 533 534
f 438 534 535
f 438 535 528
f 439 530 442
f 439 441 440
f 442 530 443
f 443 530 536
f 443 536 444
f 444 536 537
f 444 537 509
f 445 447 513
f 445 513 538
f 445 538 539
f 445 539 540
f 445 540 446
f 446 540 448
f 448 540 541
f 448 541 542
f 448 542 449
f 449 542 450
f 450 543 544
f 450 544 545
f 450 545 546
f 450 546 547
f 450 547 548
f 450 548 457
f 450 457 452
f 450 542 549
f 450 549 543
f 451 452 453
f 452 457 454
f 452 454 453
f 454 457 455
f 457 548 550
f 457 550 458
f 458 550 551
f 458 551 460
f 458 460 459
f 460 551 552
f 460 552 462
f 460 462 461
f 462 553 463
f 462 552 553
f 463 553 554
f 463 554 555
f 463 555 556
f 463 556 557
f 463 557 464
f 464 557 558
f 464 558 559
f 464 559 465
f 465 557 560
f 465 560 561
f 465 561 562
f 465 562 466
f 465 559 557
f 466 562 563
f 466 563 564
f 466 564 467
f 467 564 565
f 467 565 566
f 467 566 472
f 467 472 468
f 468 472 469
f 469 472 567
f 471 567 472
f 472 565 475
f 472 475 473
f 472 566 565
f 473 475 474
f 475 565 568
f 475 568 569
f 475 569 570
f 475 570 487
f 475 487 476
f 476 487 477
f 479 571 480
f 479 489 571
f 480 572 481
f 480 571 573
f 480 573 574
f 480 574 575
f 480 575 576
f 480 576 572
f 481 572 577
f 481 577 578
f 481 578 482
f 482 578 579
f 482 579 483
f 483 579 580
f 483 580 581
f 483 581 582
f 483 582 583
f 483 583 584
f 483 584 585
f 483 585 484
f 487 570 489
f 487 489 488
f 489 570 563
f 489 563 586
f 489 586 571
f 494 587 495
f 495 587 588
f 495 588 496
f 496 588 497
f 497 588 498
f 498 588 589
f 498 589 590
f 498 590 591
f 498 591 592
f 498 592 593
f 498 593 594
f 498 594 499
f 499 594 595
f 499 595 500
f 500 595 501
f 501 595 502
f 502 595 503
f 503 595 592
f 503 592 504
f 504 592 596
f 504 596 505
f 505 596 597
f 505 597 516
f 505 516 515
f 505 515 506
f 509 537 510
f 510 537 536
f 510 536 598
f 510 598 511
f 511 598 539
f 511 539 512
f 512 539 538
f 512 538 513
f 514 518 519
f 516 597 517
f 517 597 596
f 517 596 599
f 517 599 600
f 517 600 519
f 517 519 518
f 519 600 520
f 520 600 521
f 521 601 522
f 521 600 599
f 521 599 602
f 521 602 603
f 521 603 601
f 522 601 604
f 522 604 523
f 523 604 525
f 524 605 527
f 524 526 606
f 524 606 605
f 525 604 607
f 525 607 526
f 526 607 608
f 526 608 609
f 526 609 610
f 526 610 606
f 527 605 531
f 528 535 598
f 528 598 529
f 529 536 530
f 529 598 536
f 531 605 532
f 532 605 533
f 533 605 534
f 534 605 611
f 534 611 598
f 534 598 535
f 539 598 612
f 539 612 613
f 539 613 614
f 539 614 615
f 539 615 540
f 540 615 541
f 541 615 616
f 541 616 623
f 541 623 617
f 541 617 542
f 542 617 618
f 542 618 549
f 543 549 618
f 543 618 544
f 544 618 545
f 545 619 620
f 545 620 621
f 545 621 622
f 545 622 546
f 545 618 617
f 545 617 623
f 545 623 624
f 545 624 619
f 546 622 625
f 546 625 547
f 547 626 627
f 547 627 548
f 547 625 628
f 547 628 626
f 548 627 550
f 550 627 629
f 550 629 630
f 550 630 551
f 551 630 552
f 552 630 553
f 553 630 629
f 553 629 554
f 554 629 631
f 554 631 632
f 554 632 555
f 555 632 556
f 556 633 634
f 556 634 635
f 556 635 636
f 556 636 563
f 556 563 637
f 556 637 561
f 556 561 560
f 556 560 557
f 556 632 633
f 557 559 558
f 561 637 562
f 562 637 563
f 563 638 586
f 563 570 569
f 563 569 564
f 563 636 638
f 564 569 568
f 564 568 565
f 571 639 640
f 571 640 641
f 571 641 642
f 571 642 573
f 571 586 639
f 572 576 577
f 573 642 643
f 573 643 644
f 573 644 574
f 574 645 575
f 574 644 646
f 574 646 645
f 575 645 647
f 575 647 648
f 575 648 576
f 576 649 650
f 576 650 651
f 576 651 652
f 576 652 653
f 576 653 654
f 576 654 655
f 576 655 577
f 576 648 656
f 576 656 657
f 576 657 658
f 576 658 649
f 577 655 578
f 578 655 654
f 578 654 653
f 578 653 659
f 578 659 579
f 579 659 653
f 579 653 660
f 579 660 661
f 579 661 662
f 579 662 580
f 580 662 581
f 581 662 663
f 586 638 664
f 586 664 665
f 586 665 640
f 586 640 639
f 587 666 588
f 588 666 667
f 588 667 668
f 588 668 669
f 588 669 589
f 589 669 668
f 589 668 670
f 589 670 671
f 589 671 672
f 589 672 590
f 590 672 670
f 590 670 673
f 590 673 674
f 590 674 675
f 590 675 676
f 590 676 677
f 590 677 678
f 590 678 679
f 590 679 591
f 591 680 592
f 591 679 680
f 592 594 593
f 592 680 681
f 592 681 596
f 592 595 594
f 596 681 599
f 598 611 682
f 598 682 683
f 598 683 684
f 598 684 612
f 599 681 602
f 601 685 604
f 601 603 686
f 601 686 685
f 602 687 688
f 602 688 603
f 602 681 680
f 602 680 679
f 602 679 689
f 602 689 690
f 602 690 687
f 603 688 691
f 603 691 686
f 604 685 607
f 605 606 692
f 605 692 693
f 605 693 694
f 605 694 695
f 605 695 696
f 605 696 611
f 606 610 697
f 606 697 698
f 606 698 692
f 607 685 699
f 607 699 608
f 608 699 700
f 608 700 701
f 608 701 609
f 609 701 702
f 609 702 703
f 609 703 610
f 610 703 697
f 611 696 704
f 611 704 705
f 611 705 706
f 611 706 707
f 611 707 708
f 611 708 709
f 611 709 710
f 611 710 838
f 611 838 711
f 611 711 712
f 611 712 682
f 612 684 805
f 612 805 713
f 612 713 714
f 612 714 717
f 612 717 715
f 612 715 613
f 613 716 719
f 613 719 614
f 613 715 717
f 613 717 718
f 613 718 716
f 614 719 615
f 615 719 720
f 615 720 616
f 616 720 624
f 616 624 623
f 619 721 620
f 619 624 721
f 620 721 722
f 620 722 723
f 620 723 724
f 620 724 725
f 620 725 621
f 621 725 625
f 621 625 622
f 624 720 719
f 624 719 716
f 624 716 721
f 625 726 727
f 625 727 628
f 625 725 724
f 625 724 726
f 626 728 729
f 626 729 627
f 626 628 728
f 627 729 730
f 627 730 629
f 628 727 731
f 628 731 732
f 628 732 728
f 629 733 732
f 629 732 734
f 629 734 631
f 629 730 729
f 629 729 733
f 631 734 632
f 632 734 633
f 633 734 732
f 633 732 731
f 633 731 735
f 633 735 736
f 633 736 634
f 634 665 664
f 634 664 636
f 634 636 635
f 634 736 641
f 634 641 665
f 636 664 638
f 640 665 641
f 641 736 642
f 642 737 643
f 642 736 735
f 642 735 737
f 643 737 738
f 643 738 644
f 644 739 740
f 644 740 646
f 644 738 741
f 644 741 739
f 645 742 647
f 645 646 743
f 645 743 744
f 645 744 742
f 646 740 745
f 646 745 743
f 647 746 747
f 647 747 649
f 647 649 658
f 647 658 657
f 647 657 648
f 647 742 744
f 647 744 748
f 647 748 746
f 648 657 656
f 649 747 650
f 650 747 652
f 650 652 651
f 652 749 653
f 652 747 750
f 652 750 749
f 653 749 751
f 653 751 660
f 660 752 661
f 660 751 752
f 661 753 754
f 661 754 662
f 661 752 755
f 661 755 756
f 661 756 757
f 661 757 758
f 661 758 759
f 661 759 760
f 661 760 761
f 661 761 762
f 661 762 763
f 661 763 764
f 661 764 765
f 661 765 753
f 662 766 767
f 662 767 768
f 662 768 769
f 662 769 663
f 662 754 770
f 662 770 771
f 662 771 772
f 662 772 773
f 662 773 774
f 662 774 766
f 667 775 668
f 668 776 777
f 668 777 778
f 668 778 785
f 668 785 670
f 668 775 779
f 668 779 780
f 668 780 781
f 668 781 782
f 668 782 783
f 668 783 784
f 668 784 776
f 670 785 673
f 670 672 671
f 673 785 786
f 673 786 787
f 673 787 788
f 673 788 789
f 673 789 790
f 673 790 791
f 673 791 792
f 673 792 674
f 674 792 675
f 675 792 793
f 675 793 676
f 676 793 677
f 677 793 794
f 677 794 795
f 677 795 678
f 678 795 689
f 678 689 679
f 682 712 796
f 682 796 797
f 682 797 683
f 683 797 798
f 683 798 799
f 683 799 800
f 683 800 801
f 683 801 684
f 684 801 802
f 684 802 803
f 684 803 804
f 684 804 805
f 685 686 806
f 685 806 700
f 685 700 699
f 686 691 806
f 687 690 688
f 688 690 689
f 688 689 807
f 688 807 808
f 688 808 809
f 688 809 810
f 688 810 794
f 688 794 811
f 688 811 812
f 688 812 813
f 688 813 814
f 688 814 691
f 689 795 808
f 689 808 807
f 691 814 806
f 692 698 815
f 692 815 816
f 692 816 693
f 693 817 694
f 693 816 818
f 693 818 817
f 694 817 819
f 694 819 820
f 694 820 696
f 694 696 695
f 696 820 704
f 697 703 821
f 697 821 698
f 698 821 822
f 698 822 815
f 700 823 824
f 700 824 825
f 700 825 701
f 700 806 814
f 700 814 823
f 701 825 702
f 702 825 826
f 702 826 703
f 703 826 827
f 703 827 821
f 704 820 819
f 704 819 828
f 704 828 705
f 705 828 829
f 705 829 830
f 705 830 831
f 705 831 706
f 706 831 832
f 706 832 833
f 706 833 834
f 706 834 707
f 707 834 835
f 707 835 836
f 707 836 837
f 707 837 708
f 708 837 709
f 709 837 710
f 710 837 838
f 711 838 839
f 711 839 712
f 712 839 796
f 713 840 714
f 713 805 841
f 713 841 842
f 713 842 922
f 713 922 840
f 714 840 845
f 714 845 843
f 714 843 717
f 716 718 721
f 717 843 844
f 717 844 718
f 718 844 721
f 721 844 843
f 721 843 845
f 721 845 846
f 721 846 722
f 722 846 723
f 723 846 724
f 724 846 726
f 726 846 847
f 726 847 848
f 726 848 849
f 726 849 727
f 727 849 731
f 728 732 729
f 729 732 733
f 731 849 741
f 731 741 850
f 731 850 735
f 735 850 741
f 735 741 851
f 735 851 852
f 735 852 737
f 737 852 851
f 737 851 853
f 737 853 741
f 737 741 738
f 739 741 854
f 739 854 855
f 739 855 740
f 740 855 745
f 741 853 851
f 741 849 856
f 741 856 847
f 741 847 857
f 741 857 748
f 741 748 744
f 741 744 743
f 741 743 855
f 741 855 854
f 743 745 855
f 746 748 858
f 746 858 859
f 746 859 860
f 746 860 861
f 746 861 750
f 746 750 747
f 748 857 858
f 749 750 862
f 749 862 751
f 750 863 862
f 750 861 863
f 751 862 752
f 752 862 864
f 752 864 865
f 752 865 756
f 752 756 755
f 753 765 866
f 753 866 867
f 753 867 868
f 753 868 754
f 754 868 770
f 756 758 757
f 756 865 869
f 756 869 870
f 756 870 871
f 756 871 872
f 756 872 873
f 756 873 759
f 756 759 758
f 759 873 760
f 760 874 875
f 760 875 876
f 760 876 761
f 760 873 877
f 760 877 874
f 761 876 762
f 762 878 879
f 762 879 880
f 762 880 881
f 762 881 866
f 762 866 764
f 762 764 763
f 762 876 878
f 764 866 765
f 770 868 882
f 777 883 778
f 778 884 885
f 778 885 785
f 778 883 886
f 778 886 887
f 778 887 884
f 785 888 786
f 785 885 888
f 786 888 787
f 787 889 890
f 787 890 891
f 787 891 788
f 787 888 885
f 787 885 892
f 787 892 893
f 787 893 894
f 787 894 895
f 787 895 896
f 787 896 889
f 788 891 897
f 788 897 898
f 788 898 899
f 788 899 900
f 788 900 901
f 788 901 902
f 788 902 789
f 789 902 903
f 789 903 790
f 790 903 791
f 791 903 904
f 791 904 792
f 792 904 905
f 792 905 906
f 792 906 907
f 792 907 793
f 793 907 794
f 794 907 908
f 794 908 909
f 794 909 811
f 794 810 795
f 795 810 808
f 796 910 911
f 796 911 797
f 796 839 912
f 796 912 910
f 797 911 913
f 797 913 914
f 797 914 798
f 798 914 915
f 798 915 916
f 798 916 799
f 799 916 800
f 800 916 801
f 801 916 917
f 801 917 802
f 802 917 803
f 803 917 918
f 803 918 804
f 804 918 919
f 804 919 920
f 804 920 921
f 804 921 922
f 804 922 842
f 804 842 841
f 804 841 805
f 808 810 809
f 811 909 923
f 811 923 812
f 812 924 925
f 812 925 813
f 812 923 924
f 813 925 824
f 813 824 823
f 813 823 814
f 815 926 818
f 815 818 816
f 815 822 927
f 815 927 926
f 817 928 929
f 817 929 930
f 817 930 931
f 817 931 819
f 817 818 932
f 817 932 933
f 817 933 934
f 817 934 928
f 818 926 932
f 819 935 828
f 819 931 935
f 821 827 936
f 821 936 822
f 822 936 937
f 822 937 1027
f 822 1027 927
f 824 938 827
f 824 827 826
f 824 826 825
f 824 925 939
f 824 939 938
f 827 938 936
f 828 935 940
f 828 940 829
f 829 940 941
f 829 941 942
f 829 942 943
f 829 943 830
f 830 944 831
f 830 943 945
f 830 945 944
f 831 946 947
f 831 947 832
f 831 944 946
f 832 947 948
f 832 948 833
f 833 948 949
f 833 949 950
f 833 950 834
f 834 950 951
f 834 951 952
f 834 952 953
f 834 953 835
f 835 953 836
f 836 953 837
f 837 953 954
f 837 954 955
f 837 955 838
f 838 955 839
f 839 955 956
f 839 956 912
f 840 957 845
f 840 922 957
f 845 957 958
f 845 958 846
f 846 958 922
f 846 922 847
f 847 856 848
f 847 922 959
f 847 959 857
f 848 856 849
f 857 959 960
f 857 960 858
f 858 960 859
f 859 961 918
f 859 918 962
f 859 962 860
f 859 960 961
f 860 963 861
f 860 962 964
f 860 964 916
f 860 916 915
f 860 915 963
f 861 864 863
f 861 963 965
f 861 965 966
f 861 966 967
f 861 967 864
f 862 863 864
f 864 967 968
f 864 968 969
f 864 969 865
f 865 968 869
f 865 969 968
f 866 881 970
f 866 970 867
f 867 971 972
f 867 972 973
f 867 973 974
f 867 974 975
f 867 975 976
f 867 976 977
f 867 977 978
f 867 978 979
f 867 979 980
f 867 980 981
f 867 981 982
f 867 982 983
f 867 983 984
f 867 984 868
f 867 970 971
f 868 984 882
f 869 968 985
f 869 985 871
f 869 871 870
f 871 873 872
f 871 985 986
f 871 986 987
f 871 987 988
f 871 988 989
f 871 989 873
f 873 989 877
f 874 989 875
f 874 877 989
f 875 989 876
f 876 989 990
f 876 990 991
f 876 991 992
f 876 992 878
f 878 993 879
f 878 992 994
f 878 994 993
f 879 993 995
f 879 995 880
f 880 995 970
f 880 970 881
f 884 996 892
f 884 892 885
f 884 887 886
f 884 886 996
f 886 997 996
f 889 998 890
f 889 896 998
f 890 998 897
f 890 897 891
f 892 999 893
f 892 996 1000
f 892 1000 1001
f 892 1001 1002
f 892 1002 1003
f 892 1003 999
f 893 999 894
f 894 1004 1005
f 894 1005 1006
f 894 1006 895
f 894 999 1003
f 894 1003 1007
f 894 1007 1004
f 895 1008 896
f 895 1006 1009
f 895 1009 1010
f 895 1010 1008
f 896 1008 998
f 897 998 1011
f 897 1011 1010
f 897 1010 1012
f 897 1012 1013
f 897 1013 898
f 898 1013 1014
f 898 1014 899
f 899 1014 1016
f 899 1016 900
f 900 1015 901
f 900 1016 1015
f 901 1015 902
f 902 1015 1017
f 902 1017 924
f 902 924 903
f 903 924 904
f 904 908 907
f 904 907 906
f 904 906 905
f 904 924 923
f 904 923 908
f 908 923 909
f 910 1018 1019
f 910 1019 911
f 910 912 956
f 910 956 1018
f 911 1019 1020
f 911 1020 1021
f 911 1021 1022
f 911 1022 914
f 911 914 913
f 914 1022 965
f 914 965 915
f 915 965 963
f 916 964 962
f 916 962 918
f 916 918 917
f 918 961 920
f 918 920 919
f 920 960 959
f 920 959 921
f 920 961 960
f 921 959 922
f 922 958 957
f 924 1017 939
f 924 939 925
f 926 1023 1042
f 926 1042 1024
f 926 1024 1025
f 926 1025 1026
f 926 1026 932
f 926 927 1029
f 926 1029 1023
f 927 1027 1028
f 927 1028 1029
f 928 1030 929
f 928 934 1031
f 928 1031 1032
f 928 1032 1033
f 928 1033 1030
f 929 1034 930
f 929 1030 1035
f 929 1035 1036
f 929 1036 1037
f 929 1037 1038
f 929 1038 1034
f 930 1034 1039
f 930 1039 1040
f 930 1040 931
f 931 1040 1041
f 931 1041 940
f 931 940 935
f 932 1026 933
f 933 1026 1025
f 933 1025 1024
f 933 1024 1042
f 933 1042 934
f 934 1042 1043
f 934 1043 1044
f 934 1044 1045
f 934 1045 1046
f 934 1046 1047
f 934 1047 1031
f 936 938 1048
f 936 1048 1049
f 936 1049 937
f 937 1049 1050
f 937 1050 1027
f 938 939 1051
f 938 1051 1048
f 939 1017 1051
f 940 1041 1052
f 940 1052 941
f 941 1052 1053
f 941 1053 942
f 942 1053 1054
f 942 1054 1055
f 942 1055 943
f 943 1055 1056
f 943 1056 1057
f 943 1057 945
f 944 945 947
f 944 947 946
f 945 1058 947
f 945 1057 1059
f 945 1059 1060
f 945 1060 1061
f 945 1061 1062
f 945 1062 1063
f 945 1063 1058
f 947 1063 1064
f 947 1064 948
f 947 1058 1063
f 948 1065 1066
f 948 1066 949
f 948 1064 1065
f 949 1066 950
f 950 1066 1067
f 950 1067 951
f 951 1067 1068
f 951 1068 1069
f 951 1069 1070
f 951 1070 1071
f 951 1071 952
f 952 1071 953
f 953 1071 1072
f 953 1072 1073
f 953 1073 1074
f 953 1074 954
f 954 1075 1076
f 954 1076 1077
f 954 1077 956
f 954 956 955
f 954 1074 1075
f 956 1077 1018
f 965 1078 967
f 965 967 966
f 965 1022 1078
f 967 1078 968
f 968 1078 1079
f 968 1079 1080
f 968 1080 1081
f 968 1081 985
f 970 995 1082
f 970 1082 1083
f 970 1083 1084
f 970 1084 971
f 971 1084 1085
f 971 1085 972
f 972 1086 1087
f 972 1087 1088
f 972 1088 1089
f 972 1089 974
f 972 974 973
f 972 1085 1086
f 974 1089 1090
f 974 1090 976
f 974 976 975
f 976 1090 1091
f 976 1091 977
f 977 1091 1092
f 977 1092 978
f 985 1081 1093
f 985 1093 986
f 986 1093 1094
f 986 1094 1095
f 986 1095 987
f 987 1095 991
f 987 991 988
f 988 991 989
f 989 991 990
f 991 1095 992
f 992 1095 1096
f 992 1096 1097
f 992 1097 994
f 993 1098 1099
f 993 1099 995
f 993 994 1098
f 994 1097 1100
f 994 1100 1101
f 994 1101 1098
f 995 1099 1082
f 996 997 1102
f 996 1102 1103
f 996 1103 1104
f 996 1104 1105
f 996 1105 1106
f 996 1106 1107
f 996 1107 1000
f 998 1008 1011
f 1000 1107 1001
f 1001 1107 1108
f 1001 1108 1109
f 1001 1109 1002
f 1002 1109 1110
f 1002 1110 1111
f 1002 1111 1112
f 1002 1112 1113
f 1002 1113 1114
f 1002 1114 1003
f 1003 1114 1115
f 1003 1115 1116
f 1003 1116 1117
f 1003 1117 1004
f 1003 1004 1007
f 1004 1117 1118
f 1004 1118 1119
f 1004 1119 1120
f 1004 1120 1005
f 1005 1009 1006
f 1005 1120 1119
f 1005 1119 1121
f 1005 1121 1010
f 1005 1010 1009
f 1008 1010 1011
f 1010 1121 1122
f 1010 1122 1123
f 1010 1123 1124
f 1010 1124 1125
f 1010 1125 1126
f 1010 1126 1012
f 1012 1126 1013
f 1013 1126 1127
f 1013 1127 1014
f 1014 1127 1128
f 1014 1128 1129
f 1014 1129 1016
f 1015 1016 1130
f 1015 1130 1131
f 1015 1131 1132
f 1015 1132 1017
f 1016 1129 1130
f 1017 1132 1051
f 1018 1077 1019
f 1019 1133 1134
f 1019 1134 1020
f 1019 1077 1135
f 1019 1135 1136
f 1019 1136 1133
f 1020 1134 1021
f 1021 1093 1137
f 1021 1137 1138
f 1021 1138 1022
f 1021 1134 1094
f 1021 1094 1093
f 1022 1138 1139
f 1022 1139 1140
f 1022 1140 1141
f 1022 1141 1078
f 1023 1142 1042
f 1023 1029 1148
f 1023 1148 1142
f 1027 1050 1143
f 1027 1143 1028
f 1028 1143 1144
f 1028 1144 1145
f 1028 1145 1146
f 1028 1146 1147
f 1028 1147 1148
f 1028 1148 1029
f 1030 1033 1149
f 1030 1149 1150
f 1030 1150 1035
f 1031 1047 1151
f 1031 1151 1032
f 1032 1151 1152
f 1032 1152 1033
f 1033 1152 1153
f 1033 1153 1149
f 1034 1038 1154
f 1034 1154 1155
f 1034 1155 1039
f 1035 1150 1037
f 1035 1037 1156
f 1035 1156 1036
f 1036 1156 1037
f 1037 1150 1157
f 1037 1157 1154
f 1037 1154 1038
f 1039 1155 1158
f 1039 1158 1159
f 1039 1159 1160
f 1039 1160 1040
f 1040 1160 1161
f 1040 1161 1053
f 1040 1053 1052
f 1040 1052 1041
f 1042 1142 1162
f 1042 1162 1163
f 1042 1163 1164
f 1042 1164 1165
f 1042 1165 1166
f 1042 1166 1167
f 1042 1167 1168
f 1042 1168 1043
f 1043 1168 1169
f 1043 1169 1045
f 1043 1045 1044
f 1045 1170 1171
f 1045 1171 1172
f 1045 1172 1046
f 1045 1169 1173
f 1045 1173 1170
f 1046 1172 1047
f 1047 1152 1151
f 1047 1172 1171
f 1047 1171 1174
f 1047 1174 1175
f 1047 1175 1176
f 1047 1176 1153
f 1047 1153 1152
f 1048 1051 1049
f 1049 1051 1050
f 1050 1051 1143
f 1051 1132 1177
f 1051 1177 1143
f 1053 1161 1178
f 1053 1178 1179
f 1053 1179 1054
f 1054 1179 1055
f 1055 1179 1056
f 1056 1179 1057
f 1057 1179 1059
f 1059 1179 1180
f 1059 1180 1181
f 1059 1181 1182
f 1059 1182 1061
f 1059 1061 1060
f 1061 1182 1183
f 1061 1183 1184
f 1061 1184 1185
f 1061 1185 1186
f 1061 1186 1062
f 1062 1187 1188
f 1062 1188 1063
f 1062 1186 1187
f 1063 1189 1190
f 1063 1190 1191
f 1063 1191 1064
f 1063 1188 1192
f 1063 1192 1193
f 1063 1193 1194
f 1063 1194 1195
f 1063 1195 1196
f 1063 1196 1197
f 1063 1197 1189
f 1064 1191 1065
f 1065 1191 1190
f 1065 1190 1197
f 1065 1197 1198
f 1065 1198 1199
f 1065 1199 1200
f 1065 1200 1066
f 1066 1200 1201
f 1066 1201 1068
f 1066 1068 1067
f 1068 1201 1202
f 1068 1202 1069
f 1069 1202 1070
f 1070 1202 1072
f 1070 1072 1071
f 1072 1202 1203
f 1072 1203 1204
f 1072 1204 1073
f 1073 1204 1074
f 1074 1204 1075
f 1075 1204 1076
f 1076 1204 1205
f 1076 1205 1206
f 1076 1206 1135
f 1076 1135 1077
f 1078 1141 1207
f 1078 1207 1080
f 1078 1080 1079
f 1080 1207 1208
f 1080 1208 1209
f 1080 1209 1081
f 1081 1209 1210
f 1081 1210 1137
f 1081 1137 1093
f 1082 1099 1098
f 1082 1098 1083
f 1083 1098 1211
f 1083 1211 1212
f 1083 1212 1213
f 1083 1213 1084
f 1084 1213 1211
f 1084 1211 1214
f 1084 1214 1215
f 1084 1215 1216
f 1084 1216 1217
f 1084 1217 1085
f 1085 1217 1218
f 1085 1218 1219
f 1085 1219 1220
f 1085 1220 1086
f 1086 1220 1348
f 1086 1348 1347
f 1086 1347 1221
f 1086 1221 1222
f 1086 1222 1223
f 1086 1223 1087
f 1087 1090 1088
f 1087 1223 1090
f 1088 1090 1089
f 1090 1223 1224
f 1090 1224 1225
f 1090 1225 1091
f 1091 1224 1226
f 1091 1226 1227
f 1091 1227 1228
f 1091 1228 1229
f 1091 1229 1230
f 1091 1230 1092
f 1091 1225 1224
f 1094 1134 1133
f 1094 1133 1231
f 1094 1231 1232
f 1094 1232 1095
f 1095 1232 1233
f 1095 1233 1205
f 1095 1205 1096
f 1096 1204 1203
f 1096 1203 1234
f 1096 1234 1235
f 1096 1235 1100
f 1096 1100 1236
f 1096 1236 1097
f 1096 1205 1204
f 1097 1236 1100
f 1098 1101 1214
f 1098 1214 1211
f 1100 1237 1101
f 1100 1235 1238
f 1100 1238 1237
f 1101 1237 1215
f 1101 1215 1214
f 1104 1239 1105
f 1105 1239 1240
f 1105 1240 1106
f 1106 1240 1241
f 1106 1241 1242
f 1106 1242 1107
f 1107 1242 1241
f 1107 1241 1243
f 1107 1243 1108
f 1108 1243 1244
f 1108 1244 1245
f 1108 1245 1246
f 1108 1246 1247
f 1108 1247 1112
f 1108 1112 1111
f 1108 1111 1110
f 1108 1110 1109
f 1112 1247 1248
f 1112 1248 1113
f 1113 1248 1249
f 1113 1249 1250
f 1113 1250 1251
f 1113 1251 1114
f 1114 1251 1115
f 1115 1251 1252
f 1115 1252 1253
f 1115 1253 1254
f 1115 1254 1255
f 1115 1255 1256
f 1115 1256 1116
f 1116 1256 1123
f 1116 1123 1257
f 1116 1257 1258
f 1116 1258 1117
f 1117 1258 1118
f 1118 1258 1119
f 1119 1122 1121
f 1119 1258 1122
f 1122 1257 1123
f 1122 1258 1257
f 1123 1256 1255
f 1123 1255 1259
f 1123 1259 1260
f 1123 1260 1261
f 1123 1261 1124
f 1124 1261 1262
f 1124 1262 1263
f 1124 1263 1264
f 1124 1264 1265
f 1124 1265 1266
f 1124 1266 1125
f 1125 1266 1267
f 1125 1267 1126
f 1126 1267 1268
f 1126 1268 1127
f 1127 1268 1128
f 1128 1268 1269
f 1128 1269 1270
f 1128 1270 1146
f 1128 1146 1129
f 1129 1271 1131
f 1129 1131 1130
f 1129 1146 1145
f 1129 1145 1144
f 1129 1144 1271
f 1131 1271 1132
f 1132 1271 1272
f 1132 1272 1273
f 1132 1273 1177
f 1133 1136 1274
f 1133 1274 1231
f 1135 1206 1136
f 1136 1206 1274
f 1137 1210 1138
f 1138 1210 1209
f 1138 1209 1139
f 1139 1209 1208
f 1139 1208 1140
f 1140 1208 1207
f 1140 1207 1141
f 1142 1148 1162
f 1143 1177 1273
f 1143 1273 1272
f 1143 1272 1271
f 1143 1271 1144
f 1146 1270 1147
f 1147 1270 1275
f 1147 1275 1276
f 1147 1276 1148
f 1148 1276 1165
f 1148 1165 1164
f 1148 1164 1163
f 1148 1163 1162
f 1149 1153 1150
f 1150 1153 1277
f 1150 1277 1278
f 1150 1278 1279
f 1150 1279 1157
f 1153 1176 1277
f 1154 1280 1155
f 1154 1157 1281
f 1154 1281 1280
f 1155 1280 1158
f 1157 1279 1282
f 1157 1282 1283
f 1157 1283 1284
f 1157 1284 1285
f 1157 1285 1286
f 1157 1286 1287
f 1157 1287 1281
f 1158 1288 1180
f 1158 1180 1179
f 1158 1179 1289
f 1158 1289 1290
f 1158 1290 1159
f 1158 1280 1291
f 1158 1291 1288
f 1159 1290 1292
f 1159 1292 1160
f 1160 1292 1179
f 1160 1179 1178
f 1160 1178 1161
f 1165 1276 1293
f 1165 1293 1294
f 1165 1294 1295
f 1165 1295 1296
f 1165 1296 1166
f 1166 1297 1167
f 1166 1296 1298
f 1166 1298 1297
f 1167 1297 1299
f 1167 1299 1300
f 1167 1300 1301
f 1167 1301 1302
f 1167 1302 1303
f 1167 1303 1168
f 1168 1303 1304
f 1168 1304 1305
f 1168 1305 1306
f 1168 1306 1170
f 1168 1170 1173
f 1168 1173 1169
f 1170 1307 1174
f 1170 1174 1171
f 1170 1306 1308
f 1170 1308 1429
f 1170 1429 1309
f 1170 1309 1428
f 1170 1428 1531
f 1170 1531 1430
f 1170 1430 1307
f 1174 1307 1310
f 1174 1310 1175
f 1175 1310 1311
f 1175 1311 1176
f 1176 1311 1312
f 1176 1312 1277
f 1179 1292 1290
f 1179 1290 1289
f 1180 1313 1181
f 1180 1288 1314
f 1180 1314 1315
f 1180 1315 1313
f 1181 1316 1182
f 1181 1313 1316
f 1182 1316 1183
f 1183 1317 1318
f 1183 1318 1184
f 1183 1316 1313
f 1183 1313 1319
f 1183 1319 1320
f 1183 1320 1317
f 1184 1318 1185
f 1185 1321 1322
f 1185 1322 1186
f 1185 1318 1323
f 1185 1323 1321
f 1186 1322 1324
f 1186 1324 1187
f 1187 1324 1325
f 1187 1325 1192
f 1187 1192 1326
f 1187 1326 1188
f 1188 1326 1192
f 1189 1197 1190
f 1192 1327 1328
f 1192 1328 1329
f 1192 1329 1330
f 1192 1330 1331
f 1192 1331 1193
f 1192 1325 1332
f 1192 1332 1333
f 1192 1333 1334
f 1192 1334 1327
f 1193 1331 1335
f 1193 1335 1194
f 1194 1335 1195
f 1195 1335 1336
f 1195 1336 1196
f 1196 1336 1337
f 1196 1337 1338
f 1196 1338 1197
f 1197 1338 1198
f 1198 1338 1235
f 1198 1235 1199
f 1199 1201 1200
f 1199 1235 1202
f 1199 1202 1201
f 1202 1235 1234
f 1202 1234 1203
f 1205 1233 1232
f 1205 1232 1339
f 1205 1339 1206
f 1206 1339 1274
f 1211 1213 1212
f 1215 1237 1216
f 1216 1237 1217
f 1217 1340 1341
f 1217 1341 1218
f 1217 1237 1342
f 1217 1342 1340
f 1218 1341 1343
f 1218 1343 1344
f 1218 1344 1345
f 1218 1345 1219
f 1219 1345 1227
f 1219 1227 1346
f 1219 1346 1222
f 1219 1222 1347
f 1219 1347 1348
f 1219 1348 1220
f 1221 1347 1222
f 1222 1226 1224
f 1222 1224 1223
f 1222 1346 1226
f 1226 1346 1227
f 1227 1345 1349
f 1227 1349 1228
f 1228 1350 1229
f 1228 1349 1351
f 1228 1351 1350
f 1231 1274 1339
f 1231 1339 1232
f 1235 1338 1238
f 1237 1238 1342
f 1238 1338 1337
f 1238 1337 1352
f 1238 1352 1340
f 1238 1340 1342
f 1240 1353 1241
f 1241 1354 1243
f 1241 1353 1355
f 1241 1355 1356
f 1241 1356 1357
f 1241 1357 1358
f 1241 1358 1359
f 1241 1359 1354
f 1243 1354 1244
f 1244 1360 1245
f 1244 1354 1361
f 1244 1361 1362
f 1244 1362 1363
f 1244 1363 1364
f 1244 1364 1360
f 1245 1360 1365
f 1245 1365 1246
f 1246 1365 1468
f 1246 1468 1366
f 1246 1366 1367
f 1246 1367 1247
f 1247 1367 1248
f 1248 1368 1249
f 1248 1367 1368
f 1249 1368 1250
f 1250 1369 1252
f 1250 1252 1251
f 1250 1368 1370
f 1250 1370 1369
f 1252 1369 1371
f 1252 1371 1372
f 1252 1372 1373
f 1252 1373 1374
f 1252 1374 1375
f 1252 1375 1376
f 1252 1376 1253
f 1253 1376 1377
f 1253 1377 1378
f 1253 1378 1254
f 1254 1379 1380
f 1254 1380 1381
f 1254 1381 1255
f 1254 1378 1382
f 1254 1382 1383
f 1254 1383 1379
f 1255 1381 1380
f 1255 1380 1259
f 1259 1380 1379
f 1259 1379 1384
f 1259 1384 1260
f 1260 1384 1385
f 1260 1385 1261
f 1261 1385 1262
f 1262 1300 1386
f 1262 1386 1387
f 1262 1387 1265
f 1262 1265 1263
f 1262 1385 1388
f 1262 1388 1389
f 1262 1389 1390
f 1262 1390 1391
f 1262 1391 1392
f 1262 1392 1300
f 1263 1265 1264
f 1265 1387 1393
f 1265 1393 1394
f 1265 1394 1395
f 1265 1395 1266
f 1266 1395 1396
f 1266 1396 1267
f 1267 1396 1397
f 1267 1397 1268
f 1268 1397 1398
f 1268 1398 1269
f 1269 1398 1295
f 1269 1295 1294
f 1269 1294 1270
f 1270 1294 1293
f 1270 1293 1276
f 1270 1276 1275
f 1277 1312 1278
f 1278 1312 1399
f 1278 1399 1497
f 1278 1497 1498
f 1278 1498 1400
f 1278 1400 1401
f 1278 1401 1279
f 1279 1401 1282
f 1280 1281 1402
f 1280 1402 1291
f 1281 1287 1402
f 1282 1403 1283
f 1282 1401 1404
f 1282 1404 1405
f 1282 1405 1406
f 1282 1406 1403
f 1283 1403 1407
f 1283 1407 1408
f 1283 1408 1409
f 1283 1409 1410
f 1283 1410 1411
f 1283 1411 1412
f 1283 1412 1284
f 1284 1412 1413
f 1284 1413 1414
f 1284 1414 1286
f 1284 1286 1415
f 1284 1415 1285
f 1285 1415 1286
f 1286 1414 1413
f 1286 1413 1416
f 1286 1416 1287
f 1287 1416 1402
f 1288 1291 1417
f 1288 1417 1418
f 1288 1418 1419
f 1288 1419 1420
f 1288 1420 1421
f 1288 1421 1315
f 1288 1315 1314
f 1291 1402 1422
f 1291 1422 1423
f 1291 1423 1424
f 1291 1424 1417
f 1295 1398 1296
f 1296 1398 1397
f 1296 1397 1298
f 1297 1425 1386
f 1297 1386 1300
f 1297 1300 1299
f 1297 1298 1425
f 1298 1397 1426
f 1298 1426 1425
f 1300 1392 1302
f 1300 1302 1301
f 1302 1304 1303
f 1302 1392 1427
f 1302 1427 1428
f 1302 1428 1304
f 1304 1428 1305
f 1305 1428 1429
f 1305 1429 1308
f 1305 1308 1306
f 1307 1430 1310
f 1309 1429 1428
f 1310 1430 1431
f 1310 1431 1432
f 1310 1432 1311
f 1311 1433 1312
f 1311 1432 1434
f 1311 1434 1433
f 1312 1433 1497
f 1312 1497 1399
f 1313 1315 1435
f 1313 1435 1323
f 1313 1323 1319
f 1315 1421 1435
f 1317 1323 1318
f 1317 1320 1323
f 1319 1323 1320
f 1321 1436 1322
f 1321 1323 1436
f 1322 1436 1324
f 1323 1435 1436
f 1324 1333 1332
f 1324 1332 1325
f 1324 1436 1333
f 1327 1437 1328
f 1327 1334 1437
f 1328 1437 1438
f 1328 1438 1439
f 1328 1439 1440
f 1328 1440 1441
f 1328 1441 1442
f 1328 1442 1443
f 1328 1443 1444
f 1328 1444 1329
f 1329 1445 1447
f 1329 1447 1330
f 1329 1444 1446
f 1329 1446 1445
f 1330 1447 1331
f 1331 1448 1335
f 1331 1447 1449
f 1331 1449 1345
f 1331 1345 1448
f 1333 1436 1450
f 1333 1450 1451
f 1333 1451 1452
f 1333 1452 1453
f 1333 1453 1437
f 1333 1437 1334
f 1335 1454 1455
f 1335 1455 1456
f 1335 1456 1457
f 1335 1457 1336
f 1335 1448 1454
f 1336 1457 1458
f 1336 1458 1337
f 1337 1458 1352
f 1340 1352 1458
f 1340 1458 1457
f 1340 1457 1459
f 1340 1459 1341
f 1341 1459 1457
f 1341 1457 1343
f 1343 1457 1456
f 1343 1456 1455
f 1343 1455 1345
f 1343 1345 1344
f 1345 1460 1461
f 1345 1461 1462
f 1345 1462 1349
f 1345 1455 1448
f 1345 1449 1463
f 1345 1463 1464
f 1345 1464 1460
f 1349 1462 1461
f 1349 1461 1465
f 1349 1465 1351
f 1350 1351 1465
f 1350 1465 1466
f 1354 1359 1361
f 1358 1467 1359
f 1359 1467 1361
f 1360 1364 1468
f 1360 1468 1365
f 1361 1467 1469
f 1361 1469 1470
f 1361 1470 1471
f 1361 1471 1472
f 1361 1472 1473
f 1361 1473 1363
f 1361 1363 1362
f 1363 1473 1474
f 1363 1474 1475
f 1363 1475 1364
f 1364 1475 1476
f 1364 1476 1468
f 1366 1468 1370
f 1366 1370 1367
f 1367 1370 1368
f 1369 1370 1477
f 1369 1477 1371
f 1370 1468 1476
f 1370 1476 1477
f 1371 1477 1478
f 1371 1478 1372
f 1372 1478 1373
f 1373 1478 1479
f 1373 1479 1480
f 1373 1480 1481
f 1373 1481 1374
f 1374 1481 1375
f 1375 1481 1482
f 1375 1482 1483
f 1375 1483 1376
f 1376 1483 1382
f 1376 1382 1484
f 1376 1484 1378
f 1376 1378 1377
f 1378 1484 1382
f 1379 1383 1388
f 1379 1388 1384
f 1382 1483 1485
f 1382 1485 1383
f 1383 1485 1486
f 1383 1486 1389
f 1383 1389 1388
f 1384 1388 1385
f 1386 1425 1487
f 1386 1487 1393
f 1386 1393 1387
f 1389 1486 1488
f 1389 1488 1390
f 1390 1488 1482
f 1390 1482 1489
f 1390 1489 1490
f 1390 1490 1491
f 1390 1491 1492
f 1390 1492 1493
f 1390 1493 1494
f 1390 1494 1495
f 1390 1495 1391
f 1391 1495 1427
f 1391 1427 1392
f 1393 1487 1496
f 1393 1496 1396
f 1393 1396 1394
f 1394 1396 1395
f 1396 1496 1426
f 1396 1426 1397
f 1400 1498 1499
f 1400 1499 1502
f 1400 1502 1401
f 1401 1500 1501
f 1401 1501 1405
f 1401 1405 1404
f 1401 1502 1500
f 1402 1503 1504
f 1402 1504 1422
f 1402 1416 1503
f 1403 1406 1505
f 1403 1505 1506
f 1403 1506 1407
f 1405 1501 1507
f 1405 1507 1508
f 1405 1508 1509
f 1405 1509 1406
f 1406 1509 1510
f 1406 1510 1505
f 1407 1511 1408
f 1407 1506 1512
f 1407 1512 1511
f 1408 1511 1513
f 1408 1513 1409
f 1409 1513 1410
f 1410 1513 1514
f 1410 1514 1412
f 1410 1412 1411
f 1412 1514 1413
f 1413 1514 1515
f 1413 1515 1516
f 1413 1516 1517
f 1413 1517 1518
f 1413 1518 1519
f 1413 1519 1416
f 1416 1519 1503
f 1417 1424 1418
f 1418 1424 1520
f 1418 1520 1419
f 1419 1520 1521
f 1419 1521 1522
f 1419 1522 1523
f 1419 1523 1436
f 1419 1436 1420
f 1420 1436 1421
f 1421 1436 1435
f 1422 1524 1525
f 1422 1525 1526
f 1422 1526 1423
f 1422 1504 1524
f 1423 1527 1424
f 1423 1526 1527
f 1424 1528 1520
f 1424 1527 1529
f 1424 1529 1528
f 1425 1426 1487
f 1426 1496 1487
f 1427 1495 1530
f 1427 1530 1531
f 1427 1531 1428
f 1430 1531 1431
f 1431 1531 1532
f 1431 1532 1432
f 1432 1532 1533
f 1432 1533 1434
f 1433 1434 1497
f 1434 1533 1499
f 1434 1499 1498
f 1434 1498 1497
f 1436 1523 1534
f 1436 1534 1450
f 1437 1453 1452
f 1437 1452 1438
f 1438 1535 1536
f 1438 1536 1537
f 1438 1537 1439
f 1438 1452 1538
f 1438 1538 1539
f 1438 1539 1535
f 1439 1537 1440
f 1440 1537 1441
f 1441 1540 1449
f 1441 1449 1447
f 1441 1447 1445
f 1441 1445 1446
f 1441 1446 1442
f 1441 1537 1540
f 1442 1446 1443
f 1443 1446 1444
f 1448 1455 1454
f 1449 1540 1463
f 1450 1534 1541
f 1450 1541 1542
f 1450 1542 1451
f 1451 1542 1452
f 1452 1542 1543
f 1452 1543 1538
f 1460 1464 1461
f 1461 1464 1540
f 1461 1540 1544
f 1461 1544 1545
f 1461 1545 1546
f 1461 1546 1547
f 1461 1547 1548
f 1461 1548 1549
f 1461 1549 1465
f 1463 1540 1464
f 1465 1549 1550
f 1465 1550 1551
f 1465 1551 1552
f 1465 1552 1466
f 1471 1553 1472
f 1472 1553 1554
f 1472 1554 1555
f 1472 1555 1473
f 1473 1555 1474
f 1474 1555 1556
f 1474 1556 1558
f 1474 1558 1557
f 1474 1557 1475
f 1475 1557 1479
f 1475 1479 1477
f 1475 1477 1476
f 1477 1479 1478
f 1479 1557 1480
f 1480 1557 1558
f 1480 1558 1559
f 1480 1559 1560
f 1480 1560 1481
f 1481 1561 1562
f 1481 1562 1482
f 1481 1560 1563
f 1481 1563 1564
f 1481 1564 1565
f 1481 1565 1561
f 1482 1488 1486
f 1482 1486 1485
f 1482 1485 1483
f 1482 1562 1489
f 1489 1562 1490
f 1490 1562 1566
f 1490 1566 1567
f 1490 1567 1568
f 1490 1568 1491
f 1491 1568 1492
f 1492 1569 1570
f 1492 1570 1571
f 1492 1571 1493
f 1492 1568 1572
f 1492 1572 1573
f 1492 1573 1569
f 1493 1571 1574
f 1493 1574 1494
f 1494 1530 1495
f 1494 1574 1575
f 1494 1575 1530
f 1499 1533 1576
f 1499 1576 1577
f 1499 1577 1578
f 1499 1578 1579
f 1499 1579 1502
f 1500 1580 1507
f 1500 1507 1501
f 1500 1502 1581
f 1500 1581 1579
f 1500 1579 1580
f 1502 1579 1581
f 1503 1519 1526
f 1503 1526 1504
f 1504 1526 1524
f 1505 1510 1573
f 1505 1573 1582
f 1505 1582 1506
f 1506 1582 1583
f 1506 1583 1584
f 1506 1584 1512
f 1507 1580 1508
f 1508 1580 1579
f 1508 1579 1585
f 1508 1585 1510
f 1508 1510 1509
f 1510 1585 1573
f 1511 1512 1584
f 1511 1584 1586
f 1511 1586 1587
f 1511 1587 1515
f 1511 1515 1513
f 1513 1515 1514
f 1515 1587 1516
f 1516 1587 1588
f 1516 1588 1517
f 1517 1589 1590
f 1517 1590 1591
f 1517 1591 1592
f 1517 1592 1526
f 1517 1526 1593
f 1517 1593 1519
f 1517 1519 1518
f 1517 1588 1594
f 1517 1594 1595
f 1517 1595 1589
f 1519 1593 1526
f 1520 1528 1596
f 1520 1596 1521
f 1521 1596 1522
f 1522 1596 1597
f 1522 1597 1598
f 1522 1598 1523
f 1523 1598 1599
f 1523 1599 1534
f 1524 1526 1525
f 1526 1592 1529
f 1526 1529 1527
f 1528 1529 1596
f 1529 1592 1591
f 1529 1591 1590
f 1529 1590 1600
f 1529 1600 1596
f 1530 1575 1533
f 1530 1533 1532
f 1530 1532 1531
f 1533 1575 1576
f 1534 1599 1541
f 1535 1601 1536
f 1535 1539 1601
f 1536 1601 1544
f 1536 1544 1540
f 1536 1540 1537
f 1538 1543 1602
f 1538 1602 1539
f 1539 1602 1603
f 1539 1603 1601
f 1541 1599 1597
f 1541 1597 1604
f 1541 1604 1542
f 1542 1604 1545
f 1542 1545 1602
f 1542 1602 1543
f 1544 1601 1603
f 1544 1603 1602
f 1544 1602 1545
f 1545 1604 1605
f 1545 1605 1546
f 1546 1605 1606
f 1548 1607 1549
f 1549 1607 1550
f 1553 1608 1554
f 1553 1609 1608
f 1554 1610 1555
f 1554 1608 1611
f 1554 1611 1610
f 1555 1610 1612
f 1555 1612 1556
f 1556 1612 1613
f 1556 1613 1614
f 1556 1614 1615
f 1556 1615 1558
f 1558 1615 1616
f 1558 1616 1560
f 1558 1560 1559
f 1560 1617 1618
f 1560 1618 1619
f 1560 1619 1563
f 1560 1616 1615
f 1560 1615 1620
f 1560 1620 1621
f 1560 1621 1622
f 1560 1622 1623
f 1560 1623 1617
f 1561 1565 1566
f 1561 1566 1562
f 1563 1619 1624
f 1563 1624 1565
f 1563 1565 1564
f 1565 1625 1566
f 1565 1624 1625
f 1566 1625 1567
f 1567 1625 1568
f 1568 1625 1572
f 1569 1573 1626
f 1569 1626 1579
f 1569 1579 1570
f 1570 1579 1571
f 1571 1579 1574
f 1572 1624 1627
f 1572 1627 1573
f 1572 1625 1624
f 1573 1628 1629
f 1573 1629 1582
f 1573 1585 1626
f 1573 1627 1619
f 1573 1619 1628
f 1574 1579 1576
f 1574 1576 1575
f 1576 1579 1577
f 1577 1579 1578
f 1579 1626 1585
f 1582 1629 1628
f 1582 1628 1619
f 1582 1619 1630
f 1582 1630 1583
f 1583 1631 1632
f 1583 1632 1584
f 1583 1630 1619
f 1583 1619 1633
f 1583 1633 1634
f 1583 1634 1631
f 1584 1632 1631
f 1584 1631 1635
f 1584 1635 1586
f 1586 1636 1587
f 1586 1635 1636
f 1587 1636 1637
f 1587 1637 1638
f 1587 1638 1639
f 1587 1639 1588
f 1588 1639 1640
f 1588 1640 1595
f 1588 1595 1594
f 1589 1595 1590
f 1590 1595 1641
f 1590 1641 1642
f 1590 1642 1643
f 1590 1643 1644
f 1590 1644 1645
f 1590 1645 1646
f 1590 1646 1647
f 1590 1647 1648
f 1590 1648 1649
f 1590 1649 1650
f 1590 1650 1651
f 1590 1651 1652
f 1590 1652 1653
f 1590 1653 1654
f 1590 1654 1655
f 1590 1655 1600
f 1595 1640 1656
f 1595 1656 1657
f 1595 1657 1641
f 1596 1655 1597
f 1596 1600 1655
f 1597 1653 1658
f 1597 1658 1605
f 1597 1605 1604
f 1597 1599 1598
f 1597 1655 1654
f 1597 1654 1653
f 1605 1658 1659
f 1605 1659 1660
f 1605 1660 1661
f 1605 1661 1606
f 1608 1609 1662
f 1608 1662 1663
f 1608 1663 1645
f 1608 1645 1664
f 1608 1664 1611
f 1610 1611 1665
f 1610 1665 1612
f 1611 1664 1666
f 1611 1666 1667
f 1611 1667 1665
f 1612 1665 1668
f 1612 1668 1669
f 1612 1669 1613
f 1613 1669 1670
f 1613 1670 1671
f 1613 1671 1614
f 1614 1671 1615
f 1615 1672 1621
f 1615 1621 1620
f 1615 1671 1673
f 1615 1673 1672
f 1617 1623 1674
f 1617 1674 1675
f 1617 1675 1676
f 1617 1676 1634
f 1617 1634 1633
f 1617 1633 1618
f 1618 1633 1619
f 1619 1627 1624
f 1621 1672 1622
f 1622 1673 1677
f 1622 1677 1678
f 1622 1678 1640
f 1622 1640 1623
f 1622 1672 1673
f 1623 1640 1674
f 1631 1634 1675
f 1631 1675 1674
f 1631 1674 1640
f 1631 1640 1639
f 1631 1639 1638
f 1631 1638 1635
f 1634 1676 1675
f 1635 1638 1637
f 1635 1637 1636
f 1640 1678 1656
f 1641 1657 1642
f 1642 1657 1679
f 1642 1679 1643
f 1643 1679 1644
f 1644 1679 1680
f 1644 1680 1645
f 1645 1663 1662
f 1645 1662 1681
f 1645 1681 1682
f 1645 1682 1683
f 1645 1683 1684
f 1645 1684 1685
f 1645 1685 1646
f 1645 1680 1666
f 1645 1666 1664
f 1646 1685 1686
f 1646 1686 1687
f 1646 1687 1688
f 1646 1688 1647
f 1647 1689 1648
f 1647 1688 1689
f 1648 1689 1690
f 1649 1691 1650
f 1650 1691 1651
f 1652 1692 1658
f 1652 1658 1653
f 1656 1678 1657
f 1657 1678 1693
f 1657 1693 1694
f 1657 1694 1679
f 1658 1692 1695
f 1658 1695 1659
f 1659 1696 1660
f 1659 1695 1697
f 1659 1697 1698
f 1659 1698 1699
f 1659 1699 1696
f 1665 1667 1700
f 1665 1700 1669
f 1665 1669 1668
f 1666 1680 1679
f 1666 1679 1701
f 1666 1701 1702
f 1666 1702 1703
f 1666 1703 1667
f 1667 1703 1700
f 1669 1704 1670
f 1669 1700 1703
f 1669 1703 1704
f 1670 1704 1702
f 1670 1702 1705
f 1670 1705 1678
f 1670 1678 1677
f 1670 1677 1671
f 1671 1677 1673
f 1678 1705 1693
f 1679 1694 1701
f 1684 1686 1685
f 1687 1690 1688
f 1688 1690 1689
f 1693 1705 1702
f 1693 1702 1694
f 1694 1702 1701
f 1702 1704 1703

