# https://github.com/mikedh/trimesh
v -0.00498870 0.43143576 -0.14504805
v -0.00498870 0.43118146 -0.15501152
v -0.01253258 0.43033385 -0.15501152
v -0.01338021 0.43041861 -0.14504805
v -0.01329545 0.43041861 -0.14362469
v -0.00541251 0.42999479 -0.09002529
v -0.00286963 0.43024907 -0.09002529
v 0.00238567 0.43024907 -0.09002529
v 0.00484379 0.43126622 -0.14362469
v 0.00484379 0.43126622 -0.14504805
v -0.00854873 0.42982528 -0.16814704
v -0.01083733 0.43007955 -0.16147761
v 0.00484379 0.43101195 -0.15501152
v 0.00136851 0.43016431 -0.17262043
v -0.00185247 0.43016431 -0.17262043
v -0.03499471 0.42736715 -0.15501152
v -0.09102290 0.42007759 -0.15212415
v -0.04499672 0.42626524 -0.14504805
v -0.05499873 0.42490906 -0.14362469
v -0.02482318 0.42753670 -0.09002529
v -0.01482118 0.42897764 -0.09502736
v -0.01160019 0.42923194 -0.09002529
v 0.02493256 0.42728239 -0.09002529
v 0.01128576 0.43041861 -0.14362469
v 0.01730391 0.42965573 -0.14504805
v 0.01145528 0.43016431 -0.15501152
v -0.00498870 0.42889288 -0.18502393
v -0.00498870 0.41550043 -0.35493165
v -0.01024399 0.41999283 -0.29043341
v -0.01499070 0.42770621 -0.18502393
v -0.05499873 0.42397666 -0.16505633
v -0.08932765 0.41990808 -0.15879358
v 0.01009908 0.42999479 -0.16033894
v 0.00484379 0.42482430 -0.23504463
v 0.00077517 0.42007759 -0.30157623
v 0.00806477 0.42974052 -0.16700836
v -0.00108961 0.42007759 -0.30157623
v -0.06491597 0.42338333 -0.15501152
v -0.10492400 0.41804329 -0.15501152
v -0.10492400 0.41829759 -0.14504805
v -0.09610867 0.41948426 -0.14504805
v -0.09585438 0.41948426 -0.14362469
v -0.09983823 0.41761947 -0.09002529
v 0.09486184 0.41795853 -0.09002529
v 0.09486184 0.41812804 -0.09502736
v 0.08613128 0.42050141 -0.14362469
v 0.07485783 0.42202711 -0.14504805
v 0.09028465 0.41999283 -0.14773209
v 0.09028465 0.41999283 -0.15086347
v 0.06485582 0.42312902 -0.15501152
v -0.00498870 0.41388994 -0.37498060
v -0.01499070 0.41431373 -0.35493165
v -0.05499873 0.41846710 -0.23504463
v -0.08441141 0.41931474 -0.17477581
v -0.08246186 0.42033187 -0.16505633
v -0.09492199 0.41711089 -0.18502393
v -0.10492400 0.41499186 -0.19502808
v -0.10492400 0.41728044 -0.16505633
v 0.08858940 0.41982329 -0.15749222
v 0.07994360 0.41999283 -0.17009906
v 0.06485582 0.42160332 -0.17506048
v 0.04485181 0.42346808 -0.18502393
v 0.01484579 0.42821479 -0.17506048
v 0.00484379 0.41694137 -0.33496404
v 0.01484579 0.42041665 -0.27424785
v 0.00484379 0.41456804 -0.36497647
v 0.00484379 0.41372040 -0.37498060
v -0.10992500 0.40999085 -0.25005084
v -0.11492600 0.41575471 -0.15501152
v -0.11492600 0.41600898 -0.14504805
v -0.11492600 0.41600898 -0.14362469
v -0.10636497 0.41795853 -0.14362469
v -0.10483924 0.41694137 -0.09002529
v 0.10477909 0.41660234 -0.09002529
v 0.10477909 0.41677186 -0.09502736
v 0.10486385 0.41795853 -0.14362469
v 0.08994561 0.41999283 -0.14362469
v 0.10486385 0.41795853 -0.14504805
v 0.10486385 0.41778901 -0.15501152
v -0.00498870 0.41287279 -0.38494405
v -0.01499070 0.41270325 -0.37498060
v -0.02499271 0.41219470 -0.36497647
v -0.04491196 0.41041467 -0.35411829
v -0.08873431 0.40982133 -0.28795272
v 0.10486385 0.41702613 -0.16505633
v 0.10486385 0.41626328 -0.17506048
v 0.09486184 0.41761947 -0.17506048
v 0.07790929 0.41973853 -0.17676850
v 0.08485984 0.41422898 -0.23504463
v 0.03671459 0.40956706 -0.37498060
v 0.09486184 0.40660036 -0.31499642
v 0.06485582 0.40821084 -0.34496817
v 0.05485382 0.40795657 -0.36497647
v 0.01484579 0.41244897 -0.37498060
v 0.03010309 0.40999085 -0.38022667
v 0.02433922 0.41032991 -0.38413072
v 0.00484379 0.41270325 -0.38494405
v -0.11492600 0.41422898 -0.17506048
v -0.11492600 0.41499186 -0.16505633
v -0.08491998 0.40346417 -0.37498060
v -0.09492199 0.40210795 -0.37498060
v -0.10492400 0.40142986 -0.36497647
v -0.10873833 0.39973462 -0.37746128
v -0.11009452 0.39998889 -0.37079185
v -0.29250401 0.36235437 -0.09002529
v -0.11484124 0.41499186 -0.10503149
v -0.11484124 0.41456804 -0.09002529
v 0.10986485 0.41533089 -0.09002529
v 0.11486585 0.41541564 -0.14362469
v 0.11486585 0.41541564 -0.14504805
v 0.11486585 0.41516137 -0.15501152
v 0.11020391 0.41007563 -0.24147007
v -0.00498870 0.41109276 -0.39177614
v -0.02134791 0.41016039 -0.39027148
v -0.01499070 0.41168612 -0.38494405
v 0.00484379 0.41100800 -0.39169481
v -0.02482318 0.41049942 -0.38461873
v -0.03084134 0.41007563 -0.38108069
v 0.10884770 0.40982133 -0.24813949
v 0.10206668 0.41032991 -0.25501224
v 0.09859141 0.40982133 -0.26786309
v 0.06485582 0.40583751 -0.37498060
v 0.09486184 0.40185368 -0.37498060
v 0.09537042 0.40075177 -0.38543206
v 0.02060966 0.41007563 -0.39010879
v 0.09909999 0.39981937 -0.38913280
v -0.09593914 0.40092129 -0.38592008
v -0.10212683 0.40032795 -0.38319537
v -0.10526305 0.40058222 -0.37445191
v -0.10526305 0.39939556 -0.38592008
v -0.11492600 0.39651364 -0.38494405
v -0.11407837 0.39812413 -0.37445191
v -0.27004185 0.30997121 -0.39002746
v -0.28690967 0.29759589 -0.38494405
v -0.29275829 0.29259491 -0.38494405
v -0.30140409 0.35226765 -0.09502736
v -0.30157360 0.35243717 -0.09002529
v -0.12984425 0.38990217 -0.38970214
v -0.20180784 0.36074391 -0.38494405
v -0.20680885 0.35837054 -0.38494405
v -0.21443750 0.35336956 -0.38494405
v -0.23028813 0.34023139 -0.39035279
v 0.11486585 0.41397470 -0.09002529
v 0.11486585 0.41414422 -0.09502736
v 0.12291832 0.41227946 -0.14362469
v 0.12418976 0.41177088 -0.14504805
v 0.12393548 0.41160133 -0.15501152
v 0.12300308 0.41126230 -0.16505633
v 0.11486585 0.41439852 -0.16505633
v 0.11003438 0.39998889 -0.36082840
v 0.10901722 0.39973462 -0.36749780
v 0.10537243 0.40083653 -0.36448845
v 0.10266002 0.40058222 -0.37498060
v 0.11486585 0.41363564 -0.17506048
v 0.11486585 0.40702417 -0.25501224
v 0.11401823 0.39812413 -0.36448845
v -0.00498870 0.40778702 -0.39677823
v -0.01499070 0.41049942 -0.39092213
v -0.02804417 0.40965182 -0.38775009
v -0.02499271 0.40151462 -0.40218696
v -0.07491798 0.39820889 -0.39738822
v -0.09593914 0.39744604 -0.39437884
v -0.09322674 0.40032795 -0.39063746
v -0.09983823 0.39990413 -0.38986480
v 0.00484379 0.40770227 -0.39669690
v 0.10113429 0.40024319 -0.38242269
v 0.09240372 0.40024319 -0.39047480
v 0.08485984 0.40075177 -0.39124748
v 0.08485984 0.39736125 -0.39624956
v 0.09537042 0.39727649 -0.39425686
v 0.10460956 0.39905652 -0.38543206
v 0.11486585 0.39566600 -0.38494405
v 0.12240975 0.39091933 -0.39145082
v 0.11486585 0.39244503 -0.39356551
v 0.10588101 0.39388600 -0.39596489
v -0.27733147 0.29793495 -0.39759156
v -0.28462106 0.29471397 -0.39474487
v -0.28097627 0.30073211 -0.39092213
v -0.23766249 0.32819512 -0.39787623
v -0.29157162 0.29140824 -0.39181682
v -0.29775929 0.28733966 -0.38494405
v -0.34242928 0.30225784 -0.09002529
v -0.12323275 0.39117360 -0.39181682
v -0.15120447 0.38049355 -0.39071882
v -0.20070593 0.36023533 -0.39043415
v -0.17926094 0.36964396 -0.38791278
v -0.21257271 0.35192859 -0.39238617
v -0.21630228 0.34599525 -0.39616823
v -0.21994707 0.33997712 -0.39999095
v 0.11876494 0.41244897 -0.09002529
v 0.12240975 0.41100800 -0.09002529
v 0.12418976 0.41177088 -0.14362469
v 0.14351568 0.40380320 -0.14362469
v 0.17843793 0.38939360 -0.14504805
v 0.20047626 0.38015449 -0.15305950
v 0.12893648 0.40956706 -0.15501152
v 0.15606056 0.39837840 -0.15501152
v 0.17309788 0.39134312 -0.15501152
v 0.16487589 0.39397076 -0.16505633
v 0.14970335 0.39990413 -0.16904172
v 0.12681741 0.39871746 -0.29506949
v 0.11486585 0.39685267 -0.37498060
v 0.10766102 0.39939556 -0.37498060
v 0.15784058 0.37913734 -0.37498060
v 0.13012315 0.39007169 -0.38075534
v -0.00498870 0.37430587 -0.44496888
v -0.01075256 0.37006778 -0.45009297
v -0.01499070 0.39871746 -0.40812439
v -0.09483723 0.37701827 -0.42414728
v -0.09492199 0.39185169 -0.40271565
v -0.09805822 0.37973067 -0.41959256
v -0.10492400 0.39541173 -0.39498886
v -0.11433266 0.39244503 -0.39507020
v 0.04858137 0.39981937 -0.39970627
v 0.01518484 0.39303839 -0.41585118
v 0.01671057 0.36955920 -0.44936097
v 0.00484379 0.37879831 -0.43829948
v 0.09062371 0.38006973 -0.42008054
v 0.07485783 0.38574880 -0.41495648
v 0.09486184 0.39168218 -0.40247163
v 0.10316860 0.39091933 -0.40133297
v 0.09731997 0.37956116 -0.41947055
v 0.12910600 0.38964787 -0.38738409
v 0.10986485 0.38998693 -0.39999095
v 0.15046622 0.38023925 -0.39035279
v -0.28165436 0.29123873 -0.40145496
v -0.25580174 0.30759788 -0.40556234
v -0.26385418 0.29412064 -0.41398048
v -0.28826585 0.28844157 -0.39848626
v -0.29148686 0.28174531 -0.40165830
v -0.29479259 0.28479677 -0.39482620
v -0.30089551 0.28115198 -0.39116615
v -0.31013465 0.27021763 -0.39027148
v -0.30174315 0.28233865 -0.38494405
v -0.31064323 0.27089572 -0.38494405
v -0.34963411 0.21952970 -0.38795343
v -0.35302460 0.21571539 -0.38478139
v -0.35861894 0.20783250 -0.38494405
v -0.35929707 0.20884964 -0.37498060
v -0.36141613 0.20283151 -0.38494405
v -0.36200947 0.20393342 -0.37498060
v -0.36955336 0.20901917 -0.26505706
v -0.36980763 0.20969726 -0.25871298
v -0.37014669 0.21020584 -0.25204355
v -0.37921631 0.20808679 -0.15501152
v -0.38837069 0.18604855 -0.15501152
v -0.41074806 0.13180061 -0.15501152
v -0.40879852 0.13714063 -0.14504805
v -0.41379952 0.12493485 -0.14504805
v -0.41786814 0.11493289 -0.14504805
v -0.41727480 0.11637384 -0.14362469
v -0.41642717 0.11484812 -0.09002529
v -0.11729936 0.38888502 -0.39848626
v -0.19689161 0.34862286 -0.40824640
v -0.20214689 0.35116574 -0.40161762
v -0.20468977 0.35489529 -0.39474487
v -0.18816103 0.35921818 -0.39893359
v -0.19494206 0.35777721 -0.39706290
v -0.20875838 0.34921622 -0.39909625
v -0.20952125 0.33963805 -0.40958840
v -0.21596323 0.33802757 -0.40576568
v 0.12749551 0.40897372 -0.09002529
v 0.15131384 0.40058222 -0.14362469
v 0.20056102 0.38023925 -0.14504805
v 0.20556203 0.37812018 -0.14504805
v 0.20429058 0.37837449 -0.15582487
v 0.19928958 0.37973067 -0.16505633
v 0.20488392 0.37659445 -0.17506048
v 0.18420181 0.38176498 -0.21503636
v 0.19488192 0.37311921 -0.26505706
v 0.18962662 0.36989823 -0.32878262
v 0.19488192 0.36379534 -0.37498060
v 0.17962462 0.36981347 -0.37839663
v 0.20073055 0.36032009 -0.38494405
v -0.00498870 0.37040681 -0.45054030
v 0.00484379 0.37032205 -0.45045897
v -0.01744882 0.36964396 -0.44948298
v -0.01448212 0.37269539 -0.44566023
v -0.01499070 0.38176498 -0.43252474
v -0.06491597 0.36150676 -0.45184165
v -0.08263139 0.36032009 -0.45045897
v -0.08924288 0.35989627 -0.44984895
v -0.09492199 0.35930294 -0.44911695
v -0.10204206 0.37074587 -0.43106070
v -0.11060310 0.39024121 -0.40031627
v 0.04485181 0.37964591 -0.42947468
v 0.03484980 0.36837250 -0.44761229
v 0.08850463 0.35981151 -0.44968629
v 0.10130382 0.37049156 -0.43073535
v 0.09486184 0.37125444 -0.43179274
v 0.19996768 0.35998103 -0.39002746
v 0.18750755 0.35896388 -0.39860827
v 0.12274879 0.36116770 -0.43154871
v 0.11003438 0.36006579 -0.44004816
v 0.10469433 0.36642298 -0.43443608
v -0.25817508 0.26860714 -0.44834429
v -0.26860091 0.26869190 -0.43874681
v -0.22223566 0.30174926 -0.44200021
v -0.28156960 0.27191287 -0.42178857
v -0.27860290 0.26826811 -0.42845801
v -0.29114780 0.27148908 -0.41129643
v -0.29809836 0.27759197 -0.39783558
v -0.33759779 0.22690403 -0.39722556
v -0.34039497 0.23054883 -0.39055616
v -0.35217699 0.21291824 -0.39263016
v -0.36073804 0.20147531 -0.39112547
v -0.36497617 0.19494861 -0.38494405
v -0.36607808 0.19494861 -0.37498060
v -0.36828190 0.19588099 -0.34496817
v -0.37040100 0.20096675 -0.29506949
v -0.37175718 0.20579819 -0.25525627
v -0.37879249 0.20715439 -0.16505633
v -0.38091156 0.20215341 -0.16505633
v -0.39015070 0.18036947 -0.16208762
v -0.40828994 0.13586920 -0.16505633
v -0.41278237 0.12493485 -0.16505633
v -0.41354522 0.12493485 -0.15501152
v -0.41761383 0.11493289 -0.15501152
v -0.41990244 0.10942332 -0.14504805
v -0.41990244 0.10933857 -0.14362469
v -0.41913956 0.10442235 -0.09002529
v -0.10492400 0.36150676 -0.44204086
v -0.11746889 0.35896388 -0.43858415
v -0.14077865 0.37032205 -0.41040176
v -0.19019534 0.35006383 -0.41011709
v -0.18494006 0.34243521 -0.42329326
v -0.18494006 0.33336565 -0.43541211
v -0.18833056 0.32921228 -0.43903148
v -0.19867162 0.33929899 -0.41922653
v -0.18977153 0.31980366 -0.44980830
v -0.20570692 0.33743423 -0.41548514
v -0.19494206 0.31785411 -0.44753093
v 0.19878100 0.37947640 -0.09002529
v 0.20047626 0.38023925 -0.14362469
v 0.20556203 0.37812018 -0.14362469
v 0.21497069 0.37354302 -0.14504805
v 0.21497069 0.37328872 -0.15501152
v 0.21039350 0.37023729 -0.22288513
v 0.20988493 0.36989823 -0.22955456
v 0.20174770 0.36082867 -0.37498060
v 0.20683347 0.35828578 -0.37498060
v 0.20564678 0.35760769 -0.38494405
v -0.00498870 0.36498201 -0.45505437
v -0.02499271 0.36413440 -0.45387501
v -0.03499471 0.36345631 -0.45346835
v -0.04499672 0.36277819 -0.45298034
v -0.05499873 0.36210009 -0.45245168
v 0.00484379 0.36498201 -0.45493239
v 0.08189314 0.36023533 -0.45029631
v 0.07485783 0.36065912 -0.45090631
v 0.06485582 0.36133724 -0.45167899
v 0.05485382 0.36201534 -0.45232967
v 0.04485181 0.36269343 -0.45289901
v 0.03484980 0.36337152 -0.45338702
v -0.05499873 0.35565814 -0.45745373
v -0.07491798 0.35498005 -0.45578638
v -0.08551332 0.35591245 -0.45379370
v -0.07491798 0.36082867 -0.45106900
v -0.09492199 0.35430196 -0.45387501
v -0.10492400 0.35277623 -0.45273632
v -0.10492400 0.35777721 -0.44704294
v 0.08502936 0.35582769 -0.45367169
v 0.09486184 0.35904863 -0.44871026
v 0.09486184 0.35404766 -0.45375302
v 0.10486385 0.35735339 -0.44647360
v 0.21327543 0.35260671 -0.38494405
v 0.21191923 0.35142004 -0.39181682
v 0.20403630 0.35447147 -0.39425686
v 0.20149341 0.35091147 -0.40121096
v 0.19488192 0.35235241 -0.40324432
v 0.18954186 0.34980956 -0.40971041
v 0.18089606 0.33039895 -0.44053617
v 0.17487790 0.32794085 -0.44720560
v 0.14402425 0.34235045 -0.44496888
v 0.11876494 0.34947050 -0.44936097
v -0.25147882 0.27115002 -0.45110965
v -0.26198941 0.26191092 -0.45171964
v -0.20079069 0.31064931 -0.45066231
v -0.24045967 0.28038913 -0.45037764
v -0.26868567 0.25843567 -0.44858828
v -0.27834862 0.25784233 -0.43809614
v -0.29046971 0.25063750 -0.43053204
v -0.32488337 0.23487170 -0.40487102
v -0.33412251 0.22385259 -0.40397632
v -0.34937981 0.20918870 -0.39929959
v -0.35166842 0.20257722 -0.40222764
v -0.35522845 0.20537439 -0.39519221
v -0.34904078 0.19808482 -0.40889707
v -0.35853419 0.19494861 -0.39807957
v -0.37014669 0.18053900 -0.39031214
v -0.37057051 0.18155615 -0.38494405
v -0.37116385 0.18282758 -0.37498060
v -0.36819714 0.19410098 -0.35472831
v -0.38014871 0.19037144 -0.23187259
v -0.37167242 0.20401819 -0.26505706
v -0.41159570 0.12383294 -0.18502393
v -0.41168046 0.12569772 -0.17481646
v -0.41685098 0.11493289 -0.16505633
v -0.41973293 0.10857570 -0.15501152
v -0.42159769 0.09492896 -0.15501152
v -0.42058054 0.10442235 -0.14504805
v -0.42295390 0.08636795 -0.14362469
v -0.42176723 0.08484223 -0.09002529
v -0.41981769 0.09942136 -0.09002529
v -0.11518029 0.35506481 -0.44505024
v -0.11950319 0.34980956 -0.44968629
v -0.16900465 0.32955134 -0.44944230
v -0.18163431 0.33065325 -0.44090217
v -0.17493804 0.32827988 -0.44777495
v -0.18570292 0.32539797 -0.44533491
v -0.18307526 0.32149890 -0.45163834
v -0.18510957 0.31505695 -0.45537972
v -0.19494206 0.31285313 -0.45232967
v 0.20479916 0.37693352 -0.09002529
v 0.20963064 0.37464494 -0.09002529
v 0.21497069 0.37354302 -0.14362469
v 0.22039551 0.37032205 -0.14504805
v 0.22022597 0.37023729 -0.15501152
v 0.21022397 0.36023533 -0.33496404
v 0.20988493 0.35998103 -0.34008810
v 0.21988693 0.36998299 -0.16025759
v 0.21420783 0.35328481 -0.37498060
v -0.00498870 0.35896388 -0.45948708
v -0.01499070 0.35837054 -0.45924312
v -0.02499271 0.35769245 -0.45887709
v 0.00484379 0.35887912 -0.45948708
v -0.03499471 0.35701436 -0.45847040
v -0.04499672 0.35633627 -0.45798242
v 0.03484980 0.35684481 -0.45838910
v 0.01484579 0.35820103 -0.45916176
v 0.07485783 0.35498005 -0.45558304
v 0.05485382 0.35557339 -0.45737240
v 0.04485181 0.35625148 -0.45790106
v -0.08491998 0.34870765 -0.45936510
v -0.09492199 0.34769049 -0.45887709
v -0.10594115 0.34480855 -0.45822641
v -0.12492801 0.33684090 -0.45838910
v -0.17493804 0.31649792 -0.45818573
v -0.15493403 0.33243325 -0.45249236
v -0.13493001 0.34158760 -0.45171964
v -0.11280693 0.35116574 -0.45131299
v 0.08485984 0.34862286 -0.45932442
v 0.10486385 0.35235241 -0.45245168
v 0.09486184 0.34743619 -0.45875508
v 0.11206868 0.35091147 -0.45106900
v 0.23014322 0.34023139 -0.38173133
v 0.22954988 0.33972281 -0.38840079
v 0.20810491 0.34870765 -0.39848626
v 0.24056904 0.33048370 -0.39063746
v 0.21920882 0.33946854 -0.39938092
v 0.20208675 0.34158760 -0.41194710
v 0.19233903 0.33150086 -0.43199605
v 0.18759231 0.32887322 -0.43870616
v 0.18216750 0.32124460 -0.45139432
v 0.16818164 0.32929704 -0.44903561
v -0.25486934 0.26513189 -0.45354968
v -0.21180984 0.30141020 -0.45135367
v -0.25554743 0.25546896 -0.45871443
v -0.26521039 0.25504518 -0.45367169
v -0.27131331 0.25173941 -0.45131299
v -0.28055245 0.24072032 -0.45058095
v -0.27800956 0.24741654 -0.44769359
v -0.31750903 0.19672862 -0.44708359
v -0.32801959 0.20495057 -0.42772597
v -0.34590456 0.20613724 -0.40600967
v -0.32963011 0.18926953 -0.43951949
v -0.35319415 0.19477908 -0.40531835
v -0.33886924 0.18748951 -0.42853934
v -0.35972089 0.18935429 -0.39962494
v -0.36768857 0.17494468 -0.39690024
v -0.35056651 0.19138859 -0.41076776
v -0.39040500 0.13103774 -0.39063746
v -0.39981365 0.10950809 -0.38901079
v -0.37955537 0.15909411 -0.38718075
v -0.40023747 0.11061000 -0.38238204
v -0.37997916 0.16011125 -0.38051134
v -0.39506695 0.12493485 -0.37498060
v -0.39896604 0.11756052 -0.36497647
v -0.39811841 0.13408919 -0.29450014
v -0.41006997 0.12018815 -0.22097377
v -0.41151091 0.11374621 -0.23504463
v -0.41108713 0.11272907 -0.24504878
v -0.40998518 0.11010142 -0.27062848
v -0.41947863 0.10493092 -0.16562568
v -0.42015672 0.10154042 -0.16265696
v -0.40973091 0.10874523 -0.27725723
v -0.40328893 0.10493092 -0.36497647
v -0.41006997 0.10060804 -0.29161277
v -0.42219102 0.08492699 -0.16505633
v -0.42558154 0.06492306 -0.15501152
v -0.43015873 0.03144190 -0.15281549
v -0.42956540 0.03669717 -0.14504805
v -0.43354926 0.00635223 -0.14362469
v -0.43236256 0.00491127 -0.09002529
v -0.14094818 0.34031615 -0.45045897
v -0.16230839 0.33090752 -0.45106900
v -0.17493804 0.32327890 -0.45314300
v -0.18705912 0.30776739 -0.45912111
v -0.18036287 0.31022549 -0.46009710
v -0.19485730 0.30463117 -0.45757574
v -0.20443548 0.30480069 -0.45289901
v 0.21412306 0.37244111 -0.09002529
v 0.21920882 0.36947441 -0.09002529
v 0.22039551 0.37032205 -0.14362469
v 0.22107360 0.36981347 -0.14362469
v 0.26006448 0.34006187 -0.15078214
v 0.22488792 0.36472774 -0.17506048
v 0.26404834 0.33667138 -0.15448286
v 0.21844596 0.35887912 -0.28502467
v 0.27964467 0.30971691 -0.30722898
v 0.27040553 0.31031024 -0.37319124
v 0.26989695 0.30997121 -0.37986064
v -0.00498870 0.35396290 -0.46180514
v -0.06491597 0.26758999 -0.49885297
v -0.07491798 0.29496825 -0.48535144
v -0.08491998 0.33497611 -0.46587187
v -0.07491798 0.34938574 -0.45969045
v 0.08485984 0.34362188 -0.46168312
v 0.06485582 0.27496433 -0.49527425
v 0.06485582 0.26742047 -0.49881232
v 0.00484379 0.27021763 -0.50007302
v -0.00498870 0.27030239 -0.50011367
v -0.09492199 0.34268951 -0.46123579
v -0.10331351 0.34133330 -0.46058512
v -0.10992500 0.33997712 -0.45997512
v -0.11492600 0.33895996 -0.45948708
v -0.16493604 0.31861699 -0.45932442
v 0.10545719 0.34463903 -0.45786041
v 0.15487388 0.33200943 -0.45216700
v 0.17487790 0.32293987 -0.45285833
v 0.12486787 0.33641708 -0.45810443
v 0.11486585 0.33853614 -0.45932442
v 0.10249049 0.34107903 -0.46042246
v 0.09486184 0.34243521 -0.46111381
v 0.16157015 0.33065325 -0.45078433
v 0.28091612 0.30073211 -0.38494405
v 0.28032279 0.30022353 -0.39035279
v 0.20886777 0.33912948 -0.40897840
v 0.19284761 0.32217699 -0.44256952
v 0.25591111 0.30573308 -0.40580636
v 0.18886375 0.31929508 -0.44923896
v 0.17581029 0.31480268 -0.45822641
v 0.19488192 0.31209028 -0.45171964
v 0.18530372 0.31556553 -0.45411903
v -0.21503083 0.29530731 -0.45383435
v -0.23469579 0.27454051 -0.45729107
v -0.24529114 0.26496238 -0.45810443
v -0.25936177 0.24919656 -0.45973110
v -0.24885118 0.25911376 -0.45964977
v -0.25266549 0.25241753 -0.46095112
v -0.26512563 0.24546701 -0.45830774
v -0.27470383 0.23487170 -0.45753509
v -0.27478859 0.24444985 -0.45281768
v -0.30496413 0.20461152 -0.45314300
v -0.30157360 0.21207061 -0.45147565
v -0.31081277 0.20105150 -0.45082498
v -0.28979158 0.22970121 -0.44976765
v -0.32005191 0.19003239 -0.45005232
v -0.32157764 0.18494664 -0.45155698
v -0.32700244 0.18553998 -0.44492823
v -0.32869771 0.17680945 -0.44822228
v -0.36217898 0.17401229 -0.40487102
v -0.38938785 0.11849291 -0.39917761
v -0.35192269 0.18494664 -0.41255713
v -0.34276831 0.18443806 -0.42512327
v -0.39337170 0.11510241 -0.39547688
v -0.39744031 0.10569378 -0.39462286
v -0.40066129 0.10281186 -0.39104414
v -0.40116987 0.10569378 -0.38543206
v -0.40057653 0.11145762 -0.37498060
v -0.39854223 0.11645861 -0.37498060
v -0.40244132 0.10493092 -0.37498060
v -0.40100035 0.11255953 -0.36497647
v -0.40905282 0.11773004 -0.24504878
v -0.41922435 0.08416413 -0.20434088
v -0.40591657 0.09492896 -0.35493165
v -0.40922233 0.09416609 -0.31430507
v -0.41693574 0.09492896 -0.21503636
v -0.40430608 0.09492896 -0.37498060
v -0.42617488 0.05492109 -0.16505633
v -0.42973492 0.02805141 -0.16505633
v -0.43219304 0.01499799 -0.15501152
v -0.43371877 0.00499603 -0.14504805
v -0.43371877 0.00499603 -0.14362469
v -0.43397307 -0.00483641 -0.14504805
v -0.43295592 -0.00483641 -0.10503149
v -0.43253210 -0.00483641 -0.09002529
v -0.19146678 0.30115592 -0.46042246
v -0.19816305 0.29852828 -0.45944643
v -0.22681285 0.27759197 -0.45899910
v -0.20545264 0.29513779 -0.45834842
v -0.17061514 0.29039109 -0.47014192
v -0.18205811 0.20147531 -0.50052035
v -0.18875438 0.19901720 -0.49962565
v -0.17493804 0.31149694 -0.46062577
v -0.15713786 0.29869780 -0.46945059
v -0.13493001 0.24495843 -0.49612826
v -0.13493001 0.23758410 -0.49909699
v 0.22480316 0.36523631 -0.09002529
v 0.22539650 0.36650774 -0.14362469
v 0.26006448 0.34006187 -0.14789476
v 0.29939440 0.30963215 -0.14504805
v 0.29922488 0.30946264 -0.15501152
v 0.27633893 0.32717797 -0.15501152
v 0.22573556 0.36311725 -0.18490194
v 0.24201001 0.35158956 -0.17506048
v 0.29871631 0.30903882 -0.16505633
v 0.29591912 0.30327499 -0.24541478
v 0.28744286 0.29801971 -0.36497647
v 0.28676474 0.29751113 -0.37498060
v -0.01083733 0.27004811 -0.49999166
v -0.06491597 0.26258901 -0.50104904
v -0.07491798 0.26148710 -0.50064236
v -0.07491798 0.26648808 -0.49840564
v -0.07491798 0.27496433 -0.49458292
v -0.08491998 0.32802561 -0.46908456
v -0.09492199 0.33497611 -0.46481451
v 0.08485984 0.31497219 -0.47489998
v 0.07485783 0.29496825 -0.48514813
v 0.07485783 0.28225389 -0.49100420
v 0.07485783 0.27496433 -0.49433893
v 0.07485783 0.26614904 -0.49832430
v 0.06485582 0.26241949 -0.50104904
v 0.05485382 0.26284331 -0.50113034
v 0.00484379 0.26496238 -0.50133371
v -0.00498870 0.26496238 -0.50133371
v -0.05499873 0.26292807 -0.50113034
v -0.09492199 0.32666939 -0.46851522
v -0.08491998 0.28606820 -0.48823884
v -0.09890584 0.29954544 -0.47978005
v -0.13136998 0.33056846 -0.46021912
v -0.16493604 0.31361598 -0.46156114
v 0.16487589 0.31819317 -0.45912111
v 0.14487188 0.32734752 -0.45867378
v 0.10545719 0.33582374 -0.46225247
v 0.15868820 0.31946459 -0.45973110
v 0.14487188 0.32234651 -0.46099180
v 0.09486184 0.33497611 -0.46452984
v 0.28591713 0.29683304 -0.38494405
v 0.29185051 0.29183206 -0.38494405
v 0.29083335 0.29098442 -0.39120680
v 0.28388283 0.29420540 -0.39413485
v 0.28091612 0.29073015 -0.40084493
v 0.19564478 0.31751508 -0.44553822
v 0.26125115 0.27098051 -0.44110551
v 0.20005244 0.31005597 -0.45009297
v 0.17970937 0.30988646 -0.45989376
v 0.21115637 0.30090162 -0.45090631
v 0.22209075 0.29166251 -0.45155698
v 0.21454687 0.29496825 -0.45322436
v 0.19437334 0.30437690 -0.45692506
v 0.18496467 0.30785215 -0.45908043
v -0.25825983 0.21774970 -0.46932858
v -0.28258675 0.21495254 -0.46095112
v -0.26860091 0.23817743 -0.45944643
v -0.23944251 0.23944888 -0.46981657
v -0.22935574 0.21927541 -0.47973937
v -0.23198338 0.21257919 -0.48075604
v -0.20918220 0.28937393 -0.45973110
v -0.27784005 0.22724310 -0.45908043
v -0.30810034 0.18748951 -0.45924312
v -0.30479461 0.19511813 -0.45777908
v -0.31445757 0.19401622 -0.45208567
v -0.32522243 0.17409705 -0.45298034
v -0.33005390 0.17019798 -0.45005232
v -0.31420326 0.18443806 -0.45680308
v -0.31700045 0.17494468 -0.45859241
v -0.35853419 0.10493092 -0.44805962
v -0.36082280 0.11196620 -0.44110551
v -0.37913156 0.10781284 -0.41881987
v -0.39074406 0.11179668 -0.40100762
v -0.36226377 0.10493092 -0.44305754
v -0.38040298 0.10120137 -0.42060924
v -0.40125462 0.09492896 -0.39206082
v -0.40998518 0.04025719 -0.39002746
v -0.40320417 0.09492896 -0.38494405
v -0.38947260 0.09492896 -0.40930372
v -0.39794889 0.09492896 -0.39706290
v -0.42414057 0.00499603 -0.27506119
v -0.42778537 0.02499996 -0.19502808
v -0.43278638 0.00499603 -0.16505633
v -0.40566230 0.08492699 -0.37498060
v -0.41032425 0.04246102 -0.38494405
v -0.43346450 0.00499603 -0.15501152
v -0.43371877 -0.00483641 -0.15501152
v -0.43261686 -0.01483838 -0.15501152
v -0.43278638 -0.01483838 -0.14504805
v -0.43295592 -0.01348218 -0.14362469
v -0.43202353 -0.00992216 -0.09002529
v -0.20943649 0.20952775 -0.48978418
v -0.14120246 0.23088787 -0.50027633
v -0.18519434 0.19537242 -0.50129300
v -0.19265346 0.19240573 -0.50076437
v -0.15256067 0.22181830 -0.50064236
v -0.19562016 0.19537242 -0.49889365
v -0.15052636 0.30022353 -0.47006059
v -0.08085137 0.26038519 -0.50015432
v -0.11763841 0.26886144 -0.48954019
v -0.14094818 0.28047389 -0.48018670
v -0.12509754 0.24453463 -0.49820232
v -0.12187655 0.24088983 -0.50031698
v 0.24735007 0.34794477 -0.09002529
v 0.29337624 0.31259885 -0.09002529
v 0.27150744 0.33116183 -0.14504805
v 0.30380207 0.30378357 -0.09502736
v 0.30388683 0.30530927 -0.14362469
v 0.30456492 0.30463117 -0.14504805
v 0.29888582 0.30912358 -0.11503564
v 0.30439541 0.30446166 -0.15501152
v 0.30405635 0.30403784 -0.16505633
v 0.30151346 0.30157974 -0.21503636
v 0.30049631 0.30056259 -0.23504463
v 0.30007249 0.30022353 -0.24236473
v 0.29939440 0.29946068 -0.25501224
v 0.29252863 0.29251015 -0.37498060
v -0.06491597 0.25496039 -0.50239104
v -0.07491798 0.25496039 -0.50190306
v -0.09492199 0.25207847 -0.50076437
v -0.08491998 0.27496433 -0.49311888
v -0.08491998 0.29496825 -0.48425347
v -0.08491998 0.31497219 -0.47510332
v 0.08485984 0.29496825 -0.48392811
v 0.08553794 0.27581194 -0.49226490
v 0.07485783 0.26114807 -0.50052035
v 0.06485582 0.25496039 -0.50235033
v 0.07485783 0.25496039 -0.50174034
v 0.05485382 0.25496039 -0.50243169
v 0.02484780 0.25496039 -0.50255370
v 0.00484379 0.25496039 -0.50259435
v -0.00498870 0.25496039 -0.50259435
v -0.02499271 0.25496039 -0.50255370
v -0.05499873 0.25496039 -0.50243169
v -0.09670201 0.27860913 -0.48937750
v 0.17301312 0.31141216 -0.46058512
v 0.16487589 0.31319219 -0.46135777
v 0.14309186 0.30132544 -0.47058925
v 0.29685152 0.28606820 -0.38494405
v 0.30015728 0.28038913 -0.39035279
v 0.29413912 0.28403389 -0.39413485
v 0.29074860 0.28098246 -0.40088561
v 0.27133793 0.27131954 -0.43150806
v 0.25082535 0.27064145 -0.45066231
v 0.26133591 0.26140234 -0.45135367
v 0.25743684 0.26801381 -0.44777495
v 0.18140464 0.20096675 -0.50035769
v 0.14046422 0.23037930 -0.50011367
v 0.13486987 0.23699076 -0.49885297
v 0.13486987 0.24495843 -0.49568093
v 0.14487188 0.26496238 -0.48543280
v 0.16487589 0.30497023 -0.46489584
v 0.19742480 0.29801971 -0.45924312
v 0.20835920 0.28886536 -0.45956844
v 0.18801613 0.19867815 -0.49942231
v 0.25438538 0.26479283 -0.45289901
v 0.20505345 0.29479873 -0.45786041
v 0.24480718 0.26470807 -0.45757574
v -0.29886121 0.19850864 -0.45956844
v -0.25427601 0.19435526 -0.47762468
v -0.19934972 0.18918477 -0.49974766
v -0.21901467 0.19876292 -0.48962152
v -0.22155756 0.19206668 -0.49059755
v -0.31055847 0.18079329 -0.46017843
v -0.28504488 0.18537046 -0.46855590
v -0.32623959 0.15494074 -0.45806375
v -0.33319014 0.15494074 -0.45306167
v -0.33115584 0.16494271 -0.45123166
v -0.34081879 0.14214163 -0.45102832
v -0.35022745 0.12069673 -0.45033699
v -0.31199944 0.17494468 -0.46082914
v -0.31878045 0.16706178 -0.45944643
v -0.33751303 0.12493485 -0.45879576
v -0.35972089 0.09899755 -0.44960496
v -0.37133336 0.10323567 -0.43179274
v -0.38099632 0.09492896 -0.42146325
v -0.36056849 0.09238608 -0.45078433
v -0.37743628 0.09492896 -0.42646530
v -0.41032425 0.03491716 -0.39055616
v -0.41515574 0.00499603 -0.38494405
v -0.40828994 0.01499799 -0.39751023
v -0.37006193 0.08043458 -0.44008881
v -0.38989642 0.08924987 -0.40983242
v -0.39930508 0.07492502 -0.39897424
v -0.39311740 0.08552033 -0.40588769
v -0.43015873 0.00177506 -0.20308019
v -0.41625765 0.00499603 -0.37498060
v -0.42041102 0.00321602 -0.32495990
v -0.40990043 0.04975059 -0.37957600
v -0.40956140 0.05500586 -0.37575328
v -0.43015873 -0.00246306 -0.20308019
v -0.43295592 -0.00483641 -0.16505633
v -0.42990446 -0.00915929 -0.19917613
v -0.43185398 -0.01483838 -0.16505633
v -0.43007398 -0.03060419 -0.16131495
v -0.42965016 -0.03730042 -0.15501152
v -0.43151495 -0.02484034 -0.14504805
v -0.43278638 -0.01483838 -0.14362469
v -0.43143019 -0.01483838 -0.09002529
v -0.13493001 0.23258312 -0.50080502
v -0.14467773 0.22503926 -0.50104904
v -0.13493001 0.22495450 -0.50210637
v -0.16493604 0.20495057 -0.50194371
v -0.17493804 0.19494861 -0.50230968
v -0.18494006 0.18494664 -0.50251305
v -0.19562016 0.18553998 -0.50133371
v -0.20180784 0.18257329 -0.50060165
v -0.11492600 0.24241556 -0.50080502
v 0.29583436 0.31064931 -0.09002529
v 0.30371732 0.30369878 -0.09002529
v 0.30956593 0.29954544 -0.14362469
v 0.30956593 0.29954544 -0.14504805
v 0.29837725 0.30861500 -0.09002529
v 0.30939642 0.29937589 -0.15501152
v 0.30905735 0.29878256 -0.16505633
v 0.30202204 0.29259491 -0.28502467
v 0.29795343 0.28750917 -0.36497647
v 0.29744485 0.28683108 -0.37498060
v -0.05499873 0.20495057 -0.50434303
v -0.07491798 0.24495843 -0.50267571
v -0.08491998 0.24495843 -0.50247240
v -0.11492600 0.23495647 -0.50214702
v 0.08401221 0.26402998 -0.49759230
v 0.08680938 0.25852042 -0.49938166
v 0.12113830 0.24055079 -0.50023568
v 0.09486184 0.25165465 -0.50060165
v 0.11486585 0.24199174 -0.50072366
v 0.08401221 0.25512993 -0.50092703
v 0.09486184 0.24495843 -0.50190306
v 0.08485984 0.24495843 -0.50243169
v 0.07485783 0.24495843 -0.50263500
v 0.06485582 0.23495647 -0.50312304
v 0.05485382 0.21495254 -0.50397706
v 0.05485382 0.20495057 -0.50434303
v 0.04485181 0.19494861 -0.50470906
v -0.04499672 0.19494861 -0.50470906
v 0.14978811 0.29988447 -0.46993858
v 0.30083537 0.28106722 -0.38494405
v 0.33974147 0.22970121 -0.38868546
v 0.33050233 0.24063554 -0.39067814
v 0.33236712 0.23419361 -0.39441952
v 0.29998773 0.27004811 -0.39999095
v 0.29736009 0.27665958 -0.39706290
v 0.27091411 0.26131758 -0.44118685
v 0.26794741 0.25750327 -0.44781560
v 0.27057505 0.25089180 -0.45070297
v 0.26472643 0.25453660 -0.45298034
v 0.25523299 0.25512993 -0.45822641
v 0.19208474 0.19198193 -0.50068301
v 0.18471038 0.19520290 -0.50113034
v 0.15182242 0.22130972 -0.50047970
v 0.13486987 0.23198979 -0.50068301
v 0.12783456 0.23894030 -0.49958497
v 0.13436130 0.26419950 -0.48783216
v 0.13486987 0.28640726 -0.47847870
v 0.23709376 0.26784429 -0.45912111
v 0.20869824 0.20884964 -0.48962152
v 0.24811293 0.25860518 -0.45944643
v -0.25046167 0.19054095 -0.48014605
v -0.20841934 0.17782660 -0.49942231
v -0.20502883 0.18553998 -0.49860898
v -0.25749698 0.18494664 -0.47904804
v -0.30496413 0.17494468 -0.46371651
v -0.29072398 0.17104560 -0.47026390
v -0.34658265 0.10493092 -0.45826709
v -0.34234452 0.13493681 -0.45241100
v -0.35149887 0.11493289 -0.45159766
v -0.29733548 0.16494271 -0.46892190
v -0.26080272 0.08170602 -0.50031698
v -0.33895400 0.11764529 -0.45956844
v -0.26724470 0.07492502 -0.49881232
v -0.34861696 0.09492896 -0.45936510
v -0.35353318 0.10493092 -0.45326501
v -0.36955336 0.08713081 -0.43943816
v -0.35582179 0.09543753 -0.45399702
v -0.36124662 0.08492699 -0.45159766
v -0.41218904 0.00499603 -0.39344352
v -0.41532525 -0.00483641 -0.38494405
v -0.39023548 0.03178095 -0.42032456
v -0.37980965 0.00864081 -0.43972284
v -0.38023347 0.00194458 -0.44037348
v -0.40439084 0.00499603 -0.40495235
v -0.40888327 0.00499603 -0.39844558
v -0.36675617 0.08424889 -0.44399288
v -0.36692572 0.07492502 -0.44557890
v -0.36828190 0.05492109 -0.44749027
v -0.37531722 0.01499799 -0.44496888
v -0.37735152 0.05568396 -0.43431407
v -0.42007196 0.00118172 -0.33195466
v -0.41642717 -0.00483641 -0.37498060
v -0.43143019 -0.00483641 -0.18502393
v -0.42007196 -0.00161544 -0.33195466
v -0.43015873 -0.01136312 -0.19250672
v -0.43109113 -0.01483838 -0.17506048
v -0.42973492 -0.00542975 -0.20584556
v -0.42041102 -0.00492117 -0.32483789
v -0.41981769 -0.00822691 -0.32805061
v -0.42007196 -0.01068502 -0.32142183
v -0.42981967 -0.02865465 -0.16794370
v -0.42261484 -0.08485214 -0.16505633
v -0.42202151 -0.09485410 -0.15501152
v -0.42007196 -0.11028086 -0.15192081
v -0.42490345 -0.07485017 -0.14504805
v -0.43041304 -0.03297753 -0.14362469
v -0.42007196 -0.10095699 -0.09002529
v -0.12509754 0.23546505 -0.50117099
v -0.12492801 0.22495450 -0.50255370
v -0.14493202 0.21495254 -0.50243169
v -0.15493403 0.20495057 -0.50255370
v -0.14493202 0.14493878 -0.50462770
v -0.18494006 0.17494468 -0.50275707
v -0.21494608 0.14493878 -0.50247240
v -0.19494206 0.17494468 -0.50239104
v -0.20494406 0.16494271 -0.50206566
v -0.22528712 0.14493878 -0.50117099
v -0.20502883 0.17469040 -0.50104904
v -0.22215091 0.15307598 -0.50072366
v -0.23113576 0.14163305 -0.50039834
v 0.30880308 0.29844353 -0.09002529
v 0.31422788 0.29361206 -0.14362469
v 0.31346503 0.29454446 -0.14504805
v 0.31329548 0.29437491 -0.15501152
v 0.34135199 0.25173941 -0.20503223
v 0.31304121 0.27581194 -0.30458561
v 0.30193728 0.28250819 -0.36497647
v 0.31829649 0.28793299 -0.15501152
v 0.33101091 0.27140430 -0.15501152
v 0.37025607 0.22037733 -0.15501152
v 0.37000179 0.22003828 -0.16070494
v 0.36016929 0.23020977 -0.18189257
v 0.35067588 0.24088983 -0.19502808
v -0.05499873 0.19494861 -0.50466841
v -0.06491597 0.21495254 -0.50385505
v 0.10486385 0.27131954 -0.49055687
v 0.11020391 0.27013287 -0.49002820
v 0.12461358 0.23529552 -0.50104904
v 0.11486585 0.23495647 -0.50198436
v 0.12486787 0.22495450 -0.50251305
v 0.05485382 0.18494664 -0.50491238
v 0.14487188 0.14493878 -0.50462770
v -0.05499873 0.18494664 -0.50491238
v 0.30998975 0.26996335 -0.38018599
v 0.34016529 0.23029454 -0.38201600
v 0.35262543 0.21351157 -0.38494405
v 0.35135397 0.21198586 -0.39185750
v 0.34550536 0.21563064 -0.39563954
v 0.34872633 0.20825630 -0.39852691
v 0.33948720 0.21936019 -0.39942160
v 0.30193728 0.24250032 -0.42223591
v 0.27981421 0.23987269 -0.44988963
v 0.31015927 0.20020388 -0.45017430
v 0.30092013 0.21122299 -0.45094699
v 0.29168099 0.22215734 -0.45155698
v 0.26464167 0.24495843 -0.45765707
v 0.29490197 0.21469826 -0.45326501
v 0.28549331 0.22529355 -0.45411903
v 0.25862351 0.24834894 -0.45948708
v 0.25201201 0.25199372 -0.46070713
v 0.18496467 0.18494664 -0.50243169
v 0.20488392 0.19494861 -0.49527425
v 0.19869624 0.18825237 -0.49950367
v 0.20098484 0.18155615 -0.50039834
v 0.19513620 0.18494664 -0.50113034
v 0.16487589 0.20495057 -0.50182170
v 0.15504341 0.21537635 -0.50125235
v 0.13486987 0.22495450 -0.50190306
v 0.23861949 0.23885554 -0.46961325
v 0.25523299 0.24495843 -0.46180514
v 0.23488994 0.22495450 -0.47526598
v -0.23469579 0.14493878 -0.49820232
v -0.24520637 0.15485598 -0.49165487
v -0.25953129 0.17935233 -0.47978005
v -0.24495208 0.13493681 -0.49653494
v -0.23961203 0.12942725 -0.49986964
v -0.27088949 0.16121316 -0.48030871
v -0.24495208 0.14493878 -0.49429825
v -0.24122253 0.12273103 -0.50052035
v -0.26224369 0.07492502 -0.50080502
v -0.33497015 0.09492896 -0.46542454
v -0.34361595 0.09492896 -0.46160179
v -0.26843137 0.06492306 -0.49942231
v -0.27495810 0.06492306 -0.49653494
v -0.27495810 0.07492502 -0.49539626
v -0.34971887 0.08806320 -0.45985311
v -0.35404176 0.08484223 -0.45716906
v -0.35556749 0.07492502 -0.45725042
v -0.36192471 0.07492502 -0.45224833
v -0.37158766 0.00499603 -0.45188233
v -0.37090957 0.01499799 -0.45115030
v -0.36989242 0.02966189 -0.44993031
v -0.41227379 -0.00483641 -0.39360619
v -0.40905282 -0.00483641 -0.39860827
v -0.41176522 -0.01483838 -0.39279282
v -0.41015473 -0.04111473 -0.39023080
v -0.41422334 -0.01483838 -0.38494405
v -0.37167242 -0.00483641 -0.45200431
v -0.38023347 -0.00271735 -0.44037348
v -0.41532525 -0.01483838 -0.37498060
v -0.41803765 -0.00483641 -0.35493165
v -0.41769862 -0.01483838 -0.34496817
v -0.42558154 -0.01483838 -0.24504878
v -0.42583585 -0.02484034 -0.22504050
v -0.42083484 -0.08586928 -0.18599996
v -0.41964814 -0.10722941 -0.16505633
v -0.42058054 -0.10544940 -0.15517420
v -0.41871578 -0.11417993 -0.15517420
v -0.41854623 -0.11536661 -0.14504805
v -0.42007196 -0.11036562 -0.14504805
v -0.42091960 -0.10485607 -0.14504805
v -0.41981769 -0.10909419 -0.15859024
v -0.41006997 -0.11011133 -0.28107995
v -0.42770061 -0.05349004 -0.14362469
v -0.41939387 -0.10587321 -0.09002529
v -0.13493001 0.21495254 -0.50267571
v -0.14493202 0.13493681 -0.50483108
v -0.15493403 0.14493878 -0.50434303
v -0.22494808 0.12493485 -0.50259435
v -0.22494808 0.13493681 -0.50214702
v -0.23308530 0.13493681 -0.50088632
v -0.23808630 0.13493681 -0.49925965
v 0.32736611 0.27657482 -0.14362469
v 0.36745891 0.22207259 -0.09002529
v 0.36228839 0.23114216 -0.14362469
v 0.33999577 0.26013091 -0.15122947
v 0.31846604 0.28810251 -0.14504805
v 0.32846802 0.24800988 -0.36497647
v 0.34982824 0.21978399 -0.36831117
v 0.37042561 0.22054686 -0.14504805
v 0.37347707 0.21495254 -0.15501152
v 0.37229037 0.21571539 -0.16444632
v 0.37025607 0.21046013 -0.22504050
v 0.37000179 0.21003632 -0.23081525
v 0.35999978 0.21003632 -0.34045410
v 0.14487188 0.21495254 -0.50226903
v 0.15487388 0.20495057 -0.50251305
v 0.13486987 0.21495254 -0.50263500
v 0.13486987 0.14493878 -0.50474972
v 0.13486987 0.13493681 -0.50491238
v 0.07485783 0.15494074 -0.50507510
v 0.06485582 0.16494271 -0.50503439
v 0.02484780 0.17494468 -0.50503439
v 0.14487188 0.13493681 -0.50474972
v 0.17487790 0.18494664 -0.50271636
v 0.18496467 0.17494468 -0.50271636
v 0.21497069 0.13493681 -0.50263500
v 0.22488792 0.12493485 -0.50251305
v 0.19488192 0.05492109 -0.50466841
v 0.18496467 0.05492109 -0.50491238
v -0.02499271 0.17494468 -0.50503439
v -0.06491597 0.16494271 -0.50503439
v -0.07491798 0.15494074 -0.50507510
v -0.09492199 0.14493878 -0.50507510
v -0.12492801 0.13493681 -0.50499374
v 0.35321876 0.21435919 -0.37498060
v 0.35821977 0.20706964 -0.37498060
v 0.35754165 0.20605248 -0.38494405
v 0.36008453 0.20020388 -0.39019012
v 0.35449019 0.20427248 -0.39433819
v 0.35101491 0.20156008 -0.40137362
v 0.34169102 0.20223817 -0.41198778
v 0.33567286 0.20588297 -0.41576982
v 0.32202607 0.20495057 -0.43232137
v 0.31210881 0.19494861 -0.45180100
v 0.32228035 0.19291431 -0.44261020
v 0.31931365 0.18901524 -0.44927961
v 0.30448017 0.20410295 -0.45224833
v 0.29490197 0.20520486 -0.45790106
v 0.26786265 0.23732981 -0.45916176
v 0.30431065 0.19460955 -0.45700639
v 0.28888381 0.20868012 -0.45960909
v 0.20488392 0.16494271 -0.50186235
v 0.21497069 0.14493878 -0.50226903
v 0.20488392 0.15494074 -0.50251305
v 0.24836722 0.22783643 -0.46936923
v 0.22081931 0.19121906 -0.49035352
v 0.28464568 0.18486188 -0.46810853
v 0.27489796 0.17494468 -0.47441196
v 0.24794340 0.15714458 -0.48925552
v 0.21013921 0.17019798 -0.49999166
v 0.22141266 0.15205882 -0.50052035
v 0.21530974 0.15527980 -0.50125235
v 0.29490197 0.19460955 -0.46143913
v -0.24291778 0.11493289 -0.50096768
v -0.25495410 0.07492502 -0.50210637
v -0.26351514 0.06492306 -0.50113034
v -0.26995710 0.04000291 -0.49995100
v -0.27495810 0.05492109 -0.49706364
v -0.29030016 0.05246298 -0.49010953
v -0.28945255 0.06492306 -0.48974353
v -0.30937180 0.07492502 -0.47969872
v -0.30437079 0.07492502 -0.48201674
v -0.35192269 0.05492109 -0.46091044
v -0.35955134 0.01499799 -0.45977175
v -0.35887325 0.02499996 -0.45944643
v -0.35760179 0.04491913 -0.45875508
v -0.35692370 0.05492109 -0.45830774
v -0.35624561 0.06492306 -0.45781976
v -0.30589652 0.06526211 -0.48197609
v -0.36260280 0.06492306 -0.45281768
v -0.36497617 0.01499799 -0.45598972
v -0.36412853 0.00567413 -0.45749441
v -0.36523044 -0.00483641 -0.45700639
v -0.39710125 -0.01492314 -0.41418380
v -0.40845945 -0.01483838 -0.39779490
v -0.39210024 -0.00483641 -0.42300859
v -0.37989441 -0.00941358 -0.43988550
v -0.40964615 -0.04781096 -0.38762811
v -0.41168046 -0.03484231 -0.38494405
v -0.40778136 -0.02484034 -0.39685956
v -0.39989844 -0.06908632 -0.39982826
v -0.39811841 -0.09485410 -0.39734757
v -0.40142417 -0.09485410 -0.39234549
v -0.40074605 -0.10485607 -0.39124748
v -0.40023747 -0.11061991 -0.39039347
v -0.40362799 -0.09485410 -0.38494405
v -0.37107909 -0.01483838 -0.45139432
v -0.37726676 -0.00559927 -0.44419622
v -0.36345044 -0.05484624 -0.45346835
v -0.36277235 -0.06484820 -0.45298034
v -0.36209422 -0.07485017 -0.45245168
v -0.38303062 -0.00559927 -0.43594077
v -0.41006997 -0.05069288 -0.38095868
v -0.40871376 -0.06484820 -0.37498060
v -0.41820720 -0.03484231 -0.30499229
v -0.41083282 -0.09587125 -0.29600483
v -0.41286713 -0.10485607 -0.25501224
v -0.41769862 -0.11485803 -0.16505633
v -0.41405380 -0.12486000 -0.16505633
v -0.41481668 -0.12486000 -0.15501152
v -0.41507095 -0.12486000 -0.14362469
v -0.41727480 -0.11485803 -0.09002529
v -0.41990244 -0.11087420 -0.14362469
v -0.41507095 -0.12486000 -0.14504805
v -0.42007196 -0.11028086 -0.14362469
v -0.41998720 -0.11002657 -0.13793129
v -0.41990244 -0.10960276 -0.13126186
v -0.41981769 -0.10909419 -0.12499911
v -0.40990043 -0.11968949 -0.23931471
v -0.41608810 -0.11485803 -0.18502393
v -0.41049376 -0.10502559 -0.28465867
v -0.40472990 -0.09485410 -0.37498060
v -0.40405181 -0.10485607 -0.36497647
v -0.40320417 -0.10485607 -0.37498060
v -0.40066129 -0.11172182 -0.38494405
v -0.40116987 -0.11290850 -0.37498060
v -0.40828994 -0.11401041 -0.28465867
v -0.13493001 0.12493485 -0.50499374
v -0.14493202 0.10493092 -0.50503439
v -0.18494006 0.05492109 -0.50491238
v -0.19494206 0.05492109 -0.50470906
v -0.24495208 0.08492699 -0.50255370
v -0.23495008 0.11493289 -0.50226903
v -0.20494406 0.05492109 -0.50438374
v -0.23571295 0.12561294 -0.50129300
v 0.36949322 0.21936019 -0.09002529
v 0.37042561 0.22054686 -0.14362469
v 0.37440944 0.21368110 -0.14362469
v 0.37822378 0.20571344 -0.15501152
v 0.37195134 0.21334206 -0.18502393
v 0.37813902 0.20410295 -0.16460899
v 0.37110370 0.20266199 -0.25501224
v 0.36101693 0.20206866 -0.37498060
v 0.35881311 0.20791726 -0.36497647
v 0.14487188 0.09492896 -0.50507510
v 0.10486385 0.13493681 -0.50507510
v 0.06485582 0.14493878 -0.50511575
v 0.03484980 0.15494074 -0.50511575
v 0.03484980 0.16494271 -0.50507510
v 0.08485984 0.13493681 -0.50511575
v 0.22488792 0.13493681 -0.50194371
v 0.23488994 0.11493289 -0.50202501
v 0.23488994 0.10493092 -0.50251305
v 0.19488192 0.04491913 -0.50474972
v 0.21497069 0.05492109 -0.50397706
v 0.18496467 -0.05484624 -0.50491238
v 0.17487790 0.02499996 -0.50503439
v 0.16487589 0.06492306 -0.50503439
v 0.15487388 0.07492502 -0.50507510
v -0.03499471 0.16494271 -0.50507510
v -0.07491798 0.14493878 -0.50511575
v -0.14493202 0.09492896 -0.50507510
v 0.36042359 0.20105150 -0.38494405
v 0.35906738 0.18774380 -0.39873025
v 0.34770918 0.18587902 -0.41503781
v 0.35245588 0.19494861 -0.40344766
v 0.38975152 0.12942725 -0.38827878
v 0.38034284 0.15078738 -0.39051548
v 0.34075862 0.19147335 -0.42101589
v 0.32880709 0.18782857 -0.43874681
v 0.33160424 0.19240573 -0.43211806
v 0.31549934 0.18545522 -0.45420036
v 0.32134795 0.18240377 -0.45147565
v 0.30804020 0.18494664 -0.45912111
v 0.29812297 0.19766100 -0.45928377
v 0.30075061 0.19096477 -0.46025980
v 0.30303919 0.18494664 -0.46111381
v 0.30990499 0.17986089 -0.45993444
v 0.28998575 0.17011322 -0.47001991
v 0.23421183 0.14443021 -0.49775496
v 0.23039751 0.14070065 -0.50015432
v 0.23200800 0.13493681 -0.50068301
v 0.22480316 0.14443021 -0.50088632
v -0.25495410 0.06492306 -0.50247240
v -0.26495609 0.00499603 -0.50194371
v -0.27148283 0.00499603 -0.50064236
v -0.27021140 0.03491716 -0.50007302
v -0.28496012 0.04491913 -0.49291557
v -0.36031422 0.00287697 -0.46013778
v -0.35455033 0.01499799 -0.46213049
v -0.36022946 -0.00483641 -0.46009710
v -0.35997516 -0.01000692 -0.45997512
v -0.35955134 -0.01661839 -0.45977175
v -0.35768658 -0.04484427 -0.45883644
v -0.35700846 -0.05484624 -0.45847040
v -0.37574103 -0.01483838 -0.44496888
v -0.38955736 -0.04484427 -0.41934854
v -0.37277433 -0.09485410 -0.43398875
v -0.38955736 -0.09680364 -0.40938509
v -0.39727077 -0.10485607 -0.39624956
v -0.40218702 -0.10485607 -0.38494405
v -0.38057253 -0.10188938 -0.42085323
v -0.36014467 -0.10027889 -0.45017430
v -0.39116785 -0.11273897 -0.40157697
v -0.38981166 -0.11943520 -0.39970627
v -0.38006395 -0.16003640 -0.39010879
v -0.36141613 -0.08485214 -0.45180100
v -0.37006193 -0.03060419 -0.45009297
v -0.35633036 -0.06484820 -0.45798242
v -0.35565227 -0.07485017 -0.45741308
v -0.40710327 -0.09485410 -0.34496817
v -0.41049376 -0.12121521 -0.22504050
v -0.41193473 -0.12579238 -0.18579662
v -0.41100234 -0.13231909 -0.16505633
v -0.40659469 -0.14486392 -0.15501152
v -0.37997916 -0.21004623 -0.15057880
v -0.41151091 -0.13359052 -0.14504805
v -0.41074806 -0.13189527 -0.09002529
v -0.41363001 -0.12486000 -0.09002529
v -0.38040298 -0.16088402 -0.38494405
v -0.38989642 -0.13960865 -0.37884396
v -0.39913556 -0.11790948 -0.37498060
v -0.40015271 -0.12028282 -0.35200360
v -0.18494006 0.04491913 -0.50495309
v -0.19494206 0.04491913 -0.50479043
v -0.22494808 0.05492109 -0.50369239
v 0.37254468 0.21435919 -0.09002529
v 0.37830853 0.20596772 -0.14362469
v 0.37830853 0.20596772 -0.14504805
v 0.40356785 0.14493878 -0.14504805
v 0.40975553 0.12942725 -0.15501152
v 0.39068389 0.17163894 -0.17506048
v 0.36813700 0.19545718 -0.32495990
v 0.36406839 0.19494861 -0.37498060
v 0.38941246 0.16858749 -0.20503223
v 0.37737614 0.16494271 -0.36497647
v 0.37652853 0.16494271 -0.37498060
v 0.14487188 0.07492502 -0.50511575
v 0.06485582 0.11493289 -0.50519705
v 0.01484579 0.14493878 -0.50515640
v 0.23522899 0.12476532 -0.50108969
v 0.24192524 0.11493289 -0.50076437
v 0.25497872 0.07492502 -0.50178099
v 0.25497872 0.06492306 -0.50239104
v 0.24489194 0.07492502 -0.50263500
v 0.25497872 0.01499799 -0.50259435
v 0.25497872 -0.00483641 -0.50263500
v 0.21497069 -0.05484624 -0.50401771
v 0.19488192 -0.05484624 -0.50470906
v 0.25497872 0.05492109 -0.50247240
v 0.17487790 -0.05484624 -0.50499374
v 0.17487790 -0.02484034 -0.50503439
v 0.14487188 -0.13486196 -0.50479043
v 0.13486987 -0.12486000 -0.50499374
v 0.14487188 -0.09485410 -0.50507510
v 0.15487388 -0.07485017 -0.50507510
v 0.16487589 0.03491716 -0.50507510
v -0.03499471 0.15494074 -0.50511575
v -0.01499070 0.14493878 -0.50515640
v -0.01499070 0.01499799 -0.50544107
v -0.14493202 0.07492502 -0.50511575
v -0.15493403 0.07492502 -0.50507510
v 0.36991704 0.17986089 -0.37961665
v 0.39000580 0.11018619 -0.40011293
v 0.38475052 0.11459383 -0.40474901
v 0.36127123 0.12307008 -0.43167073
v 0.32940042 0.16858749 -0.44915763
v 0.33050233 0.18121709 -0.44065815
v 0.39009055 0.13044441 -0.38160935
v 0.39593920 0.11493289 -0.38494405
v 0.39992306 0.10018422 -0.39006814
v 0.39093819 0.12273103 -0.39157283
v 0.31473646 0.17587706 -0.45834842
v 0.32795945 0.17494468 -0.44740891
v 0.33067188 0.16189127 -0.45090631
v 0.32304323 0.17494468 -0.45298034
v 0.24489194 0.13493681 -0.49568093
v 0.23700900 0.13493681 -0.49885297
v 0.31821173 0.16494271 -0.45916176
v 0.31321073 0.16494271 -0.46135777
v 0.26014924 0.08026505 -0.50003231
v 0.24048428 0.12129007 -0.50023568
v 0.24489194 0.14493878 -0.49352556
v 0.23878902 0.12798630 -0.49958497
v -0.25495410 0.05492109 -0.50255370
v -0.26495609 -0.00483641 -0.50194371
v -0.27148283 -0.00483641 -0.50068301
v -0.25495410 0.02499996 -0.50263500
v -0.25495410 0.00499603 -0.50267571
v -0.27656859 0.00499603 -0.49836498
v -0.28496012 0.00499603 -0.49454224
v -0.34497216 0.00499603 -0.46709186
v -0.27071998 -0.02484034 -0.50031698
v -0.27004185 -0.04035186 -0.49995100
v -0.27495810 -0.06484820 -0.49657562
v -0.28877443 -0.07485017 -0.48945886
v -0.32937580 -0.08485214 -0.46973526
v -0.34980363 -0.08849692 -0.45985311
v -0.36912954 -0.04484427 -0.44875097
v -0.36701047 -0.08476737 -0.44415557
v -0.36921430 -0.09485410 -0.43899083
v -0.36760381 -0.14571156 -0.41495648
v -0.36065325 -0.09485410 -0.45082498
v -0.35497415 -0.09485410 -0.45546103
v -0.35522845 -0.10409320 -0.45306167
v -0.35209224 -0.11485803 -0.45216700
v -0.34124258 -0.14308392 -0.45139432
v -0.33047771 -0.17114027 -0.45058095
v -0.32912153 -0.17783651 -0.44879162
v -0.33937782 -0.18851657 -0.42910868
v -0.35878849 -0.19699281 -0.39832360
v -0.37057051 -0.18139653 -0.39092213
v -0.35963610 -0.20928337 -0.38803476
v -0.36624759 -0.19487375 -0.38494405
v -0.37124860 -0.18300702 -0.38494405
v -0.35412654 -0.08502166 -0.45737240
v -0.40184796 -0.12579238 -0.30543962
v -0.40845945 -0.12621620 -0.22504050
v -0.40845945 -0.13426863 -0.18579662
v -0.39803365 -0.16393547 -0.16412099
v -0.37947059 -0.20869003 -0.16505633
v -0.39811841 -0.16537642 -0.15501152
v -0.37777534 -0.21394530 -0.15436085
v -0.37802964 -0.21394530 -0.14512938
v -0.37997916 -0.21004623 -0.14850476
v -0.39116785 -0.18275273 -0.14362469
v -0.38167444 -0.20572335 -0.14362469
v -0.37921631 -0.20809668 -0.09002529
v -0.36972287 -0.18927944 -0.37498060
v -0.39048976 -0.14104962 -0.36497647
v -0.17493804 0.03491716 -0.50503439
v -0.17493804 -0.01483838 -0.50507510
v -0.18494006 -0.04484427 -0.50495309
v -0.19494206 -0.04484427 -0.50479043
v -0.21494608 -0.05484624 -0.50409907
v 0.37720662 0.20486581 -0.09002529
v 0.37737614 0.20486581 -0.09502736
v 0.38356382 0.18960857 -0.09002529
v 0.38737816 0.18409902 -0.14362469
v 0.40984029 0.12968154 -0.14362469
v 0.41162032 0.12535866 -0.14362469
v 0.40984029 0.12968154 -0.14504805
v 0.41178983 0.12442628 -0.15501152
v 0.41187459 0.11595003 -0.19584143
v 0.40992504 0.11993387 -0.19974548
v 0.40195736 0.13595396 -0.21597171
v 0.40043163 0.11111858 -0.35493165
v 0.39297250 0.12493485 -0.37498060
v 0.15487388 0.03491716 -0.50511575
v 0.14487188 0.01499799 -0.50515640
v 0.11486585 0.06492306 -0.50519705
v 0.01484579 0.01499799 -0.50544107
v 0.00484379 0.03491716 -0.50540042
v 0.26133591 0.07492502 -0.50052035
v 0.25514823 0.08416413 -0.50092703
v 0.26260737 0.06492306 -0.50104904
v 0.26311594 0.05492109 -0.50113034
v 0.26489595 0.00499603 -0.50145566
v 0.26489595 -0.00483641 -0.50149632
v 0.25497872 -0.04484427 -0.50251305
v 0.25497872 -0.06484820 -0.50243169
v 0.24489194 -0.07485017 -0.50271636
v 0.23488994 -0.10485607 -0.50255370
v 0.22488792 -0.12486000 -0.50255370
v 0.14487188 -0.14486392 -0.50462770
v 0.16487589 -0.04484427 -0.50507510
v 0.13486987 -0.14486392 -0.50483108
v 0.12486787 -0.13486196 -0.50499374
v 0.14487188 -0.07485017 -0.50511575
v 0.09486184 -0.14486392 -0.50507510
v -0.00498870 0.03491716 -0.50540042
v -0.00498870 -0.00483641 -0.50544107
v -0.03499471 -0.01483838 -0.50540042
v -0.03499471 0.01499799 -0.50540042
v -0.15493403 0.04491913 -0.50511575
v -0.16493604 0.04491913 -0.50507510
v 0.39204010 0.11408526 -0.39494818
v 0.39610872 0.10408329 -0.39401287
v 0.39076868 0.10493092 -0.40125161
v 0.37966475 0.09848898 -0.41971454
v 0.37059513 0.10162518 -0.43089804
v 0.36127123 0.10493092 -0.44171554
v 0.34957397 0.11908624 -0.44948298
v 0.35101491 0.11239001 -0.45115030
v 0.39704111 0.11493289 -0.37498060
v 0.39958400 0.10849094 -0.37498060
v 0.39890590 0.10645664 -0.38494405
v 0.40026209 0.10145566 -0.38494405
v 0.40365261 0.08492699 -0.37498060
v 0.41017935 0.03135714 -0.38165003
v 0.40975553 0.02847522 -0.38831943
v 0.41017935 0.02186375 -0.39035279
v 0.39763445 0.08492699 -0.39657488
v 0.39687160 0.09492896 -0.39559889
v 0.39187059 0.09492896 -0.40283763
v 0.33219761 0.15494074 -0.45224833
v 0.35245588 0.10493092 -0.45253301
v 0.33643574 0.12493485 -0.45822641
v 0.32736611 0.14493878 -0.45871443
v 0.33855480 0.11493289 -0.45932442
v 0.33974147 0.10933857 -0.45985311
v 0.31939840 0.15883982 -0.45977175
v -0.25495410 -0.01483838 -0.50267571
v -0.25495410 -0.05484624 -0.50255370
v -0.25495410 -0.06484820 -0.50251305
v -0.26359990 -0.06484820 -0.50117099
v -0.26860091 -0.06484820 -0.49946299
v -0.27495810 -0.07485017 -0.49580294
v -0.34904078 -0.09485410 -0.45956844
v -0.34734550 -0.10485607 -0.45867378
v -0.33615682 -0.13486196 -0.45790106
v -0.34293786 -0.13486196 -0.45289901
v -0.33174917 -0.16486786 -0.45188233
v -0.32234049 -0.18495655 -0.45237035
v -0.32081476 -0.19097468 -0.45082498
v -0.32742625 -0.18495655 -0.44683957
v -0.33022344 -0.19038135 -0.44029218
v -0.34954935 -0.19911188 -0.40950707
v -0.36107707 -0.20275666 -0.39169481
v -0.36014467 -0.21013099 -0.38136536
v -0.36175519 -0.20555381 -0.38482207
v -0.35717800 -0.20555381 -0.39498886
v -0.35217699 -0.21403006 -0.39433819
v -0.35039696 -0.22055677 -0.39059681
v -0.32022142 -0.26014081 -0.39027148
v -0.35666943 -0.21403006 -0.38482207
v -0.36311138 -0.20496048 -0.37498060
v -0.37997916 -0.17995557 -0.29978687
v -0.36997718 -0.21004623 -0.27038446
v -0.37641913 -0.21487768 -0.16505633
v -0.37243530 -0.22318441 -0.15501152
v -0.37252006 -0.22326916 -0.14504805
v -0.37252006 -0.22326916 -0.14362469
v -0.37167242 -0.22225201 -0.09002529
v -0.37599534 -0.21487768 -0.09002529
v -0.37828392 -0.21335196 -0.14362469
v -0.36845145 -0.19419566 -0.36570847
v -0.16493604 0.00499603 -0.50511575
v -0.16493604 -0.00483641 -0.50511575
v -0.15493403 -0.04484427 -0.50511575
v -0.15493403 -0.07485017 -0.50507510
v -0.18494006 -0.05484624 -0.50491238
v -0.19494206 -0.05484624 -0.50474972
v -0.22494808 -0.06484820 -0.50361103
v 0.40077066 0.14790547 -0.09002529
v 0.41119650 0.12298532 -0.09502736
v 0.41187459 0.12468056 -0.14504805
v 0.41272223 0.11891672 -0.09002529
v 0.41475654 0.11484812 -0.10503149
v 0.41577369 0.11493289 -0.14362469
v 0.41577369 0.11493289 -0.14504805
v 0.41551939 0.11493289 -0.15501152
v 0.41399366 0.11493289 -0.17506048
v 0.41017935 0.11052524 -0.24269009
v 0.40992504 0.10967761 -0.24935950
v 0.39983827 0.10950809 -0.36871785
v 0.39822778 0.11425479 -0.36522046
v 0.14487188 -0.01483838 -0.50515640
v 0.03484980 0.00499603 -0.50540042
v 0.01484579 -0.01483838 -0.50544107
v 0.26633692 0.07492502 -0.49832430
v 0.26760837 0.06492306 -0.49893433
v 0.26811695 0.05492109 -0.49917832
v 0.27015126 0.01253988 -0.50007302
v 0.27049029 0.00499603 -0.50023568
v 0.27049029 -0.00483641 -0.50023568
v 0.26269212 -0.06484820 -0.50108969
v 0.25497872 -0.07485017 -0.50202501
v 0.24489194 -0.09485410 -0.50214702
v 0.24489194 -0.08485214 -0.50251305
v 0.23488994 -0.11485803 -0.50218773
v 0.22488792 -0.13486196 -0.50218773
v 0.21497069 -0.14486392 -0.50247240
v 0.15487388 -0.15486589 -0.50413972
v 0.14487188 -0.15486589 -0.50438374
v 0.15487388 -0.03484231 -0.50511575
v 0.05485382 -0.19487375 -0.50474972
v 0.05485382 -0.18495655 -0.50491238
v 0.10486385 -0.14486392 -0.50503439
v 0.07485783 -0.14486392 -0.50511575
v 0.12486787 -0.03484231 -0.50519705
v 0.04485181 -0.18495655 -0.50495309
v 0.07485783 -0.15486589 -0.50507510
v -0.05499873 -0.00483641 -0.50535977
v -0.00498870 -0.05484624 -0.50535977
v -0.04499672 -0.05484624 -0.50531906
v -0.09492199 -0.13486196 -0.50511575
v -0.13493001 -0.09485410 -0.50511575
v -0.14493202 -0.07485017 -0.50511575
v -0.14493202 -0.02484034 -0.50515640
v -0.05499873 0.00499603 -0.50535977
v 0.35991502 0.08975845 -0.44993031
v 0.35923693 0.09492896 -0.44899493
v 0.35745689 0.10493092 -0.44667691
v 0.40077066 0.10348996 -0.37498060
v 0.40221164 0.09492896 -0.37498060
v 0.40390688 0.09492896 -0.35493165
v 0.42213088 0.00499603 -0.27506119
v 0.41424796 0.00499603 -0.37498060
v 0.41060317 0.02508472 -0.38498473
v 0.41314605 0.00499603 -0.38494405
v 0.41060317 0.01499799 -0.39104414
v 0.40789074 0.00499603 -0.39698157
v 0.40161830 0.02499996 -0.40230897
v 0.39271820 0.07450121 -0.40568435
v 0.38966674 0.07746790 -0.40950707
v 0.36322075 0.08585937 -0.44594491
v 0.35415116 0.09492896 -0.45383435
v 0.34762442 0.09492896 -0.45883644
v 0.34465772 0.10560902 -0.45794174
v 0.34262341 0.09492896 -0.46119511
v -0.25495410 -0.07485017 -0.50226903
v -0.24495208 -0.07485017 -0.50275707
v -0.24495208 -0.08485214 -0.50259435
v -0.26266751 -0.07485017 -0.50096768
v -0.26766852 -0.07485017 -0.49901563
v -0.28741825 -0.08485214 -0.48884884
v -0.32810438 -0.09485410 -0.46912524
v -0.33497015 -0.09485410 -0.46599385
v -0.34234452 -0.10485607 -0.46099180
v -0.34090355 -0.11206087 -0.46038178
v -0.33946258 -0.11875710 -0.45977175
v -0.33819112 -0.12486000 -0.45916176
v -0.32869771 -0.14681347 -0.45940578
v -0.31784806 -0.17486982 -0.45899910
v -0.32700244 -0.15486589 -0.45847040
v -0.32539195 -0.17461553 -0.45354968
v -0.31471184 -0.18495655 -0.45765707
v -0.31496614 -0.19453470 -0.45314300
v -0.31157562 -0.20199379 -0.45151633
v -0.28131533 -0.24166261 -0.45131299
v -0.29055446 -0.23064350 -0.45058095
v -0.30903274 -0.20877479 -0.44887295
v -0.31827188 -0.19775568 -0.44801894
v -0.34022543 -0.20029855 -0.42032456
v -0.32522243 -0.25497031 -0.38494405
v -0.32700244 -0.25420743 -0.37559059
v -0.35166842 -0.22216725 -0.37498060
v -0.35666943 -0.21564054 -0.37498060
v -0.37150291 -0.22191297 -0.17506048
v -0.36980763 -0.21970914 -0.20881426
v -0.37065527 -0.21123290 -0.25501224
v -0.35014269 -0.21013099 -0.40019429
v -0.34759980 -0.21691199 -0.39722556
v -0.31089753 -0.27124470 -0.39120680
v -0.29911551 -0.28887528 -0.38494405
v -0.35972089 -0.23962831 -0.15688221
v -0.36862096 -0.22818539 -0.15501152
v -0.35997516 -0.23996736 -0.15021279
v -0.37201148 -0.22403203 -0.14362469
v -0.36980763 -0.22471012 -0.09002529
v -0.14493202 -0.09485410 -0.50507510
v -0.14493202 -0.11485803 -0.50499374
v -0.14493202 -0.13486196 -0.50483108
v -0.14493202 -0.14486392 -0.50470906
v -0.22494808 -0.12486000 -0.50263500
v 0.41433272 0.11484812 -0.09002529
v 0.41712987 0.10484616 -0.09502736
v 0.41814703 0.10484616 -0.13500324
v 0.41831657 0.10493092 -0.14362469
v 0.41831657 0.10493092 -0.14504805
v 0.41823182 0.10493092 -0.15501152
v 0.41187459 0.10493092 -0.23504463
v 0.03484980 -0.01483838 -0.50540042
v 0.01484579 -0.03484231 -0.50540042
v 0.27489796 0.07492502 -0.49446094
v 0.31499076 0.08492699 -0.47502199
v 0.29490197 0.07492502 -0.48539212
v 0.30329350 0.07492502 -0.48156941
v 0.27489796 0.06492306 -0.49559960
v 0.27489796 0.05492109 -0.49612826
v 0.27489796 0.04491913 -0.49657562
v 0.28489998 0.02499996 -0.49283421
v 0.28489998 0.00499603 -0.49364758
v 0.27023602 -0.01280408 -0.50007302
v 0.34491202 0.00499603 -0.46619719
v 0.35923693 -0.00483641 -0.45960909
v 0.26769313 -0.06484820 -0.49897498
v 0.26167497 -0.07485017 -0.50076437
v 0.25235108 -0.09485410 -0.50080502
v 0.24268810 -0.11485803 -0.50088632
v 0.23556803 -0.12536857 -0.50125235
v 0.23285563 -0.13486196 -0.50088632
v 0.22514221 -0.14486392 -0.50117099
v 0.20488392 -0.16486786 -0.50206566
v 0.19488192 -0.17486982 -0.50239104
v 0.18496467 -0.18495655 -0.50255370
v 0.14487188 -0.21487768 -0.50251305
v 0.12486787 -0.22487965 -0.50259435
v 0.05485382 -0.20496048 -0.50442439
v 0.04485181 -0.19487375 -0.50479043
v 0.04485181 -0.15486589 -0.50511575
v 0.00484379 -0.13486196 -0.50519705
v 0.03484980 -0.17486982 -0.50503439
v 0.04485181 -0.16486786 -0.50507510
v -0.04499672 -0.18495655 -0.50495309
v -0.00498870 -0.17486982 -0.50507510
v -0.00498870 -0.13486196 -0.50519705
v -0.06491597 -0.13486196 -0.50515640
v -0.07491798 -0.14486392 -0.50511575
v -0.09492199 -0.14486392 -0.50507510
v 0.37017131 0.01126845 -0.45021498
v 0.36093217 0.07492502 -0.45119098
v 0.35593116 0.08585937 -0.45387501
v 0.40992504 0.09984517 -0.26981512
v 0.40975553 0.09823469 -0.27506119
v 0.41729942 0.09492896 -0.18502393
v 0.42814904 0.02499996 -0.16505633
v 0.43026811 0.00253792 -0.17506048
v 0.42001182 0.00007981 -0.31015703
v 0.41433272 -0.00483641 -0.37498060
v 0.41323081 -0.00483641 -0.38494405
v 0.41119650 0.00499603 -0.39202017
v 0.40797549 -0.00483641 -0.39714423
v 0.40288973 0.00499603 -0.40422034
v 0.36940846 0.07492502 -0.43915349
v 0.34889585 0.08492699 -0.45948708
v 0.33491001 0.08492699 -0.46595317
v -0.25342837 -0.09485410 -0.50104904
v -0.23495008 -0.11485803 -0.50243169
v -0.23495008 -0.12486000 -0.50186235
v -0.24495208 -0.10485607 -0.50169969
v -0.26131129 -0.08281784 -0.50052035
v -0.27495810 -0.08485214 -0.49429825
v -0.28241724 -0.08485214 -0.49104488
v -0.30174315 -0.09485410 -0.48075604
v -0.32522243 -0.14401630 -0.46147978
v -0.31928903 -0.16825835 -0.45964977
v -0.31284708 -0.17486982 -0.46123579
v -0.31115180 -0.18165082 -0.46046311
v -0.30877846 -0.18843181 -0.45952776
v -0.30521843 -0.19563662 -0.45851108
v -0.30538794 -0.20521477 -0.45403770
v -0.27521241 -0.24496834 -0.45379370
v -0.28470582 -0.23445781 -0.45285833
v -0.27207616 -0.25276649 -0.45188233
v -0.26944852 -0.25946271 -0.44948298
v -0.30589652 -0.21614912 -0.44598559
v -0.27597526 -0.26624370 -0.43610346
v -0.32251003 -0.24327309 -0.40287831
v -0.30860892 -0.27819520 -0.37498060
v -0.30174315 -0.29226577 -0.33496404
v -0.32200146 -0.28260285 -0.20503223
v -0.35777134 -0.22708347 -0.27506119
v -0.36768857 -0.22691394 -0.17506048
v -0.29224971 -0.28285715 -0.40259364
v -0.29564023 -0.28590858 -0.39584288
v -0.30165839 -0.28209427 -0.39206082
v -0.29241922 -0.29252005 -0.39295551
v -0.29411450 -0.29404578 -0.38494405
v -0.29962409 -0.28946862 -0.37689194
v -0.35048172 -0.25064743 -0.16505633
v -0.32022142 -0.29031622 -0.16261630
v -0.31674615 -0.29574102 -0.15501152
v -0.35997516 -0.23996736 -0.14952144
v -0.31182992 -0.30243725 -0.14504805
v -0.36302662 -0.23589876 -0.14573939
v -0.36539999 -0.23047397 -0.09002529
v -0.13493001 -0.13486196 -0.50495309
v -0.13493001 -0.14486392 -0.50487173
v -0.14493202 -0.15486589 -0.50442439
v -0.15493403 -0.15486589 -0.50422108
v -0.05499873 -0.19487375 -0.50479043
v -0.21494608 -0.14486392 -0.50255370
v -0.22494808 -0.13486196 -0.50239104
v 0.41696036 0.10484616 -0.09002529
v 0.41857085 0.09484419 -0.09502736
v 0.41950324 0.09687849 -0.14504805
v 0.42018133 0.09153846 -0.15305950
v 0.41975754 0.08823273 -0.16505633
v 0.31499076 0.07492502 -0.47612000
v 0.29490197 0.06492306 -0.48620546
v 0.31032881 0.04491913 -0.48018670
v 0.31100690 0.03491716 -0.48047137
v 0.28405234 0.05492109 -0.49189889
v 0.35415116 0.00499603 -0.46192712
v 0.35915214 0.00499603 -0.45960909
v 0.36491603 -0.00483641 -0.45550171
v 0.35855880 -0.01483838 -0.45936510
v 0.29490197 -0.07485017 -0.48563612
v 0.28778189 -0.07485017 -0.48897085
v 0.27489796 -0.07485017 -0.49486759
v 0.26667598 -0.07485017 -0.49856830
v 0.26057306 -0.08137687 -0.50023568
v 0.28642571 -0.08485214 -0.48840150
v 0.24099286 -0.12240189 -0.50043899
v 0.23107561 -0.14155819 -0.50039834
v 0.22200599 -0.15291636 -0.50072366
v 0.20505345 -0.17453077 -0.50104904
v 0.19547525 -0.18546513 -0.50133371
v 0.18572754 -0.19580615 -0.50137436
v 0.17487790 -0.19487375 -0.50243169
v 0.13486987 -0.22487965 -0.50226903
v 0.11486585 -0.23496638 -0.50235033
v 0.10486385 -0.23496638 -0.50259435
v 0.05485382 -0.21487768 -0.50409907
v 0.04485181 -0.20496048 -0.50446504
v 0.00484379 -0.16486786 -0.50511575
v -0.05499873 -0.18495655 -0.50491238
v -0.07491798 -0.15486589 -0.50507510
v -0.04499672 -0.16486786 -0.50507510
v -0.01499070 -0.17486982 -0.50507510
v -0.00498870 -0.16486786 -0.50511575
v -0.04499672 -0.15486589 -0.50511575
v -0.11492600 -0.14486392 -0.50499374
v 0.38246191 0.00499603 -0.43362272
v 0.37449422 0.00499603 -0.44496888
v 0.37042561 0.00499603 -0.45074365
v 0.36220360 0.05492109 -0.45253301
v 0.36152551 0.06492306 -0.45192301
v 0.35499877 0.07492502 -0.45603037
v 0.43145481 0.00499603 -0.15501152
v 0.43001384 0.00067315 -0.18120122
v 0.42001182 -0.00017448 -0.31015703
v 0.41323081 -0.01483838 -0.37498060
v 0.41221365 -0.01483838 -0.38494405
v 0.41602796 -0.00483641 -0.35493165
v 0.40992504 -0.02941751 -0.38949880
v 0.41026410 -0.02280604 -0.39055616
v 0.41077268 -0.01483838 -0.39132881
v 0.41119650 -0.00483641 -0.39214218
v 0.40738216 -0.01483838 -0.39637154
v 0.38263145 -0.00483641 -0.43378541
v 0.35593116 0.05492109 -0.45753509
v 0.35720262 0.03491716 -0.45851108
v 0.35788071 0.02499996 -0.45895845
v 0.35847405 0.01499799 -0.45932442
v 0.33033282 0.05492109 -0.47014192
v -0.24156158 -0.12486000 -0.50056100
v -0.23511961 -0.13426863 -0.50092703
v -0.22562617 -0.14545727 -0.50133371
v -0.24656259 -0.12486000 -0.49856830
v -0.28826585 -0.13486196 -0.47925138
v -0.26478657 -0.08561499 -0.49852765
v -0.24020538 -0.13045432 -0.50007302
v -0.27953529 -0.09883793 -0.48978418
v -0.25834462 -0.14672869 -0.48933685
v -0.23851012 -0.13715054 -0.49942231
v -0.28953731 -0.12901336 -0.47982073
v -0.29962409 -0.15910400 -0.46981657
v -0.24410446 -0.13426863 -0.49775496
v -0.23181386 -0.14249058 -0.50064236
v -0.21147080 -0.17198791 -0.50052035
v -0.20011258 -0.19012706 -0.49999166
v -0.27851814 -0.22801585 -0.45944643
v -0.28775728 -0.21699674 -0.45908043
v -0.29742023 -0.20496048 -0.45887709
v -0.21265748 -0.20496048 -0.49100420
v -0.24054442 -0.24056070 -0.47018260
v -0.27512762 -0.23539019 -0.45830774
v -0.28462106 -0.22487965 -0.45749441
v -0.26707518 -0.24488358 -0.45871443
v -0.26478657 -0.25471601 -0.45542037
v -0.26292178 -0.26293796 -0.45232967
v -0.26639706 -0.26632848 -0.44618893
v -0.26987234 -0.26980373 -0.43984485
v -0.30072600 -0.29099435 -0.35493165
v -0.30733749 -0.29650390 -0.24504878
v -0.31293184 -0.29574102 -0.19429606
v -0.31166038 -0.29218102 -0.23504463
v -0.29996312 -0.30006391 -0.29088074
v -0.34683692 -0.25412267 -0.17506048
v -0.28962207 -0.28946862 -0.39962494
v -0.28589252 -0.29574102 -0.39584288
v -0.28224769 -0.30158964 -0.39210150
v -0.28894398 -0.29913151 -0.38494405
v -0.28962207 -0.29972488 -0.37725794
v -0.29920027 -0.29913151 -0.30499229
v -0.31072798 -0.30099630 -0.17506048
v -0.31174514 -0.30218297 -0.15501152
v -0.34225973 -0.26293796 -0.14504805
v -0.30742225 -0.30743825 -0.14504805
v -0.31098229 -0.30125058 -0.09002529
v -0.35107508 -0.25141031 -0.14362469
v -0.12492801 -0.22487965 -0.50263500
v -0.14493202 -0.21487768 -0.50255370
v -0.18494006 -0.18495655 -0.50263500
v -0.05499873 -0.20496048 -0.50446504
v -0.19494206 -0.17486982 -0.50251305
v -0.20494406 -0.16486786 -0.50230968
v -0.19494206 -0.18495655 -0.50186235
v -0.21494608 -0.15486589 -0.50194371
v 0.42018133 0.08179078 -0.09002529
v 0.42111373 0.08492699 -0.14362469
v 0.42645380 0.04491913 -0.14504805
v 0.42908144 0.02499996 -0.14504805
v 0.43052241 0.01406561 -0.14504805
v 0.33228236 0.02499996 -0.47107726
v 0.36491603 0.00499603 -0.45537972
v 0.37059513 -0.00483641 -0.45086563
v 0.36313599 -0.04484427 -0.45322436
v 0.35669404 -0.04484427 -0.45822641
v 0.35720262 -0.03484231 -0.45867378
v 0.34906539 -0.08485214 -0.45952776
v 0.33491001 -0.08485214 -0.46615654
v 0.32838327 -0.08485214 -0.46920657
v 0.33491001 -0.09485410 -0.46509919
v 0.29490197 -0.08485214 -0.48457879
v 0.26438737 -0.08476737 -0.49803963
v 0.32694229 -0.09485410 -0.46867788
v 0.34135199 -0.10485607 -0.46058512
v 0.32439941 -0.10494082 -0.46806788
v 0.30990499 -0.12969145 -0.46993858
v 0.30176777 -0.14486392 -0.47075194
v 0.25497872 -0.11485803 -0.49612826
v 0.24489194 -0.13486196 -0.49641293
v 0.23938236 -0.12901336 -0.49978834
v 0.20174770 -0.18249844 -0.50060165
v 0.23785663 -0.13486196 -0.49921900
v 0.25277489 -0.14486392 -0.49112621
v 0.29066384 -0.17097075 -0.47026390
v 0.19259332 -0.19292422 -0.50076437
v 0.18293037 -0.20199379 -0.50068301
v 0.17479314 -0.20521477 -0.50113034
v 0.15487388 -0.21487768 -0.50186235
v 0.16487589 -0.20496048 -0.50214702
v 0.14512616 -0.22538823 -0.50125235
v 0.12486787 -0.23496638 -0.50169969
v 0.07485783 -0.25497031 -0.50218773
v 0.06485582 -0.25497031 -0.50251305
v 0.04485181 -0.25497031 -0.50259435
v 0.00484379 -0.25497031 -0.50271636
v 0.37915617 -0.00483641 -0.43874681
v 0.36423790 0.02499996 -0.45395637
v 0.36288172 0.04491913 -0.45306167
v 0.43162432 0.00499603 -0.14504805
v 0.43196338 -0.00483641 -0.14504805
v 0.43162432 -0.00483641 -0.15501152
v 0.43001384 -0.00102210 -0.18120122
v 0.43026811 -0.00449736 -0.17440979
v 0.43001384 -0.01026121 -0.17066841
v 0.41933373 -0.00398879 -0.31410176
v 0.41568893 -0.01483838 -0.34496817
v 0.41060317 -0.03535088 -0.37502125
v 0.40984029 -0.03891090 -0.37839663
v 0.41085744 -0.02560320 -0.38571674
v 0.41992706 -0.00949834 -0.29958352
v 0.40170306 -0.09485410 -0.38494405
v 0.40000781 -0.10104176 -0.39027148
v 0.40051639 -0.09485410 -0.39092213
v 0.39966875 -0.05738911 -0.39946225
v 0.39136201 -0.05484624 -0.41194710
v 0.37305325 -0.01526219 -0.44586357
v 0.37025607 -0.01221074 -0.45037764
v -0.20536788 -0.17512411 -0.50129300
v -0.28140008 -0.14291438 -0.48055273
v -0.20180784 -0.18495655 -0.50056100
v -0.19417919 -0.19394137 -0.50052035
v -0.19028011 -0.20021379 -0.50003231
v -0.19697636 -0.19673853 -0.49909699
v -0.21053840 -0.21047004 -0.49019086
v -0.26003987 -0.25005409 -0.46001577
v -0.19417919 -0.20411286 -0.49751097
v -0.25029212 -0.26014081 -0.46005642
v -0.25419122 -0.25403792 -0.46086979
v -0.25690365 -0.25666556 -0.45899910
v -0.25486934 -0.26488751 -0.45546103
v -0.25283504 -0.27209231 -0.45188233
v -0.25944653 -0.26954943 -0.44952363
v -0.26317608 -0.27251613 -0.44285420
v -0.28292581 -0.29226577 -0.40263432
v -0.30098027 -0.31082875 -0.17506048
v -0.30225173 -0.31176114 -0.15501152
v -0.30725273 -0.30709919 -0.15501152
v -0.27860290 -0.29896200 -0.39881158
v -0.26029414 -0.32015261 -0.39035279
v -0.26097226 -0.32074594 -0.38494405
v -0.29097828 -0.31074399 -0.25501224
v -0.29996312 -0.31006587 -0.19083935
v -0.21028411 -0.36016047 -0.38169068
v -0.22791477 -0.34837848 -0.36497647
v -0.25656459 -0.32735741 -0.35493165
v -0.30242124 -0.31193066 -0.14504805
v -0.30131933 -0.31099826 -0.09002529
v -0.30632034 -0.30625156 -0.09002529
v -0.13493001 -0.22487965 -0.50243169
v -0.10492400 -0.23496638 -0.50263500
v -0.17493804 -0.19487375 -0.50251305
v -0.18494006 -0.19487375 -0.50190306
v -0.06491597 -0.25497031 -0.50255370
v -0.07491798 -0.24488358 -0.50275707
v -0.00498870 -0.25497031 -0.50271636
v -0.03499471 -0.25497031 -0.50263500
v 0.42975953 0.00906463 -0.09002529
v 0.43043765 0.01465894 -0.14362469
v 0.43162432 0.00499603 -0.14362469
v 0.36177981 -0.06484820 -0.45212632
v 0.35601592 -0.05484624 -0.45769775
v 0.35499877 -0.08485214 -0.45517635
v 0.34804824 -0.09485410 -0.45903975
v 0.34296247 -0.09485410 -0.46139848
v 0.29897058 -0.15774782 -0.46953189
v 0.34626821 -0.10485607 -0.45802307
v 0.33872432 -0.11714662 -0.45944643
v 0.32940042 -0.13850674 -0.45973110
v 0.31999177 -0.15995164 -0.45997512
v 0.31499076 -0.14486392 -0.46493649
v 0.30676877 -0.14486392 -0.46855590
v 0.31185454 -0.17486982 -0.46078846
v 0.29218957 -0.16486786 -0.47091460
v 0.19920482 -0.18910991 -0.49974766
v 0.30812496 -0.18741466 -0.45928377
v 0.31041357 -0.18080319 -0.46017843
v 0.18954186 -0.19953568 -0.49986964
v 0.19547525 -0.19580615 -0.49909699
v 0.18572754 -0.20521477 -0.49885297
v 0.17809889 -0.20877479 -0.49950367
v 0.14198995 -0.23140636 -0.50052035
v 0.13385272 -0.23479685 -0.50080502
v 0.11486585 -0.24327309 -0.50104904
v 0.07485783 -0.26251417 -0.50088632
v 0.06485582 -0.26378560 -0.50117099
v 0.00484379 -0.26497227 -0.50206566
v -0.00498870 -0.26497227 -0.50210637
v 0.43069193 -0.01500790 -0.14362469
v 0.42942050 -0.02551844 -0.14504805
v 0.43009859 -0.02060222 -0.15147348
v 0.43035287 0.00448745 -0.09002529
v 0.43052241 -0.00526022 -0.09002529
v 0.43018335 -0.00839643 -0.09002529
v 0.43052241 -0.01526219 -0.15493019
v 0.43026811 -0.01195645 -0.16505633
v 0.41077268 -0.04569190 -0.35566366
v 0.40882313 -0.05484624 -0.36497647
v 0.40670407 -0.06484820 -0.37498060
v 0.40272021 -0.09485410 -0.37498060
v 0.40043163 -0.10460178 -0.38413072
v 0.39958400 -0.10773799 -0.38693675
v 0.39678681 -0.10460178 -0.39413485
v 0.37737614 -0.09561696 -0.42430994
v 0.36813700 -0.04484427 -0.44728693
v 0.36008453 -0.09044645 -0.45009297
v 0.36110169 -0.07485017 -0.45139432
v -0.18494006 -0.20190904 -0.50060165
v -0.17222564 -0.21148719 -0.50052035
v -0.16078267 -0.22055677 -0.50019503
v -0.15552737 -0.24564645 -0.49218357
v -0.18044762 -0.26031035 -0.48010540
v -0.18494006 -0.29489341 -0.46583119
v -0.18850009 -0.30887920 -0.45956844
v -0.19290775 -0.30226773 -0.46082914
v -0.19833256 -0.24869789 -0.47949538
v -0.19960400 -0.29972488 -0.45985311
v -0.22825383 -0.27861902 -0.45948708
v -0.24495208 -0.26726085 -0.45875508
v -0.24503686 -0.27522853 -0.45383435
v -0.24181587 -0.28141618 -0.45135367
v -0.25588650 -0.27565235 -0.44578224
v -0.19112773 -0.32083070 -0.45086563
v -0.20519835 -0.31515163 -0.44517225
v -0.26571897 -0.28556955 -0.42565197
v -0.28394297 -0.32303452 -0.18502393
v -0.27368668 -0.33286697 -0.16505633
v -0.26783803 -0.33829176 -0.15501152
v -0.24003585 -0.35999095 -0.15066013
v -0.21028411 -0.35024327 -0.40027562
v -0.21418321 -0.35227758 -0.39437884
v -0.22062518 -0.35049754 -0.39063746
v -0.20952125 -0.35965189 -0.38836011
v -0.22579570 -0.36677194 -0.19502808
v -0.20570692 -0.36177096 -0.38498473
v -0.19494206 -0.36651766 -0.38494405
v -0.19409443 -0.36812812 -0.37445191
v -0.20494406 -0.36329669 -0.37498060
v -0.20960602 -0.36982340 -0.27827391
v -0.21019936 -0.37007767 -0.27156383
v -0.21986231 -0.36990815 -0.20918028
v -0.21765848 -0.35821092 -0.34496817
v -0.21638703 -0.35719377 -0.36497647
v -0.26800755 -0.33846128 -0.14504805
v -0.29097828 -0.32074594 -0.14362469
v -0.29436877 -0.31642306 -0.09002529
v -0.11492600 -0.23496638 -0.50243169
v -0.12492801 -0.23496638 -0.50190306
v -0.14561012 -0.22564252 -0.50133371
v -0.15493403 -0.21487768 -0.50198436
v -0.16493604 -0.20496048 -0.50230968
v -0.17527710 -0.20546906 -0.50129300
v -0.06491597 -0.26395512 -0.50117099
v -0.07491798 -0.25497031 -0.50230968
v 0.43069193 0.00482650 -0.10503149
v 0.35567689 -0.09426076 -0.45330566
v 0.35313401 -0.10485607 -0.45302099
v 0.32592514 -0.15486589 -0.45777908
v 0.31677076 -0.17486982 -0.45838910
v 0.32812899 -0.14486392 -0.45908043
v 0.31855080 -0.16656311 -0.45932442
v 0.20988493 -0.20987670 -0.48994684
v 0.31422788 -0.18436322 -0.45680308
v 0.31448218 -0.19402613 -0.45224833
v 0.30481923 -0.19504328 -0.45790106
v 0.26515025 -0.24547692 -0.45842975
v 0.26854074 -0.23827212 -0.45948708
v 0.19488192 -0.20496048 -0.49633163
v 0.18801613 -0.22852443 -0.48945886
v 0.17479314 -0.28514573 -0.47168726
v 0.15504341 -0.24539216 -0.49185821
v 0.14868620 -0.22903301 -0.49966633
v 0.19539049 -0.21555579 -0.49222422
v 0.15182242 -0.25124076 -0.49047554
v 0.14487188 -0.24488358 -0.49462360
v 0.13656512 -0.23810259 -0.49925965
v 0.12986887 -0.23996736 -0.49995100
v 0.12486787 -0.24106927 -0.50043899
v 0.10274478 -0.25115600 -0.50052035
v 0.08223219 -0.26098844 -0.50043899
v 0.07485783 -0.26743039 -0.49893433
v 0.06485582 -0.26870182 -0.49954432
v 0.05485382 -0.26937991 -0.49978834
v 0.04205464 -0.27014279 -0.50003231
v 0.03484980 -0.27048182 -0.50019503
v 0.00484379 -0.27175325 -0.50080502
v -0.00498870 -0.27175325 -0.50080502
v 0.42942050 -0.02534892 -0.14362469
v 0.42289376 -0.07485017 -0.14504805
v 0.41890991 -0.10485607 -0.14504805
v 0.41958800 -0.09748174 -0.15501152
v 0.42009658 -0.09070074 -0.16147761
v 0.42814904 -0.02484034 -0.09002529
v 0.41984230 -0.08875120 -0.16814704
v 0.40992504 -0.10943323 -0.25924164
v 0.40509358 -0.09485410 -0.34496817
v 0.40119448 -0.10485607 -0.37498060
v 0.39992306 -0.10994181 -0.38026732
v 0.39780396 -0.11392564 -0.38413072
v 0.39009055 -0.13036956 -0.39027148
v 0.39280298 -0.11460374 -0.39527354
v 0.39051437 -0.11112849 -0.40064162
v 0.37093419 -0.10256748 -0.43134537
v 0.37983426 -0.09943127 -0.41987723
v 0.36822176 -0.09485410 -0.43752679
v 0.35932168 -0.09714268 -0.44927961
v -0.14272819 -0.23183016 -0.50064236
v -0.14561012 -0.23505114 -0.49873099
v -0.15552737 -0.25505507 -0.48864549
v -0.17527710 -0.28548479 -0.47197193
v -0.18510957 -0.30531919 -0.46184582
v -0.18188860 -0.31116778 -0.46046311
v -0.18510957 -0.31464306 -0.45769775
v -0.19570492 -0.30531919 -0.45859241
v -0.20494406 -0.29760581 -0.45895845
v -0.21723467 -0.28785813 -0.45912111
v -0.22494808 -0.28472191 -0.45757574
v -0.19468777 -0.31489733 -0.45322436
v -0.21316606 -0.30243725 -0.45204499
v -0.19044963 -0.33023933 -0.44041416
v -0.20045164 -0.34032607 -0.42036521
v -0.19417919 -0.32430595 -0.44423687
v -0.18494006 -0.32244119 -0.45245168
v -0.18494006 -0.32752693 -0.44704294
v -0.23918822 -0.35939762 -0.16505633
v -0.22325282 -0.37253577 -0.15501152
v -0.22342235 -0.37262055 -0.14504805
v -0.22410044 -0.37211198 -0.14362469
v -0.24003585 -0.35999095 -0.14813876
v -0.19934972 -0.34964994 -0.40958840
v -0.20570692 -0.35727856 -0.39507020
v -0.20282499 -0.36117762 -0.39181682
v -0.16035885 -0.38016438 -0.39023080
v -0.18841532 -0.36931482 -0.38494405
v -0.22766048 -0.36821291 -0.16505633
v -0.22079469 -0.37058625 -0.19502808
v -0.22138804 -0.37109482 -0.18502393
v -0.14001578 -0.38999683 -0.38002333
v -0.12569088 -0.41161126 -0.19454008
v -0.15959598 -0.39982927 -0.16810638
v -0.20494406 -0.36507669 -0.35493165
v -0.20969078 -0.37982535 -0.15863091
v -0.21418321 -0.37796056 -0.15521486
v -0.21494608 -0.37668914 -0.16505633
v -0.24249397 -0.35804141 -0.14362469
v -0.22732143 -0.36787385 -0.09002529
v -0.12492801 -0.24157785 -0.50060165
v -0.13433668 -0.23505114 -0.50096768
v -0.07491798 -0.26285321 -0.50100833
v -0.09492199 -0.25344458 -0.50104904
v -0.04287765 -0.27022755 -0.50007302
v -0.05499873 -0.26954943 -0.49982899
v -0.06491597 -0.26887134 -0.49962565
v -0.01499070 -0.27149898 -0.50064236
v 0.35109970 -0.11485803 -0.45119098
v 0.34186056 -0.13486196 -0.45208567
v 0.33118045 -0.16283356 -0.45135367
v 0.33270618 -0.15486589 -0.45277703
v 0.32363656 -0.17486982 -0.45338702
v 0.35813498 -0.10485607 -0.44753093
v 0.32134795 -0.18495655 -0.45151633
v 0.23980618 -0.23971307 -0.46993858
v 0.24963865 -0.25963223 -0.45985311
v 0.21954787 -0.22962634 -0.47990203
v 0.32016128 -0.19012706 -0.45017430
v 0.31092215 -0.20114617 -0.45094699
v 0.30168301 -0.21225005 -0.45159766
v 0.30498874 -0.20462143 -0.45326501
v 0.26531976 -0.25513983 -0.45387501
v 0.25557205 -0.25573316 -0.45895845
v 0.25930160 -0.24920647 -0.45977175
v 0.19903529 -0.21937010 -0.48974353
v 0.18496467 -0.29489341 -0.46526185
v 0.18115035 -0.31082875 -0.46030045
v 0.20327343 -0.29252005 -0.46095112
v 0.17140262 -0.29099435 -0.47034526
v 0.17487790 -0.31235448 -0.46099180
v 0.07485783 -0.27497423 -0.49568093
v 0.16758829 -0.31896594 -0.45956844
v 0.06485582 -0.27497423 -0.49681962
v 0.05485382 -0.27497423 -0.49730763
v 0.04485181 -0.29099435 -0.49039420
v 0.00484379 -0.31871164 -0.47937340
v 0.00484379 -0.27683902 -0.49852765
v -0.00498870 -0.27683902 -0.49856830
v 0.41924897 -0.09171789 -0.09002529
v 0.41763845 -0.10477130 -0.09502736
v 0.41670609 -0.11485803 -0.14504805
v 0.41857085 -0.10485607 -0.15501152
v 0.41789275 -0.10485607 -0.16505633
v 0.41017935 -0.11045039 -0.25257221
v 0.41568893 -0.11485803 -0.16505633
v 0.39059913 -0.13138670 -0.38494405
v 0.41009459 -0.12011330 -0.21137631
v 0.35084540 -0.30074200 -0.09002529
v 0.36991704 -0.17995557 -0.38986480
v 0.37229037 -0.11485803 -0.42304927
v 0.36186457 -0.10485607 -0.44256952
v 0.35940644 -0.18877086 -0.39929959
v 0.33245188 -0.17486982 -0.44326088
v -0.13069189 -0.24022165 -0.50011367
v -0.13730337 -0.23861116 -0.49942231
v -0.17214087 -0.29141814 -0.47054857
v -0.14671203 -0.25844556 -0.48937750
v -0.17493804 -0.30489537 -0.46448916
v -0.17493804 -0.31286305 -0.46123579
v -0.17493804 -0.31777927 -0.45903975
v -0.18494006 -0.33151078 -0.44204086
v -0.17485328 -0.32540786 -0.45367169
v -0.16493604 -0.33193457 -0.45200431
v -0.17146277 -0.33057839 -0.45070297
v -0.17807427 -0.32913741 -0.44891363
v -0.21528512 -0.37762153 -0.14504805
v -0.22342235 -0.37262055 -0.14362469
v -0.22842334 -0.36880624 -0.14362469
v -0.19731541 -0.35888904 -0.39848626
v -0.18875438 -0.33947843 -0.42927134
v -0.11975748 -0.38991207 -0.39986894
v -0.11094216 -0.40025309 -0.39055616
v -0.11212883 -0.40084642 -0.38494405
v -0.11340027 -0.40127024 -0.37498060
v -0.11594316 -0.40194833 -0.35590765
v -0.12492801 -0.41517127 -0.15501152
v -0.13874434 -0.40949219 -0.15501152
v -0.11857080 -0.40940744 -0.25501224
v -0.16027409 -0.40008357 -0.16143695
v -0.18790674 -0.38914922 -0.15501152
v -0.21028411 -0.38007963 -0.15196148
v -0.22232042 -0.37160340 -0.09002529
v -0.08297044 -0.26124272 -0.50052035
v -0.07491798 -0.26776943 -0.49909699
v -0.05499873 -0.27497423 -0.49742961
v -0.06491597 -0.27497423 -0.49694163
v -0.07491798 -0.27497423 -0.49596560
v -0.00498870 -0.35498995 -0.46282181
v -0.01499070 -0.33922416 -0.46965390
v -0.04499672 -0.29107910 -0.49047554
v 0.34999776 -0.12002854 -0.45005232
v 0.34058911 -0.14138867 -0.45074365
v 0.32973948 -0.16952980 -0.44972697
v 0.32863757 -0.17486982 -0.44826293
v 0.25277489 -0.25302076 -0.46103245
v 0.25523299 -0.26531133 -0.45403770
v 0.24565481 -0.26522657 -0.45859241
v 0.23853473 -0.26887134 -0.45956844
v 0.20988493 -0.28997719 -0.45993444
v 0.22488792 -0.26497227 -0.46505851
v 0.32948518 -0.18885562 -0.43939748
v 0.33957195 -0.19919664 -0.41955188
v 0.34940442 -0.20928337 -0.39942160
v 0.34236914 -0.21487768 -0.40271565
v 0.31795746 -0.20733383 -0.43760812
v 0.31753364 -0.19690806 -0.44724625
v 0.27489796 -0.25497031 -0.44496888
v 0.28981620 -0.22988063 -0.44988963
v 0.28066182 -0.24081498 -0.45070297
v 0.27142268 -0.25191885 -0.45139432
v 0.26218355 -0.26225987 -0.45188233
v 0.18776184 -0.30828586 -0.45936510
v 0.18471038 -0.31447351 -0.45716906
v 0.17487790 -0.31744021 -0.45879576
v 0.08485984 -0.30328488 -0.48148808
v 0.09486184 -0.34397084 -0.46180514
v 0.08952179 -0.34981945 -0.45993444
v 0.07689214 -0.30947253 -0.47978005
v 0.12486787 -0.33778319 -0.45899910
v 0.11817160 -0.33922416 -0.45964977
v 0.06053292 -0.29006195 -0.49002820
v 0.02484780 -0.32498407 -0.47567266
v 0.07985883 -0.32990029 -0.46997923
v 0.00484379 -0.34498799 -0.46733588
v 0.41746894 -0.10477130 -0.09002529
v 0.41526511 -0.11477327 -0.09002529
v 0.41280699 -0.12486000 -0.15501152
v 0.41636702 -0.11485803 -0.15501152
v 0.41407841 -0.11485803 -0.18502393
v 0.41162032 -0.12384284 -0.17506048
v 0.37034082 -0.18080319 -0.38323605
v 0.36110169 -0.20267190 -0.38494405
v 0.34974349 -0.21970914 -0.38876677
v 0.35313401 -0.21581008 -0.38522872
v 0.35881311 -0.20767288 -0.38494405
v 0.35940644 -0.20894432 -0.37498060
v 0.41170508 -0.12570763 -0.16505633
v 0.34025005 -0.31006587 -0.09002529
v 0.28786665 -0.29819915 -0.38494405
v 0.29295242 -0.29328293 -0.38494405
v 0.29795343 -0.28743431 -0.38494405
v 0.30193728 -0.28251809 -0.38494405
v 0.31015927 -0.27039707 -0.39039347
v 0.36042359 -0.20114617 -0.39075947
v 0.34889585 -0.19750139 -0.40857172
v -0.08576761 -0.26480275 -0.49852765
v -0.16832654 -0.31922022 -0.45969045
v -0.14696632 -0.32871360 -0.45944643
v -0.15493403 -0.32710314 -0.45855176
v -0.12518230 -0.35363376 -0.44553822
v -0.11492600 -0.35227758 -0.45232967
v -0.10060110 -0.36024523 -0.45025563
v -0.21511559 -0.37770629 -0.14362469
v -0.21867563 -0.37397674 -0.09002529
v -0.14594917 -0.36778909 -0.41507849
v -0.11306122 -0.39126828 -0.40169895
v -0.10229635 -0.38075775 -0.42105657
v -0.10492400 -0.39745593 -0.39653420
v -0.10492400 -0.40093118 -0.39153215
v -0.09492199 -0.40406740 -0.38494405
v -0.10492400 -0.40245691 -0.38494405
v -0.10492400 -0.40355882 -0.37498060
v -0.10975547 -0.40991601 -0.28962007
v -0.11145073 -0.41050935 -0.27506119
v -0.11645173 -0.40855980 -0.27506119
v -0.12492801 -0.41542557 -0.14504805
v -0.11492600 -0.41729033 -0.17506048
v -0.11577363 -0.41856179 -0.15501152
v -0.11611268 -0.41873130 -0.14504805
v -0.20969078 -0.38033393 -0.14362469
v -0.21028411 -0.38007963 -0.14362469
v -0.19400966 -0.38686064 -0.14362469
v -0.01499070 -0.34498799 -0.46701056
v -0.04499672 -0.31184590 -0.48083740
v -0.06127117 -0.29014671 -0.49006885
v -0.07763039 -0.30964208 -0.47982073
v -0.07491798 -0.29489341 -0.48685616
v -0.08720858 -0.32947648 -0.46973526
v -0.09492199 -0.33498603 -0.46611586
v -0.08491998 -0.29489341 -0.48551413
v -0.00498870 -0.36049953 -0.46021912
v -0.01176972 -0.36016047 -0.46009710
v 0.00484379 -0.35498995 -0.46274048
v 0.00484379 -0.36049953 -0.46017843
v 0.25218153 -0.27166849 -0.45155698
v 0.24455290 -0.27497423 -0.45326501
v 0.23505946 -0.27488947 -0.45786041
v 0.22751558 -0.27811044 -0.45924312
v 0.21497069 -0.28802764 -0.45912111
v 0.35516831 -0.20521477 -0.39507020
v 0.35220161 -0.21292815 -0.39275217
v 0.34236914 -0.22411679 -0.39441952
v 0.31193930 -0.26403987 -0.39421618
v 0.29159623 -0.28192475 -0.40182096
v 0.26879504 -0.25853032 -0.44871026
v 0.27871227 -0.26844752 -0.42857999
v 0.26896456 -0.26887134 -0.43911281
v 0.25870827 -0.26904088 -0.44895428
v 0.20590107 -0.29548675 -0.45883644
v 0.19522096 -0.30489537 -0.45810443
v 0.20479916 -0.30506489 -0.45354968
v 0.19420381 -0.31455830 -0.45253301
v 0.18496467 -0.32193261 -0.45192301
v 0.17436932 -0.32532310 -0.45326501
v 0.15487388 -0.32659456 -0.45830774
v 0.10486385 -0.34702229 -0.45851108
v 0.09486184 -0.34888706 -0.45952776
v 0.09579424 -0.35592234 -0.45424104
v 0.08562271 -0.35414234 -0.45749441
v 0.07485783 -0.35583758 -0.45753509
v 0.05485382 -0.35719377 -0.45851108
v 0.04485181 -0.35787189 -0.45895845
v 0.07485783 -0.35083660 -0.46042246
v 0.04485181 -0.34498799 -0.46509919
v 0.03484980 -0.33295172 -0.47140259
v 0.01103147 -0.36007571 -0.46005642
v 0.01484579 -0.34498799 -0.46688855
v 0.34050435 -0.23064350 -0.39067814
v 0.30558208 -0.33718985 -0.09002529
v 0.28286567 -0.30218297 -0.38494405
v 0.27057505 -0.31040493 -0.39063746
v 0.28159422 -0.30116582 -0.39153215
v 0.29176575 -0.29175720 -0.39218283
v 0.30100489 -0.28133142 -0.39128816
v -0.12492801 -0.33829176 -0.45920241
v -0.10492400 -0.34736136 -0.45875508
v -0.13493001 -0.33617270 -0.45798242
v -0.10433066 -0.35524425 -0.45318368
v -0.09407436 -0.35397282 -0.45655906
v -0.09492199 -0.36075380 -0.45106900
v -0.09492199 -0.36948434 -0.43927550
v -0.20850410 -0.37931678 -0.09002529
v -0.21486130 -0.37618056 -0.09002529
v -0.09805822 -0.38974255 -0.40958840
v -0.09492199 -0.39838833 -0.39771357
v -0.09492199 -0.40169406 -0.39267084
v -0.04236908 -0.41017029 -0.39047480
v -0.04906533 -0.40983126 -0.38901079
v -0.08491998 -0.40652552 -0.37498060
v -0.09492199 -0.40516931 -0.37498060
v -0.10585639 -0.41076362 -0.28579736
v -0.10492400 -0.41254365 -0.26505706
v -0.10839927 -0.41974846 -0.16737436
v -0.11009452 -0.41991797 -0.16070494
v -0.11475648 -0.41762939 -0.09002529
v -0.12484325 -0.41398460 -0.09502736
v -0.12865758 -0.41237411 -0.09002529
v -0.16179982 -0.40016833 -0.14362469
v -0.11077262 -0.42008749 -0.15501152
v -0.11111168 -0.42034179 -0.14504805
v -0.11111168 -0.42034179 -0.14362469
v -0.03499471 -0.34498799 -0.46583119
v -0.08491998 -0.34498799 -0.46269983
v -0.09009051 -0.34990421 -0.45997512
v -0.09678677 -0.34888706 -0.45952776
v -0.10492400 -0.34244514 -0.46099180
v -0.00498870 -0.36550051 -0.45725042
v -0.04499672 -0.35804141 -0.45903975
v 0.00484379 -0.36550051 -0.45716906
v 0.24107762 -0.28082284 -0.45090631
v 0.20149341 -0.31108302 -0.45110965
v 0.28879905 -0.28862098 -0.39885226
v 0.27888182 -0.27878854 -0.41898254
v 0.25523299 -0.27505898 -0.44517225
v 0.22565079 -0.29752105 -0.44553822
v 0.27854276 -0.28879052 -0.40869373
v 0.19038948 -0.32023737 -0.45037764
v 0.18581229 -0.32752693 -0.44513157
v 0.17733602 -0.32879838 -0.44858828
v 0.17072453 -0.33023933 -0.45037764
v 0.16487589 -0.33151078 -0.45163834
v 0.13486987 -0.34269941 -0.45269567
v 0.15487388 -0.33346030 -0.45330566
v 0.10486385 -0.35388803 -0.45354968
v 0.09316659 -0.36075380 -0.45102832
v 0.08485984 -0.36151665 -0.45188233
v 0.07485783 -0.36219478 -0.45253301
v 0.06485582 -0.36287287 -0.45306167
v 0.02484780 -0.35922807 -0.45960909
v 0.30100489 -0.34066510 -0.09002529
v 0.30066586 -0.34041083 -0.09311600
v 0.21988693 -0.34990421 -0.38998681
v 0.25955591 -0.31972879 -0.38840079
v 0.26684549 -0.30769253 -0.39730689
v 0.21497069 -0.35185376 -0.39226416
v 0.27786466 -0.29836866 -0.39820158
v 0.28506950 -0.29506293 -0.39519221
v -0.08491998 -0.35524425 -0.45704705
v -0.08491998 -0.36168620 -0.45204499
v -0.08559809 -0.36728051 -0.44423687
v -0.08932765 -0.36990815 -0.43980417
v -0.06491597 -0.36804336 -0.44716492
v -0.06491597 -0.37151864 -0.44216287
v -0.01499070 -0.39177686 -0.42252058
v -0.03499471 -0.40737313 -0.39620888
v -0.08491998 -0.39906642 -0.39864892
v -0.01499070 -0.41195029 -0.39311817
v -0.00498870 -0.41584939 -0.38494405
v -0.03499471 -0.41211984 -0.38494405
v -0.05186250 -0.41017029 -0.38230067
v -0.03499471 -0.41313699 -0.37498060
v -0.02499271 -0.41525605 -0.36497647
v -0.01499070 -0.41737509 -0.35493165
v -0.02745083 -0.41966370 -0.30499229
v -0.10492400 -0.41805321 -0.19502808
v -0.05499873 -0.42152846 -0.23504463
v -0.09814297 -0.41974846 -0.18502393
v -0.08491998 -0.42305419 -0.16505633
v -0.10500876 -0.42042655 -0.16440566
v -0.10492400 -0.42101988 -0.15501152
v -0.11000976 -0.41983321 -0.11824834
v -0.10814498 -0.41957891 -0.09502736
v -0.10763641 -0.41949415 -0.09002529
v -0.10492400 -0.42135894 -0.14504805
v -0.08491998 -0.35032803 -0.46013778
v -0.06491597 -0.35668522 -0.45818573
v -0.07491798 -0.35600710 -0.45765707
v -0.00498870 -0.37185767 -0.45224833
v 0.00484379 -0.37177292 -0.45216700
v 0.20454487 -0.31455830 -0.44456223
v 0.28201804 -0.29167244 -0.40202430
v 0.26506549 -0.28497621 -0.42504197
v 0.26031876 -0.31015065 -0.40027562
v 0.20963064 -0.34964994 -0.39966559
v 0.19420381 -0.32252595 -0.44448090
v 0.18979615 -0.32981551 -0.43988550
v 0.18318465 -0.33134124 -0.44191885
v 0.18801613 -0.33913940 -0.42890534
v 0.18140464 -0.34058034 -0.43073535
v 0.16860545 -0.33947843 -0.43927550
v 0.12791933 -0.34914136 -0.44887295
v 0.12122306 -0.35049754 -0.45066231
v 0.11486585 -0.35185376 -0.45192301
v 0.09977809 -0.35982141 -0.44997096
v 0.10164287 -0.38058820 -0.42093456
v 0.09486184 -0.37779105 -0.42691267
v 0.08502936 -0.36711100 -0.44419622
v 0.07485783 -0.36719576 -0.44602627
v 0.04485181 -0.36923003 -0.44887295
v 0.02484780 -0.37050149 -0.45070297
v 0.01484579 -0.37117958 -0.45151633
v 0.29464769 -0.34397084 -0.09002529
v 0.20996968 -0.35999095 -0.37042585
v 0.20861349 -0.35914332 -0.38494405
v 0.21497069 -0.35448140 -0.38494405
v 0.20200199 -0.36083856 -0.39145082
v 0.20581631 -0.35541376 -0.39555821
v 0.20284961 -0.35193852 -0.40255296
v -0.07491798 -0.36236429 -0.45265502
v -0.01499070 -0.37134910 -0.45163834
v -0.04499672 -0.36931482 -0.44907629
v -0.01448212 -0.37685865 -0.44407421
v -0.01075256 -0.38007963 -0.44008881
v -0.00498870 -0.39737117 -0.41617650
v -0.01499070 -0.40864456 -0.39812025
v -0.00498870 -0.41254365 -0.39397219
v -0.00498870 -0.41695130 -0.37498060
v 0.00484379 -0.41237411 -0.39389086
v 0.00484379 -0.41559508 -0.38494405
v -0.00498870 -0.41856179 -0.35493165
v -0.01397355 -0.41915512 -0.33398801
v -0.01499070 -0.42288464 -0.28502467
v -0.02499271 -0.42313895 -0.26505706
v -0.05499873 -0.42703801 -0.16505633
v -0.09492199 -0.42246085 -0.15501152
v -0.10356779 -0.42152846 -0.14362469
v -0.10483924 -0.42085037 -0.12499911
v -0.03448614 -0.42924184 -0.09002529
v -0.10509352 -0.41983321 -0.09002529
v -0.04219955 -0.42966565 -0.14362469
v -0.05499873 -0.42797041 -0.14362469
v -0.04025001 -0.42991993 -0.15061946
v -0.00498870 -0.37694344 -0.44557890
v 0.00484379 -0.37685865 -0.44549757
v 0.19869624 -0.34931087 -0.40926307
v 0.19191521 -0.35083660 -0.41109309
v 0.17937033 -0.34973469 -0.41963321
v 0.10486385 -0.35888904 -0.44854760
v 0.10486385 -0.36261857 -0.44354555
v 0.10486385 -0.37134910 -0.43183339
v 0.09731997 -0.38965780 -0.40946639
v 0.11020391 -0.40008357 -0.39014947
v 0.10486385 -0.39720166 -0.39612755
v 0.08189314 -0.37024719 -0.44037348
v 0.01399816 -0.38253775 -0.43561542
v 0.12486787 -0.41305220 -0.09002529
v 0.12486787 -0.41322175 -0.09502736
v 0.12596978 -0.41406935 -0.14362469
v 0.14656714 -0.40559313 -0.14362469
v 0.18216750 -0.39092922 -0.14504805
v 0.20844395 -0.37999487 -0.14362469
v 0.20895253 -0.37948629 -0.15501152
v 0.20810491 -0.37914726 -0.16505633
v 0.20963064 -0.36982340 -0.26831043
v 0.20556203 -0.36185572 -0.37420791
v 0.20352772 -0.36177096 -0.38494405
v 0.19488192 -0.36567003 -0.38494405
v 0.18098082 -0.37041673 -0.39063746
v 0.19488192 -0.36244905 -0.39356551
v 0.19488192 -0.35888904 -0.39856759
v -0.00498870 -0.40923792 -0.39897424
v 0.00484379 -0.40923792 -0.39889294
v 0.00484379 -0.41669700 -0.37498060
v 0.00060565 -0.42000273 -0.34114546
v -0.00100484 -0.42000273 -0.34114546
v 0.03484980 -0.41059411 -0.39100349
v 0.04163083 -0.41008553 -0.39035279
v 0.04832708 -0.40974647 -0.38815677
v 0.04493657 -0.41059411 -0.38486272
v 0.01484579 -0.41551033 -0.37498060
v -0.00498870 -0.42644468 -0.25501224
v -0.01499070 -0.42839420 -0.21503636
v -0.01499070 -0.43153042 -0.17506048
v -0.01499070 -0.43229330 -0.16505633
v -0.04414909 -0.42924184 -0.15440151
v -0.06491597 -0.42644468 -0.15501152
v -0.01490594 -0.43195423 -0.09502736
v -0.01490594 -0.43178472 -0.09002529
v -0.04025001 -0.42991993 -0.14842343
v -0.00498870 -0.43449712 -0.14504805
v -0.01499070 -0.43297139 -0.15501152
v 0.19513620 -0.35363376 -0.40552169
v 0.18988091 -0.35999095 -0.39999095
v 0.11232297 -0.39101398 -0.40133297
v 0.09486184 -0.39813402 -0.39751023
v 0.04493657 -0.40711886 -0.39421618
v 0.05485382 -0.40093118 -0.40133297
v 0.10486385 -0.40067691 -0.39116615
v 0.11105153 -0.40033785 -0.38494405
v 0.11232297 -0.40093118 -0.37498060
v 0.10486385 -0.40313500 -0.37498060
v 0.10486385 -0.40203309 -0.38494405
v 0.09486184 -0.40381312 -0.38494405
v 0.15962060 -0.37982535 -0.38925478
v 0.16063775 -0.38024917 -0.38258535
v 0.01518484 -0.40305024 -0.40584701
v 0.11478110 -0.41695130 -0.09002529
v 0.11478110 -0.41712081 -0.09502736
v 0.11545920 -0.41830748 -0.14362469
v 0.16004442 -0.40008357 -0.15118881
v 0.11554396 -0.41830748 -0.14504805
v 0.19488192 -0.38541967 -0.15501152
v 0.20301914 -0.38126630 -0.16505633
v 0.17682745 -0.38872540 -0.20503223
v 0.18496467 -0.37355292 -0.34496817
v 0.18496467 -0.37270531 -0.35493165
v 0.19488192 -0.36685669 -0.37498060
v 0.20488392 -0.36304238 -0.36497647
v 0.18733802 -0.36889100 -0.38494405
v 0.00484379 -0.41762939 -0.36497647
v 0.00119899 -0.43008947 -0.21223032
v 0.00484379 -0.42788565 -0.23504463
v -0.00159818 -0.43008947 -0.21223032
v 0.09486184 -0.40143976 -0.39250815
v 0.03484980 -0.41288269 -0.37498060
v 0.09486184 -0.40491503 -0.37498060
v -0.00498870 -0.43347996 -0.16505633
v -0.00481917 -0.43322566 -0.09502736
v -0.00481917 -0.43305615 -0.09002529
v 0.00492855 -0.43424281 -0.14362469
v 0.00492855 -0.43381900 -0.12499911
v -0.00498870 -0.43415806 -0.15501152
v 0.00484379 -0.43407330 -0.15501152
v 0.00484379 -0.43424281 -0.14504805
v 0.11732398 -0.39889690 -0.37498060
v 0.10994962 -0.41000077 -0.28022593
v 0.11096677 -0.41822273 -0.09002529
v 0.11011914 -0.42000273 -0.13500324
v 0.11478110 -0.41856179 -0.14362469
v 0.12486787 -0.41432366 -0.15501152
v 0.11054295 -0.42008749 -0.14504805
v 0.11037343 -0.42008749 -0.15281549
v 0.13402224 -0.40813601 -0.18457660
v 0.00484379 -0.43339521 -0.16505633
v 0.08485984 -0.41729033 -0.23504463
v 0.06485582 -0.42466468 -0.17506048
v 0.08316458 -0.41042459 -0.32495990
v 0.10961057 -0.41983321 -0.15948492
v 0.09486184 -0.40728837 -0.34496817
v 0.00492855 -0.43305615 -0.09502736
v 0.00492855 -0.43280187 -0.09002529
v 0.02484780 -0.43169996 -0.14504805
v 0.02603448 -0.43153042 -0.14362469
v 0.01484579 -0.43280187 -0.15501152
v 0.11486585 -0.41754463 -0.16505633
v 0.10655911 -0.41932464 -0.09002529
v 0.10706768 -0.41940939 -0.09502736
v 0.10791531 -0.41957891 -0.10503149
v 0.10952580 -0.41974846 -0.12194906
v 0.10562672 -0.42093512 -0.14362469
v 0.11045820 -0.42008749 -0.14362469
v 0.11418775 -0.41847700 -0.15570286
v 0.10486385 -0.42101988 -0.14504805
v 0.10571148 -0.42068082 -0.15570286
v 0.08485984 -0.42279989 -0.16505633
v 0.03798603 -0.42975041 -0.15501152
v 0.08494460 -0.41957891 -0.20584556
v 0.09486184 -0.41517127 -0.24504878
v 0.09494661 -0.40957695 -0.31580976
v 0.02493256 -0.43093708 -0.11503564
v 0.09486184 -0.42101988 -0.09002529
v 0.04985281 -0.42695326 -0.09002529
v 0.03383265 -0.43051326 -0.14504805
v 0.07485783 -0.42508847 -0.14504805
v 0.08485984 -0.42373228 -0.14362469
v 0.06485582 -0.42619038 -0.15501152
f 1 2 3
f 1 3 4
f 1 4 5
f 1 5 6
f 1 6 7
f 1 7 8
f 1 8 9
f 1 9 10
f 1 10 13
f 1 13 2
f 2 11 12
f 2 12 3
f 2 13 14
f 2 14 15
f 2 15 11
f 3 12 16
f 3 16 17
f 3 17 18
f 3 18 4
f 4 18 5
f 5 18 19
f 5 19 20
f 5 20 21
f 5 21 6
f 6 21 22
f 6 22 20
f 6 20 43
f 6 43 73
f 6 73 107
f 6 107 105
f 6 105 137
f 6 137 182
f 6 182 252
f 6 252 321
f 6 321 404
f 6 404 403
f 6 403 494
f 6 494 587
f 6 587 689
f 6 689 797
f 6 797 903
f 6 903 1011
f 6 1011 1129
f 6 1129 1236
f 6 1236 1235
f 6 1235 1345
f 6 1345 1452
f 6 1452 1451
f 6 1451 1568
f 6 1568 1675
f 6 1675 1790
f 6 1790 1892
f 6 1892 1891
f 6 1891 1989
f 6 1989 2089
f 6 2089 2172
f 6 2172 2244
f 6 2244 2323
f 6 2323 2322
f 6 2322 2337
f 6 2337 2335
f 6 2335 2403
f 6 2403 2459
f 6 2459 2458
f 6 2458 2508
f 6 2508 2549
f 6 2549 2571
f 6 2571 2592
f 6 2592 2591
f 6 2591 2576
f 6 2576 2557
f 6 2557 2527
f 6 2527 2476
f 6 2476 2432
f 6 2432 2370
f 6 2370 2309
f 6 2309 2228
f 6 2228 2138
f 6 2138 2216
f 6 2216 2215
f 6 2215 2129
f 6 2129 2036
f 6 2036 1937
f 6 1937 1936
f 6 1936 1935
f 6 1935 1901
f 6 1901 1800
f 6 1800 1683
f 6 1683 1574
f 6 1574 1465
f 6 1465 1462
f 6 1462 1355
f 6 1355 1353
f 6 1353 1244
f 6 1244 1153
f 6 1153 1020
f 6 1020 917
f 6 917 808
f 6 808 811
f 6 811 807
f 6 807 703
f 6 703 702
f 6 702 599
f 6 599 503
f 6 503 502
f 6 502 415
f 6 415 414
f 6 414 333
f 6 333 262
f 6 262 191
f 6 191 190
f 6 190 143
f 6 143 108
f 6 108 74
f 6 74 44
f 6 44 23
f 6 23 8
f 6 8 7
f 8 23 24
f 8 24 9
f 9 24 25
f 9 25 10
f 10 25 26
f 10 26 13
f 11 15 27
f 11 27 28
f 11 28 29
f 11 29 12
f 12 30 31
f 12 31 32
f 12 32 16
f 12 29 30
f 13 26 33
f 13 33 14
f 14 34 35
f 14 35 37
f 14 37 15
f 14 33 36
f 14 36 34
f 15 37 27
f 16 38 17
f 16 32 38
f 17 32 39
f 17 39 40
f 17 40 41
f 17 41 18
f 17 38 32
f 18 41 19
f 19 41 42
f 19 42 43
f 19 43 20
f 20 22 21
f 23 44 45
f 23 45 46
f 23 46 24
f 24 46 25
f 25 46 47
f 25 47 48
f 25 48 49
f 25 49 26
f 26 49 50
f 26 50 33
f 27 37 28
f 28 51 81
f 28 81 52
f 28 52 29
f 28 37 51
f 29 52 30
f 30 52 53
f 30 53 54
f 30 54 31
f 31 54 55
f 31 55 32
f 32 56 57
f 32 57 58
f 32 58 39
f 32 55 54
f 32 54 56
f 33 50 59
f 33 59 60
f 33 60 61
f 33 61 62
f 33 62 63
f 33 63 36
f 34 64 35
f 34 36 63
f 34 63 62
f 34 62 65
f 34 65 64
f 35 64 66
f 35 66 67
f 35 67 51
f 35 51 37
f 39 58 68
f 39 68 69
f 39 69 70
f 39 70 40
f 40 70 71
f 40 71 72
f 40 72 73
f 40 73 43
f 40 43 42
f 40 42 41
f 44 74 75
f 44 75 45
f 45 75 76
f 45 76 77
f 45 77 46
f 46 77 47
f 47 77 48
f 48 77 76
f 48 76 78
f 48 78 49
f 49 78 79
f 49 79 59
f 49 59 50
f 51 80 115
f 51 115 81
f 51 67 97
f 51 97 80
f 52 81 82
f 52 82 83
f 52 83 53
f 53 83 84
f 53 84 54
f 54 84 56
f 56 84 68
f 56 68 57
f 57 68 58
f 59 79 85
f 59 85 86
f 59 86 87
f 59 87 60
f 60 87 88
f 60 88 61
f 61 65 62
f 61 88 89
f 61 89 65
f 64 65 90
f 64 90 66
f 65 89 91
f 65 91 92
f 65 92 93
f 65 93 90
f 66 94 67
f 66 90 94
f 67 94 95
f 67 95 96
f 67 96 97
f 68 98 99
f 68 99 69
f 68 84 100
f 68 100 101
f 68 101 102
f 68 102 103
f 68 103 104
f 68 104 105
f 68 105 98
f 69 99 105
f 69 105 70
f 70 105 71
f 71 106 73
f 71 73 72
f 71 105 106
f 73 106 107
f 74 108 75
f 75 108 109
f 75 109 76
f 76 109 110
f 76 110 78
f 78 110 79
f 79 110 111
f 79 111 112
f 79 112 85
f 80 113 114
f 80 114 115
f 80 97 116
f 80 116 113
f 81 115 117
f 81 117 118
f 81 118 100
f 81 100 82
f 82 100 83
f 83 100 84
f 85 112 86
f 86 112 119
f 86 119 120
f 86 120 121
f 86 121 87
f 87 121 88
f 88 121 89
f 89 121 91
f 90 93 122
f 90 122 95
f 90 95 94
f 91 121 123
f 91 123 122
f 91 122 93
f 91 93 92
f 95 122 123
f 95 123 124
f 95 124 96
f 96 125 97
f 96 124 126
f 96 126 125
f 97 125 116
f 98 105 99
f 100 127 101
f 100 118 127
f 101 127 128
f 101 128 102
f 102 128 129
f 102 129 103
f 103 129 128
f 103 128 130
f 103 130 131
f 103 131 132
f 103 132 104
f 104 132 105
f 105 133 134
f 105 134 135
f 105 135 136
f 105 136 137
f 105 107 106
f 105 132 131
f 105 131 138
f 105 138 139
f 105 139 140
f 105 140 141
f 105 141 142
f 105 142 133
f 108 143 144
f 108 144 109
f 109 144 145
f 109 145 110
f 110 145 146
f 110 146 111
f 111 146 147
f 111 147 148
f 111 148 149
f 111 149 112
f 112 150 151
f 112 151 152
f 112 152 153
f 112 153 119
f 112 149 154
f 112 154 148
f 112 148 155
f 112 155 156
f 112 156 150
f 113 157 158
f 113 158 114
f 113 116 165
f 113 165 157
f 114 159 117
f 114 117 115
f 114 158 157
f 114 157 160
f 114 160 161
f 114 161 162
f 114 162 163
f 114 163 164
f 114 164 159
f 116 125 165
f 117 159 164
f 117 164 127
f 117 127 118
f 119 153 166
f 119 166 123
f 119 123 120
f 120 123 121
f 123 166 124
f 124 166 126
f 125 126 167
f 125 167 168
f 125 168 169
f 125 169 165
f 126 170 167
f 126 166 171
f 126 171 172
f 126 172 173
f 126 173 174
f 126 174 175
f 126 175 170
f 127 164 128
f 128 164 130
f 130 164 131
f 131 164 138
f 133 176 177
f 133 177 178
f 133 178 134
f 133 142 179
f 133 179 176
f 134 178 180
f 134 180 135
f 135 180 181
f 135 181 136
f 136 182 137
f 136 181 182
f 138 164 183
f 138 183 184
f 138 184 185
f 138 185 186
f 138 186 139
f 139 186 185
f 139 185 140
f 140 185 187
f 140 187 141
f 141 187 142
f 142 187 188
f 142 188 189
f 142 189 179
f 143 190 144
f 144 190 191
f 144 191 145
f 145 191 262
f 145 262 192
f 145 192 146
f 146 192 193
f 146 193 194
f 146 194 195
f 146 195 196
f 146 196 147
f 147 196 148
f 148 154 149
f 148 196 197
f 148 197 198
f 148 198 199
f 148 199 200
f 148 200 201
f 148 201 155
f 150 156 202
f 150 202 151
f 151 203 153
f 151 153 152
f 151 202 203
f 153 203 166
f 155 201 156
f 156 201 204
f 156 204 205
f 156 205 202
f 157 206 207
f 157 207 208
f 157 208 160
f 157 165 217
f 157 217 206
f 160 208 209
f 160 209 161
f 161 209 210
f 161 210 162
f 162 211 164
f 162 164 163
f 162 210 211
f 164 211 212
f 164 212 213
f 164 213 183
f 165 169 214
f 165 214 215
f 165 215 216
f 165 216 217
f 166 203 171
f 167 170 168
f 168 170 169
f 169 218 219
f 169 219 214
f 169 170 220
f 169 220 218
f 170 175 221
f 170 221 222
f 170 222 220
f 171 203 172
f 172 203 202
f 172 202 205
f 172 205 223
f 172 223 173
f 173 224 174
f 173 223 225
f 173 225 224
f 174 224 175
f 175 224 221
f 176 226 177
f 176 179 227
f 176 227 228
f 176 228 226
f 177 226 229
f 177 229 180
f 177 180 178
f 179 189 228
f 179 228 227
f 180 230 231
f 180 231 232
f 180 232 181
f 180 229 230
f 181 232 233
f 181 233 234
f 181 234 182
f 182 234 235
f 182 235 236
f 182 236 237
f 182 237 238
f 182 238 239
f 182 239 240
f 182 240 241
f 182 241 242
f 182 242 243
f 182 243 244
f 182 244 245
f 182 245 246
f 182 246 247
f 182 247 248
f 182 248 249
f 182 249 250
f 182 250 251
f 182 251 252
f 183 213 253
f 183 253 184
f 184 253 185
f 185 254 255
f 185 255 256
f 185 256 187
f 185 253 257
f 185 257 258
f 185 258 254
f 187 256 259
f 187 259 188
f 188 259 189
f 189 259 260
f 189 260 261
f 189 261 228
f 192 262 193
f 193 262 263
f 193 263 194
f 194 263 334
f 194 334 264
f 194 264 195
f 195 264 265
f 195 265 266
f 195 266 198
f 195 198 197
f 195 197 196
f 198 266 199
f 199 266 267
f 199 267 268
f 199 268 200
f 200 268 269
f 200 269 201
f 201 269 204
f 204 269 270
f 204 270 271
f 204 271 272
f 204 272 273
f 204 273 205
f 205 273 274
f 205 274 223
f 206 275 207
f 206 217 276
f 206 276 275
f 207 277 278
f 207 278 279
f 207 279 208
f 207 275 280
f 207 280 281
f 207 281 277
f 208 279 209
f 209 279 282
f 209 282 211
f 209 211 210
f 211 282 283
f 211 283 284
f 211 284 212
f 212 284 285
f 212 285 213
f 213 285 253
f 214 219 215
f 215 219 286
f 215 286 287
f 215 287 216
f 216 276 217
f 216 287 288
f 216 288 276
f 218 288 219
f 218 220 222
f 218 222 288
f 219 288 286
f 221 289 222
f 221 224 289
f 222 289 290
f 222 290 288
f 223 274 291
f 223 291 225
f 224 225 292
f 224 292 293
f 224 293 294
f 224 294 295
f 224 295 289
f 225 291 292
f 226 228 296
f 226 296 297
f 226 297 229
f 228 261 298
f 228 298 296
f 229 297 230
f 230 297 299
f 230 299 380
f 230 380 300
f 230 300 301
f 230 301 302
f 230 302 232
f 230 232 231
f 232 302 233
f 233 303 304
f 233 304 236
f 233 236 235
f 233 235 234
f 233 302 303
f 236 305 306
f 236 306 238
f 236 238 237
f 236 304 305
f 238 306 240
f 238 240 239
f 240 306 307
f 240 307 308
f 240 308 241
f 241 308 242
f 242 309 310
f 242 310 311
f 242 311 243
f 242 308 309
f 243 311 312
f 243 312 244
f 244 312 245
f 245 312 313
f 245 313 246
f 246 313 314
f 246 314 315
f 246 315 247
f 247 316 317
f 247 317 249
f 247 249 248
f 247 315 316
f 249 317 318
f 249 318 250
f 250 318 319
f 250 319 320
f 250 320 252
f 250 252 251
f 252 320 321
f 253 285 322
f 253 322 323
f 253 323 324
f 253 324 257
f 254 258 325
f 254 325 326
f 254 326 327
f 254 327 328
f 254 328 255
f 255 328 329
f 255 329 259
f 255 259 256
f 257 324 325
f 257 325 258
f 259 329 330
f 259 330 331
f 259 331 260
f 260 331 332
f 260 332 261
f 261 332 298
f 262 333 334
f 262 334 263
f 264 334 335
f 264 335 265
f 265 335 416
f 265 416 336
f 265 336 337
f 265 337 266
f 266 338 268
f 266 268 267
f 266 337 338
f 268 338 339
f 268 339 270
f 268 270 269
f 270 339 271
f 271 339 272
f 272 339 340
f 272 340 274
f 272 274 273
f 274 340 341
f 274 341 342
f 274 342 291
f 275 343 344
f 275 344 345
f 275 345 346
f 275 346 347
f 275 347 280
f 275 276 348
f 275 348 343
f 276 288 349
f 276 349 350
f 276 350 351
f 276 351 352
f 276 352 353
f 276 353 354
f 276 354 348
f 277 281 282
f 277 282 278
f 278 282 279
f 280 347 355
f 280 355 356
f 280 356 357
f 280 357 358
f 280 358 281
f 281 358 357
f 281 357 359
f 281 359 282
f 282 359 283
f 283 359 360
f 283 360 361
f 283 361 284
f 284 361 322
f 284 322 285
f 286 288 287
f 288 362 349
f 288 290 363
f 288 363 364
f 288 364 362
f 289 295 365
f 289 365 363
f 289 363 290
f 291 342 366
f 291 366 367
f 291 367 368
f 291 368 369
f 291 369 370
f 291 370 292
f 292 370 371
f 292 371 372
f 292 372 373
f 292 373 293
f 293 373 294
f 294 365 295
f 294 373 374
f 294 374 375
f 294 375 365
f 296 376 377
f 296 377 297
f 296 298 378
f 296 378 379
f 296 379 376
f 297 377 380
f 297 380 299
f 298 332 378
f 300 380 301
f 301 380 381
f 301 381 382
f 301 382 383
f 301 383 302
f 302 383 303
f 303 383 384
f 303 384 385
f 303 385 305
f 303 305 304
f 305 385 386
f 305 386 387
f 305 387 306
f 306 387 386
f 306 386 388
f 306 388 389
f 306 389 390
f 306 390 307
f 307 390 391
f 307 391 392
f 307 392 308
f 308 393 309
f 308 392 393
f 309 393 310
f 310 392 394
f 310 394 313
f 310 313 395
f 310 395 311
f 310 393 392
f 311 395 313
f 311 313 312
f 313 394 396
f 313 396 397
f 313 397 315
f 313 315 314
f 315 397 316
f 316 397 398
f 316 398 318
f 316 318 317
f 318 398 399
f 318 399 319
f 319 399 400
f 319 400 401
f 319 401 320
f 320 401 402
f 320 402 403
f 320 403 404
f 320 404 321
f 322 361 323
f 323 361 405
f 323 405 406
f 323 406 407
f 323 407 324
f 324 407 326
f 324 326 325
f 326 407 408
f 326 408 327
f 327 408 328
f 328 408 407
f 328 407 409
f 328 409 410
f 328 410 330
f 328 330 329
f 330 410 411
f 330 411 412
f 330 412 413
f 330 413 378
f 330 378 332
f 330 332 331
f 333 414 335
f 333 335 334
f 335 414 415
f 335 415 416
f 336 416 504
f 336 504 417
f 336 417 418
f 336 418 337
f 337 418 338
f 338 419 420
f 338 420 339
f 338 418 421
f 338 421 419
f 339 420 340
f 340 420 341
f 341 420 422
f 341 422 366
f 341 366 342
f 343 423 424
f 343 424 425
f 343 425 344
f 343 348 426
f 343 426 423
f 344 425 427
f 344 427 345
f 345 427 428
f 345 428 346
f 346 428 355
f 346 355 347
f 348 354 429
f 348 429 430
f 348 430 426
f 349 362 350
f 350 362 351
f 351 362 431
f 351 431 352
f 352 431 432
f 352 432 353
f 353 432 433
f 353 433 354
f 354 433 429
f 355 428 434
f 355 434 356
f 356 434 357
f 357 434 359
f 359 434 435
f 359 435 360
f 360 436 437
f 360 437 438
f 360 438 439
f 360 439 440
f 360 440 441
f 360 441 361
f 360 435 436
f 361 441 406
f 361 406 405
f 362 364 442
f 362 442 431
f 363 365 443
f 363 443 364
f 364 444 442
f 364 443 444
f 365 375 445
f 365 445 443
f 366 422 446
f 366 446 447
f 366 447 367
f 367 448 369
f 367 369 368
f 367 447 449
f 367 449 450
f 367 450 448
f 369 448 451
f 369 451 452
f 369 452 453
f 369 453 370
f 370 453 371
f 371 453 372
f 372 453 373
f 373 453 454
f 373 454 455
f 373 455 375
f 373 375 374
f 375 455 445
f 376 456 377
f 376 379 378
f 376 378 457
f 376 457 456
f 377 456 458
f 377 458 459
f 377 459 460
f 377 460 380
f 378 413 457
f 380 460 461
f 380 461 462
f 380 462 381
f 381 462 463
f 381 463 382
f 382 463 464
f 382 464 383
f 383 464 384
f 384 464 385
f 385 465 386
f 385 464 465
f 386 465 466
f 386 466 388
f 388 467 389
f 388 466 468
f 388 468 467
f 389 469 470
f 389 470 390
f 389 467 471
f 389 471 469
f 390 472 473
f 390 473 474
f 390 474 391
f 390 470 472
f 391 474 473
f 391 473 475
f 391 475 476
f 391 476 392
f 392 476 475
f 392 475 477
f 392 477 478
f 392 478 479
f 392 479 394
f 394 479 480
f 394 480 396
f 396 480 481
f 396 481 398
f 396 398 397
f 398 481 482
f 398 482 483
f 398 483 399
f 399 484 485
f 399 485 400
f 399 483 486
f 399 486 487
f 399 487 488
f 399 488 484
f 400 485 489
f 400 489 580
f 400 580 490
f 400 490 491
f 400 491 401
f 401 491 492
f 401 492 402
f 402 492 493
f 402 493 494
f 402 494 403
f 406 441 495
f 406 495 407
f 407 495 496
f 407 496 411
f 407 411 409
f 409 411 410
f 411 496 497
f 411 497 438
f 411 438 412
f 412 498 413
f 412 438 499
f 412 499 498
f 413 498 500
f 413 500 501
f 413 501 457
f 415 502 416
f 416 503 504
f 416 502 503
f 417 504 505
f 417 505 506
f 417 506 418
f 418 507 421
f 418 506 508
f 418 508 507
f 419 421 509
f 419 509 422
f 419 422 420
f 421 507 509
f 422 509 510
f 422 510 511
f 422 511 512
f 422 512 446
f 423 513 514
f 423 514 424
f 423 426 513
f 424 514 515
f 424 515 516
f 424 516 517
f 424 517 434
f 424 434 425
f 425 434 427
f 426 430 442
f 426 442 518
f 426 518 519
f 426 519 520
f 426 520 521
f 426 521 522
f 426 522 513
f 427 434 428
f 429 433 442
f 429 442 430
f 431 442 432
f 432 442 433
f 434 517 516
f 434 516 435
f 435 516 523
f 435 523 524
f 435 524 436
f 436 524 525
f 436 525 526
f 436 526 437
f 437 527 438
f 437 526 527
f 438 497 439
f 438 527 499
f 439 497 496
f 439 496 440
f 440 496 441
f 441 496 495
f 442 444 534
f 442 534 518
f 443 528 444
f 443 445 529
f 443 529 530
f 443 530 531
f 443 531 528
f 444 528 532
f 444 532 533
f 444 533 534
f 445 455 535
f 445 535 529
f 446 512 447
f 447 512 536
f 447 536 537
f 447 537 449
f 448 450 538
f 448 538 539
f 448 539 451
f 449 537 450
f 450 537 540
f 450 540 538
f 451 539 452
f 452 539 541
f 452 541 453
f 453 541 454
f 454 542 530
f 454 530 535
f 454 535 455
f 454 541 543
f 454 543 544
f 454 544 542
f 456 457 545
f 456 545 546
f 456 546 547
f 456 547 458
f 457 501 545
f 458 548 459
f 458 547 549
f 458 549 550
f 458 550 548
f 459 551 552
f 459 552 553
f 459 553 460
f 459 548 551
f 460 553 554
f 460 554 555
f 460 555 556
f 460 556 461
f 461 557 462
f 461 556 558
f 461 558 557
f 462 557 558
f 462 558 463
f 463 558 464
f 464 558 465
f 465 558 466
f 466 559 560
f 466 560 561
f 466 561 468
f 466 558 559
f 467 468 561
f 467 561 471
f 469 562 563
f 469 563 470
f 469 471 564
f 469 564 562
f 470 563 472
f 471 565 564
f 471 561 565
f 472 563 566
f 472 566 473
f 473 567 568
f 473 568 569
f 473 569 475
f 473 566 567
f 475 570 571
f 475 571 477
f 475 569 572
f 475 572 483
f 475 483 570
f 477 571 478
f 478 571 570
f 478 570 573
f 478 573 482
f 478 482 574
f 478 574 479
f 479 574 480
f 480 574 482
f 480 482 481
f 482 573 483
f 483 573 570
f 483 572 487
f 483 487 486
f 484 575 489
f 484 489 485
f 484 488 576
f 484 576 577
f 484 577 578
f 484 578 575
f 487 572 579
f 487 579 488
f 488 579 576
f 489 575 580
f 490 580 581
f 490 581 582
f 490 582 491
f 491 582 583
f 491 583 492
f 492 583 493
f 493 583 584
f 493 584 494
f 494 584 585
f 494 585 586
f 494 586 587
f 498 588 589
f 498 589 590
f 498 590 591
f 498 591 500
f 498 499 588
f 499 592 593
f 499 593 594
f 499 594 588
f 499 527 595
f 499 595 596
f 499 596 597
f 499 597 598
f 499 598 592
f 500 591 546
f 500 546 545
f 500 545 501
f 503 599 505
f 503 505 504
f 505 599 600
f 505 600 601
f 505 601 506
f 506 601 602
f 506 602 603
f 506 603 604
f 506 604 508
f 507 605 509
f 507 508 606
f 507 606 605
f 508 604 607
f 508 607 606
f 509 605 510
f 510 607 608
f 510 608 609
f 510 609 511
f 510 605 607
f 511 609 610
f 511 610 512
f 512 610 536
f 513 522 611
f 513 611 514
f 514 611 612
f 514 612 613
f 514 613 614
f 514 614 615
f 514 615 515
f 515 615 616
f 515 616 516
f 516 616 617
f 516 617 523
f 518 534 618
f 518 618 619
f 518 619 520
f 518 520 519
f 520 619 620
f 520 620 621
f 520 621 622
f 520 622 623
f 520 623 521
f 521 623 624
f 521 624 625
f 521 625 522
f 522 626 627
f 522 627 612
f 522 612 611
f 522 625 626
f 523 617 524
f 524 617 628
f 524 628 629
f 524 629 630
f 524 630 631
f 524 631 525
f 525 631 527
f 525 527 526
f 527 632 595
f 527 631 632
f 528 531 532
f 529 535 530
f 530 542 633
f 530 633 634
f 530 634 531
f 531 634 532
f 532 635 533
f 532 634 633
f 532 633 636
f 532 636 637
f 532 637 635
f 533 638 534
f 533 635 638
f 534 638 618
f 536 610 639
f 536 639 537
f 537 639 640
f 537 640 641
f 537 641 642
f 537 642 643
f 537 643 540
f 538 644 539
f 538 540 645
f 538 645 644
f 539 644 541
f 540 643 645
f 541 644 646
f 541 646 543
f 542 544 647
f 542 647 633
f 543 646 648
f 543 648 649
f 543 649 650
f 543 650 544
f 544 651 652
f 544 652 647
f 544 650 651
f 546 591 590
f 546 590 547
f 547 590 549
f 548 653 654
f 548 654 655
f 548 655 551
f 548 550 656
f 548 656 657
f 548 657 658
f 548 658 653
f 549 590 589
f 549 589 659
f 549 659 588
f 549 588 656
f 549 656 550
f 551 655 660
f 551 660 552
f 552 660 661
f 552 661 662
f 552 662 554
f 552 554 553
f 554 662 663
f 554 663 555
f 555 663 556
f 556 663 558
f 558 663 559
f 559 664 665
f 559 665 561
f 559 561 560
f 559 663 666
f 559 666 667
f 559 667 664
f 561 665 668
f 561 668 669
f 561 669 565
f 562 564 565
f 562 565 563
f 563 670 671
f 563 671 566
f 563 565 669
f 563 669 672
f 563 672 670
f 566 671 567
f 567 671 673
f 567 673 568
f 568 674 675
f 568 675 676
f 568 676 569
f 568 673 677
f 568 677 678
f 568 678 674
f 569 676 579
f 569 579 572
f 575 679 680
f 575 680 681
f 575 681 581
f 575 581 580
f 575 578 577
f 575 577 576
f 575 576 682
f 575 682 679
f 576 579 682
f 579 676 683
f 579 683 682
f 581 681 582
f 582 681 684
f 582 684 583
f 583 585 584
f 583 684 685
f 583 685 585
f 585 685 686
f 585 686 687
f 585 687 688
f 585 688 689
f 585 689 586
f 586 689 587
f 588 594 690
f 588 690 656
f 588 659 589
f 592 598 691
f 592 691 593
f 593 692 693
f 593 693 594
f 593 691 694
f 593 694 692
f 594 693 695
f 594 695 690
f 595 632 696
f 595 696 596
f 596 696 697
f 596 697 698
f 596 698 699
f 596 699 597
f 597 699 698
f 597 698 700
f 597 700 701
f 597 701 598
f 598 701 691
f 599 702 601
f 599 601 600
f 601 702 703
f 601 703 704
f 601 704 602
f 602 705 706
f 602 706 707
f 602 707 709
f 602 709 603
f 602 704 708
f 602 708 808
f 602 808 705
f 603 709 710
f 603 710 607
f 603 607 604
f 605 606 607
f 607 710 711
f 607 711 712
f 607 712 713
f 607 713 608
f 608 713 609
f 609 713 714
f 609 714 715
f 609 715 610
f 610 715 640
f 610 640 639
f 612 716 717
f 612 717 613
f 612 627 716
f 613 717 718
f 613 718 697
f 613 697 719
f 613 719 629
f 613 629 614
f 614 629 720
f 614 720 615
f 615 720 617
f 615 617 721
f 615 721 616
f 616 721 617
f 617 720 629
f 617 629 628
f 618 638 621
f 618 621 620
f 618 620 619
f 621 638 622
f 622 638 722
f 622 722 723
f 622 723 724
f 622 724 623
f 623 725 624
f 623 724 726
f 623 726 725
f 624 725 625
f 625 725 727
f 625 727 728
f 625 728 729
f 625 729 730
f 625 730 626
f 626 730 731
f 626 731 732
f 626 732 716
f 626 716 627
f 629 719 630
f 630 719 733
f 630 733 632
f 630 632 631
f 632 733 696
f 633 647 734
f 633 734 735
f 633 735 636
f 635 723 638
f 635 637 736
f 635 736 723
f 636 735 736
f 636 736 637
f 638 723 722
f 640 715 737
f 640 737 641
f 641 643 642
f 641 737 738
f 641 738 739
f 641 739 740
f 641 740 741
f 641 741 643
f 643 741 645
f 644 648 646
f 644 645 742
f 644 742 648
f 645 741 743
f 645 743 744
f 645 744 742
f 647 745 746
f 647 746 747
f 647 747 748
f 647 748 749
f 647 749 750
f 647 750 734
f 647 652 751
f 647 751 752
f 647 752 753
f 647 753 745
f 648 742 649
f 649 742 754
f 649 754 650
f 650 755 651
f 650 754 756
f 650 756 755
f 651 755 652
f 652 755 751
f 653 658 654
f 654 757 655
f 654 658 758
f 654 758 757
f 655 757 661
f 655 661 660
f 656 690 657
f 657 690 759
f 657 759 658
f 658 759 760
f 658 760 761
f 658 761 758
f 661 762 667
f 661 667 666
f 661 666 662
f 661 757 758
f 661 758 763
f 661 763 762
f 662 666 663
f 664 667 764
f 664 764 765
f 664 765 766
f 664 766 665
f 665 766 767
f 665 767 768
f 665 768 668
f 667 762 769
f 667 769 770
f 667 770 771
f 667 771 764
f 668 772 773
f 668 773 672
f 668 672 669
f 668 768 772
f 670 773 671
f 670 672 773
f 671 773 673
f 673 774 677
f 673 773 772
f 673 772 775
f 673 775 776
f 673 776 774
f 674 678 675
f 675 777 778
f 675 778 683
f 675 683 676
f 675 678 779
f 675 779 777
f 677 774 780
f 677 780 781
f 677 781 678
f 678 782 779
f 678 781 783
f 678 783 782
f 679 784 681
f 679 681 680
f 679 682 785
f 679 785 786
f 679 786 784
f 681 685 684
f 681 784 685
f 682 683 787
f 682 787 788
f 682 788 785
f 683 778 785
f 683 785 787
f 685 784 789
f 685 789 790
f 685 790 791
f 685 791 686
f 686 792 793
f 686 793 794
f 686 794 795
f 686 795 687
f 686 791 792
f 687 795 796
f 687 796 688
f 688 796 797
f 688 797 689
f 690 695 759
f 691 701 798
f 691 798 694
f 692 694 799
f 692 799 800
f 692 800 801
f 692 801 802
f 692 802 803
f 692 803 804
f 692 804 693
f 693 804 805
f 693 805 759
f 693 759 695
f 694 798 799
f 696 733 697
f 697 733 719
f 697 718 701
f 697 701 700
f 697 700 698
f 701 718 806
f 701 806 798
f 703 807 708
f 703 708 704
f 705 808 809
f 705 809 706
f 706 809 707
f 707 809 810
f 707 810 812
f 707 812 709
f 708 807 811
f 708 811 808
f 709 812 710
f 710 812 813
f 710 813 711
f 711 813 712
f 712 813 713
f 713 813 814
f 713 814 714
f 714 814 815
f 714 815 715
f 715 815 816
f 715 816 737
f 716 732 817
f 716 817 818
f 716 818 819
f 716 819 820
f 716 820 717
f 717 820 718
f 718 820 806
f 723 821 724
f 723 736 821
f 724 821 822
f 724 822 823
f 724 823 824
f 724 824 825
f 724 825 826
f 724 826 726
f 725 726 827
f 725 827 935
f 725 935 828
f 725 828 829
f 725 829 830
f 725 830 831
f 725 831 727
f 726 826 827
f 727 831 728
f 728 831 729
f 729 831 832
f 729 832 833
f 729 833 834
f 729 834 730
f 730 834 817
f 730 817 731
f 731 817 732
f 734 750 736
f 734 736 735
f 736 750 835
f 736 835 821
f 737 816 836
f 737 836 738
f 738 836 837
f 738 837 838
f 738 838 839
f 738 839 840
f 738 840 841
f 738 841 739
f 739 841 740
f 740 842 741
f 740 841 840
f 740 840 842
f 741 842 743
f 742 744 743
f 742 743 754
f 743 842 843
f 743 843 844
f 743 844 845
f 743 845 846
f 743 846 754
f 745 753 847
f 745 847 848
f 745 848 849
f 745 849 746
f 746 849 850
f 746 850 747
f 747 850 851
f 747 851 748
f 748 851 749
f 749 851 852
f 749 852 750
f 750 852 853
f 750 853 835
f 751 755 854
f 751 854 752
f 752 855 753
f 752 854 856
f 752 856 855
f 753 855 847
f 754 846 756
f 755 756 854
f 756 846 856
f 756 856 854
f 758 857 763
f 758 761 857
f 759 805 858
f 759 858 859
f 759 859 860
f 759 860 761
f 759 761 760
f 761 860 857
f 762 861 769
f 762 763 860
f 762 860 862
f 762 862 861
f 763 857 860
f 764 771 863
f 764 863 871
f 764 871 864
f 764 864 765
f 765 864 766
f 766 864 865
f 766 865 767
f 767 865 768
f 768 865 772
f 769 861 866
f 769 866 867
f 769 867 770
f 770 868 771
f 770 867 869
f 770 869 868
f 771 868 870
f 771 870 863
f 772 865 871
f 772 871 775
f 774 776 775
f 774 775 872
f 774 872 780
f 775 871 873
f 775 873 874
f 775 874 872
f 777 875 778
f 777 779 875
f 778 875 876
f 778 876 888
f 778 888 785
f 779 782 781
f 779 781 877
f 779 877 878
f 779 878 879
f 779 879 880
f 779 880 881
f 779 881 875
f 780 872 882
f 780 882 883
f 780 883 884
f 780 884 885
f 780 885 878
f 780 878 886
f 780 886 877
f 780 877 781
f 781 782 783
f 784 786 887
f 784 887 890
f 784 890 789
f 785 788 787
f 785 888 887
f 785 887 786
f 789 889 790
f 789 890 889
f 790 889 791
f 791 891 892
f 791 892 792
f 791 889 893
f 791 893 894
f 791 894 895
f 791 895 896
f 791 896 891
f 792 892 793
f 793 892 897
f 793 897 898
f 793 898 794
f 794 898 899
f 794 899 900
f 794 900 795
f 795 901 902
f 795 902 797
f 795 797 796
f 795 900 901
f 797 902 903
f 798 904 820
f 798 820 800
f 798 800 799
f 798 806 904
f 800 905 906
f 800 906 802
f 800 802 801
f 800 820 905
f 802 906 803
f 803 906 907
f 803 907 908
f 803 908 1014
f 803 1014 909
f 803 909 910
f 803 910 911
f 803 911 804
f 804 912 913
f 804 913 914
f 804 914 805
f 804 911 912
f 805 914 915
f 805 915 916
f 805 916 858
f 806 820 904
f 808 917 809
f 809 917 918
f 809 918 810
f 810 918 919
f 810 919 920
f 810 920 812
f 812 920 813
f 813 921 922
f 813 922 923
f 813 923 814
f 813 920 924
f 813 924 925
f 813 925 926
f 813 926 927
f 813 927 928
f 813 928 929
f 813 929 921
f 814 923 815
f 815 923 816
f 816 923 836
f 817 930 905
f 817 905 931
f 817 931 818
f 817 834 930
f 818 931 905
f 818 905 819
f 819 905 820
f 821 835 932
f 821 932 822
f 822 932 933
f 822 933 823
f 823 825 824
f 823 933 852
f 823 852 851
f 823 851 850
f 823 850 825
f 825 850 934
f 825 934 935
f 825 935 827
f 825 827 826
f 828 935 936
f 828 936 829
f 829 832 831
f 829 831 830
f 829 936 832
f 832 937 833
f 832 936 938
f 832 938 937
f 833 937 939
f 833 939 834
f 834 939 930
f 835 853 932
f 836 923 940
f 836 940 837
f 837 940 941
f 837 941 942
f 837 942 943
f 837 943 838
f 838 943 839
f 839 943 944
f 839 944 945
f 839 945 946
f 839 946 840
f 840 946 947
f 840 947 842
f 842 948 844
f 842 844 843
f 842 947 949
f 842 949 948
f 844 948 949
f 844 949 950
f 844 950 951
f 844 951 845
f 845 952 846
f 845 951 953
f 845 953 954
f 845 954 952
f 846 955 956
f 846 956 856
f 846 952 955
f 847 957 848
f 847 855 958
f 847 958 959
f 847 959 960
f 847 960 961
f 847 961 957
f 848 957 962
f 848 962 963
f 848 963 849
f 849 963 850
f 850 963 964
f 850 964 934
f 852 933 853
f 853 933 932
f 855 856 965
f 855 965 966
f 855 966 967
f 855 967 958
f 856 956 965
f 858 916 968
f 858 968 969
f 858 969 862
f 858 862 970
f 858 970 860
f 858 860 859
f 860 970 862
f 861 862 971
f 861 971 972
f 861 972 866
f 862 969 973
f 862 973 974
f 862 974 971
f 863 870 871
f 864 871 865
f 866 972 975
f 866 975 867
f 867 976 869
f 867 975 976
f 868 977 978
f 868 978 870
f 868 869 977
f 869 976 979
f 869 979 980
f 869 980 981
f 869 981 978
f 869 978 977
f 870 978 981
f 870 981 982
f 870 982 873
f 870 873 871
f 872 874 882
f 873 982 983
f 873 983 874
f 874 983 984
f 874 984 985
f 874 985 986
f 874 986 987
f 874 987 988
f 874 988 884
f 874 884 883
f 874 883 882
f 875 989 876
f 875 881 990
f 875 990 989
f 876 989 991
f 876 991 992
f 876 992 993
f 876 993 996
f 876 996 888
f 877 886 878
f 878 885 879
f 879 885 987
f 879 987 986
f 879 986 994
f 879 994 995
f 879 995 990
f 879 990 881
f 879 881 880
f 884 988 885
f 885 988 987
f 887 888 890
f 888 996 997
f 888 997 890
f 889 890 894
f 889 894 893
f 890 997 894
f 891 896 998
f 891 998 999
f 891 999 892
f 892 999 1000
f 892 1000 1001
f 892 1001 898
f 892 898 897
f 894 997 895
f 895 997 996
f 895 996 896
f 896 996 998
f 898 1001 1002
f 898 1002 899
f 899 1002 1003
f 899 1003 900
f 900 1004 1005
f 900 1005 1006
f 900 1006 1007
f 900 1007 901
f 900 1003 1008
f 900 1008 1009
f 900 1009 1004
f 901 1007 903
f 901 903 1010
f 901 1010 902
f 902 1010 903
f 903 1007 1011
f 905 908 1012
f 905 1012 907
f 905 907 906
f 905 930 908
f 907 1012 908
f 908 1013 1014
f 908 930 939
f 908 939 1013
f 909 1014 1015
f 909 1015 910
f 910 1015 1150
f 910 1150 1016
f 910 1016 912
f 910 912 911
f 912 1016 913
f 913 915 914
f 913 1016 1017
f 913 1017 916
f 913 916 915
f 916 1017 975
f 916 975 972
f 916 972 1018
f 916 1018 974
f 916 974 973
f 916 973 968
f 917 1019 918
f 917 1020 1021
f 917 1021 1019
f 918 1019 1022
f 918 1022 1023
f 918 1023 919
f 919 1023 1022
f 919 1022 920
f 920 1022 924
f 921 1024 922
f 921 929 1024
f 922 1024 923
f 923 1024 1025
f 923 1025 940
f 924 1022 925
f 925 1022 926
f 926 1026 1027
f 926 1027 1028
f 926 1028 927
f 926 1022 1026
f 927 1028 1029
f 927 1029 1030
f 927 1030 1031
f 927 1031 928
f 928 1031 1025
f 928 1025 929
f 929 1025 1024
f 934 964 935
f 935 964 936
f 936 964 1032
f 936 1032 1033
f 936 1033 1034
f 936 1034 938
f 937 938 1035
f 937 1035 1036
f 937 1036 1037
f 937 1037 1038
f 937 1038 1039
f 937 1039 1047
f 937 1047 939
f 938 1040 1036
f 938 1036 1035
f 938 1034 1041
f 938 1041 1042
f 938 1042 1043
f 938 1043 1044
f 938 1044 1045
f 938 1045 1046
f 938 1046 1040
f 939 1047 1048
f 939 1048 1049
f 939 1049 1050
f 939 1050 1051
f 939 1051 1013
f 940 1025 1052
f 940 1052 941
f 941 1052 942
f 942 1052 1053
f 942 1053 1054
f 942 1054 1055
f 942 1055 943
f 943 1055 1056
f 943 1056 1057
f 943 1057 945
f 943 945 944
f 945 1057 1058
f 945 1058 1059
f 945 1059 946
f 946 1059 947
f 947 1059 1060
f 947 1060 949
f 949 1061 950
f 949 1060 1062
f 949 1062 1063
f 949 1063 1061
f 950 1061 1064
f 950 1064 951
f 951 1064 953
f 952 954 1065
f 952 1065 1066
f 952 1066 955
f 953 1065 954
f 953 1064 1061
f 953 1061 1067
f 953 1067 1065
f 955 966 956
f 955 1066 1192
f 955 1192 1068
f 955 1068 966
f 956 966 965
f 957 1042 1041
f 957 1041 1033
f 957 1033 1032
f 957 1032 962
f 957 961 1069
f 957 1069 1070
f 957 1070 1071
f 957 1071 1042
f 958 967 966
f 958 966 1072
f 958 1072 1073
f 958 1073 959
f 959 1073 1074
f 959 1074 1075
f 959 1075 1076
f 959 1076 1077
f 959 1077 960
f 960 1077 1078
f 960 1078 961
f 961 1078 1079
f 961 1079 1069
f 962 1032 964
f 962 964 963
f 966 1068 1080
f 966 1080 1072
f 968 973 969
f 971 974 1018
f 971 1018 972
f 975 1017 1081
f 975 1081 976
f 976 1081 1082
f 976 1082 1083
f 976 1083 979
f 979 1084 1085
f 979 1085 980
f 979 1083 1084
f 980 1085 1086
f 980 1086 1087
f 980 1087 1088
f 980 1088 982
f 980 982 1089
f 980 1089 981
f 981 1089 982
f 982 1090 1091
f 982 1091 1092
f 982 1092 1093
f 982 1093 1094
f 982 1094 1095
f 982 1095 984
f 982 984 983
f 982 1088 1087
f 982 1087 1096
f 982 1096 1090
f 984 1095 1097
f 984 1097 985
f 985 1097 986
f 986 1097 1095
f 986 1095 1094
f 986 1094 1098
f 986 1098 1099
f 986 1099 1100
f 986 1100 994
f 989 990 991
f 990 1101 1102
f 990 1102 991
f 990 995 1103
f 990 1103 1104
f 990 1104 1101
f 991 1102 992
f 992 1105 1106
f 992 1106 993
f 992 1102 1107
f 992 1107 1108
f 992 1108 1109
f 992 1109 1110
f 992 1110 1111
f 992 1111 1112
f 992 1112 1113
f 992 1113 1105
f 993 1106 996
f 994 1114 1115
f 994 1115 995
f 994 1100 1212
f 994 1212 1116
f 994 1116 1117
f 994 1117 1118
f 994 1118 1114
f 995 1115 1104
f 995 1104 1119
f 995 1119 1103
f 996 1106 1120
f 996 1120 1121
f 996 1121 998
f 998 1122 999
f 998 1121 1122
f 999 1122 1000
f 1000 1122 1001
f 1001 1122 1121
f 1001 1121 1123
f 1001 1123 1002
f 1002 1008 1003
f 1002 1123 1124
f 1002 1124 1009
f 1002 1009 1008
f 1004 1125 1126
f 1004 1126 1127
f 1004 1127 1005
f 1004 1009 1125
f 1005 1128 1129
f 1005 1129 1130
f 1005 1130 1006
f 1005 1127 1131
f 1005 1131 1128
f 1006 1130 1132
f 1006 1132 1007
f 1007 1132 1133
f 1007 1133 1134
f 1007 1134 1135
f 1007 1135 1011
f 1009 1136 1126
f 1009 1126 1137
f 1009 1137 1125
f 1009 1124 1138
f 1009 1138 1139
f 1009 1139 1140
f 1009 1140 1141
f 1009 1141 1142
f 1009 1142 1143
f 1009 1143 1144
f 1009 1144 1136
f 1011 1135 1129
f 1013 1051 1145
f 1013 1145 1146
f 1013 1146 1147
f 1013 1147 1148
f 1013 1148 1015
f 1013 1015 1014
f 1015 1149 1150
f 1015 1148 1151
f 1015 1151 1149
f 1016 1150 1152
f 1016 1152 1017
f 1017 1152 1081
f 1019 1021 1022
f 1020 1153 1154
f 1020 1154 1021
f 1021 1154 1026
f 1021 1026 1022
f 1025 1031 1052
f 1026 1154 1155
f 1026 1155 1027
f 1027 1155 1156
f 1027 1156 1157
f 1027 1157 1028
f 1028 1157 1029
f 1029 1157 1156
f 1029 1156 1030
f 1030 1156 1158
f 1030 1158 1159
f 1030 1159 1160
f 1030 1160 1031
f 1031 1160 1161
f 1031 1161 1052
f 1033 1041 1034
f 1036 1040 1046
f 1036 1046 1162
f 1036 1162 1163
f 1036 1163 1037
f 1037 1164 1165
f 1037 1165 1166
f 1037 1166 1039
f 1037 1039 1038
f 1037 1163 1167
f 1037 1167 1256
f 1037 1256 1164
f 1039 1166 1165
f 1039 1165 1257
f 1039 1257 1276
f 1039 1276 1275
f 1039 1275 1177
f 1039 1177 1047
f 1042 1071 1043
f 1043 1071 1044
f 1044 1071 1070
f 1044 1070 1168
f 1044 1168 1169
f 1044 1169 1170
f 1044 1170 1045
f 1045 1171 1046
f 1045 1170 1172
f 1045 1172 1171
f 1046 1171 1173
f 1046 1173 1269
f 1046 1269 1174
f 1046 1174 1175
f 1046 1175 1176
f 1046 1176 1162
f 1047 1177 1049
f 1047 1049 1048
f 1049 1178 1050
f 1049 1177 1275
f 1049 1275 1178
f 1050 1178 1278
f 1050 1278 1179
f 1050 1179 1146
f 1050 1146 1145
f 1050 1145 1051
f 1052 1161 1053
f 1053 1161 1160
f 1053 1160 1180
f 1053 1180 1054
f 1054 1180 1055
f 1055 1181 1182
f 1055 1182 1183
f 1055 1183 1057
f 1055 1057 1056
f 1055 1180 1184
f 1055 1184 1185
f 1055 1185 1181
f 1057 1183 1186
f 1057 1186 1187
f 1057 1187 1188
f 1057 1188 1058
f 1058 1188 1062
f 1058 1062 1059
f 1059 1062 1060
f 1061 1189 1067
f 1061 1063 1190
f 1061 1190 1189
f 1062 1188 1063
f 1063 1188 1187
f 1063 1187 1190
f 1065 1067 1191
f 1065 1191 1192
f 1065 1192 1066
f 1067 1189 1191
f 1068 1192 1193
f 1068 1193 1080
f 1069 1079 1168
f 1069 1168 1070
f 1072 1080 1073
f 1073 1080 1074
f 1074 1080 1194
f 1074 1194 1195
f 1074 1195 1196
f 1074 1196 1075
f 1075 1196 1076
f 1076 1196 1197
f 1076 1197 1077
f 1077 1197 1198
f 1077 1198 1078
f 1078 1198 1199
f 1078 1199 1200
f 1078 1200 1079
f 1079 1200 1168
f 1080 1193 1194
f 1081 1152 1150
f 1081 1150 1082
f 1082 1201 1083
f 1082 1150 1149
f 1082 1149 1201
f 1083 1201 1202
f 1083 1202 1203
f 1083 1203 1204
f 1083 1204 1084
f 1084 1204 1085
f 1085 1204 1205
f 1085 1205 1206
f 1085 1206 1086
f 1086 1096 1087
f 1086 1206 1207
f 1086 1207 1096
f 1090 1096 1207
f 1090 1207 1091
f 1091 1093 1092
f 1091 1207 1206
f 1091 1206 1099
f 1091 1099 1093
f 1093 1099 1098
f 1093 1098 1094
f 1099 1206 1100
f 1100 1206 1208
f 1100 1208 1209
f 1100 1209 1210
f 1100 1210 1211
f 1100 1211 1212
f 1101 1108 1102
f 1101 1104 1213
f 1101 1213 1214
f 1101 1214 1108
f 1102 1108 1107
f 1103 1119 1104
f 1104 1115 1213
f 1105 1120 1106
f 1105 1113 1120
f 1108 1214 1215
f 1108 1215 1216
f 1108 1216 1109
f 1109 1111 1110
f 1109 1216 1111
f 1111 1216 1217
f 1111 1217 1112
f 1112 1142 1218
f 1112 1218 1113
f 1112 1217 1215
f 1112 1215 1219
f 1112 1219 1220
f 1112 1220 1221
f 1112 1221 1222
f 1112 1222 1223
f 1112 1223 1142
f 1113 1218 1139
f 1113 1139 1120
f 1114 1213 1115
f 1114 1118 1224
f 1114 1224 1225
f 1114 1225 1213
f 1116 1212 1226
f 1116 1226 1117
f 1117 1226 1118
f 1118 1226 1227
f 1118 1227 1224
f 1120 1139 1121
f 1121 1139 1228
f 1121 1228 1123
f 1123 1228 1124
f 1124 1228 1139
f 1124 1139 1138
f 1125 1137 1126
f 1126 1136 1229
f 1126 1229 1230
f 1126 1230 1231
f 1126 1231 1127
f 1127 1231 1232
f 1127 1232 1233
f 1127 1233 1234
f 1127 1234 1131
f 1128 1131 1234
f 1128 1234 1235
f 1128 1235 1236
f 1128 1236 1129
f 1129 1135 1134
f 1129 1134 1133
f 1129 1133 1130
f 1130 1133 1132
f 1136 1144 1143
f 1136 1143 1229
f 1139 1218 1141
f 1139 1141 1140
f 1141 1218 1142
f 1142 1223 1237
f 1142 1237 1238
f 1142 1238 1239
f 1142 1239 1143
f 1143 1239 1240
f 1143 1240 1229
f 1146 1179 1279
f 1146 1279 1241
f 1146 1241 1147
f 1147 1241 1242
f 1147 1242 1148
f 1148 1242 1151
f 1149 1151 1243
f 1149 1243 1201
f 1151 1242 1243
f 1153 1244 1154
f 1154 1244 1155
f 1155 1244 1245
f 1155 1245 1246
f 1155 1246 1156
f 1156 1246 1247
f 1156 1247 1248
f 1156 1248 1158
f 1158 1248 1249
f 1158 1249 1159
f 1159 1250 1251
f 1159 1251 1160
f 1159 1249 1252
f 1159 1252 1253
f 1159 1253 1254
f 1159 1254 1250
f 1160 1251 1180
f 1162 1176 1255
f 1162 1255 1368
f 1162 1368 1256
f 1162 1256 1167
f 1162 1167 1163
f 1164 1256 1165
f 1165 1256 1257
f 1168 1200 1199
f 1168 1199 1258
f 1168 1258 1169
f 1169 1258 1259
f 1169 1259 1260
f 1169 1260 1261
f 1169 1261 1170
f 1170 1261 1262
f 1170 1262 1172
f 1171 1172 1263
f 1171 1263 1264
f 1171 1264 1265
f 1171 1265 1266
f 1171 1266 1173
f 1172 1262 1261
f 1172 1261 1267
f 1172 1267 1263
f 1173 1268 1269
f 1173 1266 1270
f 1173 1270 1271
f 1173 1271 1272
f 1173 1272 1273
f 1173 1273 1268
f 1174 1269 1383
f 1174 1383 1493
f 1174 1493 1475
f 1174 1475 1367
f 1174 1367 1366
f 1174 1366 1274
f 1174 1274 1176
f 1174 1176 1175
f 1176 1274 1366
f 1176 1366 1255
f 1178 1275 1276
f 1178 1276 1277
f 1178 1277 1278
f 1179 1278 1279
f 1180 1251 1280
f 1180 1280 1184
f 1181 1185 1281
f 1181 1281 1282
f 1181 1282 1283
f 1181 1283 1182
f 1182 1283 1284
f 1182 1284 1285
f 1182 1285 1183
f 1183 1285 1186
f 1184 1280 1286
f 1184 1286 1287
f 1184 1287 1288
f 1184 1288 1289
f 1184 1289 1185
f 1185 1289 1281
f 1186 1285 1187
f 1187 1285 1190
f 1189 1290 1195
f 1189 1195 1191
f 1189 1190 1290
f 1190 1285 1291
f 1190 1291 1284
f 1190 1284 1292
f 1190 1292 1293
f 1190 1293 1290
f 1191 1195 1192
f 1192 1195 1193
f 1193 1195 1194
f 1195 1294 1295
f 1195 1295 1196
f 1195 1290 1296
f 1195 1296 1297
f 1195 1297 1298
f 1195 1298 1299
f 1195 1299 1294
f 1196 1300 1198
f 1196 1198 1197
f 1196 1295 1300
f 1198 1300 1295
f 1198 1295 1301
f 1198 1301 1199
f 1199 1301 1299
f 1199 1299 1259
f 1199 1259 1258
f 1201 1302 1202
f 1201 1243 1302
f 1202 1303 1304
f 1202 1304 1203
f 1202 1302 1305
f 1202 1305 1306
f 1202 1306 1420
f 1202 1420 1303
f 1203 1304 1307
f 1203 1307 1204
f 1204 1307 1308
f 1204 1308 1309
f 1204 1309 1205
f 1205 1309 1206
f 1206 1309 1308
f 1206 1308 1304
f 1206 1304 1208
f 1208 1304 1310
f 1208 1310 1311
f 1208 1311 1312
f 1208 1312 1209
f 1209 1312 1210
f 1210 1312 1313
f 1210 1313 1314
f 1210 1314 1315
f 1210 1315 1211
f 1211 1315 1212
f 1212 1315 1226
f 1213 1225 1316
f 1213 1316 1215
f 1213 1215 1214
f 1215 1217 1216
f 1215 1316 1317
f 1215 1317 1318
f 1215 1318 1220
f 1215 1220 1219
f 1220 1319 1222
f 1220 1222 1221
f 1220 1318 1320
f 1220 1320 1321
f 1220 1321 1322
f 1220 1322 1323
f 1220 1323 1324
f 1220 1324 1325
f 1220 1325 1326
f 1220 1326 1327
f 1220 1327 1319
f 1222 1319 1328
f 1222 1328 1223
f 1223 1328 1329
f 1223 1329 1330
f 1223 1330 1331
f 1223 1331 1332
f 1223 1332 1237
f 1224 1317 1316
f 1224 1316 1225
f 1224 1227 1333
f 1224 1333 1321
f 1224 1321 1320
f 1224 1320 1317
f 1226 1315 1227
f 1227 1315 1333
f 1229 1240 1334
f 1229 1334 1335
f 1229 1335 1230
f 1230 1335 1336
f 1230 1336 1231
f 1231 1336 1337
f 1231 1337 1232
f 1232 1337 1338
f 1232 1338 1339
f 1232 1339 1233
f 1233 1338 1340
f 1233 1340 1341
f 1233 1341 1342
f 1233 1342 1234
f 1233 1339 1338
f 1234 1342 1343
f 1234 1343 1235
f 1235 1343 1344
f 1235 1344 1345
f 1237 1332 1238
f 1238 1332 1346
f 1238 1346 1347
f 1238 1347 1240
f 1238 1240 1239
f 1240 1347 1334
f 1241 1348 1349
f 1241 1349 1350
f 1241 1350 1351
f 1241 1351 1242
f 1241 1279 1393
f 1241 1393 1348
f 1242 1351 1352
f 1242 1352 1306
f 1242 1306 1243
f 1243 1306 1305
f 1243 1305 1302
f 1244 1353 1354
f 1244 1354 1245
f 1245 1354 1355
f 1245 1355 1356
f 1245 1356 1246
f 1246 1356 1247
f 1247 1357 1358
f 1247 1358 1359
f 1247 1359 1248
f 1247 1356 1357
f 1248 1359 1464
f 1248 1464 1360
f 1248 1360 1361
f 1248 1361 1362
f 1248 1362 1249
f 1249 1362 1363
f 1249 1363 1252
f 1250 1254 1251
f 1251 1254 1280
f 1252 1363 1253
f 1253 1363 1364
f 1253 1364 1254
f 1254 1364 1365
f 1254 1365 1286
f 1254 1286 1280
f 1255 1366 1367
f 1255 1367 1368
f 1256 1369 1257
f 1256 1368 1369
f 1257 1369 1370
f 1257 1370 1388
f 1257 1388 1276
f 1259 1299 1371
f 1259 1371 1372
f 1259 1372 1260
f 1260 1372 1371
f 1260 1371 1373
f 1260 1373 1261
f 1261 1373 1374
f 1261 1374 1375
f 1261 1375 1267
f 1263 1267 1376
f 1263 1376 1264
f 1264 1376 1377
f 1264 1377 1265
f 1265 1377 1378
f 1265 1378 1379
f 1265 1379 1266
f 1266 1380 1381
f 1266 1381 1382
f 1266 1382 1270
f 1266 1379 1380
f 1267 1375 1376
f 1268 1383 1269
f 1268 1273 1383
f 1270 1382 1384
f 1270 1384 1271
f 1271 1384 1385
f 1271 1385 1496
f 1271 1496 1387
f 1271 1387 1272
f 1272 1386 1273
f 1272 1387 1497
f 1272 1497 1386
f 1273 1386 1383
f 1276 1388 1277
f 1277 1388 1370
f 1277 1370 1369
f 1277 1369 1477
f 1277 1477 1389
f 1277 1389 1390
f 1277 1390 1501
f 1277 1501 1508
f 1277 1508 1391
f 1277 1391 1278
f 1278 1392 1393
f 1278 1393 1279
f 1278 1391 1392
f 1281 1289 1394
f 1281 1394 1395
f 1281 1395 1396
f 1281 1396 1397
f 1281 1397 1398
f 1281 1398 1399
f 1281 1399 1282
f 1282 1399 1283
f 1283 1399 1284
f 1284 1291 1285
f 1284 1399 1400
f 1284 1400 1401
f 1284 1401 1292
f 1286 1365 1402
f 1286 1402 1287
f 1287 1402 1403
f 1287 1403 1404
f 1287 1404 1288
f 1288 1395 1394
f 1288 1394 1289
f 1288 1404 1405
f 1288 1405 1406
f 1288 1406 1407
f 1288 1407 1408
f 1288 1408 1409
f 1288 1409 1410
f 1288 1410 1411
f 1288 1411 1412
f 1288 1412 1397
f 1288 1397 1395
f 1290 1293 1296
f 1292 1413 1293
f 1292 1401 1413
f 1293 1413 1414
f 1293 1414 1415
f 1293 1415 1416
f 1293 1416 1296
f 1294 1299 1301
f 1294 1301 1295
f 1296 1416 1417
f 1296 1417 1418
f 1296 1418 1419
f 1296 1419 1297
f 1297 1419 1371
f 1297 1371 1298
f 1298 1371 1299
f 1303 1420 1421
f 1303 1421 1422
f 1303 1422 1423
f 1303 1423 1304
f 1304 1308 1307
f 1304 1423 1310
f 1306 1352 1420
f 1310 1423 1311
f 1311 1423 1424
f 1311 1424 1312
f 1312 1424 1425
f 1312 1425 1313
f 1313 1425 1314
f 1314 1425 1426
f 1314 1426 1315
f 1315 1426 1333
f 1317 1320 1318
f 1319 1327 1328
f 1321 1333 1426
f 1321 1426 1427
f 1321 1427 1322
f 1322 1427 1323
f 1323 1427 1428
f 1323 1428 1429
f 1323 1429 1430
f 1323 1430 1324
f 1324 1430 1325
f 1325 1431 1326
f 1325 1430 1431
f 1326 1431 1432
f 1326 1432 1433
f 1326 1433 1434
f 1326 1434 1327
f 1327 1434 1435
f 1327 1435 1328
f 1328 1436 1329
f 1328 1435 1436
f 1329 1436 1330
f 1330 1437 1438
f 1330 1438 1331
f 1330 1436 1439
f 1330 1439 1440
f 1330 1440 1441
f 1330 1441 1442
f 1330 1442 1443
f 1330 1443 1437
f 1331 1438 1444
f 1331 1444 1346
f 1331 1346 1332
f 1334 1336 1335
f 1334 1347 1445
f 1334 1445 1336
f 1336 1445 1338
f 1336 1338 1337
f 1338 1445 1446
f 1338 1446 1340
f 1340 1447 1448
f 1340 1448 1341
f 1340 1446 1447
f 1341 1448 1449
f 1341 1449 1450
f 1341 1450 1451
f 1341 1451 1452
f 1341 1452 1453
f 1341 1453 1342
f 1342 1453 1345
f 1342 1345 1344
f 1342 1344 1343
f 1345 1453 1452
f 1346 1444 1454
f 1346 1454 1446
f 1346 1446 1445
f 1346 1445 1347
f 1348 1393 1455
f 1348 1455 1349
f 1349 1455 1456
f 1349 1456 1457
f 1349 1457 1506
f 1349 1506 1458
f 1349 1458 1350
f 1350 1458 1569
f 1350 1569 1570
f 1350 1570 1459
f 1350 1459 1460
f 1350 1460 1351
f 1351 1460 1352
f 1352 1460 1573
f 1352 1573 1461
f 1352 1461 1530
f 1352 1530 1422
f 1352 1422 1421
f 1352 1421 1420
f 1353 1355 1354
f 1355 1462 1357
f 1355 1357 1356
f 1357 1463 1358
f 1357 1462 1463
f 1358 1464 1359
f 1358 1463 1465
f 1358 1465 1466
f 1358 1466 1467
f 1358 1467 1468
f 1358 1468 1464
f 1360 1464 1468
f 1360 1468 1469
f 1360 1469 1470
f 1360 1470 1361
f 1361 1471 1362
f 1361 1470 1471
f 1362 1471 1363
f 1363 1471 1364
f 1364 1471 1472
f 1364 1472 1473
f 1364 1473 1474
f 1364 1474 1365
f 1365 1474 1473
f 1365 1473 1402
f 1367 1475 1581
f 1367 1581 1476
f 1367 1476 1369
f 1367 1369 1368
f 1369 1476 1581
f 1369 1581 1477
f 1371 1478 1479
f 1371 1479 1373
f 1371 1419 1418
f 1371 1418 1478
f 1373 1479 1480
f 1373 1480 1481
f 1373 1481 1482
f 1373 1482 1374
f 1374 1482 1375
f 1375 1482 1376
f 1376 1482 1483
f 1376 1483 1484
f 1376 1484 1378
f 1376 1378 1377
f 1378 1485 1486
f 1378 1486 1487
f 1378 1487 1379
f 1378 1484 1485
f 1379 1487 1380
f 1380 1488 1489
f 1380 1489 1381
f 1380 1487 1486
f 1380 1486 1488
f 1381 1489 1490
f 1381 1490 1491
f 1381 1491 1382
f 1382 1492 1384
f 1382 1491 1492
f 1383 1386 1493
f 1384 1492 1494
f 1384 1494 1495
f 1384 1495 1496
f 1384 1496 1385
f 1386 1497 1477
f 1386 1477 1581
f 1386 1581 1498
f 1386 1498 1475
f 1386 1475 1493
f 1387 1496 1495
f 1387 1495 1499
f 1387 1499 1500
f 1387 1500 1497
f 1389 1477 1390
f 1390 1477 1502
f 1390 1502 1503
f 1390 1503 1504
f 1390 1504 1505
f 1390 1505 1506
f 1390 1506 1507
f 1390 1507 1501
f 1391 1508 1455
f 1391 1455 1392
f 1392 1455 1393
f 1395 1397 1396
f 1397 1509 1510
f 1397 1510 1398
f 1397 1412 1410
f 1397 1410 1509
f 1398 1510 1399
f 1399 1510 1511
f 1399 1511 1401
f 1399 1401 1400
f 1401 1511 1510
f 1401 1510 1414
f 1401 1414 1413
f 1402 1473 1403
f 1403 1473 1472
f 1403 1472 1512
f 1403 1512 1405
f 1403 1405 1404
f 1405 1512 1513
f 1405 1513 1406
f 1406 1513 1514
f 1406 1514 1515
f 1406 1515 1516
f 1406 1516 1407
f 1407 1517 1408
f 1407 1516 1517
f 1408 1517 1518
f 1408 1518 1409
f 1409 1519 1520
f 1409 1520 1410
f 1409 1518 1519
f 1410 1521 1522
f 1410 1522 1523
f 1410 1523 1524
f 1410 1524 1509
f 1410 1412 1411
f 1410 1520 1521
f 1414 1525 1526
f 1414 1526 1527
f 1414 1527 1415
f 1414 1510 1509
f 1414 1509 1525
f 1415 1527 1526
f 1415 1526 1417
f 1415 1417 1416
f 1417 1526 1418
f 1418 1528 1478
f 1418 1526 1528
f 1422 1529 1423
f 1422 1530 1531
f 1422 1531 1637
f 1422 1637 1529
f 1423 1529 1532
f 1423 1532 1424
f 1424 1533 1425
f 1424 1532 1533
f 1425 1533 1534
f 1425 1534 1535
f 1425 1535 1536
f 1425 1536 1426
f 1426 1536 1537
f 1426 1537 1427
f 1427 1537 1538
f 1427 1538 1539
f 1427 1539 1540
f 1427 1540 1541
f 1427 1541 1542
f 1427 1542 1543
f 1427 1543 1428
f 1428 1543 1430
f 1428 1430 1429
f 1430 1543 1544
f 1430 1544 1431
f 1431 1544 1542
f 1431 1542 1545
f 1431 1545 1432
f 1432 1545 1546
f 1432 1546 1547
f 1432 1547 1548
f 1432 1548 1549
f 1432 1549 1550
f 1432 1550 1551
f 1432 1551 1552
f 1432 1552 1434
f 1432 1434 1433
f 1434 1552 1435
f 1435 1552 1439
f 1435 1439 1436
f 1437 1443 1553
f 1437 1553 1554
f 1437 1554 1555
f 1437 1555 1556
f 1437 1556 1557
f 1437 1557 1558
f 1437 1558 1559
f 1437 1559 1446
f 1437 1446 1444
f 1437 1444 1438
f 1439 1552 1560
f 1439 1560 1440
f 1440 1560 1561
f 1440 1561 1441
f 1441 1561 1562
f 1441 1562 1442
f 1442 1553 1443
f 1442 1562 1563
f 1442 1563 1553
f 1444 1446 1454
f 1446 1559 1447
f 1447 1559 1557
f 1447 1557 1448
f 1448 1557 1564
f 1448 1564 1565
f 1448 1565 1566
f 1448 1566 1567
f 1448 1567 1449
f 1449 1567 1450
f 1450 1567 1451
f 1451 1567 1568
f 1455 1508 1501
f 1455 1501 1456
f 1456 1501 1507
f 1456 1507 1457
f 1457 1507 1506
f 1458 1506 1505
f 1458 1505 1569
f 1459 1570 1571
f 1459 1571 1460
f 1460 1571 1572
f 1460 1572 1573
f 1461 1573 1531
f 1461 1531 1530
f 1462 1465 1463
f 1465 1574 1466
f 1466 1574 1575
f 1466 1575 1467
f 1467 1575 1576
f 1467 1576 1577
f 1467 1577 1578
f 1467 1578 1468
f 1468 1578 1579
f 1468 1579 1469
f 1469 1579 1472
f 1469 1472 1471
f 1469 1471 1470
f 1472 1579 1580
f 1472 1580 1514
f 1472 1514 1512
f 1475 1498 1581
f 1477 1497 1582
f 1477 1582 1610
f 1477 1610 1615
f 1477 1615 1502
f 1478 1583 1479
f 1478 1528 1584
f 1478 1584 1583
f 1479 1583 1585
f 1479 1585 1586
f 1479 1586 1587
f 1479 1587 1588
f 1479 1588 1480
f 1480 1588 1589
f 1480 1589 1481
f 1481 1589 1482
f 1482 1589 1590
f 1482 1590 1591
f 1482 1591 1483
f 1483 1592 1484
f 1483 1591 1593
f 1483 1593 1594
f 1483 1594 1592
f 1484 1592 1595
f 1484 1595 1596
f 1484 1596 1485
f 1485 1597 1598
f 1485 1598 1486
f 1485 1596 1597
f 1486 1598 1599
f 1486 1599 1488
f 1488 1599 1489
f 1489 1599 1600
f 1489 1600 1601
f 1489 1601 1602
f 1489 1602 1603
f 1489 1603 1490
f 1490 1603 1604
f 1490 1604 1491
f 1491 1604 1492
f 1492 1604 1605
f 1492 1605 1606
f 1492 1606 1494
f 1494 1607 1714
f 1494 1714 1608
f 1494 1608 1499
f 1494 1499 1495
f 1494 1606 1607
f 1497 1500 1612
f 1497 1612 1609
f 1497 1609 1610
f 1497 1610 1582
f 1499 1611 1612
f 1499 1612 1500
f 1499 1608 1680
f 1499 1680 1613
f 1499 1613 1719
f 1499 1719 1614
f 1499 1614 1611
f 1502 1615 1616
f 1502 1616 1503
f 1503 1616 1504
f 1504 1616 1617
f 1504 1617 1717
f 1504 1717 1618
f 1504 1618 1722
f 1504 1722 1676
f 1504 1676 1570
f 1504 1570 1569
f 1504 1569 1505
f 1509 1524 1619
f 1509 1619 1620
f 1509 1620 1621
f 1509 1621 1525
f 1512 1514 1513
f 1514 1580 1622
f 1514 1622 1623
f 1514 1623 1624
f 1514 1624 1625
f 1514 1625 1515
f 1515 1625 1626
f 1515 1626 1627
f 1515 1627 1516
f 1516 1627 1628
f 1516 1628 1629
f 1516 1629 1518
f 1516 1518 1517
f 1518 1629 1630
f 1518 1630 1519
f 1519 1630 1520
f 1520 1630 1631
f 1520 1631 1632
f 1520 1632 1521
f 1521 1632 1619
f 1521 1619 1522
f 1522 1619 1633
f 1522 1633 1523
f 1523 1633 1524
f 1524 1633 1619
f 1525 1621 1634
f 1525 1634 1526
f 1526 1634 1528
f 1528 1635 1584
f 1528 1634 1635
f 1529 1636 1532
f 1529 1637 1638
f 1529 1638 1639
f 1529 1639 1636
f 1531 1573 1637
f 1532 1636 1640
f 1532 1640 1533
f 1533 1641 1642
f 1533 1642 1534
f 1533 1640 1641
f 1534 1642 1643
f 1534 1643 1535
f 1535 1643 1538
f 1535 1538 1537
f 1535 1537 1536
f 1538 1643 1644
f 1538 1644 1645
f 1538 1645 1541
f 1538 1541 1539
f 1539 1541 1540
f 1541 1645 1542
f 1542 1645 1646
f 1542 1646 1647
f 1542 1647 1545
f 1542 1544 1543
f 1545 1647 1648
f 1545 1648 1649
f 1545 1649 1546
f 1546 1649 1650
f 1546 1650 1651
f 1546 1651 1652
f 1546 1652 1653
f 1546 1653 1547
f 1547 1653 1548
f 1548 1653 1654
f 1548 1654 1549
f 1549 1654 1550
f 1550 1655 1551
f 1550 1654 1655
f 1551 1655 1656
f 1551 1656 1657
f 1551 1657 1561
f 1551 1561 1552
f 1552 1561 1560
f 1553 1563 1554
f 1554 1563 1658
f 1554 1658 1659
f 1554 1659 1660
f 1554 1660 1661
f 1554 1661 1555
f 1555 1661 1556
f 1556 1661 1557
f 1557 1559 1558
f 1557 1661 1662
f 1557 1662 1564
f 1561 1657 1562
f 1562 1657 1663
f 1562 1663 1664
f 1562 1664 1665
f 1562 1665 1563
f 1563 1666 1667
f 1563 1667 1668
f 1563 1668 1658
f 1563 1665 1666
f 1564 1566 1565
f 1564 1662 1669
f 1564 1669 1670
f 1564 1670 1671
f 1564 1671 1566
f 1566 1672 1567
f 1566 1671 1673
f 1566 1673 1672
f 1567 1672 1674
f 1567 1674 1568
f 1568 1674 1675
f 1570 1676 1677
f 1570 1677 1571
f 1571 1677 1572
f 1572 1678 1679
f 1572 1679 1573
f 1572 1677 1680
f 1572 1680 1678
f 1573 1681 1682
f 1573 1682 1637
f 1573 1679 1681
f 1574 1683 1575
f 1575 1683 1684
f 1575 1684 1576
f 1576 1684 1685
f 1576 1685 1577
f 1577 1685 1578
f 1578 1685 1579
f 1579 1685 1686
f 1579 1686 1687
f 1579 1687 1624
f 1579 1624 1623
f 1579 1623 1622
f 1579 1622 1580
f 1583 1584 1585
f 1584 1635 1585
f 1585 1635 1586
f 1586 1635 1634
f 1586 1634 1688
f 1586 1688 1587
f 1587 1689 1690
f 1587 1690 1691
f 1587 1691 1692
f 1587 1692 1588
f 1587 1688 1689
f 1588 1692 1691
f 1588 1691 1589
f 1589 1691 1590
f 1590 1691 1593
f 1590 1593 1591
f 1592 1594 1595
f 1593 1691 1693
f 1593 1693 1594
f 1594 1693 1694
f 1594 1694 1695
f 1594 1695 1696
f 1594 1696 1595
f 1595 1697 1698
f 1595 1698 1699
f 1595 1699 1700
f 1595 1700 1596
f 1595 1696 1697
f 1596 1701 1597
f 1596 1700 1702
f 1596 1702 1701
f 1597 1701 1703
f 1597 1703 1598
f 1598 1703 1600
f 1598 1600 1599
f 1600 1703 1704
f 1600 1704 1601
f 1601 1704 1705
f 1601 1705 1706
f 1601 1706 1707
f 1601 1707 1602
f 1602 1707 1603
f 1603 1707 1604
f 1604 1707 1708
f 1604 1708 1709
f 1604 1709 1605
f 1605 1710 1711
f 1605 1711 1606
f 1605 1709 1710
f 1606 1711 1712
f 1606 1712 1713
f 1606 1713 1607
f 1607 1713 1714
f 1608 1714 1795
f 1608 1795 1680
f 1609 1612 1715
f 1609 1715 1610
f 1610 1715 1720
f 1610 1720 1615
f 1611 1614 1612
f 1612 1614 1715
f 1613 1680 1716
f 1613 1716 1722
f 1613 1722 1618
f 1613 1618 1717
f 1613 1717 1718
f 1613 1718 1719
f 1614 1719 1720
f 1614 1720 1715
f 1615 1720 1721
f 1615 1721 1616
f 1616 1721 1617
f 1617 1721 1718
f 1617 1718 1717
f 1619 1723 1724
f 1619 1724 1725
f 1619 1725 1726
f 1619 1726 1727
f 1619 1727 1620
f 1619 1632 1723
f 1620 1727 1728
f 1620 1728 1621
f 1621 1728 1634
f 1624 1687 1625
f 1625 1687 1686
f 1625 1686 1729
f 1625 1729 1626
f 1626 1729 1730
f 1626 1730 1627
f 1627 1730 1846
f 1627 1846 1731
f 1627 1731 1628
f 1628 1732 1733
f 1628 1733 1629
f 1628 1731 1734
f 1628 1734 1732
f 1629 1733 1735
f 1629 1735 1736
f 1629 1736 1737
f 1629 1737 1738
f 1629 1738 1630
f 1630 1738 1631
f 1631 1738 1737
f 1631 1737 1739
f 1631 1739 1740
f 1631 1740 1632
f 1632 1740 1723
f 1634 1728 1741
f 1634 1741 1742
f 1634 1742 1743
f 1634 1743 1744
f 1634 1744 1745
f 1634 1745 1688
f 1636 1639 1638
f 1636 1638 1746
f 1636 1746 1640
f 1637 1682 1638
f 1638 1747 1746
f 1638 1682 1748
f 1638 1748 1747
f 1640 1749 1750
f 1640 1750 1751
f 1640 1751 1641
f 1640 1746 1752
f 1640 1752 1749
f 1641 1751 1753
f 1641 1753 1642
f 1642 1753 1643
f 1643 1753 1644
f 1644 1753 1645
f 1645 1753 1646
f 1646 1754 1755
f 1646 1755 1647
f 1646 1753 1756
f 1646 1756 1750
f 1646 1750 1757
f 1646 1757 1758
f 1646 1758 1754
f 1647 1755 1759
f 1647 1759 1760
f 1647 1760 1761
f 1647 1761 1648
f 1648 1762 1763
f 1648 1763 1764
f 1648 1764 1649
f 1648 1761 1765
f 1648 1765 1766
f 1648 1766 1762
f 1649 1764 1767
f 1649 1767 1768
f 1649 1768 1650
f 1650 1768 1651
f 1651 1767 1769
f 1651 1769 1770
f 1651 1770 1653
f 1651 1653 1652
f 1651 1768 1767
f 1653 1770 1771
f 1653 1771 1654
f 1654 1771 1772
f 1654 1772 1773
f 1654 1773 1656
f 1654 1656 1655
f 1656 1773 1663
f 1656 1663 1657
f 1658 1774 1659
f 1658 1668 1774
f 1659 1775 1776
f 1659 1776 1777
f 1659 1777 1660
f 1659 1774 1778
f 1659 1778 1775
f 1660 1779 1661
f 1660 1777 1776
f 1660 1776 1670
f 1660 1670 1779
f 1661 1779 1669
f 1661 1669 1662
f 1663 1773 1780
f 1663 1780 1664
f 1664 1780 1666
f 1664 1666 1665
f 1666 1780 1781
f 1666 1781 1782
f 1666 1782 1783
f 1666 1783 1667
f 1667 1783 1784
f 1667 1784 1668
f 1668 1784 1785
f 1668 1785 1778
f 1668 1778 1774
f 1669 1779 1670
f 1670 1776 1786
f 1670 1786 1671
f 1671 1786 1787
f 1671 1787 1673
f 1672 1673 1788
f 1672 1788 1674
f 1673 1787 1789
f 1673 1789 1790
f 1673 1790 1788
f 1674 1788 1791
f 1674 1791 1675
f 1675 1791 1788
f 1675 1788 1790
f 1676 1722 1677
f 1677 1722 1716
f 1677 1716 1680
f 1678 1792 1793
f 1678 1793 1679
f 1678 1680 1792
f 1679 1793 1794
f 1679 1794 1681
f 1680 1795 1792
f 1681 1794 1796
f 1681 1796 1682
f 1682 1796 1797
f 1682 1797 1798
f 1682 1798 1799
f 1682 1799 1748
f 1683 1800 1684
f 1684 1800 1801
f 1684 1801 1685
f 1685 1801 1686
f 1686 1801 1802
f 1686 1802 1803
f 1686 1803 1804
f 1686 1804 1729
f 1688 1745 1689
f 1689 1745 1690
f 1690 1745 1805
f 1690 1805 1691
f 1691 1805 1694
f 1691 1694 1693
f 1694 1805 1744
f 1694 1744 1806
f 1694 1806 1695
f 1695 1806 1807
f 1695 1807 1808
f 1695 1808 1809
f 1695 1809 1696
f 1696 1809 1810
f 1696 1810 1811
f 1696 1811 1697
f 1697 1811 1698
f 1698 1811 1812
f 1698 1812 1813
f 1698 1813 1814
f 1698 1814 1815
f 1698 1815 1699
f 1699 1815 1702
f 1699 1702 1700
f 1701 1702 1816
f 1701 1816 1703
f 1702 1815 1814
f 1702 1814 1817
f 1702 1817 1818
f 1702 1818 1819
f 1702 1819 1820
f 1702 1820 1821
f 1702 1821 1816
f 1703 1816 1822
f 1703 1822 1823
f 1703 1823 1824
f 1703 1824 1704
f 1704 1825 1705
f 1704 1824 1826
f 1704 1826 1827
f 1704 1827 1828
f 1704 1828 1825
f 1705 1825 1706
f 1706 1825 1707
f 1707 1825 1829
f 1707 1829 1708
f 1708 1829 1830
f 1708 1830 1831
f 1708 1831 1832
f 1708 1832 1833
f 1708 1833 1709
f 1709 1833 1710
f 1710 1833 1832
f 1710 1832 1834
f 1710 1834 1835
f 1710 1835 1711
f 1711 1836 1837
f 1711 1837 1712
f 1711 1835 1836
f 1712 1837 1713
f 1713 1837 1838
f 1713 1838 1839
f 1713 1839 1714
f 1714 1839 1899
f 1714 1899 1795
f 1718 1721 1719
f 1719 1721 1720
f 1723 1740 1840
f 1723 1840 1724
f 1724 1840 1725
f 1725 1807 1806
f 1725 1806 1841
f 1725 1841 1842
f 1725 1842 1726
f 1725 1840 1807
f 1726 1842 1741
f 1726 1741 1728
f 1726 1728 1727
f 1729 1804 1843
f 1729 1843 1844
f 1729 1844 1845
f 1729 1845 1730
f 1730 1845 1846
f 1731 1846 1847
f 1731 1847 1848
f 1731 1848 1849
f 1731 1849 1734
f 1732 1734 1850
f 1732 1850 1851
f 1732 1851 1852
f 1732 1852 1853
f 1732 1853 1733
f 1733 1853 1735
f 1734 1849 1854
f 1734 1854 1850
f 1735 1853 1855
f 1735 1855 1856
f 1735 1856 1857
f 1735 1857 1736
f 1736 1857 1739
f 1736 1739 1737
f 1739 1857 1858
f 1739 1858 1859
f 1739 1859 1860
f 1739 1860 1740
f 1740 1860 1861
f 1740 1861 1840
f 1741 1842 1743
f 1741 1743 1742
f 1743 1842 1841
f 1743 1841 1806
f 1743 1806 1744
f 1744 1805 1745
f 1746 1747 1759
f 1746 1759 1752
f 1747 1748 1759
f 1748 1799 1798
f 1748 1798 1862
f 1748 1862 1759
f 1749 1757 1863
f 1749 1863 1750
f 1749 1752 1758
f 1749 1758 1757
f 1750 1863 1757
f 1750 1756 1753
f 1750 1753 1751
f 1752 1759 1755
f 1752 1755 1758
f 1754 1758 1755
f 1759 1862 1760
f 1760 1862 1864
f 1760 1864 1761
f 1761 1864 1865
f 1761 1865 1866
f 1761 1866 1867
f 1761 1867 1868
f 1761 1868 1765
f 1762 1869 1769
f 1762 1769 1763
f 1762 1766 1869
f 1763 1769 1764
f 1764 1769 1767
f 1765 1868 1766
f 1766 1868 1870
f 1766 1870 1871
f 1766 1871 1872
f 1766 1872 1869
f 1769 1869 1873
f 1769 1873 1770
f 1770 1873 1771
f 1771 1873 1874
f 1771 1874 1875
f 1771 1875 1876
f 1771 1876 1772
f 1772 1876 1773
f 1773 1876 1877
f 1773 1877 1878
f 1773 1878 1780
f 1775 1778 1786
f 1775 1786 1776
f 1778 1785 1784
f 1778 1784 1879
f 1778 1879 1880
f 1778 1880 1881
f 1778 1881 1787
f 1778 1787 1786
f 1780 1878 1781
f 1781 1878 1882
f 1781 1882 1883
f 1781 1883 1782
f 1782 1883 1783
f 1783 1883 1884
f 1783 1884 1784
f 1784 1885 1886
f 1784 1886 1879
f 1784 1884 1887
f 1784 1887 1888
f 1784 1888 1889
f 1784 1889 1885
f 1787 1881 1789
f 1789 1881 1880
f 1789 1880 1890
f 1789 1890 1891
f 1789 1891 1892
f 1789 1892 1790
f 1792 1893 1793
f 1792 1795 1894
f 1792 1894 1990
f 1792 1990 1893
f 1793 1893 1794
f 1794 1895 1896
f 1794 1896 1798
f 1794 1798 1796
f 1794 1893 1895
f 1795 1897 1898
f 1795 1898 1894
f 1795 1899 1900
f 1795 1900 1897
f 1796 1798 1797
f 1798 1896 1865
f 1798 1865 1864
f 1798 1864 1862
f 1800 1901 1902
f 1800 1902 1801
f 1801 1902 1802
f 1802 1902 1803
f 1803 1902 1804
f 1804 1902 1903
f 1804 1903 1843
f 1807 1861 1808
f 1807 1840 1861
f 1808 1904 1905
f 1808 1905 1809
f 1808 1861 1904
f 1809 1905 1811
f 1809 1811 1810
f 1811 1905 1906
f 1811 1906 1907
f 1811 1907 1812
f 1812 1907 1813
f 1813 1907 1908
f 1813 1908 1814
f 1814 1908 1818
f 1814 1818 1817
f 1816 1909 1822
f 1816 1821 1909
f 1818 1908 1907
f 1818 1907 1910
f 1818 1910 1911
f 1818 1911 1912
f 1818 1912 1819
f 1819 1912 1913
f 1819 1913 1914
f 1819 1914 1915
f 1819 1915 1820
f 1820 1915 1821
f 1821 1915 1913
f 1821 1913 1916
f 1821 1916 1909
f 1822 1909 1823
f 1823 1826 1824
f 1823 1909 1917
f 1823 1917 1827
f 1823 1827 1826
f 1825 1918 1829
f 1825 1828 1919
f 1825 1919 1918
f 1827 1917 1920
f 1827 1920 1828
f 1828 1920 1919
f 1829 1921 1830
f 1829 1918 1922
f 1829 1922 1921
f 1830 1921 1923
f 1830 1923 1924
f 1830 1924 1925
f 1830 1925 1834
f 1830 1834 1831
f 1831 1834 1832
f 1834 1925 1926
f 1834 1926 1835
f 1835 1926 1927
f 1835 1927 1928
f 1835 1928 1836
f 1836 1928 1929
f 1836 1929 1837
f 1837 1929 1930
f 1837 1930 1931
f 1837 1931 1838
f 1838 1931 1839
f 1839 1931 1899
f 1843 1903 1844
f 1844 1932 2031
f 1844 2031 1933
f 1844 1933 1934
f 1844 1934 1845
f 1844 1903 1935
f 1844 1935 1936
f 1844 1936 1937
f 1844 1937 1932
f 1845 1934 1938
f 1845 1938 1939
f 1845 1939 1847
f 1845 1847 1846
f 1847 1939 1848
f 1848 1939 1854
f 1848 1854 1849
f 1850 1854 1939
f 1850 1939 1940
f 1850 1940 1851
f 1851 1940 1941
f 1851 1941 1942
f 1851 1942 1852
f 1852 1942 1943
f 1852 1943 1855
f 1852 1855 1853
f 1855 1943 1944
f 1855 1944 1945
f 1855 1945 1856
f 1856 1945 1946
f 1856 1946 1947
f 1856 1947 1857
f 1857 1947 1858
f 1858 1947 1859
f 1859 1947 1860
f 1860 1947 1948
f 1860 1948 1861
f 1861 1948 1949
f 1861 1949 1950
f 1861 1950 1904
f 1865 1896 1866
f 1866 1870 1867
f 1866 1896 1951
f 1866 1951 1952
f 1866 1952 1953
f 1866 1953 1954
f 1866 1954 1955
f 1866 1955 1870
f 1867 1870 1868
f 1869 1872 1873
f 1870 1955 1956
f 1870 1956 1957
f 1870 1957 1958
f 1870 1958 1959
f 1870 1959 1871
f 1871 1873 1872
f 1871 1959 1960
f 1871 1960 1961
f 1871 1961 1962
f 1871 1962 1873
f 1873 1962 1874
f 1874 1962 1963
f 1874 1963 1875
f 1875 1963 1964
f 1875 1964 1876
f 1876 1965 1877
f 1876 1964 1966
f 1876 1966 1967
f 1876 1967 1965
f 1877 1965 1878
f 1878 1965 1968
f 1878 1968 1882
f 1879 1886 1885
f 1879 1885 1969
f 1879 1969 1970
f 1879 1970 1880
f 1880 1970 1971
f 1880 1971 1972
f 1880 1972 1890
f 1882 1968 1973
f 1882 1973 1974
f 1882 1974 1975
f 1882 1975 1883
f 1883 1975 1976
f 1883 1976 1884
f 1884 1976 1887
f 1885 1889 1977
f 1885 1977 1969
f 1887 1976 1978
f 1887 1978 1979
f 1887 1979 1980
f 1887 1980 1981
f 1887 1981 1982
f 1887 1982 1983
f 1887 1983 1984
f 1887 1984 1985
f 1887 1985 1986
f 1887 1986 1888
f 1888 1986 1985
f 1888 1985 1977
f 1888 1977 1889
f 1890 1987 1988
f 1890 1988 1989
f 1890 1989 1891
f 1890 1972 1987
f 1893 1990 1991
f 1893 1991 1992
f 1893 1992 1993
f 1893 1993 1896
f 1893 1896 1994
f 1893 1994 1895
f 1894 1898 1897
f 1894 1897 1990
f 1895 1994 1896
f 1896 1993 1992
f 1896 1992 1995
f 1896 1995 1951
f 1897 1900 1931
f 1897 1931 1996
f 1897 1996 1997
f 1897 1997 1990
f 1899 1931 1900
f 1901 1935 1902
f 1902 1935 1998
f 1902 1998 1903
f 1903 1998 1935
f 1904 1950 1906
f 1904 1906 1905
f 1906 1999 1907
f 1906 1950 1999
f 1907 1999 2000
f 1907 2000 1910
f 1909 1916 1917
f 1910 2001 2002
f 1910 2002 2003
f 1910 2003 1911
f 1910 2000 2001
f 1911 2003 1912
f 1912 2003 1913
f 1913 2004 1916
f 1913 1915 1914
f 1913 2003 2004
f 1916 2002 1920
f 1916 1920 1917
f 1916 2004 2002
f 1918 1919 2005
f 1918 2005 1922
f 1919 1920 2006
f 1919 2006 2007
f 1919 2007 2008
f 1919 2008 2009
f 1919 2009 2010
f 1919 2010 2005
f 1920 2002 2006
f 1921 1922 2005
f 1921 2005 2011
f 1921 2011 1923
f 1923 2012 2013
f 1923 2013 2014
f 1923 2014 2015
f 1923 2015 1925
f 1923 1925 1924
f 1923 2011 2016
f 1923 2016 2012
f 1925 2015 2014
f 1925 2014 2017
f 1925 2017 2018
f 1925 2018 2019
f 1925 2019 2020
f 1925 2020 2021
f 1925 2021 1926
f 1926 2021 1927
f 1927 2022 1928
f 1927 2021 2022
f 1928 2022 2023
f 1928 2023 2024
f 1928 2024 2025
f 1928 2025 1929
f 1929 2025 2026
f 1929 2026 2027
f 1929 2027 2028
f 1929 2028 2029
f 1929 2029 1930
f 1930 2029 1931
f 1931 2030 1996
f 1931 2029 2030
f 1932 1937 2031
f 1933 2031 2032
f 1933 2032 1934
f 1934 1939 1938
f 1934 2032 2033
f 1934 2033 2034
f 1934 2034 2035
f 1934 2035 1939
f 1937 2036 2031
f 1939 2035 2037
f 1939 2037 2038
f 1939 2038 1940
f 1940 2038 1941
f 1941 2038 2039
f 1941 2039 1943
f 1941 1943 1942
f 1943 2040 1944
f 1943 2039 2038
f 1943 2038 2040
f 1944 2041 1945
f 1944 2040 2041
f 1945 2041 2042
f 1945 2042 2043
f 1945 2043 2044
f 1945 2044 1946
f 1946 2044 2045
f 1946 2045 2046
f 1946 2046 2047
f 1946 2047 1947
f 1947 2047 2048
f 1947 2048 1949
f 1947 1949 1948
f 1949 2049 1999
f 1949 1999 1950
f 1949 2048 2049
f 1951 1995 1952
f 1952 1995 2050
f 1952 2050 1953
f 1953 2050 2051
f 1953 2051 1954
f 1954 2052 1955
f 1954 2051 2052
f 1955 2053 2054
f 1955 2054 1956
f 1955 2052 2053
f 1956 2054 1957
f 1957 2054 2055
f 1957 2055 2056
f 1957 2056 2057
f 1957 2057 2058
f 1957 2058 2059
f 1957 2059 1961
f 1957 1961 1960
f 1957 1960 1958
f 1958 1960 1959
f 1961 2059 1962
f 1962 2059 2058
f 1962 2058 2060
f 1962 2060 1963
f 1963 2060 2061
f 1963 2061 2062
f 1963 2062 1964
f 1964 2062 1966
f 1965 1967 1973
f 1965 1973 1968
f 1966 2063 2064
f 1966 2064 2065
f 1966 2065 1967
f 1966 2062 2061
f 1966 2061 2056
f 1966 2056 2066
f 1966 2066 2067
f 1966 2067 2063
f 1967 2065 2064
f 1967 2064 1973
f 1969 1977 2068
f 1969 2068 1970
f 1970 2068 1971
f 1971 2068 2069
f 1971 2069 1972
f 1972 2069 2070
f 1972 2070 2071
f 1972 2071 2072
f 1972 2072 1987
f 1973 2064 2073
f 1973 2073 2074
f 1973 2074 1974
f 1974 2074 1976
f 1974 1976 1975
f 1976 2074 2075
f 1976 2075 2076
f 1976 2076 2077
f 1976 2077 1979
f 1976 1979 1978
f 1977 2078 2068
f 1977 1985 1984
f 1977 1984 2079
f 1977 2079 2080
f 1977 2080 2078
f 1979 2077 1980
f 1980 2077 2081
f 1980 2081 2082
f 1980 2082 2083
f 1980 2083 1982
f 1980 1982 2084
f 1980 2084 1981
f 1981 2084 1982
f 1982 2085 2086
f 1982 2086 2087
f 1982 2087 1983
f 1982 2083 2085
f 1983 2087 1984
f 1984 2087 2079
f 1987 2072 2088
f 1987 2088 1989
f 1987 1989 1988
f 1989 2088 2089
f 1990 1997 1991
f 1991 2090 2091
f 1991 2091 1992
f 1991 1997 2092
f 1991 2092 2093
f 1991 2093 2090
f 1992 2050 1995
f 1992 2091 2050
f 1996 2094 2095
f 1996 2095 2096
f 1996 2096 2092
f 1996 2092 1997
f 1996 2030 2097
f 1996 2097 2094
f 1999 2049 2000
f 2000 2098 2099
f 2000 2099 2100
f 2000 2100 2101
f 2000 2101 2102
f 2000 2102 2001
f 2000 2049 2103
f 2000 2103 2098
f 2001 2102 2002
f 2002 2004 2003
f 2002 2102 2104
f 2002 2104 2006
f 2005 2105 2106
f 2005 2106 2107
f 2005 2107 2011
f 2005 2010 2105
f 2006 2104 2108
f 2006 2108 2007
f 2007 2109 2110
f 2007 2110 2111
f 2007 2111 2008
f 2007 2108 2109
f 2008 2111 2112
f 2008 2112 2009
f 2009 2112 2113
f 2009 2113 2114
f 2009 2114 2010
f 2010 2114 2105
f 2011 2107 2115
f 2011 2115 2016
f 2012 2116 2117
f 2012 2117 2013
f 2012 2016 2115
f 2012 2115 2118
f 2012 2118 2116
f 2013 2117 2119
f 2013 2119 2017
f 2013 2017 2014
f 2017 2119 2018
f 2018 2119 2019
f 2019 2119 2117
f 2019 2117 2020
f 2020 2117 2120
f 2020 2120 2023
f 2020 2023 2021
f 2021 2023 2022
f 2023 2121 2024
f 2023 2120 2122
f 2023 2122 2121
f 2024 2121 2025
f 2025 2121 2123
f 2025 2123 2026
f 2026 2124 2027
f 2026 2123 2124
f 2027 2124 2028
f 2028 2124 2125
f 2028 2125 2126
f 2028 2126 2127
f 2028 2127 2029
f 2029 2127 2128
f 2029 2128 2030
f 2030 2128 2097
f 2031 2036 2032
f 2032 2036 2033
f 2033 2036 2129
f 2033 2129 2130
f 2033 2130 2131
f 2033 2131 2218
f 2033 2218 2132
f 2033 2132 2034
f 2034 2132 2035
f 2035 2132 2133
f 2035 2133 2037
f 2037 2133 2038
f 2038 2134 2041
f 2038 2041 2040
f 2038 2133 2135
f 2038 2135 2134
f 2041 2136 2042
f 2041 2134 2137
f 2041 2137 2138
f 2041 2138 2136
f 2042 2136 2043
f 2043 2045 2044
f 2043 2136 2139
f 2043 2139 2045
f 2045 2140 2141
f 2045 2141 2046
f 2045 2139 2142
f 2045 2142 2143
f 2045 2143 2140
f 2046 2141 2049
f 2046 2049 2047
f 2047 2049 2048
f 2049 2141 2103
f 2050 2091 2090
f 2050 2090 2144
f 2050 2144 2145
f 2050 2145 2051
f 2051 2145 2052
f 2052 2145 2146
f 2052 2146 2053
f 2053 2146 2054
f 2054 2146 2055
f 2055 2146 2147
f 2055 2147 2148
f 2055 2148 2149
f 2055 2149 2150
f 2055 2150 2056
f 2056 2061 2057
f 2056 2150 2066
f 2057 2060 2058
f 2057 2061 2060
f 2063 2067 2151
f 2063 2151 2073
f 2063 2073 2064
f 2066 2150 2152
f 2066 2152 2153
f 2066 2153 2154
f 2066 2154 2155
f 2066 2155 2067
f 2067 2155 2151
f 2068 2078 2069
f 2069 2078 2080
f 2069 2080 2087
f 2069 2087 2086
f 2069 2086 2156
f 2069 2156 2070
f 2070 2157 2071
f 2070 2156 2157
f 2071 2157 2089
f 2071 2089 2158
f 2071 2158 2072
f 2072 2158 2088
f 2073 2159 2075
f 2073 2075 2074
f 2073 2151 2160
f 2073 2160 2159
f 2075 2159 2076
f 2076 2159 2161
f 2076 2161 2162
f 2076 2162 2163
f 2076 2163 2077
f 2077 2163 2081
f 2079 2087 2080
f 2081 2163 2164
f 2081 2164 2165
f 2081 2165 2082
f 2082 2166 2167
f 2082 2167 2083
f 2082 2165 2168
f 2082 2168 2166
f 2083 2167 2169
f 2083 2169 2170
f 2083 2170 2085
f 2085 2171 2086
f 2085 2170 2171
f 2086 2171 2156
f 2088 2158 2089
f 2089 2157 2172
f 2090 2093 2092
f 2090 2092 2173
f 2090 2173 2144
f 2092 2096 2174
f 2092 2174 2173
f 2094 2175 2095
f 2094 2097 2175
f 2095 2175 2176
f 2095 2176 2096
f 2096 2176 2177
f 2096 2177 2174
f 2097 2128 2178
f 2097 2178 2179
f 2097 2179 2180
f 2097 2180 2175
f 2098 2103 2181
f 2098 2181 2182
f 2098 2182 2100
f 2098 2100 2099
f 2100 2183 2104
f 2100 2104 2102
f 2100 2102 2101
f 2100 2182 2183
f 2103 2141 2181
f 2104 2183 2184
f 2104 2184 2108
f 2105 2114 2185
f 2105 2185 2106
f 2106 2185 2113
f 2106 2113 2186
f 2106 2186 2187
f 2106 2187 2188
f 2106 2188 2189
f 2106 2189 2118
f 2106 2118 2190
f 2106 2190 2115
f 2106 2115 2107
f 2108 2184 2191
f 2108 2191 2192
f 2108 2192 2193
f 2108 2193 2194
f 2108 2194 2195
f 2108 2195 2196
f 2108 2196 2197
f 2108 2197 2198
f 2108 2198 2199
f 2108 2199 2109
f 2109 2199 2200
f 2109 2200 2110
f 2110 2200 2112
f 2110 2112 2111
f 2112 2200 2201
f 2112 2201 2113
f 2113 2201 2186
f 2113 2185 2114
f 2115 2190 2118
f 2116 2118 2117
f 2117 2202 2203
f 2117 2203 2204
f 2117 2204 2120
f 2117 2118 2202
f 2118 2189 2202
f 2120 2204 2122
f 2121 2122 2205
f 2121 2205 2206
f 2121 2206 2207
f 2121 2207 2208
f 2121 2208 2123
f 2122 2204 2209
f 2122 2209 2210
f 2122 2210 2206
f 2122 2206 2205
f 2123 2211 2212
f 2123 2212 2124
f 2123 2208 2213
f 2123 2213 2211
f 2124 2212 2125
f 2125 2212 2126
f 2126 2212 2214
f 2126 2214 2178
f 2126 2178 2127
f 2127 2178 2128
f 2129 2215 2130
f 2130 2215 2216
f 2130 2216 2131
f 2131 2217 2218
f 2131 2216 2138
f 2131 2138 2217
f 2132 2218 2135
f 2132 2135 2133
f 2134 2135 2219
f 2134 2219 2137
f 2135 2218 2217
f 2135 2217 2220
f 2135 2220 2137
f 2135 2137 2219
f 2136 2138 2221
f 2136 2221 2222
f 2136 2222 2139
f 2137 2220 2138
f 2138 2223 2224
f 2138 2224 2225
f 2138 2225 2226
f 2138 2226 2222
f 2138 2222 2221
f 2138 2220 2227
f 2138 2227 2217
f 2138 2228 2229
f 2138 2229 2230
f 2138 2230 2231
f 2138 2231 2232
f 2138 2232 2233
f 2138 2233 2223
f 2139 2222 2234
f 2139 2234 2142
f 2140 2143 2141
f 2141 2143 2181
f 2142 2234 2235
f 2142 2235 2143
f 2143 2191 2184
f 2143 2184 2183
f 2143 2183 2181
f 2143 2235 2191
f 2144 2147 2145
f 2144 2173 2236
f 2144 2236 2149
f 2144 2149 2147
f 2145 2147 2146
f 2147 2149 2148
f 2149 2237 2150
f 2149 2236 2237
f 2150 2237 2238
f 2150 2238 2239
f 2150 2239 2152
f 2151 2155 2154
f 2151 2154 2240
f 2151 2240 2160
f 2152 2239 2153
f 2153 2239 2241
f 2153 2241 2154
f 2154 2241 2242
f 2154 2242 2240
f 2156 2171 2243
f 2156 2243 2157
f 2157 2244 2172
f 2157 2243 2244
f 2159 2160 2245
f 2159 2245 2161
f 2160 2240 2245
f 2161 2242 2246
f 2161 2246 2162
f 2161 2245 2242
f 2162 2246 2242
f 2162 2242 2247
f 2162 2247 2248
f 2162 2248 2249
f 2162 2249 2250
f 2162 2250 2251
f 2162 2251 2163
f 2163 2251 2252
f 2163 2252 2253
f 2163 2253 2164
f 2164 2253 2165
f 2165 2253 2254
f 2165 2254 2255
f 2165 2255 2168
f 2166 2256 2167
f 2166 2168 2254
f 2166 2254 2257
f 2166 2257 2258
f 2166 2258 2259
f 2166 2259 2256
f 2167 2256 2171
f 2167 2171 2170
f 2167 2170 2169
f 2168 2255 2254
f 2171 2260 2261
f 2171 2261 2243
f 2171 2256 2262
f 2171 2262 2260
f 2173 2174 2236
f 2174 2177 2236
f 2175 2180 2176
f 2176 2180 2263
f 2176 2263 2264
f 2176 2264 2265
f 2176 2265 2266
f 2176 2266 2267
f 2176 2267 2177
f 2177 2267 2268
f 2177 2268 2269
f 2177 2269 2270
f 2177 2270 2236
f 2178 2271 2272
f 2178 2272 2263
f 2178 2263 2179
f 2178 2214 2273
f 2178 2273 2274
f 2178 2274 2271
f 2179 2263 2180
f 2181 2183 2182
f 2186 2275 2276
f 2186 2276 2277
f 2186 2277 2187
f 2186 2201 2275
f 2187 2277 2278
f 2187 2278 2188
f 2188 2278 2189
f 2189 2278 2279
f 2189 2279 2202
f 2191 2235 2192
f 2192 2235 2280
f 2192 2280 2193
f 2193 2280 2281
f 2193 2281 2282
f 2193 2282 2194
f 2194 2282 2283
f 2194 2283 2195
f 2195 2283 2284
f 2195 2284 2197
f 2195 2197 2196
f 2197 2285 2199
f 2197 2199 2198
f 2197 2284 2286
f 2197 2286 2285
f 2199 2285 2200
f 2200 2285 2201
f 2201 2285 2287
f 2201 2287 2288
f 2201 2288 2275
f 2202 2279 2289
f 2202 2289 2290
f 2202 2290 2203
f 2203 2290 2277
f 2203 2277 2291
f 2203 2291 2292
f 2203 2292 2293
f 2203 2293 2204
f 2204 2294 2295
f 2204 2295 2296
f 2204 2296 2209
f 2204 2293 2294
f 2206 2297 2207
f 2206 2210 2297
f 2207 2297 2298
f 2207 2298 2299
f 2207 2299 2300
f 2207 2300 2301
f 2207 2301 2302
f 2207 2302 2303
f 2207 2303 2213
f 2207 2213 2208
f 2209 2296 2210
f 2210 2296 2297
f 2211 2213 2303
f 2211 2303 2304
f 2211 2304 2305
f 2211 2305 2306
f 2211 2306 2307
f 2211 2307 2212
f 2212 2307 2273
f 2212 2273 2214
f 2217 2227 2220
f 2222 2226 2225
f 2222 2225 2234
f 2223 2281 2234
f 2223 2234 2225
f 2223 2225 2224
f 2223 2233 2308
f 2223 2308 2281
f 2228 2309 2310
f 2228 2310 2229
f 2229 2310 2311
f 2229 2311 2312
f 2229 2312 2313
f 2229 2313 2230
f 2230 2313 2314
f 2230 2314 2231
f 2231 2314 2233
f 2231 2233 2232
f 2233 2314 2283
f 2233 2283 2308
f 2234 2281 2280
f 2234 2280 2235
f 2236 2270 2238
f 2236 2238 2237
f 2238 2315 2239
f 2238 2270 2269
f 2238 2269 2315
f 2239 2315 2316
f 2239 2316 2317
f 2239 2317 2241
f 2240 2242 2245
f 2241 2316 2318
f 2241 2318 2242
f 2241 2317 2316
f 2242 2318 2319
f 2242 2319 2320
f 2242 2320 2321
f 2242 2321 2247
f 2243 2261 2322
f 2243 2322 2323
f 2243 2323 2244
f 2247 2321 2324
f 2247 2324 2248
f 2248 2324 2249
f 2249 2324 2325
f 2249 2325 2326
f 2249 2326 2327
f 2249 2327 2328
f 2249 2328 2250
f 2250 2329 2330
f 2250 2330 2252
f 2250 2252 2251
f 2250 2328 2329
f 2252 2330 2253
f 2253 2330 2331
f 2253 2331 2332
f 2253 2332 2333
f 2253 2333 2334
f 2253 2334 2257
f 2253 2257 2254
f 2256 2259 2335
f 2256 2335 2336
f 2256 2336 2337
f 2256 2337 2338
f 2256 2338 2262
f 2257 2334 2258
f 2258 2334 2339
f 2258 2339 2340
f 2258 2340 2259
f 2259 2340 2341
f 2259 2341 2335
f 2260 2262 2322
f 2260 2322 2261
f 2262 2338 2337
f 2262 2337 2322
f 2263 2272 2264
f 2264 2342 2265
f 2264 2272 2342
f 2265 2342 2343
f 2265 2343 2266
f 2266 2343 2344
f 2266 2344 2268
f 2266 2268 2267
f 2268 2344 2345
f 2268 2345 2269
f 2269 2345 2346
f 2269 2346 2315
f 2271 2347 2272
f 2271 2274 2347
f 2272 2347 2348
f 2272 2348 2342
f 2273 2307 2274
f 2274 2307 2306
f 2274 2306 2349
f 2274 2349 2347
f 2275 2288 2350
f 2275 2350 2351
f 2275 2351 2291
f 2275 2291 2276
f 2276 2291 2277
f 2277 2290 2289
f 2277 2289 2279
f 2277 2279 2278
f 2281 2308 2282
f 2282 2308 2283
f 2283 2314 2284
f 2284 2352 2353
f 2284 2353 2286
f 2284 2314 2352
f 2285 2286 2353
f 2285 2353 2287
f 2287 2353 2288
f 2288 2354 2355
f 2288 2355 2351
f 2288 2351 2350
f 2288 2353 2356
f 2288 2356 2354
f 2291 2351 2292
f 2292 2357 2293
f 2292 2351 2357
f 2293 2357 2358
f 2293 2358 2359
f 2293 2359 2360
f 2293 2360 2294
f 2294 2360 2361
f 2294 2361 2362
f 2294 2362 2363
f 2294 2363 2295
f 2295 2363 2362
f 2295 2362 2296
f 2296 2364 2298
f 2296 2298 2297
f 2296 2362 2364
f 2298 2365 2299
f 2298 2364 2365
f 2299 2365 2366
f 2299 2366 2300
f 2300 2367 2368
f 2300 2368 2349
f 2300 2349 2301
f 2300 2366 2367
f 2301 2349 2302
f 2302 2349 2369
f 2302 2369 2303
f 2303 2369 2304
f 2304 2369 2305
f 2305 2369 2306
f 2306 2369 2349
f 2309 2370 2371
f 2309 2371 2372
f 2309 2372 2373
f 2309 2373 2310
f 2310 2373 2311
f 2311 2374 2312
f 2311 2373 2372
f 2311 2372 2375
f 2311 2375 2374
f 2312 2376 2356
f 2312 2356 2377
f 2312 2377 2313
f 2312 2374 2376
f 2313 2377 2352
f 2313 2352 2314
f 2315 2346 2316
f 2316 2346 2345
f 2316 2345 2319
f 2316 2319 2318
f 2319 2344 2378
f 2319 2378 2379
f 2319 2379 2320
f 2319 2345 2344
f 2320 2379 2321
f 2321 2379 2380
f 2321 2380 2381
f 2321 2381 2324
f 2324 2381 2382
f 2324 2382 2383
f 2324 2383 2384
f 2324 2384 2385
f 2324 2385 2386
f 2324 2386 2325
f 2325 2386 2385
f 2325 2385 2327
f 2325 2327 2326
f 2327 2385 2387
f 2327 2387 2388
f 2327 2388 2328
f 2328 2388 2389
f 2328 2389 2390
f 2328 2390 2329
f 2329 2332 2330
f 2329 2390 2391
f 2329 2391 2392
f 2329 2392 2393
f 2329 2393 2394
f 2329 2394 2332
f 2330 2332 2331
f 2332 2395 2333
f 2332 2394 2396
f 2332 2396 2397
f 2332 2397 2395
f 2333 2395 2397
f 2333 2397 2398
f 2333 2398 2399
f 2333 2399 2334
f 2334 2399 2400
f 2334 2400 2339
f 2335 2341 2401
f 2335 2401 2402
f 2335 2402 2403
f 2335 2337 2336
f 2339 2400 2404
f 2339 2404 2340
f 2340 2404 2341
f 2341 2404 2402
f 2341 2402 2401
f 2342 2348 2343
f 2343 2405 2344
f 2343 2348 2405
f 2344 2405 2348
f 2344 2348 2406
f 2344 2406 2407
f 2344 2407 2378
f 2347 2408 2406
f 2347 2406 2348
f 2347 2349 2408
f 2349 2368 2409
f 2349 2409 2408
f 2351 2355 2410
f 2351 2410 2357
f 2352 2377 2411
f 2352 2411 2356
f 2352 2356 2353
f 2354 2356 2412
f 2354 2412 2413
f 2354 2413 2355
f 2355 2414 2410
f 2355 2413 2414
f 2356 2376 2374
f 2356 2374 2413
f 2356 2413 2412
f 2356 2411 2377
f 2357 2410 2415
f 2357 2415 2416
f 2357 2416 2358
f 2358 2416 2417
f 2358 2417 2359
f 2359 2417 2418
f 2359 2418 2419
f 2359 2419 2360
f 2360 2419 2420
f 2360 2420 2421
f 2360 2421 2422
f 2360 2422 2361
f 2361 2422 2423
f 2361 2423 2362
f 2362 2423 2364
f 2364 2423 2424
f 2364 2424 2365
f 2365 2424 2425
f 2365 2425 2426
f 2365 2426 2427
f 2365 2427 2366
f 2366 2427 2428
f 2366 2428 2429
f 2366 2429 2430
f 2366 2430 2431
f 2366 2431 2367
f 2367 2431 2409
f 2367 2409 2368
f 2370 2432 2433
f 2370 2433 2434
f 2370 2434 2371
f 2371 2434 2435
f 2371 2435 2372
f 2372 2435 2434
f 2372 2434 2436
f 2372 2436 2375
f 2374 2375 2414
f 2374 2414 2413
f 2375 2436 2437
f 2375 2437 2438
f 2375 2438 2414
f 2378 2407 2379
f 2379 2407 2439
f 2379 2439 2440
f 2379 2440 2441
f 2379 2441 2382
f 2379 2382 2380
f 2380 2382 2381
f 2382 2441 2442
f 2382 2442 2384
f 2382 2384 2383
f 2384 2442 2443
f 2384 2443 2444
f 2384 2444 2445
f 2384 2445 2385
f 2385 2445 2387
f 2387 2445 2491
f 2387 2491 2446
f 2387 2446 2388
f 2388 2447 2389
f 2388 2446 2448
f 2388 2448 2449
f 2388 2449 2493
f 2388 2493 2447
f 2389 2391 2390
f 2389 2447 2391
f 2391 2447 2392
f 2392 2447 2393
f 2393 2447 2450
f 2393 2450 2451
f 2393 2451 2452
f 2393 2452 2453
f 2393 2453 2394
f 2394 2453 2396
f 2396 2453 2454
f 2396 2454 2397
f 2397 2454 2398
f 2398 2455 2399
f 2398 2454 2455
f 2399 2455 2400
f 2400 2455 2404
f 2402 2404 2456
f 2402 2456 2457
f 2402 2457 2458
f 2402 2458 2459
f 2402 2459 2403
f 2404 2460 2461
f 2404 2461 2456
f 2404 2455 2462
f 2404 2462 2460
f 2406 2408 2440
f 2406 2440 2439
f 2406 2439 2407
f 2408 2463 2440
f 2408 2409 2464
f 2408 2464 2463
f 2409 2431 2464
f 2410 2414 2415
f 2414 2438 2465
f 2414 2465 2416
f 2414 2416 2415
f 2416 2418 2417
f 2416 2465 2418
f 2418 2465 2466
f 2418 2466 2419
f 2419 2467 2421
f 2419 2421 2420
f 2419 2466 2513
f 2419 2513 2467
f 2421 2467 2468
f 2421 2468 2422
f 2422 2468 2424
f 2422 2424 2423
f 2424 2468 2469
f 2424 2469 2470
f 2424 2470 2425
f 2425 2471 2426
f 2425 2470 2472
f 2425 2472 2473
f 2425 2473 2471
f 2426 2471 2474
f 2426 2474 2427
f 2427 2474 2428
f 2428 2474 2429
f 2429 2475 2464
f 2429 2464 2430
f 2429 2474 2475
f 2430 2464 2431
f 2432 2476 2477
f 2432 2477 2478
f 2432 2478 2479
f 2432 2479 2480
f 2432 2480 2481
f 2432 2481 2482
f 2432 2482 2483
f 2432 2483 2484
f 2432 2484 2485
f 2432 2485 2433
f 2433 2485 2486
f 2433 2486 2434
f 2434 2486 2436
f 2436 2465 2438
f 2436 2438 2437
f 2436 2486 2487
f 2436 2487 2488
f 2436 2488 2489
f 2436 2489 2490
f 2436 2490 2465
f 2440 2463 2442
f 2440 2442 2441
f 2442 2463 2443
f 2443 2463 2444
f 2444 2491 2445
f 2444 2463 2464
f 2444 2464 2492
f 2444 2492 2491
f 2446 2491 2492
f 2446 2492 2448
f 2447 2493 2494
f 2447 2494 2495
f 2447 2495 2450
f 2448 2492 2496
f 2448 2496 2449
f 2449 2496 2497
f 2449 2497 2498
f 2449 2498 2499
f 2449 2499 2500
f 2449 2500 2493
f 2450 2501 2451
f 2450 2495 2501
f 2451 2502 2452
f 2451 2501 2502
f 2452 2502 2453
f 2453 2502 2454
f 2454 2502 2503
f 2454 2503 2504
f 2454 2504 2505
f 2454 2505 2506
f 2454 2506 2455
f 2455 2506 2505
f 2455 2505 2462
f 2456 2461 2458
f 2456 2458 2457
f 2458 2461 2460
f 2458 2460 2507
f 2458 2507 2508
f 2460 2462 2509
f 2460 2509 2510
f 2460 2510 2507
f 2462 2505 2511
f 2462 2511 2510
f 2462 2510 2509
f 2464 2475 2492
f 2465 2490 2512
f 2465 2512 2466
f 2466 2512 2513
f 2467 2513 2514
f 2467 2514 2469
f 2467 2469 2468
f 2469 2514 2470
f 2470 2514 2472
f 2471 2515 2516
f 2471 2516 2517
f 2471 2517 2474
f 2471 2473 2518
f 2471 2518 2515
f 2472 2519 2520
f 2472 2520 2521
f 2472 2521 2522
f 2472 2522 2523
f 2472 2523 2518
f 2472 2518 2473
f 2472 2514 2513
f 2472 2513 2488
f 2472 2488 2524
f 2472 2524 2525
f 2472 2525 2519
f 2474 2517 2526
f 2474 2526 2475
f 2475 2526 2492
f 2476 2527 2528
f 2476 2528 2477
f 2477 2528 2529
f 2477 2529 2478
f 2478 2530 2479
f 2478 2529 2531
f 2478 2531 2530
f 2479 2530 2480
f 2480 2530 2481
f 2481 2530 2532
f 2481 2532 2482
f 2482 2532 2483
f 2483 2532 2533
f 2483 2533 2484
f 2484 2533 2534
f 2484 2534 2535
f 2484 2535 2536
f 2484 2536 2537
f 2484 2537 2538
f 2484 2538 2485
f 2485 2538 2537
f 2485 2537 2486
f 2486 2537 2487
f 2487 2537 2539
f 2487 2539 2488
f 2488 2513 2490
f 2488 2490 2489
f 2488 2539 2524
f 2490 2513 2512
f 2492 2526 2517
f 2492 2517 2516
f 2492 2516 2496
f 2493 2500 2540
f 2493 2540 2494
f 2494 2541 2543
f 2494 2543 2495
f 2494 2540 2542
f 2494 2542 2541
f 2495 2543 2501
f 2496 2516 2544
f 2496 2544 2497
f 2497 2544 2518
f 2497 2518 2498
f 2498 2518 2523
f 2498 2523 2499
f 2499 2545 2500
f 2499 2523 2546
f 2499 2546 2545
f 2500 2545 2540
f 2501 2547 2503
f 2501 2503 2502
f 2501 2543 2547
f 2503 2547 2504
f 2504 2547 2552
f 2504 2552 2511
f 2504 2511 2505
f 2507 2510 2548
f 2507 2548 2549
f 2507 2549 2508
f 2510 2550 2551
f 2510 2551 2548
f 2510 2511 2552
f 2510 2552 2553
f 2510 2553 2554
f 2510 2554 2550
f 2515 2518 2544
f 2515 2544 2516
f 2519 2525 2555
f 2519 2555 2520
f 2520 2555 2556
f 2520 2556 2521
f 2521 2556 2546
f 2521 2546 2523
f 2521 2523 2522
f 2524 2539 2525
f 2525 2539 2537
f 2525 2537 2555
f 2527 2557 2528
f 2528 2557 2558
f 2528 2558 2559
f 2528 2559 2529
f 2529 2559 2531
f 2530 2531 2560
f 2530 2560 2532
f 2531 2559 2561
f 2531 2561 2562
f 2531 2562 2560
f 2532 2560 2533
f 2533 2560 2563
f 2533 2563 2534
f 2534 2563 2535
f 2535 2563 2556
f 2535 2556 2536
f 2536 2556 2555
f 2536 2555 2537
f 2540 2545 2542
f 2541 2542 2564
f 2541 2564 2547
f 2541 2547 2543
f 2542 2545 2565
f 2542 2565 2566
f 2542 2566 2564
f 2545 2546 2567
f 2545 2567 2565
f 2546 2556 2568
f 2546 2568 2569
f 2546 2569 2567
f 2547 2564 2553
f 2547 2553 2552
f 2548 2551 2570
f 2548 2570 2549
f 2549 2570 2571
f 2550 2554 2572
f 2550 2572 2573
f 2550 2573 2551
f 2551 2573 2570
f 2553 2564 2574
f 2553 2574 2572
f 2553 2572 2554
f 2556 2563 2560
f 2556 2560 2575
f 2556 2575 2568
f 2557 2576 2577
f 2557 2577 2578
f 2557 2578 2579
f 2557 2579 2558
f 2558 2579 2578
f 2558 2578 2580
f 2558 2580 2581
f 2558 2581 2559
f 2559 2581 2561
f 2560 2562 2582
f 2560 2582 2575
f 2561 2581 2580
f 2561 2580 2562
f 2562 2580 2583
f 2562 2583 2584
f 2562 2584 2568
f 2562 2568 2575
f 2562 2575 2582
f 2564 2566 2585
f 2564 2585 2586
f 2564 2586 2574
f 2565 2587 2566
f 2565 2567 2588
f 2565 2588 2587
f 2566 2587 2585
f 2567 2569 2588
f 2568 2584 2588
f 2568 2588 2589
f 2568 2589 2569
f 2569 2589 2588
f 2570 2573 2590
f 2570 2590 2591
f 2570 2591 2592
f 2570 2592 2571
f 2572 2593 2573
f 2572 2574 2586
f 2572 2586 2593
f 2573 2593 2594
f 2573 2594 2595
f 2573 2595 2590
f 2576 2591 2577
f 2577 2591 2578
f 2578 2591 2580
f 2580 2591 2595
f 2580 2595 2594
f 2580 2594 2583
f 2583 2594 2584
f 2584 2585 2588
f 2584 2594 2596
f 2584 2596 2585
f 2585 2587 2588
f 2585 2596 2586
f 2586 2596 2594
f 2586 2594 2593
f 2590 2595 2591

