# simplified by tools/simplify_meshes.py
v 0.05649233 -0.05413307 0.42223452
v 0.04894869 -0.04413094 0.42252146
v 0.03033432 -0.02999822 0.42940208
v -0.00600324 -0.02458517 0.43750639
v -0.01970523 -0.02728193 0.43624935
v -0.02812982 -0.03014573 0.43459396
v -0.04282072 -0.03913504 0.42552194
v -0.05418449 -0.05071319 0.42367819
v -0.05521198 -0.05198692 0.41769538
v -0.06401182 -0.07609821 0.41029809
v -0.06319139 -0.08069442 0.40243040
v -0.05913872 -0.10413862 0.39472350
v -0.05183738 -0.11518859 0.38940787
v -0.04664656 -0.11664419 0.38435486
v -0.01810882 -0.13610419 0.37838328
v -0.03330510 -0.13015040 0.38155518
v -0.03593049 -0.12545186 0.37859980
v -0.00731225 -0.13808199 0.37723156
v -0.01213915 -0.13733923 0.37771535
v 0.00936662 -0.13786445 0.37743000
v 0.00082504 -0.13844320 0.37701527
v 0.02536608 -0.13395213 0.37952993
v 0.03700552 -0.12821915 0.38247988
v 0.02729019 -0.12983655 0.37632127
v 0.05288249 -0.11147548 0.38606923
v 0.06320374 -0.08497927 0.40019693
v 0.04971711 -0.11810690 0.38787426
v 0.05462699 -0.11213247 0.39112142
v 0.06285676 -0.09540746 0.39992972
v 0.05977051 -0.10345132 0.39574799
v 0.05819812 -0.10272360 0.39065772
v 0.06479361 -0.08447721 0.40565456
v 0.06510039 -0.07678689 0.40900506
v 0.00002697 -0.10335024 0.43932029
v 0.05549599 -0.07430402 0.45366231
v 0.05185384 -0.06906305 0.45660574
v 0.03217747 -0.04612931 0.45970778
v 0.05817627 -0.07080827 0.44659293
v 0.05296141 -0.06367208 0.45132448
v 0.03414967 -0.05341785 0.46488579
v 0.03136313 -0.05180101 0.46568727
v 0.03732773 -0.05545042 0.46384779
v 0.03573758 -0.04807780 0.45868663
v 0.02730517 -0.04388224 0.46090653
v 0.04617754 -0.06250497 0.46003866
v 0.00951050 -0.04484891 0.46920753
v 0.04242114 -0.05913251 0.46183112
v 0.02006181 -0.04726647 0.46807182
v 0.00617304 -0.03970979 0.46493032
v 0.00048789 -0.03862129 0.46370698
v 0.01553515 -0.04612962 0.46871134
v 0.04337165 -0.05331136 0.45591347
v -0.01555311 -0.04626072 0.46866279
v 0.00505639 -0.04458975 0.46952133
v -0.02193129 -0.04803940 0.46770597
v -0.04450148 -0.05461768 0.45519979
v -0.01919533 -0.04706714 0.46812492
v 0.02226968 -0.04291864 0.46321416
v -0.01318098 -0.03988127 0.46303853
v -0.00882632 -0.04492930 0.46928035
v -0.00523698 -0.04475778 0.46953046
v -0.01883389 -0.04156610 0.46276086
v -0.06057975 -0.07828338 0.44462034
v -0.05810368 -0.08079944 0.45028640
v -0.02902386 -0.05086313 0.46615066
v -0.03597457 -0.04846135 0.45847033
v -0.05153792 -0.06271847 0.45270826
v -0.04433226 -0.06086788 0.46069773
v -0.03578378 -0.05455076 0.46417814
v -0.00779443 -0.03907373 0.46348526
v -0.04018669 -0.05213733 0.45832490
v -0.02775851 -0.04489613 0.46129778
v 0.02450327 -0.04873888 0.46725539
v -0.05604704 -0.07638250 0.45265431
v -0.04002903 -0.05750103 0.46261821
v -0.04240763 -0.05923514 0.46159442
v -0.04999695 -0.06715912 0.45754488
v -0.04734487 -0.06391355 0.45910383
v -0.05358694 -0.07209100 0.45493191
v -0.06212640 -0.08239258 0.44106061
v -0.04813553 -0.05889466 0.45472020
v -0.06157701 -0.10160495 0.43924807
v -0.06156345 -0.11002340 0.43102788
v -0.05188153 -0.06966294 0.45626426
v -0.06137794 -0.08883011 0.44442231
v -0.05483143 -0.06609783 0.44909712
v -0.06174420 -0.10578468 0.43552336
v -0.06359852 -0.08799816 0.43731649
v -0.06151633 -0.09395120 0.44311087
v -0.03408515 -0.14332070 0.40802636
v -0.05897116 -0.11514170 0.43197151
v -0.05496546 -0.12385514 0.42735050
v -0.00279785 -0.15202775 0.40340309
v -0.03811915 -0.14206196 0.41751500
v -0.05988109 -0.11541503 0.42287262
v -0.04633700 -0.13524465 0.42020094
v -0.04969660 -0.13138879 0.42337556
v -0.05962573 -0.08530488 0.44791624
v 0.00272891 -0.15202069 0.40340033
v -0.02864951 -0.14667208 0.40851159
v -0.01020504 -0.15294960 0.41199123
v -0.00154603 -0.15376076 0.41132684
v -0.03174334 -0.14594539 0.41554807
v -0.02419509 -0.14928580 0.41389792
v -0.02050808 -0.15069411 0.41271491
v -0.04232433 -0.13883126 0.41934979
v -0.04422601 -0.13718059 0.42022789
v -0.01535394 -0.15195784 0.41251712
v -0.03865062 -0.14055658 0.40950723
v -0.05206880 -0.12832221 0.41600701
v -0.05567567 -0.12335831 0.41853408
v -0.04867597 -0.13273735 0.41545216
v -0.02919302 -0.14719752 0.41499295
v 0.04569900 -0.13548576 0.41287961
v 0.00824148 -0.15164910 0.40360094
v 0.02980955 -0.14709402 0.41505391
v -0.05289427 -0.12762283 0.42379577
v 0.03169477 -0.14480110 0.40724537
v 0.01229276 -0.15108473 0.40391689
v -0.01907178 -0.14947753 0.40475371
v 0.01745674 -0.15157127 0.41267594
v 0.01640208 -0.15026923 0.40434322
v 0.05597445 -0.12357209 0.41853386
v 0.05394603 -0.12640412 0.42587141
v 0.03407038 -0.14487093 0.41617232
v 0.05783967 -0.11921789 0.42982571
v 0.05382304 -0.12669835 0.41691520
v 0.05171939 -0.12988075 0.42260753
v 0.02425917 -0.14801353 0.40554746
v 0.02805763 -0.14649877 0.40633501
v 0.00644984 -0.15350408 0.41146440
v 0.04035547 -0.14078856 0.41820500
v 0.01211598 -0.15268554 0.41047082
v 0.06358958 -0.08588865 0.43858696
v 0.02221837 -0.15022877 0.41327932
v 0.06022616 -0.08529000 0.44781508
v 0.06128194 -0.07756417 0.44299820
v 0.06420279 -0.09813528 0.43299645
v 0.06414952 -0.08948400 0.43666305
v 0.05773969 -0.12116923 0.42162017
v 0.06189931 -0.11120562 0.42573647
v 0.06394432 -0.10220062 0.43192333
v 0.06014853 -0.11588331 0.42261298
v 0.06154797 -0.10675618 0.43644942
v 0.04811948 -0.13369344 0.42218675
v 0.05056196 -0.13067726 0.41476698
v 0.06046754 -0.11289158 0.43209278
v 0.05681623 -0.07687330 0.45235146
v 0.06116253 -0.08959107 0.44563623
v 0.06191575 -0.10253311 0.43881644
v 0.06244691 -0.08397609 0.44314742
v 0.05591961 -0.12286019 0.42800277
v 0.04896842 -0.04713788 0.43213347
v 0.04761025 -0.05211795 0.44301634
v 0.04921130 -0.06558045 0.45836018
v 0.04694123 -0.05744321 0.45567962
v 0.04894888 -0.04413410 0.42717012
v 0.04587515 -0.04412553 0.43226522
v 0.02451619 -0.03160085 0.44035924
v 0.04285832 -0.04160645 0.43448335
v 0.02424576 -0.03763167 0.45071252
v 0.05514363 -0.05465212 0.42750880
v 0.05629441 -0.06309673 0.43717850
v 0.05554918 -0.06647517 0.44888875
v 0.05201529 -0.05685855 0.44048823
v 0.05398883 -0.07148541 0.45497876
v 0.03197513 -0.03479301 0.43870259
v 0.03628246 -0.04337831 0.44766178
v 0.05084089 -0.06008838 0.45197762
v 0.05322067 -0.04896120 0.42462558
v 0.05209799 -0.05064048 0.42965871
v 0.02925007 -0.03964747 0.44963839
v 0.02049713 -0.03006287 0.43976071
v -0.00529132 -0.03369973 0.45280518
v 0.04514217 -0.04056153 0.42909594
v 0.05867938 -0.06733305 0.43492242
v 0.03914897 -0.05020274 0.45756578
v 0.02813863 -0.03283678 0.43825905
v 0.00836717 -0.03394645 0.45267069
v 0.00298092 -0.02738091 0.44256925
v 0.00047015 -0.04432227 0.46960136
v 0.00274460 -0.02452876 0.43760934
v 0.02831194 -0.05006660 0.46641360
v 0.00292835 -0.03353737 0.45288945
v -0.00250097 -0.02725403 0.44158069
v 0.02561269 -0.02906303 0.43518528
v 0.00018678 -0.03348713 0.45291621
v -0.00255503 -0.03354134 0.45288851
v -0.00803188 -0.02786179 0.44238637
v 0.01913300 -0.02697789 0.43630101
v 0.01644579 -0.03534745 0.45193240
v 0.05781579 -0.05896492 0.42528851
v 0.03992994 -0.03651949 0.43122889
v 0.02169798 -0.03677475 0.45116856
v -0.01205006 -0.02820036 0.44075835
v 0.04014704 -0.05576441 0.46182279
v 0.04277897 -0.04783356 0.44529198
v 0.01665614 -0.02928178 0.44159402
v 0.01700514 -0.04145335 0.46400261
v 0.03893085 -0.03881058 0.43655484
v 0.03531812 -0.03645732 0.43638035
v 0.03303093 -0.03238408 0.43344532
v 0.00820109 -0.02775682 0.44188639
v -0.01871910 -0.03603346 0.45156246
v -0.01608411 -0.03536349 0.45191881
v -0.04070238 -0.04030635 0.43517557
v 0.00825616 -0.02493665 0.43739813
v -0.03815753 -0.04484510 0.44688075
v -0.04029398 -0.04635060 0.44607634
v -0.02357774 -0.02942533 0.43557566
v -0.03364341 -0.04209251 0.44834492
v -0.04882472 -0.04449322 0.42701148
v -0.04483725 -0.04364278 0.43339619
v -0.03390338 -0.03605395 0.43804431
v -0.02387951 -0.03767161 0.45069187
v -0.03708338 -0.03777407 0.43567116
v -0.00377471 -0.04022157 0.46579088
v -0.03156275 -0.04580359 0.45957627
v -0.00201947 -0.02476372 0.43763119
v -0.01072670 -0.03432724 0.45246864
v -0.01107128 -0.02538696 0.43717797
v -0.01341852 -0.03479420 0.45222154
v 0.01165478 -0.04037688 0.46458473
v -0.00802293 -0.03397522 0.45265658
v 0.01374163 -0.02575236 0.43694649
v 0.01257504 -0.02821543 0.44075497
v -0.01640686 -0.02922546 0.44110025
v -0.04413624 -0.04012802 0.42936142
v -0.04238663 -0.04792132 0.44524044
v -0.05973120 -0.06387997 0.42265417
v -0.04858655 -0.04719568 0.43154930
v -0.05936075 -0.06018635 0.41892558
v -0.04629782 -0.05129478 0.44344818
v -0.03250308 -0.05243128 0.46517373
v -0.02886724 -0.03969152 0.44961493
v -0.02801087 -0.03308064 0.43900897
v -0.05306087 -0.05890911 0.43939901
v -0.02166114 -0.03065829 0.44028716
v -0.01569493 -0.02648071 0.43671245
v -0.05877825 -0.07393973 0.44694579
v -0.05658259 -0.07100847 0.44956884
v -0.05703098 -0.06518040 0.43605372
v -0.06145317 -0.06854477 0.42016337
v -0.02404961 -0.04258810 0.46127816
v -0.06172826 -0.07661627 0.42998377
v -0.06274312 -0.07326071 0.41765321
v -0.04986044 -0.05497676 0.44149115
v -0.05451500 -0.06096041 0.43830847
v -0.05982117 -0.07070960 0.43312467
v -0.05526843 -0.05567997 0.42612091
v -0.02131916 -0.03680312 0.45115308
v -0.03593232 -0.04342500 0.44763340
v -0.02546881 -0.04915801 0.46695714
v -0.03801273 -0.03526771 0.43164931
v -0.05663778 -0.05457409 0.42161519
v -0.05756411 -0.05941806 0.42505625
v -0.06399802 -0.09389563 0.43432644
v -0.06424979 -0.08044245 0.40786880
v -0.06313230 -0.09585032 0.41975669
v -0.06164815 -0.11093772 0.42493977
v -0.06390279 -0.09877982 0.43173023
v -0.06333005 -0.10362967 0.42913201
v -0.06102639 -0.07425873 0.43123721
v -0.06410699 -0.08537874 0.40526104
v -0.06317067 -0.09153530 0.40210086
v -0.06312807 -0.07125041 0.41282601
v -0.06365143 -0.07797850 0.41567448
v -0.06148607 -0.09793676 0.40367988
v -0.06136558 -0.10418899 0.41532090
v -0.05158951 -0.04813005 0.42535739
v -0.06228717 -0.10062533 0.41722055
v -0.05152007 -0.05692182 0.44045478
v -0.06281414 -0.09508618 0.40664132
v -0.06207156 -0.06572863 0.41532042
v -0.05265738 -0.05184776 0.42932239
v -0.06278429 -0.08135417 0.42746062
v -0.06397818 -0.08533000 0.41179943
v -0.05709204 -0.11435913 0.40991600
v -0.06350774 -0.08860163 0.42361776
v -0.06359361 -0.08111031 0.41263201
v -0.03150462 -0.13346605 0.38619752
v -0.02518493 -0.13556907 0.38404307
v -0.04850473 -0.12115286 0.39277736
v -0.05080543 -0.11746662 0.39329893
v -0.06333614 -0.08971792 0.40839273
v -0.05349287 -0.11529520 0.39589880
v -0.05446061 -0.11861527 0.40765395
v -0.06047274 -0.10211796 0.40231952
v -0.04543660 -0.12294360 0.39038095
v -0.05926147 -0.10992010 0.41227720
v -0.05874477 -0.10672269 0.40046094
v -0.04381211 -0.12297608 0.38538562
v -0.04834305 -0.11880255 0.38764547
v -0.05550024 -0.11027658 0.39186199
v -0.04620424 -0.12826394 0.40252547
v -0.05147586 -0.12268171 0.40549160
v -0.05807946 -0.11841547 0.42883866
v -0.02410321 -0.14783918 0.40530555
v -0.05608591 -0.10973550 0.39642211
v -0.06015991 -0.10762790 0.41349536
v 0.00602441 -0.14029208 0.38200399
v -0.00519550 -0.14581387 0.39319095
v -0.05773907 -0.12016710 0.42341960
v 0.00848680 -0.14554487 0.39333435
v 0.01155227 -0.13964744 0.38235377
v -0.02875338 -0.13223730 0.38050337
v -0.01575702 -0.15121000 0.40653493
v -0.04022295 -0.13323938 0.39987593
v -0.02521909 -0.14134584 0.39556117
v -0.04804863 -0.12647739 0.40347270
v -0.01887822 -0.13830338 0.38360902
v -0.02328713 -0.13440385 0.37925285
v -0.06121771 -0.09866092 0.39825201
v -0.03119321 -0.13863599 0.39699671
v 0.00576048 -0.14580794 0.39319581
v 0.05635845 -0.11641520 0.40882238
v -0.03841666 -0.12945116 0.38832555
v -0.03485514 -0.13065427 0.38628855
v -0.04156287 -0.13931524 0.41310447
v -0.00280038 -0.13791340 0.37793231
v -0.04240236 -0.12622071 0.38953084
v -0.04495036 -0.13570482 0.41209656
v -0.00245881 -0.14596882 0.39310860
v 0.00028349 -0.14601899 0.39308261
v -0.04429355 -0.13000555 0.40159568
v 0.05729436 -0.10777580 0.39343672
v 0.03895300 -0.14062977 0.40913875
v -0.03583659 -0.13613680 0.39833778
v 0.01388828 -0.14471240 0.39377692
v 0.04691409 -0.12051496 0.38669270
v 0.02433115 -0.14182999 0.39530941
v -0.00806294 -0.15159388 0.40331433
v 0.01689085 -0.13856567 0.38293321
v 0.00515549 -0.13810440 0.37736569
v -0.00252295 -0.14085810 0.38231645
v -0.01476298 -0.13761906 0.38099391
v 0.02180431 -0.14269924 0.39484574
v 0.03679016 -0.13043724 0.38729631
v 0.01120510 -0.14516371 0.39353776
v 0.01429382 -0.13701424 0.37777246
v 0.00302677 -0.14596454 0.39311265
v -0.03783182 -0.12733250 0.38297537
v 0.06350135 -0.09705013 0.41911360
v 0.05198841 -0.12258148 0.40554353
v 0.00158016 -0.13988920 0.38133852
v 0.06340402 -0.10618318 0.42746775
v 0.05353101 -0.12059758 0.40660070
v 0.06408480 -0.08352596 0.41134204
v 0.04295029 -0.13773447 0.41101431
v 0.04675159 -0.12819330 0.40255930
v 0.06436345 -0.08776777 0.41047563
v 0.05938068 -0.10485878 0.40000096
v 0.04779144 -0.13439403 0.41578782
v 0.05804774 -0.10890675 0.39923715
v 0.02192503 -0.13755339 0.38399984
v 0.02952665 -0.13464921 0.38554345
v 0.02557461 -0.13523116 0.38379240
v -0.01078377 -0.14005933 0.38273717
v -0.01873043 -0.14351171 0.39440642
v 0.03467499 -0.14408018 0.41055139
v 0.05034487 -0.12452177 0.40451062
v 0.03298702 -0.13191675 0.38551457
v 0.03411107 -0.13741325 0.39766024
v -0.00661921 -0.13956064 0.38146753
v -0.01063038 -0.14523607 0.39350068
v 0.05872681 -0.11208174 0.41112524
v 0.06359619 -0.07518336 0.41661835
v -0.01198207 -0.15194432 0.40653837
v 0.06363993 -0.08372112 0.42620846
v 0.04723202 -0.12244916 0.39154702
v 0.05209009 -0.11449354 0.39125052
v 0.05899989 -0.05815392 0.41978491
v 0.03861238 -0.13467026 0.39912792
v 0.06390303 -0.09098733 0.42234148
v 0.04200437 -0.12476728 0.38433997
v 0.01918842 -0.14347246 0.39443613
v 0.02934535 -0.13981282 0.39638308
v 0.06460625 -0.09405526 0.43395031
v 0.05975848 -0.10983990 0.41231835
v 0.03089341 -0.13143533 0.38099461
v 0.01654025 -0.14413714 0.39408631
v 0.05546411 -0.11271479 0.39670844
v 0.02038815 -0.15016676 0.40733509
v 0.06216739 -0.07650286 0.43004518
v 0.06176460 -0.06430670 0.41646742
v 0.06124240 -0.06682092 0.42022527
v 0.06115903 -0.10160117 0.40258392
v 0.04285784 -0.13158238 0.40075831
v 0.05999838 -0.06340314 0.42287308
v 0.04373596 -0.13811064 0.41803504
v 0.04106398 -0.12797940 0.38914877
v 0.04412242 -0.12415760 0.38906337
v 0.06146702 -0.07416284 0.43128803
v 0.06373737 -0.07142932 0.41267420
v 0.02019353 -0.13553011 0.37870234
v 0.06189590 -0.09358124 0.44345817
v 0.05072559 -0.11926089 0.39372481
v 0.04858396 -0.12639257 0.40351905
v 0.06263385 -0.09691879 0.40506483
v 0.06105889 -0.09991373 0.39767226
v -0.02606080 -0.02775373 0.43053263
v 0.06419657 -0.08000997 0.41409679
v 0.06096133 -0.11020526 0.43454717
v 0.05972042 -0.06960224 0.43371309
v 0.05932292 -0.11585559 0.43150484
v 0.06365672 -0.09214548 0.40760993
v 0.06066988 -0.10756750 0.41353059
v 0.04502151 -0.13002862 0.40157978
v 0.05952290 -0.07534479 0.44712770
v 0.06063656 -0.07186237 0.43251201
v 0.06404273 -0.08923873 0.40323822
v 0.06215274 -0.10298709 0.41595961
v 0.06271177 -0.07083064 0.41953617
v 0.06275934 -0.07888315 0.42877886
v -0.02090224 -0.02647927 0.43124404
v 0.06455253 -0.08068330 0.40787489
v -0.02766740 -0.12965097 0.37635546
v 0.06028223 -0.09732157 0.39359416
v -0.04172948 -0.12162698 0.38061551
v -0.04947633 -0.11604344 0.38438279
v 0.05400340 -0.10857817 0.38852194
v 0.05791010 -0.10141384 0.39308164
v 0.06131875 -0.06438288 0.41112438
v -0.03369159 -0.03190166 0.42838144
v -0.05582878 -0.10479375 0.38985504
v -0.05876002 -0.09890767 0.39432620
v 0.01654458 -0.13326733 0.37452463
v 0.06172649 -0.06773555 0.41025514
v 0.01143908 -0.13430207 0.37392734
v 0.01208037 -0.04616601 0.46912267
v 0.04481570 -0.12257203 0.38594151
v -0.03204858 -0.03232466 0.43364017
v -0.05388334 -0.07488200 0.45410445
v 0.03777846 -0.06673576 0.45872672
v 0.03262520 -0.06273918 0.46085190
v -0.03739552 -0.05711677 0.46353013
v -0.04809185 -0.08087965 0.45121083
v -0.01654494 -0.04776167 0.46852538
v -0.03733006 -0.06671221 0.45874334
v -0.01227786 -0.04521673 0.46892324
v -0.03490276 -0.14420326 0.41635697
v 0.01811728 -0.05589460 0.46449025
v -0.05262393 -0.12586406 0.42700570
v -0.02631753 -0.14765240 0.41542047
v 0.00768638 -0.05351740 0.46576019
v -0.02926998 -0.06113612 0.46171176
v -0.00143271 -0.05307265 0.46599517
v -0.01050277 -0.05401776 0.46549815
v -0.03779382 -0.13846722 0.42104657
v -0.05698522 -0.11748135 0.43146274
v 0.04335845 -0.13707598 0.42116794
v -0.06026379 -0.09052116 0.44553600
v 0.04294287 -0.07212534 0.45586191
v -0.06174919 -0.09748155 0.44136233
v 0.03740191 -0.14290598 0.41710456
v -0.02946783 -0.13882787 0.42040133
v 0.02693120 -0.05936292 0.46265164
v 0.02593023 -0.14890628 0.41391917
v 0.04723797 -0.07808067 0.45270063
v -0.04498685 -0.06351777 0.46015690
v -0.05156427 -0.08937909 0.44669773
v -0.05270721 -0.09636804 0.44297795
v 0.02796896 -0.07526126 0.45425628
v 0.05003078 -0.08360941 0.44975784
v 0.02260209 -0.07143559 0.45629076
v 0.03344247 -0.13635254 0.42171980
v 0.05605260 -0.12072931 0.42972016
v -0.00606324 -0.14617821 0.41649570
v -0.06047825 -0.10676515 0.43689876
v -0.05954238 -0.11127906 0.43449831
v 0.06222254 -0.09810158 0.44100116
v -0.00553052 -0.15359751 0.41151815
v -0.05625297 -0.12029220 0.42970817
v -0.04250326 -0.07210342 0.45587982
v -0.02032404 -0.14294658 0.41820629
v -0.04852733 -0.12772043 0.42672899
v -0.04735136 -0.12082253 0.42997021
v 0.00527163 -0.14661684 0.41625935
v -0.04673110 -0.13405553 0.42238830
v 0.04012624 -0.13087699 0.42463072
v -0.05277289 -0.10341545 0.43922823
v 0.01657259 -0.06847671 0.45786321
v 0.00242492 -0.15375112 0.41148015
v 0.03851444 -0.03604867 0.42858517
v 0.02221403 -0.14230494 0.41856487
v 0.02460451 -0.12891975 0.42572263
v 0.01178213 -0.15065041 0.41448654
v -0.00374282 -0.06560045 0.45939147
v 0.04834595 -0.04506296 0.42514715
v 0.05295915 -0.05011890 0.42159340
v -0.01600187 -0.06890680 0.45763445
v 0.05899461 -0.08171830 0.44975736
v -0.01925572 -0.05631737 0.46427136
v 0.04775432 -0.12085634 0.42995997
v 0.05223366 -0.10944626 0.43602935
v 0.05041152 -0.11527769 0.43292343
v 0.05320051 -0.10244037 0.43974265
v -0.05182152 -0.10940986 0.43604173
v -0.05000436 -0.11524228 0.43293604
v -0.03973176 -0.13085010 0.42464111
v 0.05199342 -0.08940860 0.44667142
v 0.03043408 -0.03186545 0.43168698
v 0.02592804 -0.13095064 0.37831485
v 0.02969746 -0.12480766 0.42791033
v -0.05516469 -0.05410073 0.41884484
v -0.05430123 -0.05297657 0.42065990
v -0.05732647 -0.05818438 0.41758197
v 0.03926649 -0.10880078 0.43642290
v 0.03863349 -0.09071108 0.44603854
v -0.03776517 -0.08922954 0.44682542
v -0.03823968 -0.03660179 0.42894477
v -0.03495766 -0.08366570 0.44978577
v -0.04692205 -0.04376792 0.42516844
v -0.04421696 -0.04122494 0.42660033
v 0.03251460 -0.07984172 0.45181882
v -0.03996755 -0.10121292 0.44045495
v 0.04867779 -0.12868214 0.42617614
v -0.00412779 -0.13576571 0.42208391
v 0.00701823 -0.06609451 0.45913281
v -0.01375745 -0.13404737 0.42299844
v -0.02564820 -0.12794669 0.42624216
v 0.05309378 -0.09538482 0.44349658
v 0.01878837 -0.13220181 0.42398033
v 0.01242178 -0.13455434 0.42272720
v 0.03391696 -0.11998531 0.43047459
v 0.03713867 -0.11459742 0.43334077
v 0.02327782 -0.13243299 0.37865292
v -0.03111188 -0.07860781 0.45247388
v -0.02634253 -0.07420768 0.45481475
v 0.04002489 -0.09667885 0.44286768
v 0.03191768 -0.12840432 0.37952429
v -0.01666034 -0.13366090 0.37659461
v -0.00536897 -0.13562036 0.37585289
v -0.01312124 -0.13503591 0.37727948
v 0.03610520 -0.08504305 0.44905283
v -0.03945235 -0.09513827 0.44368663
v 0.00569244 -0.13591041 0.42200975
v -0.03053195 -0.12363992 0.42853001
v -0.03745865 -0.11315192 0.43411114
v -0.03929621 -0.10727920 0.43723361
v -0.00196386 -0.02498213 0.43508213
v 0.00800424 -0.02533607 0.43499305
v 0.00343930 -0.02496342 0.43500702
v 0.04023785 -0.10276773 0.43962867
v -0.06104870 -0.09331920 0.39886842
v 0.04655877 -0.11803175 0.38546082
v -0.03450813 -0.11866071 0.43118152
v -0.02000114 -0.13145082 0.42438035
v -0.05727256 -0.10303407 0.39381221
v -0.06180498 -0.08957811 0.40084905
v 0.06048907 -0.06431865 0.41387560
v 0.06120828 -0.06725460 0.41337006
v -0.03807791 -0.12433133 0.38157483
v -0.05555264 -0.10585960 0.39172796
v -0.01749584 -0.02710556 0.43395623
v -0.01910856 -0.13326407 0.37695656
v -0.03513925 -0.12656171 0.38138241
v -0.02768623 -0.13018694 0.37883035
v -0.02293061 -0.13204930 0.37756297
v 0.01029490 -0.13545845 0.37656676
v 0.00059576 -0.13616798 0.37630475
v 0.05519198 -0.10750563 0.39077931
v 0.06301878 -0.07745037 0.40726151
v 0.05798567 -0.05857977 0.41743662
v -0.01344134 -0.02612719 0.43419450
v 0.05989071 -0.08569594 0.40518228
v 0.06241954 -0.08917489 0.40063029
v 0.06276181 -0.08683379 0.40241665
v 0.06269457 -0.07432778 0.40925824
v -0.03222021 -0.12799507 0.38027579
v -0.05070066 -0.11307290 0.38846736
v -0.03087814 -0.12708153 0.38270814
v -0.02492029 -0.13182114 0.37926192
v -0.04131615 -0.12210423 0.38332641
v 0.05924909 -0.09974492 0.39535233
v -0.01018982 -0.13373825 0.37945093
v 0.06014015 -0.07362514 0.41110493
v 0.06299064 -0.08378144 0.40375144
v 0.06292883 -0.08080350 0.40599836
v -0.02684939 -0.12808435 0.38311511
v -0.04545672 -0.11871524 0.38545947
v -0.04749183 -0.11343447 0.39028295
v -0.06239407 -0.07538485 0.40835892
v -0.01548510 -0.13429029 0.37791998
v 0.00528743 -0.13539937 0.37762866
v 0.00471229 -0.13595526 0.37629342
v 0.01765239 -0.02742265 0.43423366
v -0.00936781 -0.02534644 0.43448826
v -0.05867871 -0.06109947 0.41609044
v -0.05250785 -0.11050993 0.39005177
v 0.02119489 -0.13274208 0.37746403
v -0.06111089 -0.08391467 0.40502099
v 0.06180724 -0.09171088 0.39944364
v -0.00920756 -0.13548969 0.37644080
v -0.06265261 -0.08316345 0.40385007
v -0.05624479 -0.09998134 0.39717201
v -0.06216111 -0.08641841 0.40298912
v 0.05001261 -0.11435404 0.38738287
v 0.01189852 -0.02861073 0.43486584
v 0.00716164 -0.13559784 0.37599931
v -0.00216531 -0.13600004 0.37675323
v 0.01287658 -0.02599789 0.43426548
v 0.03001690 -0.12919139 0.37996500
v 0.01586689 -0.13437254 0.37724714
v -0.03120675 -0.03220349 0.43087232
v 0.05918391 -0.06164136 0.41601622
v 0.03431544 -0.12717292 0.38125001
v -0.03326405 -0.03350982 0.43051785
v 0.05573457 -0.06114721 0.41820766
v 0.03566914 -0.03515115 0.43031332
v 0.01527910 -0.13227907 0.38291215
v 0.03270190 -0.03340317 0.43112411
v 0.03733764 -0.12343760 0.38463806
v 0.03814369 -0.12470916 0.38188715
v 0.06006920 -0.09752345 0.39633367
v 0.04118144 -0.12254887 0.38384209
v 0.04254530 -0.12144962 0.38342475
v 0.04435559 -0.12001093 0.38449124
v 0.06098572 -0.09493736 0.39817616
v 0.05291769 -0.11087416 0.38958464
v 0.05627185 -0.10587715 0.39243420
v 0.05068126 -0.11345938 0.38862385
v 0.05685396 -0.09760456 0.39911594
v -0.01090571 -0.02662743 0.43517092
v -0.02055615 -0.02826671 0.43373637
v 0.04836878 -0.11613043 0.38641116
v -0.05268045 -0.05039686 0.42138923
v -0.05080078 -0.04795572 0.42252358
v 0.02013878 -0.13129346 0.38109142
v 0.02517545 -0.12930786 0.38225486
v 0.01823237 -0.13377486 0.37733272
v -0.04952097 -0.05219288 0.42299980
v -0.04654647 -0.05179581 0.42576541
v -0.04545537 -0.04470671 0.42600589
v -0.05947191 -0.07826292 0.40917640
v -0.01762639 -0.02957083 0.43416224
v -0.02336198 -0.02944066 0.43320336
v -0.05412875 -0.10840757 0.39068239
v -0.04850528 -0.04524968 0.42400913
v -0.02655310 -0.03020977 0.43226870
v -0.02902315 -0.03129747 0.43168933
v -0.05538088 -0.06220611 0.41773438
v -0.06184999 -0.07288370 0.41007128
v 0.04380432 -0.04077249 0.42708682
v -0.06000417 -0.09621619 0.39814521
v 0.04533663 -0.04168515 0.42605365
v 0.05770435 -0.10279057 0.39468261
v 0.01128106 -0.13310793 0.38236108
v 0.05009615 -0.11113037 0.39154161
v -0.05589289 -0.05563217 0.41904876
v -0.06061144 -0.06706065 0.41318166
v 0.04587778 -0.11793244 0.38688934
v -0.06135904 -0.07035770 0.41152991
v -0.04173711 -0.04561841 0.42804941
v 0.02248128 -0.02908930 0.43352688
v -0.04050415 -0.03982326 0.42840751
v 0.05451167 -0.05242069 0.42047138
v -0.03900792 -0.12394273 0.38343523
v 0.06051146 -0.09280222 0.40031889
v 0.05805676 -0.06723932 0.41485217
v -0.06253379 -0.07998354 0.40630701
v -0.02004322 -0.13327012 0.37847542
v 0.06184530 -0.07023391 0.41149377
v -0.03027017 -0.03603729 0.43161992
v -0.04885136 -0.11514039 0.38718006
v -0.04089564 -0.03744295 0.42637024
v -0.04620450 -0.04104241 0.42348469
v -0.03703876 -0.03540754 0.42796818
v 0.01930122 -0.03777033 0.44353461
v 0.04328059 -0.05511106 0.44238625
v -0.05977533 -0.06330680 0.41446930
v -0.05500293 -0.10556126 0.39349389
v -0.05309173 -0.10324102 0.39829893
v -0.00612313 -0.02462500 0.43359387
v 0.00067637 -0.02577098 0.43564371
v 0.00491202 -0.02487359 0.43398000
v 0.05057696 -0.05194624 0.42280081
v 0.04074651 -0.03862791 0.42861324
v -0.01653576 -0.02498411 0.43200948
v -0.01060692 -0.02411832 0.43253494
v -0.05981151 -0.05970121 0.41356994
v 0.03430648 -0.12715008 0.37774382
v -0.01773185 -0.13301439 0.37457563
v 0.04019475 -0.12262726 0.38016367
v -0.02243058 -0.13148222 0.37544384
v 0.04438990 -0.05217966 0.43862629
v 0.06279287 -0.07758077 0.40549924
v -0.05738099 -0.10145531 0.39263968
v 0.01504153 -0.03669191 0.44442260
v 0.05781563 -0.05618818 0.41553899
v 0.01636899 -0.02532378 0.43198054
v 0.02322226 -0.02701600 0.43096146
v 0.02255709 -0.13180954 0.37518975
v -0.04874755 -0.06172040 0.43799616
v -0.06033513 -0.06447916 0.41148401
v -0.06184156 -0.06748281 0.40944705
v -0.06297152 -0.07291387 0.40653077
v 0.02626366 -0.03058082 0.43238676
v -0.05750661 -0.05594413 0.41560181
v -0.04914762 -0.04430932 0.42183077
v -0.05248952 -0.04780142 0.41986148
v 0.03620779 -0.04571931 0.43988757
v 0.00977194 -0.02379274 0.43267760
v 0.04285005 -0.03771121 0.42526364
v 0.05205876 -0.04703310 0.42034121
v 0.03557573 -0.03280646 0.42790402
v 0.05604340 -0.05546686 0.41933734
v 0.00130682 -0.02321799 0.43298900
v 0.05595171 -0.05153219 0.41790386
v 0.05071996 -0.04785536 0.42348201
v 0.04975187 -0.05542172 0.42396680
v 0.04543328 -0.04334009 0.42629983
v 0.05985961 -0.06008215 0.41339814
v -0.00313608 -0.02415736 0.43348242
v 0.04648890 -0.04216646 0.42409703
v -0.04350646 -0.05477723 0.44076868
v -0.03155337 -0.04672126 0.44795948
v -0.02919545 -0.04300068 0.44525066
v -0.00388412 -0.03543965 0.44829120
v 0.00316462 -0.03849748 0.45182353
v -0.05230998 -0.06328320 0.43076472
v 0.05229755 -0.06588505 0.43830279
v 0.06360064 -0.07983478 0.40289088
v -0.01765162 -0.14044321 0.39825403
v 0.04402617 -0.11942517 0.38204397
v 0.04610283 -0.11885205 0.38213726
v 0.00723736 -0.03880286 0.45100048
v -0.05114414 -0.06499994 0.43589840
v 0.02572247 -0.04071708 0.44596079
v 0.04643245 -0.05712628 0.43922370
v 0.02518386 -0.04325637 0.45044804
v 0.02792324 -0.04112761 0.44202317
v 0.01687662 -0.04069039 0.45152935
v 0.02090310 -0.04175188 0.45151555
v -0.06001422 -0.09581374 0.39514461
v -0.05925191 -0.09182225 0.42490001
v 0.04936793 -0.06175759 0.43767423
v 0.00612521 -0.13520802 0.37337263
v 0.01410615 -0.03960681 0.44956777
v -0.05812056 -0.08757198 0.42391653
v 0.06293132 -0.07187451 0.40721410
v -0.05321036 -0.11002469 0.38680782
v -0.06218729 -0.09132538 0.39672711
v -0.06232654 -0.08664164 0.39984875
v 0.03269904 -0.04536484 0.44485166
v 0.04916138 -0.11478704 0.38431044
v 0.05354822 -0.06829634 0.43404298
v -0.06231447 -0.07738748 0.40613225
v 0.05617107 -0.10566429 0.38914087
v 0.06236280 -0.09092038 0.39695587
v -0.01329514 -0.13398788 0.37596920
v 0.00134536 -0.13525486 0.37425494
v -0.00427051 -0.13537171 0.37330973
v -0.01163027 -0.13467723 0.37374570
v -0.05975114 -0.09068647 0.41873468
v -0.04759892 -0.11961168 0.40582278
v -0.03513365 -0.04873027 0.44702113
v -0.04476846 -0.12025734 0.39987609
v -0.01263582 -0.14204964 0.39774505
v -0.00863412 -0.14205030 0.39710819
v -0.00911644 -0.14058800 0.39251670
v 0.05871015 -0.08536823 0.42463973
v -0.03834654 -0.04740554 0.44106584
v -0.05686966 -0.07659762 0.43254362
v -0.05662283 -0.07132396 0.42914010
v -0.04014954 -0.12722817 0.40357204
v -0.05813885 -0.09799657 0.41666842
v -0.05676723 -0.10222267 0.41504788
v -0.04169316 -0.12610796 0.40004358
v -0.04681091 -0.05634528 0.43813179
v -0.05950290 -0.08294569 0.42244558
v -0.05752408 -0.08231958 0.42753138
v -0.03087490 -0.12790968 0.37832753
v -0.02489676 -0.04240722 0.44717769
v -0.05786897 -0.07580615 0.42530569
v -0.01347474 -0.03700729 0.44782108
v -0.05440422 -0.10998008 0.40877297
v -0.04153624 -0.05042110 0.44050229
v 0.03775889 -0.13086056 0.40330872
v 0.05925930 -0.09755326 0.41527143
v 0.05225662 -0.06090009 0.42840656
v 0.04955058 -0.05786754 0.43539083
v -0.05526711 -0.10712724 0.41190228
v -0.03490870 -0.13332342 0.40269957
v 0.03518959 -0.13130981 0.39732381
v 0.03082294 -0.13371253 0.39973824
v 0.02301074 -0.13725142 0.39446804
v -0.02317396 -0.13852165 0.39921463
v 0.00897445 -0.14114934 0.39644058
v 0.04177124 -0.12621561 0.39935723
v 0.05497705 -0.07515493 0.45207740
v 0.05606814 -0.07725620 0.45096046
v 0.05553552 -0.07619995 0.45152230
v -0.02874449 -0.13450747 0.39912156
v 0.05970662 -0.08111147 0.42341411
v 0.05867468 -0.09456888 0.41948718
v -0.05704035 -0.10385454 0.41210162
v -0.00037064 -0.14127776 0.39443465
v 0.01688812 -0.13908180 0.39480760
v -0.05006565 -0.11702237 0.40501994
v 0.05029669 -0.11679220 0.40711340
v 0.05564108 -0.10605376 0.41421554
v 0.04792125 -0.11972040 0.40599966
v 0.04638127 -0.12177996 0.40166641
v 0.04552130 -0.06272143 0.45868912
v 0.05731013 -0.07575411 0.43395662
v 0.04638429 -0.06359004 0.45822729
v 0.05366339 -0.11201246 0.40679553
v 0.04722704 -0.06447437 0.45775647
v 0.05579514 -0.06939742 0.43090286
v 0.04661201 -0.05824356 0.44465949
v 0.03105003 -0.13141121 0.39425872
v 0.04884514 -0.06629136 0.45679123
v 0.05794656 -0.09927457 0.41911686
v 0.05798069 -0.08038077 0.42732529
v 0.05914151 -0.09055242 0.42118683
v 0.05760796 -0.10186265 0.41469429
v 0.05378483 -0.07309747 0.45317186
v 0.05439274 -0.07412002 0.45262800
v 0.04463697 -0.06186856 0.45914196
v 0.05037447 -0.06816790 0.45579340
v 0.04634614 -0.05089141 0.42633343
v 0.05189836 -0.05900981 0.42308565
v 0.05642776 -0.10651186 0.40979073
v 0.04644709 -0.05072131 0.43107143
v 0.04544403 -0.05384716 0.43447313
v 0.04383127 -0.05893913 0.44777390
v 0.05555020 -0.07098605 0.43706285
v 0.05350258 -0.06165252 0.42080354
v 0.04495286 -0.06390253 0.45404572
v 0.03240060 -0.03982476 0.43658671
v 0.04220583 -0.06026499 0.45482930
v 0.03142814 -0.05247237 0.46413895
v 0.02915269 -0.05132959 0.46474574
v 0.04750123 -0.06680098 0.45248766
v 0.03524056 -0.04151243 0.43578930
v 0.03064730 -0.04235438 0.44363558
v 0.05043203 -0.06703061 0.44378555
v 0.04999649 -0.06541711 0.44821822
v 0.04186148 -0.05941670 0.46044655
v 0.03580261 -0.05501076 0.46278942
v 0.05272395 -0.07305839 0.44786455
v 0.04999581 -0.05656271 0.42994112
v 0.03956576 -0.04800464 0.44094621
v 0.03473287 -0.05434442 0.46314338
v 0.05386036 -0.07251857 0.44233835
v 0.05249260 -0.07108721 0.45424160
v 0.05315107 -0.07208616 0.45371010
v 0.03283714 -0.04343216 0.43910934
v 0.03145641 -0.04620713 0.45011046
v 0.03180296 -0.03892293 0.43236940
v 0.03685662 -0.05569620 0.46242422
v 0.05335090 -0.06341513 0.43264345
v 0.04962160 -0.06722176 0.45629568
v 0.03029772 -0.05189031 0.46444797
v 0.03683656 -0.04970272 0.44453915
v 0.03347130 -0.04935563 0.45124590
v 0.03987587 -0.04402855 0.42926520
v 0.04129064 -0.05304303 0.44541910
v 0.02889142 -0.04873763 0.45806189
v 0.05002539 -0.06239380 0.44255417
v 0.04373128 -0.06103367 0.45958581
v 0.04346228 -0.04795671 0.42780269
v 0.04025211 -0.05526210 0.44931078
v 0.04133070 -0.05634478 0.45314147
v 0.04280650 -0.06021676 0.46002068
v 0.01196829 -0.04588200 0.46764258
v 0.02139870 -0.03531180 0.44009282
v 0.02521153 -0.05044485 0.46259443
v 0.04205475 -0.05021828 0.43555067
v 0.01068168 -0.04567187 0.46775495
v 0.03786941 -0.05759854 0.45742776
v 0.00855760 -0.04241609 0.45852070
v 0.04793759 -0.06366170 0.45063881
v 0.01527593 -0.03283850 0.43607368
v 0.04673826 -0.06176328 0.44894685
v 0.02323765 -0.04886087 0.46605820
v 0.03551344 -0.04056113 0.43081083
v 0.01012191 -0.03220952 0.43998508
v 0.02563895 -0.04978116 0.46556940
v 0.03865326 -0.04387681 0.43412455
v 0.01831033 -0.04729896 0.46688859
v 0.04745526 -0.05576497 0.43247271
v 0.01187501 -0.03948714 0.45328696
v 0.05141544 -0.06801926 0.44812647
v 0.05181053 -0.07010063 0.45476524
v 0.05110373 -0.06912752 0.45528325
v 0.05006441 -0.07021419 0.45069291
v 0.01452578 -0.04637642 0.46737964
v 0.02444448 -0.04931034 0.46581998
v 0.02847437 -0.03778821 0.43797672
v 0.01325041 -0.04611685 0.46751785
v 0.01338617 -0.04318165 0.45936609
v 0.02799418 -0.05079135 0.46503228
v 0.01821462 -0.03364650 0.43568374
v 0.02682331 -0.05027558 0.46530645
v 0.02813228 -0.04467870 0.44834722
v 0.01955648 -0.04765517 0.46669982
v -0.00366319 -0.04498418 0.46812014
v -0.00496890 -0.04507071 0.46807407
v -0.02095616 -0.04544730 0.45572534
v 0.05260163 -0.06927514 0.44602064
v -0.01161239 -0.03602460 0.44387413
v -0.01016029 -0.04566401 0.46775832
v -0.01625138 -0.03695722 0.44513034
v -0.00208243 -0.04536872 0.46361256
v 0.03486063 -0.05214427 0.45645605
v 0.02972682 -0.05218524 0.45968146
v 0.03278725 -0.05422987 0.45919858
v 0.03364628 -0.05369943 0.46348610
v 0.02246241 -0.03873291 0.44447749
v 0.02646117 -0.04740108 0.45456933
v 0.00778909 -0.03134106 0.43665249
v -0.00757134 -0.04531792 0.46794260
v -0.00627237 -0.04518195 0.46801452
v 0.02469635 -0.03931278 0.44121524
v 0.00153947 -0.03494230 0.44582523
v -0.00069151 -0.03849988 0.45300048
v 0.01452158 -0.04702808 0.46302068
v -0.00235635 -0.04492238 0.46815273
v 0.00938945 -0.04548534 0.46785383
v -0.00104839 -0.04488530 0.46817296
v 0.01767297 -0.04421051 0.45608228
v -0.00438435 -0.03217766 0.44188264
v -0.00700422 -0.04585803 0.46366787
v -0.00187340 -0.04197249 0.45813484
v 0.01579554 -0.04666071 0.46722907
v -0.00508271 -0.03518345 0.44445615
v 0.04804733 -0.06537556 0.45727778
v 0.04089737 -0.05863462 0.46086231
v 0.01705630 -0.04696748 0.46706501
v 0.00046708 -0.04243653 0.46161302
v 0.00026069 -0.04487406 0.46817857
v 0.00809385 -0.04532353 0.46793923
v 0.00105364 -0.03122522 0.43714074
v 0.00156978 -0.04488642 0.46817183
v -0.02170322 -0.04635861 0.45981757
v -0.02630642 -0.05025536 0.46531769
v 0.02090909 -0.03413593 0.43501562
v 0.01545341 -0.03333800 0.44056218
v 0.03789378 -0.05640187 0.46204891
v 0.04162859 -0.04957755 0.43963417
v 0.03704396 -0.05246058 0.45031574
v -0.01220227 -0.03250026 0.43665442
v -0.02150157 -0.04841927 0.46629417
v -0.02271964 -0.04884402 0.46606831
v -0.01735958 -0.04082556 0.45075442
v -0.02577580 -0.04761962 0.45871460
v -0.02066269 -0.03835458 0.44383704
v -0.02392647 -0.04929124 0.46583009
v 0.04115575 -0.04694904 0.43479424
v -0.02747729 -0.05077000 0.46504351
v -0.03261782 -0.03988816 0.43215074
v -0.02239742 -0.03556643 0.43950483
v -0.02086415 -0.04194656 0.44914983
v 0.02079365 -0.04803385 0.46649868
v -0.02462054 -0.04644177 0.45417635
v 0.02202071 -0.04843612 0.46628518
v -0.01903735 -0.04764056 0.46670768
v -0.02454183 -0.03978346 0.44165670
v -0.02231643 -0.04264713 0.45277496
v -0.02346789 -0.03484396 0.43358469
v -0.01994962 -0.04865491 0.46218359
v -0.02027451 -0.04801811 0.46650654
v -0.01686946 -0.04390296 0.45570816
v 0.03254507 -0.05307579 0.46381758
v -0.01792673 -0.03451629 0.44060180
v -0.01813469 -0.03410367 0.43640820
v -0.00886806 -0.04547860 0.46785720
v -0.01779119 -0.04728548 0.46689646
v -0.01653716 -0.04695511 0.46707175
v -0.00941312 -0.03567684 0.44565591
v -0.01579059 -0.04041563 0.45300400
v -0.03643309 -0.05690039 0.45774835
v -0.03811711 -0.05105701 0.44560921
v -0.04229972 -0.06018417 0.46003865
v 0.02488913 -0.04739101 0.45921294
v 0.02662567 -0.03690659 0.43448752
v 0.01928853 -0.04526763 0.46019863
v 0.01888085 -0.04813910 0.46238067
v -0.03421935 -0.05431857 0.46315686
v -0.03313276 -0.05367471 0.46349958
v -0.03836573 -0.04402907 0.43023744
v -0.03279325 -0.05448012 0.45898828
v -0.01123897 -0.03251050 0.44071984
v -0.04451874 -0.05973352 0.45132709
v 0.02256782 -0.04524789 0.45458286
v 0.00875650 -0.04601918 0.46363180
v -0.04987265 -0.05905079 0.43557261
v -0.04322563 -0.06100108 0.45960379
v -0.00507108 -0.03974310 0.45536470
v -0.03968553 -0.05944316 0.45645147
v -0.04055973 -0.05651657 0.45400141
v -0.03987403 -0.05437782 0.44879810
v -0.03891339 -0.04781746 0.43665145
v 0.00533093 -0.03173312 0.44092070
v -0.04183749 -0.06087756 0.45496510
v -0.03529022 -0.05498379 0.46280290
v 0.00287886 -0.04492463 0.46815161
v -0.03680774 -0.04291100 0.43549866
v 0.02226148 -0.04568847 0.45871762
v -0.03840280 -0.05709743 0.46167922
v -0.03738251 -0.05637378 0.46206465
v -0.03940513 -0.05784130 0.46128369
v -0.02819723 -0.03816986 0.43848280
v -0.00403593 -0.03008454 0.43572614
v 0.00679375 -0.04518645 0.46801227
v -0.03578733 -0.04161112 0.43014513
v -0.03581210 -0.05276644 0.45324521
v 0.03991415 -0.05787164 0.46126796
v 0.00549029 -0.04507408 0.46807183
v 0.03891295 -0.05712664 0.46166349
v -0.04038834 -0.05860428 0.46087804
v -0.03634535 -0.05566811 0.46243883
v -0.03521486 -0.03577324 0.43013126
v -0.03473916 -0.04496469 0.44164561
v -0.02512206 -0.04976206 0.46557951
v -0.05131274 -0.07006130 0.45478659
v -0.03273033 -0.05103366 0.45688630
v -0.05265553 -0.07204571 0.45373145
v 0.00418570 -0.04498756 0.46811902
v -0.05047078 -0.05680783 0.42241984
v 0.00955827 -0.03559659 0.44623304
v 0.00293259 -0.03285101 0.44243760
v -0.03284389 -0.04238027 0.43826854
v 0.00209662 -0.04546362 0.46382140
v -0.01402172 -0.04698820 0.46302250
v -0.05644781 -0.07766676 0.44185377
v 0.00424668 -0.03031277 0.43602557
v -0.05140149 -0.06450701 0.44031710
v -0.05060594 -0.06908819 0.45530348
v -0.03154359 -0.04972571 0.45234770
v -0.05389944 -0.07407957 0.45264935
v -0.02978195 -0.05186783 0.46446033
v -0.05448375 -0.07511335 0.45209987
v 0.00372133 -0.04201588 0.45890213
v -0.05172561 -0.06850369 0.44172154
v -0.04756753 -0.05279137 0.43062364
v -0.01144803 -0.04587301 0.46764708
v -0.01272902 -0.04610786 0.46752235
v -0.04723760 -0.06338142 0.44593551
v -0.05064468 -0.05769148 0.42892987
v -0.04864821 -0.06083703 0.44216813
v -0.04744034 -0.06553583 0.45140417
v -0.04912157 -0.06718468 0.45631591
v -0.05199593 -0.07104676 0.45426183
v -0.05122536 -0.06775035 0.44711004
v -0.02887843 -0.04182691 0.44090691
v -0.04645807 -0.05827882 0.44371505
v -0.00821304 -0.03084674 0.43573678
v -0.04987555 -0.06812969 0.45581363
v -0.04413131 -0.06183485 0.45915994
v -0.04462520 -0.04881183 0.42587082
v -0.00729973 -0.04235129 0.45903716
v -0.04135358 -0.05938524 0.46046340
v -0.04834398 -0.06625428 0.45681033
v -0.00820598 -0.03909102 0.45152499
v -0.01485300 -0.03373321 0.44103166
v -0.04726200 -0.05639412 0.43253227
v -0.01400552 -0.04636631 0.46738526
v -0.01527415 -0.04664835 0.46723469
v -0.05969874 -0.08936495 0.44452179
v -0.04989344 -0.07053585 0.45032299
v -0.05889981 -0.08597145 0.44632754
v -0.01250702 -0.03970786 0.45042936
v -0.05543980 -0.08149670 0.44447971
v -0.01093978 -0.04345508 0.46113834
v -0.01615130 -0.04437563 0.46048066
v -0.05857844 -0.08485002 0.44692309
v -0.06009203 -0.09165051 0.44330710
v -0.06024710 -0.09279779 0.44269694
v -0.05827004 -0.07302325 0.41887451
v -0.05914834 -0.08756281 0.43665851
v -0.02417071 -0.05019008 0.46133737
v -0.05682983 -0.08640876 0.44205649
v -0.01247484 -0.04198158 0.45555983
v -0.05702327 -0.08043734 0.44926933
v -0.05690816 -0.07940143 0.42920719
v -0.05745251 -0.08152955 0.44868839
v -0.05919309 -0.08709737 0.44572862
v -0.05945940 -0.08822892 0.44512633
v -0.05775551 -0.08294245 0.43354867
v -0.05620610 -0.06725921 0.41652312
v -0.03203043 -0.05305107 0.46383107
v -0.05590968 -0.07202074 0.42389103
v -0.05830070 -0.08438840 0.43937550
v -0.05663510 -0.06772332 0.42189794
v -0.05470358 -0.06696712 0.42548948
v -0.05785479 -0.08262851 0.44810408
v -0.05823010 -0.08373645 0.44751527
v -0.05717927 -0.07178308 0.41463100
v -0.05328929 -0.07305702 0.45319321
v -0.05579405 -0.07874859 0.43730991
v -0.05774786 -0.08202446 0.44046127
v -0.05344360 -0.07195283 0.44381247
v -0.05653778 -0.09907832 0.41047064
v -0.03091349 -0.05244877 0.46415131
v -0.02861676 -0.05218353 0.46026280
v -0.02863692 -0.05130824 0.46475810
v -0.05366942 -0.06766975 0.43310605
v -0.05794695 -0.10245518 0.42275449
v -0.04445955 -0.06376957 0.45389330
v -0.06047633 -0.10203105 0.43778759
v -0.02905496 -0.04910932 0.45795393
v -0.05556449 -0.07198595 0.43676101
v -0.05764679 -0.10303316 0.43321804
v -0.05343424 -0.05842766 0.41992548
v -0.02817841 -0.04638533 0.45244315
v -0.05820120 -0.09477902 0.42161998
v -0.05771856 -0.09130224 0.43945694
v -0.05772399 -0.08892048 0.40700233
v -0.05923766 -0.09832093 0.42263977
v -0.06060218 -0.09856563 0.43963042
v -0.06058869 -0.09972189 0.43901577
v -0.05961369 -0.08684026 0.41170072
v -0.05970773 -0.10776742 0.43473793
v -0.05732326 -0.10596695 0.43089459
v -0.05413356 -0.07431675 0.43954247
v -0.05803071 -0.09683303 0.42759682
v -0.05946951 -0.10890458 0.43413339
v -0.05949948 -0.09196945 0.43532939
v -0.02576304 -0.03656295 0.43422269
v -0.05913739 -0.08473752 0.41527627
v -0.04672364 -0.06443841 0.45777557
v -0.05929097 -0.10136662 0.43010632
v -0.06037857 -0.10318394 0.43717519
v -0.06054712 -0.10087703 0.43840112
v -0.06025272 -0.10433459 0.43656278
v -0.05800789 -0.09016222 0.41406962
v -0.05990887 -0.09050661 0.44391613
v -0.04588088 -0.06355408 0.45824639
v -0.05815723 -0.08339766 0.40914077
v -0.04754505 -0.06533848 0.45729688
v -0.04229701 -0.04715706 0.43280822
v -0.05640680 -0.09497540 0.40311370
v -0.05812716 -0.08998392 0.43217035
v -0.05610522 -0.11885700 0.42884087
v -0.04147231 -0.04993341 0.43537009
v -0.05876813 -0.09118440 0.40218114
v -0.05789368 -0.08715847 0.43240035
v -0.05746922 -0.07838919 0.42146724
v -0.05849413 -0.09127845 0.42969561
v -0.04344226 -0.05713862 0.44682385
v -0.05331513 -0.12408097 0.42606314
v -0.05202290 -0.12609123 0.42499452
v -0.05392304 -0.12305843 0.42660700
v -0.05433631 -0.10664421 0.40216102
v -0.05171958 -0.10606715 0.39704485
v -0.05559844 -0.11992224 0.42827454
v -0.05283068 -0.11995700 0.42026784
v -0.05450735 -0.12202352 0.42715760
v -0.05268138 -0.12509228 0.42552602
v -0.05280981 -0.11631759 0.41409072
v -0.05288791 -0.11469825 0.41843175
v -0.05792917 -0.08144170 0.41895457
v -0.05204117 -0.10976915 0.40478517
v -0.04383008 -0.05232429 0.43432988
v -0.05787052 -0.11450499 0.43115565
v -0.05746824 -0.11560507 0.43057021
v -0.05333877 -0.06105021 0.42631628
v -0.05419887 -0.11531706 0.42668865
v -0.05374841 -0.10658103 0.40659200
v -0.05255402 -0.11874889 0.42487395
v -0.05506582 -0.12097850 0.42771382
v -0.05608499 -0.07827875 0.45041660
v -0.05656705 -0.07935411 0.44984578
v -0.05226488 -0.11272523 0.41145998
v -0.05604268 -0.11098623 0.42283547
v -0.05991674 -0.10662689 0.43534472
v -0.05418376 -0.07131575 0.43342522
v -0.06009877 -0.10548186 0.43595263
v -0.05533510 -0.11164546 0.41629856
v -0.05690462 -0.10717112 0.41910537
v -0.04326159 -0.13614477 0.41964919
v -0.05372360 -0.07748827 0.44684604
v -0.05472367 -0.06350989 0.42387243
v -0.05256517 -0.07461097 0.44768195
v -0.05824470 -0.11339817 0.43174445
v -0.05859192 -0.11228348 0.43233663
v -0.04282804 -0.12803162 0.40646953
v -0.04233680 -0.13696169 0.41921432
v -0.05810363 -0.09613753 0.40830993
v -0.05825520 -0.09281487 0.41145762
v -0.04319225 -0.13173347 0.41413246
v -0.04591459 -0.13358841 0.42100771
v -0.05087101 -0.12317828 0.42389428
v -0.05803358 -0.09824490 0.43578534
v -0.05579421 -0.10274198 0.40566957
v -0.04042767 -0.13854383 0.41837381
v -0.04139179 -0.13776175 0.41878957
v -0.04122409 -0.13077353 0.41129453
v -0.04481701 -0.12636336 0.40997546
v -0.04096893 -0.13337597 0.41714295
v -0.04410990 -0.12052495 0.39468038
v -0.04505160 -0.13445701 0.42054588
v -0.04416727 -0.13530988 0.42009304
v -0.04542068 -0.12960874 0.41520420
v -0.05556084 -0.09774340 0.40163428
v -0.04837657 -0.13088709 0.42244490
v -0.05808949 -0.09490769 0.43787817
v -0.04016768 -0.13069239 0.40744434
v -0.04757763 -0.13180288 0.42195722
v -0.06047296 -0.09510133 0.44147213
v -0.04222239 -0.12072510 0.38480807
v -0.04063101 -0.12332618 0.39724956
v -0.04089600 -0.11921072 0.39007493
v -0.04595541 -0.12269192 0.40723571
v -0.04665387 -0.11692688 0.39984730
v -0.05909661 -0.08595198 0.42845383
v -0.06037407 -0.09394843 0.44208566
v -0.04347080 -0.11682432 0.39130797
v -0.04501677 -0.06268660 0.45870710
v -0.05842942 -0.07723752 0.41484165
v -0.06058757 -0.09741049 0.44024507
v -0.05081103 -0.11844793 0.41106447
v -0.05968698 -0.09644533 0.43277037
v -0.02516925 -0.14739728 0.41366560
v -0.02286799 -0.14433346 0.41152697
v -0.04844440 -0.11510374 0.39909122
v -0.02635361 -0.14690286 0.41392855
v -0.05037375 -0.11230523 0.40178468
v -0.02868299 -0.14584885 0.41448926
v -0.05234825 -0.11370909 0.40673239
v -0.05619485 -0.10985457 0.42927642
v -0.02276795 -0.14831757 0.41317681
v -0.02752448 -0.14638710 0.41420272
v -0.02542805 -0.14301303 0.41153824
v -0.02400422 -0.14013193 0.40439317
v -0.04753564 -0.12472559 0.41481087
v -0.03095844 -0.14470607 0.41509717
v -0.04823427 -0.11129138 0.39436295
v -0.02982802 -0.14528814 0.41478704
v -0.02661535 -0.13214086 0.38855678
v -0.02936484 -0.13237222 0.39421220
v -0.03151315 -0.12844259 0.38860213
v -0.03533292 -0.14216769 0.41644671
v -0.05658616 -0.11778164 0.42941282
v -0.03416417 -0.13086299 0.39627588
v -0.02431754 -0.13022675 0.38084930
v -0.02857286 -0.14115882 0.40790319
v -0.05487876 -0.11604744 0.42264289
v -0.05538269 -0.11240565 0.42761904
v -0.02824589 -0.13831088 0.40400066
v -0.03426318 -0.14283403 0.41609275
v -0.05704012 -0.11669729 0.42998927
v -0.05920432 -0.11003613 0.43353110
v -0.05716558 -0.09983645 0.40588555
v -0.03350252 -0.13805427 0.40907143
v -0.05655228 -0.10606073 0.42364091
v -0.05504335 -0.07615837 0.45154478
v -0.05557709 -0.07721350 0.45098294
v -0.03178027 -0.13654090 0.40378320
v -0.03692447 -0.13014061 0.40265121
v -0.04531026 -0.12905041 0.41940838
v 0.00375388 -0.13408304 0.38216440
v -0.04992668 -0.12402849 0.41853062
v -0.00502059 -0.15210437 0.41116317
v -0.00859940 -0.14726653 0.40485996
v -0.00494039 -0.14812475 0.40905317
v -0.04755068 -0.12629885 0.42050881
v -0.00632406 -0.15199200 0.41122273
v -0.03767602 -0.12877288 0.39770646
v -0.00762415 -0.15185491 0.41129577
v -0.00891975 -0.15169310 0.41138229
v -0.01104908 -0.14736963 0.40951374
v -0.01149859 -0.15129644 0.41159242
v -0.01021198 -0.15150657 0.41148118
v -0.00427087 -0.14162747 0.39630763
v -0.01278071 -0.15106159 0.41171827
v -0.00591734 -0.13366705 0.38170544
v -0.01114073 -0.13678556 0.38630370
v -0.01433983 -0.13252479 0.38304766
v -0.04675735 -0.13270407 0.42147853
v -0.01036641 -0.13381924 0.38344936
v -0.00695066 -0.14434711 0.40063886
v -0.01473428 -0.14298924 0.40196269
v -0.05134083 -0.12707782 0.42446976
v -0.05063404 -0.12805093 0.42395287
v -0.05218534 -0.11007368 0.39931680
v -0.02397478 -0.14786810 0.41341502
v -0.04915190 -0.12995668 0.42293932
v -0.06054487 -0.09625534 0.44085860
v -0.04976065 -0.10931459 0.39507249
v -0.03514294 -0.12369516 0.38656083
v -0.03029960 -0.14070208 0.41297441
v -0.01484316 -0.13818973 0.39158304
v -0.02155101 -0.14874232 0.41295095
v -0.02407214 -0.13489788 0.39283448
v 0.01574385 -0.15053009 0.41200031
v -0.01912944 -0.13749374 0.39284210
v -0.03869593 -0.12330694 0.39091510
v 0.01447521 -0.15081214 0.41184974
v -0.05021049 -0.11957518 0.41624342
v 0.01319872 -0.15107058 0.41171265
v -0.03615810 -0.13715748 0.41512743
v -0.02077842 -0.13438085 0.38751142
v 0.01191772 -0.15130543 0.41158792
v 0.01270613 -0.14833179 0.41064373
v 0.01182432 -0.13674164 0.38636968
v 0.01062999 -0.15151444 0.41147668
v 0.00886657 -0.13697779 0.38533682
v 0.00731678 -0.13372758 0.38227315
v 0.00933776 -0.15169984 0.41137780
v 0.00674094 -0.15199649 0.41122048
v 0.00804104 -0.15186053 0.41129240
v -0.03317658 -0.14347902 0.41575003
v 0.00571099 -0.14803941 0.40627193
v 0.00413289 -0.15219426 0.41111486
v 0.00623267 -0.13951802 0.39075095
v 0.01120952 -0.13933473 0.39138625
v 0.01095729 -0.14703544 0.40502177
v 0.00368162 -0.14158017 0.39616824
v 0.00258849 -0.13777105 0.38658211
v -0.03949254 -0.13494131 0.41236646
v -0.03207538 -0.14410266 0.41541742
v -0.03844326 -0.14005180 0.41757151
v -0.03944445 -0.13930680 0.41796817
v -0.03542633 -0.12733318 0.39286203
v 0.01072643 -0.14396089 0.40080600
v -0.03632128 -0.13482895 0.40922933
v -0.03638693 -0.14148224 0.41681078
v -0.05891217 -0.11116317 0.43293218
v -0.05836095 -0.10634874 0.42746858
v -0.03742408 -0.14077657 0.41718609
v 0.03025165 -0.14531174 0.41477467
v 0.00476843 -0.14448798 0.40062816
v -0.01521043 -0.14676955 0.41030831
v -0.00240916 -0.15225382 0.41108339
v -0.00371600 -0.15219201 0.41111710
v 0.02910662 -0.14587020 0.41447802
v 0.03982205 -0.13104498 0.40909699
v 0.03051689 -0.13707437 0.40184677
v 0.00118264 -0.14823017 0.40563590
v 0.00020900 -0.15230438 0.41105643
v -0.00279069 -0.13937388 0.39042980
v -0.02238753 -0.13088222 0.38531907
v -0.00110008 -0.15229202 0.41106317
v 0.02677611 -0.14692309 0.41391843
v 0.02720927 -0.14251714 0.41211208
v 0.02794698 -0.14640845 0.41419149
v 0.03909577 -0.12477982 0.39493963
v 0.03031730 -0.12679992 0.38530392
v 0.00282605 -0.15225606 0.41108227
v 0.00205313 -0.14927127 0.40990349
v 0.00151809 -0.15229315 0.41106317
v 0.04287089 -0.12181767 0.39567556
v 0.02661868 -0.13694180 0.39968476
v 0.00853647 -0.14787905 0.40941565
v 0.00543860 -0.15210774 0.41116093
v 0.02559176 -0.14741638 0.41365549
v 0.02507275 -0.14342909 0.40759693
v 0.02260403 -0.14431052 0.41072059
v 0.01356892 -0.13443928 0.37738802
v 0.04168180 -0.12841003 0.40519942
v 0.03987482 -0.13933714 0.41795131
v 0.03257906 -0.13974911 0.41373851
v 0.02743528 -0.13882882 0.40505025
v 0.02953300 -0.13923457 0.40699566
v 0.04109817 -0.13396558 0.41292645
v 0.04276829 -0.13699427 0.41919747
v 0.04182328 -0.13779433 0.41877272
v -0.01950411 -0.14536923 0.41074828
v 0.04338525 -0.12952706 0.41217651
v 0.01517323 -0.14431577 0.40419438
v 0.04460101 -0.13534359 0.42007506
v -0.01513329 -0.14642766 0.40626551
v -0.01405608 -0.15080202 0.41185536
v -0.01942378 -0.13097436 0.38345284
v 0.02100976 -0.13920261 0.39852722
v 0.02380310 -0.14029536 0.40312648
v 0.01957185 -0.14217067 0.40418804
v -0.02185722 -0.14452114 0.40727336
v -0.01658773 -0.15021097 0.41216999
v -0.00082967 -0.13434083 0.38268060
v 0.04369533 -0.13617736 0.41963121
v 0.01950704 -0.14953901 0.41252732
v 0.04230883 -0.13241037 0.41704427
v 0.04635058 -0.13362437 0.42098974
v -0.01532584 -0.15051773 0.41200706
v 0.04548647 -0.13449184 0.42052790
v -0.01908679 -0.14952328 0.41253519
v -0.01604972 -0.13576486 0.38692232
v -0.01878562 -0.14221691 0.40407477
v 0.05291057 -0.11584775 0.41831136
v -0.01784175 -0.14987949 0.41234641
v 0.04480807 -0.13012317 0.41883131
v 0.05093419 -0.11905977 0.41639870
v -0.04990477 -0.12901055 0.42344272
v 0.04801474 -0.13183997 0.42193812
v -0.02032396 -0.14914460 0.41273632
v 0.04719333 -0.13274003 0.42145943
v 0.02663069 -0.13354031 0.39306166
v -0.00269609 -0.14779483 0.40458176
v -0.00938097 -0.13735035 0.38975366
v 0.02899164 -0.13124555 0.38897242
v -0.00511264 -0.13725064 0.38504573
v -0.00161052 -0.14474408 0.39992029
v 0.00091186 -0.14533147 0.40283310
v 0.03335247 -0.12819239 0.38926014
v 0.03204924 -0.14010063 0.40958690
v 0.03250013 -0.14412738 0.41540506
v 0.03138319 -0.14472967 0.41508481
v 0.00197233 -0.14076911 0.39131839
v 0.06084377 -0.10323001 0.43715047
v 0.06056173 -0.10552793 0.43592790
v 0.06071679 -0.10438066 0.43653806
v 0.06094265 -0.10207712 0.43776287
v 0.03575992 -0.14219465 0.41643210
v 0.03681505 -0.14151034 0.41679617
v 0.05885248 -0.10627142 0.42760326
v 0.03590989 -0.13750811 0.41438114
v 0.04362606 -0.11698646 0.39140039
v 0.05992910 -0.10894953 0.43410867
v 0.05858316 -0.09806238 0.43603115
v 0.05836311 -0.10083153 0.43439847
v 0.05804549 -0.10431966 0.43296669
v 0.03911185 -0.13528022 0.41607596
v 0.04473485 -0.12460773 0.40632691
v 0.04799436 -0.12372265 0.40995091
v 0.04719346 -0.12643321 0.41460291
v 0.05390339 -0.10680744 0.40595608
v 0.06105727 -0.09976796 0.43899105
v 0.04933147 -0.11453267 0.40201801
v 0.04577654 -0.11845761 0.39900539
v 0.05655469 -0.11889969 0.42881840
v 0.04625259 -0.11839920 0.39501381
v 0.05448161 -0.11784622 0.42125683
v 0.05703675 -0.11782546 0.42939035
v 0.05405120 -0.10457180 0.39978083
v 0.05446955 -0.11249896 0.41390968
v 0.05496272 -0.11466354 0.42640502
v 0.04881368 -0.13092417 0.42242467
v 0.04959126 -0.12999376 0.42291909
v 0.05914985 -0.08762687 0.43058363
v 0.01611575 -0.13583634 0.38812090
v 0.01826088 -0.14989297 0.41233967
v 0.01700686 -0.15022333 0.41216325
v 0.05199918 -0.11559500 0.41126528
v 0.01773257 -0.14603564 0.41038741
v 0.01673074 -0.14265010 0.39985444
v 0.02074421 -0.14916033 0.41272846
v 0.02018490 -0.13468819 0.39055748
v 0.05495345 -0.12206509 0.42713513
v 0.05307814 -0.11865541 0.42475944
v 0.05436914 -0.12309888 0.42658565
v 0.02311629 -0.13334991 0.38700192
v 0.05746517 -0.09745528 0.41144055
v 0.05375898 -0.12412255 0.42604179
v 0.05478416 -0.11215189 0.41865505
v 0.03369157 -0.13568867 0.40350830
v 0.02374751 -0.13342224 0.39101975
v 0.02318933 -0.14833443 0.41316782
v 0.03625747 -0.12695576 0.39254122
v 0.05811559 -0.09372948 0.40575408
v 0.05936127 -0.09497554 0.42681384
v 0.02197127 -0.14875918 0.41294196
v 0.05926705 -0.09866170 0.42411575
v 0.01850448 -0.14569677 0.40681950
v 0.06014695 -0.09712286 0.43239006
v 0.05819150 -0.09274684 0.41294958
v 0.03927564 -0.12126019 0.38986553
v 0.02439616 -0.14788721 0.41340604
v 0.03441493 -0.13199046 0.40142594
v 0.03257323 -0.13661985 0.40732500
v 0.03644189 -0.13369084 0.40792685
v 0.06101457 -0.10092310 0.43837640
v 0.05976010 -0.10155390 0.42938889
v 0.04085804 -0.13857529 0.41835696
v 0.05784470 -0.10197154 0.42547134
v 0.03887250 -0.14008102 0.41755690
v 0.03507486 -0.12424291 0.38818138
v 0.03681677 -0.13722194 0.41101225
v 0.06016732 -0.10781349 0.43471321
v 0.06037857 -0.10667296 0.43532000
v 0.05794713 -0.10456262 0.43184242
v 0.05953497 -0.09180929 0.40903016
v 0.03468905 -0.14285987 0.41607814
v 0.03360245 -0.14350374 0.41573654
v 0.03785220 -0.14080579 0.41717148
v 0.04154685 -0.05952907 0.45994314
v 0.05699628 -0.09508861 0.40255497
v 0.04517858 -0.06280796 0.45819919
v 0.04430099 -0.06196295 0.45864867
v 0.03961413 -0.05799525 0.46075781
v 0.03230124 -0.05323535 0.46328945
v 0.03760836 -0.05653671 0.46153427
v 0.03658020 -0.05583666 0.46190621
v 0.03006961 -0.05205886 0.46391422
v 0.05700058 -0.10018889 0.40739924
v 0.05750279 -0.11067186 0.42438099
v 0.05645685 -0.10811356 0.42056769
v 0.05615510 -0.10377065 0.40365869
v 0.03862080 -0.05725699 0.46115110
v 0.02893357 -0.05150264 0.46420975
v 0.05843315 -0.09402479 0.43805034
v 0.02778405 -0.05096889 0.46449404
v 0.03553406 -0.05515571 0.46226803
v 0.03447218 -0.05449499 0.46261974
v 0.03339345 -0.05385562 0.46296022
v 0.05666454 -0.07985733 0.43770323
v 0.05966278 -0.11008107 0.43350750
v 0.05855170 -0.10385741 0.41957808
v 0.02063746 -0.04823161 0.46594920
v 0.02426132 -0.04949800 0.46527612
v 0.05486582 -0.10074786 0.39996503
v 0.01692933 -0.04717423 0.46651216
v 0.01315152 -0.04633035 0.46696051
v 0.05904813 -0.11232843 0.43231303
v 0.05641084 -0.11076139 0.42912129
v 0.05936950 -0.11120812 0.43290858
v 0.03119217 -0.05263643 0.46360745
v 0.05832448 -0.11454994 0.43113205
v 0.02544680 -0.04996657 0.46502778
v 0.02185553 -0.04863052 0.46573682
v 0.01567755 -0.04686859 0.46667397
v 0.02662217 -0.05045649 0.46476709
v 0.05749296 -0.11674111 0.42996567
v 0.01060302 -0.04588762 0.46719648
v 0.05742875 -0.06855027 0.42154286
v 0.02306348 -0.04905302 0.46551321
v 0.04860805 -0.12246639 0.41475623
v 0.05115863 -0.12317722 0.41837742
v 0.00932091 -0.04570221 0.46729424
v 0.05869979 -0.11344199 0.43171973
v 0.05742765 -0.07561394 0.42872243
v 0.05906162 -0.08489496 0.44689949
v 0.01441791 -0.04658767 0.46682342
v 0.05906726 -0.08110140 0.43215294
v 0.01941041 -0.04785630 0.46614921
v 0.01187952 -0.04609663 0.46708524
v 0.00803429 -0.04554265 0.46737964
v 0.01817436 -0.04750347 0.46633687
v 0.05053769 -0.12019572 0.41088510
v 0.05792221 -0.11564890 0.43054661
v -0.01641019 -0.04716187 0.46651890
v -0.02726828 -0.05094754 0.46450527
v -0.00492957 -0.04529095 0.46751336
v 0.05935590 -0.08641354 0.43816276
v 0.04731213 -0.11344126 0.39406731
v -0.01389764 -0.04657644 0.46683016
v -0.00622293 -0.04540107 0.46745493
v -0.01765522 -0.04748999 0.46634473
v -0.01515729 -0.04685735 0.46668071
v -0.02374331 -0.04948002 0.46528623
v 0.05871440 -0.08378028 0.44749167
v -0.02610528 -0.05043627 0.46477720
v 0.00674431 -0.04540669 0.46745156
v -0.02492991 -0.04994747 0.46503790
v 0.00545096 -0.04529544 0.46751111
v 0.05178243 -0.12711715 0.42444954
v 0.05017202 -0.10903302 0.39422482
v 0.05246563 -0.12613168 0.42497317
v 0.05774869 -0.08379191 0.43437631
v 0.04986119 -0.11449819 0.39782399
v 0.05303300 -0.10950290 0.39966850
v 0.05849142 -0.08189906 0.41963690
v 0.05910099 -0.07710930 0.41528954
v 0.05604679 -0.11996494 0.42825206
v 0.05107564 -0.12809025 0.42393152
v 0.05551304 -0.12102007 0.42769135
v 0.05187063 -0.10683750 0.39631573
v 0.05034525 -0.12904875 0.42342250
v 0.06056847 -0.09169658 0.44328237
v 0.05878791 -0.08533120 0.41786963
v 0.06013485 -0.09256852 0.43471602
v 0.05837025 -0.07832842 0.41101431
v 0.06072241 -0.09284386 0.44267222
v 0.06094602 -0.09514740 0.44144741
v 0.05922786 -0.08285285 0.41164752
v 0.05928028 -0.08835362 0.41338943
v 0.06084826 -0.09399451 0.44206094
v 0.06101682 -0.09630142 0.44083388
v 0.06107188 -0.09861282 0.43960570
v 0.05932666 -0.09132521 0.42887057
v 0.06105839 -0.09745656 0.44022035
v 0.04768551 -0.06544186 0.45679909
v 0.04999579 -0.06821397 0.45532483
v 0.04687196 -0.06454853 0.45727441
v 0.04058948 -0.05875261 0.46035553
v 0.04924854 -0.06727570 0.45582374
v 0.04340317 -0.06113368 0.45908915
v 0.04248400 -0.06032238 0.45952064
v 0.05430657 -0.06677965 0.42799943
v 0.05535687 -0.07603580 0.43857555
v -0.02615247 -0.14635451 0.41377685
v -0.01520785 -0.14994129 0.41186997
v -0.03292488 -0.14295538 0.41558372
v -0.02731435 -0.14584211 0.41404990
v -0.02497823 -0.14684443 0.41351616
v -0.01394821 -0.15022333 0.41171940
v 0.00020900 -0.15171557 0.41092608
v -0.01268183 -0.15048065 0.41158343
v -0.00108997 -0.15170209 0.41093394
v -0.02016777 -0.14857939 0.41259362
v 0.05603311 -0.07096222 0.42453127
v -0.01013332 -0.15092338 0.41134746
v -0.02138583 -0.14817936 0.41280599
v -0.01645963 -0.14963677 0.41203178
v -0.03072247 -0.14417457 0.41493648
v -0.02259378 -0.14775686 0.41303073
v -0.02379163 -0.14731188 0.41326782
v -0.00498126 -0.15151556 0.41103283
v 0.05630589 -0.07655465 0.44335732
v -0.00627462 -0.15140432 0.41109126
v 0.00410367 -0.15160545 0.41098451
v -0.00885121 -0.15110767 0.41124970
v -0.00756460 -0.15126835 0.41116430
v 0.00280582 -0.15166613 0.41095192
v -0.00238894 -0.15166501 0.41095305
v -0.01894071 -0.14895470 0.41239473
v -0.00368566 -0.15160208 0.41098676
v -0.01770466 -0.14930753 0.41220707
v -0.01140982 -0.15071438 0.41145870
v 0.05657492 -0.07832145 0.45039413
v 0.00150798 -0.15170321 0.41093282
v -0.00233725 -0.04514375 0.46759089
v 0.00155966 -0.04510891 0.46760999
v 0.01436734 -0.15023457 0.41171378
v 0.01562698 -0.14995365 0.41186323
v -0.00103828 -0.04510779 0.46761112
v 0.00539927 -0.15152005 0.41103058
v 0.01310096 -0.15049077 0.41157781
v 0.00926922 -0.15111441 0.41124520
v 0.01812492 -0.14932102 0.41219921
v 0.01687988 -0.14964913 0.41202504
v 0.00026069 -0.04509543 0.46761674
v 0.05490635 -0.06342686 0.42534188
v 0.01182895 -0.15072337 0.41145421
v 0.02421300 -0.14733098 0.41325771
v 0.05758192 -0.07650837 0.42160129
v 0.02301516 -0.14777484 0.41302174
v 0.00669262 -0.15140881 0.41108901
v 0.00798261 -0.15127397 0.41116093
v 0.02180721 -0.14819622 0.41279813
v 0.05737906 -0.07221765 0.41512639
v 0.05526493 -0.06575335 0.41971499
v -0.01263126 -0.04632024 0.46696613
v 0.02058914 -0.14859400 0.41258575
v 0.02539961 -0.14686353 0.41350604
v 0.03756791 -0.14030238 0.41699506
v 0.04765404 -0.13140510 0.42172574
v 0.05555283 -0.07334945 0.43261567
v 0.04996545 -0.12863524 0.42319889
v 0.01936096 -0.14896931 0.41238686
v 0.05654611 -0.08089355 0.44328748
v 0.05404823 -0.07713641 0.44700270
v 0.00415536 -0.04520780 0.46755718
v -0.00879952 -0.04569547 0.46729761
v -0.01008164 -0.04587976 0.46719985
v 0.04336609 -0.13570991 0.41943681
v 0.00285864 -0.04514599 0.46759089
v 0.03957480 -0.13884497 0.41776928
v 0.05750982 -0.08048116 0.44924573
v 0.05069134 -0.12768348 0.42370454
v 0.01055133 -0.15093125 0.41134296
v 0.04055128 -0.13808874 0.41817155
v 0.05705585 -0.07939681 0.44982218
v 0.05833909 -0.08267345 0.44808048
v 0.04426503 -0.13488176 0.41987729
v 0.04514375 -0.13403676 0.42032677
v 0.02657497 -0.14637474 0.41376674
v 0.04844736 -0.13049605 0.42220893
v 0.04683825 -0.13229730 0.42125043
v 0.05139252 -0.12671824 0.42421806
v 0.05793794 -0.08157337 0.44866591
v 0.05453994 -0.12170327 0.42688342
v 0.02773798 -0.14586346 0.41403867
v -0.01135926 -0.04608764 0.46708973
v -0.03709822 -0.05650862 0.46154888
v -0.03811065 -0.05722778 0.46116683
v 0.05337918 -0.07310646 0.45272351
v -0.00363397 -0.04520555 0.46755830
v -0.02955497 -0.05203638 0.46392658
v -0.03067865 -0.05261283 0.46361981
v -0.00751291 -0.04553591 0.46738301
v -0.03606893 -0.05580857 0.46192081
v -0.02254547 -0.04903617 0.46552220
v 0.03114834 -0.14419705 0.41492412
v 0.03653862 -0.14100243 0.41662312
v 0.05917846 -0.07458167 0.41854276
v 0.06038643 -0.09055156 0.44389141
v 0.04935659 -0.12461032 0.42159706
v 0.05689966 -0.08476023 0.44291869
v 0.05312523 -0.12513273 0.42550467
v 0.05794161 -0.08962281 0.44035330
v 0.06017631 -0.08941102 0.44449819
v 0.05071943 -0.06916573 0.45481917
v 0.04847882 -0.06635091 0.45631479
v 0.05142061 -0.07013209 0.45430565
v 0.04603595 -0.06366982 0.45774073
v -0.03183154 -0.14357565 0.41525448
v -0.02846388 -0.14530724 0.41433307
v -0.05612133 -0.08109522 0.44850440
v -0.04284840 -0.06197193 0.45867366
v -0.04011978 -0.13805840 0.41818841
v -0.02049888 -0.04900771 0.46556673
v -0.03276109 -0.06266701 0.45841957
v -0.05131631 -0.08943489 0.44418853
v -0.04542718 -0.06449560 0.45732824
v -0.05943029 -0.09892405 0.43902409
v -0.03713867 -0.14027429 0.41700967
v -0.03611050 -0.14097434 0.41663773
v -0.03914443 -0.13881576 0.41778501
v -0.04010255 -0.05958300 0.45994322
v -0.05866836 -0.09002809 0.44375777
v -0.05658499 -0.11451757 0.43073405
v -0.05055482 -0.07077567 0.45398740
v -0.05761981 -0.08550665 0.44615936
v -0.03414814 -0.05535162 0.46219277
v -0.03930415 -0.06819273 0.45547958
v -0.05883410 -0.10579035 0.43537028
v -0.05794097 -0.11014515 0.43305911
v -0.05190556 -0.10534774 0.43572905
v 0.03225629 -0.14359925 0.41524212
v -0.05923944 -0.09418301 0.44154322
v 0.02888750 -0.14532972 0.41432183
v 0.03002466 -0.14477462 0.41461736
v -0.03704455 -0.05727929 0.46116978
v -0.05429060 -0.07703401 0.45066373
v 0.03549136 -0.14168226 0.41626130
v 0.03442948 -0.14234186 0.41591071
v -0.05375897 -0.12079136 0.42738968
v 0.03335075 -0.14298123 0.41557024
v -0.05255529 -0.07384042 0.45236027
v -0.04872099 -0.08177937 0.44826044
v -0.00554912 -0.15085153 0.41141462
v -0.02172158 -0.14740938 0.41324250
v -0.04865436 -0.12862653 0.42323084
v -0.05238835 -0.09736837 0.43996834
v -0.05927718 -0.10237477 0.43718836
v -0.03910510 -0.05796491 0.46077466
v -0.03928039 -0.10469618 0.43609565
v -0.04797766 -0.06631496 0.45633501
v -0.02991142 -0.14387200 0.41512372
v -0.04008158 -0.05872227 0.46037126
v 0.04150865 -0.13731340 0.41858394
v -0.04467405 -0.06277425 0.45821717
v -0.02023604 -0.14170589 0.41639573
v -0.04636856 -0.06451258 0.45729239
v -0.04553254 -0.06363498 0.45775984
v -0.04874850 -0.06723749 0.45584397
v 0.05396012 -0.12273031 0.42633844
v 0.03858035 -0.13958323 0.41737711
v 0.05207122 -0.12573952 0.42473832
v 0.05335446 -0.12374499 0.42579795
v -0.05526810 -0.11778651 0.42899237
v -0.01163487 -0.14416374 0.41508870
v -0.03430524 -0.14137507 0.41645141
v -0.04638054 -0.12049670 0.42767507
v -0.04988258 -0.11313189 0.43158742
v -0.03178659 -0.05321063 0.46330181
v -0.02841893 -0.05148129 0.46422211
v 0.05275104 -0.07210190 0.45325726
v 0.05938186 -0.08601639 0.44630282
v 0.05398372 -0.07412114 0.45218415
v -0.03395978 -0.05446915 0.46263323
v 0.05564564 -0.07723373 0.45052897
v -0.03288105 -0.05382977 0.46297258
v -0.02011945 -0.04821588 0.46595819
v 0.05967402 -0.08714232 0.44570390
v -0.02133751 -0.04861479 0.46574581
v -0.01889127 -0.04784170 0.46615708
v -0.03502166 -0.05512875 0.46228264
v 0.05209819 -0.07111081 0.45378427
v 0.00002697 -0.10229511 0.43733587
v 0.05993921 -0.08827386 0.44510273
v 0.05456354 -0.07514818 0.45163804
v 0.05511751 -0.07618534 0.45108632
v -0.05567935 -0.11851989 0.42857681
v -0.05743116 -0.11420160 0.43087360
v -0.05703226 -0.11529269 0.43029266
v -0.05615691 -0.11745240 0.42914426
v -0.05925377 -0.10751459 0.43442892
v -0.05660751 -0.11637704 0.42971622
v -0.05095091 -0.12667891 0.42423829
v -0.05290948 -0.12370454 0.42582043
v -0.05814694 -0.11199582 0.43204560
v -0.05846494 -0.11088338 0.43263665
v -0.05875485 -0.10976532 0.43323108
v -0.05517594 -0.11957727 0.42801497
v -0.05780197 -0.11310152 0.43145792
v -0.05464781 -0.12062454 0.42745762
v -0.04721693 -0.13136802 0.42174485
v -0.04383129 -0.13484805 0.41989527
v -0.04470888 -0.13400305 0.42034474
v -0.04467660 -0.07462895 0.45206190
v -0.02400631 -0.05027790 0.46488975
v -0.04790574 -0.06729293 0.45584237
v -0.03087952 -0.05346291 0.46319470
v -0.01692872 -0.04796328 0.46612318
v 0.03270838 -0.12005863 0.42792648
v -0.00146711 -0.04575361 0.46729598
v 0.03980972 -0.10322321 0.43687891
v 0.01998193 -0.12996121 0.42266387
v -0.03383578 -0.08144592 0.44845896
v 0.02829052 -0.12468330 0.42547113
v 0.03616397 -0.11483782 0.43070539
v -0.00784973 -0.06581072 0.45677534
v -0.04537431 -0.13238548 0.42123438
v 0.01068756 -0.13369631 0.42067677
v 0.03855428 -0.10916895 0.43371836
v -0.02483545 -0.07239138 0.45327373
v -0.03884733 -0.09265336 0.44250133
v -0.02977807 -0.07657543 0.45104880
v 0.01974963 -0.14820579 0.41282166
v -0.05129770 -0.12498031 0.42517142
v -0.04150251 -0.12722166 0.42410023
v -0.03774195 -0.11059073 0.43296302
v 0.00965628 -0.15044112 0.41163440
v -0.03965262 -0.09865833 0.43930782
v -0.01915499 -0.06901612 0.45506816
v -0.03539328 -0.13310644 0.42096577
v -0.03688866 -0.08685804 0.44558199
v -0.04203023 -0.13561067 0.41951693
v 0.00446391 -0.06475679 0.45733223
v 0.06048419 -0.10186699 0.43743139
v -0.01192986 -0.13298890 0.42105355
v 0.06038643 -0.10301089 0.43682348
v 0.06059768 -0.09957581 0.43864945
v 0.00099727 -0.13466332 0.42016307
v 0.06055498 -0.10072196 0.43804042
v 0.05706035 -0.11641974 0.42969262
v 0.05612994 -0.11856259 0.42855433
v 0.05509504 -0.12066724 0.42743515
v 0.05825819 -0.11314647 0.43143432
v 0.05748622 -0.11533651 0.43026906
v 0.05562541 -0.11961885 0.42799249
v 0.05892228 -0.11092833 0.43261306
v 0.05860316 -0.11204077 0.43202200
v 0.05660751 -0.11749510 0.42912179
v -0.01812384 -0.14854791 0.41263980
v -0.01434340 -0.14951309 0.41212274
v 0.02862783 -0.13799513 0.41836638
v -0.03508272 -0.11616432 0.42999956
v -0.03138079 -0.12125417 0.42729313
v 0.01394161 -0.14787165 0.41320080
v -0.02674589 -0.12570738 0.42492381
v 0.04921820 -0.12957238 0.42269997
v -0.05515571 -0.07719103 0.45055144
v -0.05845258 -0.08588268 0.44593088
v -0.04289639 -0.06110109 0.45910713
v -0.04379533 -0.06192924 0.45866664
v -0.04197722 -0.06028980 0.45953749
v -0.05813346 -0.08477024 0.44652194
v 0.05272520 -0.12474844 0.42526533
v 0.04244692 -0.13652008 0.41900532
v 0.04600224 -0.13317489 0.42078410
v -0.05407024 -0.07510661 0.45165939
v -0.05349042 -0.07408069 0.45220550
v -0.04718434 -0.06540590 0.45681819
v -0.05225550 -0.07206257 0.45327861
v 0.03452040 -0.05529814 0.46221951
v -0.05288476 -0.07306601 0.45274486
v -0.04949687 -0.06817577 0.45534505
v -0.05022165 -0.06912752 0.45483940
v -0.05964256 -0.10524589 0.43563463
v -0.05946277 -0.10638193 0.43503009
v -0.05160152 -0.07107148 0.45380562
v -0.04103895 -0.05949760 0.45996000
v -0.05092282 -0.07009276 0.45432588
v -0.05924478 -0.08925146 0.44413974
v -0.06012799 -0.09723519 0.43989336
v -0.05978976 -0.09265845 0.44232725
v -0.06012911 -0.09952974 0.43867417
v -0.06001787 -0.10182092 0.43745611
v -0.05963582 -0.09151904 0.44293291
v -0.06008529 -0.09608904 0.44050352
v -0.06014259 -0.09838247 0.43928433
v -0.06008753 -0.10067589 0.43806514
v 0.03045069 -0.05299483 0.46344074
v -0.05874474 -0.08700074 0.44533646
v -0.04640227 -0.13226247 0.42126953
v 0.03848963 -0.05799924 0.46078534
v -0.05900880 -0.08812329 0.44473866
v -0.05945490 -0.09038301 0.44353745
v -0.05228135 -0.12470798 0.42528668
v -0.04877884 -0.12953530 0.42272020
v -0.05901892 -0.10864277 0.43382888
v -0.06001450 -0.09494401 0.44111255
v 0.03320739 -0.06268671 0.45840931
v -0.05741543 -0.08256558 0.44769393
v -0.05991674 -0.09380011 0.44172046
v -0.05778849 -0.08366454 0.44710962
v -0.05566024 -0.07824841 0.44998961
v 0.01610930 -0.04762966 0.46629952
v -0.05462646 -0.07614376 0.45110879
v -0.05701652 -0.08147449 0.44827487
v -0.05613781 -0.07931478 0.44942215
v -0.05659065 -0.08039014 0.44885020
v -0.05162849 -0.12570019 0.42475855
v -0.02960104 -0.14475102 0.41462972
v -0.04201543 -0.13648862 0.41902330
v -0.05409384 -0.12166282 0.42690590
v -0.05024974 -0.12764528 0.42372477
v -0.05992123 -0.10296482 0.43684707
v -0.05979538 -0.10410648 0.43624029
v -0.03815110 -0.13955401 0.41739284
v -0.03506436 -0.14165529 0.41627591
v -0.03400248 -0.14231489 0.41592420
v -0.04107716 -0.13728194 0.41860080
v -0.04952609 -0.12859703 0.42321911
v -0.05351402 -0.12268874 0.42635979
v -0.04556625 -0.13314006 0.42080320
v -0.04800912 -0.13045897 0.42222803
v -0.04293347 -0.13567732 0.41945479
v 0.02436962 -0.14659640 0.41367746
v 0.05614904 -0.07829111 0.44996713
v -0.02534089 -0.14601492 0.41398589
v 0.05893464 -0.08592762 0.44590729
v 0.06039093 -0.09384506 0.44169687
v 0.06026508 -0.09270340 0.44230365
v 0.05948861 -0.08816824 0.44471506
v 0.04915255 -0.08180732 0.44824572
v 0.06055723 -0.09613511 0.44047880
v -0.01104163 -0.15014267 0.41178535
v 0.05788513 -0.11424542 0.43085001
v 0.06010551 -0.10529196 0.43560990
v 0.06025946 -0.10415255 0.43621557
v 0.05971447 -0.10755954 0.43440420
v 0.05921331 -0.10981027 0.43320748
v 0.06059881 -0.09728126 0.43986977
v -0.02823433 -0.13798261 0.41837301
v -0.03809360 -0.13879465 0.41782735
v 0.06048756 -0.09498896 0.44108783
v 0.06061229 -0.09842854 0.43925961
v 0.05947850 -0.10868771 0.43380528
v 0.05844030 -0.08683833 0.44544731
v 0.05424059 -0.07600730 0.45120954
v 0.04848892 -0.06742437 0.45576839
v 0.05922455 -0.08704456 0.44531174
v 0.05157314 -0.07155591 0.45357795
v 0.05993247 -0.09042908 0.44351273
v 0.06011226 -0.09156511 0.44290931
v 0.05972346 -0.08929641 0.44411502
v 0.05992460 -0.10642800 0.43500649
v 0.02585168 -0.05084348 0.46458478
v 0.05574245 -0.07906208 0.44958612
v 0.04593052 -0.06453998 0.45731043
v 0.04250210 -0.06122757 0.45906963
v 0.02569115 -0.05822694 0.46077846
v 0.01113168 -0.04661831 0.46683786
v 0.05932448 -0.09109646 0.44318723
v 0.04511377 -0.07465223 0.45204455
v 0.03974600 -0.06821624 0.45546835
v 0.05707720 -0.08043396 0.44882772
v 0.05827167 -0.08370836 0.44708602
v 0.05790086 -0.08260940 0.44767034
v 0.05750195 -0.08151831 0.44825128
v 0.05662661 -0.07935860 0.44939968
v 0.05861664 -0.08481518 0.44649834
v -0.01168101 -0.04679273 0.46674003
v 0.00223323 -0.04575054 0.46729296
v -0.02524158 -0.05821189 0.46078836
v -0.02753411 -0.05177027 0.46409162
v -0.01696762 -0.05496247 0.46251959
v -0.00671577 -0.04608894 0.46711802
v 0.00986083 -0.05320141 0.46344875
v 0.00637098 -0.04601989 0.46715358
v -0.00818459 -0.05301109 0.46355477
v 0.01802733 -0.05510290 0.46244079
v 0.02099703 -0.04902392 0.46555957
v 0.00084759 -0.05241812 0.46386785
v 0.00561762 -0.14862036 0.41282008
v 0.03553737 -0.14089759 0.41670471
v 0.02799160 -0.14505998 0.41449201
v 0.05970020 -0.10293682 0.43689061
v 0.03141472 -0.14333722 0.41540799
v 0.05658136 -0.11575590 0.43007781
v 0.05820833 -0.11089527 0.43266186
v 0.04668332 -0.13149244 0.42170754
v 0.00202939 -0.15107980 0.41129531
v -0.00170918 -0.15108445 0.41128996
v 0.05469290 -0.11994743 0.42784676
v 0.02062761 -0.14171506 0.41639327
v -0.00268430 -0.14528537 0.41449004
v 0.05029189 -0.11316033 0.43157762
v 0.03958000 -0.13802758 0.41823376
v 0.04329572 -0.13486370 0.41991138
v 0.03578969 -0.13312449 0.42095950
v 0.05235923 -0.12405478 0.42566535
v 0.05989598 -0.09937878 0.43877885
v 0.04967113 -0.12791334 0.42360873
v 0.05701099 -0.08219737 0.44791816
v 0.05232011 -0.10537297 0.43571055
v 0.04190201 -0.12723862 0.42408277
v 0.04678451 -0.12052076 0.42766252
v 0.03989253 -0.09717672 0.44009496
v 0.05280902 -0.09739690 0.43995273
v 0.03325954 -0.08019705 0.44912264
v 0.05923147 -0.10638082 0.43505900
v 0.05982542 -0.09570875 0.44073490
v 0.03656826 -0.08549066 0.44630860
v 0.02897254 -0.07548247 0.45162953
v 0.02383591 -0.07148584 0.45375477
v 0.01163708 -0.06609307 0.45662109
v 0.05174274 -0.08946398 0.44417472
v -0.02131486 -0.12939493 0.42296443
v 0.01799958 -0.06832554 0.45543578
v 0.03880178 -0.09120612 0.44326813
v 0.05418200 -0.04258861 0.41130825
v 0.05725769 -0.04739289 0.40830521
v 0.05021469 -0.03809174 0.41325078
v 0.04124826 -0.03017983 0.41745768
v 0.04608397 -0.03390241 0.41592153
v 0.00655849 -0.01750042 0.42419878
v -0.01855232 -0.01968964 0.42303541
v 0.03614377 -0.02684521 0.41923733
v -0.01240105 -0.01833378 0.42376366
v 0.02496213 -0.02157256 0.42204116
v 0.01899253 -0.01968222 0.42303906
v 0.03070594 -0.02396255 0.42076330
v -0.00611935 -0.01750353 0.42419784
v -0.03570801 -0.02686509 0.41922697
v -0.03026309 -0.02397566 0.42075611
v 0.00021441 -0.01723303 0.42434874
v -0.04550464 -0.03396864 0.41544998
v -0.04976371 -0.03811316 0.41323868
v -0.02453018 -0.02158603 0.42203425
v 0.01282999 -0.01832678 0.42376719
v -0.04080216 -0.03019577 0.41744883
v -0.05680505 -0.04742171 0.40828948
v -0.06412560 -0.06874048 0.39694840
v -0.05951598 -0.05249543 0.40559896
v -0.06165329 -0.05776376 0.40279038
v -0.05356461 -0.04261199 0.41085896
v -0.06449111 -0.07435332 0.39399656
v -0.06166929 -0.09092099 0.38516295
v -0.05354358 -0.10607780 0.37711093
v -0.06402269 -0.06834298 0.40275211
v -0.05949963 -0.09619485 0.38236406
v -0.01852296 -0.12896927 0.36492980
v -0.05679080 -0.10125328 0.37966361
v -0.06318953 -0.08547742 0.38804945
v -0.06414728 -0.07993878 0.39100219
v -0.06319179 -0.06320802 0.39990302
v -0.02145778 -0.13081326 0.36978928
v -0.04974676 -0.11055818 0.37471361
v -0.04077848 -0.11847212 0.37051141
v -0.05534683 -0.10643194 0.38282849
v -0.02449236 -0.12708503 0.36593920
v -0.03567417 -0.12181211 0.36874257
v 0.00025543 -0.13142482 0.36363192
v -0.04296582 -0.11811030 0.37300681
v 0.00397585 -0.13244703 0.36520207
v -0.00608879 -0.13114999 0.36376994
v 0.02499986 -0.12707166 0.36594699
v 0.03617775 -0.12179163 0.36875372
v 0.04126255 -0.11843130 0.37052476
v 0.03074569 -0.12469707 0.36720399
v -0.03023646 -0.12468905 0.36720658
v 0.00658699 -0.13114836 0.36377854
v -0.04547519 -0.11471390 0.37251676
v 0.02230977 -0.13067089 0.36984850
v 0.05732899 -0.10126136 0.37967751
v 0.01902197 -0.12896214 0.36493387
v 0.05403448 -0.10604927 0.37712821
v -0.01236036 -0.13033069 0.36421376
v 0.04595930 -0.11467026 0.37251907
v 0.01287114 -0.13032399 0.36421727
v 0.05256343 -0.11079833 0.38060855
v 0.06458924 -0.07991424 0.39102216
v 0.04404977 -0.11915333 0.37612706
v 0.06366148 -0.08544972 0.38807702
v 0.05028210 -0.11057878 0.37472321
v 0.06330093 -0.09052562 0.39131826
v 0.06461805 -0.06871190 0.39696842
v 0.06212430 -0.09088647 0.38517636
v 0.06513840 -0.07938783 0.39716642
v 0.05230325 -0.05160262 0.41787318
v 0.04158843 -0.04267166 0.42259435
v 0.06445828 -0.06814318 0.40306898
v 0.05999340 -0.05245613 0.40562453
v 0.05908199 -0.10114224 0.38572799
v 0.06213899 -0.05773119 0.40281053
v 0.06489895 -0.07430958 0.39400252
v 0.03636993 -0.03611146 0.42610984
v 0.05998556 -0.09616118 0.38238185
v 0.03272149 -0.03624984 0.42600808
v 0.03733419 -0.03926804 0.42440347
v 0.04544602 -0.04642586 0.42059757
v 0.04520055 -0.04316571 0.42236248
v 0.05182064 -0.05484333 0.41612196
v -0.00551838 -0.02780428 0.43049942
v 0.01162894 -0.02854366 0.43010613
v 0.00594987 -0.02780091 0.43050167
v 0.06365270 -0.06317178 0.39992240
v 0.00021575 -0.02755370 0.43063201
v 0.02615120 -0.03071784 0.42898307
v 0.00315497 -0.02565246 0.43167663
v 0.02779641 -0.03364515 0.42739357
v 0.02260502 -0.03147983 0.42854534
v 0.01719901 -0.02977296 0.42945215
v -0.02735930 -0.03366089 0.42738571
v -0.01119632 -0.02855040 0.43010276
v -0.01676527 -0.02978307 0.42944766
v -0.02217016 -0.03149219 0.42853860
v 0.04886649 -0.05049695 0.41843337
v -0.05881553 -0.06341025 0.41156658
v -0.00873714 -0.02617965 0.43139658
v -0.03689371 -0.03928939 0.42439223
v -0.03228326 -0.03626894 0.42599909
v -0.04858787 -0.04731642 0.42015769
v -0.04114570 -0.04269525 0.42258199
v 0.01493582 -0.02718581 0.43086112
v -0.04499992 -0.04645171 0.42058409
v -0.06300514 -0.07925804 0.40320248
v -0.04060038 -0.03951963 0.42430393
v -0.05985751 -0.07140557 0.40735060
v -0.02028394 -0.02874416 0.43003237
v -0.05798738 -0.07416160 0.40585043
v -0.05469959 -0.05633905 0.41535949
v -0.05714687 -0.06914775 0.40851691
v -0.05574340 -0.09421812 0.39518560
v -0.05380618 -0.09899038 0.39264834
v -0.04839679 -0.10791912 0.38790080
v -0.05136892 -0.05487255 0.41610623
v -0.05798401 -0.08428818 0.40046689
v -0.05713900 -0.08930203 0.39780040
v -0.05135094 -0.10357273 0.39021221
v -0.03104360 -0.03324436 0.42762937
v -0.05826718 -0.07922489 0.40315810
v -0.04111873 -0.11574441 0.38373982
v -0.03686449 -0.11914803 0.38193070
v -0.04841814 -0.05052504 0.41841876
v -0.05575463 -0.06422941 0.41113171
v -0.05382078 -0.05945603 0.41366898
v -0.04497632 -0.11199020 0.38573660
v -0.00268583 -0.13278818 0.37470566
v -0.05693445 -0.09733508 0.39355145
v -0.01115924 -0.12987353 0.37622804
v -0.05983996 -0.08714366 0.39898101
v -0.02568130 -0.12772342 0.37739818
v -0.03225179 -0.12216623 0.38032609
v -0.00548018 -0.13061628 0.37583363
v -0.03590016 -0.12232584 0.38026461
v 0.02782900 -0.12475518 0.37894959
v 0.01166602 -0.12986679 0.37623141
v -0.01446606 -0.13125895 0.37552492
v -0.02732671 -0.12477091 0.37894060
v -0.01672931 -0.12864310 0.37688202
v 0.00598808 -0.13061291 0.37583475
v -0.05183367 -0.10683845 0.38850904
v -0.04473083 -0.11527505 0.38401845
v 0.02263986 -0.12692388 0.37779669
v 0.00025395 -0.13086237 0.37570216
v 0.04546961 -0.11196436 0.38575008
v 0.02075358 -0.12969780 0.37634886
v -0.02213532 -0.12693624 0.37778995
v 0.03151346 -0.12519566 0.37874838
v 0.01723497 -0.12863411 0.37688764
v 0.04905755 -0.11112714 0.38622825
v 0.03275295 -0.12214712 0.38033620
v 0.03736340 -0.11912668 0.38194194
v 0.06090492 -0.08179986 0.40182122
v 0.04888784 -0.10789215 0.38791541
v 0.05183862 -0.10354352 0.39022794
v 0.00920690 -0.13226239 0.37498502
v 0.05761657 -0.08926944 0.39781838
v 0.05845708 -0.08425447 0.40048374
v 0.05516925 -0.10210254 0.39102314
v 0.04161540 -0.11572081 0.38375331
v 0.05622321 -0.09418665 0.39520358
v 0.05429048 -0.09896004 0.39266519
v 0.02260502 -0.02647721 0.41913679
v 0.05621309 -0.06419795 0.41114857
v 0.05760870 -0.06911404 0.40853377
v 0.04158843 -0.03766904 0.41318579
v 0.04106999 -0.11892421 0.38208268
v 0.05873687 -0.07919118 0.40317607
v 0.02779641 -0.02864254 0.41798502
v 0.05845371 -0.07412901 0.40586841
v 0.01719901 -0.02477035 0.42004360
v 0.05740453 -0.06110220 0.41282270
v 0.04544602 -0.04142325 0.41118902
v 0.05427587 -0.05942569 0.41368583
v 0.05917031 -0.09220242 0.39629241
v 0.00021575 -0.02255109 0.42122346
v -0.00551838 -0.02280167 0.42109087
v 0.03147949 -0.02819741 0.41817982
v -0.04114570 -0.03769264 0.41317343
v 0.03733419 -0.03426542 0.41499492
v 0.04104087 -0.03446463 0.41485183
v -0.02217016 -0.02648958 0.41913005
v -0.02735930 -0.02865827 0.41797716
v -0.03689371 -0.03428677 0.41498368
v -0.03593172 -0.03110427 0.41664241
v 0.04886649 -0.04549433 0.40902482
v 0.04903464 -0.04225910 0.41071162
v 0.05182064 -0.04984072 0.40671341
v 0.03272149 -0.03124723 0.41659953
v -0.05136892 -0.04986993 0.40669768
v 0.06030969 -0.07129979 0.40740453
v -0.05694773 -0.05610674 0.40334856
v 0.02071765 -0.02369844 0.42057221
v -0.04841814 -0.04552243 0.40901021
v 0.00916732 -0.02114045 0.42193188
v 0.01162894 -0.02354105 0.42069758
v 0.00594987 -0.02279829 0.42109311
v -0.00272523 -0.02062275 0.42221082
v -0.05714687 -0.06414513 0.39910836
v -0.05798626 -0.07928219 0.39105946
v -0.05185347 -0.04660264 0.40839698
v -0.06043473 -0.07680215 0.39234078
v -0.01450358 -0.02216358 0.42139646
v -0.03686449 -0.11414542 0.37252215
v -0.01119632 -0.02354779 0.42069421
v -0.01676527 -0.02478046 0.42003910
v -0.02571619 -0.02570207 0.41951431
v -0.05135094 -0.09857012 0.38080365
v -0.04839679 -0.10291651 0.37849225
v -0.05984518 -0.06630088 0.39791949
v -0.01672931 -0.12364049 0.36747347
v -0.03228326 -0.03126633 0.41659054
v -0.04475683 -0.03816022 0.41288658
v -0.04499992 -0.04144909 0.41117554
v -0.05826830 -0.07422003 0.39375067
v -0.03225179 -0.11716361 0.37091754
v -0.02732671 -0.11976830 0.36953204
v -0.05575351 -0.05922680 0.40172316
v -0.05382078 -0.05445342 0.40426042
v -0.05380618 -0.09398776 0.38323979
v -0.05798850 -0.06915898 0.39644187
v 0.00598808 -0.12561030 0.36642620
v 0.00025395 -0.12585975 0.36629361
v -0.03100967 -0.12018142 0.36927580
v -0.05574340 -0.08921550 0.38577817
v 0.01497324 -0.12621915 0.36606842
v -0.05468274 -0.09710347 0.38154544
v -0.05714013 -0.08429717 0.38839297
v 0.05622321 -0.08918404 0.38579503
v 0.03275295 -0.11714451 0.37092765
v 0.02263986 -0.12192126 0.36838814
v -0.04497632 -0.10698759 0.37632805
v -0.05869090 -0.08720298 0.38681055
v -0.04111873 -0.11074180 0.37433127
v 0.05183862 -0.09854090 0.38081939
v -0.04057122 -0.11391491 0.37260669
v 0.05429048 -0.09395742 0.38325664
v 0.05741753 -0.09227541 0.38411348
v -0.02024792 -0.12467762 0.36688067
v -0.04856505 -0.10612125 0.37674670
v -0.02213532 -0.12193362 0.36838140
v -0.00548018 -0.12561367 0.36642508
v -0.01115924 -0.12486979 0.36681949
v 0.00319505 -0.12775687 0.36524753
v -0.00869822 -0.12723558 0.36552089
v 0.01899243 -0.02440635 0.43191922
v 0.02792293 -0.02468877 0.42579321
v 0.05406581 -0.04723940 0.41969629
v 0.05733570 -0.05205222 0.41714260
v 0.05873687 -0.07418856 0.39376752
v 0.05845708 -0.07925186 0.39107519
v 0.01898452 -0.02176449 0.42746528
v 0.02499658 -0.02618696 0.43088537
v 0.03615195 -0.03154028 0.42809937
v 0.03073101 -0.02862581 0.42963582
v 0.02782900 -0.11975257 0.36954103
v -0.01241062 -0.02294172 0.43261079
v 0.01723497 -0.12363150 0.36747909
v 0.02618587 -0.12268044 0.36795072
v 0.04522642 -0.11021995 0.37457211
v 0.03736340 -0.11412407 0.37253339
v 0.03640155 -0.11727690 0.37081969
v 0.04546961 -0.10696174 0.37634153
v 0.04161540 -0.11071820 0.37434476
v 0.05845371 -0.06912640 0.39645985
v 0.05232323 -0.10177634 0.37905852
v 0.04888784 -0.10288954 0.37850686
v 0.06090330 -0.07157515 0.39511680
v 0.05761657 -0.08426683 0.38840983
v -0.04555992 -0.03859436 0.42428820
v -0.03568671 -0.03160259 0.42810867
v -0.04078367 -0.03494140 0.42632884
v -0.00612554 -0.02211714 0.43305375
v -0.05680237 -0.05214365 0.41717163
v -0.06161239 -0.06251931 0.41170203
v 0.05028211 -0.04273466 0.42210342
v 0.04125943 -0.03488218 0.42633131
v -0.00297301 -0.01914600 0.42836430
v 0.00022197 -0.02184079 0.43319614
v -0.05353200 -0.04734602 0.41973261
v -0.05955974 -0.05717670 0.41444835
v -0.06323432 -0.09018546 0.39689048
v 0.05427587 -0.05442308 0.40427728
v -0.02454595 -0.02624464 0.43089473
v 0.05915975 -0.06117784 0.40065198
v -0.01857706 -0.02430684 0.43189441
v 0.05760870 -0.06411142 0.39912522
v 0.01166602 -0.12486418 0.36682286
v -0.03033036 -0.02601191 0.42505870
v 0.06031492 -0.08207695 0.38953547
v -0.04092491 -0.03227545 0.42176770
v 0.03884501 -0.03047220 0.42281317
v 0.05621309 -0.05919533 0.40174001
v -0.01552931 -0.02071131 0.42735188
v -0.03579719 -0.02890935 0.42353332
v -0.02449547 -0.13179289 0.37480919
v -0.04974076 -0.11528247 0.38360045
v -0.06422358 -0.08463216 0.39980638
v -0.06163278 -0.09561949 0.39403328
v -0.03024470 -0.02874610 0.42963464
v -0.01854798 -0.13373215 0.37371250
v -0.05360100 -0.11079908 0.38591926
v -0.03570527 -0.12654520 0.37756386
v -0.03028469 -0.12944670 0.37596795
v -0.02457802 -0.02361275 0.42633246
v -0.04980697 -0.04279676 0.42210860
v 0.01298044 -0.02252011 0.43226305
v 0.03072952 -0.12938247 0.37610230
v 0.01903918 -0.13370354 0.37378422
v 0.00655982 -0.02219979 0.43307904
v 0.01288318 -0.13508351 0.37295951
v -0.04565866 -0.03607647 0.41977613
v 0.05515268 -0.05127374 0.40590860
v -0.05550850 -0.04704443 0.41376858
v -0.04994917 -0.04027031 0.41757522
v -0.04075355 -0.12318126 0.37940636
v 0.06006649 -0.10088040 0.39118025
v -0.06409345 -0.07346523 0.40584058
v 0.03614578 -0.12648552 0.37766865
v -0.04546402 -0.11942093 0.38141377
v 0.04125427 -0.12316333 0.37941989
v 0.05398513 -0.11074653 0.38601392
v -0.05686698 -0.10599137 0.38847544
v -0.06311994 -0.06795871 0.40880661
v 0.00658786 -0.13585746 0.37264832
v 0.05727818 -0.10594621 0.38856949
v 0.05994473 -0.05719555 0.41448749
v 0.05197061 -0.04228566 0.41741687
v -0.05949288 -0.10089947 0.39122922
v 0.06220774 -0.09560132 0.39399295
v 0.00024774 -0.13618706 0.37237683
v 0.02495446 -0.13172361 0.37492561
v 0.04596765 -0.11939769 0.38139659
v 0.06212326 -0.06243991 0.41166371
v 0.03383203 -0.12586434 0.37248296
v 0.05814872 -0.05034579 0.41142253
v 0.06458427 -0.08462481 0.39988913
v 0.06458192 -0.07342907 0.40584157
v -0.00609714 -0.13592122 0.37255471
v -0.01238443 -0.13508574 0.37298231
v 0.06491811 -0.07902900 0.40285377
v 0.06368703 -0.06787982 0.40877335
v 0.05022733 -0.11523936 0.38360098
v -0.03168100 -0.12627356 0.37119934
v -0.04828386 -0.11520242 0.37885133
v 0.01059276 -0.13366221 0.36898710
v -0.06095996 -0.05733004 0.40846781
v 0.06365086 -0.09015866 0.39693658
v 0.04620559 -0.03783631 0.42342348
v -0.03837166 -0.12364773 0.37551764
v -0.06468285 -0.07930274 0.39772594
v -0.06369902 -0.08624786 0.39239257
v -0.06085885 -0.09625136 0.38817541
v -0.01051476 -0.13291338 0.36775270
v 0.00892208 -0.01936770 0.42771180
v -0.00287355 -0.13477435 0.36945421
v 0.06156195 -0.05812145 0.40901397
vt 0.0000000 0.1648110
vt 0.0000000 0.5865390
vt 0.0001124 0.3256378
vt 0.0002590 0.6082720
vt 0.0003238 0.3314186
vt 0.0004025 0.3176689
vt 0.0004440 0.4344170
vt 0.0009947 0.3371316
vt 0.0011790 0.4295856
vt 0.0012298 0.3108052
vt 0.0013842 0.4168952
vt 0.0013979 0.4547949
vt 0.0016140 0.1479290
vt 0.0017620 0.1986430
vt 0.0022659 0.4136535
vt 0.0022981 0.3443806
vt 0.0025993 0.4713322
vt 0.0027839 0.3032358
vt 0.0030138 0.4800903
vt 0.0032377 0.1815732
vt 0.0040000 0.4198234
vt 0.0042191 0.4840767
vt 0.0042968 0.3516859
vt 0.0048720 0.1312850
vt 0.0050012 0.2958514
vt 0.0051220 0.2152660
vt 0.0059903 0.4296882
vt 0.0062266 0.4548780
vt 0.0062347 0.3571711
vt 0.0063650 0.4385602
vt 0.0073950 0.5665500
vt 0.0076924 0.2891051
vt 0.0084593 0.3621642
vt 0.0085048 0.4736251
vt 0.0085156 0.4138388
vt 0.0091480 0.6284240
vt 0.0093397 0.1570888
vt 0.0097490 0.1150420
vt 0.0100910 0.2314810
vt 0.0102575 0.2837366
vt 0.0104570 0.3229884
vt 0.0111692 0.3363228
vt 0.0116788 0.4549748
vt 0.0118149 0.2051657
vt 0.0120392 0.3097276
vt 0.0121057 0.3691993
vt 0.0127197 0.5973332
vt 0.0132399 0.2785970
vt 0.0137026 0.4290576
vt 0.0139140 0.4138990
vt 0.0140506 0.4830776
vt 0.0141545 0.3493361
vt 0.0150410 0.4182220
vt 0.0150750 0.1655070
vt 0.0151230 0.1809850
vt 0.0155385 0.1255333
vt 0.0158704 0.2969320
vt 0.0159812 0.3752492
vt 0.0161740 0.2292840
vt 0.0161910 0.0993540
vt 0.0165128 0.4705178
vt 0.0165490 0.1500990
vt 0.0166290 0.2471290
vt 0.0166830 0.1963840
vt 0.0167322 0.4392832
vt 0.0170938 0.2728407
vt 0.0171364 0.4550675
vt 0.0193239 0.3616444
vt 0.0195220 0.1349090
vt 0.0197207 0.4140308
vt 0.0197490 0.2115560
vt 0.0199126 0.6210565
vt 0.0204060 0.5502880
vt 0.0207704 0.2681394
vt 0.0208483 0.3815693
vt 0.0218381 0.2849803
vt 0.0225897 0.4551640
vt 0.0235459 0.4333104
vt 0.0239038 0.5664102
vt 0.0239730 0.1200840
vt 0.0241430 0.0843750
vt 0.0242219 0.4801529
vt 0.0242850 0.2263550
vt 0.0245817 0.2639272
vt 0.0246550 0.6031160
vt 0.0246583 0.4141123
vt 0.0246660 0.2620630
vt 0.0247110 0.5909070
vt 0.0254148 0.4199459
vt 0.0256220 0.6432040
vt 0.0257552 0.3869320
vt 0.0257823 0.4845898
vt 0.0265230 0.3728847
vt 0.0274346 0.4707347
vt 0.0277747 0.0957936
vt 0.0280354 0.4552602
vt 0.0281408 0.2504540
vt 0.0286206 0.2599270
vt 0.0287350 0.4141740
vt 0.0293490 0.6139480
vt 0.0293840 0.5790210
vt 0.0293944 0.3251248
vt 0.0297662 0.2742266
vt 0.0298520 0.1057660
vt 0.0299406 0.3351941
vt 0.0301748 0.4295484
vt 0.0302520 0.2406370
vt 0.0305810 0.3151114
vt 0.0315896 0.3922816
vt 0.0322041 0.3450215
vt 0.0324379 0.6320708
vt 0.0329571 0.4170280
vt 0.0331683 0.2560620
vt 0.0334655 0.3054501
vt 0.0335220 0.0702450
vt 0.0336353 0.4390257
vt 0.0341310 0.2761350
vt 0.0344172 0.4829349
vt 0.0355395 0.3827250
vt 0.0356021 0.4708436
vt 0.0361180 0.3543159
vt 0.0369040 0.5384270
vt 0.0371100 0.0920950
vt 0.0371231 0.3965462
vt 0.0373969 0.2528684
vt 0.0375870 0.2542670
vt 0.0379560 0.5687260
vt 0.0379621 0.2964255
vt 0.0380910 0.6216700
vt 0.0389584 0.4554500
vt 0.0391930 0.4143116
vt 0.0394214 0.2649903
vt 0.0400482 0.4188479
vt 0.0411160 0.4300604
vt 0.0415666 0.3628027
vt 0.0422386 0.2497205
vt 0.0433873 0.4729059
vt 0.0435849 0.4837051
vt 0.0436183 0.4007324
vt 0.0439372 0.2883055
vt 0.0440241 0.4397640
vt 0.0442440 0.0571050
vt 0.0449270 0.2892140
vt 0.0455773 0.0690128
vt 0.0456700 0.0791990
vt 0.0460704 0.2771499
vt 0.0461065 0.3908759
vt 0.0462260 0.2671100
vt 0.0462260 0.4144351
vt 0.0466070 0.6498920
vt 0.0471648 0.2468841
vt 0.0477158 0.4197081
vt 0.0483890 0.3702306
vt 0.0484312 0.6369295
vt 0.0489700 0.4849910
vt 0.0494390 0.6250300
vt 0.0494680 0.5607340
vt 0.0498501 0.4556386
vt 0.0499809 0.5488835
vt 0.0503663 0.4043177
vt 0.0505176 0.2575447
vt 0.0512146 0.2813291
vt 0.0518274 0.4158938
vt 0.0520065 0.4299374
vt 0.0521461 0.4383513
vt 0.0523869 0.2443924
vt 0.0532972 0.4834674
vt 0.0546789 0.4711699
vt 0.0553032 0.4557346
vt 0.0554550 0.0672060
vt 0.0557210 0.4066700
vt 0.0558896 0.5323780
vt 0.0560790 0.2790470
vt 0.0561990 0.0450760
vt 0.0563831 0.3763800
vt 0.0569550 0.3011700
vt 0.0575409 0.2422605
vt 0.0578242 0.4145975
vt 0.0579112 0.3970971
vt 0.0595787 0.2757020
vt 0.0602606 0.4306410
vt 0.0606812 0.4191375
vt 0.0607527 0.4558328
vt 0.0609266 0.4394767
vt 0.0610246 0.4085605
vt 0.0616270 0.6235880
vt 0.0617236 0.4832607
vt 0.0627268 0.2521110
vt 0.0627936 0.2405354
vt 0.0629841 0.4147804
vt 0.0629990 0.5552720
vt 0.0651349 0.6351618
vt 0.0661719 0.4720292
vt 0.0663660 0.0562280
vt 0.0666176 0.4101911
vt 0.0670570 0.2899580
vt 0.0676171 0.4818325
vt 0.0682370 0.6479300
vt 0.0682630 0.0462197
vt 0.0688637 0.2998356
vt 0.0692780 0.0342800
vt 0.0700960 0.3118910
vt 0.0701864 0.3824093
vt 0.0702893 0.4147391
vt 0.0705943 0.2385750
vt 0.0706067 0.4012058
vt 0.0707372 0.1622769
vt 0.0708218 0.1674496
vt 0.0708445 0.4301178
vt 0.0709522 0.1496591
vt 0.0709550 0.1335498
vt 0.0709643 0.1758606
vt 0.0712441 0.1182536
vt 0.0713194 0.4560148
vt 0.0713907 0.4112125
vt 0.0715533 0.1845207
vt 0.0718272 0.4396593
vt 0.0719203 0.1266885
vt 0.0721774 0.1569740
vt 0.0724453 0.1101624
vt 0.0730730 0.6176820
vt 0.0733770 0.0848114
vt 0.0734986 0.0920353
vt 0.0737942 0.0805811
vt 0.0740882 0.1431680
vt 0.0741310 0.5267020
vt 0.0742811 0.1019447
vt 0.0746960 0.4835263
vt 0.0749902 0.1890724
vt 0.0750238 0.2019659
vt 0.0750937 0.0752578
vt 0.0753507 0.0686801
vt 0.0756375 0.1622174
vt 0.0756869 0.2488503
vt 0.0757042 0.4195904
vt 0.0757560 0.5397914
vt 0.0760013 0.1679503
vt 0.0761334 0.1748899
vt 0.0761850 0.1351197
vt 0.0762144 0.2702976
vt 0.0766538 0.1562624
vt 0.0766693 0.1508437
vt 0.0767198 0.4150209
vt 0.0767623 0.0612200
vt 0.0769410 0.1176897
vt 0.0769516 0.4712228
vt 0.0771338 0.1281835
vt 0.0773448 0.1814073
vt 0.0775414 0.1968856
vt 0.0778010 0.5522410
vt 0.0778404 0.1070945
vt 0.0778922 0.2373973
vt 0.0782346 0.1916206
vt 0.0783030 0.0463750
vt 0.0783530 0.0967451
vt 0.0784703 0.2049405
vt 0.0785661 0.0524381
vt 0.0788215 0.0878872
vt 0.0790500 0.2997430
vt 0.0793853 0.0796197
vt 0.0795793 0.4124129
vt 0.0796880 0.0481190
vt 0.0802203 0.0699614
vt 0.0802560 0.6276147
vt 0.0805290 0.0741915
vt 0.0809186 0.0442109
vt 0.0812540 0.0657051
vt 0.0827030 0.6081350
vt 0.0827307 0.4398549
vt 0.0828454 0.4840591
vt 0.0829119 0.4150564
vt 0.0830073 0.2185564
vt 0.0831424 0.0576591
vt 0.0833500 0.0248150
vt 0.0838175 0.4030805
vt 0.0842260 0.3212700
vt 0.0847369 0.4307794
vt 0.0847533 0.0493883
vt 0.0849534 0.4562504
vt 0.0852435 0.4128167
vt 0.0856617 0.2368417
vt 0.0863301 0.0436981
vt 0.0864960 0.2261789
vt 0.0865393 0.0363297
vt 0.0873900 0.6387040
vt 0.0877813 0.0297245
vt 0.0878120 0.3312270
vt 0.0879957 0.4739192
vt 0.0883470 0.0411290
vt 0.0890149 0.2478594
vt 0.0892415 0.3852053
vt 0.0893453 0.4193799
vt 0.0899829 0.2218717
vt 0.0900140 0.5959060
vt 0.0902596 0.4152626
vt 0.0907343 0.4127990
vt 0.0910866 0.2368359
vt 0.0911470 0.0377360
vt 0.0913686 0.0228883
vt 0.0918478 0.2295159
vt 0.0919460 0.3083030
vt 0.0924724 0.6157901
vt 0.0926654 0.4845726
vt 0.0930480 0.5254970
vt 0.0931297 0.4406202
vt 0.0933430 0.5513580
vt 0.0936366 0.0299351
vt 0.0943445 0.2686102
vt 0.0949591 0.0282899
vt 0.0949710 0.5818510
vt 0.0953740 0.4302733
vt 0.0956446 0.3176384
vt 0.0958871 0.4152880
vt 0.0959642 0.2329256
vt 0.0960860 0.4085289
vt 0.0961856 0.4728978
vt 0.0962407 0.2264209
vt 0.0970484 0.0152846
vt 0.0972536 0.2372978
vt 0.0978088 0.0225116
vt 0.0978490 0.5666060
vt 0.0982840 0.0167780
vt 0.0983850 0.4994820
vt 0.0985180 0.4816190
vt 0.0986026 0.4564922
vt 0.0988080 0.5169520
vt 0.0990950 0.5505810
vt 0.0992050 0.3292220
vt 0.0992300 0.5339970
vt 0.0997510 0.4634430
vt 0.1008191 0.2292689
vt 0.1009936 0.4197299
vt 0.1012557 0.4392070
vt 0.1013124 0.4154589
vt 0.1015924 0.5390455
vt 0.1019784 0.4117351
vt 0.1022449 0.0150716
vt 0.1023151 0.2491685
vt 0.1024400 0.6244730
vt 0.1026060 0.4451300
vt 0.1027845 0.2349617
vt 0.1029637 0.4841890
vt 0.1035161 0.3835546
vt 0.1039109 0.4313851
vt 0.1042043 0.2382864
vt 0.1042107 0.4717243
vt 0.1043686 0.5932765
vt 0.1047760 0.0304010
vt 0.1048956 0.2708305
vt 0.1056170 0.3155610
vt 0.1056881 0.0089836
vt 0.1074898 0.4172912
vt 0.1075450 0.4269790
vt 0.1083878 0.4072592
vt 0.1084201 0.0133208
vt 0.1092850 0.5522620
vt 0.1093376 0.0055927
vt 0.1100038 0.4403570
vt 0.1100328 0.4686851
vt 0.1102102 0.2301777
vt 0.1112494 0.5596481
vt 0.1115416 0.2399737
vt 0.1115526 0.4156278
vt 0.1116070 0.5264610
vt 0.1117726 0.4292679
vt 0.1119088 0.5251125
vt 0.1129842 0.2355416
vt 0.1130224 0.4924370
vt 0.1130850 0.6073880
vt 0.1135303 0.4844102
vt 0.1136295 0.0074364
vt 0.1139320 0.0102400
vt 0.1142642 0.2745504
vt 0.1143675 0.2523656
vt 0.1146903 0.4722283
vt 0.1148930 0.3356640
vt 0.1149240 0.4094280
vt 0.1149713 0.4567805
vt 0.1168996 0.4079959
vt 0.1172191 0.3773543
vt 0.1172351 0.2294720
vt 0.1174336 0.0082984
vt 0.1175600 0.4392627
vt 0.1179942 0.0027904
vt 0.1182082 0.3971123
vt 0.1186822 0.4155875
vt 0.1187494 0.2423014
vt 0.1190580 0.0244340
vt 0.1191960 0.4198048
vt 0.1198310 0.5890410
vt 0.1199350 0.3214400
vt 0.1208942 0.4405133
vt 0.1228554 0.4723793
vt 0.1228577 0.2798196
vt 0.1229304 0.0045772
vt 0.1231025 0.4849802
vt 0.1233136 0.2257159
vt 0.1235220 0.5704150
vt 0.1236802 0.4053204
vt 0.1244030 0.4994760
vt 0.1244880 0.4827960
vt 0.1246225 0.4311746
vt 0.1246404 0.0159133
vt 0.1248310 0.5165510
vt 0.1249320 0.3930270
vt 0.1250540 0.5520180
vt 0.1252520 0.5340530
vt 0.1253812 0.2307296
vt 0.1253842 0.3298746
vt 0.1254380 0.5545750
vt 0.1255335 0.4158116
vt 0.1255370 0.4665200
vt 0.1256921 0.2575715
vt 0.1259328 0.2453705
vt 0.1262099 0.4569730
vt 0.1279270 0.4507330
vt 0.1286357 0.0018034
vt 0.1290001 0.2219499
vt 0.1290595 0.4027483
vt 0.1294294 0.3685206
vt 0.1296840 0.5289910
vt 0.1297382 0.4186704
vt 0.1300164 0.3908990
vt 0.1301470 0.0052710
vt 0.1304222 0.2864830
vt 0.1305230 0.4763546
vt 0.1310184 0.4077334
vt 0.1311360 0.3405410
vt 0.1313076 0.4413290
vt 0.1315327 0.2272661
vt 0.1316730 0.4570687
vt 0.1319620 0.4356060
vt 0.1321601 0.0053480
vt 0.1327286 0.2489735
vt 0.1330168 0.4847398
vt 0.1338570 0.0198990
vt 0.1341235 0.3998547
vt 0.1342208 0.2208276
vt 0.1347590 0.3258910
vt 0.1357571 0.5436051
vt 0.1359322 0.3608117
vt 0.1361269 0.0065200
vt 0.1364255 0.4203246
vt 0.1367342 0.2943441
vt 0.1367828 0.2650240
vt 0.1371270 0.4571632
vt 0.1375450 0.3783890
vt 0.1376114 0.0017134
vt 0.1378490 0.4213920
vt 0.1380237 0.2096754
vt 0.1380264 0.4160311
vt 0.1383362 0.2200990
vt 0.1386757 0.2527823
vt 0.1394195 0.4398745
vt 0.1398993 0.2162717
vt 0.1401747 0.3957992
vt 0.1405879 0.3827554
vt 0.1409731 0.4314612
vt 0.1410176 0.3521026
vt 0.1416068 0.3031701
vt 0.1417082 0.4849859
vt 0.1417230 0.5579330
vt 0.1419610 0.4726994
vt 0.1425787 0.4572591
vt 0.1427126 0.2135025
vt 0.1431143 0.0086462
vt 0.1436194 0.2094744
vt 0.1439976 0.2021164
vt 0.1441758 0.1945383
vt 0.1445121 0.2572715
vt 0.1445359 0.3426518
vt 0.1448959 0.3127010
vt 0.1456790 0.4084060
vt 0.1461501 0.3909993
vt 0.1461849 0.2064812
vt 0.1462262 0.4162416
vt 0.1463829 0.3327382
vt 0.1464315 0.2742665
vt 0.1465038 0.3226551
vt 0.1465797 0.4206644
vt 0.1467700 0.0019110
vt 0.1471458 0.1889507
vt 0.1472770 0.5325830
vt 0.1477790 0.3437990
vt 0.1478949 0.1812866
vt 0.1480215 0.4573534
vt 0.1481901 0.4409827
vt 0.1487575 0.0049469
vt 0.1490290 0.0168330
vt 0.1493039 0.1974354
vt 0.1494565 0.0113434
vt 0.1496098 0.3729213
vt 0.1499490 0.3288640
vt 0.1502616 0.4760574
vt 0.1504800 0.2627047
vt 0.1505004 0.1742135
vt 0.1513146 0.1684122
vt 0.1516286 0.3857068
vt 0.1516612 0.1910278
vt 0.1524003 0.1624603
vt 0.1524970 0.3660950
vt 0.1528874 0.3845103
vt 0.1529884 0.4163540
vt 0.1534919 0.4574510
vt 0.1536111 0.1576268
vt 0.1537177 0.4853375
vt 0.1538166 0.1815848
vt 0.1543525 0.2850247
vt 0.1553896 0.1518581
vt 0.1554200 0.3969950
vt 0.1555285 0.2682278
vt 0.1556480 0.4320270
vt 0.1559560 0.0164576
vt 0.1559790 0.5101420
vt 0.1559820 0.5098970
vt 0.1559820 0.5103860
vt 0.1559890 0.5106310
vt 0.1559900 0.5096530
vt 0.1560030 0.5094090
vt 0.1560030 0.5108750
vt 0.1560210 0.5111190
vt 0.1560220 0.5091650
vt 0.1560440 0.5113620
vt 0.1560450 0.5089220
vt 0.1560730 0.5116050
vt 0.1560740 0.5086790
vt 0.1560980 0.5099257
vt 0.1561070 0.5118470
vt 0.1561090 0.5084370
vt 0.1561123 0.5107400
vt 0.1561361 0.5091767
vt 0.1561460 0.5120880
vt 0.1561480 0.5081960
vt 0.1561663 0.0095649
vt 0.1561905 0.1714190
vt 0.1561910 0.5123290
vt 0.1561930 0.5079550
vt 0.1562046 0.5117049
vt 0.1562230 0.5084527
vt 0.1562400 0.5125680
vt 0.1562420 0.5077160
vt 0.1562950 0.5128060
vt 0.1562970 0.5074780
vt 0.1563550 0.5130430
vt 0.1563570 0.5072410
vt 0.1563626 0.4204082
vt 0.1563751 0.5126338
vt 0.1564145 0.5074921
vt 0.1564190 0.5132790
vt 0.1564220 0.5070050
vt 0.1564890 0.5135130
vt 0.1564920 0.5067710
vt 0.1565640 0.5137460
vt 0.1565670 0.5065390
vt 0.1566279 0.3800811
vt 0.1566391 0.5135990
vt 0.1566440 0.5139770
vt 0.1566480 0.5063080
vt 0.1567191 0.5064554
vt 0.1567290 0.5142060
vt 0.1567330 0.5060780
vt 0.1568162 0.3616866
vt 0.1568190 0.5144330
vt 0.1568230 0.5058510
vt 0.1568794 0.5142748
vt 0.1569140 0.5146590
vt 0.1569170 0.5056260
vt 0.1569393 0.3360733
vt 0.1570130 0.5148820
vt 0.1570170 0.5054030
vt 0.1570748 0.5055590
vt 0.1571170 0.5151030
vt 0.1571220 0.5051820
vt 0.1571674 0.5149367
vt 0.1572260 0.5153220
vt 0.1572310 0.5049630
vt 0.1573400 0.5155390
vt 0.1573450 0.5047460
vt 0.1574580 0.5157520
vt 0.1574630 0.5045330
vt 0.1575127 0.5046844
vt 0.1575810 0.5159640
vt 0.1575860 0.5043210
vt 0.1576741 0.5158917
vt 0.1577090 0.5161720
vt 0.1577140 0.5041130
vt 0.1577432 0.1417503
vt 0.1578244 0.0109374
vt 0.1578410 0.5163780
vt 0.1578460 0.5039070
vt 0.1578716 0.1643170
vt 0.1579770 0.5165810
vt 0.1579820 0.5037040
vt 0.1580186 0.5038600
vt 0.1581170 0.5167810
vt 0.1581230 0.5035050
vt 0.1582335 0.5167418
vt 0.1582620 0.5169780
vt 0.1582680 0.5033080
vt 0.1583076 0.4729891
vt 0.1583093 0.5607665
vt 0.1584110 0.5171720
vt 0.1584170 0.5031140
vt 0.1585650 0.5173620
vt 0.1585710 0.5029240
vt 0.1585835 0.5030932
vt 0.1587220 0.5175490
vt 0.1587280 0.5027370
vt 0.1587327 0.5173813
vt 0.1588830 0.5177330
vt 0.1588900 0.5025530
vt 0.1590480 0.5179130
vt 0.1590550 0.5023730
vt 0.1590917 0.4412165
vt 0.1592170 0.5180900
vt 0.1592240 0.5021970
vt 0.1592255 0.5023671
vt 0.1592811 0.2730260
vt 0.1593877 0.5180967
vt 0.1593900 0.5182630
vt 0.1593970 0.5020240
vt 0.1595670 0.5184320
vt 0.1595740 0.5018550
vt 0.1595814 0.1565381
vt 0.1597470 0.5185970
vt 0.1597540 0.5016900
vt 0.1599277 0.5016919
vt 0.1599300 0.5187590
vt 0.1599360 0.1331953
vt 0.1599380 0.5015280
vt 0.1601170 0.5189160
vt 0.1601220 0.5187654
vt 0.1601250 0.5013710
vt 0.1602632 0.0228370
vt 0.1602907 0.4852231
vt 0.1603080 0.5190700
vt 0.1603118 0.2969799
vt 0.1603150 0.5012180
vt 0.1605010 0.5192190
vt 0.1605090 0.5010690
vt 0.1605097 0.1498426
vt 0.1606818 0.5010855
vt 0.1606980 0.5193640
vt 0.1607060 0.5009240
vt 0.1608722 0.5193438
vt 0.1608980 0.5195050
vt 0.1609060 0.5007830
vt 0.1610197 0.3741193
vt 0.1611010 0.5196410
vt 0.1611090 0.5006470
vt 0.1611865 0.1280894
vt 0.1613070 0.5197730
vt 0.1613150 0.5005150
vt 0.1614677 0.5005580
vt 0.1615150 0.5199010
vt 0.1615230 0.5003880
vt 0.1616086 0.4164627
vt 0.1616589 0.5198485
vt 0.1617260 0.5200240
vt 0.1617350 0.5002650
vt 0.1619400 0.5201420
vt 0.1619490 0.5001470
vt 0.1619929 0.3493826
vt 0.1621102 0.5001919
vt 0.1621560 0.5202560
vt 0.1621650 0.5000330
vt 0.1621663 0.1218645
vt 0.1623750 0.5203660
vt 0.1623840 0.4999240
vt 0.1625229 0.5203050
vt 0.1625960 0.5204700
vt 0.1626050 0.4998200
vt 0.1627088 0.1416037
vt 0.1627822 0.4998686
vt 0.1628190 0.5205700
vt 0.1628280 0.4997200
vt 0.1630450 0.5206650
vt 0.1630540 0.4996250
vt 0.1632720 0.5207550
vt 0.1632810 0.4995360
vt 0.1634234 0.5405672
vt 0.1634330 0.5206909
vt 0.1635010 0.5208400
vt 0.1635100 0.4994510
vt 0.1636430 0.0002010
vt 0.1636674 0.4995192
vt 0.1637155 0.0287647
vt 0.1637320 0.5209200
vt 0.1637410 0.4993710
vt 0.1638005 0.1154493
vt 0.1638400 0.2799639
vt 0.1639650 0.5209950
vt 0.1639740 0.4992960
vt 0.1640441 0.4576400
vt 0.1641227 0.3643689
vt 0.1641342 0.3097773
vt 0.1641573 0.0192215
vt 0.1641990 0.5210650
vt 0.1642080 0.4992260
vt 0.1643471 0.5209854
vt 0.1644280 0.0152720
vt 0.1644350 0.5211300
vt 0.1644440 0.4991610
vt 0.1645915 0.4992440
vt 0.1646610 0.3454130
vt 0.1646720 0.5211900
vt 0.1646810 0.4991010
vt 0.1649100 0.5212450
vt 0.1649190 0.4990470
vt 0.1649865 0.3363720
vt 0.1649911 0.3676719
vt 0.1651490 0.5212950
vt 0.1651590 0.4989970
vt 0.1652891 0.5212026
vt 0.1653570 0.3303380
vt 0.1653890 0.5213390
vt 0.1653990 0.4989530
vt 0.1655419 0.4990472
vt 0.1656310 0.5213790
vt 0.1656400 0.4989140
vt 0.1657079 0.3230388
vt 0.1658730 0.5214130
vt 0.1658820 0.4988800
vt 0.1660655 0.1297950
vt 0.1661160 0.5214420
vt 0.1661250 0.4988510
vt 0.1661253 0.4326842
vt 0.1662095 0.5213331
vt 0.1662572 0.4989528
vt 0.1663590 0.5214650
vt 0.1663690 0.4988270
vt 0.1666030 0.5214840
vt 0.1666120 0.4988090
vt 0.1668470 0.5214970
vt 0.1668560 0.4987960
vt 0.1669044 0.0334829
vt 0.1669070 0.3874820
vt 0.1669687 0.5213866
vt 0.1669876 0.4989080
vt 0.1670910 0.5215050
vt 0.1671010 0.4987880
vt 0.1671814 0.4847581
vt 0.1672824 0.4220362
vt 0.1672966 0.1105780
vt 0.1673350 0.5215080
vt 0.1673450 0.4987860
vt 0.1675800 0.5215050
vt 0.1675900 0.4987880
vt 0.1676166 0.0950144
vt 0.1676828 0.5213860
vt 0.1677046 0.4989071
vt 0.1677872 0.2873992
vt 0.1678240 0.5214980
vt 0.1678327 0.0889647
vt 0.1678340 0.4987960
vt 0.1680444 0.1025800
vt 0.1680680 0.5214850
vt 0.1680780 0.4988100
vt 0.1682200 0.0392731
vt 0.1682591 0.1195710
vt 0.1683120 0.5214660
vt 0.1683220 0.4988280
vt 0.1684312 0.4989564
vt 0.1684415 0.3607993
vt 0.1685550 0.5214430
vt 0.1685650 0.4988520
vt 0.1686589 0.5213138
vt 0.1687295 0.0270558
vt 0.1687980 0.5214140
vt 0.1688080 0.4988810
vt 0.1690400 0.5213800
vt 0.1690500 0.4989150
vt 0.1691977 0.0469303
vt 0.1692344 0.4731736
vt 0.1692439 0.4165733
vt 0.1692820 0.5213410
vt 0.1692910 0.4989540
vt 0.1693170 0.3565870
vt 0.1694402 0.4991011
vt 0.1695220 0.5212970
vt 0.1695320 0.4989990
vt 0.1695989 0.5211616
vt 0.1697271 0.0820765
vt 0.1697610 0.5212470
vt 0.1697710 0.4990490
vt 0.1698779 0.0722088
vt 0.1700000 0.5211920
vt 0.1700052 0.2924815
vt 0.1700090 0.4991040
vt 0.1700121 0.4413511
vt 0.1700962 0.4992440
vt 0.1702370 0.5211330
vt 0.1702460 0.4991640
vt 0.1704720 0.5210680
vt 0.1704820 0.4992290
vt 0.1705616 0.5209191
vt 0.1707070 0.5209980
vt 0.1707160 0.4992990
vt 0.1707534 0.0665346
vt 0.1707966 0.4994469
vt 0.1709054 0.0608554
vt 0.1709390 0.5209230
vt 0.1709490 0.4993740
vt 0.1711700 0.5208430
vt 0.1711800 0.4994540
vt 0.1712300 0.3538026
vt 0.1712465 0.5206922
vt 0.1714000 0.5207580
vt 0.1714090 0.4995390
vt 0.1714787 0.4996907
vt 0.1716270 0.5206680
vt 0.1716360 0.4996290
vt 0.1716923 0.0766310
vt 0.1718520 0.5205740
vt 0.1718585 0.2977082
vt 0.1718610 0.4997240
vt 0.1719095 0.5204204
vt 0.1720760 0.5204740
vt 0.1720771 0.0335805
vt 0.1720850 0.4998240
vt 0.1721558 0.4999864
vt 0.1721762 0.0538173
vt 0.1722970 0.5203700
vt 0.1723060 0.4999280
vt 0.1725160 0.5202610
vt 0.1725240 0.5000370
vt 0.1725296 0.0976667
vt 0.1725719 0.5201021
vt 0.1727320 0.5201470
vt 0.1727410 0.5001510
vt 0.1729460 0.5200290
vt 0.1729540 0.5002700
vt 0.1730093 0.5004374
vt 0.1731570 0.5199060
vt 0.1731660 0.5003930
vt 0.1732024 0.5197414
vt 0.1733660 0.5197780
vt 0.1733740 0.5005200
vt 0.1735720 0.5196470
vt 0.1735800 0.5006520
vt 0.1736189 0.3456665
vt 0.1737572 0.0888428
vt 0.1737750 0.5195100
vt 0.1737830 0.5007890
vt 0.1738096 0.5193449
vt 0.1738365 0.5009694
vt 0.1739284 0.0391008
vt 0.1739750 0.5193700
vt 0.1739792 0.3055304
vt 0.1739830 0.5009300
vt 0.1741720 0.5192250
vt 0.1741790 0.5010750
vt 0.1743650 0.5190760
vt 0.1743730 0.5012240
vt 0.1743784 0.5189163
vt 0.1744822 0.4859889
vt 0.1744889 0.0467830
vt 0.1745560 0.5189230
vt 0.1745630 0.5013770
vt 0.1745732 0.5015382
vt 0.1747030 0.5664430
vt 0.1747430 0.5187650
vt 0.1747500 0.5015350
vt 0.1748059 0.4167379
vt 0.1749270 0.5186040
vt 0.1749340 0.5016960
vt 0.1749365 0.5184393
vt 0.1750735 0.0802504
vt 0.1751070 0.5184390
vt 0.1751140 0.5018620
vt 0.1751349 0.3381698
vt 0.1752770 0.3125898
vt 0.1752840 0.5182700
vt 0.1752910 0.5020310
vt 0.1753010 0.5022056
vt 0.1754560 0.5180970
vt 0.1754579 0.5179260
vt 0.1754630 0.5022040
vt 0.1756260 0.5179210
vt 0.1756320 0.5023800
vt 0.1757910 0.5177400
vt 0.1757980 0.5025600
vt 0.1758053 0.0684112
vt 0.1758353 0.3323262
vt 0.1759444 0.5173874
vt 0.1759464 0.5029107
vt 0.1759520 0.5175570
vt 0.1759590 0.5027440
vt 0.1760183 0.3203190
vt 0.1761100 0.5173700
vt 0.1761160 0.5029310
vt 0.1761200 0.3264184
vt 0.1762630 0.5171790
vt 0.1762690 0.5031220
vt 0.1762757 0.0579683
vt 0.1764038 0.5168005
vt 0.1764120 0.5169860
vt 0.1764180 0.5033160
vt 0.1765474 0.5036917
vt 0.1765580 0.5167890
vt 0.1765630 0.5035130
vt 0.1766980 0.5165890
vt 0.1767040 0.5037120
vt 0.1768350 0.5163860
vt 0.1768400 0.5039150
vt 0.1769195 0.5160339
vt 0.1769670 0.5161810
vt 0.1769720 0.5041210
vt 0.1770552 0.5044845
vt 0.1770940 0.5159720
vt 0.1770990 0.5043300
vt 0.1772170 0.5157610
vt 0.1772220 0.5045410
vt 0.1772902 0.5153875
vt 0.1772985 0.3362659
vt 0.1773360 0.5155470
vt 0.1773410 0.5047550
vt 0.1774500 0.5153310
vt 0.1774540 0.5049720
vt 0.1775135 0.5053638
vt 0.1775590 0.5151120
vt 0.1775630 0.5051900
vt 0.1776128 0.5147168
vt 0.1776312 0.3445242
vt 0.1776640 0.5148910
vt 0.1776680 0.5054120
vt 0.1777630 0.5146680
vt 0.1777670 0.5056350
vt 0.1777996 0.5060135
vt 0.1778580 0.5144430
vt 0.1778620 0.5058600
vt 0.1778669 0.3622479
vt 0.1779480 0.5142150
vt 0.1779520 0.5060880
vt 0.1779530 0.3545971
vt 0.1779626 0.5138358
vt 0.1780035 0.4743291
vt 0.1780330 0.5139860
vt 0.1780360 0.5063170
vt 0.1780450 0.5067042
vt 0.1781130 0.5137550
vt 0.1781160 0.5065480
vt 0.1781290 0.3281722
vt 0.1781880 0.5135230
vt 0.1781910 0.5067810
vt 0.1782418 0.5129045
vt 0.1782590 0.5132880
vt 0.1782610 0.5070150
vt 0.1783008 0.5076345
vt 0.1783240 0.5130530
vt 0.1783260 0.5072500
vt 0.1783840 0.5128160
vt 0.1783860 0.5074870
vt 0.1784380 0.5125770
vt 0.1784392 0.5119442
vt 0.1784410 0.5077260
vt 0.1784725 0.5085763
vt 0.1784880 0.5123380
vt 0.1784900 0.5079650
vt 0.1785330 0.5120980
vt 0.1785340 0.5082060
vt 0.1785498 0.5110293
vt 0.1785546 0.5093030
vt 0.1785720 0.5118560
vt 0.1785740 0.5084470
vt 0.1785836 0.5100380
vt 0.1786060 0.5116140
vt 0.1786080 0.5086890
vt 0.1786350 0.5113720
vt 0.1786360 0.5089320
vt 0.1786590 0.5111280
vt 0.1786600 0.5091750
vt 0.1786780 0.5094190
vt 0.1786780 0.5108850
vt 0.1786910 0.5096630
vt 0.1786910 0.5106410
vt 0.1786990 0.5099070
vt 0.1786990 0.5103960
vt 0.1787020 0.5101520
vt 0.1787305 0.3213603
vt 0.1788089 0.3676348
vt 0.1791606 0.4321314
vt 0.1792827 0.3169522
vt 0.1798660 0.3801210
vt 0.1799060 0.0152240
vt 0.1800862 0.4211100
vt 0.1804229 0.4579200
vt 0.1805376 0.3082379
vt 0.1806020 0.0001490
vt 0.1807959 0.3740169
vt 0.1808360 0.3302900
vt 0.1808998 0.4415524
vt 0.1812910 0.5413270
vt 0.1816210 0.3453610
vt 0.1819146 0.3017138
vt 0.1822461 0.4167908
vt 0.1824770 0.2962530
vt 0.1825604 0.3318293
vt 0.1827088 0.3486781
vt 0.1830724 0.3379293
vt 0.1834183 0.3629554
vt 0.1837841 0.2894917
vt 0.1841557 0.3172542
vt 0.1842319 0.3238994
vt 0.1842452 0.3694748
vt 0.1842610 0.3838480
vt 0.1843318 0.4856899
vt 0.1849230 0.5539674
vt 0.1849997 0.3715529
vt 0.1850855 0.3114724
vt 0.1855367 0.2804538
vt 0.1859563 0.3057890
vt 0.1860289 0.4731273
vt 0.1874020 0.3500980
vt 0.1877585 0.3776888
vt 0.1879595 0.2973165
vt 0.1879856 0.2716398
vt 0.1883242 0.0094888
vt 0.1890978 0.3359972
vt 0.1895750 0.4201689
vt 0.1897810 0.2873597
vt 0.1901555 0.3945611
vt 0.1903056 0.2797195
vt 0.1904204 0.3855268
vt 0.1905320 0.2611708
vt 0.1909247 0.2550199
vt 0.1913108 0.4423768
vt 0.1916834 0.5697194
vt 0.1927941 0.4323561
vt 0.1928543 0.2493670
vt 0.1931387 0.2730817
vt 0.1939530 0.3750560
vt 0.1939574 0.3899329
vt 0.1939995 0.4862171
vt 0.1944036 0.4581684
vt 0.1946324 0.2657441
vt 0.1948008 0.2439391
vt 0.1949898 0.2397600
vt 0.1953140 0.0166980
vt 0.1958230 0.2602842
vt 0.1961673 0.2550410
vt 0.1962350 0.3287300
vt 0.1965653 0.4193337
vt 0.1969420 0.2295191
vt 0.1970783 0.4757908
vt 0.1973706 0.3977144
vt 0.1974850 0.0017640
vt 0.1978950 0.5458030
vt 0.1984930 0.3436510
vt 0.1988581 0.2468665
vt 0.1994142 0.4408996
vt 0.1994166 0.2242298
vt 0.1994412 0.2354155
vt 0.2001315 0.2414514
vt 0.2005750 0.4171730
vt 0.2008692 0.2162765
vt 0.2025239 0.2294392
vt 0.2030111 0.4022783
vt 0.2031776 0.3578954
vt 0.2032201 0.2217062
vt 0.2037151 0.4325563
vt 0.2049251 0.4864070
vt 0.2049926 0.2122760
vt 0.2061280 0.3466150
vt 0.2067868 0.4173021
vt 0.2067901 0.2172487
vt 0.2071249 0.4090123
vt 0.2072017 0.4024038
vt 0.2074036 0.4738603
vt 0.2080376 0.4584039
vt 0.2081191 0.4217626
vt 0.2081869 0.4420464
vt 0.2085990 0.5752630
vt 0.2088020 0.3723040
vt 0.2105040 0.0196710
vt 0.2114070 0.3256640
vt 0.2114850 0.4173640
vt 0.2121957 0.4050361
vt 0.2124294 0.4831702
vt 0.2135245 0.1944179
vt 0.2141280 0.0050210
vt 0.2143430 0.5499490
vt 0.2147983 0.5657790
vt 0.2151170 0.3402910
vt 0.2160452 0.4115314
vt 0.2173477 0.4327848
vt 0.2179549 0.4194383
vt 0.2181206 0.4867546
vt 0.2182962 0.4740487
vt 0.2185665 0.4428478
vt 0.2191650 0.4073317
vt 0.2198797 0.0156877
vt 0.2206235 0.3296489
vt 0.2206429 0.1912821
vt 0.2221853 0.1862556
vt 0.2240740 0.3717600
vt 0.2244029 0.4586905
vt 0.2249560 0.3459200
vt 0.2251200 0.4176020
vt 0.2253290 0.0241220
vt 0.2255563 0.4108305
vt 0.2260590 0.5790110
vt 0.2262060 0.3211280
vt 0.2263674 0.4867049
vt 0.2264495 0.4219124
vt 0.2264909 0.4741850
vt 0.2266700 0.4414043
vt 0.2273941 0.1791069
vt 0.2303710 0.0098980
vt 0.2305332 0.4176841
vt 0.2306910 0.5534810
vt 0.2310551 0.1828839
vt 0.2313320 0.3353220
vt 0.2328689 0.4091576
vt 0.2333596 0.3596307
vt 0.2334491 0.4867030
vt 0.2337255 0.4330824
vt 0.2346917 0.4743178
vt 0.2349388 0.4431415
vt 0.2364294 0.1793491
vt 0.2365965 0.4047166
vt 0.2375329 0.4178329
vt 0.2386700 0.5662946
vt 0.2387208 0.4221270
vt 0.2394880 0.3732320
vt 0.2395273 0.4088718
vt 0.2396470 0.0300020
vt 0.2399561 0.1811739
vt 0.2404870 0.3151610
vt 0.2407306 0.4862045
vt 0.2407569 0.4589701
vt 0.2420052 0.1760380
vt 0.2430448 0.4416549
vt 0.2433607 0.4081759
vt 0.2434940 0.3476610
vt 0.2439220 0.5818710
vt 0.2448108 0.4036945
vt 0.2455822 0.4745088
vt 0.2460590 0.0163400
vt 0.2462993 0.4179242
vt 0.2466273 0.1796956
vt 0.2469620 0.5561190
vt 0.2469800 0.3287840
vt 0.2491024 0.4869260
vt 0.2496194 0.0279241
vt 0.2500798 0.4333541
vt 0.2501310 0.5172890
vt 0.2501330 0.5168930
vt 0.2501370 0.5176850
vt 0.2501440 0.5164960
vt 0.2501510 0.5180810
vt 0.2501640 0.5161010
vt 0.2501740 0.5184770
vt 0.2501920 0.5157050
vt 0.2502060 0.5188720
vt 0.2502280 0.5153100
vt 0.2502460 0.5192660
vt 0.2502730 0.5149170
vt 0.2502950 0.5196600
vt 0.2503039 0.3172722
vt 0.2503270 0.5145240
vt 0.2503520 0.5200520
vt 0.2503890 0.5141320
vt 0.2504170 0.5204430
vt 0.2504590 0.5137420
vt 0.2504910 0.5208320
vt 0.2505380 0.5133540
vt 0.2505730 0.5212200
vt 0.2506250 0.5129670
vt 0.2506420 0.5176720
vt 0.2506640 0.5216060
vt 0.2507200 0.5125820
vt 0.2507620 0.5219900
vt 0.2507795 0.5161323
vt 0.2507950 0.5195930
vt 0.2508062 0.5184315
vt 0.2508240 0.5122000
vt 0.2508690 0.5223720
vt 0.2509012 0.3959294
vt 0.2509360 0.5118200
vt 0.2509677 0.5144249
vt 0.2509850 0.5227510
vt 0.2510002 0.5201467
vt 0.2510560 0.5114420
vt 0.2511080 0.5231280
vt 0.2511840 0.5110670
vt 0.2512400 0.5235010
vt 0.2512832 0.5128418
vt 0.2512952 0.4433951
vt 0.2513200 0.5106950
vt 0.2513617 0.5218205
vt 0.2513790 0.5238720
vt 0.2514640 0.5103250
vt 0.2515260 0.5242400
vt 0.2516160 0.5099590
vt 0.2516716 0.4591618
vt 0.2516820 0.5246050
vt 0.2517097 0.5114924
vt 0.2517760 0.5095960
vt 0.2518404 0.5232418
vt 0.2518450 0.5249660
vt 0.2519430 0.5092370
vt 0.2520160 0.5253240
vt 0.2521190 0.5088820
vt 0.2521842 0.5102779
vt 0.2521940 0.5256780
vt 0.2523020 0.5085300
vt 0.2523684 0.5246097
vt 0.2523800 0.5260280
vt 0.2524920 0.5081830
vt 0.2525740 0.5263740
vt 0.2526900 0.5078390
vt 0.2527431 0.5090243
vt 0.2527750 0.5267150
vt 0.2528950 0.5075000
vt 0.2529830 0.5270530
vt 0.2530903 0.1823312
vt 0.2531070 0.5071650
vt 0.2531980 0.5273850
vt 0.2533180 0.0372590
vt 0.2533270 0.5068350
vt 0.2533958 0.5078682
vt 0.2534210 0.5277130
vt 0.2534527 0.5266121
vt 0.2535540 0.5065100
vt 0.2536510 0.5280360
vt 0.2537870 0.5061900
vt 0.2538278 0.4003641
vt 0.2538870 0.5283550
vt 0.2540280 0.5058750
vt 0.2541170 0.3078260
vt 0.2541300 0.5286670
vt 0.2541462 0.5067359
vt 0.2542750 0.5055650
vt 0.2543800 0.5289750
vt 0.2544574 0.4225159
vt 0.2545290 0.5052610
vt 0.2546370 0.5292770
vt 0.2547384 0.5284336
vt 0.2547890 0.5049620
vt 0.2548280 0.3764850
vt 0.2549000 0.5295740
vt 0.2549463 0.5057352
vt 0.2550560 0.5046680
vt 0.2551690 0.5298650
vt 0.2553290 0.5043810
vt 0.2554440 0.5301500
vt 0.2556080 0.5040990
vt 0.2556136 0.4180916
vt 0.2556680 0.5296721
vt 0.2557260 0.5304290
vt 0.2558294 0.5046053
vt 0.2558930 0.5038240
vt 0.2560130 0.5307020
vt 0.2561106 0.4766083
vt 0.2561830 0.5035550
vt 0.2563070 0.5309680
vt 0.2564800 0.5032920
vt 0.2566060 0.5312290
vt 0.2566277 0.5304217
vt 0.2567820 0.5030350
vt 0.2569100 0.5314820
vt 0.2570900 0.5027850
vt 0.2571171 0.4592577
vt 0.2571709 0.1874995
vt 0.2572200 0.5317300
vt 0.2572303 0.5034649
vt 0.2574030 0.5025420
vt 0.2575310 0.5313310
vt 0.2575350 0.5319700
vt 0.2577210 0.5023060
vt 0.2578550 0.5322040
vt 0.2580440 0.5020760
vt 0.2581800 0.5324300
vt 0.2582378 0.3917448
vt 0.2583720 0.5018530
vt 0.2584467 0.5318558
vt 0.2585100 0.5326500
vt 0.2586323 0.4871485
vt 0.2586968 0.5023869
vt 0.2587050 0.5016380
vt 0.2588450 0.5328620
vt 0.2590420 0.5014300
vt 0.2591840 0.5330670
vt 0.2593830 0.5012290
vt 0.2594202 0.4419618
vt 0.2594768 0.5017883
vt 0.2595280 0.5332650
vt 0.2597290 0.5010350
vt 0.2598750 0.5334560
vt 0.2600790 0.5008490
vt 0.2602270 0.5336390
vt 0.2602460 0.5329437
vt 0.2604330 0.5006710
vt 0.2605820 0.5338140
vt 0.2607910 0.5005000
vt 0.2608230 0.1834163
vt 0.2609410 0.5339820
vt 0.2610380 0.0242920
vt 0.2611520 0.5003370
vt 0.2612808 0.5008483
vt 0.2613040 0.5341410
vt 0.2615090 0.3514540
vt 0.2615170 0.5001810
vt 0.2616407 0.5336179
vt 0.2616700 0.5342930
vt 0.2618850 0.5000340
vt 0.2619140 0.3207470
vt 0.2620390 0.5344380
vt 0.2621770 0.5834750
vt 0.2622560 0.4998950
vt 0.2622622 0.1919882
vt 0.2624120 0.5345740
vt 0.2626300 0.4997630
vt 0.2627870 0.5347020
vt 0.2629578 0.5341118
vt 0.2630060 0.4996400
vt 0.2630710 0.5002561
vt 0.2631290 0.5575830
vt 0.2631650 0.5348220
vt 0.2633860 0.4995250
vt 0.2634206 0.3634381
vt 0.2635450 0.5349340
vt 0.2636823 0.4335916
vt 0.2637670 0.4994170
vt 0.2639270 0.5350370
vt 0.2641510 0.4993190
vt 0.2642590 0.4999225
vt 0.2643120 0.5351330
vt 0.2644532 0.5346400
vt 0.2645370 0.4992280
vt 0.2646172 0.4181506
vt 0.2646990 0.5352200
vt 0.2649250 0.4991460
vt 0.2650870 0.5352980
vt 0.2651070 0.1981193
vt 0.2653140 0.4990720
vt 0.2654770 0.5353690
vt 0.2657050 0.4990070
vt 0.2658499 0.5347990
vt 0.2658690 0.5354300
vt 0.2660970 0.4989500
vt 0.2661459 0.1888550
vt 0.2662140 0.0458190
vt 0.2662620 0.5354840
vt 0.2662624 0.4995497
vt 0.2664910 0.4989010
vt 0.2666550 0.5355290
vt 0.2668850 0.4988610
vt 0.2669610 0.2991880
vt 0.2670197 0.4768070
vt 0.2670500 0.5355660
vt 0.2672800 0.4988290
vt 0.2674450 0.5355940
vt 0.2676554 0.4436815
vt 0.2676760 0.4988060
vt 0.2676990 0.5350747
vt 0.2678410 0.5356130
vt 0.2680256 0.3595183
vt 0.2680317 0.4594521
vt 0.2680720 0.4987920
vt 0.2681416 0.4873802
vt 0.2681668 0.4993976
vt 0.2682380 0.5356240
vt 0.2684680 0.4987860
vt 0.2686340 0.5356270
vt 0.2687328 0.4222971
vt 0.2688650 0.4987880
vt 0.2690300 0.5356210
vt 0.2692610 0.4987990
vt 0.2692611 0.2084707
vt 0.2693813 0.4994334
vt 0.2694260 0.5356060
vt 0.2696570 0.4988190
vt 0.2697265 0.5349565
vt 0.2698220 0.5355830
vt 0.2699016 0.1981460
vt 0.2699300 0.3812750
vt 0.2700520 0.4988470
vt 0.2702170 0.5355510
vt 0.2703606 0.3490277
vt 0.2704470 0.4988830
vt 0.2706110 0.5355110
vt 0.2708410 0.4989280
vt 0.2709363 0.5705816
vt 0.2710050 0.5354630
vt 0.2710266 0.4995744
vt 0.2712330 0.4989820
vt 0.2713970 0.5354060
vt 0.2715469 0.2177252
vt 0.2716250 0.4990440
vt 0.2717077 0.5347177
vt 0.2717880 0.5353400
vt 0.2718568 0.3635804
vt 0.2720150 0.4991140
vt 0.2720681 0.3257329
vt 0.2721112 0.3352091
vt 0.2721770 0.5352660
vt 0.2722576 0.2121665
vt 0.2723329 0.2255818
vt 0.2724030 0.4991930
vt 0.2725650 0.5351840
vt 0.2726336 0.3074217
vt 0.2727531 0.3312771
vt 0.2727900 0.4992800
vt 0.2727970 0.2322595
vt 0.2728648 0.3407994
vt 0.2729249 0.2978792
vt 0.2729510 0.5350940
vt 0.2730240 0.2917709
vt 0.2730389 0.2807360
vt 0.2730950 0.4999873
vt 0.2730973 0.5346957
vt 0.2731148 0.2724819
vt 0.2731750 0.4993750
vt 0.2731861 0.3204527
vt 0.2732230 0.2492070
vt 0.2732250 0.2036817
vt 0.2733350 0.5349950
vt 0.2735570 0.4994790
vt 0.2735822 0.3144135
vt 0.2736722 0.3574700
vt 0.2737170 0.5348880
vt 0.2737344 0.3012500
vt 0.2737384 0.2865831
vt 0.2739380 0.4995910
vt 0.2740960 0.5347730
vt 0.2741377 0.2659015
vt 0.2741953 0.2553506
vt 0.2743150 0.4997110
vt 0.2743510 0.5340323
vt 0.2744720 0.5346490
vt 0.2746033 0.4337823
vt 0.2746900 0.4998390
vt 0.2748460 0.5345180
vt 0.2749101 0.5005751
vt 0.2750630 0.4999750
vt 0.2751680 0.0336710
vt 0.2752170 0.5343780
vt 0.2752988 0.4889455
vt 0.2753920 0.5337640
vt 0.2754320 0.5001190
vt 0.2755850 0.5342310
vt 0.2756526 0.2385930
vt 0.2757526 0.3489715
vt 0.2757576 0.4422559
vt 0.2757980 0.5002710
vt 0.2758930 0.4184436
vt 0.2759500 0.5340760
vt 0.2759694 0.2098455
vt 0.2759860 0.3112820
vt 0.2760354 0.5333569
vt 0.2761610 0.5004310
vt 0.2762315 0.5011636
vt 0.2763110 0.5339120
vt 0.2764003 0.0457268
vt 0.2765200 0.5005980
vt 0.2766690 0.5337420
vt 0.2768750 0.5007740
vt 0.2769076 0.2211538
vt 0.2770011 0.2993429
vt 0.2770230 0.5335630
vt 0.2772270 0.5009570
vt 0.2772731 0.2167622
vt 0.2773730 0.5333770
vt 0.2773974 0.3360196
vt 0.2774194 0.2602243
vt 0.2775567 0.5018644
vt 0.2775750 0.5011470
vt 0.2776061 0.5325157
vt 0.2776644 0.3308562
vt 0.2776725 0.2450145
vt 0.2777190 0.5331840
vt 0.2778056 0.3050014
vt 0.2779103 0.4770024
vt 0.2779180 0.5013450
vt 0.2779224 0.3242246
vt 0.2780454 0.2287138
vt 0.2780600 0.5329830
vt 0.2781435 0.2957523
vt 0.2781884 0.3110824
vt 0.2782070 0.0556040
vt 0.2782570 0.5015500
vt 0.2783251 0.3177998
vt 0.2783980 0.5327740
vt 0.2785920 0.5017630
vt 0.2786363 0.2848791
vt 0.2787191 0.2715016
vt 0.2787300 0.5325590
vt 0.2787815 0.3006957
vt 0.2788070 0.5026412
vt 0.2788960 0.3569480
vt 0.2788980 0.2893340
vt 0.2789220 0.5019820
vt 0.2790025 0.2508548
vt 0.2790580 0.5323360
vt 0.2791010 0.5575960
vt 0.2792470 0.5022090
vt 0.2793810 0.5321070
vt 0.2794000 0.5313279
vt 0.2795670 0.5024420
vt 0.2796990 0.5318700
vt 0.2798104 0.5034176
vt 0.2798820 0.5026830
vt 0.2799941 0.3456277
vt 0.2800120 0.5316270
vt 0.2800905 0.3415014
vt 0.2801920 0.5029300
vt 0.2803200 0.5313770
vt 0.2804970 0.5031840
vt 0.2806220 0.5311210
vt 0.2806891 0.3552961
vt 0.2807120 0.3600520
vt 0.2807430 0.5834260
vt 0.2807541 0.3764202
vt 0.2807960 0.5034440
vt 0.2808960 0.5043975
vt 0.2809190 0.5308580
vt 0.2809651 0.4871814
vt 0.2809872 0.5299451
vt 0.2810890 0.5037110
vt 0.2812100 0.5305880
vt 0.2812835 0.3495145
vt 0.2813760 0.5039840
vt 0.2814421 0.3646316
vt 0.2814950 0.5303130
vt 0.2816414 0.5050230
vt 0.2816580 0.5042630
vt 0.2816905 0.3248979
vt 0.2817241 0.3301721
vt 0.2817740 0.5300310
vt 0.2819330 0.5045480
vt 0.2820470 0.5297440
vt 0.2822030 0.5048380
vt 0.2823130 0.5294510
vt 0.2823367 0.4231177
vt 0.2823513 0.5059745
vt 0.2824000 0.5283980
vt 0.2824650 0.5051350
vt 0.2825730 0.5291520
vt 0.2826482 0.3154668
vt 0.2827220 0.5054370
vt 0.2828270 0.5288470
vt 0.2829720 0.5057450
vt 0.2830740 0.5285370
vt 0.2831568 0.3197967
vt 0.2831814 0.5070509
vt 0.2832150 0.5060580
vt 0.2832417 0.5274762
vt 0.2833150 0.5282220
vt 0.2833555 0.3372800
vt 0.2834520 0.5063760
vt 0.2835480 0.5279020
vt 0.2836810 0.5066990
vt 0.2837750 0.5275770
vt 0.2839040 0.5070270
vt 0.2839294 0.5263610
vt 0.2839660 0.5083268
vt 0.2839950 0.5272470
vt 0.2841190 0.5073600
vt 0.2841950 0.3746721
vt 0.2842070 0.5269120
vt 0.2843280 0.5076970
vt 0.2843976 0.4597324
vt 0.2844120 0.5265730
vt 0.2845280 0.5080390
vt 0.2845435 0.4186477
vt 0.2845436 0.4434073
vt 0.2846100 0.5262300
vt 0.2846107 0.5248798
vt 0.2846590 0.3873950
vt 0.2847000 0.5097306
vt 0.2847220 0.5083840
vt 0.2848010 0.5258820
vt 0.2848311 0.3030605
vt 0.2849080 0.5087340
vt 0.2849840 0.5255310
vt 0.2850870 0.5090880
vt 0.2851037 0.5106512
vt 0.2851125 0.5236857
vt 0.2851590 0.5251750
vt 0.2852228 0.3444020
vt 0.2852570 0.5094460
vt 0.2853270 0.5248160
vt 0.2854210 0.5098070
vt 0.2854860 0.5244530
vt 0.2855226 0.4339823
vt 0.2855760 0.5101720
vt 0.2856013 0.5226150
vt 0.2856064 0.5121189
vt 0.2856380 0.5240870
vt 0.2856798 0.3603154
vt 0.2857210 0.5219122
vt 0.2857230 0.5105400
vt 0.2857820 0.5237180
vt 0.2858630 0.5109110
vt 0.2859190 0.5233460
vt 0.2859714 0.5208051
vt 0.2859890 0.5137028
vt 0.2859940 0.5112850
vt 0.2860470 0.5229700
vt 0.2861086 0.3509243
vt 0.2861170 0.5116620
vt 0.2861670 0.5225930
vt 0.2862192 0.5194083
vt 0.2862330 0.5120410
vt 0.2862540 0.5153570
vt 0.2862780 0.5222120
vt 0.2863367 0.5177842
vt 0.2863400 0.5124220
vt 0.2863614 0.3569192
vt 0.2863820 0.5218300
vt 0.2864390 0.5128060
vt 0.2864770 0.5214450
vt 0.2865290 0.5131920
vt 0.2865640 0.5210580
vt 0.2865963 0.5165214
vt 0.2866110 0.5135800
vt 0.2866430 0.5206700
vt 0.2866850 0.5139690
vt 0.2867140 0.5202800
vt 0.2867510 0.5143600
vt 0.2867750 0.5198880
vt 0.2868080 0.5147520
vt 0.2868290 0.5194960
vt 0.2868560 0.5151460
vt 0.2868740 0.5191020
vt 0.2868960 0.5155400
vt 0.2869105 0.3291308
vt 0.2869110 0.5187070
vt 0.2869280 0.5159350
vt 0.2869292 0.2933025
vt 0.2869390 0.5183120
vt 0.2869510 0.5163310
vt 0.2869580 0.5179160
vt 0.2869660 0.5167270
vt 0.2869690 0.5175200
vt 0.2869720 0.5171230
vt 0.2871243 0.3663938
vt 0.2873021 0.3843809
vt 0.2875593 0.3095208
vt 0.2877765 0.6447248
vt 0.2877913 0.3217379
vt 0.2878980 0.6210530
vt 0.2883080 0.0443930
vt 0.2883334 0.6127513
vt 0.2883902 0.6743703
vt 0.2884464 0.3162474
vt 0.2885191 0.6387122
vt 0.2885216 0.6833446
vt 0.2885636 0.5955076
vt 0.2888242 0.3710504
vt 0.2888247 0.4771858
vt 0.2888295 0.6261115
vt 0.2888494 0.6333509
vt 0.2889362 0.6502155
vt 0.2890650 0.3004860
vt 0.2891850 0.0665160
vt 0.2894914 0.5824137
vt 0.2898090 0.2783560
vt 0.2899083 0.4877240
vt 0.2903162 0.3762928
vt 0.2904517 0.3015489
vt 0.2904710 0.5883121
vt 0.2905374 0.6995536
vt 0.2905785 0.6933228
vt 0.2907580 0.2837970
vt 0.2910281 0.6550127
vt 0.2911971 0.6671489
vt 0.2912441 0.6037117
vt 0.2913785 0.5682873
vt 0.2920526 0.5783868
vt 0.2920628 0.4197986
vt 0.2924499 0.2944817
vt 0.2924899 0.5617431
vt 0.2927482 0.3828381
vt 0.2930405 0.6903341
vt 0.2930984 0.2890783
vt 0.2931511 0.3931244
vt 0.2933003 0.5542035
vt 0.2933299 0.6432828
vt 0.2934379 0.6121370
vt 0.2936524 0.6176229
vt 0.2936988 0.6372001
vt 0.2937523 0.5979962
vt 0.2938074 0.6301044
vt 0.2938315 0.6230258
vt 0.2938349 0.6845356
vt 0.2939487 0.6707754
vt 0.2940334 0.6780035
vt 0.2942861 0.5929492
vt 0.2942985 0.7098305
vt 0.2944335 0.5830413
vt 0.2946396 0.2629457
vt 0.2946984 0.2745458
vt 0.2947090 0.5558950
vt 0.2947107 0.5723709
vt 0.2949418 0.4441342
vt 0.2952335 0.6971332
vt 0.2952829 0.7037611
vt 0.2952924 0.4599240
vt 0.2954224 0.5451758
vt 0.2956330 0.3638910
vt 0.2958768 0.2817081
vt 0.2962250 0.3878121
vt 0.2964138 0.4341674
vt 0.2966550 0.2788760
vt 0.2974911 0.2528498
vt 0.2975233 0.4188799
vt 0.2975364 0.5643249
vt 0.2979714 0.5567493
vt 0.2979807 0.7146726
vt 0.2980330 0.2680045
vt 0.2980441 0.5374783
vt 0.2987116 0.4004149
vt 0.2988760 0.3946950
vt 0.2990380 0.0784530
vt 0.2991937 0.0684127
vt 0.2992966 0.4233303
vt 0.2993729 0.4876468
vt 0.2994330 0.5813100
vt 0.2995940 0.2663640
vt 0.2996862 0.2765493
vt 0.2997913 0.5494555
vt 0.2998554 0.3941165
vt 0.3001233 0.2598337
vt 0.3001312 0.4754651
vt 0.3003370 0.0563480
vt 0.3007449 0.4600190
vt 0.3010200 0.2884580
vt 0.3015306 0.2507273
vt 0.3018109 0.5331051
vt 0.3021643 0.5416613
vt 0.3024296 0.4189617
vt 0.3025126 0.2373173
vt 0.3028847 0.3723359
vt 0.3038005 0.4031698
vt 0.3038989 0.2446300
vt 0.3050853 0.5666758
vt 0.3055673 0.3984042
vt 0.3056894 0.4349283
vt 0.3057753 0.4431461
vt 0.3061974 0.4601152
vt 0.3065116 0.2319220
vt 0.3070898 0.2211382
vt 0.3072352 0.2401548
vt 0.3076102 0.5296032
vt 0.3076770 0.0912960
vt 0.3077333 0.5192528
vt 0.3081540 0.2534670
vt 0.3081974 0.4065929
vt 0.3082780 0.4216422
vt 0.3084341 0.4788137
vt 0.3084795 0.5243995
vt 0.3096980 0.5522560
vt 0.3097904 0.7294273
vt 0.3103053 0.2123303
vt 0.3105944 0.4018454
vt 0.3106866 0.2265266
vt 0.3108450 0.4883746
vt 0.3111330 0.0694270
vt 0.3116499 0.4602107
vt 0.3116562 0.5158690
vt 0.3117180 0.3721480
vt 0.3117420 0.2753180
vt 0.3124170 0.4030910
vt 0.3132867 0.3904738
vt 0.3135360 0.4340852
vt 0.3138765 0.2195144
vt 0.3141790 0.5118520
vt 0.3143380 0.4214883
vt 0.3149740 0.4105477
vt 0.3150120 0.1049260
vt 0.3154120 0.2397960
vt 0.3156659 0.7279456
vt 0.3159110 0.2137130
vt 0.3160881 0.4052896
vt 0.3162705 0.2066685
vt 0.3164933 0.4757653
vt 0.3167351 0.4445684
vt 0.3171067 0.4603049
vt 0.3171232 0.0951090
vt 0.3172757 0.5166093
vt 0.3174889 0.2497684
vt 0.3177596 0.7316064
vt 0.3179210 0.5767260
vt 0.3184544 0.4879823
vt 0.3192387 0.2017780
vt 0.3192969 0.1942932
vt 0.3205980 0.0834990
vt 0.3206570 0.4192770
vt 0.3209790 0.1192080
vt 0.3211210 0.2611870
vt 0.3212910 0.2254780
vt 0.3214359 0.5116040
vt 0.3218576 0.4082243
vt 0.3225552 0.4603992
vt 0.3232234 0.4235828
vt 0.3236746 0.4346611
vt 0.3237220 0.5465210
vt 0.3244065 0.5071962
vt 0.3248459 0.1958900
vt 0.3248557 0.4431089
vt 0.3250660 0.4125590
vt 0.3253810 0.4874411
vt 0.3255140 0.1340070
vt 0.3257420 0.2106540
vt 0.3260264 0.1872082
vt 0.3271140 0.3817070
vt 0.3273661 0.4759429
vt 0.3280077 0.4604950
vt 0.3281107 0.4110580
vt 0.3285800 0.1491780
vt 0.3285945 0.5035562
vt 0.3286350 0.0984330
vt 0.3287150 0.1954640
vt 0.3290730 0.2462080
vt 0.3294354 0.1916144
vt 0.3294996 0.1247905
vt 0.3296911 0.4193718
vt 0.3297252 0.2200287
vt 0.3301410 0.1645780
vt 0.3301890 0.1800560
vt 0.3323331 0.4885229
vt 0.3329552 0.4353972
vt 0.3333667 0.4073750
vt 0.3334605 0.4605900
vt 0.3335165 0.5004700
vt 0.3336106 0.4442612
vt 0.3340772 0.1872829
vt 0.3343788 0.5061918
vt 0.3351319 0.7283672
vt 0.3351730 0.1140820
vt 0.3351863 0.4244157
vt 0.3352990 0.4899890
vt 0.3355150 0.2305200
vt 0.3357230 0.5693340
vt 0.3358482 0.1563158
vt 0.3359243 0.1884742
vt 0.3363560 0.5386420
vt 0.3365530 0.4231140
vt 0.3366171 0.4120941
vt 0.3366691 0.5535870
vt 0.3376438 0.1800218
vt 0.3384289 0.1848279
vt 0.3385481 0.4058065
vt 0.3385672 0.4195938
vt 0.3388654 0.4767890
vt 0.3389126 0.4606851
vt 0.3396445 0.7237762
vt 0.3399330 0.4085723
vt 0.3401420 0.1302970
vt 0.3402472 0.4882924
vt 0.3403920 0.2142780
vt 0.3407981 0.7292280
vt 0.3410748 0.4349810
vt 0.3417070 0.3926640
vt 0.3430856 0.5020003
vt 0.3434878 0.4103834
vt 0.3435020 0.1469200
vt 0.3436490 0.1976340
vt 0.3443651 0.4607809
vt 0.3445084 0.4444132
vt 0.3445238 0.4240021
vt 0.3446599 0.1835202
vt 0.3448015 0.4039786
vt 0.3450910 0.4196960
vt 0.3452120 0.1637930
vt 0.3452640 0.1807520
vt 0.3454406 0.7262649
vt 0.3457700 0.1787930
vt 0.3460030 0.1618360
vt 0.3462670 0.7185343
vt 0.3463362 0.4886532
vt 0.3465440 0.4347620
vt 0.3466226 0.1776225
vt 0.3471230 0.5286980
vt 0.3471970 0.1956930
vt 0.3479010 0.1449830
vt 0.3491791 0.5049288
vt 0.3495286 0.4370259
vt 0.3496396 0.4759800
vt 0.3498172 0.4608760
vt 0.3502760 0.2123700
vt 0.3504748 0.4065862
vt 0.3504909 0.7217377
vt 0.3509325 0.4197663
vt 0.3514380 0.1283970
vt 0.3516778 0.1836098
vt 0.3518417 0.5025612
vt 0.3521930 0.5589300
vt 0.3523250 0.7195170
vt 0.3531156 0.7143273
vt 0.3535580 0.7081465
vt 0.3536516 0.4004004
vt 0.3539889 0.1781100
vt 0.3540927 0.4883212
vt 0.3546610 0.4474590
vt 0.3549720 0.2286660
vt 0.3550075 0.1864267
vt 0.3550962 0.4253122
vt 0.3552580 0.4051760
vt 0.3554715 0.1542721
vt 0.3555570 0.5169340
vt 0.3562964 0.7009230
vt 0.3565208 0.5003076
vt 0.3565870 0.1122380
vt 0.3574993 0.4199216
vt 0.3579633 0.4774620
vt 0.3581481 0.4446562
vt 0.3583962 0.6943048
vt 0.3588989 0.4349656
vt 0.3589229 0.1859936
vt 0.3590524 0.1808222
vt 0.3592574 0.5043911
vt 0.3597285 0.3982098
vt 0.3598426 0.7059585
vt 0.3605060 0.4610560
vt 0.3607234 0.4610640
vt 0.3608247 0.2180548
vt 0.3608520 0.1782620
vt 0.3610650 0.1627850
vt 0.3612460 0.2444220
vt 0.3612680 0.5037550
vt 0.3615750 0.5304823
vt 0.3617517 0.4345554
vt 0.3620223 0.3904651
vt 0.3621540 0.1936850
vt 0.3622003 0.1228251
vt 0.3622936 0.4889175
vt 0.3624587 0.6803994
vt 0.3627970 0.1474040
vt 0.3629204 0.6981022
vt 0.3629304 0.4200146
vt 0.3632920 0.0966600
vt 0.3633000 0.6771560
vt 0.3634717 0.6891918
vt 0.3637130 0.4752710
vt 0.3640080 0.4896790
vt 0.3643064 0.5074102
vt 0.3649640 0.2089060
vt 0.3650498 0.6744720
vt 0.3658309 0.3942066
vt 0.3660166 0.4762714
vt 0.3660250 0.1322660
vt 0.3661093 0.6677669
vt 0.3663253 0.3853766
vt 0.3663798 0.1871743
vt 0.3665580 0.5455230
vt 0.3673780 0.4194040
vt 0.3677187 0.6811866
vt 0.3679051 0.4358390
vt 0.3684317 0.4201166
vt 0.3685688 0.6600587
vt 0.3686825 0.5119607
vt 0.3690310 0.2594890
vt 0.3691751 0.6727172
vt 0.3692500 0.2237790
vt 0.3695778 0.5063773
vt 0.3700120 0.6535187
vt 0.3703137 0.1977338
vt 0.3703637 0.4884942
vt 0.3707240 0.1175190
vt 0.3710116 0.3807717
vt 0.3711217 0.3873886
vt 0.3712732 0.4455313
vt 0.3714950 0.0818170
vt 0.3715668 0.3750729
vt 0.3716334 0.4612593
vt 0.3719555 0.5162991
vt 0.3724134 0.6450042
vt 0.3724603 0.6648429
vt 0.3727013 0.2479393
vt 0.3729261 0.4245622
vt 0.3733354 0.3680843
vt 0.3733963 0.1929325
vt 0.3734217 0.4201212
vt 0.3737938 0.2048701
vt 0.3743318 0.6384642
vt 0.3747303 0.4657823
vt 0.3749345 0.0932960
vt 0.3749760 0.2381590
vt 0.3751089 0.4995209
vt 0.3752064 0.6559202
vt 0.3758140 0.5119159
vt 0.3760739 0.6274245
vt 0.3762536 0.3568217
vt 0.3763667 0.5203797
vt 0.3763738 0.3621862
vt 0.3763873 0.6319030
vt 0.3764580 0.4767915
vt 0.3768440 0.1033010
vt 0.3769221 0.2168923
vt 0.3769341 0.6489894
vt 0.3770857 0.4613523
vt 0.3771239 0.3739918
vt 0.3773645 0.3515013
vt 0.3773918 0.1995012
vt 0.3774625 0.2099227
vt 0.3775280 0.4354240
vt 0.3777307 0.2222966
vt 0.3780110 0.5294140
vt 0.3782457 0.2279770
vt 0.3782580 0.2737180
vt 0.3783470 0.6188250
vt 0.3784333 0.3441343
vt 0.3785014 0.4891599
vt 0.3785690 0.6425366
vt 0.3787191 0.3486038
vt 0.3787796 0.2329976
vt 0.3791322 0.2052108
vt 0.3793768 0.4440639
vt 0.3795514 0.2438577
vt 0.3798723 0.3373280
vt 0.3800024 0.2624881
vt 0.3801750 0.6357295
vt 0.3802344 0.2751056
vt 0.3803205 0.2538013
vt 0.3803253 0.3657045
vt 0.3803335 0.5267572
vt 0.3804421 0.3052075
vt 0.3805680 0.2977202
vt 0.3811100 0.0678470
vt 0.3812808 0.2677414
vt 0.3813780 0.5186122
vt 0.3813966 0.2843789
vt 0.3814081 0.6277435
vt 0.3814764 0.4351937
vt 0.3819882 0.2147778
vt 0.3820810 0.2519110
vt 0.3821580 0.4220126
vt 0.3823060 0.5987999
vt 0.3824546 0.3549921
vt 0.3825383 0.4614498
vt 0.3826572 0.3233038
vt 0.3827298 0.3304574
vt 0.3828003 0.2377432
vt 0.3828323 0.2911891
vt 0.3828618 0.2220471
vt 0.3832550 0.4203620
vt 0.3834377 0.3146078
vt 0.3835185 0.6221475
vt 0.3836670 0.6115343
vt 0.3837214 0.6045150
vt 0.3837232 0.5922036
vt 0.3837658 0.2301456
vt 0.3838589 0.5358806
vt 0.3843300 0.0897540
vt 0.3843680 0.4908450
vt 0.3844018 0.3416521
vt 0.3844109 0.6176353
vt 0.3850490 0.4531290
vt 0.3852477 0.2455918
vt 0.3852641 0.2615243
vt 0.3852798 0.3197060
vt 0.3857054 0.3087272
vt 0.3857204 0.2760516
vt 0.3857557 0.2954301
vt 0.3857563 0.2534383
vt 0.3858148 0.3017938
vt 0.3858490 0.5112200
vt 0.3860661 0.2687219
vt 0.3860837 0.5271692
vt 0.3863909 0.2846151
vt 0.3864610 0.5601521
vt 0.3868368 0.5861065
vt 0.3869649 0.4789017
vt 0.3871939 0.4204423
vt 0.3872413 0.5432378
vt 0.3872861 0.3520829
vt 0.3874346 0.5660830
vt 0.3877069 0.5987530
vt 0.3879855 0.4615420
vt 0.3880913 0.3432969
vt 0.3881110 0.4451876
vt 0.3884783 0.5522102
vt 0.3887145 0.3348882
vt 0.3888330 0.2869770
vt 0.3889884 0.3601800
vt 0.3889958 0.5717267
vt 0.3891980 0.5356180
vt 0.3892680 0.4721450
vt 0.3893288 0.5929635
vt 0.3895389 0.3675674
vt 0.3895680 0.4893910
vt 0.3896280 0.4918070
vt 0.3898234 0.3266573
vt 0.3901796 0.2749330
vt 0.3905030 0.2648970
vt 0.3912684 0.3192202
vt 0.3915214 0.4239502
vt 0.3916200 0.5577734
vt 0.3916772 0.5478588
vt 0.3918612 0.3751752
vt 0.3919038 0.3125247
vt 0.3920510 0.0548890
vt 0.3922101 0.3411365
vt 0.3923819 0.3520511
vt 0.3924936 0.5635124
vt 0.3928812 0.3475144
vt 0.3931050 0.0770040
vt 0.3931848 0.0668177
vt 0.3932754 0.3819056
vt 0.3934396 0.4616359
vt 0.3935088 0.6632096
vt 0.3935390 0.3566803
vt 0.3936960 0.3067401
vt 0.3937841 0.6715052
vt 0.3940131 0.6810853
vt 0.3940539 0.3357102
vt 0.3941559 0.3627243
vt 0.3942562 0.3029426
vt 0.3950481 0.3276641
vt 0.3953557 0.2954929
vt 0.3955302 0.3691098
vt 0.3955482 0.6903874
vt 0.3957247 0.3226098
vt 0.3960023 0.3863131
vt 0.3960578 0.4891154
vt 0.3966700 0.3744370
vt 0.3968078 0.6539621
vt 0.3969049 0.4232337
vt 0.3969342 0.3162267
vt 0.3969862 0.3769845
vt 0.3972974 0.2868434
vt 0.3974443 0.4360531
vt 0.3981074 0.6976933
vt 0.3982454 0.4771755
vt 0.3984386 0.3905759
vt 0.3985572 0.3080543
vt 0.3986974 0.6754201
vt 0.3987068 0.6620032
vt 0.3990231 0.6351306
vt 0.3990572 0.4453744
vt 0.3992125 0.6692951
vt 0.3993875 0.6257277
vt 0.3994318 0.2787502
vt 0.3994526 0.3816186
vt 0.3995613 0.6835625
vt 0.4000628 0.2998634
vt 0.4001226 0.3943800
vt 0.4001540 0.2769980
vt 0.4006590 0.2991320
vt 0.4012563 0.7058045
vt 0.4015427 0.4891216
vt 0.4017286 0.6917167
vt 0.4020422 0.2926639
vt 0.4021639 0.4207059
vt 0.4021850 0.2879130
vt 0.4030910 0.0651770
vt 0.4032121 0.6083298
vt 0.4032618 0.3969254
vt 0.4033286 0.2630317
vt 0.4035833 0.6319957
vt 0.4036060 0.7114520
vt 0.4041108 0.3896482
vt 0.4041769 0.6206698
vt 0.4042060 0.0430630
vt 0.4043328 0.4618280
vt 0.4046129 0.7003024
vt 0.4047142 0.2716321
vt 0.4047256 0.6023267
vt 0.4048734 0.2800696
vt 0.4054573 0.4252296
vt 0.4061720 0.4912260
vt 0.4061921 0.5965016
vt 0.4062171 0.4001656
vt 0.4062908 0.6137710
vt 0.4063342 0.7152808
vt 0.4064120 0.2547709
vt 0.4070281 0.7066524
vt 0.4077880 0.4207900
vt 0.4078826 0.2485240
vt 0.4079773 0.6093001
vt 0.4083470 0.2665250
vt 0.4087726 0.4792717
vt 0.4087974 0.5903594
vt 0.4092788 0.2605204
vt 0.4094731 0.5848742
vt 0.4099297 0.3963982
vt 0.4099419 0.4455965
vt 0.4104262 0.6024560
vt 0.4105467 0.2405689
vt 0.4106852 0.4895092
vt 0.4108931 0.4361810
vt 0.4109470 0.2880920
vt 0.4109859 0.7132706
vt 0.4111162 0.4043563
vt 0.4114396 0.2565960
vt 0.4114957 0.5777376
vt 0.4115626 0.5962129
vt 0.4124841 0.2346367
vt 0.4125877 0.2979982
vt 0.4131964 0.2503895
vt 0.4135197 0.4208829
vt 0.4136170 0.3100730
vt 0.4136686 0.5696955
vt 0.4138710 0.5911906
vt 0.4139490 0.2295138
vt 0.4141850 0.0543840
vt 0.4148515 0.4250602
vt 0.4151060 0.2438607
vt 0.4152339 0.4620187
vt 0.4154006 0.5830000
vt 0.4162504 0.0444094
vt 0.4165831 0.2235820
vt 0.4166181 0.5624769
vt 0.4169200 0.5764359
vt 0.4172495 0.2368465
vt 0.4174650 0.0324880
vt 0.4178629 0.4026859
vt 0.4182915 0.5577667
vt 0.4190248 0.2151807
vt 0.4190619 0.5521855
vt 0.4191842 0.5702062
vt 0.4194971 0.2297747
vt 0.4195668 0.4900395
vt 0.4196640 0.4794833
vt 0.4197778 0.7235055
vt 0.4200673 0.4099824
vt 0.4201956 0.4372845
vt 0.4206939 0.4621121
vt 0.4215526 0.4209940
vt 0.4216887 0.2233243
vt 0.4218660 0.5632265
vt 0.4218770 0.7274385
vt 0.4222299 0.5422102
vt 0.4222874 0.2079804
vt 0.4227740 0.2980780
vt 0.4230117 0.4461092
vt 0.4232831 0.5584875
vt 0.4235876 0.5547940
vt 0.4237060 0.5482413
vt 0.4248332 0.2023330
vt 0.4249038 0.2147623
vt 0.4250565 0.4060261
vt 0.4252315 0.4258507
vt 0.4252574 0.5364106
vt 0.4252655 0.7301072
vt 0.4261378 0.4622077
vt 0.4262860 0.0447330
vt 0.4265607 0.4902157
vt 0.4275870 0.3196880
vt 0.4277379 0.1959205
vt 0.4277668 0.5430080
vt 0.4282187 0.4362778
vt 0.4286866 0.4211698
vt 0.4287420 0.4062630
vt 0.4292715 0.2053023
vt 0.4300306 0.7257387
vt 0.4303559 0.5375855
vt 0.4305841 0.4118015
vt 0.4308658 0.5291036
vt 0.4309574 0.7314347
vt 0.4309792 0.4777480
vt 0.4309870 0.1931926
vt 0.4315889 0.4623030
vt 0.4316940 0.0232610
vt 0.4323180 0.4212180
vt 0.4324932 0.1989419
vt 0.4334624 0.4902275
vt 0.4338428 0.4068228
vt 0.4338776 0.4449921
vt 0.4346994 0.5212137
vt 0.4350357 0.1885950
vt 0.4355240 0.3068530
vt 0.4360982 0.4257307
vt 0.4363176 0.7283340
vt 0.4364174 0.1946008
vt 0.4381504 0.4366320
vt 0.4383723 0.4215147
vt 0.4387148 0.7333866
vt 0.4388770 0.4917970
vt 0.4390661 0.3162490
vt 0.4392730 0.0363110
vt 0.4396372 0.4813073
vt 0.4396460 0.4068114
vt 0.4397824 0.1841993
vt 0.4399867 0.5132347
vt 0.4404241 0.5182708
vt 0.4414937 0.4117860
vt 0.4421564 0.4624811
vt 0.4424310 0.3278910
vt 0.4426423 0.4461710
vt 0.4432200 0.4214090
vt 0.4432322 0.7277516
vt 0.4432438 0.0269309
vt 0.4433689 0.1884515
vt 0.4447024 0.4905664
vt 0.4459394 0.7328194
vt 0.4460467 0.4056987
vt 0.4461271 0.5082046
vt 0.4461421 0.4259551
vt 0.4467610 0.0154760
vt 0.4471673 0.1806485
vt 0.4473266 0.4214876
vt 0.4474119 0.5037341
vt 0.4483605 0.4801629
vt 0.4490710 0.3143400
vt 0.4503724 0.1849470
vt 0.4513468 0.5026841
vt 0.4514426 0.4375544
vt 0.4514833 0.4098143
vt 0.4515754 0.7263600
vt 0.4525210 0.4215763
vt 0.4530240 0.0292060
vt 0.4535414 0.4463384
vt 0.4538809 0.7310395
vt 0.4541193 0.4025904
vt 0.4556890 0.4272538
vt 0.4557738 0.4906898
vt 0.4557802 0.4627270
vt 0.4558281 0.1787205
vt 0.4563184 0.7251315
vt 0.4563295 0.1837866
vt 0.4565458 0.5034274
vt 0.4580080 0.3345960
vt 0.4587965 0.4803718
vt 0.4595900 0.7298740
vt 0.4598704 0.4055721
vt 0.4604715 0.3976770
vt 0.4606137 0.1841148
vt 0.4606716 0.4217258
vt 0.4609239 0.1779815
vt 0.4616095 0.4988116
vt 0.4625170 0.0092020
vt 0.4629557 0.7225390
vt 0.4632065 0.5044254
vt 0.4632890 0.3204590
vt 0.4639670 0.4012375
vt 0.4639790 0.3946154
vt 0.4641497 0.7277468
vt 0.4642922 0.4628740
vt 0.4644646 0.4465208
vt 0.4652497 0.1798426
vt 0.4654778 0.4364301
vt 0.4658345 0.1855306
vt 0.4659603 0.4250551
vt 0.4666361 0.4909783
vt 0.4674040 0.0234800
vt 0.4682418 0.3902199
vt 0.4684583 0.3961535
vt 0.4685951 0.3289831
vt 0.4690637 0.7181408
vt 0.4697028 0.4790767
vt 0.4697516 0.4629690
vt 0.4705275 0.4995465
vt 0.4705575 0.5047719
vt 0.4709089 0.4217508
vt 0.4710146 0.7228815
vt 0.4716954 0.1872887
vt 0.4718262 0.1819814
vt 0.4720723 0.3845472
vt 0.4731293 0.0150548
vt 0.4736790 0.4264958
vt 0.4741670 0.3397450
vt 0.4746104 0.7168700
vt 0.4749561 0.1912583
vt 0.4750335 0.3906402
vt 0.4753540 0.4467100
vt 0.4755540 0.3787725
vt 0.4758933 0.7110600
vt 0.4768188 0.4880573
vt 0.4769847 0.5056081
vt 0.4773529 0.4376473
vt 0.4776112 0.4220078
vt 0.4780360 0.3251590
vt 0.4783722 0.4924903
vt 0.4783908 0.3861180
vt 0.4788140 0.0045060
vt 0.4793188 0.3723011
vt 0.4796117 0.7142587
vt 0.4800809 0.1982492
vt 0.4801036 0.1892010
vt 0.4802415 0.3806013
vt 0.4804423 0.7071331
vt 0.4806469 0.4631560
vt 0.4811434 0.3651698
vt 0.4814731 0.5122456
vt 0.4822770 0.0191940
vt 0.4823182 0.7004172
vt 0.4825850 0.5075942
vt 0.4826137 0.4221063
vt 0.4832204 0.3562068
vt 0.4832374 0.4785034
vt 0.4846418 0.6939059
vt 0.4848216 0.3713351
vt 0.4850332 0.2115357
vt 0.4850577 0.2046898
vt 0.4850982 0.3504364
vt 0.4851857 0.7060984
vt 0.4853438 0.3442459
vt 0.4856402 0.5169572
vt 0.4857027 0.4474675
vt 0.4861603 0.4268721
vt 0.4861642 0.2173985
vt 0.4866838 0.3322407
vt 0.4868243 0.1986704
vt 0.4869820 0.2241500
vt 0.4870459 0.3379621
vt 0.4870822 0.4907812
vt 0.4872954 0.3646516
vt 0.4873543 0.6893499
vt 0.4876231 0.7016680
vt 0.4877418 0.3207708
vt 0.4878148 0.2371290
vt 0.4878629 0.3597760
vt 0.4881537 0.5118606
vt 0.4881662 0.2506399
vt 0.4882053 0.4222088
vt 0.4882156 0.3094566
vt 0.4882624 0.2951369
vt 0.4882632 0.4375534
vt 0.4882647 0.2589871
vt 0.4883122 0.2664510
vt 0.4883516 0.2780442
vt 0.4883620 0.2826820
vt 0.4885100 0.2723331
vt 0.4891095 0.3024440
vt 0.4892202 0.2848679
vt 0.4894454 0.2307481
vt 0.4897071 0.3514756
vt 0.4900312 0.6954258
vt 0.4901876 0.2103793
vt 0.4904992 0.2148456
vt 0.4905043 0.5259608
vt 0.4905732 0.6782905
vt 0.4906449 0.2452279
vt 0.4907098 0.3431351
vt 0.4907530 0.3432820
vt 0.4908819 0.6851056
vt 0.4910898 0.6717809
vt 0.4915864 0.5210537
vt 0.4915870 0.2194139
vt 0.4918141 0.3359157
vt 0.4919299 0.2237188
vt 0.4922060 0.5168140
vt 0.4926029 0.3289272
vt 0.4931473 0.3201053
vt 0.4931737 0.2398699
vt 0.4931740 0.3283870
vt 0.4932681 0.2270888
vt 0.4934097 0.2566293
vt 0.4934203 0.5391323
vt 0.4934769 0.2896232
vt 0.4934774 0.3097937
vt 0.4936497 0.2744962
vt 0.4937241 0.2347565
vt 0.4937713 0.2669796
vt 0.4938375 0.4460643
vt 0.4938385 0.5462780
vt 0.4940239 0.2971620
vt 0.4943489 0.4232008
vt 0.4943881 0.2823870
vt 0.4944082 0.6460779
vt 0.4945433 0.6638758
vt 0.4946373 0.5306792
vt 0.4948898 0.6305691
vt 0.4948948 0.5547482
vt 0.4949344 0.5632019
vt 0.4951553 0.5718427
vt 0.4951804 0.4909900
vt 0.4952433 0.6806782
vt 0.4953730 0.5988898
vt 0.4953882 0.3560402
vt 0.4954479 0.3463733
vt 0.4954910 0.0014260
vt 0.4955619 0.6169018
vt 0.4955868 0.6248192
vt 0.4957917 0.5251174
vt 0.4958681 0.5859543
vt 0.4959538 0.6748737
vt 0.4963146 0.6567910
vt 0.4963678 0.4788983
vt 0.4963947 0.6021802
vt 0.4965196 0.6346575
vt 0.4965242 0.3672689
vt 0.4969999 0.4634500
vt 0.4970814 0.5947044
vt 0.4974980 0.0163830
vt 0.4975097 0.6686803
vt 0.4977559 0.3265271
vt 0.4978743 0.6085068
vt 0.4978946 0.3314832
vt 0.4979398 0.3387207
vt 0.4981169 0.4376828
vt 0.4981745 0.5755094
vt 0.4982591 0.3740328
vt 0.4986409 0.5361653
vt 0.4987111 0.5435023
vt 0.4990741 0.5501184
vt 0.4994763 0.3789652
vt 0.4994977 0.3513249
vt 0.4995373 0.3171900
vt 0.4996815 0.6504515
vt 0.4997714 0.5665928
vt 0.4999383 0.4222336
vt 0.4999779 0.5584408
vt 0.5000421 0.3357116
vt 0.5000939 0.6449531
vt 0.5003094 0.6389037
vt 0.5007986 0.6261591
vt 0.5008550 0.6156797
vt 0.5009373 0.5809545
vt 0.5010287 0.3466644
vt 0.5010306 0.5907707
vt 0.5011142 0.3551646
vt 0.5012529 0.5857381
vt 0.5013115 0.6006843
vt 0.5015948 0.3649600
vt 0.5020626 0.4477769
vt 0.5021796 0.6659302
vt 0.5023015 0.3365718
vt 0.5023599 0.6594151
vt 0.5023827 0.3850527
vt 0.5024653 0.3074547
vt 0.5025623 0.6350554
vt 0.5026594 0.6801109
vt 0.5028412 0.3326479
vt 0.5029165 0.6460739
vt 0.5029616 0.6177090
vt 0.5029856 0.6413972
vt 0.5030940 0.6260026
vt 0.5032135 0.3731205
vt 0.5033010 0.3264286
vt 0.5035623 0.3006729
vt 0.5037179 0.4268991
vt 0.5041130 0.6940829
vt 0.5042483 0.6867631
vt 0.5044569 0.2971404
vt 0.5046558 0.3191973
vt 0.5047568 0.0092371
vt 0.5047886 0.4916413
vt 0.5048872 0.6733070
vt 0.5051436 0.5919797
vt 0.5053072 0.3787429
vt 0.5054725 0.6533884
vt 0.5055553 0.3915955
vt 0.5058896 0.3130005
vt 0.5061269 0.2909208
vt 0.5063123 0.6112164
vt 0.5065948 0.5979047
vt 0.5067705 0.5845569
vt 0.5070821 0.7058086
vt 0.5072697 0.4790893
vt 0.5074242 0.4225466
vt 0.5075865 0.5755459
vt 0.5076060 0.3451800
vt 0.5076477 0.6671249
vt 0.5077675 0.6190747
vt 0.5079319 0.6804204
vt 0.5080609 0.6603534
vt 0.5081890 0.3067716
vt 0.5082073 0.6424928
vt 0.5082980 0.6288127
vt 0.5085550 0.3301190
vt 0.5089242 0.3869963
vt 0.5090433 0.4378827
vt 0.5091465 0.2812216
vt 0.5091825 0.6872981
vt 0.5094985 0.2976825
vt 0.5096670 0.6942335
vt 0.5107170 0.3991750
vt 0.5108797 0.5912291
vt 0.5112923 0.2905430
vt 0.5114430 0.2740147
vt 0.5118992 0.7032661
vt 0.5122135 0.5838934
vt 0.5123396 0.5778502
vt 0.5123685 0.7143313
vt 0.5123745 0.3927177
vt 0.5123900 0.0000000
vt 0.5126061 0.4226286
vt 0.5127780 0.5651848
vt 0.5127809 0.5583454
vt 0.5127954 0.2866026
vt 0.5129051 0.4467798
vt 0.5129220 0.0150820
vt 0.5129603 0.2674150
vt 0.5133461 0.4637298
vt 0.5134313 0.5535821
vt 0.5136718 0.5724385
vt 0.5152259 0.2807806
vt 0.5156618 0.7103162
vt 0.5158134 0.4890049
vt 0.5165271 0.4931560
vt 0.5168039 0.4259861
vt 0.5168234 0.2573106
vt 0.5168250 0.3974665
vt 0.5170525 0.2743620
vt 0.5174807 0.4048164
vt 0.5175564 0.5593485
vt 0.5175702 0.2692268
vt 0.5181718 0.4792643
vt 0.5182528 0.7180992
vt 0.5183279 0.5457038
vt 0.5194361 0.5534863
vt 0.5194977 0.2461054
vt 0.5198001 0.2647706
vt 0.5211566 0.5343959
vt 0.5221898 0.4020723
vt 0.5224169 0.2569957
vt 0.5227585 0.4384862
vt 0.5228146 0.2386387
vt 0.5234091 0.7235050
vt 0.5234223 0.2510501
vt 0.5236593 0.5413844
vt 0.5238871 0.4481824
vt 0.5240320 0.3303310
vt 0.5242409 0.4639224
vt 0.5242746 0.4228496
vt 0.5244026 0.4094993
vt 0.5245640 0.3454130
vt 0.5246966 0.2472904
vt 0.5250509 0.2302715
vt 0.5262735 0.5268853
vt 0.5272554 0.4933410
vt 0.5272845 0.2231537
vt 0.5273791 0.2260558
vt 0.5273915 0.2413398
vt 0.5277705 0.4283204
vt 0.5277863 0.4855371
vt 0.5282750 0.4054206
vt 0.5283980 0.0152940
vt 0.5284052 0.7232669
vt 0.5284711 0.2355767
vt 0.5290166 0.5320046
vt 0.5293480 0.0002330
vt 0.5296406 0.2189167
vt 0.5302511 0.4228083
vt 0.5306098 0.2315311
vt 0.5307918 0.5207794
vt 0.5319871 0.4467253
vt 0.5321972 0.3361764
vt 0.5323066 0.4121129
vt 0.5324289 0.4640615
vt 0.5325649 0.7297150
vt 0.5328523 0.2254076
vt 0.5334630 0.2104802
vt 0.5339246 0.4068316
vt 0.5342002 0.5242673
vt 0.5342756 0.7242612
vt 0.5349895 0.4792168
vt 0.5355599 0.5151125
vt 0.5357636 0.2185968
vt 0.5367166 0.4919621
vt 0.5369118 0.0097016
vt 0.5376889 0.5201678
vt 0.5380007 0.4261594
vt 0.5384725 0.2120443
vt 0.5386892 0.2039320
vt 0.5391557 0.4385420
vt 0.5394560 0.3290300
vt 0.5396237 0.4080657
vt 0.5398304 0.7251152
vt 0.5405862 0.4642062
vt 0.5407381 0.1965527
vt 0.5407517 0.4478592
vt 0.5414630 0.3439870
vt 0.5424310 0.4936040
vt 0.5427819 0.5086917
vt 0.5428548 0.4123675
vt 0.5429163 0.5153142
vt 0.5435089 0.7279695
vt 0.5437790 0.0170270
vt 0.5443895 0.2006674
vt 0.5447851 0.4251997
vt 0.5454096 0.4797443
vt 0.5456368 0.1904298
vt 0.5457735 0.4895422
vt 0.5459634 0.4062432
vt 0.5460378 0.4643014
vt 0.5462000 0.0021310
vt 0.5480841 0.1955530
vt 0.5488647 0.7288400
vt 0.5494277 0.5099133
vt 0.5494576 0.4937336
vt 0.5502748 0.4068784
vt 0.5503870 0.7221776
vt 0.5506824 0.5038699
vt 0.5509413 0.1845843
vt 0.5511279 0.4486646
vt 0.5515192 0.4253159
vt 0.5525774 0.4376616
vt 0.5531570 0.1897923
vt 0.5535279 0.4107260
vt 0.5540717 0.4832957
vt 0.5541260 0.5082970
vt 0.5546760 0.3262190
vt 0.5549370 0.4233590
vt 0.5550780 0.7194487
vt 0.5552943 0.7256411
vt 0.5569342 0.4644915
vt 0.5575564 0.4058024
vt 0.5577759 0.1811384
vt 0.5579376 0.1871379
vt 0.5581400 0.3409070
vt 0.5583183 0.5040249
vt 0.5584550 0.4923846
vt 0.5589170 0.0202540
vt 0.5596811 0.7225715
vt 0.5599954 0.7152566
vt 0.5605857 0.4270759
vt 0.5610310 0.4234315
vt 0.5611858 0.4019611
vt 0.5615779 0.4462094
vt 0.5623025 0.1848381
vt 0.5627870 0.0056680
vt 0.5638247 0.3303581
vt 0.5642240 0.4939850
vt 0.5643870 0.7101136
vt 0.5645581 0.1783951
vt 0.5645633 0.4991686
vt 0.5649821 0.4799504
vt 0.5652252 0.7169928
vt 0.5660298 0.4006052
vt 0.5664532 0.7058931
vt 0.5667229 0.1834414
vt 0.5672211 0.4235821
vt 0.5674004 0.4387549
vt 0.5678363 0.4646826
vt 0.5683579 0.0164298
vt 0.5684548 0.5047054
vt 0.5689596 0.7018031
vt 0.5694495 0.4896705
vt 0.5695500 0.3219330
vt 0.5696521 0.4940833
vt 0.5702098 0.3926117
vt 0.5710918 0.1836869
vt 0.5712307 0.1784010
vt 0.5714553 0.7076293
vt 0.5728164 0.6958821
vt 0.5729218 0.4490411
vt 0.5731863 0.3982158
vt 0.5736130 0.4288834
vt 0.5736650 0.0249540
vt 0.5742514 0.4236612
vt 0.5744360 0.3362110
vt 0.5745296 0.4995790
vt 0.5752978 0.1836704
vt 0.5755235 0.6881490
vt 0.5765479 0.7001618
vt 0.5769582 0.5046284
vt 0.5772683 0.3836912
vt 0.5773207 0.3926814
vt 0.5779608 0.1787675
vt 0.5780421 0.3870769
vt 0.5781156 0.4803132
vt 0.5787357 0.4648726
vt 0.5788457 0.4928021
vt 0.5789450 0.0108170
vt 0.5794580 0.4237870
vt 0.5802583 0.3786572
vt 0.5802996 0.1857861
vt 0.5803059 0.6911793
vt 0.5804088 0.6762931
vt 0.5804517 0.4389282
vt 0.5810235 0.4475846
vt 0.5821760 0.5055872
vt 0.5822680 0.6819596
vt 0.5825235 0.6870545
vt 0.5827159 0.3734105
vt 0.5829818 0.6697491
vt 0.5839300 0.3162070
vt 0.5842327 0.4252859
vt 0.5845630 0.6655129
vt 0.5845651 0.1822551
vt 0.5847445 0.1884054
vt 0.5850486 0.3810727
vt 0.5859375 0.5041082
vt 0.5861335 0.6612685
vt 0.5862240 0.3635937
vt 0.5864187 0.3696304
vt 0.5873026 0.6723534
vt 0.5873041 0.4943904
vt 0.5877818 0.3583672
vt 0.5878820 0.0310730
vt 0.5880640 0.3755891
vt 0.5881983 0.4311360
vt 0.5883523 0.1837714
vt 0.5884658 0.1902636
vt 0.5885094 0.6547849
vt 0.5886217 0.4824081
vt 0.5892736 0.4493220
vt 0.5896395 0.4650623
vt 0.5901237 0.3515148
vt 0.5901920 0.3299370
vt 0.5902438 0.1943571
vt 0.5904790 0.5087585
vt 0.5909312 0.4397041
vt 0.5910285 0.4909633
vt 0.5910795 0.6489176
vt 0.5911686 0.3431690
vt 0.5913670 0.3645661
vt 0.5915866 0.6629859
vt 0.5926212 0.1874815
vt 0.5926834 0.4265810
vt 0.5927417 0.6577340
vt 0.5932453 0.6420588
vt 0.5933714 0.1988216
vt 0.5934527 0.3341345
vt 0.5937093 0.3184825
vt 0.5942455 0.3564772
vt 0.5943433 0.6534119
vt 0.5944145 0.3260641
vt 0.5945230 0.0175220
vt 0.5948995 0.3168435
vt 0.5950865 0.4651592
vt 0.5953671 0.5140172
vt 0.5956267 0.6345099
vt 0.5958705 0.2047092
vt 0.5959126 0.3472355
vt 0.5959754 0.5079291
vt 0.5964110 0.3081681
vt 0.5964307 0.4928326
vt 0.5965966 0.2997632
vt 0.5973517 0.4478640
vt 0.5974536 0.6472485
vt 0.5974856 0.3397823
vt 0.5976108 0.4243702
vt 0.5976810 0.3091020
vt 0.5977477 0.2873572
vt 0.5978880 0.0291640
vt 0.5980389 0.2928589
vt 0.5981735 0.2165357
vt 0.5982990 0.2815055
vt 0.5983546 0.2760659
vt 0.5987471 0.1973133
vt 0.5989109 0.3341053
vt 0.5989112 0.2692073
vt 0.5989214 0.5174534
vt 0.5990659 0.2602765
vt 0.5990682 0.3221251
vt 0.5996129 0.2494700
vt 0.5996676 0.2419650
vt 0.5997747 0.3282332
vt 0.5998095 0.2301625
vt 0.5998701 0.6381487
vt 0.5998724 0.6289462
vt 0.5998756 0.4807052
vt 0.5999541 0.2548652
vt 0.5999666 0.6213407
vt 0.6002611 0.5114544
vt 0.6004633 0.2084846
vt 0.6005389 0.4652513
vt 0.6008023 0.2362653
vt 0.6011417 0.3150216
vt 0.6014300 0.0385600
vt 0.6016639 0.3052138
vt 0.6018795 0.4929288
vt 0.6021640 0.6168349
vt 0.6025765 0.2955557
vt 0.6026330 0.4241985
vt 0.6029506 0.2216781
vt 0.6034012 0.2146378
vt 0.6035600 0.2834485
vt 0.6035917 0.2888292
vt 0.6037836 0.2743504
vt 0.6038074 0.4398855
vt 0.6039531 0.5189640
vt 0.6039988 0.6119365
vt 0.6043396 0.2633325
vt 0.6050431 0.6238648
vt 0.6050482 0.6069073
vt 0.6052590 0.3221530
vt 0.6052721 0.2527535
vt 0.6054630 0.5266467
vt 0.6054738 0.2466002
vt 0.6056061 0.2305127
vt 0.6056927 0.2398495
vt 0.6061313 0.4490218
vt 0.6065066 0.3240938
vt 0.6065732 0.3142328
vt 0.6065923 0.5986144
vt 0.6069962 0.3199472
vt 0.6071106 0.3307643
vt 0.6077971 0.4947490
vt 0.6078169 0.3041698
vt 0.6078220 0.3079148
vt 0.6080816 0.4242955
vt 0.6081386 0.5212854
vt 0.6082006 0.4840476
vt 0.6082883 0.3013440
vt 0.6083524 0.4294556
vt 0.6085370 0.6139792
vt 0.6085386 0.3374680
vt 0.6093301 0.3431250
vt 0.6093660 0.0257250
vt 0.6095403 0.2961884
vt 0.6095607 0.5850213
vt 0.6103249 0.3004026
vt 0.6105068 0.3259522
vt 0.6106680 0.3006810
vt 0.6107384 0.3482282
vt 0.6107667 0.3129150
vt 0.6107800 0.5275731
vt 0.6107956 0.3328572
vt 0.6108511 0.2916015
vt 0.6111822 0.6024710
vt 0.6113724 0.5396646
vt 0.6113747 0.5342466
vt 0.6114323 0.4654418
vt 0.6118496 0.5935075
vt 0.6121314 0.2879966
vt 0.6123090 0.5653561
vt 0.6124453 0.3209950
vt 0.6124910 0.3518210
vt 0.6126083 0.5698405
vt 0.6129059 0.5540568
vt 0.6130150 0.5777544
vt 0.6130204 0.5610600
vt 0.6134588 0.4929839
vt 0.6134712 0.3438513
vt 0.6135460 0.3045369
vt 0.6137335 0.3375788
vt 0.6141347 0.3570524
vt 0.6141800 0.0473350
vt 0.6146687 0.5867019
vt 0.6146714 0.5468748
vt 0.6146863 0.2835804
vt 0.6148121 0.2930377
vt 0.6148928 0.2976769
vt 0.6162583 0.4809808
vt 0.6163020 0.5818950
vt 0.6165141 0.4497658
vt 0.6166016 0.4244478
vt 0.6166632 0.5408461
vt 0.6167482 0.3487726
vt 0.6170548 0.5734909
vt 0.6171334 0.3621165
vt 0.6172407 0.2775554
vt 0.6173464 0.3539689
vt 0.6174834 0.2895344
vt 0.6178824 0.5563760
vt 0.6182029 0.5650924
vt 0.6189923 0.5868807
vt 0.6190394 0.4400992
vt 0.6192816 0.5948108
vt 0.6193085 0.3673377
vt 0.6194385 0.5795817
vt 0.6194880 0.3129250
vt 0.6195160 0.2724820
vt 0.6196511 0.2847196
vt 0.6201136 0.6015817
vt 0.6203050 0.3574638
vt 0.6205544 0.5713054
vt 0.6207036 0.3010045
vt 0.6211622 0.6070347
vt 0.6212229 0.2697731
vt 0.6216571 0.5662954
vt 0.6216575 0.4929596
vt 0.6219375 0.3607103
vt 0.6222025 0.3719020
vt 0.6223245 0.4656340
vt 0.6224509 0.2786089
vt 0.6225812 0.2734188
vt 0.6227469 0.4293498
vt 0.6227680 0.2910290
vt 0.6228382 0.6133944
vt 0.6231414 0.3642496
vt 0.6233370 0.0353390
vt 0.6236159 0.5597387
vt 0.6243109 0.4245822
vt 0.6243657 0.0474144
vt 0.6245959 0.4483459
vt 0.6249136 0.3749290
vt 0.6249309 0.6199694
vt 0.6249592 0.3692373
vt 0.6249694 0.2655807
vt 0.6256571 0.2704083
vt 0.6257085 0.2633679
vt 0.6260060 0.0573210
vt 0.6262085 0.5527207
vt 0.6266010 0.6232550
vt 0.6271601 0.4811649
vt 0.6280974 0.2604070
vt 0.6284304 0.5479382
vt 0.6285223 0.3794444
vt 0.6286146 0.6281089
vt 0.6291087 0.4933336
vt 0.6299309 0.4400274
vt 0.6299741 0.4246015
vt 0.6301193 0.5927579
vt 0.6301384 0.2666918
vt 0.6302476 0.5445725
vt 0.6302836 0.5809651
vt 0.6307920 0.3742159
vt 0.6308709 0.2572815
vt 0.6311585 0.6326794
vt 0.6315531 0.6044596
vt 0.6319072 0.5709795
vt 0.6319091 0.2583722
vt 0.6327007 0.3826577
vt 0.6327470 0.3023510
vt 0.6328470 0.3850060
vt 0.6328502 0.4500563
vt 0.6329020 0.4658110
vt 0.6331525 0.5396355
vt 0.6337454 0.3785654
vt 0.6338630 0.2802360
vt 0.6339033 0.4272652
vt 0.6342428 0.6142088
vt 0.6342832 0.2624264
vt 0.6343249 0.2537020
vt 0.6348029 0.5612850
vt 0.6350928 0.3865721
vt 0.6350984 0.4937423
vt 0.6362950 0.0462810
vt 0.6368000 0.0684150
vt 0.6372204 0.6360667
vt 0.6372320 0.2509730
vt 0.6375305 0.5334472
vt 0.6381638 0.6235305
vt 0.6388180 0.6438759
vt 0.6389236 0.5520438
vt 0.6390250 0.2504162
vt 0.6390463 0.4838120
vt 0.6391054 0.2572479
vt 0.6395552 0.3904105
vt 0.6399909 0.4405667
vt 0.6404433 0.3843454
vt 0.6405120 0.4953160
vt 0.6417574 0.4295411
vt 0.6422880 0.5276164
vt 0.6429303 0.4249034
vt 0.6431820 0.3939004
vt 0.6434456 0.2458750
vt 0.6437688 0.2785954
vt 0.6438480 0.2684100
vt 0.6444392 0.2496590
vt 0.6449030 0.2905250
vt 0.6449332 0.6503357
vt 0.6452557 0.5420908
vt 0.6461618 0.4660486
vt 0.6464474 0.4491839
vt 0.6464510 0.0805160
vt 0.6464678 0.4941182
vt 0.6467744 0.0704799
vt 0.6469163 0.3899158
vt 0.6471038 0.3961171
vt 0.6480673 0.5219854
vt 0.6481210 0.0584360
vt 0.6487517 0.2488130
vt 0.6490319 0.2426328
vt 0.6493937 0.5932472
vt 0.6493984 0.4812052
vt 0.6494215 0.6402794
vt 0.6497088 0.5830939
vt 0.6508225 0.6033050
vt 0.6508880 0.6561120
vt 0.6514533 0.3988862
vt 0.6517382 0.4406945
vt 0.6517588 0.5731451
vt 0.6520751 0.3935794
vt 0.6526230 0.2556590
vt 0.6528807 0.5330880
vt 0.6529827 0.4293641
vt 0.6537475 0.4251115
vt 0.6538185 0.5171769
vt 0.6539539 0.6129699
vt 0.6546144 0.2453273
vt 0.6547372 0.6591792
vt 0.6548542 0.4931286
vt 0.6548730 0.0935030
vt 0.6553872 0.2390616
vt 0.6554820 0.5636951
vt 0.6558440 0.2775670
vt 0.6558920 0.4015747
vt 0.6567695 0.3960588
vt 0.6586950 0.0716950
vt 0.6586950 0.6219558
vt 0.6592761 0.6494426
vt 0.6592776 0.5132867
vt 0.6593730 0.6624232
vt 0.6598622 0.4817357
vt 0.6600811 0.4505192
vt 0.6601100 0.2421120
vt 0.6601257 0.4662877
vt 0.6602883 0.4252181
vt 0.6604843 0.5264081
vt 0.6605502 0.2356885
vt 0.6607687 0.5550227
vt 0.6611207 0.4030878
vt 0.6619770 0.1072540
vt 0.6620193 0.2521178
vt 0.6621017 0.2396924
vt 0.6626365 0.4405928
vt 0.6629827 0.4298127
vt 0.6639002 0.5104060
vt 0.6642524 0.0974739
vt 0.6648507 0.6657612
vt 0.6648743 0.4252881
vt 0.6649055 0.6299965
vt 0.6651021 0.2337976
vt 0.6653059 0.4945002
vt 0.6654590 0.2635960
vt 0.6662290 0.2278950
vt 0.6664793 0.4847856
vt 0.6665005 0.4061252
vt 0.6674622 0.5473844
vt 0.6677050 0.1216350
vt 0.6678829 0.4015335
vt 0.6679230 0.0859240
vt 0.6682613 0.4473174
vt 0.6688858 0.5207624
vt 0.6690177 0.2322794
vt 0.6694575 0.5074866
vt 0.6697509 0.2365492
vt 0.6709290 0.2131470
vt 0.6710996 0.6689058
vt 0.6717450 0.4264844
vt 0.6719930 0.1365130
vt 0.6724024 0.6368545
vt 0.6727355 0.4032472
vt 0.6728650 0.2312541
vt 0.6735311 0.4088760
vt 0.6736610 0.2487530
vt 0.6739693 0.4853986
vt 0.6741570 0.1980090
vt 0.6743112 0.5052887
vt 0.6746112 0.4409996
vt 0.6747535 0.2225879
vt 0.6748060 0.1517370
vt 0.6753641 0.5410058
vt 0.6756365 0.4307868
vt 0.6757080 0.1009910
vt 0.6758334 0.6594050
vt 0.6758611 0.2351972
vt 0.6758900 0.1826300
vt 0.6760753 0.4946878
vt 0.6761050 0.1671570
vt 0.6761304 0.1273609
vt 0.6761559 0.6711114
vt 0.6761618 0.2303884
vt 0.6764506 0.4508529
vt 0.6768245 0.4665858
vt 0.6770754 0.4045567
vt 0.6796175 0.2305734
vt 0.6797111 0.5032939
vt 0.6797115 0.4255600
vt 0.6803660 0.2331750
vt 0.6809630 0.6423265
vt 0.6811743 0.4111436
vt 0.6814823 0.1911419
vt 0.6818965 0.5149601
vt 0.6819493 0.1589903
vt 0.6819729 0.4080530
vt 0.6819820 0.1167470
vt 0.6821072 0.4817798
vt 0.6830312 0.6734068
vt 0.6834311 0.2334754
vt 0.6842417 0.5360746
vt 0.6843390 0.4407497
vt 0.6845754 0.4493287
vt 0.6850667 0.5016268
vt 0.6853085 0.2290602
vt 0.6855160 0.2170170
vt 0.6859075 0.4942766
vt 0.6866780 0.1330440
vt 0.6877224 0.4667748
vt 0.6879910 0.4112674
vt 0.6880348 0.4256373
vt 0.6885002 0.2278527
vt 0.6887525 0.2334060
vt 0.6888922 0.4067506
vt 0.6890520 0.2004300
vt 0.6897580 0.1497220
vt 0.6903203 0.4308254
vt 0.6903347 0.6462510
vt 0.6909500 0.1835780
vt 0.6911840 0.1666210
vt 0.6913123 0.5001824
vt 0.6914666 0.6726140
vt 0.6917902 0.2292227
vt 0.6921120 0.4126388
vt 0.6923513 0.2275071
vt 0.6925544 0.4823117
vt 0.6928133 0.4511420
vt 0.6928878 0.4430488
vt 0.6931749 0.4668699
vt 0.6938970 0.4257840
vt 0.6940924 0.4944503
vt 0.6942886 0.4089718
vt 0.6945002 0.2329449
vt 0.6958056 0.4994872
vt 0.6972976 0.5109833
vt 0.6980226 0.4258772
vt 0.6980353 0.2277081
vt 0.6982946 0.5320797
vt 0.6985450 0.4120028
vt 0.6986263 0.4669652
vt 0.6998237 0.6767481
vt 0.7001462 0.4074030
vt 0.7001526 0.4989256
vt 0.7002407 0.6485118
vt 0.7003364 0.4410096
vt 0.7006660 0.2333514
vt 0.7008438 0.6665828
vt 0.7009125 0.4496479
vt 0.7016146 0.4290335
vt 0.7022052 0.4947301
vt 0.7028088 0.2280936
vt 0.7028919 0.4128329
vt 0.7034577 0.4824996
vt 0.7040782 0.4670611
vt 0.7052283 0.6770459
vt 0.7055452 0.4077940
vt 0.7063241 0.2318311
vt 0.7072321 0.2276520
vt 0.7073223 0.4986308
vt 0.7075240 0.4260220
vt 0.7085920 0.5942300
vt 0.7087643 0.4419528
vt 0.7092027 0.4123974
vt 0.7095274 0.4671562
vt 0.7096780 0.4507945
vt 0.7104456 0.4947375
vt 0.7107252 0.4083771
vt 0.7107539 0.5102425
vt 0.7110150 0.4310487
vt 0.7112085 0.6769827
vt 0.7118899 0.2286306
vt 0.7131250 0.4118940
vt 0.7131917 0.4260669
vt 0.7141326 0.5312753
vt 0.7143591 0.4826896
vt 0.7145139 0.4987634
vt 0.7146258 0.2327161
vt 0.7147122 0.6483096
vt 0.7149774 0.4672504
vt 0.7156478 0.4105592
vt 0.7169637 0.6766813
vt 0.7171378 0.4415377
vt 0.7175809 0.6658863
vt 0.7181581 0.2292392
vt 0.7183386 0.4047570
vt 0.7192713 0.4262377
vt 0.7200286 0.4105800
vt 0.7204341 0.4673466
vt 0.7205675 0.4993472
vt 0.7206087 0.4509917
vt 0.7207012 0.4967181
vt 0.7216544 0.2357498
vt 0.7218215 0.4305977
vt 0.7218241 0.4095857
vt 0.7220547 0.4923314
vt 0.7223875 0.2310597
vt 0.7225132 0.4828434
vt 0.7241380 0.5118191
vt 0.7243420 0.4999528
vt 0.7248254 0.6755434
vt 0.7255774 0.4063051
vt 0.7258792 0.4674409
vt 0.7258988 0.4262384
vt 0.7270160 0.4416634
vt 0.7287206 0.2375614
vt 0.7287319 0.4016193
vt 0.7288939 0.6454048
vt 0.7290712 0.2326726
vt 0.7292988 0.5010788
vt 0.7299185 0.4076898
vt 0.7307228 0.4829815
vt 0.7308049 0.4264362
vt 0.7313253 0.4675385
vt 0.7314864 0.4511835
vt 0.7322032 0.5367345
vt 0.7322239 0.6738903
vt 0.7323125 0.4306372
vt 0.7328320 0.5022360
vt 0.7336660 0.4956354
vt 0.7339729 0.4053920
vt 0.7353436 0.5027590
vt 0.7355190 0.2381279
vt 0.7361589 0.4265367
vt 0.7362835 0.2350096
vt 0.7367830 0.4676310
vt 0.7370530 0.5156666
vt 0.7375311 0.6721001
vt 0.7377368 0.4008181
vt 0.7380848 0.6410728
vt 0.7386311 0.6604769
vt 0.7387961 0.4040895
vt 0.7389669 0.4422512
vt 0.7390121 0.4863320
vt 0.7397819 0.2415128
vt 0.7399668 0.3973351
vt 0.7402724 0.5045004
vt 0.7418618 0.4519422
vt 0.7422426 0.4677250
vt 0.7425025 0.2379564
vt 0.7425036 0.4022542
vt 0.7425691 0.4265741
vt 0.7429979 0.6700965
vt 0.7437276 0.4954388
vt 0.7444584 0.3964767
vt 0.7446880 0.4314867
vt 0.7450440 0.4008510
vt 0.7451974 0.2436162
vt 0.7453825 0.5066894
vt 0.7463974 0.6352305
vt 0.7466328 0.2402635
vt 0.7470660 0.4832675
vt 0.7471980 0.6679080
vt 0.7474067 0.5456290
vt 0.7476810 0.4678211
vt 0.7478851 0.3925453
vt 0.7485482 0.3987486
vt 0.7498296 0.4421183
vt 0.7499681 0.4504860
vt 0.7505167 0.6664724
vt 0.7507522 0.5093229
vt 0.7513007 0.3949881
vt 0.7513690 0.2440265
vt 0.7516128 0.2502911
vt 0.7518380 0.5237013
vt 0.7519707 0.4952641
vt 0.7521130 0.6535681
vt 0.7527230 0.4267790
vt 0.7535858 0.6280501
vt 0.7543548 0.3903686
vt 0.7544290 0.5529659
vt 0.7548009 0.6639609
vt 0.7549181 0.3943229
vt 0.7551781 0.4311475
vt 0.7552572 0.4833980
vt 0.7557092 0.5122294
vt 0.7567499 0.3857279
vt 0.7570139 0.2482522
vt 0.7582108 0.4522270
vt 0.7586010 0.4680122
vt 0.7591256 0.6612030
vt 0.7593170 0.3888658
vt 0.7594378 0.6197445
vt 0.7595401 0.3906662
vt 0.7600912 0.5613980
vt 0.7604883 0.5154057
vt 0.7606882 0.2504848
vt 0.7609137 0.2583534
vt 0.7610342 0.4960835
vt 0.7615017 0.3812546
vt 0.7615343 0.2536860
vt 0.7617016 0.4281869
vt 0.7620971 0.4429555
vt 0.7627004 0.6585403
vt 0.7633400 0.5178470
vt 0.7634270 0.4835511
vt 0.7637193 0.5330440
vt 0.7637801 0.6105593
vt 0.7640091 0.6523165
vt 0.7640938 0.2617105
vt 0.7642257 0.5706758
vt 0.7648124 0.3856224
vt 0.7662520 0.4270623
vt 0.7663571 0.4507435
vt 0.7663713 0.2567316
vt 0.7664844 0.6007663
vt 0.7665344 0.5202012
vt 0.7666284 0.3808471
vt 0.7667103 0.5805253
vt 0.7672608 0.6402367
vt 0.7674705 0.5906553
vt 0.7687903 0.3815444
vt 0.7690518 0.3760735
vt 0.7695103 0.4682038
vt 0.7699023 0.2611206
vt 0.7699176 0.5232990
vt 0.7699319 0.6519974
vt 0.7699873 0.2663019
vt 0.7700091 0.3722545
vt 0.7702752 0.4328110
vt 0.7706226 0.4868839
vt 0.7710455 0.4960921
vt 0.7713571 0.5420474
vt 0.7715725 0.3783144
vt 0.7715750 0.2712807
vt 0.7727364 0.6494992
vt 0.7728204 0.5259814
vt 0.7730956 0.4271554
vt 0.7731108 0.3693071
vt 0.7743050 0.2755085
vt 0.7744973 0.3744509
vt 0.7745130 0.5283120
vt 0.7747387 0.2660874
vt 0.7750810 0.4519756
vt 0.7754679 0.3655158
vt 0.7760499 0.4425425
vt 0.7766306 0.5304090
vt 0.7766690 0.6452708
vt 0.7767500 0.2704059
vt 0.7768613 0.2802637
vt 0.7773649 0.3702681
vt 0.7785062 0.6234784
vt 0.7785600 0.4275010
vt 0.7786959 0.3589795
vt 0.7792035 0.4956977
vt 0.7792296 0.3660848
vt 0.7794877 0.2733853
vt 0.7796192 0.5567073
vt 0.7798487 0.5344301
vt 0.7798492 0.2848926
vt 0.7798694 0.6343707
vt 0.7802654 0.4834893
vt 0.7804145 0.4684009
vt 0.7807165 0.2790807
vt 0.7809345 0.6396495
vt 0.7813324 0.4272143
vt 0.7817318 0.3525460
vt 0.7818027 0.2776701
vt 0.7819767 0.3621702
vt 0.7824204 0.6141534
vt 0.7827480 0.5385504
vt 0.7828310 0.2950590
vt 0.7828800 0.2887632
vt 0.7829114 0.3451191
vt 0.7838687 0.2988228
vt 0.7841592 0.3574450
vt 0.7844226 0.2832293
vt 0.7844585 0.3378041
vt 0.7847227 0.5709211
vt 0.7851022 0.6044018
vt 0.7854063 0.3099213
vt 0.7854691 0.4527467
vt 0.7856034 0.3302265
vt 0.7857310 0.6317550
vt 0.7857687 0.4315691
vt 0.7859669 0.5438992
vt 0.7864154 0.5826024
vt 0.7865062 0.5943850
vt 0.7865217 0.3515312
vt 0.7865542 0.3190514
vt 0.7865552 0.3037413
vt 0.7865799 0.2886030
vt 0.7866835 0.3478729
vt 0.7868894 0.4960082
vt 0.7875140 0.5471960
vt 0.7875726 0.6287781
vt 0.7878124 0.3254611
vt 0.7878991 0.2945327
vt 0.7882612 0.4274432
vt 0.7884605 0.4430057
vt 0.7888445 0.3427923
vt 0.7891354 0.2991429
vt 0.7896006 0.3152559
vt 0.7897375 0.5514660
vt 0.7899078 0.3373507
vt 0.7905141 0.6224339
vt 0.7906086 0.3330745
vt 0.7907221 0.4840347
vt 0.7908471 0.3051941
vt 0.7911148 0.3106260
vt 0.7913284 0.4685823
vt 0.7916514 0.3212143
vt 0.7916623 0.3283098
vt 0.7919980 0.3161350
vt 0.7921110 0.6178390
vt 0.7925346 0.5584754
vt 0.7932048 0.4275072
vt 0.7935156 0.6142634
vt 0.7938685 0.4975338
vt 0.7940576 0.4504801
vt 0.7946814 0.4932802
vt 0.7947649 0.5657852
vt 0.7953546 0.6078270
vt 0.7956998 0.4686623
vt 0.7963065 0.5728852
vt 0.7963276 0.4436201
vt 0.7964097 0.4313253
vt 0.7965370 0.4888840
vt 0.7967824 0.6000323
vt 0.7970983 0.5788680
vt 0.7973623 0.4374137
vt 0.7974179 0.5922478
vt 0.7975405 0.5854397
vt 0.7981344 0.7906928
vt 0.7981688 0.7788059
vt 0.7982430 0.8428096
vt 0.7982857 0.8547454
vt 0.7986263 0.8858275
vt 0.7986562 0.7999986
vt 0.7988436 0.8061506
vt 0.7990881 0.7743163
vt 0.7991383 0.8433933
vt 0.7991964 0.7809961
vt 0.7992132 0.7954625
vt 0.7992263 0.7889954
vt 0.7993113 0.8380684
vt 0.7994353 0.8587617
vt 0.7995294 0.8519071
vt 0.7999578 0.8831828
vt 0.8001426 0.9268761
vt 0.8001474 0.7836271
vt 0.8001482 0.8024703
vt 0.8001683 0.8883540
vt 0.8010198 0.9231391
vt 0.8013960 0.7091560
vt 0.8014858 0.9289464
vt 0.8016100 0.9363808
vt 0.8018801 0.9447686
vt 0.8020042 0.7146595
vt 0.8022764 0.9407408
vt 0.8030250 0.9375380
vt 0.8033889 0.9467761
vt 0.8041698 0.9531150
vt 0.8044320 0.9587383
vt 0.8048065 0.7136279
vt 0.8059303 0.9573817
vt 0.8062286 0.7190170
vt 0.8066058 0.9632835
vt 0.8071729 0.9682703
vt 0.8089916 0.9694653
vt 0.8095652 0.6566324
vt 0.8102304 0.6517929
vt 0.8136587 0.6499289
vt 0.8146100 0.7269073
vt 0.8168862 0.7310408
vt 0.8203400 0.7305865
vt 0.8213366 0.9896370
vt 0.8217378 0.6345091
vt 0.8221116 0.6292874
vt 0.8231128 0.9925912
vt 0.8261786 0.6267353
vt 0.8275116 0.9942851
vt 0.8283450 0.6209523
vt 0.8286942 0.7461391
vt 0.8287730 0.6236630
vt 0.8290231 0.7493315
vt 0.8307645 0.7525681
vt 0.8310860 0.7490212
vt 0.8316574 0.7328514
vt 0.8330942 0.7541144
vt 0.8334711 0.7580727
vt 0.8345374 0.7353816
vt 0.8352171 0.9977607
vt 0.8399394 0.9977248
vt 0.8406219 0.7322947
vt 0.8408821 0.9997134
vt 0.8420827 0.7885476
vt 0.8421746 0.5993851
vt 0.8421889 0.7929859
vt 0.8423638 0.5959027
vt 0.8444320 0.7944266
vt 0.8445311 0.7984669
vt 0.8453701 0.5942006
vt 0.8466122 0.9985567
vt 0.8466761 0.7302374
vt 0.8473801 0.8100243
vt 0.8490627 0.8117700
vt 0.8492336 0.8154010
vt 0.8504750 0.7303910
vt 0.8515851 0.9977163
vt 0.8521262 0.7282519
vt 0.8539352 0.7258306
vt 0.8551800 0.7238690
vt 0.8552483 0.9974846
vt 0.8571356 0.8467593
vt 0.8575368 0.8518478
vt 0.8583019 0.7231966
vt 0.8588582 0.9948449
vt 0.8590268 0.8506271
vt 0.8591949 0.5726238
vt 0.8593952 0.8574990
vt 0.8609842 0.5669253
vt 0.8610226 0.8607362
vt 0.8617412 0.9909452
vt 0.8618925 0.8669326
vt 0.8623689 0.8640946
vt 0.8640574 0.5675992
vt 0.8652449 0.9902225
vt 0.8662767 0.5620597
vt 0.8670382 0.9852291
vt 0.8689744 0.9855001
vt 0.8699800 0.9804927
vt 0.8703027 0.5552337
vt 0.8705762 0.7081532
vt 0.8707424 0.9048639
vt 0.8712491 0.9823673
vt 0.8720726 0.9767791
vt 0.8722434 0.9124715
vt 0.8725350 0.9090809
vt 0.8731781 0.9784669
vt 0.8734509 0.5480539
vt 0.8735003 0.7082850
vt 0.8736150 0.9231347
vt 0.8738490 0.9186454
vt 0.8742701 0.5520288
vt 0.8745131 0.9715452
vt 0.8751817 0.9262154
vt 0.8758310 0.7023073
vt 0.8764426 0.9571946
vt 0.8766532 0.9511045
vt 0.8767939 0.5467319
vt 0.8779050 0.9547341
vt 0.8790384 0.5398360
vt 0.8796910 0.6945199
vt 0.8810655 0.5422438
vt 0.8813217 0.6887321
vt 0.8837146 0.5358061
vt 0.8843558 0.6893815
vt 0.8850135 0.6844974
vt 0.8867012 0.5313519
vt 0.8892613 0.5263417
vt 0.8897136 0.5304995
vt 0.8930275 0.5249808
vt 0.8977305 0.6542545
vt 0.8991227 0.6489965
vt 0.9003327 0.6514711
vt 0.9080983 0.6259791
vt 0.9102978 0.6204621
vt 0.9108226 0.6231825
vt 0.9342252 0.5445240
vt 0.9343926 0.5378717
vt 0.9364452 0.5411942
vn 0.874844 0.430459 0.222158
vn -0.150308 0.478302 -0.865237
vn -0.246810 -0.022522 -0.968802
vn -0.047804 0.956167 0.288894
vn -0.339729 0.856859 0.387785
vn -0.410513 0.826797 0.384560
vn 0.196605 0.402964 -0.893849
vn -0.839850 0.502822 0.204504
vn 0.474734 0.229049 -0.849803
vn -0.996671 0.080829 0.010681
vn 0.520017 0.301505 -0.799172
vn -0.907235 -0.231281 -0.351333
vn -0.809264 -0.529054 -0.255330
vn 0.063037 0.305404 -0.950134
vn -0.257348 -0.836090 -0.484485
vn -0.533029 -0.680221 -0.503170
vn 0.334221 0.776721 -0.533855
vn -0.039579 -0.887428 -0.459245
vn -0.191247 -0.867121 -0.459919
vn 0.133575 -0.842674 -0.521592
vn -0.039207 -0.844367 -0.534328
vn 0.404251 -0.781832 -0.474678
vn 0.563540 -0.712504 -0.418044
vn 0.024730 0.438173 -0.898551
vn 0.051082 0.451520 -0.890798
vn -0.624077 0.397285 -0.672824
vn 0.776065 -0.526926 -0.346513
vn 0.813283 -0.460407 -0.355803
vn 0.963441 -0.197041 -0.181538
vn 0.929367 -0.304782 -0.208292
vn -0.346624 0.514666 -0.784200
vn 0.996299 0.017521 -0.084149
vn 0.957471 0.201068 -0.206934
vn 0.000008 -0.469469 0.882949
vn 0.655647 -0.013018 0.754956
vn 0.442593 -0.144835 0.884949
vn 0.501371 0.689075 0.523262
vn 0.889023 0.329515 0.317897
vn 0.813892 0.400017 0.421387
vn 0.344112 0.106355 0.932885
vn 0.318826 0.125491 0.939469
vn 0.446196 0.243944 0.861046
vn 0.549895 0.651325 0.522867
vn 0.417371 0.739196 0.528575
vn 0.376094 -0.101865 0.920965
vn 0.082726 0.277490 0.957160
vn 0.460773 0.091699 0.882768
vn 0.225465 0.266058 0.937218
vn 0.083597 0.800723 0.593173
vn 0.008932 0.828513 0.559899
vn 0.158656 0.145145 0.976607
vn 0.669646 0.573291 0.472135
vn -0.093129 0.178714 0.979484
vn 0.032406 0.185932 0.982028
vn -0.259316 0.289052 0.921523
vn -0.682880 0.562965 0.465558
vn -0.226556 0.139578 0.963945
vn 0.340542 0.767196 0.543546
vn -0.203884 0.817246 0.539018
vn -0.116492 0.332597 0.935847
vn -0.079645 0.170950 0.982055
vn -0.290811 0.769124 0.569102
vn -0.944680 0.185006 0.270837
vn -0.574807 -0.190221 0.795872
vn -0.344744 0.254136 0.903641
vn -0.563859 0.679050 0.470056
vn -0.805040 0.453876 0.381977
vn -0.468145 0.126418 0.874562
vn -0.374272 0.179421 0.909796
vn -0.130432 0.820796 0.556130
vn -0.627361 0.625604 0.463721
vn -0.435389 0.708444 0.555467
vn 0.292958 0.260772 0.919877
vn -0.618644 -0.124410 0.775759
vn -0.428930 -0.006885 0.903311
vn -0.444283 0.056080 0.894130
vn -0.593211 0.035133 0.804280
vn -0.559740 0.026083 0.828258
vn -0.553577 -0.018751 0.832587
vn -0.967853 0.156299 0.197058
vn -0.745084 0.509267 0.430694
vn -0.676334 -0.373243 0.635029
vn -0.954690 -0.278272 0.105505
vn -0.441501 -0.149916 0.884648
vn -0.900438 -0.041450 0.433004
vn -0.850277 0.386406 0.357378
vn -0.902012 -0.301262 0.309217
vn -0.986653 0.053712 0.153726
vn -0.753524 -0.250063 0.608005
vn -0.521961 -0.801144 -0.292789
vn -0.723232 -0.499208 0.477207
vn -0.653483 -0.610590 0.447370
vn -0.039259 -0.922088 -0.384985
vn -0.377810 -0.842352 0.384321
vn -0.931025 -0.355690 -0.081713
vn -0.672781 -0.734230 0.090947
vn -0.573521 -0.695213 0.433304
vn -0.716681 -0.153975 0.680191
vn 0.036088 -0.923114 -0.382828
vn -0.452709 -0.850791 -0.266853
vn -0.097913 -0.953895 0.283721
vn -0.012268 -0.969859 0.243358
vn -0.335054 -0.839232 0.428286
vn -0.234555 -0.911571 0.337672
vn -0.270984 -0.944238 0.187036
vn -0.543456 -0.786692 0.292867
vn -0.465408 -0.739258 0.486716
vn -0.152445 -0.893579 0.422230
vn -0.593147 -0.759549 -0.266951
vn -0.806216 -0.575027 -0.139136
vn -0.865916 -0.478602 -0.145361
vn -0.760756 -0.616856 -0.201840
vn -0.312258 -0.805541 0.503585
vn 0.714385 -0.652767 -0.252088
vn 0.112410 -0.924773 -0.363537
vn 0.335450 -0.891515 0.304424
vn -0.682462 -0.671871 0.287812
vn 0.485128 -0.822462 -0.296997
vn 0.187343 -0.899299 -0.395176
vn -0.300235 -0.887247 -0.350218
vn 0.174580 -0.934564 0.310021
vn 0.250908 -0.896611 -0.364874
vn 0.855380 -0.507322 -0.104640
vn 0.604641 -0.648819 0.462000
vn 0.277837 -0.781809 0.558194
vn 0.588972 -0.534258 0.606367
vn 0.834783 -0.508917 -0.210100
vn 0.721630 -0.663545 0.197379
vn 0.379827 -0.858091 -0.345561
vn 0.436363 -0.842106 -0.316930
vn 0.061371 -0.920774 0.385240
vn 0.439955 -0.805647 0.396702
vn 0.166807 -0.985927 0.011120
vn 0.979552 0.079505 0.184816
vn 0.276968 -0.914164 0.295961
vn 0.680077 -0.146221 0.718411
vn 0.944724 0.221841 0.241418
vn 0.985060 -0.120281 0.123241
vn 0.983402 0.014197 0.180885
vn 0.889849 -0.449429 -0.078625
vn 0.952851 -0.303394 -0.005236
vn 0.981465 -0.158980 0.107015
vn 0.925534 -0.374315 -0.057227
vn 0.508557 -0.463826 0.725421
vn 0.547753 -0.716892 0.431315
vn 0.782674 -0.588396 -0.203005
vn 0.919873 -0.356023 0.164566
vn 0.557933 -0.126611 0.820171
vn 0.613772 -0.291525 0.733688
vn 0.717176 -0.352348 0.601256
vn 0.964142 0.137497 0.226989
vn 0.608352 -0.616541 0.499785
vn 0.742113 0.574599 0.345116
vn 0.723376 0.611564 0.320494
vn 0.622638 0.127843 0.771996
vn 0.715889 0.521461 0.464307
vn 0.735219 0.645017 0.208341
vn 0.704602 0.595494 0.385905
vn 0.384336 0.799131 0.462251
vn 0.693909 0.606548 0.388059
vn 0.378642 0.819515 0.430146
vn 0.855610 0.435347 0.280008
vn 0.876959 0.427236 0.220029
vn 0.856297 0.389814 0.338822
vn 0.821801 0.504211 0.265358
vn 0.639011 0.020943 0.768913
vn 0.499099 0.749710 0.434551
vn 0.556672 0.737332 0.382699
vn 0.788063 0.494678 0.366403
vn 0.809710 0.555544 0.189053
vn 0.812286 0.492007 0.313242
vn 0.455732 0.787585 0.414750
vn 0.322484 0.809248 0.491042
vn -0.064093 0.880478 0.469735
vn 0.720693 0.652483 0.234237
vn 0.919290 0.347215 0.185333
vn 0.594697 0.648694 0.474902
vn 0.439160 0.771375 0.460564
vn 0.147503 0.871440 0.467799
vn 0.036668 0.864398 0.501470
vn 0.018294 0.312825 0.949634
vn 0.022673 0.899842 0.435625
vn 0.287008 0.145400 0.946829
vn 0.057767 0.882903 0.465989
vn -0.034916 0.859520 0.509909
vn 0.399004 0.831142 0.387297
vn -0.014372 0.882186 0.470681
vn -0.057766 0.885549 0.460941
vn -0.144896 0.845672 0.513657
vn 0.309669 0.874741 0.372737
vn 0.251462 0.854873 0.453828
vn 0.894420 0.374452 0.244536
vn 0.606779 0.760602 0.230879
vn 0.311171 0.837437 0.449302
vn -0.218830 0.834910 0.505014
vn 0.601390 0.495235 0.626955
vn 0.678817 0.650840 0.340021
vn 0.253299 0.820678 0.512179
vn 0.261121 0.748041 0.610124
vn 0.581982 0.701328 0.411627
vn 0.551870 0.714257 0.430438
vn 0.506398 0.784507 0.357923
vn 0.154403 0.849528 0.504442
vn -0.297764 0.839762 0.454023
vn -0.260388 0.856173 0.446280
vn -0.626089 0.658563 0.417501
vn 0.133528 0.903447 0.407375
vn -0.601374 0.709130 0.368082
vn -0.636054 0.680640 0.363545
vn -0.373734 0.812912 0.446650
vn -0.527643 0.755551 0.388248
vn -0.768106 0.597448 0.230368
vn -0.705329 0.601210 0.375576
vn -0.544381 0.713122 0.441710
vn -0.389623 0.814749 0.429393
vn -0.601387 0.665120 0.442661
vn -0.066642 0.798094 0.598837
vn -0.479475 0.712716 0.511995
vn -0.042177 0.938932 0.341507
vn -0.184760 0.871541 0.454181
vn -0.215049 0.886786 0.409103
vn -0.204295 0.866778 0.454928
vn 0.184834 0.787623 0.587781
vn -0.129943 0.874953 0.466446
vn 0.196582 0.898670 0.392107
vn 0.169167 0.836537 0.521142
vn -0.237553 0.837957 0.491322
vn -0.666595 0.717465 0.202226
vn -0.668215 0.658240 0.346711
vn -0.929722 0.298713 0.215378
vn -0.768455 0.545798 0.334039
vn -0.913545 0.375494 0.156333
vn -0.732914 0.602094 0.316733
vn -0.390658 0.237367 0.889406
vn -0.450460 0.791993 0.412108
vn -0.414105 0.784828 0.461046
vn -0.831837 0.492542 0.255832
vn -0.367105 0.811254 0.455083
vn -0.221091 0.867242 0.446105
vn -0.903703 0.274037 0.328975
vn -0.867065 0.311657 0.388674
vn -0.895742 0.391782 0.210127
vn -0.964466 0.202150 0.170118
vn -0.379365 0.767138 0.517282
vn -0.974128 0.197012 0.110731
vn -0.978112 0.161448 0.131269
vn -0.781591 0.549645 0.294968
vn -0.870268 0.437416 0.226497
vn -0.940127 0.301255 0.159395
vn -0.869820 0.397164 0.292701
vn -0.328174 0.839389 0.433275
vn -0.583544 0.718285 0.378871
vn -0.267572 0.148853 0.951971
vn -0.604197 0.763032 0.229624
vn -0.885771 0.431263 0.171531
vn -0.891328 0.370447 0.261350
vn -0.988322 -0.042540 0.146319
vn -0.997454 0.058263 -0.041118
vn -0.994780 -0.089078 -0.049776
vn -0.962655 -0.267414 -0.042240
vn -0.988997 -0.110517 0.098338
vn -0.982613 -0.185617 -0.004208
vn -0.961796 0.244048 0.124048
vn -0.990600 -0.045900 -0.128860
vn -0.977795 -0.142014 -0.154110
vn -0.982796 0.179494 0.043524
vn -0.994731 0.062343 0.081381
vn -0.963452 -0.253965 -0.085220
vn -0.975169 -0.197717 -0.099771
vn -0.785255 0.577107 0.224323
vn -0.975312 -0.200506 -0.092537
vn -0.812170 0.512389 0.278994
vn -0.979244 -0.190048 -0.070450
vn -0.953896 0.299561 0.018615
vn -0.824503 0.481000 0.298052
vn -0.987106 0.142405 0.073096
vn -0.998503 -0.039448 0.037884
vn -0.895618 -0.391316 -0.211518
vn -0.999616 0.027330 0.004513
vn -0.997027 0.008368 0.076600
vn -0.504029 -0.787482 -0.354721
vn -0.402641 -0.829693 -0.386639
vn -0.755762 -0.589600 -0.284948
vn -0.797690 -0.555698 -0.234287
vn -0.992307 -0.123662 -0.005786
vn -0.839529 -0.498003 -0.217218
vn -0.867126 -0.438849 -0.235591
vn -0.956094 -0.278422 -0.091464
vn -0.706259 -0.644289 -0.293412
vn -0.934871 -0.316110 -0.161527
vn -0.905957 -0.396410 -0.148664
vn -0.711636 -0.581600 -0.394101
vn -0.680961 -0.634401 -0.365825
vn -0.863114 -0.423445 -0.275187
vn -0.721694 -0.608547 -0.329891
vn -0.806425 -0.519608 -0.282288
vn -0.818247 -0.500476 0.282835
vn -0.379581 -0.865721 -0.326260
vn -0.878226 -0.453128 -0.152954
vn -0.948195 -0.271904 -0.164300
vn 0.066199 -0.899193 -0.432515
vn -0.102638 -0.872510 -0.477694
vn -0.889811 -0.454758 -0.037831
vn 0.132480 -0.875768 -0.464197
vn 0.176737 -0.891846 -0.416384
vn -0.430125 -0.781493 -0.451952
vn -0.233598 -0.919660 -0.315687
vn -0.645110 -0.673945 -0.360044
vn -0.425396 -0.791402 -0.439000
vn -0.760786 -0.576690 -0.297714
vn -0.272862 -0.873979 -0.402128
vn -0.374819 -0.773818 -0.510603
vn -0.947452 -0.175257 -0.267620
vn -0.489554 -0.771762 -0.405858
vn 0.084543 -0.874034 -0.478453
vn 0.878286 -0.419443 -0.229524
vn -0.576745 -0.736395 -0.353678
vn -0.550350 -0.763038 -0.338951
vn -0.646754 -0.739981 -0.184764
vn -0.055637 -0.892534 -0.447536
vn -0.683365 -0.661350 -0.309238
vn -0.696504 -0.683454 -0.218571
vn -0.042302 -0.882666 -0.468092
vn 0.017816 -0.878779 -0.476897
vn -0.702945 -0.625510 -0.338534
vn 0.888171 -0.385230 -0.250499
vn 0.592765 -0.756708 -0.275722
vn -0.549824 -0.732463 -0.401485
vn 0.215846 -0.859024 -0.464207
vn 0.719385 -0.603935 -0.343145
vn 0.406901 -0.804394 -0.432876
vn -0.129783 -0.928132 -0.348895
vn 0.252778 -0.873556 -0.415936
vn 0.061278 -0.880676 -0.469740
vn -0.042757 -0.876558 -0.479393
vn -0.233711 -0.892049 -0.386818
vn 0.322367 -0.836087 -0.443890
vn 0.551912 -0.754122 -0.355939
vn 0.169145 -0.864118 -0.474014
vn 0.230316 -0.815781 -0.530524
vn 0.032537 -0.879757 -0.474310
vn -0.594439 -0.695716 -0.403263
vn 0.992457 -0.107802 -0.058372
vn 0.830832 -0.483212 -0.276087
vn 0.006986 -0.904253 -0.426941
vn 0.976081 -0.216726 -0.017204
vn 0.829144 -0.487885 -0.272925
vn 0.997404 -0.005384 0.071812
vn 0.652027 -0.715181 -0.251747
vn 0.755831 -0.579274 -0.305223
vn 0.997420 -0.068968 0.019922
vn 0.927933 -0.350079 -0.128005
vn 0.731548 -0.655445 -0.187695
vn 0.909230 -0.377685 -0.175087
vn 0.359385 -0.835476 -0.415719
vn 0.454553 -0.797253 -0.397203
vn 0.398070 -0.830989 -0.388585
vn -0.195230 -0.884658 -0.423398
vn -0.274249 -0.845903 -0.457423
vn 0.527642 -0.814251 -0.242053
vn 0.785128 -0.546870 -0.290702
vn 0.521227 -0.774302 -0.358858
vn 0.536779 -0.744262 -0.397419
vn -0.086543 -0.898643 -0.430060
vn -0.194529 -0.866126 -0.460417
vn 0.918412 -0.346831 -0.190337
vn 0.989107 0.103229 0.104936
vn -0.185566 -0.945361 -0.268063
vn 0.994657 0.096971 0.035425
vn 0.711107 -0.637243 -0.297067
vn 0.811979 -0.534398 -0.234752
vn 0.910751 0.397677 0.111294
vn 0.586833 -0.711779 -0.386002
vn 0.999721 -0.018367 -0.014870
vn 0.620091 -0.637937 -0.456644
vn 0.301399 -0.844235 -0.443199
vn 0.449875 -0.784408 -0.426986
vn 0.996267 -0.029511 0.081129
vn 0.931230 -0.319042 -0.176133
vn 0.464983 -0.771687 -0.433925
vn 0.256044 -0.850264 -0.459884
vn 0.825826 -0.522625 -0.211835
vn 0.305101 -0.901744 -0.306220
vn 0.971836 0.199363 0.125652
vn 0.950299 0.292919 0.105499
vn 0.945311 0.250722 0.208629
vn 0.944067 -0.308499 -0.116476
vn 0.655753 -0.664285 -0.358767
vn 0.937512 0.279873 0.206740
vn 0.630043 -0.774837 0.051699
vn 0.660106 -0.678731 -0.321846
vn 0.689980 -0.664808 -0.286283
vn 0.960355 0.246555 0.130114
vn 0.974724 0.221499 -0.029189
vn 0.315385 -0.812903 -0.489613
vn 0.731102 -0.246192 0.636301
vn 0.814939 -0.524725 -0.246046
vn 0.744103 -0.591754 -0.310060
vn 0.974894 -0.217156 -0.049237
vn 0.940632 -0.286154 -0.182555
vn 0.030476 0.552828 -0.832738
vn 0.996415 -0.002337 0.084563
vn 0.796909 -0.424242 0.430063
vn 0.929017 0.329208 0.168967
vn 0.667579 -0.522129 0.530772
vn 0.984821 -0.167966 -0.043765
vn 0.953061 -0.262481 -0.150928
vn 0.698203 -0.628468 -0.342842
vn 0.915204 0.258653 0.309030
vn 0.950098 0.278677 0.140191
vn 0.986623 -0.105743 -0.124067
vn 0.970759 -0.211203 -0.114110
vn 0.965098 0.200606 0.168354
vn 0.979196 0.176761 0.099652
vn 0.310623 -0.424979 -0.850239
vn 0.999167 -0.035971 -0.019259
vn -0.391405 -0.311711 -0.865817
vn -0.334339 0.603790 -0.723640
vn 0.482480 0.750924 -0.450917
vn -0.414299 -0.129905 -0.900822
vn -0.612795 0.658691 -0.436587
vn -0.902790 0.429286 -0.026162
vn 0.545981 0.421624 -0.723973
vn -0.038104 0.365752 -0.929932
vn 0.572485 0.636150 -0.517276
vn 0.284085 0.553403 -0.782969
vn 0.019619 0.900472 -0.434472
vn -0.842841 0.033490 -0.537119
vn -0.141854 0.841837 -0.520758
vn 0.028330 -0.225381 0.973859
vn 0.704264 -0.653083 -0.278381
vn -0.501409 0.784801 0.364248
vn -0.152906 -0.369701 0.916483
vn 0.039646 -0.434288 0.899901
vn 0.031325 -0.432881 0.900906
vn -0.144070 -0.344300 0.927740
vn -0.038350 -0.446774 0.893825
vn -0.041927 -0.269773 0.962011
vn -0.022262 -0.412858 0.910523
vn -0.159562 0.327729 0.931200
vn -0.425098 -0.853013 0.302755
vn 0.025224 -0.419985 0.907181
vn -0.313906 -0.609687 0.727836
vn -0.102141 -0.596331 0.796214
vn 0.005516 -0.415096 0.909761
vn -0.033579 -0.433549 0.900504
vn 0.001081 -0.421107 0.907010
vn 0.015098 -0.400124 0.916336
vn -0.085382 -0.559921 0.824135
vn -0.397210 -0.528820 0.750049
vn 0.267292 -0.669202 0.693342
vn -0.409316 -0.373147 0.832599
vn 0.041437 -0.439425 0.897323
vn -0.639957 -0.349389 0.684385
vn 0.487973 -0.836311 0.249934
vn -0.019608 -0.542954 0.839533
vn 0.020379 -0.421994 0.906370
vn 0.339226 -0.919771 0.197351
vn 0.059561 -0.441787 0.895140
vn -0.159056 -0.324396 0.932453
vn -0.044220 -0.451108 0.891373
vn -0.058618 -0.473945 0.878601
vn 0.001918 -0.467866 0.883798
vn 0.047384 -0.453709 0.889889
vn 0.001360 -0.467842 0.883811
vn 0.029057 -0.519371 0.854055
vn 0.187046 -0.515082 0.836483
vn -0.006025 -0.528447 0.848945
vn -0.396483 -0.476847 0.784486
vn -0.507664 -0.503312 0.699252
vn 0.707143 -0.319882 0.630575
vn -0.061331 -0.965812 0.251884
vn -0.347121 -0.568556 0.745822
vn -0.065121 -0.450035 0.890633
vn -0.029497 -0.512678 0.858074
vn -0.145617 -0.558691 0.816492
vn -0.061672 -0.456615 0.887524
vn -0.026894 -0.521903 0.852581
vn -0.365959 -0.681780 0.633443
vn 0.020805 -0.497253 0.867356
vn -0.049733 -0.462837 0.885047
vn 0.000859 -0.467578 0.883951
vn 0.029391 -0.928743 0.369556
vn -0.274243 0.018180 -0.961488
vn 0.041828 -0.521987 0.851927
vn 0.001435 -0.470925 0.882172
vn 0.027128 -0.640455 0.767517
vn -0.000232 -0.467664 0.883906
vn -0.646286 -0.298727 -0.702194
vn -0.722118 -0.183204 -0.667070
vn -0.000917 -0.467662 0.883907
vn 0.597403 -0.202735 0.775892
vn -0.052449 -0.418980 0.906479
vn 0.053298 -0.492871 0.868469
vn 0.060334 -0.481675 0.874270
vn 0.067662 -0.457297 0.886736
vn 0.055587 -0.470357 0.880724
vn -0.036697 -0.475787 0.878795
vn -0.041882 -0.472626 0.880267
vn -0.061666 -0.514159 0.855475
vn 0.055703 -0.455503 0.888490
vn -0.398492 -0.506034 -0.764941
vn -0.413010 0.910135 0.032818
vn 0.001566 -0.470891 0.882190
vn 0.884940 -0.325915 -0.332656
vn 0.726508 -0.098223 -0.680102
vn 0.735678 -0.020778 -0.677013
vn 0.002078 -0.469957 0.882687
vn 0.002236 -0.468875 0.883262
vn -0.001952 -0.468715 0.883347
vn 0.571837 -0.423355 -0.702689
vn -0.001943 -0.468602 0.883407
vn 0.697023 -0.293609 -0.654181
vn 0.611722 -0.361887 -0.703444
vn 0.001856 -0.468323 0.883556
vn -0.002273 -0.469422 0.882971
vn 0.190284 -0.565271 0.802658
vn -0.000220 -0.471560 0.881834
vn 0.000436 -0.467318 0.884089
vn -0.000755 -0.471629 0.881797
vn 0.011684 -0.470557 0.882292
vn 0.066598 -0.465591 0.882491
vn 0.000792 -0.470731 0.882276
vn 0.003035 -0.464614 0.885508
vn -0.003436 -0.467346 0.884068
vn 0.002065 -0.470237 0.882538
vn -0.276361 0.927536 -0.251599
vn -0.001602 -0.468236 0.883602
vn -0.001439 -0.468097 0.883676
vn 0.002634 -0.469192 0.883092
vn -0.402106 0.914836 0.037221
vn 0.184175 0.896298 0.403398
vn 0.079494 0.992501 -0.092862
vn 0.192255 0.974971 0.111671
vn 0.002028 -0.468740 0.883334
vn -0.002077 -0.469208 0.883085
vn -0.011041 -0.467820 0.883755
vn 0.002921 -0.465448 0.885071
vn -0.002439 -0.470295 0.882506
vn -0.002663 -0.469848 0.882743
vn 0.120317 -0.616710 -0.777942
vn -0.090060 -0.546963 -0.832298
vn -0.099533 -0.659198 -0.745353
vn 0.002328 -0.469363 0.883002
vn 0.834120 0.395061 -0.384928
vn -0.679335 0.721183 -0.135645
vn -0.000441 -0.458926 0.888474
vn -0.001161 -0.471481 0.881875
vn 0.869862 0.466930 -0.159109
vn 0.861933 0.336215 -0.379514
vn -0.874514 -0.049751 -0.482442
vn -0.809596 0.044162 -0.585324
vn 0.596422 0.794113 0.116897
vn 0.831689 0.545141 -0.105422
vn 0.264005 -0.487801 -0.832077
vn 0.274037 0.933851 0.229840
vn 0.447050 0.879844 -0.161313
vn 0.444029 0.895939 0.011487
vn 0.370891 0.872967 0.316811
vn -0.151222 0.983935 -0.094885
vn -0.036262 0.998120 -0.049409
vn -0.783515 0.615151 -0.087710
vn -0.948141 0.136261 -0.287160
vn -0.806541 -0.097997 -0.582999
vn 0.187153 -0.692459 -0.696760
vn -0.888219 0.269270 -0.372239
vn -0.915474 0.314220 -0.251344
vn -0.860220 0.290201 -0.419291
vn -0.791844 0.181299 -0.583192
vn 0.418953 0.908004 -0.002519
vn 0.631896 0.704502 -0.323086
vn 0.352219 0.901906 -0.250015
vn 0.314965 0.927501 -0.201341
vn 0.671364 0.740193 -0.037211
vn -0.850160 0.482667 -0.210383
vn 0.099573 0.943849 -0.315014
vn -0.775435 0.225450 -0.589808
vn -0.887497 0.259438 -0.380843
vn -0.899704 0.170879 -0.401664
vn 0.376327 0.923551 -0.073699
vn 0.626859 0.766802 -0.138064
vn 0.618408 0.736062 -0.275289
vn 0.899314 0.173515 -0.401406
vn 0.172528 0.943924 -0.281500
vn -0.075913 0.953572 -0.291442
vn -0.073682 0.996636 0.035888
vn -0.205721 -0.485915 -0.849450
vn -0.001683 -0.583685 -0.811979
vn 0.727953 0.072807 -0.681751
vn 0.636064 0.678578 -0.367361
vn -0.282989 0.959112 0.004669
vn 0.707834 0.336553 -0.621050
vn -0.864395 0.363633 -0.347265
vn 0.141660 0.988169 -0.058770
vn 0.906623 0.247516 -0.341717
vn 0.762592 0.531955 -0.368073
vn 0.822805 0.340750 -0.454842
vn -0.690836 0.717732 -0.087210
vn -0.127969 -0.426311 -0.895479
vn -0.124981 0.990058 0.064535
vn 0.112997 0.985757 -0.124562
vn -0.192827 -0.562615 -0.803917
vn -0.338882 0.933796 -0.114819
vn -0.137593 0.990472 -0.005701
vn 0.431316 -0.403654 -0.806864
vn -0.765924 0.028681 -0.642291
vn -0.474445 0.865436 -0.161004
vn 0.492753 -0.391582 -0.777083
vn -0.629269 0.041255 -0.776092
vn -0.495768 -0.319794 -0.807431
vn -0.233127 0.960879 0.149542
vn -0.479041 -0.423885 -0.768662
vn -0.438362 0.835539 -0.331230
vn -0.511574 0.848319 -0.136553
vn -0.794270 0.491504 -0.357154
vn -0.522363 0.836856 -0.163735
vn -0.654780 0.737288 0.166342
vn -0.578211 0.815051 -0.036920
vn -0.817312 0.452120 -0.357196
vn -0.714843 0.630796 -0.301821
vn -0.737571 0.634080 -0.232231
vn -0.646486 0.687829 -0.330071
vn -0.820190 0.432118 -0.374917
vn 0.044914 -0.405277 -0.913090
vn 0.277873 -0.415371 -0.866172
vn -0.696273 0.709724 -0.107219
vn 0.713811 -0.227062 -0.662508
vn 0.666178 -0.190380 -0.721084
vn -0.219386 0.974303 -0.051027
vn -0.417831 0.906767 -0.056481
vn -0.292859 0.953881 -0.065910
vn 0.638876 -0.185490 -0.746613
vn 0.771834 -0.574029 -0.273428
vn 0.506441 0.061490 -0.860080
vn 0.846975 0.267413 -0.459481
vn 0.192912 -0.213630 -0.957678
vn 0.319622 -0.384094 -0.866206
vn 0.819806 0.554886 -0.141492
vn 0.666674 -0.135168 -0.732991
vn 0.348473 -0.347352 -0.870582
vn 0.414434 -0.371698 -0.830714
vn 0.841125 -0.055077 -0.538029
vn 0.834430 0.158518 -0.527825
vn -0.597580 -0.263694 -0.757208
vn 0.782236 0.532112 -0.323981
vn -0.687870 -0.416911 -0.594155
vn -0.859958 0.413902 -0.298591
vn -0.199782 0.974453 0.102607
vn -0.630727 0.581173 -0.514220
vn 0.805890 -0.170412 -0.567010
vn 0.842031 0.007656 -0.539375
vn -0.569569 0.749598 -0.337186
vn 0.865312 0.084378 -0.494080
vn 0.632267 -0.278763 -0.722862
vn -0.334618 -0.399047 -0.853693
vn 0.382308 -0.326173 -0.864553
vn -0.680497 -0.087162 -0.727548
vn 0.543996 0.807136 -0.229347
vn -0.712757 0.538881 -0.448982
vn -0.747751 0.087235 -0.658224
vn 0.863476 0.205551 -0.460606
vn 0.244768 0.931715 -0.268321
vn -0.813745 0.140220 -0.564054
vn 0.362382 -0.386085 -0.848303
vn 0.615729 0.729948 -0.296737
vn 0.252049 0.004136 -0.967706
vn 0.105880 0.467151 -0.877815
vn 0.408978 -0.361230 -0.838004
vn -0.213145 -0.824035 -0.524914
vn -0.721711 -0.568102 -0.395467
vn 0.821883 0.045451 -0.567840
vn 0.650886 0.595419 -0.470981
vn 0.884197 0.467027 -0.008990
vn 0.069653 -0.138039 -0.987974
vn -0.011912 -0.311057 -0.950317
vn -0.095982 -0.854936 -0.509776
vn -0.570599 0.039165 -0.820294
vn -0.506471 -0.300816 -0.808082
vn -0.148612 0.881102 -0.448970
vn 0.126148 0.377927 -0.917201
vn 0.462765 0.260362 -0.847384
vn -0.128180 0.775070 -0.618738
vn 0.104912 0.934094 -0.341264
vn -0.451130 0.842483 -0.294455
vn 0.309439 0.906192 -0.288209
vn -0.793021 -0.568832 -0.218055
vn -0.791502 0.366327 -0.489213
vn 0.275201 0.661027 -0.698074
vn -0.235884 -0.794563 -0.559490
vn -0.616530 0.048840 -0.785815
vn -0.005585 0.417917 -0.908468
vn -0.227881 0.016872 -0.973543
vn -0.214406 0.821995 -0.527593
vn 0.889997 -0.410209 -0.199083
vn 0.716821 0.184498 -0.672405
vn 0.056765 0.452758 -0.889825
vn 0.380335 0.435087 -0.816115
vn -0.346976 -0.481756 -0.804686
vn 0.461642 0.084886 -0.882995
vn 0.449018 0.024094 -0.893198
vn 0.014137 0.536001 -0.844099
vn -0.520895 -0.719020 -0.460085
vn 0.010536 -0.066429 -0.997736
vn -0.467131 0.080276 -0.880537
vn -0.578896 0.006134 -0.815378
vn 0.124662 0.230187 -0.965129
vn -0.730041 -0.049877 -0.681581
vn -0.178920 0.469903 -0.864395
vn 0.073685 0.481460 -0.873365
vn -0.728306 -0.185202 -0.659750
vn -0.808378 -0.347490 -0.475159
vn -0.483317 -0.108105 -0.868745
vn -0.554755 0.228292 -0.800081
vn -0.044215 0.864860 -0.500062
vn -0.149553 0.373307 -0.915574
vn 0.701074 -0.635443 -0.323585
vn 0.569731 -0.686188 -0.452275
vn 0.449952 -0.817850 -0.358698
vn 0.056671 -0.917672 -0.393276
vn -0.138405 -0.882729 -0.449036
vn 0.900129 -0.307531 -0.308531
vn -0.876293 -0.418062 -0.239446
vn 0.227737 0.524456 -0.820416
vn 0.326906 0.869592 0.370057
vn -0.472683 0.791293 -0.387847
vn 0.364185 0.095229 -0.926445
vn -0.027136 -0.874202 -0.484803
vn 0.807459 -0.579253 -0.111695
vn -0.530234 -0.763695 -0.368268
vn -0.794569 -0.550255 -0.256670
vn -0.457119 -0.731052 -0.506563
vn -0.465362 -0.794275 -0.390596
vn -0.224760 -0.875485 -0.427796
vn -0.316748 -0.784094 -0.533729
vn 0.085650 0.445522 -0.891165
vn 0.996240 0.041266 -0.076172
vn -0.827808 -0.476132 -0.296701
vn -0.021890 -0.060978 -0.997899
vn -0.285810 -0.885639 -0.366001
vn 0.996801 0.010000 -0.079297
vn -0.662903 0.323051 -0.675424
vn 0.492922 0.669215 -0.556039
vn 0.685810 0.442404 -0.577878
vn 0.614703 0.420324 -0.667434
vn -0.621034 -0.704485 -0.343538
vn -0.438540 0.652477 -0.618026
vn -0.876532 -0.416883 -0.240624
vn 0.990563 0.038506 -0.131536
vn 0.518295 0.033038 -0.854564
vn -0.546239 0.507956 -0.666036
vn 0.239710 0.932365 0.270619
vn -0.054582 0.955026 -0.291457
vn -0.018735 0.429787 -0.902736
vn 0.043309 0.298521 -0.953420
vn 0.998752 0.043002 0.025392
vn 0.727350 0.601212 0.330917
vn 0.568402 -0.688770 -0.450017
vn 0.790761 0.538982 0.290164
vn 0.212837 0.894692 0.392716
vn 0.028083 0.907683 0.418715
vn 0.087293 0.863308 0.497071
vn -0.999743 -0.013508 -0.018230
vn 0.646041 -0.717933 -0.259235
vn 0.974689 -0.175703 -0.138238
vn 0.933601 -0.319879 -0.161451
vn 0.653434 0.658909 0.372642
vn 0.974096 0.198403 0.108509
vn 0.980181 0.187438 0.064121
vn 0.717854 0.633355 0.289045
vn 0.769590 -0.596245 -0.228524
vn 0.986496 -0.155148 -0.052491
vn 0.949293 -0.268695 -0.163234
vn 0.314641 0.895944 -0.313505
vn 0.363271 -0.860999 -0.355971
vn 0.981697 -0.182012 -0.056065
vn 0.213820 -0.852299 -0.477355
vn 0.934205 0.289469 0.208493
vn 0.766140 -0.576607 -0.283821
vn -0.603802 0.739965 0.296436
vn -0.986782 0.129936 0.096845
vn -0.886242 -0.441229 -0.141039
vn -0.740876 -0.582343 -0.334633
vn 0.926002 0.346699 0.149401
vn 0.645774 0.660526 0.382990
vn -0.523578 0.787267 0.325693
vn -0.483555 0.746466 0.457124
vn -0.375890 0.805097 0.458830
vn 0.417718 0.826994 0.376289
vn -0.108788 0.894685 0.433248
vn -0.680115 0.646693 0.345300
vn -0.822710 -0.542428 0.170057
vn -0.812991 -0.481567 0.327322
vn -0.829058 -0.528143 0.183654
vn 0.449833 0.781652 0.432054
vn -0.993634 -0.108772 -0.029333
vn -0.996588 0.066371 0.049072
vn 0.978896 0.203609 0.017500
vn 0.073099 0.917735 0.390409
vn -0.260276 0.841163 0.474027
vn 0.770022 0.586749 0.250584
vn -0.813226 0.473504 0.338316
vn -0.940231 0.331412 0.078309
vn -0.813300 0.474319 0.336994
vn -0.832957 0.458107 0.310355
vn -0.668976 -0.735619 0.106472
vn -0.937336 -0.275582 -0.213204
vn -0.679368 -0.697693 0.227341
vn -0.849111 0.383516 0.363216
vn -0.627625 -0.729360 0.272251
vn -0.938506 -0.314098 -0.143353
vn -0.635342 -0.689647 -0.347459
vn -0.493485 0.804060 0.331602
vn -0.642816 -0.706136 0.296915
vn -0.994187 0.094353 0.051859
vn -0.986530 -0.156136 -0.048777
vn -0.999742 -0.016920 0.015137
vn -0.968348 0.224522 0.109046
vn -0.707783 -0.616068 0.345692
vn -0.746442 -0.634136 0.201734
vn -0.657962 -0.747281 0.093047
vn -0.669003 -0.679872 0.300349
vn -0.784328 -0.294935 -0.545750
vn -0.846720 -0.371700 -0.380664
vn -0.938069 0.307912 0.158800
vn -0.771164 -0.521307 -0.365438
vn -0.777106 -0.573354 -0.259562
vn -0.694642 -0.628556 -0.349843
vn -0.923888 -0.348936 -0.157082
vn -0.895764 -0.180895 -0.406059
vn -0.718064 -0.695791 0.016060
vn -0.535487 -0.758632 -0.371122
vn -0.721790 -0.685288 -0.096955
vn -0.381190 -0.909550 0.165565
vn -0.353955 -0.891841 0.281666
vn -0.802357 -0.595951 -0.032661
vn -0.536135 -0.747656 -0.391880
vn -0.488856 -0.802047 -0.343134
vn -0.877087 -0.467676 -0.109529
vn -0.823731 -0.494281 -0.277764
vn -0.550772 -0.796825 0.248434
vn -0.472955 -0.855416 0.211132
vn -0.900275 -0.424366 -0.097046
vn -0.822316 -0.541503 -0.174846
vn -0.530799 -0.721318 -0.444919
vn -0.460414 -0.864421 0.201980
vn -0.902002 -0.394509 -0.175371
vn -0.697755 -0.641018 0.319741
vn -0.704144 -0.628494 0.330418
vn -0.547651 -0.718665 -0.428484
vn -0.456609 -0.780548 -0.426910
vn -0.510381 -0.588577 -0.626968
vn -0.483179 -0.846137 0.224922
vn -0.901642 -0.367265 -0.228384
vn -0.650942 -0.700406 0.292756
vn -0.361382 -0.881352 0.304338
vn -0.563351 -0.692972 -0.449917
vn -0.609621 -0.723635 -0.323597
vn -0.646385 -0.368324 -0.668224
vn -0.684348 -0.580707 -0.440962
vn -0.473458 -0.758120 -0.448433
vn -0.873395 -0.443048 -0.202214
vn -0.645010 -0.759531 0.084115
vn -0.678986 -0.463856 -0.569047
vn -0.666391 -0.693122 -0.274781
vn -0.733602 -0.605937 -0.307683
vn -0.565920 -0.813312 0.135122
vn -0.154442 -0.975442 0.157038
vn -0.361724 -0.834068 -0.416517
vn -0.386604 -0.922077 -0.017636
vn -0.803717 -0.539602 -0.250734
vn -0.138564 -0.979354 0.147193
vn -0.609059 -0.790692 -0.062081
vn -0.060163 -0.867905 -0.493073
vn -0.726546 -0.487248 -0.484479
vn -0.288994 -0.718773 -0.632335
vn -0.717669 -0.607916 -0.339689
vn -0.282899 -0.922992 0.260870
vn -0.555343 -0.471511 -0.685034
vn -0.177246 -0.871510 -0.457225
vn -0.317317 -0.914859 0.249687
vn -0.667710 -0.686346 -0.288258
vn -0.238719 -0.956650 0.166836
vn -0.725861 -0.578891 -0.371498
vn -0.218218 -0.883883 -0.413681
vn -0.830131 -0.307674 -0.464994
vn -0.682218 -0.659817 0.314993
vn -0.674760 -0.668161 0.313464
vn -0.805798 -0.592148 -0.007145
vn -0.177569 -0.971443 0.157381
vn -0.301242 -0.919689 0.251843
vn -0.426301 -0.797589 -0.426754
vn -0.169848 -0.970339 0.172028
vn -0.213368 -0.806399 -0.551538
vn -0.343945 -0.900956 0.264536
vn -0.298774 -0.700698 -0.647887
vn -0.331779 -0.908551 0.253887
vn -0.459244 -0.772885 -0.437885
vn -0.246083 -0.956717 0.155355
vn 0.051387 -0.986566 0.155073
vn 0.068998 -0.987095 0.144507
vn 0.361689 -0.842855 -0.398469
vn -0.905005 -0.415315 -0.092081
vn 0.238473 -0.847445 -0.474308
vn 0.139242 -0.978422 0.152652
vn 0.304473 -0.823161 -0.479273
vn 0.082647 -0.970746 -0.225437
vn -0.581362 -0.621592 -0.525015
vn -0.530689 -0.805198 -0.264623
vn -0.541232 -0.840509 -0.024742
vn -0.478784 -0.859954 0.176760
vn -0.349306 -0.852803 -0.388217
vn -0.435014 -0.828708 -0.352145
vn -0.021269 -0.689390 -0.724078
vn 0.104173 -0.984902 0.138262
vn 0.086714 -0.986511 0.138842
vn -0.468964 -0.734627 -0.490303
vn -0.027287 -0.865996 -0.499305
vn 0.004691 -0.870184 -0.492704
vn -0.235107 -0.970327 -0.056484
vn 0.056320 -0.990990 0.121523
vn -0.122063 -0.982240 0.142495
vn 0.017379 -0.994684 0.101499
vn -0.319407 -0.873656 -0.367021
vn 0.048968 -0.854469 -0.517190
vn 0.088591 -0.992344 -0.086049
vn 0.076013 -0.869767 -0.487574
vn -0.207571 -0.967073 0.147256
vn 0.047132 -0.889633 -0.454237
vn -0.636788 -0.717321 0.282757
vn -0.541748 -0.807287 0.234086
vn -0.223333 -0.962437 0.154391
vn 0.034782 -0.829467 -0.557472
vn -0.000354 -0.994163 0.107885
vn -0.104625 -0.984199 0.142853
vn 0.040784 -0.766982 -0.640371
vn -0.021559 -0.992194 0.122830
vn 0.359794 -0.792875 -0.491832
vn 0.356958 -0.916812 0.178985
vn -0.352561 -0.584263 -0.730984
vn -0.244581 -0.907838 -0.340604
vn -0.493788 -0.840124 0.224422
vn -0.791581 -0.547389 -0.271597
vn -0.660044 -0.723975 -0.200506
vn 0.243493 -0.586821 -0.772239
vn 0.289311 -0.943203 0.163300
vn 0.305266 -0.937054 0.169536
vn 0.359682 -0.844082 -0.397686
vn 0.419181 -0.725645 -0.545644
vn 0.418677 -0.742024 -0.523555
vn 0.321671 -0.931664 0.168907
vn -0.728953 -0.624845 -0.279634
vn 0.368293 -0.911761 0.181802
vn 0.621840 -0.511815 -0.592757
vn 0.406646 -0.832977 -0.375216
vn 0.346350 -0.875285 -0.337516
vn -0.275230 -0.949269 0.152105
vn 0.369539 -0.832368 -0.413044
vn -0.299463 -0.930830 0.209470
vn 0.255740 -0.953056 0.162117
vn 0.440817 -0.732994 -0.518074
vn 0.333210 -0.805641 -0.489809
vn 0.400240 -0.456291 -0.794736
vn 0.314986 -0.939720 -0.133083
vn 0.272886 -0.948607 0.160246
vn 0.365771 -0.799615 -0.476264
vn -0.453594 -0.883242 0.118896
vn 0.310602 -0.866401 -0.390994
vn 0.298958 -0.833477 -0.464693
vn 0.121127 -0.982304 0.142857
vn 0.237656 -0.956518 0.169095
vn 0.230153 -0.960085 0.158956
vn 0.181745 -0.857336 -0.481605
vn 0.304360 -0.853902 -0.422157
vn 0.562719 -0.824667 -0.057191
vn 0.688115 -0.588716 -0.424159
vn 0.547228 -0.815220 0.189624
vn -0.415477 -0.807789 -0.418157
vn -0.434658 -0.682258 -0.587874
vn -0.276513 -0.799000 -0.533985
vn -0.273731 -0.925595 -0.261431
vn 0.470113 -0.858613 0.204396
vn 0.447611 -0.873875 0.189701
vn 0.614108 -0.631937 -0.472786
vn 0.592930 -0.789506 -0.158479
vn 0.285506 -0.884655 -0.368608
vn 0.773747 -0.512043 -0.372998
vn -0.383802 -0.819777 -0.425042
vn -0.128750 -0.987935 -0.086066
vn 0.823711 -0.462634 -0.327827
vn 0.615914 -0.770598 0.163794
vn 0.085095 -0.877713 -0.471570
vn 0.616922 -0.787023 0.001347
vn 0.642472 -0.565101 -0.517581
vn 0.664795 -0.698378 -0.265169
vn 0.703089 -0.611185 -0.363480
vn 0.002519 -0.896942 -0.442141
vn 0.714598 -0.672576 -0.192331
vn 0.469422 -0.855568 0.218278
vn -0.035687 -0.990899 0.129787
vn 0.602161 -0.738561 -0.303199
vn -0.375056 -0.897527 -0.231902
vn 0.521880 -0.821694 0.229041
vn 0.503244 -0.837514 0.212876
vn 0.523332 -0.817452 0.240614
vn 0.488553 -0.723190 -0.488173
vn 0.113267 -0.633878 -0.765094
vn -0.086860 -0.985113 0.148351
vn 0.508234 -0.496374 -0.703783
vn 0.610931 -0.687006 -0.393429
vn -0.530563 -0.817410 0.224372
vn -0.072121 -0.986367 0.147917
vn -0.517016 -0.827341 0.219550
vn 0.539407 -0.807511 0.238673
vn 0.487300 -0.846771 0.213349
vn 0.448604 -0.302595 -0.840946
vn 0.540969 -0.758853 -0.362621
vn 0.338513 -0.925605 0.169307
vn 0.699888 -0.651904 0.291853
vn 0.630006 -0.645013 -0.432494
vn 0.718560 -0.624750 0.305547
vn -0.052474 -0.989440 0.135112
vn 0.815541 -0.306085 -0.491127
vn -0.175560 -0.852199 -0.492885
vn -0.056111 -0.877244 -0.476754
vn 0.481180 -0.789558 -0.380871
vn -0.099962 -0.977361 -0.186473
vn 0.218881 -0.963904 -0.151594
vn 0.932678 -0.305929 -0.191099
vn -0.099643 -0.645577 -0.757167
vn 0.851718 -0.495959 -0.169120
vn 0.686575 -0.665940 0.291787
vn 0.592510 -0.746401 -0.303013
vn 0.764335 -0.586468 0.268044
vn 0.402089 -0.897904 0.179147
vn 0.782979 -0.533632 0.319657
vn -0.113990 -0.865353 -0.488027
vn 0.863921 -0.455607 -0.214623
vn 0.810979 -0.480576 -0.333707
vn 0.155085 -0.976572 0.149187
vn 0.173606 -0.974696 0.140815
vn 0.814654 -0.469642 -0.340259
vn 0.828018 -0.500831 -0.252101
vn 0.855874 -0.460830 -0.234767
vn 0.789043 -0.598390 -0.139070
vn 0.762180 -0.645864 0.044071
vn 0.710413 -0.638321 0.296411
vn 0.850166 -0.437561 -0.292845
vn 0.454331 -0.762226 -0.461080
vn 0.720436 -0.567180 -0.399098
vn 0.024349 -0.657973 -0.752648
vn 0.778843 -0.599883 0.183149
vn 0.638154 -0.741503 0.207203
vn 0.735151 -0.271097 -0.621336
vn 0.081138 -0.862819 -0.498959
vn 0.553059 -0.797385 0.241458
vn 0.749977 -0.660395 0.037595
vn 0.209990 -0.844319 -0.492981
vn 0.208962 -0.870262 -0.446070
vn 0.738621 -0.580083 -0.343428
vn 0.190829 -0.971898 0.137832
vn 0.207821 -0.968110 0.139903
vn 0.790311 -0.401714 0.462638
vn 0.807931 -0.579510 0.106846
vn 0.788270 -0.442705 0.427367
vn 0.152650 -0.864272 -0.479303
vn 0.932789 -0.358319 0.038893
vn 0.124185 -0.805484 -0.579460
vn 0.313979 -0.825071 -0.469760
vn 0.778382 -0.460151 0.427063
vn 0.806603 -0.366029 0.464128
vn 0.810021 -0.349649 0.470756
vn 0.983364 -0.170130 -0.063643
vn 0.996343 -0.067003 -0.053030
vn 0.401142 -0.893009 -0.204009
vn 0.937512 -0.307692 0.162474
vn 0.190618 -0.899765 -0.392541
vn 0.775298 -0.512165 0.369595
vn 0.988149 -0.058289 -0.141997
vn 0.785100 -0.495520 0.371588
vn 0.794836 -0.426638 0.431526
vn 0.794234 -0.406383 0.451714
vn 0.974707 -0.223281 -0.009564
vn 0.909669 -0.065589 -0.410122
vn 0.429910 -0.882443 0.190976
vn 0.944947 -0.277495 -0.173411
vn 0.956241 -0.080512 -0.281285
vn 0.951713 -0.195869 -0.236386
vn 0.932637 -0.258214 -0.252021
vn 0.791857 -0.479834 0.377787
vn 0.789323 -0.457929 0.408987
vn 0.867234 0.008403 -0.497831
vn 0.731242 -0.619782 0.284878
vn 0.957451 -0.272910 -0.093846
vn 0.959832 -0.240116 -0.145146
vn 0.926992 -0.314207 -0.204843
vn 0.969841 0.243028 0.018607
vn 0.416507 -0.890049 0.185296
vn 0.472278 -0.863285 -0.178025
vn 0.386142 -0.905109 0.177967
vn 0.902949 -0.402925 -0.149449
vn 0.981389 0.181579 0.062490
vn 0.692220 -0.721685 0.001292
vn 0.803199 -0.232695 0.548383
vn 0.424556 -0.757911 -0.495302
vn 0.960208 -0.242945 -0.137759
vn 0.926081 -0.109486 0.361092
vn 0.696376 -0.053387 -0.715688
vn 0.503191 -0.765209 -0.401564
vn 0.997593 0.067726 -0.014875
vn 0.934960 -0.267543 0.232962
vn 0.969857 0.174694 -0.169878
vn 0.999703 0.007043 -0.023319
vn 0.809741 -0.275826 0.517919
vn 0.811661 -0.259092 0.523524
vn 0.997768 0.054319 0.038832
vn 0.864935 -0.092505 0.493285
vn 0.966192 0.008636 0.257678
vn 0.970257 -0.213088 -0.114865
vn 0.999070 0.013664 0.040905
vn 0.861504 -0.075904 0.502046
vn 0.991231 -0.082130 -0.103513
vn 0.355820 -0.871389 -0.337749
vn 0.997393 -0.066393 0.028286
vn 0.639378 -0.727983 0.247459
vn 0.981881 0.178235 -0.064357
vn 0.807724 -0.213718 0.549460
vn 0.806158 -0.240505 0.540617
vn 0.809062 -0.196218 0.554001
vn 0.998018 0.060652 0.016786
vn 0.800299 -0.382903 0.461418
vn 0.627686 -0.740034 0.241579
vn 0.960779 0.138406 -0.240307
vn 0.633961 -0.765512 0.109933
vn 0.701056 -0.594980 -0.393090
vn 0.918308 0.364875 -0.153546
vn 0.968286 -0.202574 0.146238
vn 0.745171 -0.010681 0.666788
vn 0.717676 -0.629266 -0.298270
vn 0.797884 0.433006 -0.419389
vn 0.998889 -0.039714 -0.025377
vn 0.993231 -0.098098 0.062201
vn 0.996570 -0.082505 0.006422
vn 0.726081 -0.616849 -0.303813
vn 0.662419 0.006289 0.749108
vn 0.647203 0.031753 0.761656
vn 0.663999 -0.012869 0.747622
vn 0.923457 0.343148 0.171686
vn 0.902957 0.416366 0.106340
vn 0.743468 0.009022 0.668711
vn 0.893120 0.389738 0.224592
vn 0.695198 0.036308 0.717901
vn 0.656744 0.021456 0.753808
vn 0.881257 0.454336 0.130249
vn 0.891603 0.404759 0.203012
vn 0.966852 -0.254973 0.013656
vn 0.899858 0.381715 0.211066
vn 0.755234 -0.531263 -0.383903
vn 0.792056 0.011837 0.610334
vn 0.765711 -0.051045 0.641156
vn 0.878634 -0.402660 -0.256645
vn 0.884521 0.151543 0.441201
vn 0.922777 0.343444 0.174724
vn 0.875778 0.198971 0.439799
vn 0.738744 0.025601 0.673500
vn 0.749456 -0.545724 0.374835
vn 0.758022 -0.534111 0.374338
vn 0.900987 0.403016 0.160626
vn 0.949394 0.299864 0.093446
vn 0.865710 -0.111233 0.488030
vn 0.950735 -0.295941 -0.092310
vn 0.836498 -0.200217 0.510082
vn 0.899596 0.397488 0.180916
vn 0.977371 0.199938 0.069076
vn 0.580416 0.227221 0.781977
vn 0.859733 -0.481748 0.169642
vn 0.920999 -0.264184 -0.286300
vn 0.895940 -0.436182 -0.083888
vn 0.824823 -0.032206 0.564474
vn 0.820192 -0.073237 0.567381
vn 0.708131 0.586882 0.392581
vn 0.568177 0.238262 0.787659
vn 0.973970 0.210889 0.083116
vn 0.995239 0.039526 0.089093
vn 0.716206 0.634330 0.290988
vn 0.602096 0.171027 0.779891
vn 0.795511 0.205578 0.570000
vn 0.957081 -0.113297 0.266759
vn 0.931004 0.329608 0.156815
vn 0.537122 0.250494 0.805452
vn 0.553707 0.245371 0.795740
vn 0.729365 0.564440 0.386567
vn 0.790009 0.532779 0.303370
vn 0.680059 0.435617 0.589709
vn 0.739288 0.608914 0.287535
vn 0.597547 0.193072 0.778242
vn 0.590172 0.212145 0.778904
vn 0.782488 0.588507 0.203400
vn 0.932703 0.355688 -0.059589
vn 0.646950 0.154459 0.746725
vn 0.978930 -0.131906 0.155875
vn 0.628564 0.646420 0.432491
vn 0.638323 0.169499 0.750875
vn 0.794857 -0.329765 0.509370
vn 0.608834 0.757905 -0.234312
vn 0.688321 0.616486 0.382308
vn 0.737171 0.675350 0.021925
vn 0.781298 0.535936 0.319915
vn 0.741445 0.630458 0.229744
vn 0.993149 -0.051647 -0.104826
vn 0.803402 -0.328388 0.496696
vn 0.656538 0.754015 -0.020484
vn 0.613675 -0.752122 0.240242
vn 0.977306 -0.018750 -0.211002
vn 0.804619 -0.294136 0.515821
vn 0.835480 0.498486 0.231268
vn 0.996567 0.069036 -0.045699
vn 0.306194 0.408893 0.859681
vn 0.372898 0.688622 0.621890
vn 0.829666 0.472698 0.297004
vn 0.369522 0.421089 0.828334
vn 0.859109 0.427671 0.281122
vn 0.404923 0.384909 0.829387
vn 0.897909 0.363014 0.248960
vn 0.943079 0.147355 0.298140
vn 0.304672 0.381556 0.872691
vn 0.385317 0.412461 0.825474
vn 0.437386 0.659737 0.611098
vn 0.339477 0.769602 0.540804
vn 0.828683 0.512910 0.224069
vn 0.425988 0.368069 0.826474
vn 0.802014 0.590469 0.090109
vn 0.409239 0.371475 0.833385
vn 0.432122 0.777311 0.457228
vn 0.472173 0.821153 0.320561
vn 0.546213 0.753194 0.366538
vn 0.477653 0.305080 0.823877
vn 0.752224 -0.012500 0.658788
vn 0.554557 0.753260 0.353647
vn 0.236427 0.880732 -0.410382
vn 0.445178 0.816564 0.367477
vn 0.928990 0.368073 0.038731
vn 0.940210 0.144489 0.308430
vn 0.364431 0.777737 0.512167
vn 0.466599 0.331759 0.819891
vn 0.764209 -0.032796 0.644134
vn 0.831315 -0.055032 0.553071
vn 0.949757 0.262791 0.170005
vn 0.625481 0.735417 0.260642
vn 0.960132 0.232974 0.154497
vn 0.730094 -0.575776 0.368027
vn 0.741183 -0.560585 0.369312
vn 0.464090 0.727081 0.505939
vn 0.680117 0.685690 0.259366
vn 0.764041 0.338069 0.549500
vn -0.070098 0.993994 0.084034
vn 0.776223 0.568545 0.272460
vn 0.071458 0.466110 0.881836
vn 0.159702 0.901827 0.401502
vn 0.087294 0.699442 0.709338
vn 0.757045 0.414818 0.504785
vn 0.089252 0.462840 0.881937
vn 0.651386 0.651213 0.389382
vn 0.106697 0.454807 0.884176
vn 0.123123 0.446909 0.886066
vn 0.180493 0.669573 0.720482
vn 0.158766 0.447657 0.879998
vn 0.140898 0.448305 0.882706
vn 0.058362 0.887493 0.457111
vn 0.175944 0.442534 0.879322
vn 0.121340 0.992514 0.013862
vn 0.145259 0.852940 0.501391
vn 0.228085 0.933043 0.278222
vn 0.613216 0.178382 0.769510
vn 0.188629 0.858693 0.476513
vn 0.139249 0.834590 0.532981
vn 0.300835 0.825198 0.478066
vn 0.689824 0.063418 0.721194
vn 0.698612 0.147011 0.700235
vn 0.829356 0.476165 0.292293
vn 0.318004 0.368761 0.873435
vn 0.652936 0.135554 0.745184
vn 0.798712 -0.311897 0.514567
vn 0.799918 0.592387 -0.095964
vn 0.528138 0.848106 -0.042268
vn 0.502588 0.529806 0.683162
vn 0.208472 0.874114 0.438707
vn 0.290341 0.393436 0.872302
vn 0.457166 0.824567 0.333299
vn -0.205405 0.409825 0.888736
vn 0.342000 0.855465 0.388864
vn 0.662472 0.713899 0.226891
vn -0.161028 0.368201 0.915696
vn 0.864398 0.435182 0.251858
vn -0.159504 0.333895 0.929017
vn 0.577311 0.512670 0.635517
vn 0.375586 0.759404 0.531264
vn -0.143298 0.333819 0.931682
vn -0.200457 0.652428 0.730859
vn -0.261721 0.834367 0.485112
vn -0.162903 0.381959 0.909709
vn -0.138199 0.782677 0.606892
vn -0.086379 0.971933 0.218825
vn -0.121471 0.433167 0.893091
vn -0.086363 0.431313 0.898059
vn -0.103855 0.434614 0.894609
vn 0.454851 0.348093 0.819721
vn -0.119570 0.940305 0.318637
vn -0.036995 0.384216 0.922502
vn -0.130234 0.919764 0.370235
vn -0.203324 0.904781 0.374207
vn -0.167489 0.880447 0.443577
vn -0.114615 0.910290 0.397788
vn -0.023919 0.818991 0.573307
vn 0.638627 0.714941 0.284631
vn 0.441162 0.360151 0.821990
vn 0.515620 0.277450 0.810652
vn 0.526683 0.263062 0.808334
vn 0.657143 0.634149 0.407453
vn -0.149656 0.832844 0.532893
vn 0.620036 0.693442 0.367006
vn 0.486674 0.294391 0.822486
vn 0.813879 -0.083792 0.574961
vn 0.975829 0.211887 0.053488
vn 0.502114 0.288172 0.815376
vn -0.409207 0.343791 0.845197
vn -0.042966 0.837439 0.544839
vn 0.257044 0.661659 0.704369
vn 0.035870 0.458575 0.887931
vn 0.053613 0.464657 0.883866
vn -0.390459 0.372959 0.841691
vn -0.644751 0.608454 0.462688
vn -0.447572 0.758588 0.473522
vn 0.026261 0.897054 0.441141
vn 0.000123 0.355250 0.934771
vn 0.110808 0.895280 0.431503
vn 0.364535 0.831498 0.419196
vn -0.003574 0.402196 0.915546
vn -0.358084 0.384107 0.851022
vn -0.428010 0.595401 0.679930
vn -0.374932 0.380631 0.845308
vn -0.659683 0.598015 0.455187
vn -0.491948 0.861482 0.125838
vn -0.032033 0.359947 0.932423
vn -0.032712 0.637856 0.769461
vn -0.015880 0.360690 0.932551
vn -0.692933 0.577034 0.432291
vn -0.455427 0.790631 0.409255
vn -0.114589 0.649441 0.751729
vn -0.068724 0.423209 0.903422
vn -0.340060 0.382865 0.858938
vn -0.478613 0.804962 0.350665
vn -0.368138 0.752478 0.546124
vn -0.169746 0.984755 -0.037994
vn -0.671114 0.697296 0.251762
vn -0.529818 0.271737 0.803400
vn -0.513600 0.555803 0.653681
vn -0.382833 0.794070 0.472115
vn -0.466433 0.768019 0.438848
vn -0.736113 0.633997 0.237037
vn -0.595416 0.291917 0.748508
vn -0.551832 0.285711 0.783486
vn 0.319489 0.628970 0.708747
vn -0.724422 0.624310 0.292319
vn -0.320081 0.797130 0.511989
vn -0.588192 0.209433 0.781133
vn 0.280503 0.897460 0.340418
vn 0.192329 0.432466 0.880899
vn 0.306550 0.939830 0.150822
vn -0.396648 0.843472 0.362250
vn -0.369818 0.755722 0.540480
vn -0.347348 0.796828 0.494382
vn 0.375487 0.854458 0.359041
vn 0.220373 0.394407 0.892120
vn -0.000901 0.971630 0.236503
vn -0.626336 0.239837 0.741742
vn -0.256983 0.405626 0.877170
vn -0.730935 0.464789 0.499706
vn -0.617778 0.197122 0.761244
vn 0.213289 0.406788 0.888274
vn -0.604204 0.205191 0.769957
vn 0.257406 0.403543 0.878006
vn 0.266000 0.793221 0.547763
vn 0.356170 0.776934 0.519150
vn -0.867045 0.375148 0.327868
vn 0.232853 0.397213 0.887694
vn -0.699633 0.334214 0.631518
vn -0.881466 0.379499 0.281066
vn 0.665486 0.170938 0.726573
vn -0.637505 0.169384 0.751596
vn 0.274473 0.400697 0.874132
vn -0.628874 0.185169 0.755136
vn -0.424976 0.792911 0.436678
vn -0.038561 0.908464 0.416179
vn 0.116757 0.891132 0.438465
vn -0.462613 0.807674 0.365584
vn 0.097675 0.836640 0.538975
vn -0.010326 0.853469 0.521042
vn -0.073921 0.828334 0.555336
vn -0.620847 0.640042 0.452654
vn -0.474171 0.789337 0.390012
vn -0.428522 0.328161 0.841831
vn -0.411472 0.328597 0.850127
vn -0.013308 0.931108 0.364500
vn -0.810410 -0.211128 0.546498
vn -0.797867 -0.186873 0.573138
vn -0.805850 -0.198007 0.558032
vn -0.809295 -0.234959 0.538364
vn -0.461591 0.348472 0.815782
vn -0.532940 0.315025 0.785324
vn -0.979715 0.195709 0.043077
vn -0.598495 0.622462 0.504327
vn -0.689712 0.716086 0.107319
vn -0.836835 -0.100024 0.538240
vn -0.994603 -0.032290 0.098601
vn -0.934441 -0.074093 0.348326
vn -0.904183 -0.193622 0.380742
vn -0.622600 0.492976 0.607737
vn -0.758682 0.592781 0.270209
vn -0.787662 0.548772 0.280068
vn -0.789360 0.578774 0.204772
vn -0.893287 0.375214 0.247492
vn -0.791303 -0.271850 0.547665
vn -0.842640 0.484608 0.234763
vn -0.805975 0.566305 0.172347
vn -0.794920 0.045925 0.604974
vn -0.743029 0.559612 0.367071
vn -0.893036 0.414412 0.175357
vn -0.799524 -0.018401 0.600353
vn -0.884667 0.466194 0.005179
vn -0.919160 0.388192 0.066721
vn -0.926341 0.243437 0.287457
vn -0.646042 0.155862 0.747220
vn -0.662916 0.151175 0.733272
vn -0.991659 -0.127931 0.015687
vn -0.296531 0.854910 0.425674
vn -0.240710 0.411850 0.878885
vn -0.223616 0.413113 0.882798
vn -0.888091 0.432434 0.155870
vn -0.276527 0.579683 0.766486
vn -0.342868 0.858900 0.380437
vn -0.259529 0.435227 0.862103
vn -0.355361 0.833809 0.422471
vn -0.743830 0.055002 0.666102
vn -0.827999 0.186060 0.528960
vn -0.732784 0.065461 0.677305
vn -0.360092 0.891761 0.274038
vn -0.973304 0.131619 0.188034
vn -0.719174 0.072525 0.691035
vn -0.917149 0.281291 0.282335
vn -0.618584 0.704496 0.347907
vn -0.325543 0.906700 0.268175
vn -0.345905 0.421731 0.838148
vn -0.656047 0.621800 0.427748
vn -0.959421 0.276213 -0.056723
vn -0.995864 -0.016352 0.089369
vn -0.305176 0.459816 0.833928
vn -0.981461 0.131476 0.139455
vn -0.308678 0.853599 0.419626
vn -0.982699 0.130020 -0.131900
vn -0.979316 0.198580 0.038807
vn -0.630418 0.771536 0.085476
vn -0.320600 0.377298 0.868828
vn -0.533236 0.704151 0.468861
vn -0.573972 0.708090 0.411295
vn -0.644064 0.683772 0.342982
vn -0.802941 -0.262901 0.534948
vn -0.980507 0.185025 0.066116
vn -0.544167 0.263104 0.796654
vn -0.958931 0.243984 0.144646
vn -0.513753 0.276180 0.812270
vn -0.646441 0.743313 0.172046
vn -0.605342 0.727720 0.322467
vn -0.858610 -0.249660 0.447726
vn -0.785037 -0.177090 0.593596
vn -0.988195 0.055491 0.142797
vn -0.949385 0.311916 -0.037110
vn -0.458594 0.314145 0.831267
vn -0.444238 0.323507 0.835461
vn -0.496311 0.276313 0.822999
vn -0.023898 0.446513 -0.894458
vn -0.922560 0.384377 -0.033716
vn -0.027483 0.447225 -0.893999
vn -0.026400 0.447207 -0.894041
vn -0.023497 0.445213 -0.895116
vn -0.014905 0.447701 -0.894059
vn -0.020275 0.446152 -0.894728
vn -0.019443 0.446173 -0.894736
vn -0.014317 0.446705 -0.894567
vn -0.964557 0.227629 0.133474
vn -0.944869 0.316883 0.082513
vn -0.947040 0.234846 0.219004
vn -0.921039 0.337454 0.194455
vn -0.022839 0.445145 -0.895167
vn -0.013297 0.447557 -0.894156
vn -0.933678 -0.204423 0.294036
vn -0.012923 0.447749 -0.894066
vn -0.019699 0.445154 -0.895238
vn -0.019245 0.445004 -0.895322
vn -0.016263 0.446895 -0.894438
vn -0.965665 -0.246909 -0.080789
vn -0.827209 -0.089814 0.554669
vn -0.967172 0.234880 0.097005
vn -0.013608 0.436271 -0.899713
vn -0.012620 0.444086 -0.895895
vn -0.961553 0.272395 -0.034895
vn -0.010040 0.437827 -0.899003
vn -0.007911 0.438295 -0.898796
vn -0.788598 -0.087490 0.608653
vn -0.901716 0.073640 0.426012
vn -0.800889 -0.084167 0.592869
vn -0.014863 0.446823 -0.894499
vn -0.776774 -0.059605 0.626953
vn -0.011581 0.446618 -0.894650
vn -0.014056 0.436083 -0.899796
vn -0.009359 0.437170 -0.899330
vn -0.012704 0.446734 -0.894576
vn -0.752253 -0.043295 0.657451
vn -0.006110 0.437013 -0.899435
vn -0.947204 -0.285461 -0.146004
vn -0.013988 0.438394 -0.898674
vn -0.873194 0.427352 0.234313
vn -0.825480 0.453726 0.335730
vn -0.004833 0.439340 -0.898308
vn -0.784188 -0.072197 0.616308
vn -0.962539 -0.269291 -0.031650
vn -0.871055 -0.325211 0.368105
vn -0.008422 0.438353 -0.898764
vn -0.984845 -0.110688 -0.133523
vn -0.011524 0.438566 -0.898625
vn -0.007351 0.437032 -0.899416
vn -0.004305 0.440296 -0.897842
vn -0.010602 0.439380 -0.898239
vn -0.869555 0.455442 0.190909
vn -0.766317 -0.050184 0.640500
vn 0.010163 0.437430 -0.899195
vn 0.013442 0.445691 -0.895086
vn 0.002733 0.439009 -0.898478
vn -0.968078 -0.141923 -0.206599
vn -0.838167 0.531199 0.123711
vn 0.007378 0.441369 -0.897295
vn 0.003878 0.437618 -0.899153
vn 0.011112 0.437872 -0.898968
vn 0.009219 0.438328 -0.898768
vn 0.013549 0.441375 -0.897220
vn -0.898486 -0.394559 0.192472
vn 0.014153 0.444452 -0.895691
vn -0.003727 0.438901 -0.898528
vn 0.014300 0.442077 -0.896863
vn -0.002880 0.439612 -0.898183
vn -0.700144 0.122817 0.703359
vn -0.761636 0.637731 -0.114935
vn -0.706983 0.106694 0.699136
vn -0.960172 -0.178457 -0.214995
vn -0.804622 0.539895 0.247176
vn -0.909195 0.359380 0.210262
vn -0.998566 -0.033785 0.041526
vn -0.996439 -0.019361 -0.082065
vn -0.763705 0.054748 0.643240
vn -0.690305 0.135740 0.710671
vn -0.751916 0.041531 0.657949
vn -0.798735 0.597525 0.070612
vn -0.677941 0.145358 0.720601
vn -0.806583 -0.365373 0.464679
vn -0.997059 -0.046422 -0.060984
vn -0.988458 0.023298 -0.149692
vn -0.857361 0.162212 -0.488488
vn -0.805344 -0.351729 0.477187
vn -0.809028 -0.321001 0.492373
vn -0.985834 0.017868 -0.166772
vn -0.996338 0.063445 -0.057325
vn -0.805027 -0.339374 0.486576
vn -0.809470 -0.305767 0.501263
vn -0.800621 -0.281080 0.529150
vn -0.994881 -0.070497 0.072407
vn -0.806650 -0.292224 0.513733
vn -0.029284 0.449273 -0.892914
vn -0.023834 0.454671 -0.890340
vn -0.030147 0.447000 -0.894026
vn -0.023085 0.446095 -0.894688
vn -0.023922 0.453837 -0.890764
vn -0.027052 0.445630 -0.894808
vn -0.026739 0.445370 -0.894947
vn -0.939585 -0.316744 -0.129818
vn -0.951660 -0.251665 -0.176089
vn 0.015260 0.497447 -0.867360
vn 0.007953 0.496377 -0.868071
vn 0.017443 0.492574 -0.870096
vn 0.015162 0.494953 -0.868788
vn 0.014786 0.497587 -0.867288
vn 0.006544 0.494660 -0.869062
vn -0.000160 0.502550 -0.864548
vn 0.005771 0.492078 -0.870532
vn 0.000716 0.500895 -0.865508
vn 0.011929 0.497675 -0.867282
vn -0.954492 -0.177419 -0.239723
vn 0.004802 0.493430 -0.869772
vn 0.012143 0.497116 -0.867599
vn 0.008863 0.497328 -0.867517
vn 0.016573 0.493643 -0.869507
vn 0.012654 0.497019 -0.867647
vn 0.013324 0.496731 -0.867802
vn 0.003299 0.500559 -0.865696
vn -0.937980 -0.291307 -0.187975
vn 0.003911 0.501083 -0.865390
vn -0.000566 0.517065 -0.855946
vn 0.004773 0.495174 -0.868781
vn 0.004245 0.499667 -0.866207
vn -0.001763 0.503626 -0.863920
vn 0.001664 0.500471 -0.865752
vn 0.011501 0.498953 -0.866553
vn 0.002180 0.499923 -0.866067
vn 0.010543 0.499340 -0.866342
vn 0.005213 0.493551 -0.869701
vn -0.752621 -0.544310 0.370525
vn -0.000989 0.503280 -0.864123
vn 0.001825 0.437443 -0.899244
vn -0.000592 0.440964 -0.897524
vn -0.016999 0.530350 -0.847608
vn -0.018410 0.529829 -0.847904
vn 0.000803 0.438106 -0.898923
vn -0.005572 0.525473 -0.850792
vn -0.015426 0.530248 -0.847702
vn -0.005861 0.502970 -0.864284
vn -0.010242 0.498671 -0.866731
vn -0.018307 0.516610 -0.856025
vn -0.000204 0.438516 -0.898723
vn -0.905854 -0.385560 -0.175422
vn -0.007869 0.518756 -0.854886
vn -0.014426 0.498398 -0.866828
vn -0.981997 -0.135709 -0.131394
vn -0.013447 0.497941 -0.867106
vn -0.008309 0.516477 -0.856261
vn -0.004892 0.501617 -0.865076
vn -0.012492 0.498007 -0.867083
vn -0.958316 -0.078124 -0.274820
vn -0.868685 -0.328206 -0.371036
vn 0.006534 0.442306 -0.896841
vn -0.012308 0.499698 -0.866112
vn -0.014990 0.498442 -0.866794
vn -0.020373 0.491944 -0.870389
vn -0.027618 0.488707 -0.872010
vn -0.951413 -0.303769 -0.050375
vn -0.026425 0.485371 -0.873909
vn -0.011375 0.499185 -0.866421
vn -0.955083 -0.296275 0.006174
vn -0.876824 -0.460170 0.139368
vn -0.001911 0.442022 -0.897002
vn 0.005260 0.440804 -0.897588
vn 0.004970 0.442858 -0.896578
vn -0.020919 0.487715 -0.872752
vn -0.001347 0.443164 -0.896440
vn -0.024283 0.494022 -0.869110
vn -0.757712 -0.517986 0.396943
vn -0.027178 0.484956 -0.874116
vn -0.006204 0.502681 -0.864449
vn -0.024606 0.493515 -0.869389
vn -0.756734 -0.530630 0.381819
vn -0.893391 -0.410943 0.181597
vn -0.021621 0.487310 -0.872961
vn -0.023383 0.487742 -0.872675
vn -0.014645 0.496052 -0.868170
vn -0.026261 0.486404 -0.873340
vn -0.027766 0.489608 -0.871500
vn -0.028522 0.485209 -0.873933
vn -0.816140 -0.526947 0.237157
vn -0.032215 0.482914 -0.875075
vn -0.015141 0.494966 -0.868780
vn 0.005830 0.442176 -0.896909
vn 0.023397 0.442584 -0.896422
vn 0.023905 0.443397 -0.896007
vn -0.031534 0.453961 -0.890463
vn 0.002094 0.438943 -0.898512
vn 0.016137 0.444518 -0.895625
vn 0.017217 0.443951 -0.895885
vn 0.004865 0.437808 -0.899056
vn 0.022494 0.442797 -0.896340
vn 0.012233 0.442353 -0.896758
vn -0.017074 0.494369 -0.869084
vn -0.019402 0.492030 -0.870362
vn -0.985523 -0.081545 -0.148641
vn -0.804495 -0.380602 0.455994
vn -0.792424 0.334570 0.510026
vn -0.920771 -0.307708 0.239785
vn -0.711469 0.082589 0.697847
vn -0.920783 -0.284392 0.266981
vn -0.797287 -0.400704 0.451408
vn -0.025922 0.453705 -0.890775
vn -0.026084 0.452381 -0.891443
vn -0.031097 0.452236 -0.891356
vn -0.030092 0.445996 -0.894529
vn 0.016698 0.492215 -0.870313
vn 0.015015 0.493613 -0.869552
vn 0.026278 0.461141 -0.886938
vn 0.021910 0.450742 -0.892385
vn 0.024200 0.493073 -0.869651
vn 0.010221 0.445167 -0.895389
vn 0.005503 0.463094 -0.886292
vn 0.008630 0.467700 -0.883845
vn 0.020470 0.454220 -0.890654
vn 0.027201 0.469312 -0.882613
vn 0.021044 0.493209 -0.869656
vn 0.019251 0.491530 -0.870648
vn 0.025056 0.494990 -0.868537
vn 0.017941 0.452012 -0.891831
vn 0.029120 0.465190 -0.884732
vn 0.028389 0.477266 -0.878300
vn 0.022256 0.457029 -0.889173
vn 0.028736 0.462516 -0.886145
vn 0.015624 0.448844 -0.893474
vn 0.006884 0.464021 -0.885797
vn 0.026859 0.472415 -0.880967
vn 0.027833 0.474685 -0.879716
vn 0.009911 0.470520 -0.882334
vn -0.017582 0.493861 -0.869363
vn 0.027863 0.467342 -0.883637
vn -0.015459 0.493977 -0.869337
vn -0.015505 0.493360 -0.869687
vn 0.019284 0.447725 -0.893963
vn 0.026678 0.458561 -0.888263
vn -0.019061 0.492730 -0.869974
vn -0.017576 0.492001 -0.870417
vn 0.021268 0.478104 -0.878046
vn -0.017245 0.492285 -0.870263
vn 0.022149 0.458719 -0.888305
vn 0.008193 0.466398 -0.884537
vn 0.003295 0.494954 -0.868913
vn 0.010347 0.492068 -0.870496
vn 0.023947 0.483975 -0.874754
vn 0.009074 0.469068 -0.883115
vn 0.027332 0.471331 -0.881533
vn 0.024118 0.444767 -0.895322
vn 0.000575 0.469628 -0.882864
vn 0.027098 0.451301 -0.891960
vn 0.013368 0.489274 -0.872028
vn 0.024760 0.444659 -0.895358
vn -0.022699 0.490016 -0.871418
vn 0.025367 0.449304 -0.893019
vn 0.004242 0.477869 -0.878421
vn 0.024907 0.451303 -0.892023
vn 0.024812 0.450573 -0.892395
vn 0.028019 0.451564 -0.891799
vn -0.033082 0.483867 -0.874516
vn -0.023038 0.493559 -0.869407
vn -0.032131 0.486049 -0.873341
vn -0.034825 0.485731 -0.873414
vn 0.023156 0.477878 -0.878121
vn 0.002307 0.479203 -0.877701
vn 0.016381 0.489853 -0.871651
vn 0.008795 0.473167 -0.880929
vn 0.008792 0.471975 -0.881568
vn 0.017775 0.444223 -0.895740
vn 0.014315 0.445746 -0.895045
vn -0.032819 0.452588 -0.891116
vn -0.794272 -0.439564 0.419423
vn -0.030389 0.455360 -0.889789
vn 0.020016 0.443069 -0.896264
vn -0.031781 0.456892 -0.888954
vn 0.018387 0.443937 -0.895869
vn 0.012596 0.438282 -0.898749
vn -0.796549 -0.425172 0.429812
vn 0.012918 0.440266 -0.897775
vn 0.011741 0.438636 -0.898588
vn 0.021306 0.443249 -0.896145
vn -0.033000 0.452114 -0.891349
vn -0.000007 0.469469 -0.882949
vn -0.795554 -0.412183 0.444071
vn -0.031817 0.455652 -0.889589
vn -0.032358 0.456138 -0.889321
vn 0.026230 0.479239 -0.877292
vn 0.033997 0.478552 -0.877401
vn 0.034342 0.479511 -0.876863
vn 0.030371 0.479493 -0.877020
vn 0.031617 0.473738 -0.880098
vn 0.031771 0.479470 -0.876983
vn 0.029254 0.485470 -0.873764
vn 0.030479 0.483535 -0.874794
vn 0.033936 0.477047 -0.878223
vn 0.036453 0.476732 -0.878293
vn 0.036763 0.476492 -0.878410
vn 0.021749 0.477705 -0.878251
vn 0.033078 0.477309 -0.878113
vn 0.022731 0.478573 -0.877754
vn 0.028218 0.488617 -0.872042
vn 0.023754 0.488754 -0.872098
vn 0.025332 0.489491 -0.871640
vn 0.007540 0.465196 -0.885176
vn 0.011157 0.447590 -0.894169
vn 0.021321 0.455331 -0.890067
vn 0.013422 0.449448 -0.893206
vn 0.008265 0.443667 -0.896154
vn -0.000527 0.469916 -0.882711
vn 0.000569 0.445091 -0.895485
vn -0.000718 0.469552 -0.882905
vn -0.000414 0.470106 -0.882610
vn 0.000463 0.469208 -0.883088
vn -0.000688 0.469724 -0.882813
vn -0.000406 0.469748 -0.882801
vn 0.000160 0.468757 -0.883327
vn 0.022182 0.485617 -0.873890
vn -0.001123 0.468021 -0.883717
vn -0.000600 0.469364 -0.883005
vn 0.000475 0.469046 -0.883174
vn 0.000663 0.469404 -0.882983
vn 0.000465 0.469059 -0.883167
vn -0.014761 0.497886 -0.867117
vn 0.024466 0.481486 -0.876112
vn 0.007603 0.474521 -0.880211
vn 0.000644 0.469536 -0.882913
vn -0.006859 0.512514 -0.858651
vn 0.000640 0.469525 -0.882919
vn 0.000385 0.469009 -0.883193
vn 0.006401 0.475545 -0.879668
vn 0.000538 0.469264 -0.883058
vn 0.020312 0.487012 -0.873159
vn -0.000239 0.468868 -0.883268
vn -0.032227 0.470686 -0.881712
vn 0.000152 0.470170 -0.882576
vn -0.035222 0.472047 -0.880869
vn -0.030790 0.469775 -0.882249
vn 0.001587 0.468080 -0.883685
vn -0.029635 0.470344 -0.881985
vn -0.037832 0.480950 -0.875931
vn -0.032977 0.481106 -0.876042
vn -0.032240 0.482507 -0.875298
vn -0.034588 0.477859 -0.877756
vn -0.037579 0.480619 -0.876124
vn -0.032933 0.481834 -0.875643
vn -0.037926 0.477051 -0.878057
vn -0.037053 0.477564 -0.877816
vn -0.036087 0.480977 -0.875990
vn 0.008843 0.492977 -0.869997
vn 0.006101 0.492251 -0.870432
vn -0.005906 0.477607 -0.878554
vn 0.000471 0.469700 -0.882826
vn 0.000325 0.469939 -0.882699
vn -0.012840 0.507488 -0.861563
vn 0.000468 0.469977 -0.882678
vn -0.025378 0.485579 -0.873824
vn 0.032489 0.456775 -0.888989
vn 0.034778 0.461581 -0.886416
vn 0.025693 0.446596 -0.894367
vn 0.026785 0.447102 -0.894082
vn 0.025604 0.446144 -0.894595
vn 0.034741 0.460854 -0.886796
vn -0.033878 0.485804 -0.873411
vn -0.020433 0.487844 -0.872692
vn -0.027355 0.489461 -0.871596
vn 0.030590 0.455981 -0.889464
vn 0.030484 0.455680 -0.889622
vn 0.024611 0.451757 -0.891802
vn 0.027282 0.455381 -0.889878
vn -0.014975 0.450406 -0.892698
vn 0.030136 0.454842 -0.890062
vn 0.025697 0.453852 -0.890706
vn 0.024195 0.455218 -0.890051
vn 0.030484 0.472825 -0.880629
vn 0.031109 0.473222 -0.880394
vn 0.025757 0.455636 -0.889794
vn 0.025273 0.445742 -0.894805
vn 0.025761 0.455057 -0.890090
vn 0.037462 0.463282 -0.885419
vn 0.034022 0.468457 -0.882831
vn 0.031543 0.466087 -0.884176
vn 0.034539 0.469763 -0.882117
vn 0.033950 0.471435 -0.881247
vn 0.034643 0.465638 -0.884297
vn 0.032316 0.468169 -0.883048
vn 0.034092 0.468939 -0.882573
vn 0.033398 0.470462 -0.881788
vn -0.012563 0.450081 -0.892899
vn 0.035141 0.462570 -0.885886
vn 0.028824 0.489870 -0.871319
vn -0.018917 0.449497 -0.893081
vn 0.036983 0.462724 -0.885731
vn 0.038339 0.464308 -0.884844
vn 0.032021 0.485444 -0.873681
vn 0.027182 0.486851 -0.873062
vn 0.035198 0.475605 -0.878955
vn 0.032049 0.467352 -0.883490
vn -0.005301 0.463616 -0.886020
vn 0.032386 0.460546 -0.887045
vn 0.032467 0.466568 -0.883889
vn 0.033494 0.460613 -0.886969
vn 0.031866 0.457810 -0.888479
vn -0.007636 0.445054 -0.895471
vn 0.031323 0.456367 -0.889240
vn 0.033019 0.459279 -0.887678
vn 0.033136 0.458166 -0.888249
vn 0.033772 0.458115 -0.888251
vn 0.032018 0.486140 -0.873294
vn 0.015507 0.494017 -0.869314
vn 0.022971 0.490261 -0.871273
vn 0.021913 0.478800 -0.877650
vn 0.027703 0.485018 -0.874065
vn 0.032014 0.472163 -0.880930
vn 0.029190 0.471929 -0.881153
vn 0.024322 0.495117 -0.868486
vn 0.019101 0.493018 -0.869809
vn 0.018757 0.493752 -0.869401
vn 0.022809 0.490686 -0.871038
vn 0.028204 0.486180 -0.873403
vn 0.025198 0.480241 -0.876775
vn 0.028465 0.490460 -0.870998
vn 0.026960 0.487348 -0.872791
vn 0.023831 0.489643 -0.871597
vn -0.012120 0.493632 -0.869587
vn -0.032623 0.457015 -0.888861
vn 0.012695 0.492427 -0.870261
vn -0.029540 0.463367 -0.885674
vn -0.034836 0.466563 -0.883802
vn -0.034502 0.465949 -0.884139
vn -0.029979 0.463871 -0.885395
vn -0.008118 0.466510 -0.884479
vn -0.036696 0.467530 -0.883215
vn 0.004466 0.490162 -0.871620
vn -0.034742 0.478715 -0.877283
vn -0.034578 0.472920 -0.880427
vn -0.035080 0.472761 -0.880492
vn -0.034679 0.474430 -0.879610
vn -0.037849 0.476707 -0.878247
vn -0.035055 0.468439 -0.882800
vn 0.005346 0.476482 -0.879168
vn 0.018806 0.488936 -0.872117
vn -0.037000 0.467183 -0.883386
vn -0.031800 0.469427 -0.882398
vn -0.035218 0.475161 -0.879194
vn -0.026145 0.464192 -0.885349
vn -0.025199 0.458796 -0.888184
vn -0.019537 0.457172 -0.889164
vn -0.031204 0.463490 -0.885553
vn -0.026198 0.455571 -0.889814
vn -0.035751 0.464213 -0.885002
vn -0.035391 0.465072 -0.884565
vn -0.031929 0.464094 -0.885210
vn -0.034414 0.473816 -0.879951
vn -0.010483 0.450722 -0.892603
vn -0.026618 0.460121 -0.887457
vn -0.024107 0.451964 -0.891710
vn -0.020433 0.451344 -0.892116
vn -0.004241 0.462744 -0.886482
vn -0.005617 0.443068 -0.896470
vn -0.027629 0.465913 -0.884399
vn -0.007264 0.465361 -0.885091
vn -0.006579 0.464783 -0.885400
vn -0.032930 0.458861 -0.887897
vn -0.033750 0.460379 -0.887081
vn -0.034047 0.460094 -0.887217
vn -0.033409 0.459541 -0.887528
vn -0.033830 0.457747 -0.888439
vn -0.030171 0.462022 -0.886355
vn 0.004899 0.447326 -0.894357
vn -0.001095 0.447401 -0.894333
vn 0.004249 0.462752 -0.886478
vn 0.011494 0.449871 -0.893020
vn 0.003260 0.460868 -0.887463
vn 0.003408 0.443578 -0.896229
vn -0.001423 0.462316 -0.886714
vn -0.002600 0.445948 -0.895055
vn 0.001311 0.460974 -0.887413
vn -0.002943 0.462537 -0.886595
vn -0.011185 0.443763 -0.896074
vn -0.000387 0.461963 -0.886899
vn 0.000672 0.507803 -0.861473
vn -0.015374 0.488169 -0.872614
vn -0.011975 0.489139 -0.872124
vn -0.027008 0.471311 -0.881554
vn -0.014570 0.490434 -0.871356
vn -0.030222 0.478754 -0.877429
vn -0.029287 0.475551 -0.879201
vn -0.022557 0.485592 -0.873895
vn 0.003514 0.502111 -0.864796
vn 0.001274 0.494449 -0.869206
vn -0.026140 0.479744 -0.877019
vn -0.008255 0.476831 -0.878956
vn 0.005445 0.480258 -0.877110
vn -0.008709 0.471899 -0.881609
vn -0.019815 0.489273 -0.871905
vn -0.018054 0.484682 -0.874504
vn -0.006484 0.475697 -0.879585
vn -0.027349 0.482935 -0.875229
vn -0.026215 0.469920 -0.882319
vn -0.021694 0.482571 -0.875588
vn -0.026456 0.462150 -0.886407
vn -0.008881 0.470404 -0.882406
vn -0.007332 0.474590 -0.880177
vn -0.007997 0.473651 -0.880676
vn -0.000613 0.469476 -0.882945
vn -0.009674 0.469389 -0.882938
vn -0.000577 0.469123 -0.883133
vn -0.028538 0.473146 -0.880522
vn -0.029648 0.468215 -0.883117
vn -0.000515 0.469190 -0.883097
vn -0.000476 0.469092 -0.883149
vn -0.000380 0.468994 -0.883201
vn -0.000064 0.468864 -0.883270
vn -0.008833 0.467819 -0.883780
vn 0.000449 0.469959 -0.882688
vn -0.000268 0.468927 -0.883237
vn -0.000491 0.469350 -0.883012
vn 0.616147 0.673173 -0.408903
vn 0.616105 0.632248 -0.469764
vn 0.554991 0.729011 -0.400659
vn 0.460327 0.814211 -0.353779
vn 0.573099 0.781918 -0.245278
vn 0.069679 0.955246 -0.287488
vn -0.207783 0.932477 -0.295489
vn 0.324148 0.808803 -0.490680
vn -0.128916 0.951133 -0.280583
vn 0.223730 0.856883 -0.464432
vn 0.257648 0.958756 -0.120020
vn 0.402578 0.903115 -0.149382
vn -0.070370 0.957142 -0.280938
vn -0.387531 0.858721 -0.335288
vn -0.377955 0.913188 -0.152438
vn 0.009842 0.960599 -0.277763
vn -0.497621 0.781775 -0.375768
vn -0.630256 0.736496 -0.245663
vn -0.260949 0.917972 -0.298718
vn 0.145178 0.946302 -0.288852
vn -0.514259 0.835532 -0.193453
vn -0.631691 0.624773 -0.458939
vn -0.712841 0.391645 -0.581783
vn -0.660260 0.578270 -0.479229
vn -0.684737 0.511250 -0.519383
vn -0.589972 0.684708 -0.427910
vn -0.722277 0.336479 -0.604233
vn -0.795791 0.057649 -0.602822
vn -0.487288 0.094023 -0.868165
vn -0.994774 0.077729 0.066206
vn -0.538791 0.184065 -0.822085
vn -0.207973 -0.278406 -0.937676
vn -0.740811 -0.077324 -0.667248
vn -0.568466 0.283357 -0.772369
vn -0.821093 0.189756 -0.538329
vn -0.704840 0.459247 -0.540641
vn -0.313582 -0.835902 -0.450482
vn -0.652341 -0.198746 -0.731404
vn -0.438246 -0.132505 -0.889035
vn -0.843677 -0.471515 -0.256677
vn -0.281875 -0.254051 -0.925205
vn -0.405834 -0.196936 -0.892477
vn -0.011905 -0.300992 -0.953552
vn -0.637744 -0.657601 -0.401054
vn 0.046170 -0.855301 -0.516071
vn -0.070730 -0.309647 -0.948217
vn 0.221562 -0.094747 -0.970533
vn 0.324997 -0.046377 -0.944577
vn 0.518114 -0.313127 -0.795933
vn 0.381672 -0.393970 -0.836130
vn -0.334852 -0.223093 -0.915480
vn 0.068066 -0.267530 -0.961142
vn -0.497184 -0.095802 -0.862340
vn 0.363038 -0.825378 -0.432382
vn 0.730555 -0.097549 -0.675850
vn 0.231017 -0.444043 -0.865712
vn 0.486805 0.092439 -0.868606
vn -0.153128 -0.291993 -0.944083
vn 0.407804 0.017849 -0.912895
vn 0.127399 -0.294644 -0.947077
vn 0.818484 -0.510867 -0.262868
vn 0.826763 0.177650 -0.533764
vn 0.689802 -0.640260 -0.337993
vn 0.572380 0.280741 -0.770432
vn 0.636329 -0.216459 -0.740427
vn 0.976585 -0.189275 -0.102259
vn 0.829598 0.321656 -0.456404
vn 0.792611 0.037623 -0.608566
vn 0.999728 -0.020889 -0.010409
vn 0.038840 -0.448542 0.892917
vn -0.008882 -0.477326 0.878681
vn 0.985180 0.151128 0.081118
vn 0.659281 0.571329 -0.488806
vn 0.914871 -0.355512 -0.191370
vn 0.801581 0.460974 -0.380751
vn 0.582966 0.379209 -0.718576
vn 0.051724 -0.445149 0.893962
vn 0.539913 0.184995 -0.821140
vn -0.006370 -0.477973 0.878351
vn -0.008039 -0.477571 0.878557
vn -0.009679 -0.476310 0.879224
vn 0.052169 -0.400417 0.914847
vn -0.010477 -0.474150 0.880382
vn 0.001155 -0.481785 0.876289
vn -0.002533 -0.481232 0.876590
vn -0.001631 -0.481548 0.876418
vn 0.571949 0.481578 -0.664046
vn 0.000023 -0.481571 0.876407
vn 0.018980 -0.434388 0.900526
vn 0.013866 -0.426498 0.904382
vn -0.006128 -0.479493 0.877524
vn -0.005068 -0.480277 0.877102
vn -0.004258 -0.480991 0.876715
vn 0.004835 -0.478370 0.878145
vn 0.002740 -0.481233 0.876589
vn 0.003722 -0.481103 0.876656
vn 0.005147 -0.480298 0.877090
vn -0.009394 -0.475019 0.879925
vn -0.046976 -0.453397 0.890070
vn -0.005394 -0.428297 0.903622
vn 0.007699 -0.477572 0.878559
vn 0.004946 -0.476038 0.879411
vn -0.030673 -0.445753 0.894630
vn 0.009713 -0.477937 0.878340
vn 0.006421 -0.412595 0.910892
vn 0.010587 -0.477417 0.878613
vn -0.496766 -0.399748 0.770341
vn -0.027615 -0.442671 0.896259
vn -0.041965 -0.459824 0.887018
vn -0.013413 -0.430977 0.902263
vn 0.014083 -0.470650 0.882208
vn -0.038055 -0.452284 0.891062
vn 0.007244 -0.469314 0.883002
vn 0.011112 -0.466987 0.884194
vn 0.008706 -0.466193 0.884640
vn 0.011418 -0.462631 0.886477
vn 0.011988 -0.475415 0.879680
vn 0.012173 -0.468228 0.883524
vn 0.013094 -0.467189 0.884060
vn 0.010614 -0.464336 0.885596
vn -0.017736 -0.439199 0.898215
vn 0.012750 -0.469856 0.882651
vn 0.008379 -0.461981 0.886850
vn 0.007150 -0.462189 0.886752
vn 0.011141 -0.475994 0.879378
vn 0.004187 -0.471761 0.881716
vn 0.012645 -0.473957 0.880457
vn 0.010234 -0.462469 0.886576
vn -0.003162 -0.510459 0.859896
vn -0.039820 -0.479934 0.876401
vn 0.002584 -0.457461 0.889226
vn -0.040915 -0.478828 0.876955
vn -0.021055 -0.503620 0.863669
vn 0.005290 -0.462456 0.886626
vn 0.001651 -0.458467 0.888710
vn -0.024228 -0.497814 0.866945
vn -0.005929 -0.459487 0.888165
vn -0.002302 -0.459689 0.888077
vn -0.011187 -0.507736 0.861440
vn 0.005113 -0.461161 0.887302
vn 0.003768 -0.458606 0.888632
vn -0.000899 -0.459345 0.888257
vn -0.037817 -0.488180 0.871923
vn -0.030469 -0.490763 0.870760
vn -0.004221 -0.460448 0.887677
vn 0.000009 -0.459577 0.888138
vn -0.010428 -0.461546 0.887055
vn 0.008877 -0.502561 0.864496
vn 0.004149 -0.460468 0.887667
vn 0.018297 -0.497322 0.867373
vn -0.003127 -0.459782 0.888026
vn 0.031112 -0.491162 0.870512
vn -0.007516 -0.459526 0.888132
vn -0.008564 -0.459855 0.887953
vn 0.040067 -0.471969 0.880704
vn -0.011282 -0.462859 0.886360
vn -0.011194 -0.463823 0.885857
vn 0.005480 -0.508277 0.861176
vn -0.013344 -0.467061 0.884124
vn -0.013596 -0.467916 0.883668
vn 0.037139 -0.484510 0.873997
vn -0.009451 -0.461126 0.887284
vn -0.012651 -0.465985 0.884702
vn -0.010988 -0.465499 0.884980
vn -0.006607 0.455395 -0.890265
vn -0.012242 -0.472410 0.881294
vn -0.013191 -0.471779 0.881618
vn -0.010973 0.459793 -0.887959
vn 0.025341 -0.494476 0.868822
vn -0.013276 -0.469534 0.882815
vn -0.008020 0.455614 -0.890141
vn -0.013456 -0.470365 0.882369
vn -0.004726 0.454512 -0.890728
vn 0.039127 -0.458337 0.887917
vn -0.011136 0.460890 -0.887388
vn -0.010635 -0.473328 0.880822
vn 0.041542 -0.480304 0.876118
vn -0.000002 0.455755 -0.890105
vn 0.001606 0.456042 -0.889957
vn 0.013324 0.490631 -0.871266
vn 0.011033 0.459595 -0.888060
vn -0.010002 0.457974 -0.888909
vn 0.034752 0.493559 -0.869018
vn 0.005363 0.457916 -0.888979
vn 0.007029 0.458278 -0.888781
vn 0.009820 0.459443 -0.888153
vn -0.017540 0.488768 -0.872238
vn -0.011386 0.462754 -0.886414
vn 0.038541 0.495146 -0.867954
vn -0.014329 0.462631 -0.886435
vn -0.009475 0.457001 -0.889416
vn 0.013318 0.463324 -0.886089
vn 0.040268 -0.464748 0.884527
vn -0.026883 0.476870 -0.878563
vn 0.008214 0.492387 -0.870338
vn 0.013182 0.461612 -0.886984
vn 0.002870 0.493284 -0.869864
vn -0.003500 0.454418 -0.890782
vn -0.001424 0.454508 -0.890742
vn -0.002566 0.493606 -0.869682
vn 0.017083 0.466366 -0.884427
vn 0.015514 0.471015 -0.881989
vn -0.024397 0.481102 -0.876325
vn -0.028081 0.467525 -0.883534
vn -0.007894 0.493078 -0.869949
vn 0.009797 0.480279 -0.877061
vn 0.002634 0.457430 -0.889242
vn 0.004435 0.457416 -0.889242
vn -0.012927 0.491347 -0.870868
vn 0.014367 0.476627 -0.878988
vn 0.014157 0.477704 -0.878407
vn -0.027287 0.471769 -0.881300
vn 0.004651 0.484024 -0.875042
vn 0.007768 0.459179 -0.888310
vn -0.021355 0.485188 -0.874149
vn 0.012620 0.460649 -0.887493
vn 0.015139 0.469366 -0.882874
vn 0.008439 0.480538 -0.876933
vn 0.007296 0.482299 -0.875976
vn 0.015145 0.465833 -0.884743
vn 0.012411 0.464813 -0.885322
vn 0.014179 0.474608 -0.880083
vn 0.016650 0.468143 -0.883496
vn -0.001668 0.482601 -0.875839
vn -0.000010 0.482851 -0.875703
vn -0.013517 0.447679 -0.894092
vn 0.014938 0.473746 -0.880535
vn 0.007901 0.445497 -0.895248
vn -0.024653 0.458093 -0.888562
vn 0.015042 0.471997 -0.881472
vn -0.015394 0.473258 -0.880789
vn -0.008505 0.480684 -0.876852
vn -0.005266 0.480650 -0.876896
vn 0.012764 0.478897 -0.877778
vn -0.026162 0.462327 -0.886324
vn 0.010843 0.478943 -0.877779
vn -0.014564 0.476084 -0.879279
vn -0.017757 0.450486 -0.892607
vn -0.014189 0.474684 -0.880042
vn 0.026308 0.462007 -0.886486
vn -0.008349 0.446082 -0.894953
vn -0.021224 0.454257 -0.890618
vn 0.006617 0.483327 -0.875415
vn 0.001447 0.484003 -0.875065
vn 0.003360 0.483864 -0.875137
vn 0.002579 0.444557 -0.895747
vn -0.002886 0.445204 -0.895424
vn 0.250519 0.460106 0.851788
vn 0.407144 0.809897 0.422257
vn 0.614162 0.037082 0.788309
vn 0.751828 0.077895 0.654742
vn -0.016573 0.469506 -0.882774
vn -0.016279 0.470433 -0.882286
vn 0.279220 0.853103 0.440740
vn 0.228544 0.118246 0.966326
vn 0.331136 0.061550 0.941573
vn 0.407335 0.394804 0.823534
vn -0.007348 0.480759 -0.876822
vn -0.134387 0.326510 0.935591
vn -0.004377 0.481460 -0.876457
vn 0.012916 0.447093 -0.894394
vn 0.021445 0.453862 -0.890814
vn -0.010188 0.479970 -0.877226
vn 0.016750 0.450184 -0.892779
vn -0.012737 0.478150 -0.878186
vn -0.010834 0.479031 -0.877731
vn -0.015537 0.467963 -0.883611
vn 0.024769 0.457266 -0.888985
vn -0.013682 0.477565 -0.878490
vn 0.027372 0.471439 -0.881474
vn -0.015470 0.472118 -0.881399
vn -0.507751 0.141351 0.849828
vn -0.391439 0.208272 0.896325
vn -0.516495 0.313250 0.796936
vn -0.072565 0.330560 0.940991
vn -0.638597 -0.022089 0.769225
vn -0.571731 -0.229317 0.787742
vn 0.554003 0.135825 0.821360
vn 0.476783 0.119186 0.870903
vn -0.075406 0.885298 0.458870
vn 0.008411 0.331713 0.943343
vn -0.598841 0.034571 0.800121
vn -0.671521 -0.063248 0.738282
vn -0.724556 -0.433200 0.536056
vn -0.016280 0.463455 -0.885971
vn -0.268605 0.282415 0.920919
vn 0.027075 0.476208 -0.878916
vn -0.214373 0.304905 0.927943
vn -0.013223 0.467114 -0.884098
vn -0.002636 0.481550 -0.876415
vn -0.485170 0.771533 0.411517
vn 0.028139 0.466543 -0.884051
vn -0.644971 0.676139 0.356157
vn 0.575674 0.723696 0.380610
vn -0.014983 0.464882 -0.885246
vn -0.262799 0.857017 0.443238
vn -0.568972 0.726123 0.386026
vn -0.286378 -0.914109 0.287041
vn -0.652666 -0.717970 0.241963
vn -0.704626 -0.347751 0.618523
vn -0.800392 -0.465520 0.377708
vn -0.380393 0.388322 0.839349
vn -0.214041 -0.938431 0.271171
vn -0.499634 -0.672561 0.545919
vn -0.330917 -0.814161 0.477112
vn -0.412072 -0.901682 0.131020
vn -0.393917 0.813461 0.427913
vn -0.638790 0.219203 0.737494
vn 0.153147 0.339327 0.928118
vn 0.379477 -0.913724 0.145277
vn 0.235433 -0.965810 0.108547
vn 0.084994 0.307237 0.947830
vn 0.116828 -0.895129 0.430227
vn -0.719188 0.617543 0.318448
vn 0.025251 0.488444 -0.872230
vn -0.872142 0.432625 0.228483
vn -0.787571 0.545815 0.286036
vn -0.538760 -0.820248 0.192175
vn 0.555425 -0.577953 0.597891
vn -0.743238 -0.305242 0.595336
vn 0.328189 -0.811150 0.484074
vn -0.416296 -0.749136 0.515260
vn 0.518365 -0.835035 0.184428
vn 0.491258 -0.668875 0.557918
vn -0.748528 -0.592820 0.297105
vn -0.814054 -0.107579 0.570739
vn 0.072466 -0.993954 0.082489
vn 0.729133 -0.616993 0.296118
vn 0.550654 -0.176021 0.815964
vn 0.797800 0.529950 0.287519
vn -0.550004 -0.576858 0.603929
vn 0.802793 -0.476755 0.358091
vn 0.003581 -0.906385 0.422438
vn 0.226690 -0.857644 0.461582
vn 0.421137 -0.747139 0.514224
vn 0.802988 -0.053761 0.593566
vn 0.537365 -0.747097 -0.391261
vn 0.883832 0.416349 0.213295
vn 0.829219 -0.342495 0.441694
vn 0.833540 -0.195233 0.516813
vn -0.085799 -0.991055 0.102221
vn -0.154736 -0.953571 0.258376
vn 0.594918 -0.376252 0.710287
vn 0.585940 -0.272235 0.763257
vn 0.637861 -0.733757 0.233954
vn -0.484916 -0.763818 -0.425955
vn -0.731641 -0.606838 -0.310561
vn 0.174567 -0.872807 -0.455778
vn -0.950687 0.273819 0.145665
vn 0.585788 -0.476609 0.655512
vn 0.594386 0.267981 0.758216
vn -0.597936 -0.720292 -0.351641
vn -0.997443 -0.051317 0.049733
vn -0.980219 -0.170713 -0.100142
vn -0.931999 -0.320624 -0.169052
vn -0.135900 -0.868004 -0.477599
vn 0.110542 0.885620 0.451064
vn -0.009128 -0.886170 -0.463271
vn 0.940896 0.293913 0.168316
f 372/512/372 690/546/690 709/743/709
f 1630/1016/1630 795/995/795 815/997/815
f 372/512/372 709/743/709 1/727/1
f 1937/565/1937 1907/563/1907 1949/560/1949
f 170/982/170 709/743/709 705/986/705
f 170/982/170 705/986/705 2/1020/2
f 170/982/170 2/1020/2 157/1029/157
f 1551/2776/1551 1554/2803/1554 1555/2794/1555
f 157/1029/157 2/1020/2 715/1043/715
f 672/3404/672 638/3397/638 554/3408/554
f 157/1029/157 715/1043/715 175/1061/175
f 175/1061/175 715/1043/715 704/1071/704
f 644/3006/644 646/2995/646 712/2993/712
f 1375/1245/1375 1365/1242/1365 1386/1239/1386
f 175/1061/175 704/1071/704 193/1086/193
f 175/1061/175 193/1086/193 160/1072/160
f 193/1086/193 704/1071/704 484/1087/484
f 930/1258/930 1010/1261/1010 872/1267/872
f 193/1086/193 484/1087/484 706/1105/706
f 1111/2685/1111 1115/2669/1115 1183/2681/1183
f 200/1090/200 193/1086/193 201/1107/201
f 193/1086/193 706/1105/706 202/1117/202
f 202/1117/202 706/1105/706 3/1124/3
f 202/1117/202 3/1124/3 186/1146/186
f 186/1146/186 3/1124/3 692/1236/692
f 485/3127/485 466/3072/466 486/3113/486
f 1906/674/1906 1639/672/1639 1629/676/1629
f 186/1146/186 692/1236/692 190/1324/190
f 190/1324/190 692/1236/692 691/1367/691
f 1440/2238/1440 1371/2245/1371 1369/2227/1369
f 190/1324/190 691/1367/691 225/1433/225
f 225/1433/225 691/1367/691 703/1536/703
f 115/3226/115 339/3239/339 119/3248/119
f 225/1433/225 703/1536/703 207/1587/207
f 600/3224/600 560/3237/560 429/3244/429
f 46/3185/46 54/3194/54 445/3186/445
f 207/1587/207 703/1536/703 708/1719/708
f 207/1587/207 708/1719/708 182/1706/182
f 115/3226/115 131/3217/131 483/3201/483
f 1792/750/1792 1617/740/1617 1952/738/1952
f 102/3182/102 93/3177/93 99/3204/99
f 182/1706/182 708/1719/708 219/1741/219
f 219/1741/219 708/1719/708 714/1752/714
f 219/1741/219 714/1752/714 4/1768/4
f 4/1768/4 714/1752/714 674/1771/674
f 4/1768/4 674/1771/674 680/1798/680
f 4/1768/4 680/1798/680 221/1799/221
f 221/1799/221 680/1798/680 679/1834/679
f 221/1799/221 679/1834/679 239/1825/239
f 239/1825/239 679/1834/679 5/1856/5
f 679/1834/679 415/1864/415 5/1856/5
f 5/1856/5 415/1864/415 401/1901/401
f 6/1912/6 401/1901/401 424/1974/424
f 6/1912/6 424/1974/424 432/1952/432
f 432/1952/432 424/1974/424 254/2028/254
f 328/2954/328 317/2925/317 318/2965/318
f 553/2926/553 557/2963/557 17/2957/17
f 254/2028/254 666/2091/666 228/2126/228
f 228/2126/228 666/2091/666 7/2122/7
f 1454/2747/1454 623/2753/623 1489/2769/1489
f 228/2126/228 7/2122/7 667/2164/667
f 623/2753/623 1505/2762/1505 1489/2769/1489
f 228/2126/228 667/2164/667 212/2185/212
f 212/2185/212 667/2164/667 700/2201/700
f 212/2185/212 700/2201/700 270/2221/270
f 270/2221/270 700/2201/700 701/2237/701
f 1030/1654/1030 1100/1683/1100 728/1687/728
f 270/2221/270 701/2237/701 8/2246/8
f 1433/1223/1433 1562/1219/1562 1682/1224/1682
f 8/2246/8 701/2237/701 9/2267/9
f 1389/1229/1389 1432/1226/1432 1386/1239/1386
f 1378/1235/1378 1391/1232/1391 1386/1239/1386
f 8/2246/8 9/2267/9 255/2270/255
f 255/2270/255 9/2267/9 699/2293/699
f 1978/617/1978 1650/616/1650 1846/621/1846
f 1132/2674/1132 635/2666/635 1123/2657/1123
f 255/2270/255 699/2293/699 232/2302/232
f 1119/2471/1119 1109/2508/1109 736/2506/736
f 232/2302/232 699/2293/699 681/2310/681
f 1341/1024/1341 1453/1033/1453 785/1022/785
f 1282/1636/1282 1214/1638/1214 1187/1609/1187
f 613/3030/613 614/3027/614 607/3044/607
f 1408/1270/1408 1411/1269/1411 1356/1277/1356
f 232/2302/232 681/2310/681 274/2336/274
f 274/2336/274 696/2355/696 266/2365/266
f 380/3343/380 24/3324/24 682/3370/682
f 266/2365/266 696/2355/696 697/2395/697
f 850/2226/850 912/2250/912 897/2239/897
f 266/2365/266 697/2395/697 10/2413/10
f 10/2413/10 697/2395/697 258/2486/258
f 258/2486/258 697/2395/697 11/2527/11
f 202/1117/202 186/1146/186 178/1133/178
f 258/2486/258 11/2527/11 264/2558/264
f 264/2558/264 11/2527/11 744/2587/744
f 264/2558/264 744/2587/744 265/2603/265
f 265/2603/265 744/2587/744 743/2621/743
f 833/1285/833 869/1301/869 908/1287/908
f 592/3443/592 595/3454/595 661/3452/661
f 857/1870/857 850/1855/850 745/1850/745
f 265/2603/265 743/2621/743 735/2649/735
f 265/2603/265 735/2649/735 313/2652/313
f 1852/645/1852 1499/649/1499 1498/646/1498
f 872/2373/872 909/2358/909 907/2374/907
f 313/2652/313 735/2649/735 426/2667/426
f 313/2652/313 426/2667/426 12/2684/12
f 232/2302/232 230/2307/230 256/2284/256
f 12/2684/12 425/2703/425 294/2720/294
f 832/430/832 865/408/865 827/418/827
f 1380/1238/1380 1378/1235/1378 1386/1239/1386
f 12/2684/12 294/2720/294 299/2706/299
f 1746/929/1746 1769/931/1769 1772/934/1772
f 1165/1594/1165 1166/1596/1166 1175/1579/1175
f 1150/299/1150 1293/320/1293 1154/307/1154
f 13/2757/13 742/2735/742 420/2779/420
f 13/2757/13 420/2779/420 293/2790/293
f 582/3368/582 590/3389/590 1231/3375/1231
f 293/2790/293 420/2779/420 14/2797/14
f 829/2640/829 1636/2654/1636 1627/2635/1627
f 293/2790/293 14/2797/14 292/2859/292
f 292/2859/292 14/2797/14 419/2884/419
f 1553/2132/1553 1500/2135/1500 806/2108/806
f 405/2959/405 403/2948/403 495/2990/495
f 1038/2899/1038 1134/2885/1134 1157/2864/1157
f 1538/507/1538 1645/499/1645 1500/482/1500
f 577/3499/577 1566/3495/1566 1557/3505/1557
f 975/1866/975 716/1895/716 778/1885/778
f 419/2884/419 17/2957/17 342/2937/342
f 1570/1003/1570 796/980/796 816/983/816
f 342/2937/342 17/2957/17 16/2981/16
f 593/243/593 567/271/567 750/235/750
f 17/2957/17 773/3001/773 16/2981/16
f 1566/2892/1566 563/2872/563 579/2875/579
f 16/2981/16 417/3023/417 306/3020/306
f 16/2981/16 773/3001/773 417/3023/417
f 306/3020/306 417/3023/417 312/3052/312
f 312/3052/312 417/3023/417 685/3057/685
f 312/3052/312 683/3088/683 15/3087/15
f 312/3052/312 685/3057/685 683/3088/683
f 15/3087/15 683/3088/683 754/3125/754
f 15/3087/15 754/3125/754 19/3121/19
f 70/1779/70 220/1797/220 59/1810/59
f 19/3121/19 754/3125/754 753/3168/753
f 19/3121/19 753/3168/753 18/3153/18
f 21/3196/21 753/3168/753 752/3200/752
f 561/3188/561 601/3202/601 1374/3197/1374
f 21/3196/21 752/3200/752 738/3220/738
f 21/3196/21 738/3220/738 334/3213/334
f 334/3213/334 738/3220/738 20/3233/20
f 1307/847/1307 1311/857/1311 1326/759/1326
f 20/3233/20 738/3220/738 429/3244/429
f 20/3233/20 429/3244/429 340/3255/340
f 340/3255/340 429/3244/429 427/3268/427
f 1298/2353/1298 1458/2375/1458 1311/2359/1311
f 979/283/979 893/272/893 923/293/923
f 190/1324/190 225/1433/225 198/1355/198
f 340/3255/340 427/3268/427 395/3283/395
f 395/3283/395 427/3268/427 693/3296/693
f 395/3283/395 693/3296/693 22/3308/22
f 693/3296/693 24/3324/24 22/3308/22
f 22/3308/22 24/3324/24 380/3343/380
f 130/3325/130 377/3330/377 118/3346/118
f 380/3343/380 682/3370/682 23/3386/23
f 459/3015/459 515/3082/515 535/3066/535
f 682/3370/682 684/3425/684 23/3386/23
f 1873/632/1873 1484/628/1484 1579/625/1579
f 23/3386/23 684/3425/684 375/3440/375
f 870/1050/870 686/1030/686 942/1037/942
f 858/3551/858 712/3549/712 863/3545/863
f 375/3440/375 684/3425/684 725/3467/725
f 951/2538/951 863/2571/863 825/2563/825
f 375/3440/375 725/3467/725 726/3471/726
f 1173/1680/1173 783/1724/783 768/1711/768
f 330/27/330 726/21/726 746/53/746
f 330/27/330 746/53/746 27/49/27
f 598/70/598 25/89/25 746/53/746
f 1152/1565/1152 1145/1562/1145 1186/1557/1186
f 27/49/27 746/53/746 25/89/25
f 25/89/25 421/112/421 28/106/28
f 28/106/28 421/112/421 749/133/749
f 144/2944/144 497/2983/497 495/2990/495
f 28/106/28 749/133/749 326/134/326
f 1053/2606/1053 654/2602/654 1134/2588/1134
f 1694/877/1694 1841/876/1841 1843/873/1843
f 326/134/326 31/152/31 30/164/30
f 326/134/326 749/133/749 31/152/31
f 1749/68/1749 1808/110/1808 1834/121/1834
f 31/152/31 418/182/418 30/164/30
f 30/164/30 418/182/418 400/181/400
f 400/181/400 418/182/418 29/209/29
f 29/209/29 418/182/418 750/235/750
f 367/392/367 369/378/369 402/358/402
f 29/209/29 750/235/750 411/277/411
f 411/277/411 750/235/750 26/292/26
f 411/277/411 26/292/26 32/311/32
f 32/311/32 26/292/26 723/332/723
f 32/311/32 723/332/723 416/344/416
f 416/344/416 723/332/723 33/365/33
f 282/3035/282 309/3034/309 314/2997/314
f 33/365/33 741/389/741 394/402/394
f 664/3295/664 641/3291/641 962/3279/962
f 394/402/394 741/389/741 428/422/428
f 394/402/394 428/422/428 423/443/423
f 394/402/394 423/443/423 385/458/385
f 1032/2427/1032 757/2472/757 717/2463/717
f 385/458/385 423/443/423 713/480/713
f 1244/1489/1244 1306/1485/1306 1285/1470/1285
f 449/3349/449 538/3319/538 500/3360/500
f 385/458/385 713/480/713 372/512/372
f 372/512/372 713/480/713 690/546/690
f 663/2886/663 577/2897/577 1635/2915/1635
f 192/614/192 163/694/163 176/504/176
f 1193/2156/1193 1314/2152/1314 1184/2129/1184
f 176/504/176 163/694/163 38/600/38
f 562/131/562 31/152/31 749/133/749
f 162/790/162 165/987/165 163/694/163
f 163/694/163 165/987/165 164/774/164
f 1913/637/1913 1928/752/1928 1937/788/1937
f 1980/581/1980 1664/586/1664 1982/594/1982
f 153/1027/153 154/1035/154 165/987/165
f 165/987/165 154/1035/154 169/1013/169
f 158/1051/158 197/1070/197 154/1035/154
f 154/1035/154 197/1070/197 156/1045/156
f 1939/619/1939 1483/612/1483 1482/610/1482
f 370/30/370 408/12/408 392/7/392
f 327/3402/327 373/3403/373 349/3448/349
f 200/1090/200 168/1097/168 197/1070/197
f 197/1070/197 168/1097/168 177/1089/177
f 80/2345/80 98/2339/98 63/2318/63
f 1471/2805/1471 1399/2833/1399 1453/2836/1453
f 262/2594/262 271/2610/271 83/2622/83
f 167/1119/167 172/1131/172 168/1097/168
f 531/3353/531 607/3378/607 682/3370/682
f 168/1097/168 172/1131/172 37/1118/37
f 1967/654/1967 1723/650/1723 1714/653/1714
f 41/1116/41 40/1104/40 37/1118/37
f 159/1189/159 161/1196/161 172/1131/172
f 172/1131/172 161/1196/161 44/1138/44
f 159/1189/159 194/1264/194 161/1196/161
f 161/1196/161 194/1264/194 58/1255/58
f 977/2335/977 979/2313/979 1001/2324/1001
f 173/1286/173 191/1360/191 194/1264/194
f 194/1264/194 191/1360/191 58/1255/58
f 442/3145/442 519/3189/519 482/3152/482
f 923/2286/923 884/2308/884 733/2290/733
f 226/1446/226 179/1564/179 191/1360/191
f 191/1360/191 179/1564/179 223/1475/223
f 585/3174/585 1255/3184/1255 1302/3164/1302
f 180/1698/180 184/1701/184 179/1564/179
f 179/1564/179 184/1701/184 49/1653/49
f 180/1698/180 187/1729/187 184/1701/184
f 184/1701/184 187/1729/187 50/1727/50
f 185/1742/185 188/1743/188 187/1729/187
f 187/1729/187 188/1743/188 50/1727/50
f 185/1742/185 174/1762/174 188/1743/188
f 188/1743/188 174/1762/174 217/1753/217
f 189/1780/189 224/1781/224 174/1762/174
f 174/1762/174 224/1781/224 70/1779/70
f 985/2795/985 972/2766/972 903/2771/903
f 189/1780/189 220/1797/220 224/1781/224
f 224/1781/224 220/1797/220 70/1779/70
f 195/1803/195 222/1811/222 220/1797/220
f 220/1797/220 222/1811/222 59/1810/59
f 1366/588/1366 1258/697/1258 1276/513/1276
f 227/1829/227 205/1827/205 222/1811/222
f 222/1811/222 205/1827/205 59/1810/59
f 967/2804/967 905/2782/905 949/2792/949
f 227/1829/227 204/1849/204 205/1827/205
f 205/1827/205 204/1849/204 62/1848/62
f 238/1863/238 251/1862/251 204/1849/204
f 204/1849/204 251/1862/251 62/1848/62
f 238/1863/238 215/1883/215 251/1862/251
f 251/1862/251 215/1883/215 244/1882/244
f 1765/287/1765 1835/135/1835 1834/121/1834
f 236/1910/236 235/1919/235 215/1883/215
f 215/1883/215 235/1919/235 244/1882/244
f 1908/821/1908 1588/826/1588 1692/830/1692
f 16/2981/16 306/3020/306 281/2996/281
f 374/325/374 351/305/351 348/333/348
f 214/1966/214 211/1969/211 235/1919/235
f 235/1919/235 211/1969/211 218/1944/218
f 66/1991/66 69/2007/69 234/1962/234
f 214/1966/214 252/1995/252 211/1969/211
f 211/1969/211 252/1995/252 66/1991/66
f 216/2012/216 208/2034/208 252/1995/252
f 252/1995/252 208/2034/208 66/1991/66
f 206/2075/206 209/2073/209 208/2034/208
f 208/2034/208 209/2073/209 71/2067/71
f 206/2075/206 229/2104/229 209/2073/209
f 209/2073/209 229/2104/229 71/2067/71
f 1786/76/1786 1788/66/1788 1710/103/1710
f 213/2134/213 233/2159/233 229/2104/229
f 1454/2514/1454 1489/2537/1489 1447/2552/1447
f 229/2104/229 233/2159/233 56/2128/56
f 1192/1749/1192 1180/1763/1180 1207/1754/1207
f 231/2181/231 233/2159/233 213/2134/213
f 231/2181/231 247/2203/247 233/2159/233
f 233/2159/233 247/2203/247 81/2176/81
f 275/2230/275 272/2222/272 247/2203/247
f 247/2203/247 272/2222/272 67/2218/67
f 1145/1562/1145 1277/1559/1277 1186/1557/1186
f 275/2230/275 237/2240/237 272/2222/272
f 272/2222/272 237/2240/237 67/2218/67
f 117/2725/117 476/2727/476 443/2710/443
f 27/49/27 371/78/371 397/65/397
f 275/2230/275 248/2257/248 237/2240/237
f 237/2240/237 248/2257/248 86/2255/86
f 1750/52/1750 1706/23/1706 1712/16/1712
f 250/2263/250 242/2282/242 248/2257/248
f 248/2257/248 242/2282/242 86/2255/86
f 616/3016/616 652/2992/652 618/3004/618
f 646/1055/646 704/1071/704 715/1043/715
f 1346/1015/1346 1341/1024/1341 790/1006/790
f 230/2307/230 249/2312/249 242/2282/242
f 242/2282/242 249/2312/249 240/2298/240
f 246/2360/246 245/2346/245 243/2334/243
f 243/2334/243 263/2333/263 249/2312/249
f 249/2312/249 263/2333/263 63/2318/63
f 1401/1278/1401 1478/1274/1478 1356/1277/1356
f 243/2334/243 245/2346/245 263/2333/263
f 263/2333/263 245/2346/245 80/2345/80
f 246/2360/246 276/2377/276 245/2346/245
f 978/2510/978 851/2524/851 831/2488/831
f 245/2346/245 276/2377/276 80/2345/80
f 267/2394/267 10/2413/10 280/2450/280
f 466/3072/466 504/3093/504 486/3113/486
f 273/2608/273 271/2610/271 259/2580/259
f 37/1118/37 172/1131/172 44/1138/44
f 267/2394/267 279/2478/279 276/2377/276
f 1347/1889/1347 786/1865/786 812/1876/812
f 276/2377/276 279/2478/279 88/2385/88
f 277/2511/277 259/2580/259 279/2478/279
f 279/2478/279 259/2580/259 261/2545/261
f 1880/445/1880 1993/425/1993 1994/394/1994
f 259/2580/259 271/2610/271 262/2594/262
f 273/2608/273 269/2636/269 271/2610/271
f 271/2610/271 269/2636/269 83/2622/83
f 288/2658/288 300/2656/300 269/2636/269
f 269/2636/269 300/2656/300 260/2643/260
f 288/2658/288 290/2672/290 300/2656/300
f 300/2656/300 290/2672/290 95/2668/95
f 1450/2207/1450 1465/2215/1465 779/2197/779
f 1012/1263/1012 941/1268/941 872/1267/872
f 291/2682/291 278/2693/278 290/2672/290
f 290/2672/290 278/2693/278 95/2668/95
f 670/1648/670 859/1643/859 942/1546/942
f 1135/2707/1135 1182/2695/1182 1247/2712/1247
f 299/2706/299 287/2721/287 278/2693/278
f 278/2693/278 287/2721/287 111/2714/111
f 286/2733/286 296/2749/296 287/2721/287
f 287/2721/287 296/2749/296 111/2714/111
f 887/1221/887 821/1225/821 835/1233/835
f 283/2784/283 310/2785/310 296/2749/296
f 296/2749/296 310/2785/310 112/2783/112
f 283/2784/283 295/2808/295 310/2785/310
f 310/2785/310 295/2808/295 112/2783/112
f 420/2779/420 665/2765/665 14/2797/14
f 1509/2412/1509 1490/2452/1490 1431/2419/1431
f 289/2817/289 325/2845/325 295/2808/295
f 295/2808/295 325/2845/325 322/2840/322
f 112/2783/112 295/2808/295 322/2840/322
f 321/2871/321 308/2902/308 325/2845/325
f 325/2845/325 308/2902/308 322/2840/322
f 1447/998/1447 817/915/817 780/943/780
f 1189/1511/1189 1295/1500/1295 1193/1520/1193
f 317/2925/317 328/2954/328 308/2902/308
f 308/2902/308 328/2954/328 109/2923/109
f 318/2965/318 314/2997/314 328/2954/328
f 403/228/403 147/197/147 141/193/141
f 328/2954/328 314/2997/314 90/2975/90
f 314/2997/314 309/3034/309 100/3017/100
f 1787/817/1787 1546/823/1546 1548/818/1548
f 282/3035/282 359/3078/359 309/3034/309
f 401/1901/401 210/1881/210 5/1856/5
f 309/3034/309 359/3078/359 298/3046/298
f 336/3104/336 365/3136/365 359/3078/359
f 359/3078/359 365/3136/365 307/3098/307
f 1267/1389/1267 1264/1386/1264 1265/1392/1265
f 944/2553/944 1050/2539/1050 985/2516/985
f 1275/1959/1275 1268/1955/1268 760/1940/760
f 364/3154/364 302/3160/302 365/3136/365
f 365/3136/365 302/3160/302 332/3149/332
f 335/3178/335 323/3180/323 302/3160/302
f 302/3160/302 323/3180/323 93/3177/93
f 906/2260/906 1054/2234/1054 926/2244/926
f 335/3178/335 324/3191/324 323/3180/323
f 323/3180/323 324/3191/324 93/3177/93
f 675/3190/675 935/3193/935 1006/3207/1006
f 345/3199/345 341/3205/341 324/3191/324
f 798/1999/798 1312/1978/1312 1403/2011/1403
f 324/3191/324 341/3205/341 99/3204/99
f 936/1365/936 906/1372/906 1026/1363/1026
f 301/3216/301 315/3215/315 341/3205/341
f 341/3205/341 315/3215/315 99/3204/99
f 301/3216/301 304/3230/304 315/3215/315
f 315/3215/315 304/3230/304 115/3226/115
f 305/3241/305 339/3239/339 304/3230/304
f 304/3230/304 339/3239/339 115/3226/115
f 305/3241/305 329/3253/329 339/3239/339
f 339/3239/339 329/3253/329 119/3248/119
f 1941/714/1941 1530/712/1530 1507/708/1507
f 333/3265/333 381/3264/381 329/3253/329
f 329/3253/329 381/3264/381 122/3262/122
f 333/3265/333 376/3276/376 381/3264/381
f 34/3212/34 486/3113/486 504/3093/504
f 381/3264/381 376/3276/376 122/3262/122
f 355/3288/355 337/3289/337 376/3276/376
f 376/3276/376 337/3289/337 383/3284/383
f 135/3133/135 458/3110/458 485/3127/485
f 355/3288/355 331/3305/331 337/3289/337
f 591/3292/591 503/3318/503 693/3296/693
f 337/3289/337 331/3305/331 129/3302/129
f 357/3309/357 377/3330/377 331/3305/331
f 1765/287/1765 1992/460/1992 1999/472/1999
f 331/3305/331 377/3330/377 129/3302/129
f 362/3354/362 363/3364/363 377/3330/377
f 377/3330/377 363/3364/363 118/3346/118
f 338/3384/338 373/3403/373 363/3364/363
f 363/3364/363 373/3403/373 360/3371/360
f 391/3422/391 388/3451/388 373/3403/373
f 373/3403/373 388/3451/388 349/3448/349
f 1073/231/1073 1140/265/1140 1082/260/1082
f 390/3461/390 132/3434/132 349/3448/349
f 392/3460/392 408/3464/408 388/3451/388
f 388/3451/388 408/3464/408 349/3448/349
f 454/3473/454 481/3428/481 462/3427/462
f 370/30/370 350/28/350 408/12/408
f 408/12/408 350/28/350 114/17/114
f 835/2396/835 830/2388/830 874/2425/874
f 1363/2204/1363 1419/2177/1419 1418/2179/1418
f 1976/663/1976 1801/471/1801 1984/710/1984
f 370/30/370 398/43/398 350/28/350
f 124/2989/124 494/3013/494 517/3010/517
f 1423/1001/1423 804/990/804 803/981/803
f 350/28/350 398/43/398 353/34/353
f 737/1911/737 861/1933/861 730/1905/730
f 813/1230/813 929/1234/929 830/1243/830
f 128/82/128 517/92/517 145/51/145
f 397/65/397 361/67/361 398/43/398
f 398/43/398 361/67/361 146/61/146
f 397/65/397 344/77/344 361/67/361
f 361/67/361 344/77/344 146/61/146
f 371/78/371 347/96/347 344/77/344
f 344/77/344 347/96/347 127/94/127
f 1438/1776/1438 1430/1769/1430 824/1745/824
f 1387/2182/1387 1430/2151/1430 1438/2162/1438
f 634/3358/634 1053/3363/1053 639/3374/639
f 382/116/382 316/130/316 347/96/347
f 347/96/347 316/130/316 127/94/127
f 1491/2157/1491 1469/2154/1469 1502/2136/1502
f 1469/509/1469 1467/624/1467 1457/505/1457
f 354/141/354 366/158/366 316/130/316
f 553/3536/553 574/3533/574 658/3534/658
f 316/130/316 366/158/366 140/137/140
f 106/2850/106 94/2912/94 449/2877/449
f 1190/1518/1190 1189/1511/1189 1193/1520/1193
f 1710/103/1710 1704/98/1704 1697/132/1697
f 1990/539/1990 1917/526/1917 1935/529/1935
f 352/165/352 379/169/379 366/158/366
f 366/158/366 379/169/379 143/168/143
f 387/184/387 407/183/407 379/169/379
f 379/169/379 407/183/407 143/168/143
f 387/184/387 412/214/412 407/183/407
f 407/183/407 412/214/412 141/193/141
f 605/1953/605 608/1977/608 424/1974/424
f 406/269/406 343/279/343 412/214/412
f 1243/1828/1243 794/1831/794 1252/1814/1252
f 412/214/412 343/279/343 346/246/346
f 351/305/351 374/325/374 343/279/343
f 343/279/343 374/325/374 142/288/142
f 580/3591/580 572/3593/572 1235/3595/1235
f 402/358/402 369/378/369 374/325/374
f 1789/836/1789 1752/829/1752 1954/828/1954
f 374/325/374 369/378/369 378/346/378
f 367/392/367 414/415/414 369/378/369
f 369/378/369 414/415/414 134/393/134
f 413/429/413 384/431/384 414/415/414
f 414/415/414 384/431/384 151/426/151
f 572/3298/572 558/3290/558 570/3301/570
f 439/3347/439 528/3321/528 529/3304/529
f 413/429/413 393/446/393 384/431/384
f 384/431/384 393/446/393 151/426/151
f 386/454/386 410/464/410 393/446/393
f 393/446/393 410/464/410 137/463/137
f 389/487/389 404/486/404 410/464/410
f 410/464/410 404/486/404 137/463/137
f 1786/76/1786 1804/140/1804 1795/128/1795
f 389/487/389 176/504/176 404/486/404
f 1474/1159/1474 1405/1157/1405 1415/1176/1415
f 404/486/404 176/504/176 409/494/409
f 1990/539/1990 1935/529/1935 1919/533/1919
f 1466/1149/1466 1495/1174/1495 1414/1170/1414
f 1102/2175/1102 1044/2161/1044 986/2153/986
f 1059/1400/1059 770/1460/770 989/1478/989
f 96/2791/96 112/2783/112 322/2840/322
f 354/141/354 316/130/316 382/116/382
f 35/635/35 148/506/148 38/600/38
f 28/106/28 326/134/326 382/116/382
f 828/1951/828 747/1931/747 810/1936/810
f 166/742/166 35/635/35 164/774/164
f 39/937/39 36/856/36 166/742/166
f 1219/1404/1219 1223/1477/1223 800/1471/800
f 1044/2161/1044 1063/2163/1063 1047/2137/1047
f 286/2733/286 294/2720/294 284/2758/284
f 155/1007/155 36/856/36 39/937/39
f 156/1045/156 45/1034/45 155/1007/155
f 27/49/27 370/30/370 330/27/330
f 737/1663/737 730/1641/730 782/1575/782
f 52/1069/52 47/1062/47 156/1045/156
f 156/1045/156 47/1062/47 45/1034/45
f 303/2687/303 92/2699/92 297/2670/297
f 1246/1614/1246 1322/1612/1322 1224/1593/1224
f 196/1079/196 47/1062/47 52/1069/52
f 177/1089/177 42/1088/42 196/1079/196
f 671/2323/671 695/2338/695 681/2310/681
f 1171/1623/1171 1117/1598/1117 1106/1605/1106
f 1943/508/1943 1989/444/1989 1944/478/1944
f 40/1104/40 42/1088/42 43/1106/43
f 183/1130/183 41/1116/41 37/1118/37
f 258/2486/258 264/2558/264 277/2511/277
f 44/1138/44 73/1144/73 183/1130/183
f 877/1307/877 958/1311/958 869/1301/869
f 1906/674/1906 1634/680/1634 1805/686/1805
f 34/3212/34 504/3093/504 525/3071/525
f 58/1255/58 48/1279/48 73/1144/73
f 977/314/977 1001/300/1001 912/331/912
f 395/3283/395 355/3288/355 333/3265/333
f 1439/2361/1439 1352/2371/1352 1458/2375/1458
f 199/1351/199 51/1362/51 48/1279/48
f 1765/287/1765 1998/373/1998 1994/394/1994
f 223/1475/223 46/1519/46 51/1362/51
f 873/2314/873 727/2319/727 884/2308/884
f 49/1653/49 54/1661/54 46/1519/46
f 543/1709/543 541/1734/541 708/1719/708
f 181/1720/181 54/1661/54 50/1727/50
f 70/1779/70 61/1760/61 217/1753/217
f 217/1753/217 61/1760/61 181/1720/181
f 60/1787/60 61/1760/61 70/1779/70
f 368/3118/368 101/3130/101 108/3095/108
f 440/1805/440 60/1787/60 59/1810/59
f 62/1848/62 53/1824/53 440/1805/440
f 565/1820/565 679/1834/679 680/1798/680
f 57/1853/57 53/1824/53 62/1848/62
f 55/1874/55 57/1853/57 62/1848/62
f 253/1897/253 55/1874/55 244/1882/244
f 72/1909/72 65/1930/65 253/1897/253
f 1789/836/1789 1751/837/1751 1674/834/1674
f 234/1962/234 65/1930/65 218/1944/218
f 717/1826/717 757/1846/757 1016/1842/1016
f 1748/846/1748 1702/852/1702 1701/854/1701
f 71/2067/71 75/2085/75 69/2007/69
f 1718/855/1718 1670/858/1670 1669/853/1669
f 76/2119/76 75/2085/75 56/2128/56
f 68/2145/68 76/2119/76 56/2128/56
f 1799/886/1799 1872/891/1872 1783/894/1783
f 81/2176/81 78/2184/78 68/2145/68
f 56/2128/56 233/2159/233 81/2176/81
f 1799/886/1799 1904/898/1904 1728/899/1728
f 1799/886/1799 1783/894/1783 1904/898/1904
f 67/2218/67 77/2217/77 78/2184/78
f 1931/584/1931 1687/589/1687 1689/585/1689
f 84/2242/84 77/2217/77 86/2255/86
f 79/2261/79 84/2242/84 86/2255/86
f 241/2276/241 74/2289/74 79/2261/79
f 1722/920/1722 1782/926/1782 1780/928/1780
f 1938/609/1938 1688/598/1688 1929/597/1929
f 863/2999/863 489/2978/489 822/2987/822
f 63/2318/63 64/2311/64 240/2298/240
f 240/2298/240 64/2311/64 74/2289/74
f 827/2171/827 859/2169/859 670/2155/670
f 1209/1997/1209 740/2009/740 771/2033/771
f 425/2703/425 12/2684/12 688/2683/688
f 63/2318/63 98/2339/98 64/2311/64
f 1730/963/1730 1869/975/1869 1700/966/1700
f 610/1099/610 612/1110/612 706/1105/706
f 85/2363/85 98/2339/98 80/2345/80
f 88/2385/88 89/2401/89 85/2363/85
f 612/3051/612 610/3040/610 851/3054/851
f 454/2462/454 89/2401/89 257/2474/257
f 261/2545/261 82/2533/82 454/2462/454
f 167/1119/167 168/1097/168 201/1107/201
f 118/3346/118 363/3364/363 360/3371/360
f 87/2585/87 82/2533/82 261/2545/261
f 1478/1274/1478 1477/1272/1477 1356/1277/1356
f 1964/642/1964 1721/647/1721 1723/650/1723
f 943/381/943 907/367/907 857/360/857
f 1409/1266/1409 1417/1260/1417 1411/1269/1411
f 260/2643/260 91/2646/91 83/2622/83
f 232/2302/232 274/2336/274 230/2307/230
f 240/2298/240 249/2312/249 63/2318/63
f 480/3047/480 517/3010/517 525/3071/525
f 617/3457/617 725/3467/725 684/3425/684
f 297/2670/297 91/2646/91 95/2668/95
f 431/3466/431 392/3460/392 375/3440/375
f 876/438/876 832/430/832 827/418/827
f 1929/597/1929 1580/595/1580 1577/592/1577
f 117/2725/117 92/2699/92 111/2714/111
f 110/2748/110 97/2750/97 117/2725/117
f 165/987/165 169/1013/169 39/937/39
f 112/2783/112 96/2791/96 97/2750/97
f 1627/2570/1627 1595/2567/1595 1583/2584/1583
f 1636/2654/1636 1519/2662/1519 1627/2635/1627
f 107/2815/107 96/2791/96 322/2840/322
f 409/494/409 176/504/176 38/600/38
f 106/2850/106 107/2815/107 322/2840/322
f 109/2923/109 94/2912/94 319/2882/319
f 1502/2027/1502 1457/2016/1457 814/1990/814
f 319/2882/319 94/2912/94 106/2850/106
f 441/2951/441 94/2912/94 109/2923/109
f 567/271/567 26/292/26 750/235/750
f 1098/2209/1098 984/2202/984 1019/2183/1019
f 953/2590/953 664/2583/664 1005/2559/1005
f 103/2980/103 441/2951/441 90/2975/90
f 113/3007/113 103/2980/103 100/3017/100
f 100/3017/100 104/3037/104 113/3007/113
f 105/3063/105 104/3037/104 298/3046/298
f 34/3212/34 538/3319/538 521/3300/521
f 307/3098/307 108/3095/108 105/3063/105
f 307/3098/307 105/3063/105 120/3075/120
f 108/3095/108 307/3098/307 368/3118/368
f 472/3158/472 101/3130/101 332/3149/332
f 93/3177/93 102/3182/102 472/3158/472
f 483/3201/483 102/3182/102 99/3204/99
f 182/1706/182 180/1698/180 203/1568/203
f 1302/2826/1302 1313/2858/1313 1301/2856/1301
f 133/3246/133 131/3217/131 115/3226/115
f 122/3262/122 121/3270/121 133/3246/133
f 1805/686/1805 1624/693/1624 1625/699/1625
f 129/3302/129 135/3294/135 383/3284/383
f 383/3284/383 135/3294/135 121/3270/121
f 458/3316/458 135/3294/135 129/3302/129
f 118/3346/118 116/3339/116 458/3316/458
f 34/3212/34 544/3045/544 530/3048/530
f 34/3212/34 526/3060/526 508/3049/508
f 258/2486/258 277/2511/277 280/2450/280
f 857/2219/857 912/2250/912 850/2226/850
f 1325/1284/1325 1356/1277/1356 1339/1293/1339
f 910/1281/910 966/1283/966 908/1287/908
f 360/3371/360 125/3372/125 116/3339/116
f 360/3371/360 116/3339/116 118/3346/118
f 531/3353/531 682/3370/682 603/3342/603
f 1715/962/1715 1882/971/1882 1863/969/1863
f 455/3395/455 125/3372/125 360/3371/360
f 349/3448/349 132/3434/132 455/3395/455
f 859/1893/859 864/1892/864 856/1873/856
f 1706/940/1706 1770/945/1770 1781/948/1781
f 390/3461/390 451/3459/451 132/3434/132
f 146/61/146 145/51/145 353/34/353
f 622/2969/622 652/2992/652 1412/3003/1412
f 154/1035/154 153/1027/153 158/1051/158
f 353/34/353 145/51/145 390/19/390
f 114/17/114 350/28/350 353/34/353
f 1249/282/1249 1168/284/1168 1173/289/1173
f 1938/609/1938 1576/602/1576 1688/598/1688
f 111/2714/111 296/2749/296 110/2748/110
f 128/82/128 145/51/145 146/61/146
f 886/1218/886 887/1221/887 835/1233/835
f 1682/2405/1682 1427/2446/1427 1522/2439/1522
f 123/120/123 124/118/124 128/82/128
f 1725/57/1725 1724/40/1724 1786/76/1786
f 1388/1553/1388 1254/1538/1254 1260/1549/1260
f 140/137/140 152/138/152 124/118/124
f 1928/574/1928 1768/569/1768 1757/566/1757
f 1055/1524/1055 976/1528/976 992/1517/992
f 126/167/126 152/138/152 143/168/143
f 1134/2885/1134 1000/2863/1000 995/2851/995
f 1416/2417/1416 1415/2416/1415 1475/2420/1475
f 405/187/405 126/167/126 143/168/143
f 141/193/141 147/197/147 405/187/405
f 1556/1012/1556 762/988/762 795/995/795
f 142/288/142 144/270/144 403/228/403
f 668/3476/668 608/3486/608 1015/3482/1015
f 138/316/138 150/303/150 142/288/142
f 142/288/142 150/303/150 144/270/144
f 1084/1486/1084 982/1494/982 984/1491/984
f 471/342/471 150/303/150 138/316/138
f 411/277/411 406/269/406 399/217/399
f 396/370/396 471/342/471 139/375/139
f 134/393/134 149/396/149 396/370/396
f 984/2202/984 974/2194/974 1009/2173/1009
f 492/461/492 136/435/136 137/463/137
f 38/600/38 148/506/148 409/494/409
f 1193/2156/1193 1184/2129/1184 1197/2118/1197
f 409/494/409 148/506/148 492/461/492
f 1204/3341/1204 658/3328/658 574/3337/574
f 1583/1023/1583 1595/1021/1595 810/1011/810
f 1913/637/1913 1937/788/1937 1983/815/1983
f 1627/2570/1627 1583/2584/1583 781/2595/781
f 1163/2111/1163 1150/2084/1150 1241/2079/1241
f 1929/597/1929 1577/592/1577 1687/589/1687
f 710/996/710 2/1020/2 705/986/705
f 36/2998/36 155/3012/155 453/3033/453
f 1986/562/1986 1797/459/1797 1976/663/1976
f 1188/1403/1188 1096/1424/1096 797/1474/797
f 1101/1675/1101 768/1711/768 767/1710/767
f 196/1079/196 42/1088/42 47/1062/47
f 12/2684/12 426/2667/426 688/2683/688
f 1452/1302/1452 1462/1298/1462 1339/1293/1339
f 629/2816/629 611/2824/611 1435/2852/1435
f 51/1362/51 46/1519/46 430/1440/430
f 1975/275/1975 1971/296/1971 1972/280/1972
f 1959/234/1959 1962/290/1962 1798/240/1798
f 1265/2291/1265 1259/2309/1259 1258/2303/1258
f 1271/2616/1271 1382/2632/1382 1286/2641/1286
f 53/1824/53 57/1853/57 438/1835/438
f 1955/188/1955 1696/177/1696 1790/189/1790
f 1248/417/1248 1240/448/1240 1252/433/1252
f 566/2895/566 578/2873/578 568/2879/568
f 69/2007/69 75/2085/75 436/2049/436
f 1966/531/1966 1818/522/1818 1918/524/1918
f 192/614/192 176/504/176 389/487/389
f 1969/548/1969 1916/552/1916 1968/559/1968
f 68/2145/68 78/2184/78 460/2165/460
f 1968/559/1968 1823/564/1823 1973/571/1973
f 170/982/170 1/727/1 709/743/709
f 606/2907/606 1636/2928/1636 609/2932/609
f 1973/571/1973 1742/576/1742 1980/581/1980
f 1492/2520/1492 1429/2522/1429 1421/2554/1421
f 1051/1556/1051 1031/1560/1031 1063/1558/1063
f 495/2990/495 497/2983/497 544/3045/544
f 170/982/170 157/1029/157 171/992/171
f 79/2261/79 74/2289/74 433/2273/433
f 1168/284/1168 1241/286/1241 1154/307/1154
f 74/3444/74 64/3456/64 437/3398/437
f 1095/227/1095 1028/223/1028 1118/255/1118
f 822/2589/822 711/2601/711 843/2591/843
f 1137/1586/1137 1149/1584/1149 1163/1570/1163
f 1424/1009/1424 1346/1015/1346 804/990/804
f 863/2999/863 712/2993/712 489/2978/489
f 865/408/865 864/397/864 827/418/827
f 642/3407/642 589/3429/589 507/3416/507
f 1078/1989/1078 771/2033/771 775/2019/775
f 1712/949/1712 1773/961/1773 1711/957/1711
f 1712/949/1712 1778/953/1778 1779/956/1779
f 85/2363/85 452/2368/452 98/2339/98
f 85/2363/85 89/2401/89 452/2368/452
f 288/2658/288 269/2636/269 268/2633/268
f 466/3072/466 480/3047/480 504/3093/504
f 87/2585/87 469/2586/469 82/2533/82
f 856/1629/856 745/1551/745 702/1530/702
f 484/1087/484 610/1099/610 706/1105/706
f 87/2585/87 470/2617/470 469/2586/469
f 87/2585/87 83/2622/83 470/2617/470
f 1203/1634/1203 1282/1636/1282 1200/1617/1200
f 83/2622/83 91/2646/91 470/2617/470
f 23/3386/23 375/3440/375 338/3384/338
f 1977/627/1977 1736/623/1736 1656/626/1656
f 91/2646/91 297/2670/297 450/2660/450
f 297/2670/297 473/2677/473 450/2660/450
f 1386/2397/1386 1363/2435/1363 1377/2400/1377
f 730/1905/730 811/1917/811 670/1894/670
f 297/2670/297 92/2699/92 473/2677/473
f 854/1227/854 813/1230/813 830/1243/830
f 673/2740/673 596/2729/596 1188/2730/1188
f 92/2699/92 117/2725/117 443/2710/443
f 117/2725/117 97/2750/97 476/2727/476
f 1283/2768/1283 1148/2754/1148 1279/2767/1279
f 97/2750/97 96/2791/96 479/2775/479
f 513/2172/513 639/2195/639 700/2201/700
f 96/2791/96 107/2815/107 479/2775/479
f 1584/2131/1584 828/2109/828 806/2108/806
f 30/164/30 352/165/352 326/134/326
f 1207/1754/1207 1180/1763/1180 766/1783/766
f 1460/2549/1460 1454/2514/1454 1447/2552/1447
f 1009/225/1009 993/211/993 994/239/994
f 1571/1156/1571 1685/1181/1685 1495/1174/1495
f 1991/530/1991 1914/517/1914 1921/516/1921
f 16/2981/16 281/2996/281 318/2965/318
f 113/3007/113 104/3037/104 444/3022/444
f 1954/828/1954 1536/825/1536 1546/823/1546
f 1227/2236/1227 1218/2248/1218 1372/2252/1372
f 1787/817/1787 1677/811/1677 1761/808/1761
f 637/1887/637 401/1901/401 415/1864/415
f 1792/750/1792 1626/745/1626 1617/740/1617
f 131/3217/131 133/3246/133 487/3242/487
f 46/1519/46 223/1475/223 49/1653/49
f 223/1475/223 179/1564/179 49/1653/49
f 133/3246/133 121/3270/121 487/3242/487
f 1364/2251/1364 1371/2245/1371 1440/2238/1440
f 1765/287/1765 1987/479/1987 1793/477/1793
f 1880/445/1880 1994/394/1994 1940/413/1940
f 682/3370/682 24/3324/24 603/3342/603
f 671/3433/671 589/3429/589 642/3407/642
f 1708/946/1708 1881/944/1881 1693/936/1693
f 390/19/390 145/51/145 451/22/451
f 1693/936/1693 1884/930/1884 1719/923/1719
f 642/2638/642 1107/2631/1107 1160/2615/1160
f 1806/909/1806 1902/919/1902 1722/920/1722
f 1420/744/1420 1522/760/1522 1521/690/1521
f 128/82/128 124/118/124 517/92/517
f 1056/1552/1056 1045/1554/1045 1044/1547/1044
f 152/138/152 126/167/126 467/155/467
f 621/149/621 422/163/422 31/152/31
f 326/134/326 354/141/354 382/116/382
f 1460/1004/1460 780/943/780 796/980/796
f 1927/547/1927 1934/532/1934 1942/538/1942
f 147/197/147 403/228/403 405/187/405
f 1573/1148/1573 1575/1150/1575 1495/1174/1495
f 1015/3609/1015 953/3607/953 1008/3608/1008
f 619/204/619 593/243/593 750/235/750
f 577/2897/577 569/2876/569 1566/2892/1566
f 136/435/136 151/426/151 137/463/137
f 151/426/151 136/435/136 149/396/149
f 1524/1173/1524 1508/1171/1508 1509/1191/1509
f 1704/867/1704 1859/869/1859 1735/865/1735
f 766/2017/766 769/2057/769 1207/2026/1207
f 976/1528/976 990/1532/990 997/1527/997
f 1273/1540/1273 1193/1520/1193 1254/1538/1254
f 1983/556/1983 1946/549/1946 1950/544/1950
f 372/512/372 192/614/192 389/487/389
f 476/3401/476 547/3333/547 477/3392/477
f 1685/2414/1685 1683/2409/1683 1538/2443/1538
f 1449/2051/1449 1491/2042/1491 802/2005/802
f 514/2148/514 513/2172/513 667/2164/667
f 38/600/38 163/694/163 164/774/164
f 35/635/35 38/600/38 164/774/164
f 1538/507/1538 1500/482/1500 1553/485/1553
f 634/3358/634 654/3340/654 1053/3363/1053
f 1049/1649/1049 770/1684/770 716/1681/716
f 124/118/124 123/120/123 140/137/140
f 632/2620/632 633/2614/633 1042/2604/1042
f 1194/2739/1194 1219/2770/1219 1208/2759/1208
f 228/2126/228 212/2185/212 213/2134/213
f 162/790/162 163/694/163 192/614/192
f 1/727/1 162/790/162 192/614/192
f 707/2930/707 829/2945/829 823/2952/823
f 1728/899/1728 1901/903/1901 1894/905/1894
f 164/774/164 165/987/165 39/937/39
f 166/742/166 164/774/164 39/937/39
f 823/2623/823 1627/2635/1627 781/2612/781
f 1042/2903/1042 1038/2899/1038 1059/2874/1059
f 1728/899/1728 1877/901/1877 1901/903/1901
f 1154/2459/1154 1293/2451/1293 1153/2491/1153
f 1986/562/1986 1973/764/1973 1980/711/1980
f 171/992/171 165/987/165 162/790/162
f 1231/2781/1231 1279/2767/1279 1221/2780/1221
f 170/982/170 171/992/171 162/790/162
f 169/1013/169 155/1007/155 39/937/39
f 722/1674/722 737/1663/737 853/1632/853
f 124/2989/124 152/2979/152 494/3013/494
f 169/1013/169 154/1035/154 156/1045/156
f 821/1225/821 854/1227/854 835/1233/835
f 155/1007/155 169/1013/169 156/1045/156
f 1984/710/1984 1793/477/1793 1988/721/1988
f 153/1027/153 165/987/165 171/992/171
f 1551/2776/1551 1539/2786/1539 1554/2803/1554
f 157/1029/157 153/1027/153 171/992/171
f 838/2146/838 876/2160/876 861/2127/861
f 1554/2523/1554 1426/2521/1426 1424/2550/1424
f 768/2035/768 783/2041/783 797/2055/797
f 874/452/874 876/438/876 839/455/839
f 153/1027/153 157/1029/157 158/1051/158
f 549/2690/549 554/2704/554 425/2703/425
f 156/1045/156 197/1070/197 52/1069/52
f 278/2693/278 111/2714/111 303/2687/303
f 242/2282/242 240/2298/240 241/2276/241
f 160/1072/160 197/1070/197 158/1051/158
f 175/1061/175 160/1072/160 158/1051/158
f 635/2666/635 1213/2651/1213 1123/2657/1123
f 52/1069/52 197/1070/197 177/1089/177
f 45/3024/45 434/3056/434 453/3033/453
f 196/1079/196 52/1069/52 177/1089/177
f 388/3451/388 391/3422/391 392/3460/392
f 827/2171/827 864/2187/864 859/2169/859
f 645/3438/645 545/3442/545 1135/3415/1135
f 1081/1620/1081 1062/1622/1062 1110/1607/1110
f 1119/2471/1119 1112/2504/1112 1109/2508/1109
f 200/1090/200 197/1070/197 160/1072/160
f 193/1086/193 200/1090/200 160/1072/160
f 168/1097/168 200/1090/200 201/1107/201
f 177/1089/177 168/1097/168 43/1106/43
f 42/1088/42 177/1089/177 43/1106/43
f 1209/1664/1209 1142/1659/1142 740/1693/740
f 1977/627/1977 1743/633/1743 1640/638/1640
f 1127/1633/1127 1103/1630/1103 1106/1605/1106
f 43/1106/43 168/1097/168 37/1118/37
f 1477/1272/1477 1408/1270/1408 1356/1277/1356
f 40/1104/40 43/1106/43 37/1118/37
f 274/2336/274 266/2365/266 243/2334/243
f 1964/642/1964 1679/640/1679 1720/644/1720
f 269/2636/269 260/2643/260 83/2622/83
f 265/2603/265 273/2608/273 285/2577/285
f 1944/478/1944 1993/425/1993 1880/445/1880
f 202/1117/202 167/1119/167 201/1107/201
f 837/1052/837 849/1057/849 745/1044/745
f 172/1131/172 167/1119/167 178/1133/178
f 183/1130/183 37/1118/37 44/1138/44
f 167/1119/167 202/1117/202 178/1133/178
f 1358/2231/1358 1332/2212/1332 1357/2232/1357
f 34/3212/34 508/3049/508 544/3045/544
f 868/2731/868 891/2715/891 916/2711/916
f 44/1138/44 161/1196/161 58/1255/58
f 34/3212/34 525/3071/525 526/3060/526
f 73/1144/73 44/1138/44 58/1255/58
f 159/1189/159 172/1131/172 178/1133/178
f 186/1146/186 159/1189/159 178/1133/178
f 194/1264/194 159/1189/159 173/1286/173
f 868/2731/868 916/2711/916 911/2717/911
f 939/3588/939 698/3582/698 978/3574/978
f 1940/413/1940 1994/394/1994 1998/373/1998
f 159/1189/159 186/1146/186 173/1286/173
f 58/1255/58 191/1360/191 199/1351/199
f 48/1279/48 58/1255/58 199/1351/199
f 1805/686/1805 1634/680/1634 1638/684/1638
f 1836/704/1836 1625/699/1625 1619/703/1619
f 198/1355/198 191/1360/191 173/1286/173
f 587/3116/587 655/3099/655 895/3114/895
f 1960/374/1960 1885/362/1885 1961/387/1961
f 1885/700/1885 1506/698/1506 1532/692/1532
f 190/1324/190 198/1355/198 173/1286/173
f 34/3212/34 523/3142/523 486/3113/486
f 191/1360/191 198/1355/198 226/1446/226
f 199/1351/199 191/1360/191 223/1475/223
f 51/1362/51 199/1351/199 223/1475/223
f 198/1355/198 225/1433/225 226/1446/226
f 34/3212/34 482/3152/482 519/3189/519
f 225/1433/225 207/1587/207 226/1446/226
f 203/1568/203 179/1564/179 226/1446/226
f 207/1587/207 203/1568/203 226/1446/226
f 586/3590/586 752/3592/752 561/3589/561
f 49/1653/49 184/1701/184 50/1727/50
f 54/1661/54 49/1653/49 50/1727/50
f 180/1698/180 179/1564/179 203/1568/203
f 187/1729/187 180/1698/180 185/1742/185
f 720/1676/720 719/1679/719 917/1640/917
f 675/3190/675 1029/3183/1029 935/3193/935
f 180/1698/180 182/1706/182 185/1742/185
f 50/1727/50 188/1743/188 217/1753/217
f 181/1720/181 50/1727/50 217/1753/217
f 1026/2269/1026 906/2260/906 932/2256/932
f 217/1753/217 174/1762/174 70/1779/70
f 601/3202/601 1270/3208/1270 1374/3197/1374
f 189/1780/189 174/1762/174 185/1742/185
f 991/2357/991 1054/2362/1054 1057/2372/1057
f 4/1768/4 189/1780/189 185/1742/185
f 220/1797/220 189/1780/189 195/1803/195
f 60/1787/60 70/1779/70 59/1810/59
f 358/3135/358 19/3121/19 364/3154/364
f 925/2249/925 1067/2228/1067 1054/2234/1054
f 189/1780/189 221/1799/221 195/1803/195
f 594/3586/594 751/3580/751 534/3577/534
f 1951/782/1951 1637/784/1637 1668/780/1668
f 1065/1740/1065 776/1737/776 1057/1725/1057
f 576/3228/576 594/3222/594 534/3235/534
f 59/1810/59 205/1827/205 62/1848/62
f 440/1805/440 59/1810/59 62/1848/62
f 227/1829/227 222/1811/222 195/1803/195
f 239/1825/239 227/1829/227 195/1803/195
f 1068/212/1068 965/238/965 1076/248/1076
f 971/1426/971 963/1436/963 1027/1412/1027
f 534/3577/534 556/3571/556 584/3572/584
f 961/1650/961 955/1688/955 947/1677/947
f 238/1863/238 204/1849/204 227/1829/227
f 5/1856/5 238/1863/238 227/1829/227
f 1727/810/1727 1600/812/1600 1601/816/1601
f 1280/1443/1280 1362/1431/1362 1218/1441/1218
f 244/1882/244 55/1874/55 62/1848/62
f 954/2818/954 949/2792/949 960/2799/960
f 251/1862/251 244/1882/244 62/1848/62
f 244/1882/244 235/1919/235 72/1909/72
f 253/1897/253 244/1882/244 72/1909/72
f 236/1910/236 215/1883/215 238/1863/238
f 210/1881/210 236/1910/236 238/1863/238
f 960/1265/960 949/1217/949 774/1297/774
f 1217/1449/1217 1218/1441/1218 1227/1452/1227
f 1697/132/1697 1811/180/1811 1802/162/1802
f 218/1944/218 65/1930/65 72/1909/72
f 235/1919/235 218/1944/218 72/1909/72
f 218/1944/218 211/1969/211 66/1991/66
f 234/1962/234 218/1944/218 66/1991/66
f 1285/2211/1285 1240/2220/1240 1248/2188/1248
f 214/1966/214 235/1919/235 236/1910/236
f 1734/833/1734 1691/838/1691 1587/840/1587
f 432/1952/432 214/1966/214 236/1910/236
f 403/228/403 346/246/346 142/288/142
f 1318/1359/1318 1262/1422/1262 1238/1394/1238
f 252/1995/252 214/1966/214 216/2012/216
f 1748/846/1748 1899/844/1899 1898/850/1898
f 1697/132/1697 1718/113/1718 1709/125/1709
f 1295/2180/1295 1285/2211/1285 1248/2188/1248
f 214/1966/214 254/2028/254 216/2012/216
f 1574/1994/1574 1434/1984/1434 762/1960/762
f 579/2875/579 566/2895/566 1569/2906/1569
f 66/1991/66 208/2034/208 71/2067/71
f 69/2007/69 66/1991/66 71/2067/71
f 623/2921/623 619/2889/619 615/2898/615
f 1686/1165/1686 1683/1188/1683 1685/1181/1685
f 1291/2713/1291 1194/2739/1194 1205/2723/1205
f 1284/3600/1284 1204/3601/1204 1291/3602/1291
f 206/2075/206 208/2034/208 216/2012/216
f 254/2028/254 206/2075/206 216/2012/216
f 71/2067/71 229/2104/229 56/2128/56
f 75/2085/75 71/2067/71 56/2128/56
f 1694/877/1694 1843/873/1843 1859/869/1859
f 1754/1172/1754 1526/1177/1526 1683/1188/1683
f 654/3340/654 656/3332/656 983/3327/983
f 1134/2885/1134 995/2851/995 1138/2861/1138
f 422/163/422 575/178/575 418/182/418
f 1812/119/1812 1799/75/1799 1807/93/1807
f 1988/721/1988 1942/872/1942 1991/889/1991
f 213/2134/213 229/2104/229 206/2075/206
f 566/2728/566 1454/2747/1454 1476/2745/1476
f 228/2126/228 213/2134/213 206/2075/206
f 68/2145/68 56/2128/56 81/2176/81
f 1729/41/1729 1803/108/1803 1810/102/1810
f 758/1407/758 1208/1397/1208 756/1466/756
f 212/2185/212 231/2181/231 213/2134/213
f 842/475/842 902/467/902 846/468/846
f 1278/1555/1278 1388/1553/1388 1260/1549/1260
f 1551/2956/1551 562/2942/562 620/2949/620
f 846/2139/846 722/2116/722 828/2109/828
f 81/2176/81 247/2203/247 67/2218/67
f 1215/1732/1215 1207/1754/1207 756/1747/756
f 127/94/127 316/130/316 123/120/123
f 78/2184/78 81/2176/81 67/2218/67
f 1215/2490/1215 1229/2444/1229 1207/2489/1207
f 275/2230/275 247/2203/247 231/2181/231
f 270/2221/270 275/2230/275 231/2181/231
f 632/3379/632 506/3396/506 627/3391/627
f 67/2218/67 237/2240/237 86/2255/86
f 77/2217/77 67/2218/67 86/2255/86
f 25/89/25 371/78/371 27/49/27
f 590/3389/590 672/3404/672 1283/3380/1283
f 473/3446/473 477/3392/477 499/3410/499
f 248/2257/248 275/2230/275 250/2263/250
f 1279/2813/1279 1147/2843/1147 1156/2809/1156
f 275/2230/275 8/2246/8 250/2263/250
f 1418/1802/1418 803/1788/803 804/1789/804
f 86/2255/86 242/2282/242 241/2276/241
f 1083/2645/1083 642/2638/642 1087/2629/1087
f 79/2261/79 86/2255/86 241/2276/241
f 1149/1584/1149 1164/1581/1164 1163/1570/1163
f 1147/2843/1147 1188/2860/1188 1162/2831/1162
f 256/2284/256 242/2282/242 250/2263/250
f 642/3407/642 507/3416/507 1107/3394/1107
f 255/2270/255 256/2284/256 250/2263/250
f 1096/1424/1096 767/1480/767 768/1490/768
f 1708/946/1708 1844/950/1844 1883/947/1883
f 1101/1675/1101 1173/1680/1173 768/1711/768
f 830/2388/830 832/2389/832 876/2424/876
f 240/2298/240 74/2289/74 241/2276/241
f 1066/2140/1066 1094/2112/1094 1028/2114/1028
f 1158/1601/1158 1161/1580/1161 1242/1589/1242
f 1944/478/1944 1929/618/1929 1943/508/1943
f 230/2307/230 242/2282/242 256/2284/256
f 426/3508/426 735/3504/735 645/3506/645
f 1730/963/1730 1865/973/1865 1869/975/1869
f 63/2318/63 263/2333/263 80/2345/80
f 47/3041/47 435/3080/435 434/3056/434
f 1700/966/1700 1869/975/1869 1864/977/1864
f 243/2334/243 249/2312/249 230/2307/230
f 274/2336/274 243/2334/243 230/2307/230
f 643/2383/643 583/2410/583 697/2395/697
f 851/2524/851 878/2536/878 836/2492/836
f 338/3384/338 363/3364/363 362/3354/362
f 266/2365/266 246/2360/246 243/2334/243
f 595/2546/595 744/2587/744 11/2527/11
f 88/2385/88 85/2363/85 80/2345/80
f 276/2377/276 88/2385/88 80/2345/80
f 583/2410/583 748/2453/748 697/2395/697
f 40/3073/40 41/3089/41 457/3105/457
f 267/2394/267 276/2377/276 246/2360/246
f 266/2365/266 267/2394/267 246/2360/246
f 661/2497/661 11/2527/11 748/2453/748
f 1339/2378/1339 1400/2407/1400 1358/2402/1358
f 1833/423/1833 1794/380/1794 1979/457/1979
f 279/2478/279 267/2394/267 280/2450/280
f 88/2385/88 279/2478/279 257/2474/257
f 89/2401/89 88/2385/88 257/2474/257
f 612/1110/612 502/1122/502 3/1124/3
f 257/2474/257 279/2478/279 261/2545/261
f 897/1582/897 732/1505/732 837/1507/837
f 454/2462/454 257/2474/257 261/2545/261
f 277/2511/277 279/2478/279 280/2450/280
f 259/2580/259 277/2511/277 285/2577/285
f 277/2511/277 264/2558/264 285/2577/285
f 261/2545/261 259/2580/259 262/2594/262
f 125/3074/125 466/3072/466 485/3127/485
f 87/2585/87 261/2545/261 262/2594/262
f 891/2715/891 831/2701/831 732/2702/732
f 860/341/860 912/331/912 857/360/857
f 87/2585/87 262/2594/262 83/2622/83
f 1471/3521/1471 1342/3523/1342 1399/3525/1399
f 273/2608/273 259/2580/259 285/2577/285
f 269/2636/269 273/2608/273 268/2633/268
f 744/3498/744 597/3500/597 550/3502/550
f 696/2355/696 274/2336/274 695/2338/695
f 273/2608/273 265/2603/265 268/2633/268
f 786/1865/786 1463/1845/1463 785/1844/785
f 651/2349/651 696/2355/696 695/2338/695
f 260/2643/260 300/2656/300 95/2668/95
f 872/2373/872 907/2374/907 865/2398/865
f 91/2646/91 260/2643/260 95/2668/95
f 1964/642/1964 1720/644/1720 1721/647/1721
f 313/2652/313 288/2658/288 268/2633/268
f 1411/2390/1411 1417/2392/1417 1472/2422/1472
f 47/3041/47 42/3059/42 435/3080/435
f 1979/457/1979 1796/420/1796 1985/492/1985
f 1711/957/1711 1895/972/1895 1730/963/1730
f 1711/957/1711 1857/965/1857 1856/968/1856
f 951/1054/951 942/1037/942 844/1038/844
f 95/2668/95 278/2693/278 303/2687/303
f 1112/1671/1112 767/1710/767 1109/1697/1109
f 297/2670/297 95/2668/95 303/2687/303
f 1939/619/1939 1480/622/1480 1582/620/1582
f 740/2009/740 755/2050/755 771/2033/771
f 702/1053/702 951/1054/951 844/1038/844
f 1705/955/1705 1875/964/1875 1861/960/1861
f 291/2682/291 290/2672/290 288/2658/288
f 1127/1633/1127 1106/1605/1106 1187/1609/1187
f 12/2684/12 291/2682/291 288/2658/288
f 278/2693/278 291/2682/291 299/2706/299
f 291/2682/291 12/2684/12 299/2706/299
f 111/2714/111 92/2699/92 303/2687/303
f 549/2690/549 425/2703/425 688/2683/688
f 451/3032/451 145/3014/145 480/3047/480
f 145/3014/145 517/3010/517 480/3047/480
f 450/3455/450 473/3446/473 499/3410/499
f 642/2638/642 1176/2619/1176 1087/2629/1087
f 590/3389/590 638/3397/638 672/3404/672
f 117/2725/117 111/2714/111 110/2748/110
f 27/49/27 397/65/397 370/30/370
f 286/2733/286 287/2721/287 299/2706/299
f 1982/594/1982 1838/596/1838 1662/599/1662
f 1988/721/1988 1987/479/1987 1996/696/1996
f 294/2720/294 286/2733/286 299/2706/299
f 296/2749/296 286/2733/286 284/2758/284
f 1724/914/1724 1851/912/1851 1707/906/1707
f 1982/594/1982 1664/586/1664 1654/590/1654
f 1561/2772/1561 1551/2776/1551 1555/2794/1555
f 1806/909/1806 1776/917/1776 1902/919/1902
f 110/2748/110 296/2749/296 112/2783/112
f 622/86/622 620/99/620 25/89/25
f 97/2750/97 110/2748/110 112/2783/112
f 677/2968/677 490/2953/490 657/2939/657
f 1293/2451/1293 1215/2490/1215 1153/2491/1153
f 79/3426/79 433/3435/433 437/3398/437
f 1208/1397/1208 800/1471/800 756/1466/756
f 1788/896/1788 1741/900/1741 1733/897/1733
f 1984/710/1984 1969/841/1969 1976/663/1976
f 1388/1553/1388 1281/1550/1281 1254/1538/1254
f 283/2784/283 296/2749/296 284/2758/284
f 293/2790/293 283/2784/283 284/2758/284
f 1443/1201/1443 1560/1197/1560 1444/1208/1444
f 295/2808/295 283/2784/283 289/2817/289
f 283/2784/283 293/2790/293 289/2817/289
f 140/137/140 366/158/366 143/168/143
f 322/2840/322 308/2902/308 319/2882/319
f 106/2850/106 322/2840/322 319/2882/319
f 1683/2409/1683 1645/2428/1645 1538/2443/1538
f 321/2871/321 325/2845/325 289/2817/289
f 292/2859/292 321/2871/321 289/2817/289
f 319/2882/319 308/2902/308 109/2923/109
f 623/2921/623 575/2904/575 647/2920/647
f 75/3357/75 76/3366/76 439/3347/439
f 1923/860/1923 1897/859/1897 1703/863/1703
f 660/2913/660 663/2886/663 1635/2915/1635
f 317/2925/317 308/2902/308 321/2871/321
f 1927/547/1927 1930/540/1930 1912/536/1912
f 342/2937/342 317/2925/317 321/2871/321
f 109/2923/109 328/2954/328 90/2975/90
f 441/2951/441 109/2923/109 90/2975/90
f 317/2925/317 342/2937/342 318/2965/318
f 432/1952/432 254/2028/254 214/1966/214
f 998/1501/998 1014/1504/1014 974/1503/974
f 90/2975/90 314/2997/314 100/3017/100
f 103/2980/103 90/2975/90 100/3017/100
f 1748/846/1748 1587/840/1587 1899/844/1899
f 281/2996/281 314/2997/314 318/2965/318
f 314/2997/314 281/2996/281 282/3035/282
f 6/1912/6 432/1952/432 236/1910/236
f 281/2996/281 306/3020/306 282/3035/282
f 1233/2661/1233 1234/2676/1234 1288/2663/1288
f 664/2583/664 1122/2576/1122 1005/2559/1005
f 637/1887/637 640/1908/640 401/1901/401
f 298/3046/298 104/3037/104 100/3017/100
f 309/3034/309 298/3046/298 100/3017/100
f 788/2013/788 1290/2037/1290 1288/2053/1288
f 298/3046/298 359/3078/359 120/3075/120
f 105/3063/105 298/3046/298 120/3075/120
f 901/2386/901 957/2403/957 961/2423/961
f 963/2224/963 937/2206/937 1068/2213/1068
f 1831/800/1831 1597/809/1597 1727/810/1727
f 1955/188/1955 1787/166/1787 1696/177/1696
f 311/3076/311 359/3078/359 282/3035/282
f 312/3052/312 311/3076/311 282/3035/282
f 359/3078/359 311/3076/311 336/3104/336
f 120/3075/120 359/3078/359 307/3098/307
f 438/3269/438 57/3272/57 493/3277/493
f 584/3247/584 1368/3256/1368 1272/3243/1272
f 311/3076/311 15/3087/15 336/3104/336
f 724/2010/724 759/2003/759 1286/2046/1286
f 307/3098/307 365/3136/365 368/3118/368
f 1747/206/1747 1915/215/1915 1832/195/1832
f 358/3135/358 365/3136/365 336/3104/336
f 19/3121/19 358/3135/358 336/3104/336
f 365/3136/365 358/3135/358 364/3154/364
f 332/3149/332 101/3130/101 368/3118/368
f 1276/513/1276 1258/697/1258 1275/634/1275
f 1276/2316/1276 1275/2292/1275 759/2301/759
f 365/3136/365 332/3149/332 368/3118/368
f 332/3149/332 302/3160/302 93/3177/93
f 472/3158/472 332/3149/332 93/3177/93
f 972/1120/972 928/1112/928 719/1108/719
f 594/3140/594 533/3162/533 753/3168/753
f 915/1384/915 914/1388/914 925/1387/925
f 920/1374/920 899/1379/899 925/1387/925
f 335/3178/335 302/3160/302 364/3154/364
f 4/1768/4 185/1742/185 219/1741/219
f 320/3179/320 335/3178/335 364/3154/364
f 324/3191/324 335/3178/335 345/3199/345
f 93/3177/93 324/3191/324 99/3204/99
f 1268/1993/1268 798/1999/798 1335/2029/1335
f 920/1374/920 925/1387/925 906/1372/906
f 335/3178/335 320/3179/320 345/3199/345
f 478/3198/478 518/3229/518 468/3234/468
f 99/3204/99 315/3215/315 115/3226/115
f 483/3201/483 99/3204/99 115/3226/115
f 21/3196/21 334/3213/334 345/3199/345
f 1333/819/1333 1307/847/1307 1326/759/1326
f 1021/1356/1021 999/1361/999 1026/1363/1026
f 301/3216/301 341/3205/341 345/3199/345
f 334/3213/334 301/3216/301 345/3199/345
f 1326/2025/1326 1319/2063/1319 789/2020/789
f 1349/1348/1349 1304/1345/1304 1348/1340/1348
f 1963/729/1963 1632/726/1632 1621/731/1621
f 133/3246/133 115/3226/115 119/3248/119
f 602/1448/602 542/1567/542 703/1536/703
f 305/3241/305 304/3230/304 301/3216/301
f 20/3233/20 305/3241/305 301/3216/301
f 119/3248/119 329/3253/329 122/3262/122
f 1319/2063/1319 799/2047/799 789/2020/789
f 133/3246/133 119/3248/119 122/3262/122
f 1297/1333/1297 1294/1329/1294 1298/1330/1298
f 1957/338/1957 1941/345/1941 1885/362/1885
f 333/3265/333 329/3253/329 305/3241/305
f 739/1639/739 1023/1561/1023 689/1525/689
f 733/1785/733 884/1756/884 739/1775/739
f 340/3255/340 333/3265/333 305/3241/305
f 122/3262/122 376/3276/376 383/3284/383
f 121/3270/121 122/3262/122 383/3284/383
f 882/1321/882 931/1325/931 919/1328/919
f 1765/287/1765 1796/420/1796 1794/380/1794
f 485/3127/485 523/3142/523 524/3169/524
f 383/3284/383 337/3289/337 129/3302/129
f 355/3288/355 376/3276/376 333/3265/333
f 331/3305/331 355/3288/355 357/3309/357
f 355/3288/355 395/3283/395 357/3309/357
f 129/3302/129 377/3330/377 130/3325/130
f 458/3316/458 129/3302/129 130/3325/130
f 1339/2378/1339 1351/2387/1351 1352/2371/1352
f 458/3316/458 130/3325/130 118/3346/118
f 356/3329/356 377/3330/377 357/3309/357
f 380/3343/380 356/3329/356 357/3309/357
f 377/3330/377 356/3329/356 362/3354/362
f 907/367/907 860/341/860 857/360/857
f 356/3329/356 380/3343/380 362/3354/362
f 125/3074/125 455/3062/455 466/3072/466
f 653/2366/653 643/2383/643 697/2395/697
f 1332/2092/1332 1463/2071/1463 786/2065/786
f 1852/645/1852 1498/646/1498 1497/643/1497
f 23/3386/23 338/3384/338 362/3354/362
f 1282/1636/1282 1187/1609/1187 1200/1617/1200
f 1472/842/1472 1331/749/1331 1465/754/1465
f 327/3402/327 455/3395/455 360/3371/360
f 1730/963/1730 1895/972/1895 1865/973/1865
f 373/3403/373 327/3402/327 360/3371/360
f 1977/627/1977 1640/638/1640 1964/642/1964
f 1700/966/1700 1862/978/1862 1867/976/1867
f 455/3395/455 327/3402/327 349/3448/349
f 313/2652/313 12/2684/12 288/2658/288
f 391/3422/391 373/3403/373 338/3384/338
f 375/3440/375 391/3422/391 338/3384/338
f 1010/1261/1010 1012/1263/1012 872/1267/872
f 1944/478/1944 1939/495/1939 1938/511/1938
f 1361/1251/1361 1360/1247/1360 1377/1250/1377
f 391/3422/391 375/3440/375 392/3460/392
f 349/3448/349 408/3464/408 114/3468/114
f 1141/2911/1141 1072/2935/1072 775/2905/775
f 764/1975/764 1078/1989/1078 775/2019/775
f 390/3461/390 349/3448/349 114/3468/114
f 820/1246/820 862/1248/862 832/1252/832
f 390/19/390 114/17/114 353/34/353
f 330/27/330 370/30/370 392/7/392
f 353/34/353 398/43/398 146/61/146
f 452/3465/452 462/3427/462 461/3419/461
f 546/35/546 626/50/626 746/53/746
f 1100/1964/1100 1170/1968/1170 765/1996/765
f 1147/2843/1147 1162/2831/1162 1156/2809/1156
f 1522/760/1522 1387/667/1387 1521/690/1521
f 1156/1416/1156 1162/1421/1162 777/1484/777
f 1420/2438/1420 1682/2405/1682 1522/2439/1522
f 825/2637/825 843/2605/843 883/2625/883
f 1175/2147/1175 1028/2114/1028 1177/2149/1177
f 397/65/397 398/43/398 370/30/370
f 344/77/344 397/65/397 371/78/371
f 672/3404/672 1148/3390/1148 1283/3380/1283
f 146/61/146 344/77/344 127/94/127
f 128/82/128 146/61/146 127/94/127
f 627/2247/627 9/2267/9 701/2237/701
f 598/70/598 622/86/622 25/89/25
f 1533/2072/1533 1438/2044/1438 801/2032/801
f 421/3566/421 620/3565/620 562/3563/562
f 694/1927/694 728/1947/728 721/1965/721
f 1806/909/1806 1775/908/1775 1890/911/1890
f 443/3424/443 476/3401/476 477/3392/477
f 647/2920/647 621/2931/621 1429/2943/1429
f 128/82/128 127/94/127 123/120/123
f 492/2962/492 148/2973/148 464/3005/464
f 781/1031/781 1583/1023/1583 853/1017/853
f 1913/637/1913 1983/815/1983 1996/696/1996
f 382/116/382 347/96/347 371/78/371
f 28/106/28 382/116/382 371/78/371
f 657/775/657 490/864/490 709/743/709
f 498/3420/498 540/3356/540 481/3428/481
f 123/120/123 316/130/316 140/137/140
f 461/3419/461 510/3351/510 437/3398/437
f 1421/999/1421 808/935/808 824/924/824
f 1996/696/1996 1927/849/1927 1942/872/1942
f 1807/93/1807 1799/75/1799 1728/58/1728
f 366/158/366 354/141/354 352/165/352
f 1812/119/1812 1814/91/1814 1799/75/1799
f 152/138/152 140/137/140 143/168/143
f 460/3382/460 78/3387/78 474/3373/474
f 354/141/354 326/134/326 352/165/352
f 1748/846/1748 1701/854/1701 1923/860/1923
f 474/3373/474 512/3335/512 528/3321/528
f 659/2891/659 619/2889/619 623/2921/623
f 615/190/615 619/204/619 418/182/418
f 143/168/143 407/183/407 141/193/141
f 1571/1156/1571 1567/1158/1567 1685/1181/1685
f 405/187/405 143/168/143 141/193/141
f 1407/1151/1407 1414/1170/1414 1415/1176/1415
f 387/184/387 379/169/379 352/165/352
f 400/181/400 387/184/387 352/165/352
f 568/2879/568 567/2878/567 659/2891/659
f 1575/1150/1575 1572/1152/1572 1495/1174/1495
f 663/411/663 428/422/428 741/389/741
f 29/209/29 399/217/399 387/184/387
f 399/217/399 412/214/412 387/184/387
f 1015/3312/1015 664/3295/664 953/3306/953
f 346/246/346 403/228/403 141/193/141
f 346/246/346 343/279/343 142/288/142
f 412/214/412 346/246/346 141/193/141
f 142/288/142 374/325/374 138/316/138
f 406/269/406 412/214/412 399/217/399
f 1922/147/1922 1812/119/1812 1837/153/1837
f 641/1934/641 424/1974/424 401/1901/401
f 1789/836/1789 1674/834/1674 1673/831/1673
f 578/313/578 723/332/723 26/292/26
f 1233/2661/1233 1235/2680/1235 1234/2676/1234
f 1922/147/1922 1734/139/1734 1748/124/1748
f 773/3554/773 570/3550/570 558/3558/558
f 351/305/351 343/279/343 406/269/406
f 411/277/411 351/305/351 406/269/406
f 378/346/378 471/342/471 138/316/138
f 1025/2839/1025 1005/2838/1005 1048/2810/1048
f 563/3546/563 687/3547/687 579/3548/579
f 402/358/402 374/325/374 348/333/348
f 456/3317/456 521/3300/521 449/3349/449
f 32/311/32 351/305/351 411/277/411
f 33/365/33 687/352/687 741/389/741
f 33/365/33 402/358/402 416/344/416
f 351/305/351 32/311/32 348/333/348
f 103/3322/103 113/3310/113 475/3281/475
f 374/325/374 378/346/378 138/316/138
f 378/346/378 369/378/369 139/375/139
f 33/365/33 723/332/723 687/352/687
f 471/342/471 378/346/378 139/375/139
f 416/344/416 402/358/402 348/333/348
f 139/375/139 369/378/369 134/393/134
f 396/370/396 139/375/139 134/393/134
f 394/402/394 367/392/367 402/358/402
f 394/402/394 413/429/413 367/392/367
f 134/393/134 414/415/414 151/426/151
f 149/396/149 134/393/134 151/426/151
f 1709/845/1709 1758/839/1758 1789/836/1789
f 413/429/413 414/415/414 367/392/367
f 393/446/393 413/429/413 386/454/386
f 151/426/151 393/446/393 137/463/137
f 413/429/413 385/458/385 386/454/386
f 137/463/137 404/486/404 409/494/409
f 492/461/492 137/463/137 409/494/409
f 389/487/389 410/464/410 386/454/386
f 385/458/385 389/487/389 386/454/386
f 1704/867/1704 1735/865/1735 1731/862/1731
f 1495/2415/1495 1538/2443/1538 1565/2449/1565
f 1969/548/1969 1920/541/1920 1828/543/1828
f 660/2671/660 1635/2678/1635 1519/2662/1519
f 1694/877/1694 1737/881/1737 1842/879/1842
f 1928/574/1928 1767/572/1767 1768/569/1768
f 467/2974/467 126/2967/126 496/3002/496
f 1438/1776/1438 824/1745/824 808/1757/808
f 1148/2754/1148 673/2740/673 1147/2746/1147
f 1088/2910/1088 1160/2918/1160 721/2890/721
f 836/2692/836 702/2679/702 849/2691/849
f 458/3110/458 116/3091/116 485/3127/485
f 896/1296/896 880/1300/880 869/1301/869
f 1369/1913/1369 787/1914/787 799/1948/799
f 708/1719/708 703/1536/703 676/1673/676
f 676/3475/676 542/3481/542 543/3483/543
f 18/3153/18 320/3179/320 364/3154/364
f 1067/216/1067 1076/248/1076 1054/229/1054
f 468/3234/468 518/3229/518 520/3258/520
f 53/3260/53 438/3269/438 448/3249/448
f 1372/488/1372 1366/588/1366 1383/491/1383
f 1831/800/1831 1598/795/1598 1612/798/1612
f 1747/206/1747 1831/185/1831 1738/179/1738
f 1280/1443/1280 1225/1439/1225 1362/1431/1362
f 1336/2846/1336 580/2837/580 1233/2869/1233
f 984/2202/984 1009/2173/1009 1019/2183/1019
f 254/2028/254 424/1974/424 668/2031/668
f 666/2091/666 254/2028/254 668/2031/668
f 1630/2562/1630 1557/2529/1557 1556/2560/1556
f 1969/548/1969 1825/550/1825 1916/552/1916
f 1657/1193/1657 1614/1195/1614 1646/1205/1646
f 1186/2120/1186 1260/2124/1260 1256/2094/1256
f 818/1210/818 848/1212/848 888/1222/888
f 554/2704/554 638/2719/638 425/2703/425
f 596/3413/596 645/3438/645 1198/3412/1198
f 274/2336/274 681/2310/681 695/2338/695
f 908/2351/908 860/2352/860 907/2374/907
f 643/3447/643 635/3437/635 583/3453/583
f 1330/1288/1330 1325/1284/1325 1339/1293/1339
f 11/2527/11 697/2395/697 748/2453/748
f 1339/2378/1339 1356/2384/1356 1400/2407/1400
f 612/3051/612 851/3054/851 978/3069/978
f 10/2413/10 258/2486/258 280/2450/280
f 1356/2384/1356 1411/2390/1411 1472/2422/1472
f 1708/946/1708 1871/954/1871 1840/952/1840
f 255/2270/255 232/2302/232 256/2284/256
f 1978/617/1978 1660/611/1660 1659/613/1659
f 506/3396/506 1107/3394/1107 650/3409/650
f 1085/1429/1085 1088/1417/1088 765/1495/765
f 742/2735/742 294/2720/294 425/2703/425
f 1929/597/1929 1688/598/1688 1580/595/1580
f 1722/920/1722 1893/922/1893 1782/926/1782
f 420/2779/420 742/2735/742 665/2765/665
f 1022/2626/1022 632/2620/632 1042/2604/1042
f 1814/875/1814 1900/870/1900 1892/874/1892
f 757/1846/757 975/1866/975 763/1859/763
f 1098/2209/1098 1104/2192/1104 948/2199/948
f 253/3299/253 65/3311/65 446/3315/446
f 1068/212/1068 901/237/901 965/238/965
f 754/3125/754 683/3088/683 751/3111/751
f 1313/2596/1313 1396/2600/1396 1335/2607/1335
f 207/1587/207 182/1706/182 203/1568/203
f 895/2493/895 868/2465/868 940/2466/940
f 1940/413/1940 1998/373/1998 1960/374/1960
f 881/2675/881 951/2664/951 702/2679/702
f 1128/1625/1128 1171/1623/1171 1106/1605/1106
f 1715/962/1715 1866/967/1866 1705/955/1705
f 494/3013/494 496/3002/496 526/3060/526
f 1706/940/1706 1774/939/1774 1771/942/1771
f 826/1041/826 782/1025/782 730/1026/730
f 35/2977/35 166/2985/166 459/3015/459
f 1221/1396/1221 1223/1477/1223 1219/1404/1219
f 1150/299/1150 1256/318/1256 1293/320/1293
f 1131/1542/1131 1124/1544/1124 1102/1537/1102
f 418/182/418 31/152/31 422/163/422
f 1284/2825/1284 1291/2844/1291 1318/2855/1318
f 1718/855/1718 1676/851/1676 1763/848/1763
f 1084/1486/1084 984/1491/984 1098/1468/1098
f 1697/132/1697 1789/136/1789 1953/161/1953
f 1016/1377/1016 1048/1312/1048 718/1343/718
f 1252/1814/1252 794/1831/794 784/1801/784
f 580/2837/580 1235/2854/1235 1233/2869/1233
f 551/451/551 713/480/713 423/443/423
f 1489/1000/1489 1421/999/1421 824/924/824
f 1133/1548/1133 1056/1552/1056 1044/1547/1044
f 823/2623/823 829/2640/829 1627/2635/1627
f 1980/581/1980 1745/578/1745 1845/580/1845
f 28/106/28 371/78/371 25/89/25
f 433/3435/433 74/3444/74 437/3398/437
f 929/1234/929 809/1237/809 830/1243/830
f 330/27/330 431/9/431 726/21/726
f 726/3471/726 431/3466/431 375/3440/375
f 862/1248/862 866/1253/866 832/1252/832
f 1985/492/1985 1978/498/1978 1979/457/1979
f 1985/492/1985 1796/420/1796 1791/441/1791
f 183/3107/183 73/3120/73 442/3145/442
f 1974/385/1974 1906/399/1906 1805/379/1805
f 611/3128/611 604/3134/604 1353/3138/1353
f 1313/1121/1313 1335/1137/1335 1403/1126/1403
f 21/3196/21 320/3179/320 753/3168/753
f 753/3168/753 320/3179/320 18/3153/18
f 971/1426/971 970/1430/970 963/1436/963
f 475/3281/475 520/3258/520 548/3280/548
f 968/2561/968 967/2530/967 954/2540/954
f 401/1901/401 6/1912/6 210/1881/210
f 1008/2593/1008 953/2590/953 1025/2566/1025
f 1410/641/1410 1467/624/1467 1469/509/1469
f 1760/1169/1760 1754/1172/1754 1683/1188/1683
f 342/2937/342 292/2859/292 419/2884/419
f 1969/548/1969 1828/543/1828 1829/545/1829
f 462/3427/462 516/3361/516 536/3359/536
f 1045/1554/1045 1051/1556/1051 1044/1547/1044
f 13/2757/13 294/2720/294 742/2735/742
f 865/408/865 943/381/943 864/397/864
f 1450/2099/1450 1463/2071/1463 1332/2092/1332
f 1183/2901/1183 1115/2927/1115 1129/2900/1129
f 1931/584/1931 1671/577/1671 1755/575/1755
f 770/1460/770 1157/1390/1157 716/1464/716
f 1236/1496/1236 1285/1470/1285 1295/1500/1295
f 982/1494/982 981/1498/981 984/1491/984
f 1368/2835/1368 1336/2846/1336 1296/2870/1296
f 905/1751/905 955/1777/955 949/1772/949
f 1831/800/1831 1610/803/1610 1594/805/1594
f 1790/796/1790 1762/802/1762 1542/797/1542
f 34/3212/34 491/3266/491 529/3304/529
f 1337/1366/1337 1344/1357/1344 1259/1375/1259
f 1442/1078/1442 799/1085/799 787/1067/787
f 958/1311/958 980/1318/980 869/1301/869
f 1357/2232/1357 1332/2212/1332 1347/2214/1347
f 1399/2535/1399 812/2564/812 1453/2542/1453
f 1708/946/1708 1840/952/1840 1844/950/1844
f 501/2991/501 509/3053/509 530/3048/530
f 1247/2881/1247 1096/2867/1096 1188/2860/1188
f 1085/2908/1085 1087/2929/1087 1088/2910/1088
f 1177/2149/1177 1028/2114/1028 1095/2125/1095
f 1982/594/1982 1654/590/1654 1643/593/1643
f 1277/1559/1277 1260/1549/1260 1186/1557/1186
f 1665/1186/1665 1646/1205/1646 1645/1198/1645
f 1201/1770/1201 766/1783/766 1180/1763/1180
f 385/458/385 372/512/372 389/487/389
f 1991/530/1991 1924/520/1924 1914/517/1914
f 394/402/394 385/458/385 413/429/413
f 33/365/33 394/402/394 402/358/402
f 449/3349/449 521/3300/521 538/3319/538
f 1104/219/1104 1019/210/1019 1108/241/1108
f 65/3311/65 234/3326/234 446/3315/446
f 1019/210/1019 1032/242/1032 1108/241/1108
f 32/311/32 416/344/416 348/333/348
f 29/209/29 411/277/411 399/217/399
f 29/209/29 387/184/387 400/181/400
f 30/164/30 400/181/400 352/165/352
f 997/2178/997 1102/2175/1102 986/2153/986
f 1788/896/1788 1733/897/1733 1850/893/1850
f 1429/2773/1429 1561/2772/1561 1555/2794/1555
f 36/2998/36 453/3033/453 459/3015/459
f 1162/1421/1162 1188/1403/1188 783/1481/783
f 431/9/431 330/27/330 392/7/392
f 849/1057/849 702/1053/702 745/1044/745
f 380/3343/380 23/3386/23 362/3354/362
f 1870/658/1870 1485/652/1485 1499/649/1499
f 22/3308/22 380/3343/380 357/3309/357
f 22/3308/22 357/3309/357 395/3283/395
f 734/1611/734 733/1592/733 911/1512/911
f 340/3255/340 395/3283/395 333/3265/333
f 919/2300/919 988/2288/988 893/2295/893
f 20/3233/20 340/3255/340 305/3241/305
f 879/2755/879 689/2732/689 1023/2741/1023
f 20/3233/20 301/3216/301 334/3213/334
f 727/1662/727 917/1640/917 1023/1561/1023
f 1308/1352/1308 1349/1348/1349 1348/1340/1348
f 21/3196/21 345/3199/345 320/3179/320
f 18/3153/18 364/3154/364 19/3121/19
f 15/3087/15 19/3121/19 336/3104/336
f 1287/1435/1287 1390/1432/1390 1362/1431/1362
f 637/3271/637 636/3252/636 968/3257/968
f 15/3087/15 311/3076/311 312/3052/312
f 555/1847/555 625/1867/625 415/1864/415
f 948/207/948 1104/219/1104 957/233/957
f 1227/2236/1227 1372/2252/1372 1240/2220/1240
f 306/3020/306 312/3052/312 282/3035/282
f 579/334/579 687/352/687 723/332/723
f 16/2981/16 318/2965/318 342/2937/342
f 983/2599/983 1008/2593/1008 1000/2579/1000
f 1295/2180/1295 1320/2167/1320 1314/2152/1314
f 436/3345/436 75/3357/75 446/3315/446
f 1572/1152/1572 1568/1154/1568 1495/1174/1495
f 292/2859/292 342/2937/342 321/2871/321
f 293/2790/293 292/2859/292 289/2817/289
f 13/2757/13 293/2790/293 284/2758/284
f 649/2970/649 620/2949/620 622/2969/622
f 1522/760/1522 1427/724/1427 1387/667/1387
f 13/2757/13 284/2758/284 294/2720/294
f 652/2992/652 622/2969/622 598/2971/598
f 507/2296/507 589/2305/589 681/2310/681
f 1120/1616/1120 1246/1614/1246 1117/1598/1117
f 1463/1845/1463 779/1830/779 785/1844/785
f 1943/508/1943 1992/460/1992 1989/444/1989
f 265/2603/265 313/2652/313 268/2633/268
f 264/2558/264 265/2603/265 285/2577/285
f 10/2413/10 267/2394/267 266/2365/266
f 1155/1414/1155 1141/1428/1141 771/1488/771
f 672/3404/672 554/3408/554 549/3417/549
f 1175/2147/1175 1066/2140/1066 1028/2114/1028
f 8/2246/8 255/2270/255 250/2263/250
f 1750/52/1750 1712/16/1712 1713/42/1713
f 8/2246/8 275/2230/275 270/2221/270
f 842/2421/842 888/2399/888 885/2436/885
f 819/1207/819 888/1222/888 842/1213/842
f 212/2185/212 270/2221/270 231/2181/231
f 1509/2412/1509 1410/2445/1410 1490/2452/1490
f 254/2028/254 228/2126/228 206/2075/206
f 1927/547/1927 1909/542/1909 1930/540/1930
f 6/1912/6 236/1910/236 210/1881/210
f 954/2818/954 960/2799/960 1005/2838/1005
f 5/1856/5 210/1881/210 238/1863/238
f 5/1856/5 227/1829/227 239/1825/239
f 221/1799/221 239/1825/239 195/1803/195
f 576/3562/576 1272/3569/1272 1274/3567/1274
f 759/2003/759 760/2001/760 761/2039/761
f 4/1768/4 221/1799/221 189/1780/189
f 182/1706/182 219/1741/219 185/1742/185
f 689/2732/689 868/2731/868 669/2724/669
f 631/3274/631 591/3292/591 693/3296/693
f 186/1146/186 190/1324/190 173/1286/173
f 485/3127/485 486/3113/486 523/3142/523
f 1967/654/1967 1717/660/1717 1716/662/1716
f 193/1086/193 202/1117/202 201/1107/201
f 1977/627/1977 1656/626/1656 1652/630/1652
f 1110/2123/1110 1200/2117/1200 1121/2090/1121
f 1179/1608/1179 1242/1589/1242 1224/1593/1224
f 157/1029/157 175/1061/175 158/1051/158
f 1445/1203/1445 1443/1201/1443 1444/1208/1444
f 1/727/1 170/982/170 162/790/162
f 1/727/1 192/614/192 372/512/372
f 148/2973/148 35/2977/35 459/3015/459
f 148/2973/148 459/3015/459 464/3005/464
f 166/2985/166 36/2998/36 459/3015/459
f 522/2986/522 501/2991/501 530/3048/530
f 155/3012/155 45/3024/45 453/3033/453
f 45/3024/45 47/3041/47 434/3056/434
f 859/1643/859 844/1529/844 942/1546/942
f 1468/1254/1468 1361/1251/1361 1417/1260/1417
f 858/2557/858 863/2571/863 951/2538/951
f 494/3013/494 526/3060/526 525/3071/525
f 671/2323/671 651/2349/651 695/2338/695
f 42/3059/42 40/3073/40 435/3080/435
f 40/3073/40 457/3105/457 435/3080/435
f 502/3068/502 612/3051/612 978/3069/978
f 1340/1290/1340 1330/1288/1330 1339/1293/1339
f 41/3089/41 183/3107/183 457/3105/457
f 1936/670/1936 1496/665/1496 1494/661/1494
f 183/3107/183 442/3145/442 457/3105/457
f 73/3120/73 48/3139/48 442/3145/442
f 48/3139/48 51/3155/51 442/3145/442
f 51/3155/51 430/3172/430 445/3186/445
f 51/3155/51 445/3186/445 442/3145/442
f 587/3116/587 599/3147/599 602/3143/602
f 430/3172/430 46/3185/46 445/3186/445
f 1007/1349/1007 1011/1353/1011 988/1346/988
f 54/3194/54 181/3210/181 447/3219/447
f 54/3194/54 447/3219/447 445/3186/445
f 181/3210/181 61/3227/61 447/3219/447
f 1765/287/1765 1798/240/1798 1815/308/1815
f 34/3212/34 488/3225/488 491/3266/491
f 61/3227/61 60/3240/60 448/3249/448
f 61/3227/61 448/3249/448 447/3219/447
f 60/3240/60 440/3250/440 448/3249/448
f 440/3250/440 53/3260/53 448/3249/448
f 556/3079/556 532/3092/532 683/3088/683
f 438/3269/438 493/3277/493 448/3249/448
f 1065/1699/1065 973/1666/973 947/1677/947
f 954/2818/954 967/2804/967 949/2792/949
f 57/3272/57 55/3287/55 493/3277/493
f 55/3287/55 253/3299/253 493/3277/493
f 253/3299/253 446/3315/446 493/3277/493
f 234/3326/234 69/3336/69 446/3315/446
f 69/3336/69 436/3345/436 446/3315/446
f 1008/3320/1008 666/3334/666 511/3323/511
f 1434/1984/1434 1528/1972/1528 815/1954/815
f 1990/539/1990 1919/533/1919 1926/537/1926
f 75/3357/75 439/3347/439 446/3315/446
f 76/3366/76 68/3377/68 439/3347/439
f 1508/1171/1508 1510/1168/1510 1509/1191/1509
f 460/3382/460 474/3373/474 439/3347/439
f 68/3377/68 460/3382/460 439/3347/439
f 78/3387/78 77/3399/77 474/3373/474
f 77/3399/77 84/3411/84 474/3373/474
f 84/3411/84 79/3426/79 437/3398/437
f 84/3411/84 437/3398/437 474/3373/474
f 1722/920/1722 1780/928/1780 1769/931/1769
f 64/3456/64 98/3462/98 461/3419/461
f 64/3456/64 461/3419/461 437/3398/437
f 843/1036/843 853/1017/853 782/1025/782
f 643/3447/643 1091/3418/1091 1213/3423/1213
f 98/3462/98 452/3465/452 461/3419/461
f 452/3465/452 89/3470/89 462/3427/462
f 517/3010/517 494/3013/494 525/3071/525
f 89/3470/89 454/3473/454 462/3427/462
f 825/2637/825 883/2625/883 826/2642/826
f 822/2589/822 825/2563/825 863/2571/863
f 454/3473/454 82/3472/82 481/3428/481
f 607/3378/607 684/3425/684 682/3370/682
f 878/2536/878 881/2515/881 836/2492/836
f 878/3039/878 610/3040/610 484/3026/484
f 82/3472/82 469/3469/469 481/3428/481
f 469/3469/469 498/3420/498 481/3428/481
f 1179/1608/1179 1178/1604/1178 1242/1589/1242
f 469/3469/469 470/3463/470 498/3420/498
f 1363/2204/1363 1418/2179/1418 1354/2190/1354
f 470/3463/470 91/3458/91 499/3410/499
f 470/3463/470 499/3410/499 498/3420/498
f 1035/1583/1035 1250/1585/1250 1175/1579/1175
f 91/3458/91 450/3455/450 499/3410/499
f 650/3493/650 505/3478/505 506/3489/506
f 473/3446/473 92/3436/92 477/3392/477
f 1092/1576/1092 1177/1572/1177 1063/1558/1063
f 92/3436/92 443/3424/443 477/3392/477
f 1603/2440/1603 842/2421/842 846/2448/846
f 97/3405/97 479/3388/479 500/3360/500
f 97/3405/97 500/3360/500 476/3401/476
f 479/3388/479 107/3376/107 500/3360/500
f 654/3340/654 514/3352/514 656/3332/656
f 107/3376/107 106/3367/106 449/3349/449
f 107/3376/107 449/3349/449 500/3360/500
f 1510/1168/1510 1475/1183/1475 1509/1191/1509
f 609/2932/609 564/2916/564 606/2907/606
f 1942/538/1942 1911/523/1911 1910/521/1910
f 94/3344/94 456/3317/456 449/3349/449
f 94/3344/94 441/3331/441 456/3317/456
f 441/3331/441 103/3322/103 456/3317/456
f 1734/833/1734 1599/835/1599 1691/838/1691
f 103/3322/103 475/3281/475 456/3317/456
f 1222/1462/1222 1226/1458/1226 1227/1452/1227
f 34/3212/34 510/3351/510 536/3359/536
f 444/3303/444 104/3293/104 475/3281/475
f 113/3310/113 444/3303/444 475/3281/475
f 1068/212/1068 937/208/937 901/237/901
f 104/3293/104 105/3278/105 475/3281/475
f 105/3278/105 108/3267/108 475/3281/475
f 108/3267/108 468/3234/468 475/3281/475
f 108/3267/108 101/3251/101 468/3234/468
f 101/3251/101 472/3232/472 468/3234/468
f 1270/2832/1270 1274/2841/1274 1396/2862/1396
f 1726/763/1726 1604/766/1604 1607/770/1607
f 472/3232/472 102/3221/102 468/3234/468
f 102/3221/102 483/3206/483 468/3234/468
f 483/3206/483 478/3198/478 468/3234/468
f 483/3206/483 131/3192/131 478/3198/478
f 1962/290/1962 1958/319/1958 1957/338/1957
f 131/3192/131 487/3173/487 478/3198/478
f 867/1337/867 871/1339/871 988/1346/988
f 1885/700/1885 1515/702/1515 1506/698/1506
f 121/3150/121 485/3127/485 487/3173/487
f 121/3150/121 135/3133/135 485/3127/485
f 595/3497/595 592/3501/592 597/3500/597
f 531/3579/531 603/3578/603 607/3575/607
f 116/3091/116 125/3074/125 485/3127/485
f 597/3450/597 1139/3431/1139 550/3449/550
f 455/3062/455 132/3050/132 466/3072/466
f 1113/1637/1113 1114/1635/1114 1187/1609/1187
f 653/3445/653 651/3441/651 1091/3418/1091
f 132/3050/132 451/3032/451 466/3072/466
f 451/3032/451 480/3047/480 466/3072/466
f 1066/2140/1066 1075/2130/1075 1086/2107/1086
f 764/1670/764 1082/1651/1082 1078/1685/1078
f 1089/1606/1089 1090/1610/1090 1066/1590/1066
f 1928/574/1928 1757/566/1757 1907/563/1907
f 152/2979/152 467/2974/467 494/3013/494
f 1707/906/1707 1858/910/1858 1860/907/1860
f 467/2974/467 496/3002/496 494/3013/494
f 126/2967/126 405/2959/405 496/3002/496
f 1042/2604/1042 633/2614/633 1038/2598/1038
f 1004/1516/1004 1013/1521/1013 992/1517/992
f 405/2959/405 495/2990/495 496/3002/496
f 1942/538/1942 1932/528/1932 1933/525/1933
f 1043/1655/1043 694/1686/694 770/1684/770
f 647/2920/647 1429/2943/1429 1505/2933/1505
f 403/2948/403 144/2944/144 495/2990/495
f 144/2944/144 150/2938/150 497/2983/497
f 150/2938/150 471/2936/471 497/2983/497
f 471/2936/471 522/2986/522 497/2983/497
f 1229/337/1229 1197/351/1197 1192/355/1192
f 471/2936/471 396/2940/396 522/2986/522
f 1495/2415/1495 1685/2414/1685 1538/2443/1538
f 1407/1151/1407 1466/1149/1466 1414/1170/1414
f 396/2940/396 149/2946/149 522/2986/522
f 1204/3341/1204 581/3355/581 1206/3338/1206
f 149/2946/149 501/2991/501 522/2986/522
f 149/2946/149 136/2950/136 501/2991/501
f 136/2950/136 492/2962/492 501/2991/501
f 492/2962/492 464/3005/464 501/2991/501
f 445/3186/445 519/3189/519 442/3145/442
f 1300/1335/1300 1298/1330/1298 1348/1340/1348
f 34/3212/34 465/3124/465 482/3152/482
f 457/3105/457 482/3152/482 465/3124/465
f 457/3105/457 442/3145/442 482/3152/482
f 435/3080/435 457/3105/457 465/3124/465
f 34/3212/34 463/3100/463 465/3124/465
f 435/3080/435 465/3124/465 463/3100/463
f 434/3056/434 435/3080/435 463/3100/463
f 34/3212/34 515/3082/515 463/3100/463
f 453/3033/453 434/3056/434 463/3100/463
f 453/3033/453 463/3100/463 515/3082/515
f 34/3212/34 535/3066/535 515/3082/515
f 459/3015/459 453/3033/453 515/3082/515
f 866/1253/866 840/1256/840 872/1267/872
f 1028/223/1028 1094/222/1094 1093/258/1093
f 34/3212/34 509/3053/509 535/3066/535
f 464/3005/464 535/3066/535 509/3053/509
f 464/3005/464 459/3015/459 535/3066/535
f 495/2990/495 544/3045/544 508/3049/508
f 501/2991/501 464/3005/464 509/3053/509
f 34/3212/34 530/3048/530 509/3053/509
f 497/2983/497 522/2986/522 530/3048/530
f 497/2983/497 530/3048/530 544/3045/544
f 1093/2468/1093 764/2503/764 1105/2502/1105
f 1936/670/1936 1516/668/1516 1496/665/1496
f 496/3002/496 495/2990/495 508/3049/508
f 673/2740/673 1188/2730/1188 1147/2746/1147
f 496/3002/496 508/3049/508 526/3060/526
f 1224/2100/1224 1168/2070/1168 1323/2074/1323
f 870/1050/870 826/1041/826 686/1030/686
f 480/3047/480 525/3071/525 504/3093/504
f 1870/658/1870 1511/655/1511 1485/652/1485
f 834/1291/834 894/1294/894 869/1301/869
f 1965/664/1965 1716/662/1716 1667/666/1667
f 939/2507/939 978/2510/978 868/2465/868
f 34/3212/34 524/3169/524 523/3142/523
f 485/3127/485 524/3169/524 487/3173/487
f 599/3147/599 587/3116/587 875/3137/875
f 34/3212/34 537/3195/537 524/3169/524
f 487/3173/487 524/3169/524 537/3195/537
f 676/1673/676 543/1709/543 708/1719/708
f 1343/1354/1343 1308/1352/1308 1344/1357/1344
f 487/3173/487 537/3195/537 478/3198/478
f 448/3249/448 491/3266/491 488/3225/488
f 493/3277/493 491/3266/491 448/3249/448
f 1959/234/1959 1951/205/1951 1956/252/1956
f 446/3315/446 491/3266/491 493/3277/493
f 1915/779/1915 1613/781/1613 1592/785/1592
f 446/3315/446 529/3304/529 491/3266/491
f 439/3347/439 529/3304/529 446/3315/446
f 34/3212/34 529/3304/529 528/3321/528
f 474/3373/474 528/3321/528 439/3347/439
f 608/1977/608 668/2031/668 424/1974/424
f 1510/1168/1510 1501/1166/1501 1475/1183/1475
f 1981/527/1981 1925/514/1925 1819/515/1819
f 34/3212/34 528/3321/528 512/3335/512
f 437/3398/437 512/3335/512 474/3373/474
f 437/3398/437 510/3351/510 512/3335/512
f 34/3212/34 512/3335/512 510/3351/510
f 461/3419/461 536/3359/536 510/3351/510
f 422/3559/422 621/3561/621 647/3556/647
f 462/3427/462 536/3359/536 461/3419/461
f 34/3212/34 536/3359/536 516/3361/516
f 1185/1535/1185 1195/1533/1195 1193/1520/1193
f 481/3428/481 516/3361/516 462/3427/462
f 34/3212/34 516/3361/516 540/3356/540
f 481/3428/481 540/3356/540 516/3361/516
f 640/1908/640 641/1934/641 401/1901/401
f 1222/1462/1222 1227/1452/1227 1285/1470/1285
f 1052/1534/1052 1212/1539/1212 1102/1537/1102
f 634/3358/634 639/3374/639 513/3362/513
f 499/3410/499 539/3348/539 540/3356/540
f 499/3410/499 540/3356/540 498/3420/498
f 34/3212/34 540/3356/540 539/3348/539
f 477/3392/477 539/3348/539 499/3410/499
f 477/3392/477 547/3333/547 539/3348/539
f 34/3212/34 539/3348/539 547/3333/547
f 476/3401/476 538/3319/538 547/3333/547
f 34/3212/34 547/3333/547 538/3319/538
f 1812/119/1812 1807/93/1807 1835/135/1835
f 500/3360/500 538/3319/538 476/3401/476
f 766/2017/766 1253/2024/1253 769/2057/769
f 1027/2235/1027 963/2224/963 1068/2213/1068
f 34/3212/34 521/3300/521 548/3280/548
f 773/3001/773 558/3025/558 417/3023/417
f 456/3317/456 548/3280/548 521/3300/521
f 475/3281/475 548/3280/548 456/3317/456
f 34/3212/34 548/3280/548 520/3258/520
f 724/2010/724 1286/2046/1286 1290/2037/1290
f 1951/782/1951 1648/771/1648 1956/767/1956
f 468/3234/468 520/3258/520 475/3281/475
f 34/3212/34 520/3258/520 518/3229/518
f 928/1112/928 917/1095/917 719/1108/719
f 34/3212/34 518/3229/518 537/3195/537
f 478/3198/478 537/3195/537 518/3229/518
f 1308/1352/1308 1348/1340/1348 1344/1357/1344
f 447/3219/447 488/3225/488 519/3189/519
f 34/3212/34 519/3189/519 488/3225/488
f 448/3249/448 488/3225/488 447/3219/447
f 447/3219/447 519/3189/519 445/3186/445
f 634/3358/634 514/3352/514 654/3340/654
f 1684/1209/1684 1448/1206/1448 1444/1208/1444
f 2/3530/2 710/3531/710 489/3527/489
f 715/3528/715 2/3530/2 489/3527/489
f 1419/2083/1419 1533/2072/1533 803/2045/803
f 715/3528/715 489/3527/489 646/3524/646
f 646/3524/646 489/3527/489 712/3526/712
f 1072/2935/1072 1085/2908/1085 775/2905/775
f 1939/619/1939 1482/610/1482 1938/609/1938
f 1412/2793/1412 1461/2801/1461 1346/2819/1346
f 1123/1411/1123 1155/1414/1155 771/1488/771
f 787/1914/787 1347/1889/1347 1392/1896/1392
f 1974/385/1974 1800/343/1800 1794/380/1794
f 1348/2341/1348 1311/2359/1311 1307/2342/1307
f 1036/2327/1036 918/2350/918 720/2332/720
f 541/3485/541 543/3483/543 675/3491/675
f 1006/2531/1006 935/2525/935 1024/2482/1024
f 674/3484/674 714/3474/714 541/3485/541
f 594/3140/594 753/3168/753 754/3125/754
f 565/3480/565 588/3479/588 624/3492/624
f 1336/2846/1336 1233/2869/1233 1296/2870/1296
f 937/208/937 948/207/948 957/233/957
f 1710/103/1710 1802/162/1802 1804/140/1804
f 1099/1469/1099 1034/1476/1034 1098/1468/1098
f 1789/836/1789 1758/839/1758 1751/837/1751
f 568/2879/568 1454/2914/1454 566/2895/566
f 7/3477/7 666/3488/666 514/3487/514
f 606/476/606 564/503/564 713/480/713
f 1512/1178/1512 1524/1173/1524 1509/1191/1509
f 707/2930/707 564/2916/564 609/2932/609
f 571/2752/571 665/2765/665 742/2735/742
f 1944/478/1944 1938/511/1938 1929/618/1929
f 1123/2919/1123 1213/2934/1213 1155/2909/1155
f 851/2524/851 836/2492/836 831/2488/831
f 1967/654/1967 1714/653/1714 1678/656/1678
f 748/3490/748 583/3494/583 661/3496/661
f 1940/413/1940 1852/453/1852 1880/445/1880
f 735/3504/735 545/3503/545 645/3506/645
f 779/1830/779 1354/1818/1354 790/1808/790
f 688/3509/688 426/3508/426 549/3510/549
f 1698/45/1698 1693/25/1693 1725/57/1725
f 14/3520/14 665/3517/665 581/3522/581
f 1489/1000/1489 824/924/824 817/915/817
f 1814/875/1814 1785/882/1785 1799/886/1799
f 1447/998/1447 1489/1000/1489 817/915/817
f 557/3544/557 553/3536/553 658/3534/658
f 717/1826/717 1016/1842/1016 718/1812/718
f 1765/287/1765 1808/110/1808 1732/105/1732
f 559/3568/559 558/3558/558 573/3564/573
f 556/3571/556 559/3568/559 573/3564/573
f 556/3571/556 573/3564/573 662/3570/662
f 1696/807/1696 1762/802/1762 1790/796/1790
f 532/3576/532 556/3571/556 534/3577/534
f 556/3571/556 662/3570/662 584/3572/584
f 1382/2632/1382 1290/2648/1290 1286/2641/1286
f 751/3580/751 532/3576/532 534/3577/534
f 1364/2251/1364 1440/2238/1440 1319/2253/1319
f 503/3584/503 591/3587/591 527/3583/527
f 731/1602/731 911/1512/911 729/1523/729
f 1936/670/1936 1494/661/1494 1870/658/1870
f 1356/2384/1356 1472/2422/1472 1400/2407/1400
f 1070/1626/1070 1071/1628/1071 1110/1607/1110
f 1985/492/1985 1970/555/1970 1978/498/1978
f 1354/1818/1354 1418/1802/1418 790/1808/790
f 596/3413/596 672/3404/672 549/3417/549
f 1037/1644/1037 1105/1646/1105 1100/1683/1100
f 1749/68/1749 1746/29/1746 1750/52/1750
f 1725/57/1725 1719/32/1719 1724/40/1724
f 665/3365/665 582/3368/582 1211/3350/1211
f 707/657/707 709/743/709 690/546/690
f 575/3555/575 422/3559/422 647/3556/647
f 1474/1159/1474 1415/1176/1415 1416/1175/1416
f 1306/1485/1306 1315/1479/1315 1285/1470/1285
f 557/3313/557 1284/3314/1284 572/3298/572
f 428/3541/428 663/3542/663 552/3539/552
f 551/3537/551 428/3541/428 552/3539/552
f 1422/1147/1422 1573/1148/1573 1495/1174/1495
f 1193/2156/1193 1295/2180/1295 1314/2152/1314
f 1565/535/1565 1538/507/1538 1434/496/1434
f 1194/2739/1194 758/2743/758 1205/2723/1205
f 1427/724/1427 1449/629/1449 1384/651/1384
f 590/3389/590 582/3368/582 571/3383/571
f 632/3379/632 627/3391/627 628/3381/628
f 1982/594/1982 1662/599/1662 1970/606/1970
f 1323/266/1323 1249/282/1249 1101/278/1101
f 1086/224/1086 1073/231/1073 1082/260/1082
f 864/1892/864 943/1886/943 856/1873/856
f 1809/718/1809 1628/713/1628 1655/717/1655
f 1809/718/1809 1655/717/1655 1623/720/1623
f 893/2304/893 873/2314/873 884/2308/884
f 1951/782/1951 1668/780/1668 1649/776/1649
f 555/3245/555 565/3238/565 624/3231/624
f 559/3058/559 683/3088/683 685/3057/685
f 1765/287/1765 1810/102/1810 1803/108/1803
f 1108/1647/1108 718/1689/718 774/1690/774
f 1509/2412/1509 1475/2420/1475 1410/2445/1410
f 1164/1581/1164 1151/1577/1151 1163/1570/1163
f 1419/2083/1419 803/2045/803 1418/2066/1418
f 1117/2097/1117 1224/2100/1224 1323/2074/1323
f 1399/2535/1399 1395/2543/1395 812/2564/812
f 1705/955/1705 1866/967/1866 1875/964/1875
f 1996/696/1996 1987/479/1987 1999/472/1999
f 1173/1680/1173 1172/1702/1172 783/1724/783
f 1386/2397/1386 1420/2438/1420 1363/2435/1363
f 1167/2021/1167 1215/2022/1215 800/2058/800
f 1707/906/1707 1855/904/1855 1854/902/1854
f 994/239/994 986/218/986 1143/247/1143
f 992/2189/992 997/2178/997 993/2170/993
f 1923/860/1923 1701/854/1701 1897/859/1897
f 1738/179/1738 1727/171/1727 1908/160/1908
f 985/2795/985 924/2774/924 972/2766/972
f 1956/767/1956 1541/765/1541 1537/761/1537
f 599/3598/599 875/3594/875 879/3596/879
f 1833/423/1833 1965/419/1965 1974/385/1974
f 1979/457/1979 1794/380/1794 1796/420/1796
f 1880/445/1880 1939/495/1939 1944/478/1944
f 616/3016/616 613/3030/613 1461/3018/1461
f 1412/2793/1412 1346/2819/1346 1426/2812/1426
f 830/2388/830 876/2424/876 874/2425/874
f 1105/1646/1105 764/1670/764 1170/1682/1170
f 652/2992/652 626/2976/626 546/2988/546
f 822/2589/822 843/2591/843 825/2563/825
f 1719/923/1719 1886/925/1886 1848/921/1848
f 1148/2754/1148 1147/2746/1147 1279/2767/1279
f 1551/2956/1551 621/2931/621 562/2942/562
f 1501/1166/1501 1413/1164/1413 1475/1183/1475
f 1457/2016/1457 1455/2008/1455 796/1979/796
f 570/2982/570 773/3001/773 17/2957/17
f 1025/1336/1025 1048/1312/1048 1016/1377/1016
f 572/3593/572 1284/3597/1284 1235/3595/1235
f 664/3295/664 608/3307/608 605/3297/605
f 577/2897/577 663/2886/663 569/2876/569
f 981/1498/981 998/1501/998 974/1503/974
f 1205/1381/1205 758/1407/758 769/1445/769
f 1570/1003/1570 1460/1004/1460 796/980/796
f 1969/548/1969 1926/537/1926 1920/541/1920
f 974/2194/974 993/2170/993 1009/2173/1009
f 660/2913/660 551/2894/551 552/2887/552
f 660/2913/660 606/2907/606 551/2894/551
f 663/2886/663 660/2913/660 552/2887/552
f 1097/1483/1097 1084/1486/1084 1098/1468/1098
f 566/2895/566 579/2875/579 578/2873/578
f 659/2891/659 567/2878/567 593/2883/593
f 659/2891/659 593/2883/593 619/2889/619
f 575/2904/575 623/2921/623 615/2898/615
f 1009/2432/1009 994/2456/994 975/2481/975
f 1157/1390/1157 778/1450/778 716/1464/716
f 590/2737/590 571/2752/571 742/2735/742
f 1046/1566/1046 1020/1573/1020 1063/1558/1063
f 652/2992/652 598/2971/598 626/2976/626
f 638/2719/638 742/2735/742 425/2703/425
f 652/2992/652 546/2988/546 618/3004/618
f 1083/2645/1083 1087/2629/1087 1072/2639/1072
f 616/3016/616 618/3004/618 617/3011/617
f 1073/231/1073 1136/263/1136 1140/265/1140
f 613/3030/613 616/3016/616 614/3027/614
f 833/1285/833 855/1289/855 869/1301/869
f 630/3086/630 603/3065/603 503/3081/503
f 630/3086/630 503/3081/503 527/3094/527
f 629/3108/629 527/3094/527 591/3106/591
f 631/3115/631 629/3108/629 591/3106/591
f 1446/2547/1446 1435/2574/1435 1442/2582/1442
f 1836/704/1836 1619/703/1619 1618/707/1618
f 586/3176/586 585/3174/585 600/3163/600
f 585/3174/585 560/3156/560 600/3163/600
f 585/3174/585 586/3176/586 561/3188/561
f 1239/3273/1239 662/3259/662 573/3275/573
f 1738/179/1738 1734/139/1734 1922/147/1922
f 580/3285/580 573/3275/573 558/3290/558
f 572/3298/572 580/3285/580 558/3290/558
f 1812/119/1812 1835/135/1835 1837/153/1837
f 557/3313/557 572/3298/572 570/3301/570
f 995/1371/995 1016/1377/1016 763/1418/763
f 1704/867/1704 1731/862/1731 1718/855/1718
f 659/2891/659 1481/2922/1481 1454/2914/1454
f 1192/2457/1192 1191/2426/1191 1180/2470/1180
f 1814/875/1814 1784/880/1784 1785/882/1785
f 1031/1560/1031 1018/1563/1018 1063/1558/1063
f 582/3368/582 665/3365/665 571/3383/571
f 596/3413/596 549/3417/549 426/3432/426
f 1331/2208/1331 1363/2204/1363 1354/2190/1354
f 951/1054/951 870/1050/870 942/1037/942
f 1705/955/1705 1874/958/1874 1871/954/1871
f 943/1886/943 857/1870/857 856/1873/856
f 645/3438/645 596/3413/596 426/3432/426
f 1139/3431/1139 545/3442/545 550/3449/550
f 635/3437/635 661/3452/661 583/3453/583
f 1360/1247/1360 1375/1245/1375 1377/1250/1377
f 1107/3394/1107 507/3416/507 650/3409/650
f 1420/2198/1420 1521/2191/1521 1419/2177/1419
f 1053/3363/1053 628/3381/628 639/3374/639
f 1053/3363/1053 632/3379/632 628/3381/628
f 514/3352/514 634/3358/634 513/3362/513
f 656/3332/656 514/3352/514 666/3334/666
f 814/1746/814 796/1738/796 780/1735/780
f 1181/1522/1181 1190/1518/1190 1193/1520/1193
f 1206/2811/1206 1194/2828/1194 1291/2844/1291
f 1008/3320/1008 656/3332/656 666/3334/666
f 1568/1154/1568 1571/1156/1571 1495/1174/1495
f 664/3295/664 1015/3312/1015 608/3307/608
f 641/3291/641 664/3295/664 605/3297/605
f 1954/828/1954 1752/829/1752 1536/825/1536
f 962/3279/962 641/3291/641 640/3282/640
f 965/2381/965 961/2423/961 947/2404/947
f 636/3252/636 625/3261/625 555/3245/555
f 1050/3218/1050 624/3231/624 588/3223/588
f 1050/3218/1050 588/3223/588 674/3214/674
f 1006/3207/1006 1050/3218/1050 674/3214/674
f 675/3190/675 1006/3207/1006 541/3203/541
f 1006/3207/1006 674/3214/674 541/3203/541
f 1029/3183/1029 675/3190/675 543/3175/543
f 542/3161/542 1029/3183/1029 543/3175/543
f 599/3147/599 542/3161/542 602/3143/602
f 940/2742/940 868/2731/868 689/2732/689
f 1350/1295/1350 1338/1292/1338 1339/1293/1339
f 1965/664/1965 1667/666/1667 1661/669/1661
f 1183/1410/1183 1129/1425/1129 755/1487/755
f 1117/262/1117 1323/266/1323 1101/278/1101
f 677/2968/677 710/2966/710 490/2953/490
f 490/864/490 705/986/705 709/743/709
f 707/2930/707 677/2968/677 657/2939/657
f 1235/2680/1235 1318/2698/1318 1238/2688/1238
f 569/2876/569 563/2872/563 1566/2892/1566
f 1248/2379/1248 1252/2382/1252 784/2408/784
f 1236/1496/1236 1244/1489/1244 1285/1470/1285
f 1254/2138/1254 1193/2156/1193 1197/2118/1197
f 1202/1543/1202 1273/1540/1273 1254/1538/1254
f 1699/885/1699 1737/881/1737 1694/877/1694
f 1786/76/1786 1724/40/1724 1707/48/1707
f 1551/2956/1551 620/2949/620 649/2970/649
f 1707/906/1707 1851/912/1851 1858/910/1858
f 1555/2517/1555 1554/2523/1554 1423/2555/1423
f 671/3433/671 642/3407/642 1083/3414/1083
f 1873/632/1873 1480/622/1480 1939/619/1939
f 1370/2093/1370 1347/2076/1347 1369/2069/1369
f 630/3086/630 527/3094/527 629/3108/629
f 629/3108/629 631/3115/631 611/3128/611
f 611/3128/611 631/3115/631 604/3134/604
f 648/3151/648 1353/3138/1353 560/3156/560
f 586/3211/586 600/3224/600 738/3220/738
f 1270/3208/1270 601/3202/601 533/3209/533
f 1270/3208/1270 533/3209/533 594/3222/594
f 1057/1700/1057 1076/1665/1076 1065/1699/1065
f 624/3231/624 1050/3218/1050 944/3236/944
f 576/3228/576 534/3235/534 584/3247/584
f 584/3247/584 662/3259/662 1368/3256/1368
f 1368/3573/1368 1239/3581/1239 1336/3585/1336
f 1368/3256/1368 662/3259/662 1239/3273/1239
f 962/3279/962 640/3282/640 637/3271/637
f 1239/3273/1239 573/3275/573 580/3285/580
f 1908/821/1908 1585/824/1585 1588/826/1588
f 1284/3314/1284 557/3313/557 658/3328/658
f 757/2472/757 1009/2432/1009 975/2481/975
f 975/1866/975 778/1885/778 763/1859/763
f 1519/2544/1519 1595/2567/1595 1627/2570/1627
f 792/1199/792 793/1202/793 842/1213/842
f 828/1951/828 722/1937/722 747/1931/747
f 673/3400/673 672/3404/672 596/3413/596
f 1183/1410/1183 755/1487/755 767/1480/767
f 1453/1033/1453 812/1046/812 785/1022/785
f 1408/1270/1408 1409/1266/1409 1411/1269/1411
f 1083/3414/1083 651/3441/651 671/3433/671
f 1087/2629/1087 1176/2619/1176 1088/2618/1088
f 622/2969/622 1539/2984/1539 649/2970/649
f 1022/3385/1022 506/3396/506 632/3379/632
f 633/3369/633 632/3379/632 1053/3363/1053
f 1973/571/1973 1666/573/1666 1742/576/1742
f 639/2195/639 628/2223/628 700/2201/700
f 694/1927/694 989/1943/989 770/1916/770
f 1923/860/1923 1900/870/1900 1814/875/1814
f 1455/2008/1455 816/1971/816 796/1979/796
f 1008/3320/1008 511/3323/511 1015/3312/1015
f 1017/1457/1017 938/1459/938 1074/1454/1074
f 637/3271/637 625/3261/625 636/3252/636
f 1366/588/1366 1276/513/1276 1383/491/1383
f 1345/1358/1345 1343/1354/1343 1344/1357/1344
f 653/2366/653 697/2395/697 696/2355/696
f 878/3039/878 484/3026/484 678/3019/678
f 597/3450/597 592/3443/592 1111/3421/1111
f 1913/637/1913 1992/460/1992 1943/508/1943
f 1943/508/1943 1931/691/1931 1928/752/1928
f 747/1678/747 722/1674/722 853/1632/853
f 711/2960/711 677/2968/677 707/2930/707
f 1281/1550/1281 1199/1545/1199 1254/1538/1254
f 564/503/564 707/657/707 690/546/690
f 707/657/707 657/775/657 709/743/709
f 490/864/490 710/996/710 705/986/705
f 646/1055/646 644/1065/644 704/1071/704
f 644/1065/644 678/1077/678 704/1071/704
f 678/1077/678 484/1087/484 704/1071/704
f 1081/1620/1081 1110/1607/1110 1075/1599/1075
f 550/2611/550 743/2621/743 744/2587/744
f 612/1110/612 3/1124/3 706/1105/706
f 502/1122/502 698/1140/698 3/1124/3
f 698/1140/698 692/1236/692 3/1124/3
f 698/1140/698 655/1249/655 692/1236/692
f 655/1249/655 587/1332/587 692/1236/692
f 587/1332/587 691/1367/691 692/1236/692
f 587/1332/587 602/1448/602 691/1367/691
f 602/1448/602 703/1536/703 691/1367/691
f 542/1567/542 676/1673/676 703/1536/703
f 541/1734/541 714/1752/714 708/1719/708
f 588/1791/588 680/1798/680 674/1771/674
f 588/1791/588 565/1820/565 680/1798/680
f 1265/2291/1265 1258/2303/1258 1366/2281/1366
f 565/1820/565 555/1847/555 679/1834/679
f 555/1847/555 415/1864/415 679/1834/679
f 625/1867/625 637/1887/637 415/1864/415
f 641/1934/641 605/1953/605 424/1974/424
f 1015/2040/1015 511/2068/511 668/2031/668
f 1553/2132/1553 1528/2105/1528 1434/2121/1434
f 511/2068/511 666/2091/666 668/2031/668
f 514/2148/514 667/2164/667 7/2122/7
f 513/2172/513 700/2201/700 667/2164/667
f 1041/2455/1041 1043/2500/1043 1049/2495/1049
f 628/2223/628 701/2237/701 700/2201/700
f 1231/2781/1231 1221/2780/1221 1219/2796/1219
f 628/2223/628 627/2247/627 701/2237/701
f 1221/1396/1221 1156/1416/1156 1223/1477/1223
f 627/2247/627 506/2259/506 9/2267/9
f 506/2259/506 505/2271/505 9/2267/9
f 809/1237/809 807/1240/807 830/1243/830
f 505/2271/505 699/2293/699 9/2267/9
f 650/2285/650 507/2296/507 699/2293/699
f 650/2285/650 699/2293/699 505/2271/505
f 507/2296/507 681/2310/681 699/2293/699
f 1213/2651/1213 1091/2650/1091 1072/2639/1072
f 1708/946/1708 1883/947/1883 1881/944/1881
f 589/2305/589 671/2323/671 681/2310/681
f 1417/2392/1417 1359/2429/1359 1472/2422/1472
f 651/2349/651 653/2366/653 696/2355/696
f 1870/658/1870 1499/649/1499 1852/645/1852
f 661/2497/661 595/2546/595 11/2527/11
f 595/2546/595 597/2573/597 744/2587/744
f 550/2611/550 545/2630/545 743/2621/743
f 545/2630/545 735/2649/735 743/2621/743
f 638/2719/638 590/2737/590 742/2735/742
f 842/2421/842 885/2436/885 902/2442/902
f 1038/2899/1038 1157/2864/1157 1059/2874/1059
f 581/2820/581 419/2884/419 14/2797/14
f 1204/2853/1204 419/2884/419 581/2820/581
f 1204/2853/1204 574/2880/574 419/2884/419
f 574/2880/574 553/2926/553 419/2884/419
f 1923/860/1923 1695/866/1695 1900/870/1900
f 1201/2433/1201 1320/2393/1320 1253/2437/1253
f 553/2926/553 17/2957/17 419/2884/419
f 557/2963/557 570/2982/570 17/2957/17
f 558/3025/558 559/3058/559 685/3057/685
f 558/3025/558 685/3057/685 417/3023/417
f 559/3058/559 556/3079/556 683/3088/683
f 532/3092/532 751/3111/751 683/3088/683
f 594/3140/594 754/3125/754 751/3111/751
f 533/3162/533 601/3181/601 753/3168/753
f 1792/750/1792 1672/757/1672 1616/753/1616
f 601/3181/601 561/3187/561 753/3168/753
f 561/3187/561 752/3200/752 753/3168/753
f 999/1361/999 936/1365/936 1026/1363/1026
f 752/3200/752 586/3211/586 738/3220/738
f 600/3224/600 429/3244/429 738/3220/738
f 560/3237/560 1353/3254/1353 429/3244/429
f 1353/3254/1353 427/3268/427 429/3244/429
f 1353/3254/1353 604/3263/604 427/3268/427
f 1836/704/1836 1618/707/1618 1622/709/1622
f 604/3263/604 631/3274/631 427/3268/427
f 631/3274/631 693/3296/693 427/3268/427
f 868/2731/868 911/2717/911 669/2724/669
f 503/3318/503 24/3324/24 693/3296/693
f 503/3318/503 603/3342/603 24/3324/24
f 607/3378/607 614/3406/614 684/3425/684
f 1986/562/1986 1791/441/1791 1797/459/1797
f 614/3406/614 616/3439/616 684/3425/684
f 616/3439/616 617/3457/617 684/3425/684
f 617/3457/617 618/3393/618 725/3467/725
f 618/15/618 726/21/726 725/11/725
f 618/15/618 546/35/546 726/21/726
f 546/35/546 746/53/746 726/21/726
f 1938/609/1938 1690/607/1690 1578/604/1578
f 626/50/626 598/70/598 746/53/746
f 1107/2631/1107 1022/2626/1022 1160/2615/1160
f 620/99/620 421/112/421 25/89/25
f 421/112/421 562/131/562 749/133/749
f 1729/41/1729 1698/45/1698 1803/108/1803
f 562/131/562 621/149/621 31/152/31
f 1976/663/1976 1969/841/1969 1968/806/1968
f 1415/2416/1415 1459/2447/1459 1475/2420/1475
f 575/178/575 615/190/615 418/182/418
f 1014/1504/1014 1003/1508/1003 974/1503/974
f 1566/2892/1566 579/2875/579 1569/2906/1569
f 619/204/619 750/235/750 418/182/418
f 567/271/567 568/295/568 26/292/26
f 1284/2825/1284 1318/2855/1318 1235/2854/1235
f 568/295/568 578/313/578 26/292/26
f 578/313/578 579/334/579 723/332/723
f 563/363/563 741/389/741 687/352/687
f 563/363/563 569/386/569 741/389/741
f 569/386/569 663/411/663 741/389/741
f 1008/2593/1008 1025/2566/1025 1000/2579/1000
f 428/422/428 551/451/551 423/443/423
f 551/451/551 606/476/606 713/480/713
f 1564/1010/1564 1570/1003/1570 816/983/816
f 564/503/564 690/546/690 713/480/713
f 1157/1390/1157 1138/1399/1138 778/1450/778
f 1231/2781/1231 1283/2768/1283 1279/2767/1279
f 747/1678/747 853/1632/853 810/1667/810
f 737/1663/737 782/1575/782 853/1632/853
f 1022/2626/1022 1042/2604/1042 1160/2615/1160
f 1245/1595/1245 1237/1591/1237 1161/1580/1161
f 730/1641/730 670/1648/670 686/1541/686
f 1182/1408/1182 1183/1410/1183 767/1480/767
f 670/1648/670 942/1546/942 686/1541/686
f 859/1643/859 856/1629/856 844/1529/844
f 1712/949/1712 1779/956/1779 1878/959/1878
f 856/1629/856 702/1530/702 844/1529/844
f 1852/645/1852 1487/639/1487 1486/636/1486
f 745/1551/745 897/1582/897 837/1507/837
f 897/1582/897 729/1523/729 732/1505/732
f 897/1582/897 731/1602/731 729/1523/729
f 731/1602/731 734/1611/734 911/1512/911
f 733/1592/733 689/1525/689 669/1513/669
f 733/1592/733 669/1513/669 911/1512/911
f 733/1592/733 739/1639/739 689/1525/689
f 884/1652/884 1023/1561/1023 739/1639/739
f 884/1652/884 727/1662/727 1023/1561/1023
f 727/1662/727 720/1676/720 917/1640/917
f 720/1676/720 918/1705/918 719/1679/719
f 918/1705/918 1057/1725/1057 719/1679/719
f 759/2301/759 1275/2292/1275 760/2297/760
f 1396/2600/1396 1271/2616/1271 1394/2627/1394
f 1057/1725/1057 972/1715/972 719/1679/719
f 1057/1725/1057 776/1737/776 972/1715/972
f 1955/188/1955 1951/205/1951 1959/234/1959
f 1065/1740/1065 947/1758/947 776/1737/776
f 947/1758/947 905/1751/905 776/1737/776
f 947/1758/947 955/1777/955 905/1751/905
f 901/2386/901 961/2423/961 965/2381/965
f 962/2565/962 968/2561/968 954/2540/954
f 955/1777/955 774/1796/774 949/1772/949
f 1831/800/1831 1594/805/1594 1597/809/1597
f 757/1846/757 763/1859/763 1016/1842/1016
f 1557/2529/1557 1564/2551/1564 1556/2560/1556
f 1788/896/1788 1854/902/1854 1741/900/1741
f 1277/1559/1277 1278/1555/1278 1260/1549/1260
f 694/1927/694 721/1965/721 989/1943/989
f 1550/1214/1550 1552/1211/1552 1682/1224/1682
f 728/1947/728 1100/1964/1100 721/1965/721
f 764/1975/764 765/1996/765 1170/1968/1170
f 764/1975/764 775/2019/775 765/1996/765
f 1693/936/1693 1881/944/1881 1887/941/1887
f 1323/266/1323 1168/284/1168 1249/282/1249
f 772/1987/772 771/2033/771 1078/1989/1078
f 772/1987/772 1209/1997/1209 771/2033/771
f 1712/949/1712 1777/951/1777 1778/953/1778
f 1705/955/1705 1861/960/1861 1874/958/1874
f 740/2009/740 736/2006/736 755/2050/755
f 736/2006/736 1109/2014/1109 755/2050/755
f 1109/2014/1109 767/2036/767 755/2050/755
f 1938/609/1938 1578/604/1578 1576/602/1576
f 1970/606/1970 1663/605/1663 1847/608/1847
f 783/2041/783 1167/2021/1167 777/2056/777
f 1033/1578/1033 1035/1583/1035 1177/1572/1177
f 1167/2021/1167 1223/2060/1223 777/2056/777
f 902/467/902 839/455/839 838/450/838
f 1167/2021/1167 800/2058/800 1223/2060/1223
f 1215/2022/1215 756/2038/756 800/2058/800
f 1207/2026/1207 758/2064/758 756/2038/756
f 1207/2026/1207 769/2057/769 758/2064/758
f 769/2057/769 1253/2024/1253 1262/2062/1262
f 1253/2024/1253 1238/2054/1238 1262/2062/1262
f 784/2015/784 1238/2054/1238 1253/2024/1253
f 784/2015/784 794/2018/794 1238/2054/1238
f 1238/2054/1238 794/2018/794 1234/2059/1234
f 794/2018/794 1288/2053/1288 1234/2059/1234
f 794/2018/794 788/2013/788 1288/2053/1288
f 759/2003/759 761/2039/761 1286/2046/1286
f 760/2001/760 1268/1993/1268 761/2039/761
f 1268/1993/1268 1335/2029/1335 761/2039/761
f 1792/750/1792 1616/753/1616 1620/747/1620
f 1312/1978/1312 1309/1998/1309 1403/2011/1403
f 1312/1978/1312 789/1961/789 1309/1998/1309
f 789/1961/789 1310/1976/1310 1309/1998/1309
f 599/3598/599 879/3596/879 913/3599/913
f 1836/704/1836 1628/713/1628 1809/718/1809
f 789/1961/789 799/1948/799 1310/1976/1310
f 1369/1913/1369 1347/1889/1347 787/1914/787
f 1940/413/1940 1936/414/1936 1870/434/1870
f 1347/1889/1347 812/1876/812 1392/1896/1392
f 786/1865/786 785/1844/785 812/1876/812
f 1126/1627/1126 1128/1625/1128 1106/1605/1106
f 779/1830/779 790/1808/790 785/1844/785
f 866/1253/866 872/1267/872 832/1252/832
f 790/1808/790 1418/1802/1418 804/1789/804
f 801/1778/801 1438/1776/1438 808/1757/808
f 1430/1769/1430 802/1759/802 824/1745/824
f 802/1759/802 817/1744/817 824/1745/824
f 1710/103/1710 1788/66/1788 1699/74/1699
f 1491/587/1491 1410/641/1410 1469/509/1469
f 817/1744/817 814/1746/814 780/1735/780
f 1003/1508/1003 1002/1510/1002 974/1503/974
f 762/1726/762 815/1713/815 795/1694/795
f 1923/860/1923 1703/863/1703 1695/866/1695
f 816/1731/816 762/1726/762 1564/1708/1564
f 568/2879/568 659/2891/659 1454/2914/1454
f 1206/2811/1206 1211/2800/1211 1194/2828/1194
f 806/1707/806 1642/1704/1642 1525/1695/1525
f 1049/1649/1049 1043/1655/1043 770/1684/770
f 1642/1704/1642 810/1667/810 1525/1695/1525
f 792/1199/792 842/1213/842 1646/1205/1646
f 793/1202/793 791/1204/791 842/1213/842
f 1646/2406/1646 842/2421/842 1603/2440/1603
f 1293/2451/1293 1229/2444/1229 1215/2490/1215
f 707/2930/707 609/2932/609 829/2945/829
f 819/1207/819 818/1210/818 888/1222/888
f 1973/571/1973 1824/570/1824 1666/573/1666
f 1583/1023/1583 810/1011/810 853/1017/853
f 1928/574/1928 1755/575/1755 1767/572/1767
f 791/1204/791 819/1207/819 842/1213/842
f 590/3389/590 1283/3380/1283 1231/3375/1231
f 846/468/846 902/467/902 838/450/838
f 838/2146/838 722/2116/722 846/2139/846
f 711/2960/711 707/2930/707 823/2952/823
f 848/1212/848 847/1215/847 888/1222/888
f 886/1218/886 835/1233/835 888/1222/888
f 838/2146/838 861/2127/861 722/2116/722
f 1931/584/1931 1689/585/1689 1764/582/1764
f 711/2601/711 823/2623/823 781/2612/781
f 843/1036/843 781/1031/781 853/1017/853
f 847/1215/847 886/1218/886 888/1222/888
f 888/2399/888 839/2434/839 885/2436/885
f 885/465/885 839/455/839 902/467/902
f 722/1937/722 861/1933/861 737/1911/737
f 1095/2458/1095 1105/2502/1105 1037/2476/1037
f 711/2601/711 781/2612/781 843/2591/843
f 1154/2459/1154 1153/2491/1153 1172/2498/1172
f 888/2399/888 835/2396/835 839/2434/839
f 835/2396/835 874/2425/874 839/2434/839
f 1533/2072/1533 801/2032/801 803/2045/803
f 839/455/839 876/438/876 838/450/838
f 883/1040/883 843/1036/843 782/1025/782
f 1151/1577/1151 1146/1574/1146 1186/1557/1186
f 677/3532/677 711/3529/711 822/3535/822
f 1162/1421/1162 783/1481/783 777/1484/777
f 1241/286/1241 1150/299/1150 1154/307/1154
f 854/1227/854 830/1243/830 835/1233/835
f 1088/1417/1088 1100/1472/1100 765/1495/765
f 1970/606/1970 1641/603/1641 1663/605/1663
f 876/2160/876 811/2144/811 861/2127/861
f 1943/508/1943 1929/618/1929 1931/691/1931
f 1028/223/1028 1093/258/1093 1118/255/1118
f 1970/606/1970 1662/599/1662 1641/603/1641
f 811/1917/811 730/1905/730 861/1933/861
f 1554/2523/1554 1424/2550/1424 1423/2555/1423
f 710/2966/710 677/2968/677 822/2987/822
f 1432/1226/1432 1682/1224/1682 1386/1239/1386
f 1172/1702/1172 1167/1733/1167 783/1724/783
f 883/1040/883 782/1025/782 826/1041/826
f 1386/2397/1386 1682/2405/1682 1420/2438/1420
f 826/1041/826 730/1026/730 686/1030/686
f 876/2160/876 827/2171/827 811/2144/811
f 807/1240/807 832/1252/832 830/1243/830
f 489/2978/489 710/2966/710 822/2987/822
f 1970/606/1970 1660/611/1660 1978/617/1978
f 807/1240/807 805/1244/805 832/1252/832
f 805/1244/805 820/1246/820 832/1252/832
f 827/2171/827 670/2155/670 811/2144/811
f 1159/1597/1159 1245/1595/1245 1161/1580/1161
f 870/2655/870 825/2637/825 826/2642/826
f 1729/41/1729 1700/3/1700 1715/6/1715
f 951/2664/951 825/2637/825 870/2655/870
f 1182/1408/1182 767/1480/767 1096/1424/1096
f 1729/41/1729 1715/6/1715 1705/10/1705
f 840/1256/840 930/1258/930 872/1267/872
f 872/2373/872 865/2398/865 832/2389/832
f 1187/2113/1187 1125/2077/1125 1216/2087/1216
f 1978/617/1978 1736/623/1736 1977/627/1977
f 644/3006/644 712/2993/712 858/3021/858
f 1978/617/1978 1846/621/1846 1736/623/1736
f 1705/955/1705 1871/954/1871 1708/946/1708
f 858/2557/858 951/2538/951 881/2515/881
f 1140/2475/1140 1142/2479/1142 1209/2509/1209
f 678/3019/678 858/3021/858 878/3039/878
f 678/3019/678 644/3006/644 858/3021/858
f 878/3557/878 858/3552/858 881/3553/881
f 1142/1659/1142 736/1672/736 740/1693/740
f 643/3447/643 653/3445/653 1091/3418/1091
f 941/1268/941 852/1271/852 909/1280/909
f 836/2692/836 881/2675/881 702/2679/702
f 941/1268/941 909/1280/909 872/1267/872
f 865/408/865 907/367/907 943/381/943
f 1964/642/1964 1640/638/1640 1679/640/1679
f 852/1271/852 841/1273/841 909/1280/909
f 1852/645/1852 1497/643/1497 1487/639/1487
f 841/1273/841 845/1276/845 909/1280/909
f 1944/478/1944 1989/444/1989 1993/425/1993
f 856/1873/856 857/1870/857 745/1850/745
f 845/1276/845 910/1281/910 909/1280/909
f 910/1281/910 908/1287/908 909/1280/909
f 909/2358/909 908/2351/908 907/2374/907
f 610/3040/610 878/3039/878 851/3054/851
f 831/2701/831 849/2691/849 732/2702/732
f 831/2701/831 836/2692/836 849/2691/849
f 966/1283/966 833/1285/833 908/1287/908
f 850/1855/850 897/1832/897 745/1850/745
f 978/2510/978 831/2488/831 891/2477/891
f 732/1060/732 849/1057/849 837/1052/837
f 855/1289/855 834/1291/834 869/1301/869
f 869/2337/869 860/2352/860 908/2351/908
f 912/2250/912 731/2254/731 897/2239/897
f 812/2564/812 1395/2543/1395 1392/2568/1392
f 894/1294/894 896/1296/896 869/1301/869
f 869/2337/869 977/2335/977 860/2352/860
f 860/341/860 977/314/977 912/331/912
f 916/2711/916 891/2715/891 732/2702/732
f 502/3068/502 978/3069/978 698/3083/698
f 1965/664/1965 1661/669/1661 1906/674/1906
f 880/1300/880 890/1304/890 869/1301/869
f 890/1304/890 877/1307/877 869/1301/869
f 977/2335/977 869/2322/869 979/2313/979
f 912/331/912 1001/300/1001 987/317/987
f 912/2250/912 987/2268/987 731/2254/731
f 987/2268/987 734/2272/734 731/2254/731
f 655/3099/655 698/3083/698 939/3102/939
f 1451/1068/1451 1442/1078/1442 1392/1058/1392
f 868/2465/868 978/2510/978 891/2477/891
f 916/1066/916 732/1060/732 911/1063/911
f 911/1063/911 732/1060/732 729/1056/729
f 958/1311/958 956/1314/956 980/1318/980
f 869/2322/869 980/2315/980 979/2313/979
f 1001/300/1001 979/283/979 923/293/923
f 1001/300/1001 923/293/923 987/317/987
f 987/2268/987 923/2286/923 734/2272/734
f 1441/1309/1441 1352/1305/1352 1439/1316/1439
f 1960/374/1960 1961/387/1961 1936/414/1936
f 939/2507/939 868/2465/868 895/2493/895
f 956/1314/956 898/1317/898 980/1318/980
f 898/1317/898 882/1321/882 919/1328/919
f 898/1317/898 919/1328/919 980/1318/980
f 923/2286/923 733/2290/733 734/2272/734
f 629/2816/629 1435/2852/1435 1446/2849/1446
f 655/3099/655 939/3102/939 895/3114/895
f 931/1325/931 927/1327/927 919/1328/919
f 980/2315/980 919/2300/919 893/2295/893
f 980/2315/980 893/2295/893 979/2313/979
f 587/3116/587 895/3114/895 875/3137/875
f 875/2505/875 895/2493/895 940/2466/940
f 927/1327/927 889/1331/889 919/1328/919
f 889/1331/889 892/1334/892 988/1346/988
f 1941/714/1941 1507/708/1507 1527/706/1527
f 889/1331/889 988/1346/988 919/1328/919
f 923/2286/923 893/2304/893 884/2308/884
f 892/1334/892 867/1337/867 988/1346/988
f 1941/714/1941 1518/716/1518 1530/712/1530
f 988/2288/988 873/2278/873 893/2295/893
f 879/2485/879 875/2505/875 940/2466/940
f 879/2755/879 940/2742/940 689/2732/689
f 871/1339/871 921/1342/921 988/1346/988
f 1941/714/1941 1523/719/1523 1518/716/1518
f 921/1342/921 934/1347/934 988/1346/988
f 1958/728/1958 1531/722/1531 1523/719/1523
f 542/3161/542 599/3147/599 913/3165/913
f 1957/338/1957 1958/319/1958 1941/345/1941
f 934/1347/934 1007/1349/1007 988/1346/988
f 988/2288/988 1036/2265/1036 873/2278/873
f 873/2314/873 1036/2327/1036 720/2332/720
f 873/2314/873 720/2332/720 727/2319/727
f 1304/1345/1304 1305/1341/1305 1348/1340/1348
f 542/3161/542 913/3165/913 1029/3183/1029
f 1029/2519/1029 879/2485/879 996/2484/996
f 1029/2519/1029 913/2513/913 879/2485/879
f 996/2761/996 879/2755/879 1024/2760/1024
f 1024/2760/1024 879/2755/879 1023/2741/1023
f 1024/1094/1024 1023/1080/1023 917/1095/917
f 1011/1353/1011 1021/1356/1021 1026/1363/1026
f 1011/1353/1011 1026/1363/1026 988/1346/988
f 988/2288/988 1026/2269/1026 1036/2265/1036
f 935/2525/935 1029/2519/1029 996/2484/996
f 936/1365/936 933/1368/933 906/1372/906
f 1026/2269/1026 932/2256/932 1036/2265/1036
f 1393/768/1393 1333/819/1333 1398/736/1398
f 932/230/932 926/249/926 1036/256/1036
f 1036/2327/1036 926/2344/926 918/2350/918
f 935/2525/935 996/2484/996 1024/2482/1024
f 1397/1985/1397 1312/1988/1312 798/1970/798
f 1962/290/1962 1792/281/1792 1952/297/1952
f 933/1368/933 922/1370/922 906/1372/906
f 922/1370/922 920/1374/920 906/1372/906
f 1259/2309/1259 1333/2330/1333 1393/2320/1393
f 932/2256/932 906/2260/906 926/2244/926
f 1006/2531/1006 1024/2482/1024 924/2494/924
f 924/2774/924 1024/2760/1024 917/2756/917
f 899/1379/899 900/1382/900 925/1387/925
f 1329/1373/1329 1328/1369/1328 1259/1375/1259
f 906/2260/906 925/2249/925 1054/2234/1054
f 1054/229/1054 991/253/991 926/249/926
f 926/2344/926 991/2357/991 918/2350/918
f 991/1692/991 1057/1700/1057 918/1712/918
f 1726/763/1726 1611/758/1611 1602/762/1602
f 1959/234/1959 1956/252/1956 1792/281/1792
f 924/2774/924 917/2756/917 928/2763/928
f 900/1382/900 915/1384/915 925/1387/925
f 924/2774/924 928/2763/928 972/2766/972
f 1050/2539/1050 1006/2531/1006 924/2494/924
f 1258/697/1258 1397/687/1397 1275/634/1275
f 914/1388/914 969/1391/969 925/1387/925
f 969/1391/969 904/1395/904 925/1387/925
f 1050/2539/1050 924/2494/924 985/2516/985
f 1264/1386/1264 1263/1383/1263 1259/1375/1259
f 1915/779/1915 1606/772/1606 1596/777/1596
f 904/1395/904 1039/1401/1039 1027/1412/1027
f 904/1395/904 1027/1412/1027 925/1387/925
f 1039/1401/1039 1040/1405/1040 1027/1412/1027
f 925/2249/925 1027/2235/1027 1067/2228/1067
f 1067/216/1067 1068/212/1068 1076/248/1076
f 1054/2362/1054 1076/2376/1076 1057/2372/1057
f 1058/2798/1058 985/2795/985 903/2771/903
f 903/1128/903 972/1120/972 776/1132/776
f 1040/1405/1040 1060/1415/1060 1027/1412/1027
f 1060/1415/1060 1061/1420/1061 1027/1412/1027
f 1027/2235/1027 1068/2213/1068 1067/2228/1067
f 1076/1665/1076 973/1666/973 1065/1699/1065
f 636/3252/636 555/3245/555 944/3236/944
f 555/3245/555 624/3231/624 944/3236/944
f 944/2553/944 985/2516/985 968/2561/968
f 968/2561/968 985/2516/985 1058/2526/1058
f 1058/2798/1058 903/2771/903 905/2782/905
f 905/1141/905 903/1128/903 776/1132/776
f 1061/1420/1061 971/1426/971 1027/1412/1027
f 965/2381/965 947/2404/947 973/2391/973
f 1076/2376/1076 965/2381/965 973/2391/973
f 636/3606/636 944/3604/944 968/3605/968
f 1765/287/1765 1997/175/1997 1837/153/1837
f 1272/2834/1272 1368/2835/1368 1382/2868/1382
f 968/2561/968 1058/2526/1058 967/2530/967
f 967/2804/967 1058/2798/1058 905/2782/905
f 970/1430/970 959/1434/959 963/1436/963
f 959/1434/959 964/1437/964 963/1436/963
f 964/1437/964 945/1442/945 963/1436/963
f 945/1442/945 946/1447/946 963/1436/963
f 1225/1439/1225 1287/1435/1287 1362/1431/1362
f 946/1447/946 950/1453/950 1074/1454/1074
f 946/1447/946 1074/1454/1074 963/1436/963
f 963/2224/963 1074/2216/1074 937/2206/937
f 950/1453/950 1017/1457/1017 1074/1454/1074
f 1074/2216/1074 948/2199/948 937/2206/937
f 937/208/937 957/233/957 901/237/901
f 961/1650/961 774/1690/774 955/1688/955
f 637/3271/637 968/3257/968 962/3279/962
f 938/1459/938 952/1463/952 1098/1468/1098
f 938/1459/938 1098/1468/1098 1074/1454/1074
f 1074/2216/1074 1098/2209/1098 948/2199/948
f 957/233/957 1104/219/1104 1108/241/1108
f 957/2403/957 1108/2431/1108 961/2423/961
f 961/1650/961 1108/1647/1108 774/1690/774
f 1122/2576/1122 962/2565/962 954/2540/954
f 1122/2576/1122 954/2540/954 1005/2559/1005
f 1226/1458/1226 1220/1455/1220 1227/1452/1227
f 1738/179/1738 1908/160/1908 1734/139/1734
f 960/1265/960 774/1297/774 718/1343/718
f 952/1463/952 1099/1469/1099 1098/1468/1098
f 1005/2838/1005 960/2799/960 1048/2810/1048
f 1285/2211/1285 1227/2236/1227 1240/2220/1240
f 664/3295/664 962/3279/962 1122/3286/1122
f 1048/1312/1048 960/1265/960 718/1343/718
f 1034/1476/1034 1097/1483/1097 1098/1468/1098
f 1098/2209/1098 1019/2183/1019 1104/2192/1104
f 1734/833/1734 1891/832/1891 1599/835/1599
f 1108/2431/1108 1032/2427/1032 717/2463/717
f 1108/1647/1108 717/1669/717 718/1689/718
f 1019/210/1019 1009/225/1009 1032/242/1032
f 953/2590/953 1005/2559/1005 1025/2566/1025
f 981/1498/981 974/1503/974 984/1491/984
f 1009/2432/1009 757/2472/757 1032/2427/1032
f 1000/2863/1000 1025/2839/1025 1016/2842/1016
f 995/2851/995 1000/2863/1000 1016/2842/1016
f 1002/1510/1002 1004/1516/1004 992/1517/992
f 1002/1510/1002 992/1517/992 974/1503/974
f 974/2194/974 992/2189/992 993/2170/993
f 1686/1165/1686 1766/1167/1766 1683/1188/1683
f 1681/1163/1681 1686/1165/1686 1685/1181/1685
f 656/3332/656 1008/3320/1008 983/3327/983
f 983/2599/983 1000/2579/1000 1134/2588/1134
f 1459/591/1459 1565/535/1565 1574/497/1574
f 1786/76/1786 1710/103/1710 1804/140/1804
f 1013/1521/1013 1055/1524/1055 992/1517/992
f 654/2602/654 983/2599/983 1134/2588/1134
f 995/1371/995 763/1418/763 1138/1399/1138
f 1138/1399/1138 763/1418/763 778/1450/778
f 976/1528/976 997/1527/997 992/1517/992
f 990/1532/990 1052/1534/1052 997/1527/997
f 997/2178/997 986/2153/986 993/2170/993
f 993/211/993 986/218/986 994/239/994
f 1143/1642/1143 716/1681/716 994/1656/994
f 994/1656/994 716/1681/716 975/1668/975
f 1467/624/1467 1455/500/1455 1457/505/1457
f 1191/2426/1191 1201/2433/1201 1180/2470/1180
f 1052/1534/1052 1102/1537/1102 997/1527/997
f 1212/1539/1212 1131/1542/1131 1102/1537/1102
f 1968/559/1968 1822/558/1822 1830/561/1830
f 1528/1972/1528 806/1957/806 1525/1946/1525
f 1143/1642/1143 1049/1649/1049 716/1681/716
f 1595/1021/1595 1630/1016/1630 1525/1002/1525
f 1134/2885/1134 1138/2861/1138 1157/2864/1157
f 1124/1544/1124 1133/1548/1133 1102/1537/1102
f 986/218/986 1044/213/1044 1041/245/1041
f 986/218/986 1041/245/1041 1143/247/1143
f 1143/2473/1143 1041/2455/1041 1049/2495/1049
f 1807/93/1807 1806/46/1806 1749/68/1749
f 1053/2606/1053 1134/2588/1134 1038/2598/1038
f 660/2671/660 1519/2662/1519 1636/2654/1636
f 806/1957/806 828/1951/828 1642/1942/1642
f 1059/1400/1059 1157/1390/1157 770/1460/770
f 1713/42/1713 1810/102/1810 1732/105/1732
f 1133/1548/1133 1044/1547/1044 1102/1537/1102
f 1788/896/1788 1850/893/1850 1739/890/1739
f 1558/1194/1558 1425/1192/1425 1431/1200/1431
f 1500/482/1500 1603/490/1603 1584/469/1584
f 633/2614/633 1053/2606/1053 1038/2598/1038
f 1051/1556/1051 1063/1558/1063 1044/1547/1044
f 1044/213/1044 1047/220/1047 1041/245/1041
f 1041/2455/1041 1030/2501/1030 1043/2500/1043
f 1043/1655/1043 1030/1654/1030 694/1686/694
f 1750/52/1750 1713/42/1713 1732/105/1732
f 1490/673/1490 1491/587/1491 1449/629/1449
f 1208/1397/1208 1219/1404/1219 800/1471/800
f 1018/1563/1018 1046/1566/1046 1063/1558/1063
f 621/2931/621 1561/2955/1561 1429/2943/1429
f 1042/1406/1042 1059/1400/1059 989/1478/989
f 1707/906/1707 1854/902/1854 1788/896/1788
f 1020/1573/1020 1092/1576/1092 1063/1558/1063
f 1047/220/1047 1037/251/1037 1041/245/1041
f 1041/2455/1041 1037/2476/1037 1030/2501/1030
f 1030/1654/1030 728/1687/728 694/1686/694
f 506/3396/506 1022/3385/1022 1107/3394/1107
f 1160/2918/1160 1042/2903/1042 721/2890/721
f 721/1444/721 1042/1406/1042 989/1478/989
f 1092/1576/1092 1033/1578/1033 1177/1572/1177
f 1724/914/1724 1849/918/1849 1853/916/1853
f 1063/2163/1063 1177/2149/1177 1047/2137/1047
f 1047/2137/1047 1177/2149/1177 1095/2125/1095
f 1047/220/1047 1095/227/1095 1037/251/1037
f 1749/68/1749 1722/33/1722 1746/29/1746
f 1030/1654/1030 1037/1644/1037 1100/1683/1100
f 1421/999/1421 1423/1001/1423 808/935/808
f 1035/1583/1035 1175/1579/1175 1177/1572/1177
f 1250/1585/1250 1251/1588/1251 1175/1579/1175
f 1095/2458/1095 1118/2469/1118 1105/2502/1105
f 1105/1646/1105 1170/1682/1170 1100/1683/1100
f 642/2638/642 1160/2615/1160 1176/2619/1176
f 1176/2924/1176 1160/2918/1160 1088/2910/1088
f 1986/562/1986 1980/711/1980 1982/648/1982
f 1251/1588/1251 1165/1594/1165 1175/1579/1175
f 1719/923/1719 1839/927/1839 1886/925/1886
f 1419/2177/1419 1521/2191/1521 1533/2166/1533
f 1088/1417/1088 721/1444/721 1100/1472/1100
f 1166/1596/1166 1077/1600/1077 1066/1590/1066
f 1166/1596/1166 1066/1590/1066 1175/1579/1175
f 1077/1600/1077 1079/1603/1079 1066/1590/1066
f 1118/2469/1118 1093/2468/1093 1105/2502/1105
f 622/2969/622 1412/3003/1412 1539/2984/1539
f 1722/920/1722 1769/931/1769 1746/929/1746
f 1079/1603/1079 1089/1606/1089 1066/1590/1066
f 1066/2140/1066 1086/2107/1086 1094/2112/1094
f 1090/1610/1090 1069/1613/1069 1075/1599/1075
f 1090/1610/1090 1075/1599/1075 1066/1590/1066
f 1069/1613/1069 1064/1615/1064 1075/1599/1075
f 1424/2550/1424 1426/2521/1426 1346/2541/1346
f 1075/2130/1075 1073/2095/1073 1086/2107/1086
f 651/3441/651 1083/3414/1083 1091/3418/1091
f 1091/2650/1091 1083/2645/1083 1072/2639/1072
f 1072/2935/1072 1087/2929/1087 1085/2908/1085
f 1085/1429/1085 765/1495/765 775/1467/775
f 1064/1615/1064 1080/1618/1080 1075/1599/1075
f 1080/1618/1080 1081/1620/1081 1075/1599/1075
f 1094/222/1094 1086/224/1086 1082/260/1082
f 1094/222/1094 1082/260/1082 1093/258/1093
f 1093/2468/1093 1082/2483/1082 764/2503/764
f 1062/1622/1062 1130/1624/1130 1110/1607/1110
f 645/3438/645 1135/3415/1135 1198/3412/1198
f 1075/2130/1075 1110/2123/1110 1073/2095/1073
f 1706/940/1706 1777/951/1777 1712/949/1712
f 1082/1651/1082 772/1691/772 1078/1685/1078
f 1213/2934/1213 1072/2935/1072 1141/2911/1141
f 545/3442/545 1139/3431/1139 1135/3415/1135
f 1141/1428/1141 775/1467/775 771/1488/771
f 1130/1624/1130 1070/1626/1070 1110/1607/1110
f 1465/2215/1465 1354/2190/1354 779/2197/779
f 1082/2483/1082 1140/2475/1140 1209/2509/1209
f 1082/1651/1082 1209/1664/1209 772/1691/772
f 635/3437/635 643/3447/643 1213/3423/1213
f 1213/2934/1213 1141/2911/1141 1155/2909/1155
f 1071/1628/1071 1210/1631/1210 1110/1607/1110
f 1210/1631/1210 1203/1634/1203 1200/1617/1200
f 1711/957/1711 1896/970/1896 1895/972/1895
f 1210/1631/1210 1200/1617/1200 1110/1607/1110
f 1976/663/1976 1797/459/1797 1801/471/1801
f 1110/2123/1110 1121/2090/1121 1073/2095/1073
f 1073/231/1073 1121/232/1121 1136/263/1136
f 1136/2464/1136 1142/2479/1142 1140/2475/1140
f 1200/2117/1200 1216/2087/1216 1121/2090/1121
f 1355/1257/1355 1468/1254/1468 1417/1260/1417
f 1121/232/1121 1216/244/1216 1142/267/1142
f 1121/232/1121 1142/267/1142 1136/263/1136
f 592/3612/592 1132/3610/1132 1111/3611/1111
f 661/3452/661 635/3437/635 1132/3430/1132
f 1985/492/1985 1791/441/1791 1986/562/1986
f 1214/1638/1214 1113/1637/1113 1187/1609/1187
f 1200/2117/1200 1187/2113/1187 1216/2087/1216
f 1873/632/1873 1486/636/1486 1493/631/1493
f 1142/267/1142 1216/244/1216 1119/273/1119
f 1125/257/1125 1117/262/1117 1101/278/1101
f 1142/2479/1142 1119/2471/1119 736/2506/736
f 1111/2685/1111 1183/2681/1183 1182/2695/1182
f 592/3443/592 661/3452/661 1132/3430/1132
f 1132/2674/1132 1123/2657/1123 1115/2669/1115
f 1123/1411/1123 771/1488/771 755/1487/755
f 1114/1635/1114 1127/1633/1127 1187/1609/1187
f 1111/2685/1111 1132/2674/1132 1115/2669/1115
f 1129/2900/1129 1115/2927/1115 1123/2919/1123
f 1129/1425/1129 1123/1411/1123 755/1487/755
f 1103/1630/1103 1126/1627/1126 1106/1605/1106
f 1187/2113/1187 1106/2110/1106 1125/2077/1125
f 1470/1259/1470 1355/1257/1355 1417/1260/1417
f 1216/244/1216 1125/257/1125 1119/273/1119
f 1171/1623/1171 1169/1621/1169 1117/1598/1117
f 1106/2110/1106 1117/2097/1117 1125/2077/1125
f 1119/2471/1119 1101/2487/1101 1112/2504/1112
f 1125/257/1125 1101/278/1101 1119/273/1119
f 1139/3431/1139 597/3450/597 1111/3421/1111
f 1116/1619/1116 1120/1616/1120 1117/1598/1117
f 1169/1621/1169 1116/1619/1116 1117/1598/1117
f 1112/1671/1112 1101/1675/1101 767/1710/767
f 1412/3003/1412 652/2992/652 1461/3018/1461
f 1139/2696/1139 1111/2685/1111 1182/2695/1182
f 1246/1614/1246 1224/1593/1224 1117/1598/1117
f 1135/2707/1135 1139/2696/1139 1182/2695/1182
f 1713/42/1713 1711/8/1711 1730/5/1730
f 1322/1612/1322 1179/1608/1179 1224/1593/1224
f 1224/2100/1224 1242/2098/1242 1168/2070/1168
f 1249/2461/1249 1173/2496/1173 1101/2487/1101
f 1247/2881/1247 1182/2896/1182 1096/2867/1096
f 797/1474/797 1096/1424/1096 768/1490/768
f 1178/1604/1178 1158/1601/1158 1242/1589/1242
f 1158/1601/1158 1159/1597/1159 1161/1580/1161
f 1168/2460/1168 1172/2498/1172 1173/2496/1173
f 1985/492/1985 1982/648/1982 1970/555/1970
f 1198/2718/1198 1135/2707/1135 1247/2712/1247
f 1198/2718/1198 1247/2712/1247 1188/2730/1188
f 1188/1403/1188 797/1474/797 783/1481/783
f 1161/2106/1161 1241/2079/1241 1242/2098/1242
f 1242/2098/1242 1241/2079/1241 1168/2070/1168
f 1996/696/1996 1999/472/1999 1913/637/1913
f 1237/1591/1237 1163/1570/1163 1161/1580/1161
f 1719/923/1719 1884/930/1884 1839/927/1839
f 1539/2786/1539 1412/2793/1412 1426/2812/1426
f 596/2729/596 1198/2718/1198 1188/2730/1188
f 1237/1591/1237 1137/1586/1137 1163/1570/1163
f 1161/2106/1161 1163/2111/1163 1241/2079/1241
f 1168/2460/1168 1154/2459/1154 1172/2498/1172
f 672/3404/672 673/3400/673 1148/3390/1148
f 1151/1577/1151 1186/1557/1186 1163/1570/1163
f 1146/1574/1146 1144/1569/1144 1186/1557/1186
f 1163/2111/1163 1186/2115/1186 1150/2084/1150
f 1172/1702/1172 1153/1714/1153 1167/1733/1167
f 1279/2813/1279 1156/2809/1156 1221/2789/1221
f 1156/1416/1156 777/1484/777 1223/1477/1223
f 1144/1569/1144 1152/1565/1152 1186/1557/1186
f 1153/1714/1153 1215/1732/1215 1167/1733/1167
f 1186/2115/1186 1256/2094/1256 1150/2084/1150
f 1256/318/1256 1229/337/1229 1293/320/1293
f 1429/2522/1429 1555/2517/1555 1421/2554/1421
f 1260/2124/1260 1229/2103/1229 1256/2094/1256
f 1199/1545/1199 1202/1543/1202 1254/1538/1254
f 1260/2124/1260 1254/2138/1254 1229/2103/1229
f 1229/2444/1229 1192/2457/1192 1207/2489/1207
f 582/2788/582 1231/2781/1231 1194/2828/1194
f 1194/2828/1194 1231/2781/1231 1219/2796/1219
f 1444/2411/1444 1431/2419/1431 1427/2446/1427
f 1996/696/1996 1942/872/1942 1988/721/1988
f 1273/1540/1273 1185/1535/1185 1193/1520/1193
f 1254/2138/1254 1197/2118/1197 1229/2103/1229
f 1211/2800/1211 582/2788/582 1194/2828/1194
f 1194/2739/1194 1208/2759/1208 758/2743/758
f 1195/1533/1195 1196/1531/1196 1193/1520/1193
f 1184/357/1184 1191/371/1191 1197/351/1197
f 1197/351/1197 1191/371/1191 1192/355/1192
f 581/3355/581 665/3365/665 1211/3350/1211
f 1196/1531/1196 1174/1526/1174 1193/1520/1193
f 1174/1526/1174 1181/1522/1181 1193/1520/1193
f 1635/3507/1635 577/3499/577 1557/3505/1557
f 581/3355/581 1211/3350/1211 1206/3338/1206
f 1519/2662/1519 1635/2678/1635 1680/2686/1680
f 1969/548/1969 1829/545/1829 1825/550/1825
f 1457/2016/1457 796/1979/796 814/1990/814
f 1184/2129/1184 1314/2152/1314 1191/2141/1191
f 1191/371/1191 1314/384/1314 1201/382/1201
f 1635/2678/1635 1557/2694/1557 1680/2686/1680
f 1204/3601/1204 1206/3603/1206 1291/3602/1291
f 1189/1511/1189 1317/1509/1317 1295/1500/1295
f 1317/1509/1317 1316/1506/1316 1295/1500/1295
f 1314/384/1314 1320/395/1320 1201/382/1201
f 1320/2393/1320 784/2408/784 1253/2437/1253
f 1201/1770/1201 1253/1795/1253 766/1783/766
f 658/3328/658 1204/3341/1204 1284/3314/1284
f 1473/1162/1473 1474/1159/1474 1416/1175/1416
f 1291/2713/1291 1205/2723/1205 1318/2698/1318
f 1405/1157/1405 1406/1155/1406 1415/1176/1415
f 1318/1359/1318 1205/1381/1205 1262/1422/1262
f 1205/1381/1205 769/1445/769 1262/1422/1262
f 1434/1984/1434 815/1954/815 762/1960/762
f 1569/2518/1569 1570/2534/1570 1564/2551/1564
f 1316/1506/1316 1324/1502/1324 1295/1500/1295
f 1324/1502/1324 1321/1499/1321 1295/1500/1295
f 1981/527/1981 1816/519/1816 1966/531/1966
f 1404/1153/1404 1407/1151/1407 1415/1176/1415
f 1295/2180/1295 1248/2188/1248 1320/2167/1320
f 1321/1499/1321 1236/1496/1236 1295/1500/1295
f 1320/2393/1320 1248/2379/1248 784/2408/784
f 1718/855/1718 1763/848/1763 1709/845/1709
f 1709/845/1709 1756/843/1756 1758/839/1758
f 1235/2680/1235 1238/2688/1238 1234/2676/1234
f 1315/1479/1315 1230/1473/1230 1285/1470/1285
f 1230/1473/1230 1232/1465/1232 1285/1470/1285
f 1252/433/1252 1240/448/1240 1243/442/1243
f 1232/1465/1232 1222/1462/1222 1285/1470/1285
f 1220/1455/1220 1217/1449/1217 1227/1452/1227
f 1240/448/1240 1372/488/1372 1228/466/1228
f 1240/448/1240 1228/466/1228 1243/442/1243
f 1228/2348/1228 788/2347/788 1243/2364/1243
f 1243/1828/1243 788/1858/788 794/1831/794
f 1217/1449/1217 1280/1443/1280 1218/1441/1218
f 1218/2248/1218 1362/2262/1362 1372/2252/1372
f 1296/2644/1296 1233/2661/1233 1288/2663/1288
f 1239/3581/1239 580/3591/580 1336/3585/1336
f 1372/488/1372 1383/491/1383 1228/466/1228
f 1383/2328/1383 724/2325/724 788/2347/788
f 1228/2348/1228 1383/2328/1383 788/2347/788
f 788/1858/788 724/1890/724 1290/1880/1290
f 1296/2644/1296 1288/2663/1288 1290/2648/1290
f 1390/1432/1390 1381/1427/1381 1362/1431/1362
f 1381/1427/1381 1385/1423/1385 1362/1431/1362
f 1362/2262/1362 1366/2281/1366 1372/2252/1372
f 1383/2328/1383 1276/2316/1276 724/2325/724
f 1368/2835/1368 1296/2870/1296 1382/2868/1382
f 1382/2632/1382 1296/2644/1296 1290/2648/1290
f 1385/1423/1385 1373/1419/1373 1327/1413/1327
f 1385/1423/1385 1327/1413/1327 1362/1431/1362
f 1373/1419/1373 1379/1409/1379 1327/1413/1327
f 1362/2262/1362 1327/2277/1327 1366/2281/1366
f 1276/1906/1276 759/1915/759 724/1890/724
f 1832/791/1832 1586/793/1586 1598/795/1598
f 1379/1409/1379 1367/1402/1367 1265/1392/1265
f 1379/1409/1379 1265/1392/1265 1327/1413/1327
f 1367/1402/1367 1269/1398/1269 1265/1392/1265
f 1327/2277/1327 1265/2291/1265 1366/2281/1366
f 1790/796/1790 1540/787/1540 1951/782/1951
f 584/3247/584 1272/3243/1272 576/3228/576
f 1272/2834/1272 1382/2868/1382 1271/2866/1271
f 1271/2616/1271 1286/2641/1286 1394/2627/1394
f 1269/1398/1269 1266/1393/1266 1265/1392/1265
f 1266/1393/1266 1267/1389/1267 1265/1392/1265
f 1274/2841/1274 1272/2834/1272 1271/2866/1271
f 1955/188/1955 1959/234/1959 1798/240/1798
f 1394/1179/1394 1286/1275/1286 761/1228/761
f 1264/1386/1264 1259/1375/1259 1265/1392/1265
f 1726/763/1726 1607/770/1607 1606/772/1606
f 576/3562/576 1274/3567/1274 1270/3560/1270
f 1396/2862/1396 1274/2841/1274 1271/2866/1271
f 1263/1383/1263 1261/1380/1261 1259/1375/1259
f 1261/1380/1261 1257/1376/1257 1259/1375/1259
f 1259/2309/1259 1393/2320/1393 1258/2303/1258
f 594/3222/594 576/3228/576 1270/3208/1270
f 1258/697/1258 1393/768/1393 1397/687/1397
f 1975/275/1975 1747/206/1747 1817/203/1817
f 1394/1179/1394 761/1228/761 1335/1137/1335
f 1257/1376/1257 1329/1373/1329 1259/1375/1259
f 1275/1959/1275 1397/1985/1397 1268/1955/1268
f 1374/2830/1374 1270/2832/1270 1396/2862/1396
f 1396/2600/1396 1394/2627/1394 1335/2607/1335
f 1328/1369/1328 1337/1366/1337 1259/1375/1259
f 1337/1366/1337 1334/1364/1334 1344/1357/1344
f 1259/2309/1259 1344/2321/1344 1333/2330/1333
f 1393/768/1393 1398/736/1398 1397/687/1397
f 1268/1955/1268 1397/1985/1397 798/1970/798
f 1971/739/1971 1593/748/1593 1972/751/1972
f 1313/2858/1313 1374/2830/1374 1396/2862/1396
f 1403/1126/1403 1335/1137/1335 798/1134/798
f 1334/1364/1334 1345/1358/1345 1344/1357/1344
f 1344/2321/1344 1307/2342/1307 1333/2330/1333
f 1398/2280/1398 1326/2264/1326 1397/2279/1397
f 1397/1985/1397 1326/2025/1326 1312/1988/1312
f 561/3188/561 1374/3197/1374 1255/3184/1255
f 1255/2827/1255 1374/2830/1374 1313/2858/1313
f 1962/290/1962 1952/297/1952 1958/319/1958
f 1333/819/1333 1326/759/1326 1398/736/1398
f 1255/2827/1255 1313/2858/1313 1302/2826/1302
f 1326/2025/1326 789/2020/789 1312/1988/1312
f 585/3174/585 561/3188/561 1255/3184/1255
f 1301/2581/1301 1313/2596/1313 1309/2597/1309
f 1313/1121/1313 1403/1126/1403 1309/1114/1309
f 1344/2331/1344 1348/2341/1348 1307/2342/1307
f 1958/728/1958 1547/725/1547 1531/722/1531
f 560/3156/560 585/3174/585 1302/3164/1302
f 1305/1341/1305 1303/1338/1303 1348/1340/1348
f 1809/718/1809 1623/720/1623 1633/723/1633
f 1303/1338/1303 1300/1335/1300 1348/1340/1348
f 1299/2575/1299 1301/2581/1301 1309/2597/1309
f 1326/759/1326 1311/857/1311 1319/773/1319
f 648/3151/648 560/3156/560 1302/3164/1302
f 1765/287/1765 1995/349/1995 1998/373/1998
f 648/2822/648 1302/2826/1302 1301/2856/1301
f 1299/2575/1299 1309/2597/1309 1310/2592/1310
f 1957/338/1957 1995/349/1995 1815/308/1815
f 1300/1335/1300 1297/1333/1297 1298/1330/1298
f 1348/2341/1348 1298/2353/1298 1311/2359/1311
f 1311/857/1311 1364/822/1364 1319/773/1319
f 648/2822/648 1301/2856/1301 611/2824/611
f 611/2824/611 1301/2856/1301 1299/2857/1299
f 1294/1329/1294 1292/1326/1292 1298/1330/1298
f 1292/1326/1292 1289/1323/1289 1439/1316/1439
f 1292/1326/1292 1439/1316/1439 1298/1330/1298
f 1298/2353/1298 1439/2361/1439 1458/2375/1458
f 1311/2359/1311 1458/2375/1458 1364/2369/1364
f 1319/2063/1319 1440/2081/1440 799/2047/799
f 1353/3540/1353 648/3543/648 611/3538/611
f 611/2824/611 1299/2857/1299 1435/2852/1435
f 1435/2574/1435 1299/2575/1299 1310/2592/1310
f 1435/1091/1435 1310/1101/1310 799/1085/799
f 1289/1323/1289 1437/1320/1437 1439/1316/1439
f 1437/1320/1437 1436/1315/1436 1439/1316/1439
f 1458/895/1458 1371/801/1371 1364/822/1364
f 1436/1315/1436 1376/1313/1376 1439/1316/1439
f 1376/1313/1376 1441/1309/1441 1439/1316/1439
f 1440/2081/1440 1369/2069/1369 799/2047/799
f 1442/1078/1442 1435/1091/1435 799/1085/799
f 1441/1309/1441 1456/1306/1456 1352/1305/1352
f 1456/1306/1456 1452/1302/1452 1352/1305/1352
f 1458/2375/1458 1352/2371/1352 1351/2387/1351
f 1458/895/1458 1351/883/1351 1370/799/1370
f 1458/895/1458 1370/799/1370 1371/801/1371
f 1371/2245/1371 1370/2233/1370 1369/2227/1369
f 630/2814/630 629/2816/629 1446/2849/1446
f 1446/2547/1446 1442/2582/1442 1451/2569/1451
f 1452/1302/1452 1339/1293/1339 1352/1305/1352
f 1462/1298/1462 1350/1295/1350 1339/1293/1339
f 1392/1058/1392 1442/1078/1442 787/1067/787
f 1338/1292/1338 1340/1290/1340 1339/1293/1339
f 1351/883/1351 1357/786/1357 1370/799/1370
f 1370/2233/1370 1357/2232/1357 1347/2214/1347
f 1395/2543/1395 1451/2569/1451 1392/2568/1392
f 630/2814/630 1446/2849/1446 1395/2847/1395
f 1446/2547/1446 1451/2569/1451 1395/2543/1395
f 1351/2387/1351 1339/2378/1339 1358/2402/1358
f 1351/883/1351 1358/813/1358 1357/786/1357
f 1347/2076/1347 1332/2092/1332 786/2065/786
f 603/3065/603 630/3086/630 1342/3061/1342
f 1342/2807/1342 630/2814/630 1395/2847/1395
f 1325/1284/1325 1402/1282/1402 1356/1277/1356
f 1402/1282/1402 1401/1278/1401 1356/1277/1356
f 1400/868/1400 1464/783/1464 1358/813/1358
f 1358/2231/1358 1464/2225/1464 1332/2212/1332
f 607/3044/607 603/3065/603 1342/3061/1342
f 1342/2807/1342 1395/2847/1395 1399/2833/1399
f 1833/423/1833 1964/456/1964 1967/437/1967
f 1400/868/1400 1472/842/1472 1464/783/1464
f 1464/2225/1464 1450/2207/1450 1332/2212/1332
f 607/3044/607 1342/3061/1342 1471/3043/1471
f 1464/783/1464 1472/842/1472 1465/754/1465
f 1464/2225/1464 1465/2215/1465 1450/2207/1450
f 1450/2099/1450 779/2080/779 1463/2071/1463
f 613/3030/613 607/3044/607 1471/3043/1471
f 1409/1266/1409 1479/1262/1479 1417/1260/1417
f 1479/1262/1479 1470/1259/1470 1417/1260/1417
f 1711/957/1711 1856/968/1856 1896/970/1896
f 613/3519/613 1471/3521/1471 1461/3518/1461
f 1461/2801/1461 1471/2805/1471 1453/2836/1453
f 1977/627/1977 1652/630/1652 1743/633/1743
f 1472/842/1472 1359/827/1359 1331/749/1331
f 1465/2215/1465 1331/2208/1331 1354/2190/1354
f 1461/2801/1461 1453/2836/1453 1341/2829/1341
f 1341/1024/1341 785/1022/785 790/1006/790
f 1361/1251/1361 1377/1250/1377 1417/1260/1417
f 1359/827/1359 1363/756/1363 1331/749/1331
f 652/2992/652 616/3016/616 1461/3018/1461
f 1461/2801/1461 1341/2829/1341 1346/2819/1346
f 1375/1245/1375 1386/1239/1386 1377/1250/1377
f 1417/2392/1417 1377/2400/1377 1359/2429/1359
f 1359/2429/1359 1377/2400/1377 1363/2435/1363
f 1913/637/1913 1999/472/1999 1992/460/1992
f 1365/1242/1365 1380/1238/1380 1386/1239/1386
f 1346/1015/1346 790/1006/790 804/990/804
f 1391/1232/1391 1389/1229/1389 1386/1239/1386
f 1420/2198/1420 1419/2177/1419 1363/2204/1363
f 1432/1226/1432 1433/1223/1433 1682/1224/1682
f 1729/41/1729 1705/10/1705 1698/45/1698
f 1539/2786/1539 1426/2812/1426 1554/2803/1554
f 1698/45/1698 1708/18/1708 1693/25/1693
f 1423/1001/1423 1424/1009/1424 804/990/804
f 1562/1219/1562 1559/1216/1559 1682/1224/1682
f 649/3512/649 1539/3513/1539 1551/3511/1551
f 1423/1001/1423 803/981/803 801/932/801
f 1559/1216/1559 1550/1214/1550 1682/1224/1682
f 1982/594/1982 1643/593/1643 1838/596/1838
f 1521/2191/1521 1387/2182/1387 1533/2166/1533
f 1552/1211/1552 1684/1209/1684 1682/1224/1682
f 1684/1209/1684 1444/1208/1444 1682/1224/1682
f 1682/2405/1682 1444/2411/1444 1427/2446/1427
f 1387/2182/1387 1438/2162/1438 1533/2166/1533
f 621/2931/621 1551/2956/1551 1561/2955/1561
f 1749/68/1749 1806/46/1806 1722/33/1722
f 1423/1001/1423 801/932/801 808/935/808
f 1448/1206/1448 1445/1203/1445 1444/1208/1444
f 1427/724/1427 1384/651/1384 1387/667/1387
f 1387/2182/1387 1384/2174/1384 1430/2151/1430
f 1555/2517/1555 1423/2555/1423 1421/2554/1421
f 1560/1197/1560 1558/1194/1558 1444/1208/1444
f 1973/571/1973 1827/567/1827 1824/570/1824
f 1558/1194/1558 1431/1200/1431 1444/1208/1444
f 1425/1192/1425 1428/1187/1428 1431/1200/1431
f 1427/724/1427 1490/673/1490 1449/629/1449
f 1384/2174/1384 1449/2168/1449 1430/2151/1430
f 1430/2043/1430 1449/2051/1449 802/2005/802
f 1505/2762/1505 1429/2773/1429 1492/2778/1492
f 1642/1942/1642 828/1951/828 810/1936/810
f 1428/1187/1428 1517/1185/1517 1509/1191/1509
f 1428/1187/1428 1509/1191/1509 1431/1200/1431
f 1431/2419/1431 1490/2452/1490 1427/2446/1427
f 1517/1185/1517 1534/1182/1534 1509/1191/1509
f 623/2921/623 647/2920/647 1505/2933/1505
f 1489/2769/1489 1505/2762/1505 1492/2778/1492
f 1489/2537/1489 1492/2520/1492 1421/2554/1421
f 1534/1182/1534 1512/1178/1512 1509/1191/1509
f 1491/2042/1491 1502/2027/1502 802/2005/802
f 1698/45/1698 1725/57/1725 1813/114/1813
f 1699/885/1699 1739/890/1739 1740/887/1740
f 1502/2027/1502 817/1986/817 802/2005/802
f 659/2891/659 623/2921/623 1481/2922/1481
f 1481/2744/1481 623/2753/623 1454/2747/1454
f 1983/556/1983 1948/553/1948 1947/551/1947
f 1490/673/1490 1410/641/1410 1491/587/1491
f 1988/721/1988 1981/892/1981 1966/884/1966
f 1807/93/1807 1749/68/1749 1834/121/1834
f 1502/2027/1502 814/1990/814 817/1986/817
f 1526/1177/1526 1545/1180/1545 1645/1198/1645
f 1413/1164/1413 1473/1162/1473 1475/1183/1475
f 1473/1162/1473 1416/1175/1416 1475/1183/1475
f 1410/2445/1410 1475/2420/1475 1467/2454/1467
f 1502/2136/1502 1469/2154/1469 1457/2133/1457
f 1698/45/1698 1813/114/1813 1803/108/1803
f 1476/2512/1476 1454/2514/1454 1460/2549/1460
f 1460/1004/1460 1447/998/1447 780/943/780
f 1406/1155/1406 1404/1153/1404 1415/1176/1415
f 1569/2518/1569 1564/2551/1564 1557/2529/1557
f 1475/2420/1475 1459/2447/1459 1467/2454/1467
f 1467/624/1467 1459/591/1459 1455/500/1455
f 1415/2416/1415 1414/2418/1414 1459/2447/1459
f 566/2728/566 1476/2745/1476 1570/2734/1570
f 1570/2534/1570 1476/2512/1476 1460/2549/1460
f 1927/547/1927 1950/544/1950 1909/542/1909
f 1466/1149/1466 1422/1147/1422 1495/1174/1495
f 1455/2008/1455 1574/1994/1574 816/1971/816
f 566/2728/566 1570/2734/1570 1569/2716/1569
f 1563/1161/1563 1681/1163/1681 1685/1181/1685
f 1414/2418/1414 1495/2415/1495 1565/2449/1565
f 1414/2418/1414 1565/2449/1565 1459/2447/1459
f 1574/1994/1574 762/1960/762 816/1971/816
f 1566/2705/1566 1569/2716/1569 1557/2694/1557
f 1459/591/1459 1574/497/1574 1455/500/1455
f 1567/1158/1567 1563/1161/1563 1685/1181/1685
f 1556/1012/1556 1564/1010/1564 762/988/762
f 1812/119/1812 1923/109/1923 1814/91/1814
f 1942/538/1942 1934/532/1934 1932/528/1932
f 1565/535/1565 1434/496/1434 1574/497/1574
f 1694/877/1694 1859/869/1859 1704/867/1704
f 1434/496/1434 1538/507/1538 1553/485/1553
f 1680/2528/1680 1557/2529/1557 1630/2562/1630
f 1630/1016/1630 1556/1012/1556 795/995/795
f 1814/875/1814 1892/874/1892 1905/878/1905
f 1766/1167/1766 1760/1169/1760 1683/1188/1683
f 1528/1972/1528 1525/1946/1525 815/1954/815
f 1680/2528/1680 1630/2562/1630 1595/2567/1595
f 1630/1016/1630 815/997/815 1525/1002/1525
f 1526/1177/1526 1645/1198/1645 1683/1188/1683
f 1553/2132/1553 806/2108/806 1528/2105/1528
f 1710/103/1710 1699/74/1699 1694/84/1694
f 1519/2544/1519 1680/2528/1680 1595/2567/1595
f 1799/886/1799 1785/882/1785 1903/888/1903
f 1545/1180/1545 1658/1184/1658 1645/1198/1645
f 1658/1184/1658 1665/1186/1665 1645/1198/1645
f 1645/499/1645 1603/490/1603 1500/482/1500
f 1500/2135/1500 1584/2131/1584 806/2108/806
f 1665/1186/1665 1653/1190/1653 1646/1205/1646
f 1653/1190/1653 1657/1193/1657 1646/1205/1646
f 1645/2428/1645 1646/2406/1646 1603/2440/1603
f 606/2907/606 660/2913/660 1636/2928/1636
f 1595/1021/1595 1525/1002/1525 810/1011/810
f 1614/1195/1614 792/1199/792 1646/1205/1646
f 1928/574/1928 1907/563/1907 1937/565/1937
f 1603/490/1603 846/468/846 1584/469/1584
f 1584/2131/1584 846/2139/846 828/2109/828
f 609/3515/609 1636/3514/1636 829/3516/829
f 1931/584/1931 1755/575/1755 1928/574/1928
f 1931/584/1931 1764/582/1764 1753/579/1753
f 1931/584/1931 1753/579/1753 1671/577/1671
f 1929/597/1929 1687/589/1687 1931/584/1931
f 1938/609/1938 1482/610/1482 1690/607/1690
f 1939/619/1939 1582/620/1582 1581/615/1581
f 1939/619/1939 1581/615/1581 1483/612/1483
f 1873/632/1873 1579/625/1579 1480/622/1480
f 1873/632/1873 1493/631/1493 1484/628/1484
f 1852/645/1852 1486/636/1486 1873/632/1873
f 1870/658/1870 1488/659/1488 1511/655/1511
f 1870/658/1870 1494/661/1494 1488/659/1488
f 1936/670/1936 1513/671/1513 1516/668/1516
f 1961/682/1961 1520/677/1520 1504/675/1504
f 1961/682/1961 1504/675/1504 1936/670/1936
f 1936/670/1936 1504/675/1504 1513/671/1513
f 1765/287/1765 1993/425/1993 1989/444/1989
f 1961/682/1961 1503/683/1503 1514/679/1514
f 1961/682/1961 1514/679/1514 1520/677/1520
f 1885/700/1885 1532/692/1532 1529/688/1529
f 1885/700/1885 1529/688/1529 1961/682/1961
f 1961/682/1961 1529/688/1529 1503/683/1503
f 1941/714/1941 1527/706/1527 1885/700/1885
f 1885/700/1885 1527/706/1527 1515/702/1515
f 1958/728/1958 1523/719/1523 1941/714/1941
f 1958/728/1958 1549/730/1549 1547/725/1547
f 1952/738/1952 1651/734/1651 1647/732/1647
f 1952/738/1952 1647/732/1647 1958/728/1958
f 1958/728/1958 1647/732/1647 1549/730/1549
f 1952/738/1952 1617/740/1617 1651/734/1651
f 1792/750/1792 1620/747/1620 1626/745/1626
f 1956/767/1956 1537/761/1537 1672/757/1672
f 1956/767/1956 1672/757/1672 1792/750/1792
f 1956/767/1956 1675/769/1675 1541/765/1541
f 1951/782/1951 1649/776/1649 1648/771/1648
f 1956/767/1956 1648/771/1648 1675/769/1675
f 1790/796/1790 1543/792/1543 1540/787/1540
f 1951/782/1951 1540/787/1540 1637/784/1637
f 1790/796/1790 1542/797/1542 1535/794/1535
f 1790/796/1790 1535/794/1535 1543/792/1543
f 1696/807/1696 1759/804/1759 1762/802/1762
f 1787/817/1787 1761/808/1761 1696/807/1696
f 1696/807/1696 1761/808/1761 1759/804/1759
f 1787/817/1787 1548/818/1548 1544/814/1544
f 1787/817/1787 1544/814/1544 1677/811/1677
f 1954/828/1954 1546/823/1546 1787/817/1787
f 1789/836/1789 1673/831/1673 1752/829/1752
f 1709/845/1709 1763/848/1763 1756/843/1756
f 1718/855/1718 1669/853/1669 1676/851/1676
f 1718/855/1718 1731/862/1731 1670/858/1670
f 1694/877/1694 1842/879/1842 1841/876/1841
f 1699/885/1699 1740/887/1740 1737/881/1737
f 1788/896/1788 1739/890/1739 1699/885/1699
f 1707/906/1707 1860/907/1860 1855/904/1855
f 1724/914/1724 1853/916/1853 1851/912/1851
f 1719/923/1719 1848/921/1848 1849/918/1849
f 1719/923/1719 1849/918/1849 1724/914/1724
f 1693/936/1693 1888/933/1888 1884/930/1884
f 1693/936/1693 1887/941/1887 1889/938/1889
f 1693/936/1693 1889/938/1889 1888/933/1888
f 1715/962/1715 1863/969/1863 1866/967/1866
f 1715/962/1715 1879/974/1879 1882/971/1882
f 1700/966/1700 1867/976/1867 1715/962/1715
f 1715/962/1715 1867/976/1867 1879/974/1879
f 1700/966/1700 1864/977/1864 1868/979/1868
f 1700/966/1700 1868/979/1868 1862/978/1862
f 1712/949/1712 1878/959/1878 1773/961/1773
f 1711/957/1711 1773/961/1773 1857/965/1857
f 1706/940/1706 1781/948/1781 1777/951/1777
f 1713/42/1713 1730/5/1730 1700/3/1700
f 1706/940/1706 1771/942/1771 1770/945/1770
f 1746/929/1746 1772/934/1772 1774/939/1774
f 1746/929/1746 1774/939/1774 1706/940/1706
f 1722/920/1722 1902/919/1902 1893/922/1893
f 1806/909/1806 1890/911/1890 1876/913/1876
f 1806/909/1806 1876/913/1876 1776/917/1776
f 1728/899/1728 1894/905/1894 1775/908/1775
f 1728/899/1728 1775/908/1775 1806/909/1806
f 1728/899/1728 1904/898/1904 1877/901/1877
f 1799/886/1799 1903/888/1903 1872/891/1872
f 1996/696/1996 1983/815/1983 1927/849/1927
f 1814/875/1814 1905/878/1905 1784/880/1784
f 1725/57/1725 1795/128/1795 1813/114/1813
f 1991/530/1991 1910/521/1910 1924/520/1924
f 1748/846/1748 1898/850/1898 1702/852/1702
f 1734/833/1734 1587/840/1587 1748/846/1748
f 1908/821/1908 1692/830/1692 1734/833/1734
f 1734/833/1734 1692/830/1692 1891/832/1891
f 1908/821/1908 1589/820/1589 1585/824/1585
f 1727/810/1727 1601/816/1601 1908/821/1908
f 1908/821/1908 1601/816/1601 1589/820/1589
f 1727/810/1727 1597/809/1597 1600/812/1600
f 1831/800/1831 1612/798/1612 1610/803/1610
f 1832/791/1832 1598/795/1598 1831/800/1831
f 1915/779/1915 1592/785/1592 1590/789/1590
f 1915/779/1915 1590/789/1590 1832/791/1832
f 1832/791/1832 1590/789/1590 1586/793/1586
f 1915/779/1915 1596/777/1596 1613/781/1613
f 1726/763/1726 1606/772/1606 1915/779/1915
f 1726/763/1726 1602/762/1602 1604/766/1604
f 1972/751/1972 1609/755/1609 1611/758/1611
f 1972/751/1972 1611/758/1611 1726/763/1726
f 1971/739/1971 1591/746/1591 1593/748/1593
f 1972/751/1972 1593/748/1593 1609/755/1609
f 1971/739/1971 1608/735/1608 1615/741/1615
f 1971/739/1971 1615/741/1615 1591/746/1591
f 1963/729/1963 1621/731/1621 1605/733/1605
f 1963/729/1963 1605/733/1605 1971/739/1971
f 1971/739/1971 1605/733/1605 1608/735/1608
f 1809/718/1809 1633/723/1633 1632/726/1632
f 1809/718/1809 1632/726/1632 1963/729/1963
f 1836/704/1836 1622/709/1622 1628/713/1628
f 1805/686/1805 1625/699/1625 1836/704/1836
f 1805/686/1805 1638/684/1638 1644/689/1644
f 1805/686/1805 1644/689/1644 1624/693/1624
f 1906/674/1906 1631/678/1631 1634/680/1634
f 1906/674/1906 1629/676/1629 1631/678/1631
f 1906/674/1906 1661/669/1661 1639/672/1639
f 1967/654/1967 1716/662/1716 1965/664/1965
f 1967/654/1967 1678/656/1678 1717/660/1717
f 1964/642/1964 1723/650/1723 1967/654/1967
f 1978/617/1978 1659/613/1659 1650/616/1650
f 1970/606/1970 1847/608/1847 1660/611/1660
f 1980/581/1980 1744/583/1744 1664/586/1664
f 1980/581/1980 1845/580/1845 1744/583/1744
f 1980/581/1980 1742/576/1742 1745/578/1745
f 1968/559/1968 1830/561/1830 1823/564/1823
f 1973/571/1973 1823/564/1823 1827/567/1827
f 1968/559/1968 1826/554/1826 1822/558/1822
f 1968/559/1968 1916/552/1916 1826/554/1826
f 1990/539/1990 1926/537/1926 1969/548/1969
f 1966/531/1966 1918/524/1918 1917/526/1917
f 1966/531/1966 1917/526/1917 1990/539/1990
f 1966/531/1966 1816/519/1816 1818/522/1818
f 1981/527/1981 1819/515/1819 1821/518/1821
f 1981/527/1981 1821/518/1821 1816/519/1816
f 1991/530/1991 1921/516/1921 1925/514/1925
f 1991/530/1991 1925/514/1925 1981/527/1981
f 1942/538/1942 1910/521/1910 1991/530/1991
f 1942/538/1942 1933/525/1933 1911/523/1911
f 1927/547/1927 1912/536/1912 1934/532/1934
f 1983/556/1983 1950/544/1950 1927/547/1927
f 1983/556/1983 1947/551/1947 1946/549/1946
f 1937/565/1937 1949/560/1949 1945/557/1945
f 1937/565/1937 1945/557/1945 1983/556/1983
f 1983/556/1983 1945/557/1945 1948/553/1948
f 1943/508/1943 1928/752/1928 1913/637/1913
f 1880/445/1880 1873/470/1873 1939/495/1939
f 1880/445/1880 1852/453/1852 1873/470/1873
f 1940/413/1940 1870/434/1870 1852/453/1852
f 1960/374/1960 1936/414/1936 1940/413/1940
f 1957/338/1957 1885/362/1885 1960/374/1960
f 1959/234/1959 1792/281/1792 1962/290/1962
f 1955/188/1955 1790/189/1790 1951/205/1951
f 1953/161/1953 1787/166/1787 1955/188/1955
f 1953/161/1953 1954/151/1954 1787/166/1787
f 1953/161/1953 1789/136/1789 1954/151/1954
f 1697/132/1697 1709/125/1709 1789/136/1789
f 1697/132/1697 1704/98/1704 1718/113/1718
f 1710/103/1710 1694/84/1694 1704/98/1704
f 1786/76/1786 1707/48/1707 1788/66/1788
f 1725/57/1725 1693/25/1693 1719/32/1719
f 1698/45/1698 1705/10/1705 1708/18/1708
f 1713/42/1713 1700/3/1700 1729/41/1729
f 1713/42/1713 1712/16/1712 1711/8/1711
f 1750/52/1750 1746/29/1746 1706/23/1706
f 1807/93/1807 1728/58/1728 1806/46/1806
f 1922/147/1922 1748/124/1748 1923/109/1923
f 1922/147/1922 1923/109/1923 1812/119/1812
f 1738/179/1738 1831/185/1831 1727/171/1727
f 1747/206/1747 1832/195/1832 1831/185/1831
f 1975/275/1975 1726/261/1726 1915/215/1915
f 1975/275/1975 1915/215/1915 1747/206/1747
f 1975/275/1975 1972/280/1972 1726/261/1726
f 1963/315/1963 1971/296/1971 1975/275/1975
f 1836/354/1836 1809/336/1809 1963/315/1963
f 1974/385/1974 1805/379/1805 1836/354/1836
f 1974/385/1974 1965/419/1965 1906/399/1906
f 1833/423/1833 1967/437/1967 1965/419/1965
f 1979/457/1979 1977/474/1977 1964/456/1964
f 1979/457/1979 1964/456/1964 1833/423/1833
f 1979/457/1979 1978/498/1978 1977/474/1977
f 1986/562/1986 1982/648/1982 1985/492/1985
f 1976/663/1976 1968/806/1968 1973/764/1973
f 1976/663/1976 1973/764/1973 1986/562/1986
f 1984/710/1984 1990/871/1990 1969/841/1969
f 1984/710/1984 1966/884/1966 1990/871/1990
f 1988/721/1988 1966/884/1966 1984/710/1984
f 1988/721/1988 1991/889/1991 1981/892/1981
f 1765/287/1765 1815/308/1815 1995/349/1995
f 1957/338/1957 1960/374/1960 1995/349/1995
f 1960/374/1960 1998/373/1998 1995/349/1995
f 1765/287/1765 1791/441/1791 1796/420/1796
f 1765/287/1765 1994/394/1994 1993/425/1993
f 1765/287/1765 1989/444/1989 1992/460/1992
f 1765/287/1765 1999/472/1999 1987/479/1987
f 1988/721/1988 1793/477/1793 1987/479/1987
f 1984/710/1984 1801/471/1801 1793/477/1793
f 1765/287/1765 1793/477/1793 1801/471/1801
f 1765/287/1765 1801/471/1801 1797/459/1797
f 1765/287/1765 1797/459/1797 1791/441/1791
f 1974/385/1974 1794/380/1794 1833/423/1833
f 1765/287/1765 1794/380/1794 1800/343/1800
f 1836/354/1836 1800/343/1800 1974/385/1974
f 1836/354/1836 1820/291/1820 1800/343/1800
f 1765/287/1765 1800/343/1800 1820/291/1820
f 1836/354/1836 1963/315/1963 1820/291/1820
f 1765/287/1765 1811/180/1811 1798/240/1798
f 1953/161/1953 1955/188/1955 1798/240/1798
f 1953/161/1953 1798/240/1798 1811/180/1811
f 1765/287/1765 1802/162/1802 1811/180/1811
f 1697/132/1697 1953/161/1953 1811/180/1811
f 1765/287/1765 1804/140/1804 1802/162/1802
f 1710/103/1710 1697/132/1697 1802/162/1802
f 1765/287/1765 1795/128/1795 1804/140/1804
f 1765/287/1765 1813/114/1813 1795/128/1795
f 1725/57/1725 1786/76/1786 1795/128/1795
f 1765/287/1765 1803/108/1803 1813/114/1813
f 1922/147/1922 1837/153/1837 1997/175/1997
f 1765/287/1765 1732/105/1732 1810/102/1810
f 1713/42/1713 1729/41/1729 1810/102/1810
f 1750/52/1750 1732/105/1732 1808/110/1808
f 1765/287/1765 1834/121/1834 1808/110/1808
f 1749/68/1749 1750/52/1750 1808/110/1808
f 1807/93/1807 1834/121/1834 1835/135/1835
f 1765/287/1765 1837/153/1837 1835/135/1835
f 1738/179/1738 1922/147/1922 1997/175/1997
f 1738/179/1738 1997/175/1997 1817/203/1817
f 1765/287/1765 1817/203/1817 1997/175/1997
f 1747/206/1747 1738/179/1738 1817/203/1817
f 1975/275/1975 1817/203/1817 1820/291/1820
f 1765/287/1765 1820/291/1820 1817/203/1817
f 1963/315/1963 1975/275/1975 1820/291/1820
f 1962/290/1962 1957/338/1957 1815/308/1815
f 1962/290/1962 1815/308/1815 1798/240/1798
f 2025/3096/2025 2214/3028/2214 2202/3085/2202
f 2002/861/2002 2329/1008/2329 2000/1028/2000
f 2281/369/2281 2307/339/2307 2316/302/2316
f 2069/1784/2069 2097/1750/2097 2082/1774/2082
f 2303/81/2303 2143/144/2143 2142/95/2142
f 2323/1924/2323 2344/1939/2344 2060/1983/2060
f 2000/2004/2000 2001/1956/2001 2314/1973/2314
f 2000/1028/2000 2337/1083/2337 2001/1073/2001
f 2271/176/2271 2102/146/2102 2107/200/2107
f 2058/2082/2058 2062/1980/2062 2048/2052/2048
f 2228/3090/2228 2234/3132/2234 2226/3101/2226
f 2003/462/2003 2293/440/2293 2004/601/2004
f 2004/601/2004 2329/1008/2329 2002/861/2002
f 2309/1139/2309 2320/1299/2320 2149/1145/2149
f 2027/3148/2027 2033/3159/2033 2234/3132/2234
f 2011/356/2011 2248/335/2248 2293/440/2293
f 2011/356/2011 2293/440/2293 2007/410/2007
f 2007/410/2007 2293/440/2293 2003/462/2003
f 2263/2205/2263 2231/2241/2231 2262/2200/2262
f 2260/2287/2260 2259/2340/2259 2232/2306/2232
f 2010/250/2010 2253/236/2253 2248/335/2248
f 2010/250/2010 2248/335/2248 2009/306/2009
f 2009/306/2009 2248/335/2248 2011/356/2011
f 2260/2287/2260 2232/2306/2232 2257/2275/2257
f 2319/404/2319 2325/407/2325 2029/366/2029
f 2333/1109/2333 2309/1139/2309 2149/1145/2149
f 2005/157/2005 2356/159/2356 2019/191/2019
f 2019/191/2019 2356/159/2356 2253/236/2253
f 2157/1018/2157 2147/1092/2147 2150/1075/2150
f 2019/191/2019 2253/236/2253 2010/250/2010
f 2227/2354/2227 2289/2380/2289 2259/2340/2259
f 2312/1047/2312 2310/1081/2310 2147/1092/2147
f 2204/2709/2204 2199/2634/2199 2178/2653/2178
f 2012/101/2012 2279/79/2279 2015/127/2015
f 2015/127/2015 2279/79/2279 2356/159/2356
f 2015/127/2015 2356/159/2356 2005/157/2005
f 2015/2613/2015 2196/2499/2196 2199/2634/2199
f 2208/2802/2208 2204/2709/2204 2207/2726/2207
f 2006/85/2006 2295/47/2295 2008/88/2008
f 2008/88/2008 2295/47/2295 2279/79/2279
f 2008/88/2008 2279/79/2279 2012/101/2012
f 2258/2/2258 2279/79/2279 2295/47/2295
f 2301/90/2301 2306/72/2306 2290/111/2290
f 2014/129/2014 2290/111/2290 2306/72/2306
f 2342/1868/2342 2192/1839/2192 2154/1838/2154
f 2339/1869/2339 2343/1861/2343 2192/1839/2192
f 2186/2947/2186 2208/2802/2208 2184/2821/2184
f 2014/129/2014 2306/72/2306 2018/100/2018
f 2018/100/2018 2306/72/2306 2295/47/2295
f 2018/100/2018 2295/47/2295 2006/85/2006
f 2285/36/2285 2295/47/2295 2306/72/2306
f 2143/144/2143 2135/199/2135 2123/194/2123
f 2273/198/2273 2296/154/2296 2292/192/2292
f 2351/1005/2351 2043/695/2043 2345/1059/2345
f 2020/186/2020 2292/192/2292 2296/154/2296
f 2214/3028/2214 2186/2947/2186 2185/2958/2185
f 2020/186/2020 2296/154/2296 2013/156/2013
f 2304/1032/2304 2317/984/2317 2351/1005/2351
f 2013/156/2013 2296/154/2296 2290/111/2290
f 2013/156/2013 2290/111/2290 2014/129/2014
f 2307/339/2307 2313/264/2313 2316/302/2316
f 2239/1929/2239 2236/1992/2236 2238/1963/2238
f 2329/1008/2329 2337/1083/2337 2000/1028/2000
f 2017/268/2017 2316/302/2316 2313/264/2313
f 2017/268/2017 2313/264/2313 2016/221/2016
f 2054/1935/2054 2056/1967/2056 2267/1981/2267
f 2321/737/2321 2298/510/2298 2346/502/2346
f 2016/221/2016 2313/264/2313 2292/192/2292
f 2160/1782/2160 2162/1792/2162 2163/1773/2163
f 2016/221/2016 2292/192/2292 2020/186/2020
f 2286/1920/2286 2288/1941/2288 2294/1958/2294
f 2129/56/2129 2142/95/2142 2119/104/2119
f 2193/3122/2193 2220/3097/2220 2219/3109/2219
f 2021/310/2021 2315/347/2315 2025/294/2025
f 2228/3090/2228 2226/3101/2226 2221/3084/2221
f 2025/294/2025 2315/347/2315 2316/302/2316
f 2025/294/2025 2316/302/2316 2017/268/2017
f 2281/369/2281 2316/302/2316 2315/347/2315
f 2276/39/2276 2108/44/2108 2098/59/2098
f 2024/327/2024 2348/361/2348 2023/321/2023
f 2320/1898/2320 2309/1875/2309 2336/1926/2336
f 2023/321/2023 2348/361/2348 2315/347/2315
f 2203/3146/2203 2216/3131/2216 2201/3123/2201
f 2023/321/2023 2315/347/2315 2021/310/2021
f 2282/398/2282 2315/347/2315 2348/361/2348
f 2009/2317/2009 2179/2274/2179 2194/2343/2194
f 2009/2317/2009 2011/2283/2011 2179/2274/2179
f 2022/326/2022 2029/366/2029 2035/329/2035
f 2256/1308/2256 2254/1143/2254 2088/1160/2088
f 2035/329/2035 2029/366/2029 2348/361/2348
f 2034/3167/2034 2026/3171/2026 2203/3146/2203
f 2026/3171/2026 2022/3170/2022 2211/3144/2211
f 2035/329/2035 2348/361/2348 2024/327/2024
f 2309/1875/2309 2333/1841/2333 2053/1851/2053
f 2247/226/2247 2254/304/2254 2248/335/2248
f 2034/324/2034 2353/359/2353 2352/368/2352
f 2333/1841/2333 2310/1804/2310 2053/1851/2053
f 2034/324/2034 2352/368/2352 2026/323/2026
f 2026/323/2026 2029/366/2029 2022/326/2022
f 2310/1081/2310 2333/1109/2333 2147/1092/2147
f 2026/323/2026 2352/368/2352 2029/366/2029
f 2319/14/2319 2106/20/2106 2108/44/2108
f 2299/1/2299 2283/13/2283 2131/37/2131
f 2027/340/2027 2354/383/2354 2353/359/2353
f 2027/340/2027 2353/359/2353 2033/330/2033
f 2033/330/2033 2353/359/2353 2034/324/2034
f 2261/2102/2261 2263/2205/2263 2262/2200/2262
f 2322/1918/2322 2336/1926/2336 2062/1980/2062
f 2032/377/2032 2039/427/2039 2354/383/2354
f 2032/377/2032 2354/383/2354 2030/353/2030
f 2030/353/2030 2354/383/2354 2027/340/2027
f 2283/13/2283 2300/24/2300 2129/56/2129
f 2276/406/2276 2282/398/2282 2348/361/2348
f 2037/3042/2037 2028/3070/2028 2241/3038/2241
f 2142/95/2142 2115/123/2115 2119/104/2119
f 2037/447/2037 2346/502/2346 2039/427/2039
f 2307/143/2307 2281/117/2281 2102/146/2102
f 2344/1728/2344 2323/1761/2323 2151/1718/2151
f 2037/447/2037 2039/427/2039 2028/405/2028
f 2193/3122/2193 2202/3085/2202 2191/3077/2191
f 2028/405/2028 2039/427/2039 2032/377/2032
f 2182/2193/2182 2188/2088/2188 2174/2142/2174
f 2028/3070/2028 2032/3103/2032 2228/3090/2228
f 2064/2023/2064 2058/2096/2058 2261/2102/2261
f 2038/778/2038 2043/695/2043 2052/501/2052
f 2052/501/2052 2043/695/2043 2346/502/2346
f 2271/176/2271 2307/143/2307 2102/146/2102
f 2173/1821/2173 2082/1774/2082 2175/1794/2175
f 2052/501/2052 2346/502/2346 2037/447/2037
f 2349/1852/2349 2154/1838/2154 2176/1819/2176
f 2272/150/2272 2301/90/2301 2290/111/2290
f 2050/1064/2050 2345/1059/2345 2041/1014/2041
f 2343/1861/2343 2335/1854/2335 2173/1821/2173
f 2041/1014/2041 2345/1059/2345 2043/695/2043
f 2072/1923/2072 2074/1899/2074 2286/1920/2286
f 2041/1014/2041 2043/695/2043 2038/778/2038
f 2031/1135/2031 2036/1115/2036 2040/1098/2040
f 2040/1098/2040 2036/1115/2036 2345/1059/2345
f 2040/1098/2040 2345/1059/2345 2050/1064/2050
f 2349/1852/2349 2338/1860/2338 2154/1838/2154
f 2066/1878/2066 2075/1871/2075 2269/1900/2269
f 2075/1871/2075 2061/1872/2061 2291/1903/2291
f 2045/1492/2045 2355/1322/2355 2057/1303/2057
f 2057/1303/2057 2355/1322/2355 2036/1115/2036
f 2057/1303/2057 2036/1115/2036 2031/1135/2031
f 2245/2532/2245 2224/2578/2224 2223/2480/2223
f 2051/1764/2051 2044/1736/2044 2042/1703/2042
f 2042/1703/2042 2044/1736/2044 2355/1322/2355
f 2042/1703/2042 2355/1322/2355 2045/1492/2045
f 2280/994/2280 2274/705/2274 2099/568/2099
f 2055/1857/2055 2053/1851/2053 2347/1767/2347
f 2055/1857/2055 2347/1767/2347 2059/1809/2059
f 2059/1809/2059 2347/1767/2347 2044/1736/2044
f 2059/1809/2059 2044/1736/2044 2051/1764/2051
f 2049/1950/2049 2336/1926/2336 2053/1851/2053
f 2033/3159/2033 2034/3167/2034 2203/3146/2203
f 2049/1950/2049 2053/1851/2053 2046/1902/2046
f 2046/1902/2046 2053/1851/2053 2055/1857/2055
f 2300/24/2300 2330/38/2330 2129/56/2129
f 2048/2052/2048 2062/1980/2062 2336/1926/2336
f 2081/1723/2081 2076/1461/2076 2079/1493/2079
f 2211/3144/2211 2193/3122/2193 2219/3109/2219
f 2048/2052/2048 2336/1926/2336 2047/2000/2047
f 2047/2000/2047 2336/1926/2336 2049/1950/2049
f 2035/3166/2035 2024/3157/2024 2193/3122/2193
f 2281/117/2281 2275/87/2275 2111/97/2111
f 2064/2086/2064 2060/1983/2060 2062/1980/2062
f 2064/2086/2064 2062/1980/2062 2058/2082/2058
f 2069/1784/2069 2080/1722/2080 2097/1750/2097
f 2111/97/2111 2126/107/2126 2116/126/2116
f 2261/2102/2261 2265/2150/2265 2264/2101/2264
f 2052/3008/2052 2241/3038/2241 2237/2964/2237
f 2054/2002/2054 2073/1925/2073 2060/1983/2060
f 2351/1005/2351 2346/502/2346 2043/695/2043
f 2054/2002/2054 2060/1983/2060 2056/2061/2056
f 2056/2061/2056 2060/1983/2060 2064/2086/2064
f 2102/146/2102 2116/126/2116 2124/148/2124
f 2151/1718/2151 2156/1748/2156 2155/1717/2155
f 2331/1840/2331 2318/1877/2318 2073/1925/2073
f 2067/1891/2067 2065/1843/2065 2073/1925/2073
f 2013/2941/2013 2208/2802/2208 2186/2947/2186
f 2067/1891/2067 2073/1925/2073 2077/1949/2077
f 2291/1903/2291 2270/1932/2270 2252/1922/2252
f 2077/1949/2077 2073/1925/2073 2054/2002/2054
f 2132/309/2132 2148/348/2148 2139/298/2139
f 2061/1786/2061 2068/1739/2068 2065/1843/2065
f 2061/1786/2061 2065/1843/2065 2063/1837/2063
f 2063/1837/2063 2065/1843/2065 2067/1891/2067
f 2120/312/2120 2101/301/2101 2093/350/2093
f 2066/1514/2066 2071/1385/2071 2068/1739/2068
f 2066/1514/2066 2068/1739/2068 2075/1721/2075
f 2075/1721/2075 2068/1739/2068 2061/1786/2061
f 2135/199/2135 2139/298/2139 2133/254/2133
f 2074/1136/2074 2358/1123/2358 2071/1385/2071
f 2074/1136/2074 2071/1385/2071 2086/1310/2086
f 2086/1310/2086 2071/1385/2071 2066/1514/2066
f 2014/2865/2014 2018/2787/2018 2208/2802/2208
f 2301/90/2301 2285/36/2285 2306/72/2306
f 2327/1790/2327 2318/1815/2318 2160/1782/2160
f 2214/3028/2214 2185/2958/2185 2180/3000/2180
f 2001/1073/2001 2337/1083/2337 2072/1102/2072
f 2237/2964/2237 2235/2972/2235 2205/2917/2205
f 2072/1102/2072 2337/1083/2337 2358/1123/2358
f 2317/174/2317 2304/201/2304 2135/199/2135
f 2072/1102/2072 2358/1123/2358 2074/1136/2074
f 2135/199/2135 2133/254/2133 2123/194/2123
f 2272/150/2272 2290/111/2290 2296/154/2296
f 2250/1817/2250 2249/1793/2249 2069/1784/2069
f 2249/1793/2249 2277/1765/2277 2081/1723/2081
f 2249/1793/2249 2081/1723/2081 2069/1784/2069
f 2069/1784/2069 2081/1723/2081 2080/1722/2080
f 2277/1765/2277 2350/1730/2350 2081/1723/2081
f 2350/1730/2350 2278/1657/2278 2076/1461/2076
f 2350/1730/2350 2076/1461/2076 2081/1723/2081
f 2081/1723/2081 2079/1493/2079 2070/1660/2070
f 2081/1723/2081 2070/1660/2070 2080/1722/2080
f 2278/1657/2278 2255/1451/2255 2076/1461/2076
f 2030/3126/2030 2027/3148/2027 2234/3132/2234
f 2255/1451/2255 2256/1308/2256 2088/1160/2088
f 2255/1451/2255 2088/1160/2088 2076/1461/2076
f 2076/1461/2076 2088/1160/2088 2090/1231/2090
f 2325/407/2325 2276/406/2276 2348/361/2348
f 2076/1461/2076 2090/1231/2090 2078/1350/2078
f 2076/1461/2076 2078/1350/2078 2079/1493/2079
f 2234/3132/2234 2203/3146/2203 2201/3123/2201
f 2147/1092/2147 2149/1145/2149 2136/1127/2136
f 2254/1143/2254 2247/1113/2247 2104/1093/2104
f 2254/1143/2254 2104/1093/2104 2088/1160/2088
f 2088/1160/2088 2104/1093/2104 2092/1103/2092
f 2088/1160/2088 2092/1103/2092 2091/1129/2091
f 2088/1160/2088 2091/1129/2091 2090/1231/2090
f 2247/1113/2247 2308/1084/2308 2104/1093/2104
f 2312/1047/2312 2147/1092/2147 2157/1018/2157
f 2308/1084/2308 2311/1049/2311 2089/1019/2089
f 2308/1084/2308 2089/1019/2089 2104/1093/2104
f 2104/1093/2104 2089/1019/2089 2085/1042/2085
f 2104/1093/2104 2085/1042/2085 2084/1076/2084
f 2104/1093/2104 2084/1076/2084 2092/1103/2092
f 2311/1049/2311 2280/994/2280 2089/1019/2089
f 2280/73/2280 2356/159/2356 2279/79/2279
f 2280/994/2280 2099/568/2099 2089/1019/2089
f 2128/534/2128 2145/701/2145 2134/489/2134
f 2089/1019/2089 2099/568/2099 2083/715/2083
f 2089/1019/2089 2083/715/2083 2087/991/2087
f 2089/1019/2089 2087/991/2087 2085/1042/2085
f 2274/705/2274 2258/484/2258 2099/568/2099
f 2258/484/2258 2287/428/2287 2109/409/2109
f 2258/484/2258 2109/409/2109 2099/568/2099
f 2099/568/2099 2109/409/2109 2095/439/2095
f 2099/568/2099 2095/439/2095 2094/493/2094
f 2099/568/2099 2094/493/2094 2083/715/2083
f 2287/428/2287 2285/376/2285 2109/409/2109
f 2285/376/2285 2301/328/2301 2120/312/2120
f 2285/376/2285 2120/312/2120 2109/409/2109
f 2338/1755/2338 2349/1800/2349 2065/1843/2065
f 2343/1319/2343 2339/1497/2339 2071/1385/2071
f 2109/409/2109 2120/312/2120 2093/350/2093
f 2109/409/2109 2093/350/2093 2096/391/2096
f 2109/409/2109 2096/391/2096 2095/439/2095
f 2301/328/2301 2272/276/2272 2120/312/2120
f 2272/276/2272 2273/202/2273 2107/200/2107
f 2272/276/2272 2107/200/2107 2120/312/2120
f 2120/312/2120 2107/200/2107 2100/259/2100
f 2120/312/2120 2100/259/2100 2101/301/2101
f 2273/202/2273 2271/176/2271 2107/200/2107
f 2291/1903/2291 2230/1945/2230 2270/1932/2270
f 2107/200/2107 2102/146/2102 2105/173/2105
f 2107/200/2107 2105/173/2105 2103/196/2103
f 2107/200/2107 2103/196/2103 2100/259/2100
f 2281/117/2281 2111/97/2111 2102/146/2102
f 2102/146/2102 2111/97/2111 2116/126/2116
f 2102/146/2102 2124/148/2124 2105/173/2105
f 2249/1048/2249 2337/1083/2337 2329/1008/2329
f 2275/87/2275 2282/63/2282 2111/97/2111
f 2003/2196/2003 2004/2143/2004 2182/2193/2182
f 2282/63/2282 2276/39/2276 2098/59/2098
f 2282/63/2282 2098/59/2098 2111/97/2111
f 2111/97/2111 2098/59/2098 2125/83/2125
f 2023/3141/2023 2202/3085/2202 2193/3122/2193
f 2111/97/2111 2125/83/2125 2126/107/2126
f 2303/473/2303 2324/449/2324 2039/427/2039
f 2276/39/2276 2325/26/2325 2108/44/2108
f 2256/364/2256 2293/440/2293 2248/335/2248
f 2325/26/2325 2319/14/2319 2108/44/2108
f 2179/2274/2179 2190/2266/2190 2170/2299/2170
f 2011/2283/2011 2007/2243/2007 2179/2274/2179
f 2048/2158/2048 2047/2210/2047 2263/2205/2263
f 2108/44/2108 2110/64/2110 2112/71/2112
f 2098/59/2098 2108/44/2108 2112/71/2112
f 2098/59/2098 2112/71/2112 2125/83/2125
f 2106/20/2106 2299/1/2299 2131/37/2131
f 2106/20/2106 2131/37/2131 2117/54/2117
f 2106/20/2106 2117/54/2117 2121/55/2121
f 2108/44/2108 2121/55/2121 2110/64/2110
f 2108/44/2108 2106/20/2106 2121/55/2121
f 2283/13/2283 2129/56/2129 2131/37/2131
f 2131/37/2131 2129/56/2129 2113/69/2113
f 2131/37/2131 2113/69/2113 2118/62/2118
f 2131/37/2131 2118/62/2118 2117/54/2117
f 2024/3157/2024 2023/3141/2023 2193/3122/2193
f 2330/38/2330 2324/60/2324 2142/95/2142
f 2330/38/2330 2142/95/2142 2129/56/2129
f 2129/56/2129 2119/104/2119 2114/80/2114
f 2334/1645/2334 2344/1728/2344 2151/1718/2151
f 2129/56/2129 2114/80/2114 2113/69/2113
f 2324/60/2324 2303/81/2303 2142/95/2142
f 2350/681/2350 2277/993/2277 2329/1008/2329
f 2303/81/2303 2298/115/2298 2143/144/2143
f 2142/95/2142 2143/144/2143 2127/145/2127
f 2142/95/2142 2127/145/2127 2115/123/2115
f 2056/1967/2056 2261/2102/2261 2267/1981/2267
f 2298/115/2298 2321/142/2321 2143/144/2143
f 2321/142/2321 2317/174/2317 2135/199/2135
f 2072/1923/2072 2286/1920/2286 2314/1973/2314
f 2321/142/2321 2135/199/2135 2143/144/2143
f 2143/144/2143 2123/194/2123 2122/170/2122
f 2250/1082/2250 2358/1123/2358 2337/1083/2337
f 2143/144/2143 2122/170/2122 2127/145/2127
f 2304/201/2304 2305/274/2305 2132/309/2132
f 2304/201/2304 2132/309/2132 2135/199/2135
f 2305/1074/2305 2351/1005/2351 2345/1059/2345
f 2135/199/2135 2132/309/2132 2139/298/2139
f 2305/274/2305 2297/322/2297 2132/309/2132
f 2297/1096/2297 2345/1059/2345 2036/1115/2036
f 2297/322/2297 2302/372/2302 2138/403/2138
f 2297/322/2297 2138/403/2138 2132/309/2132
f 2132/309/2132 2138/403/2138 2140/388/2140
f 2132/309/2132 2140/388/2140 2148/348/2148
f 2302/372/2302 2341/424/2341 2138/403/2138
f 2341/1241/2341 2036/1115/2036 2355/1322/2355
f 2341/424/2341 2340/481/2340 2128/534/2128
f 2341/424/2341 2128/534/2128 2138/403/2138
f 2340/1378/2340 2355/1322/2355 2357/1515/2357
f 2138/403/2138 2128/534/2128 2134/489/2134
f 2138/403/2138 2134/489/2134 2130/436/2130
f 2138/403/2138 2130/436/2130 2140/388/2140
f 2340/481/2340 2332/685/2332 2128/534/2128
f 2357/1515/2357 2355/1322/2355 2044/1736/2044
f 2332/685/2332 2326/989/2326 2157/1018/2157
f 2332/685/2332 2157/1018/2157 2128/534/2128
f 2128/534/2128 2157/1018/2157 2141/985/2141
f 2128/534/2128 2141/985/2141 2145/701/2145
f 2326/989/2326 2312/1047/2312 2157/1018/2157
f 2157/1018/2157 2150/1075/2150 2137/1039/2137
f 2157/1018/2157 2137/1039/2137 2141/985/2141
f 2333/1109/2333 2149/1145/2149 2147/1092/2147
f 2147/1092/2147 2136/1127/2136 2144/1100/2144
f 2147/1092/2147 2144/1100/2144 2150/1075/2150
f 2320/1299/2320 2322/1438/2322 2168/1456/2168
f 2320/1299/2320 2168/1456/2168 2149/1145/2149
f 2149/1145/2149 2168/1456/2168 2153/1344/2153
f 2149/1145/2149 2153/1344/2153 2152/1220/2152
f 2203/3146/2203 2211/3144/2211 2222/3129/2222
f 2149/1145/2149 2152/1220/2152 2136/1127/2136
f 2322/1438/2322 2334/1645/2334 2168/1456/2168
f 2334/1645/2334 2151/1718/2151 2168/1456/2168
f 2168/1456/2168 2151/1718/2151 2146/1658/2146
f 2168/1456/2168 2146/1658/2146 2161/1482/2161
f 2168/1456/2168 2161/1482/2161 2153/1344/2153
f 2323/1761/2323 2327/1790/2327 2160/1782/2160
f 2323/1761/2323 2160/1782/2160 2151/1718/2151
f 2151/1718/2151 2160/1782/2160 2156/1748/2156
f 2151/1718/2151 2155/1717/2155 2146/1658/2146
f 2004/2143/2004 2002/2078/2002 2188/2088/2188
f 2193/3122/2193 2191/3077/2191 2220/3097/2220
f 2318/1815/2318 2331/1833/2331 2176/1819/2176
f 2318/1815/2318 2176/1819/2176 2160/1782/2160
f 2192/1839/2192 2173/1821/2173 2165/1807/2165
f 2160/1782/2160 2176/1819/2176 2162/1792/2162
f 2160/1782/2160 2163/1773/2163 2156/1748/2156
f 2331/1833/2331 2349/1852/2349 2176/1819/2176
f 2050/2806/2050 2041/2888/2041 2225/2823/2225
f 2176/1819/2176 2154/1838/2154 2159/1813/2159
f 2176/1819/2176 2159/1813/2159 2158/1806/2158
f 2176/1819/2176 2158/1806/2158 2162/1792/2162
f 2338/1860/2338 2342/1868/2342 2154/1838/2154
f 2342/1868/2342 2339/1869/2339 2192/1839/2192
f 2154/1838/2154 2192/1839/2192 2171/1823/2171
f 2154/1838/2154 2171/1823/2171 2169/1822/2169
f 2154/1838/2154 2169/1822/2169 2159/1813/2159
f 2041/2888/2041 2038/2961/2038 2237/2964/2237
f 2343/1861/2343 2173/1821/2173 2192/1839/2192
f 2225/2823/2225 2205/2917/2205 2217/2848/2217
f 2192/1839/2192 2165/1807/2165 2166/1816/2166
f 2225/2823/2225 2237/2964/2237 2205/2917/2205
f 2192/1839/2192 2166/1816/2166 2171/1823/2171
f 2335/1854/2335 2328/1836/2328 2173/1821/2173
f 2328/1836/2328 2250/1817/2250 2069/1784/2069
f 2328/1836/2328 2069/1784/2069 2173/1821/2173
f 2077/1907/2077 2054/1935/2054 2267/1981/2267
f 2173/1821/2173 2069/1784/2069 2082/1774/2082
f 2052/3008/2052 2037/3042/2037 2241/3038/2241
f 2173/1821/2173 2175/1794/2175 2165/1807/2165
f 2002/2078/2002 2000/2004/2000 2188/2088/2188
f 2028/3070/2028 2228/3090/2228 2241/3038/2241
f 2000/2004/2000 2314/1973/2314 2188/2088/2188
f 2188/2088/2188 2314/1973/2314 2189/2030/2189
f 2188/2088/2188 2189/2030/2189 2187/2089/2187
f 2298/510/2298 2303/473/2303 2039/427/2039
f 2188/2088/2188 2187/2089/2187 2174/2142/2174
f 2004/2143/2004 2188/2088/2188 2182/2193/2182
f 2182/2193/2182 2174/2142/2174 2167/2186/2167
f 2058/2096/2058 2048/2158/2048 2263/2205/2263
f 2182/2193/2182 2167/2186/2167 2181/2229/2181
f 2007/2243/2007 2003/2196/2003 2182/2193/2182
f 2007/2243/2007 2182/2193/2182 2179/2274/2179
f 2179/2274/2179 2182/2193/2182 2181/2229/2181
f 2179/2274/2179 2181/2229/2181 2190/2266/2190
f 2010/2356/2010 2009/2317/2009 2194/2343/2194
f 2194/2343/2194 2179/2274/2179 2170/2299/2170
f 2283/412/2283 2299/401/2299 2352/368/2352
f 2194/2343/2194 2170/2299/2170 2164/2329/2164
f 2194/2343/2194 2164/2329/2164 2172/2367/2172
f 2005/2548/2005 2019/2430/2019 2196/2499/2196
f 2227/2354/2227 2245/2532/2245 2223/2480/2223
f 2019/2430/2019 2010/2356/2010 2194/2343/2194
f 2019/2430/2019 2194/2343/2194 2196/2499/2196
f 2196/2499/2196 2194/2343/2194 2172/2367/2172
f 2196/2499/2196 2172/2367/2172 2197/2441/2197
f 2196/2499/2196 2197/2441/2197 2198/2556/2198
f 2012/2659/2012 2015/2613/2015 2199/2634/2199
f 2015/2613/2015 2005/2548/2005 2196/2499/2196
f 2199/2634/2199 2196/2499/2196 2198/2556/2198
f 2199/2634/2199 2198/2556/2198 2177/2609/2177
f 2199/2634/2199 2177/2609/2177 2178/2653/2178
f 2006/2738/2006 2008/2697/2008 2204/2709/2204
f 2008/2697/2008 2012/2659/2012 2199/2634/2199
f 2008/2697/2008 2199/2634/2199 2204/2709/2204
f 2204/2709/2204 2178/2653/2178 2206/2689/2206
f 2204/2709/2204 2206/2689/2206 2207/2726/2207
f 2018/2787/2018 2006/2738/2006 2204/2709/2204
f 2018/2787/2018 2204/2709/2204 2208/2802/2208
f 2208/2802/2208 2207/2726/2207 2183/2764/2183
f 2208/2802/2208 2183/2764/2183 2184/2821/2184
f 2020/2994/2020 2013/2941/2013 2186/2947/2186
f 2013/2941/2013 2014/2865/2014 2208/2802/2208
f 2186/2947/2186 2184/2821/2184 2213/2893/2213
f 2186/2947/2186 2213/2893/2213 2185/2958/2185
f 2017/3067/2017 2016/3031/2016 2214/3028/2214
f 2016/3031/2016 2020/2994/2020 2186/2947/2186
f 2016/3031/2016 2186/2947/2186 2214/3028/2214
f 2249/1048/2249 2250/1082/2250 2337/1083/2337
f 2271/285/2271 2292/192/2292 2313/264/2313
f 2214/3028/2214 2180/3000/2180 2215/3029/2215
f 2021/3117/2021 2025/3096/2025 2202/3085/2202
f 2025/3096/2025 2017/3067/2017 2214/3028/2214
f 2202/3085/2202 2214/3028/2214 2215/3029/2215
f 2202/3085/2202 2215/3029/2215 2195/3055/2195
f 2202/3085/2202 2195/3055/2195 2191/3077/2191
f 2234/3132/2234 2201/3123/2201 2229/3112/2229
f 2023/3141/2023 2021/3117/2021 2202/3085/2202
f 2022/3170/2022 2035/3166/2035 2211/3144/2211
f 2035/3166/2035 2193/3122/2193 2211/3144/2211
f 2256/364/2256 2255/421/2255 2293/440/2293
f 2211/3144/2211 2219/3109/2219 2200/3119/2200
f 2211/3144/2211 2200/3119/2200 2222/3129/2222
f 2026/3171/2026 2211/3144/2211 2203/3146/2203
f 2203/3146/2203 2222/3129/2222 2216/3131/2216
f 2033/3159/2033 2203/3146/2203 2234/3132/2234
f 2234/3132/2234 2229/3112/2229 2226/3101/2226
f 2032/3103/2032 2030/3126/2030 2228/3090/2228
f 2278/483/2278 2350/681/2350 2293/440/2293
f 2030/3126/2030 2234/3132/2234 2228/3090/2228
f 2228/3090/2228 2221/3084/2221 2209/3064/2209
f 2241/3038/2241 2228/3090/2228 2209/3064/2209
f 2344/1939/2344 2062/1980/2062 2060/1983/2060
f 2241/3038/2241 2209/3064/2209 2210/3036/2210
f 2241/3038/2241 2210/3036/2210 2233/3009/2233
f 2038/2961/2038 2052/3008/2052 2237/2964/2237
f 2237/2964/2237 2241/3038/2241 2233/3009/2233
f 2237/2964/2237 2233/3009/2233 2235/2972/2235
f 2041/2888/2041 2237/2964/2237 2225/2823/2225
f 2225/2823/2225 2217/2848/2217 2218/2777/2218
f 2031/2708/2031 2040/2751/2040 2240/2722/2240
f 2040/2751/2040 2050/2806/2050 2225/2823/2225
f 2040/2751/2040 2225/2823/2225 2240/2722/2240
f 2240/2722/2240 2225/2823/2225 2218/2777/2218
f 2240/2722/2240 2218/2777/2218 2242/2736/2242
f 2338/1755/2338 2065/1843/2065 2068/1739/2068
f 2240/2722/2240 2242/2736/2242 2212/2700/2212
f 2045/2628/2045 2057/2673/2057 2246/2647/2246
f 2057/2673/2057 2031/2708/2031 2240/2722/2240
f 2057/2673/2057 2240/2722/2240 2246/2647/2246
f 2246/2647/2246 2240/2722/2240 2212/2700/2212
f 2246/2647/2246 2212/2700/2212 2244/2665/2244
f 2246/2647/2246 2244/2665/2244 2243/2624/2243
f 2051/2467/2051 2042/2572/2042 2245/2532/2245
f 2042/2572/2042 2045/2628/2045 2246/2647/2246
f 2042/2572/2042 2246/2647/2246 2245/2532/2245
f 2245/2532/2245 2243/2624/2243 2224/2578/2224
f 2245/2532/2245 2246/2647/2246 2243/2624/2243
f 2055/2326/2055 2059/2370/2059 2227/2354/2227
f 2059/2370/2059 2051/2467/2051 2245/2532/2245
f 2059/2370/2059 2245/2532/2245 2227/2354/2227
f 2227/2354/2227 2223/2480/2223 2289/2380/2289
f 2049/2258/2049 2046/2294/2046 2260/2287/2260
f 2046/2294/2046 2055/2326/2055 2227/2354/2227
f 2046/2294/2046 2227/2354/2227 2260/2287/2260
f 2260/2287/2260 2227/2354/2227 2259/2340/2259
f 2047/2210/2047 2049/2258/2049 2260/2287/2260
f 2047/2210/2047 2260/2287/2260 2263/2205/2263
f 2263/2205/2263 2260/2287/2260 2257/2275/2257
f 2263/2205/2263 2257/2275/2257 2231/2241/2231
f 2058/2096/2058 2263/2205/2263 2261/2102/2261
f 2261/2102/2261 2262/2200/2262 2265/2150/2265
f 2056/1967/2056 2064/2023/2064 2261/2102/2261
f 2267/1981/2267 2261/2102/2261 2264/2101/2264
f 2267/1981/2267 2264/2101/2264 2268/2048/2268
f 2344/1939/2344 2334/1938/2334 2062/1980/2062
f 2267/1981/2267 2268/2048/2268 2236/1992/2236
f 2067/1888/2067 2077/1907/2077 2239/1929/2239
f 2077/1907/2077 2267/1981/2267 2239/1929/2239
f 2239/1929/2239 2267/1981/2267 2236/1992/2236
f 2239/1929/2239 2238/1963/2238 2230/1945/2230
f 2061/1872/2061 2063/1879/2063 2291/1903/2291
f 2063/1879/2063 2067/1888/2067 2239/1929/2239
f 2063/1879/2063 2239/1929/2239 2291/1903/2291
f 2291/1903/2291 2239/1929/2239 2230/1945/2230
f 2318/1877/2318 2327/1904/2327 2073/1925/2073
f 2075/1871/2075 2291/1903/2291 2269/1900/2269
f 2269/1900/2269 2291/1903/2291 2252/1922/2252
f 2269/1900/2269 2252/1922/2252 2251/1921/2251
f 2269/1900/2269 2251/1921/2251 2266/1928/2266
f 2074/1899/2074 2086/1884/2086 2286/1920/2286
f 2086/1884/2086 2066/1878/2066 2269/1900/2269
f 2086/1884/2086 2269/1900/2269 2286/1920/2286
f 2286/1920/2286 2269/1900/2269 2266/1928/2266
f 2286/1920/2286 2266/1928/2266 2288/1941/2288
f 2001/1956/2001 2072/1923/2072 2314/1973/2314
f 2314/1973/2314 2286/1920/2286 2294/1958/2294
f 2314/1973/2314 2294/1958/2294 2284/1982/2284
f 2314/1973/2314 2284/1982/2284 2189/2030/2189
f 2277/993/2277 2249/1048/2249 2329/1008/2329
f 2255/421/2255 2278/483/2278 2293/440/2293
f 2254/304/2254 2256/364/2256 2248/335/2248
f 2283/412/2283 2352/368/2352 2353/359/2353
f 2247/226/2247 2248/335/2248 2253/236/2253
f 2308/172/2308 2247/226/2247 2253/236/2253
f 2311/122/2311 2308/172/2308 2356/159/2356
f 2280/73/2280 2311/122/2311 2356/159/2356
f 2274/31/2274 2280/73/2280 2279/79/2279
f 2258/2/2258 2274/31/2274 2279/79/2279
f 2287/4/2287 2258/2/2258 2295/47/2295
f 2349/1800/2349 2331/1840/2331 2065/1843/2065
f 2285/36/2285 2287/4/2287 2295/47/2295
f 2273/198/2273 2272/150/2272 2296/154/2296
f 2271/285/2271 2273/198/2273 2292/192/2292
f 2307/339/2307 2271/285/2271 2313/264/2313
f 2275/390/2275 2281/369/2281 2315/347/2315
f 2282/398/2282 2275/390/2275 2315/347/2315
f 2325/407/2325 2348/361/2348 2029/366/2029
f 2106/400/2106 2319/404/2319 2029/366/2029
f 2299/401/2299 2106/400/2106 2352/368/2352
f 2106/400/2106 2029/366/2029 2352/368/2352
f 2300/416/2300 2283/412/2283 2353/359/2353
f 2300/416/2300 2353/359/2353 2354/383/2354
f 2330/432/2330 2300/416/2300 2354/383/2354
f 2324/449/2324 2330/432/2330 2354/383/2354
f 2324/449/2324 2354/383/2354 2039/427/2039
f 2298/510/2298 2039/427/2039 2346/502/2346
f 2317/984/2317 2321/737/2321 2346/502/2346
f 2317/984/2317 2346/502/2346 2351/1005/2351
f 2305/1074/2305 2304/1032/2304 2351/1005/2351
f 2297/1096/2297 2305/1074/2305 2345/1059/2345
f 2302/1125/2302 2297/1096/2297 2036/1115/2036
f 2341/1241/2341 2302/1125/2302 2036/1115/2036
f 2340/1378/2340 2341/1241/2341 2355/1322/2355
f 2332/1571/2332 2340/1378/2340 2357/1515/2357
f 2326/1716/2326 2332/1571/2332 2357/1515/2357
f 2326/1716/2326 2357/1515/2357 2347/1767/2347
f 2312/1766/2312 2326/1716/2326 2347/1767/2347
f 2310/1804/2310 2312/1766/2312 2347/1767/2347
f 2310/1804/2310 2347/1767/2347 2053/1851/2053
f 2309/1875/2309 2053/1851/2053 2336/1926/2336
f 2322/1918/2322 2320/1898/2320 2336/1926/2336
f 2334/1938/2334 2322/1918/2322 2062/1980/2062
f 2327/1904/2327 2323/1924/2323 2060/1983/2060
f 2327/1904/2327 2060/1983/2060 2073/1925/2073
f 2328/1111/2328 2335/1142/2335 2358/1123/2358
f 2331/1840/2331 2073/1925/2073 2065/1843/2065
f 2342/1696/2342 2338/1755/2338 2068/1739/2068
f 2339/1497/2339 2342/1696/2342 2068/1739/2068
f 2339/1497/2339 2068/1739/2068 2071/1385/2071
f 2335/1142/2335 2343/1319/2343 2071/1385/2071
f 2335/1142/2335 2071/1385/2071 2358/1123/2358
f 2250/1082/2250 2328/1111/2328 2358/1123/2358
f 2350/681/2350 2329/1008/2329 2004/601/2004
f 2293/440/2293 2350/681/2350 2004/601/2004
f 2308/172/2308 2253/236/2253 2356/159/2356
f 2347/1767/2347 2357/1515/2357 2044/1736/2044
